ISO-10303-21;
HEADER;
FILE_DESCRIPTION (( 'STEP AP203' ),
    '1' );
FILE_NAME ('Pièce5_Nacelle_Défaut_sldprt.STEP',
    '2023-12-03T16:39:22',
    ( 'LIA INFO' ),
    ( '' ),
    'SwSTEP 2.0',
    'SolidWorks 2022',
    '' );
FILE_SCHEMA (( 'CONFIG_CONTROL_DESIGN' ));
ENDSEC;

DATA;
#1 = FACE_BOUND ( 'NONE', #1528, .T. ) ;
#2 = ORIENTED_EDGE ( 'NONE', *, *, #1316, .F. ) ;
#3 = ADVANCED_FACE ( 'NONE', ( #1139, #1570 ), #2035, .F. ) ;
#4 = CARTESIAN_POINT ( 'NONE',  ( 15.16858428704210127, -19.72724133595216855, -5.000000000000000000 ) ) ;
#5 = DIRECTION ( 'NONE',  ( -0.000000000000000000, 0.000000000000000000, 1.000000000000000000 ) ) ;
#6 = CARTESIAN_POINT ( 'NONE',  ( 14.85640646055102998, -6.267949192431117034, -5.000000000000000000 ) ) ;
#7 = DIRECTION ( 'NONE',  ( 0.000000000000000000, 0.000000000000000000, 1.000000000000000000 ) ) ;
#8 = CYLINDRICAL_SURFACE ( 'NONE', #1572, 8.000000000000000000 ) ;
#9 = DIRECTION ( 'NONE',  ( 0.000000000000000000, 0.000000000000000000, 1.000000000000000000 ) ) ;
#10 = ORIENTED_EDGE ( 'NONE', *, *, #2300, .T. ) ;
#11 = EDGE_CURVE ( 'NONE', #1764, #173, #2669, .T. ) ;
#12 = DIRECTION ( 'NONE',  ( -0.000000000000000000, 0.000000000000000000, 1.000000000000000000 ) ) ;
#13 = AXIS2_PLACEMENT_3D ( 'NONE', #2008, #692, #1994 ) ;
#14 = ORIENTED_EDGE ( 'NONE', *, *, #400, .F. ) ;
#15 = AXIS2_PLACEMENT_3D ( 'NONE', #1087, #5, #883 ) ;
#16 = VERTEX_POINT ( 'NONE', #1344 ) ;
#17 = FACE_OUTER_BOUND ( 'NONE', #822, .T. ) ;
#18 = EDGE_LOOP ( 'NONE', ( #1945, #2184, #1974, #1946, #2704, #1039 ) ) ;
#19 = AXIS2_PLACEMENT_3D ( 'NONE', #545, #1441, #2888 ) ;
#20 = CARTESIAN_POINT ( 'NONE',  ( 13.43653347947338439, -18.72724133595204421, -3.000000000000000888 ) ) ;
#21 = FACE_OUTER_BOUND ( 'NONE', #584, .T. ) ;
#22 = DIRECTION ( 'NONE',  ( 0.000000000000000000, 0.000000000000000000, 1.000000000000000000 ) ) ;
#23 = EDGE_CURVE ( 'NONE', #2253, #2805, #2495, .T. ) ;
#24 = VECTOR ( 'NONE', #701, 1000.000000000000000 ) ;
#25 = CARTESIAN_POINT ( 'NONE',  ( -12.99038105676657118, -7.500000000000007105, -5.000000000000000000 ) ) ;
#26 = CIRCLE ( 'NONE', #2129, 1.250000000000625722 ) ;
#27 = LINE ( 'NONE', #2018, #76 ) ;
#28 = CARTESIAN_POINT ( 'NONE',  ( 9.500000000000001776, 23.00000000000000355, -3.000000000000000444 ) ) ;
#29 = AXIS2_PLACEMENT_3D ( 'NONE', #2507, #2533, #1443 ) ;
#30 = DIRECTION ( 'NONE',  ( -0.4999999999999920064, -0.8660254037844432595, 0.000000000000000000 ) ) ;
#31 = CARTESIAN_POINT ( 'NONE',  ( 3.947624485591290533, -6.958244262356222620, 0.6587002563313076875 ) ) ;
#32 = EDGE_LOOP ( 'NONE', ( #1350, #2010, #2659, #2644 ) ) ;
#33 = ORIENTED_EDGE ( 'NONE', *, *, #192, .T. ) ;
#34 = CARTESIAN_POINT ( 'NONE',  ( -6.000000000000000000, 16.00000000000000000, -3.314341462499788107E-17 ) ) ;
#35 = EDGE_LOOP ( 'NONE', ( #1747, #2275, #2874, #2336 ) ) ;
#36 = DIRECTION ( 'NONE',  ( -0.000000000000000000, 0.000000000000000000, 1.000000000000000000 ) ) ;
#37 = CARTESIAN_POINT ( 'NONE',  ( 5.000000000000006217, -13.85640646055103353, 1.732050807568882522 ) ) ;
#38 = CARTESIAN_POINT ( 'NONE',  ( 13.43653347947338439, -18.72724133595204421, 2.999999999999999112 ) ) ;
#39 = ORIENTED_EDGE ( 'NONE', *, *, #71, .T. ) ;
#40 = ADVANCED_FACE ( 'NONE', ( #432 ), #1158, .F. ) ;
#41 = PLANE ( 'NONE',  #1574 ) ;
#42 = DIRECTION ( 'NONE',  ( -0.000000000000000000, 0.000000000000000000, 1.000000000000000000 ) ) ;
#43 = AXIS2_PLACEMENT_3D ( 'NONE', #1029, #2836, #812 ) ;
#44 = VERTEX_POINT ( 'NONE', #303 ) ;
#45 = CARTESIAN_POINT ( 'NONE',  ( 0.5388317689100694530, -7.986097547225380566, 3.972388894467285159 ) ) ;
#46 = VERTEX_POINT ( 'NONE', #1631 ) ;
#47 = AXIS2_PLACEMENT_3D ( 'NONE', #652, #2505, #714 ) ;
#48 = VERTEX_POINT ( 'NONE', #1199 ) ;
#49 = CARTESIAN_POINT ( 'NONE',  ( -12.85640646055100689, -9.732050807568890960, -5.000000000000000000 ) ) ;
#50 = ORIENTED_EDGE ( 'NONE', *, *, #725, .T. ) ;
#51 = VECTOR ( 'NONE', #92, 1000.000000000000000 ) ;
#52 = VECTOR ( 'NONE', #2703, 1000.000000000000114 ) ;
#53 = VECTOR ( 'NONE', #704, 1000.000000000000000 ) ;
#54 = PLANE ( 'NONE',  #2318 ) ;
#55 = CARTESIAN_POINT ( 'NONE',  ( -15.18653347947314280, -15.69615242270670841, -3.314341462499788107E-17 ) ) ;
#56 = CYLINDRICAL_SURFACE ( 'NONE', #2243, 8.000000000000000000 ) ;
#57 = VERTEX_POINT ( 'NONE', #2747 ) ;
#58 = LINE ( 'NONE', #1197, #1100 ) ;
#59 = DIRECTION ( 'NONE',  ( 0.000000000000000000, 1.000000000000000000, 0.000000000000000000 ) ) ;
#60 = CARTESIAN_POINT ( 'NONE',  ( -9.500000000000001776, 7.794228634059948035, -5.000000000000000000 ) ) ;
#61 = DIRECTION ( 'NONE',  ( 1.000000000000000000, 0.000000000000000000, -0.000000000000000000 ) ) ;
#62 = VERTEX_POINT ( 'NONE', #2122 ) ;
#63 = EDGE_CURVE ( 'NONE', #2364, #1673, #2761, .T. ) ;
#64 = ORIENTED_EDGE ( 'NONE', *, *, #1203, .F. ) ;
#65 = DIRECTION ( 'NONE',  ( -0.5000000000000001110, -0.8660254037844385966, 0.000000000000000000 ) ) ;
#66 = ADVANCED_FACE ( 'NONE', ( #2524 ), #738, .F. ) ;
#67 = ORIENTED_EDGE ( 'NONE', *, *, #1251, .F. ) ;
#68 = DIRECTION ( 'NONE',  ( 1.000000000000000000, 0.000000000000000000, 0.000000000000000000 ) ) ;
#69 = CARTESIAN_POINT ( 'NONE',  ( 1.999999999999987121, -12.12435565298214613, 3.464101615137747725 ) ) ;
#70 = DIRECTION ( 'NONE',  ( -0.000000000000000000, 1.000000000000000000, -0.000000000000000000 ) ) ;
#71 = EDGE_CURVE ( 'NONE', #57, #580, #2082, .T. ) ;
#72 = ORIENTED_EDGE ( 'NONE', *, *, #642, .T. ) ;
#73 = CARTESIAN_POINT ( 'NONE',  ( -1.388389606015955513, -11.77124222737627690, 3.817215040743615617 ) ) ;
#74 = DIRECTION ( 'NONE',  ( 0.000000000000000000, 0.000000000000000000, 1.000000000000000000 ) ) ;
#75 = VECTOR ( 'NONE', #1859, 999.9999999999998863 ) ;
#76 = VECTOR ( 'NONE', #2267, 1000.000000000000114 ) ;
#77 = FACE_BOUND ( 'NONE', #782, .T. ) ;
#78 = VECTOR ( 'NONE', #508, 1000.000000000000000 ) ;
#79 = VERTEX_POINT ( 'NONE', #982 ) ;
#80 = ORIENTED_EDGE ( 'NONE', *, *, #2604, .T. ) ;
#81 = ADVANCED_FACE ( 'NONE', ( #511 ), #2317, .F. ) ;
#82 = CARTESIAN_POINT ( 'NONE',  ( 13.99038105676658716, -5.767949192431122363, 5.000000000000000000 ) ) ;
#83 = VERTEX_POINT ( 'NONE', #1876 ) ;
#84 = FACE_OUTER_BOUND ( 'NONE', #1658, .T. ) ;
#85 = DIRECTION ( 'NONE',  ( 0.000000000000000000, 0.000000000000000000, 1.000000000000000000 ) ) ;
#86 = ORIENTED_EDGE ( 'NONE', *, *, #1839, .F. ) ;
#87 = DIRECTION ( 'NONE',  ( 0.000000000000000000, 0.000000000000000000, 1.000000000000000000 ) ) ;
#88 = CARTESIAN_POINT ( 'NONE',  ( -6.000000000000000000, 16.00000000000000000, -3.314341462499788107E-17 ) ) ;
#89 = DIRECTION ( 'NONE',  ( 0.000000000000000000, 0.000000000000000000, -1.000000000000000000 ) ) ;
#90 = ORIENTED_EDGE ( 'NONE', *, *, #1316, .T. ) ;
#91 = ORIENTED_EDGE ( 'NONE', *, *, #2359, .F. ) ;
#92 = DIRECTION ( 'NONE',  ( 0.000000000000000000, -1.000000000000000000, 0.000000000000000000 ) ) ;
#93 = CC_DESIGN_APPROVAL ( #2410, ( #1351 ) ) ;
#94 = VERTEX_POINT ( 'NONE', #316 ) ;
#95 = EDGE_CURVE ( 'NONE', #1360, #594, #2804, .T. ) ;
#96 = CARTESIAN_POINT ( 'NONE',  ( 4.749999999999992895, 8.227241335952165002, 5.000000000000000000 ) ) ;
#97 = CARTESIAN_POINT ( 'NONE',  ( 3.000000000000000000, 23.00000000000000355, -5.000000000000000000 ) ) ;
#98 = EDGE_CURVE ( 'NONE', #2806, #2438, #1476, .T. ) ;
#99 = LINE ( 'NONE', #2547, #1526 ) ;
#100 = DIRECTION ( 'NONE',  ( -0.8660254037844383745, -0.5000000000000004441, 2.168404344971006156E-16 ) ) ;
#101 = VECTOR ( 'NONE', #2738, 1000.000000000000000 ) ;
#102 = CARTESIAN_POINT ( 'NONE',  ( 10.77627944162880347, -5.500000000000045297, -5.000000000000000000 ) ) ;
#103 = ORIENTED_EDGE ( 'NONE', *, *, #1272, .F. ) ;
#104 = ADVANCED_FACE ( 'NONE', ( #77, #2303 ), #968, .F. ) ;
#105 = VERTEX_POINT ( 'NONE', #288 ) ;
#106 = CARTESIAN_POINT ( 'NONE',  ( -10.35640646055095715, -14.06217782649112458, -3.314341462499788107E-17 ) ) ;
#107 = EDGE_LOOP ( 'NONE', ( #895, #819, #1558, #2323 ) ) ;
#108 = CIRCLE ( 'NONE', #1654, 0.9999999999999997780 ) ;
#109 = DIRECTION ( 'NONE',  ( 0.000000000000000000, 0.000000000000000000, 1.000000000000000000 ) ) ;
#110 = CARTESIAN_POINT ( 'NONE',  ( -19.91858428704206574, -11.50000000000002842, 5.000000000000000000 ) ) ;
#111 = AXIS2_PLACEMENT_3D ( 'NONE', #2904, #548, #2534 ) ;
#112 = DIRECTION ( 'NONE',  ( 0.8660254037844387076, -0.4999999999999998890, 0.000000000000000000 ) ) ;
#113 = FACE_OUTER_BOUND ( 'NONE', #2734, .T. ) ;
#114 = EDGE_CURVE ( 'NONE', #1662, #1607, #1656, .T. ) ;
#115 = DIRECTION ( 'NONE',  ( -0.8660254037844362651, -0.5000000000000039968, 0.000000000000000000 ) ) ;
#116 = DIRECTION ( 'NONE',  ( 0.8660254037844432595, -0.4999999999999918954, -0.000000000000000000 ) ) ;
#117 = CIRCLE ( 'NONE', #858, 0.9999999999999997780 ) ;
#118 = ORIENTED_EDGE ( 'NONE', *, *, #1111, .T. ) ;
#119 = ORIENTED_EDGE ( 'NONE', *, *, #2893, .F. ) ;
#120 = VECTOR ( 'NONE', #563, 999.9999999999998863 ) ;
#121 = DIRECTION ( 'NONE',  ( 0.8660254037844432595, -0.4999999999999919509, 0.000000000000000000 ) ) ;
#122 = VERTEX_POINT ( 'NONE', #2566 ) ;
#123 = VECTOR ( 'NONE', #2118, 1000.000000000000000 ) ;
#124 = DIRECTION ( 'NONE',  ( 0.5000000000000039968, -0.8660254037844363761, 0.000000000000000000 ) ) ;
#125 = DIRECTION ( 'NONE',  ( 0.000000000000000000, 0.000000000000000000, 1.000000000000000000 ) ) ;
#126 = CARTESIAN_POINT ( 'NONE',  ( 18.41858428704212258, -14.09807621135332489, -3.000000000000000444 ) ) ;
#127 = EDGE_CURVE ( 'NONE', #808, #2305, #1184, .T. ) ;
#128 = CARTESIAN_POINT ( 'NONE',  ( 3.000000000000000000, 21.00000000000000000, 2.999999999999999112 ) ) ;
#129 = EDGE_CURVE ( 'NONE', #1239, #1607, #753, .T. ) ;
#130 = CARTESIAN_POINT ( 'NONE',  ( 10.35640646055114900, -14.06217782649097536, -2.048756143925502115E-15 ) ) ;
#131 = ORIENTED_EDGE ( 'NONE', *, *, #685, .F. ) ;
#132 = EDGE_CURVE ( 'NONE', #792, #1025, #1758, .T. ) ;
#133 = ORIENTED_EDGE ( 'NONE', *, *, #403, .F. ) ;
#134 = DIRECTION ( 'NONE',  ( 0.000000000000000000, 0.000000000000000000, 1.000000000000000000 ) ) ;
#135 = VECTOR ( 'NONE', #1099, 1000.000000000000000 ) ;
#136 = ORIENTED_EDGE ( 'NONE', *, *, #525, .T. ) ;
#137 = ORIENTED_EDGE ( 'NONE', *, *, #1934, .T. ) ;
#138 = AXIS2_PLACEMENT_3D ( 'NONE', #946, #1119, #1798 ) ;
#139 = CARTESIAN_POINT ( 'NONE',  ( -16.85640646055101044, -2.803847577293448801, -2.171220823840237658E-15 ) ) ;
#140 = CARTESIAN_POINT ( 'NONE',  ( 1.500000000000003775, 2.598076211353323117, -5.000000000000000000 ) ) ;
#141 = CARTESIAN_POINT ( 'NONE',  ( -6.000000000000000000, 16.00000000000000000, 0.9999999999999997780 ) ) ;
#142 = LINE ( 'NONE', #2190, #2151 ) ;
#143 = CYLINDRICAL_SURFACE ( 'NONE', #1622, 1.250000000000000000 ) ;
#144 = AXIS2_PLACEMENT_3D ( 'NONE', #49, #1841, #942 ) ;
#145 = ORIENTED_EDGE ( 'NONE', *, *, #2852, .F. ) ;
#146 = ORIENTED_EDGE ( 'NONE', *, *, #1533, .F. ) ;
#147 = CARTESIAN_POINT ( 'NONE',  ( 9.500000000000001776, 21.00000000000000000, -3.000000000000000888 ) ) ;
#148 = ADVANCED_FACE ( 'NONE', ( #2108 ), #1447, .F. ) ;
#149 = ORIENTED_EDGE ( 'NONE', *, *, #2449, .T. ) ;
#150 = ORIENTED_EDGE ( 'NONE', *, *, #2819, .T. ) ;
#151 = FACE_OUTER_BOUND ( 'NONE', #2540, .T. ) ;
#152 = FACE_OUTER_BOUND ( 'NONE', #1346, .T. ) ;
#153 = EDGE_CURVE ( 'NONE', #79, #1303, #1210, .T. ) ;
#154 = FACE_OUTER_BOUND ( 'NONE', #1068, .T. ) ;
#155 = CARTESIAN_POINT ( 'NONE',  ( -3.789464654225616069, -7.046471818491093053, 1.306690203119764249 ) ) ;
#156 = CARTESIAN_POINT ( 'NONE',  ( 3.000000000000000000, 23.00000000000000355, -3.000000000000000444 ) ) ;
#157 = AXIS2_PLACEMENT_3D ( 'NONE', #1170, #2064, #1584 ) ;
#158 = ORIENTED_EDGE ( 'NONE', *, *, #829, .T. ) ;
#159 = ORIENTED_EDGE ( 'NONE', *, *, #2434, .T. ) ;
#160 = DIRECTION ( 'NONE',  ( 0.5000000000000039968, -0.8660254037844363761, -0.000000000000000000 ) ) ;
#161 = CIRCLE ( 'NONE', #1284, 0.9999999999999997780 ) ;
#162 = ORIENTED_EDGE ( 'NONE', *, *, #974, .T. ) ;
#163 = EDGE_CURVE ( 'NONE', #2473, #1161, #329, .T. ) ;
#164 = AXIS2_PLACEMENT_3D ( 'NONE', #1033, #2581, #1252 ) ;
#165 = EDGE_CURVE ( 'NONE', #1717, #122, #2509, .T. ) ;
#166 = VERTEX_POINT ( 'NONE', #2163 ) ;
#167 = DIRECTION ( 'NONE',  ( -0.8660254037844362651, -0.5000000000000039968, -0.000000000000000000 ) ) ;
#168 = VECTOR ( 'NONE', #1862, 1000.000000000000114 ) ;
#169 = LINE ( 'NONE', #1487, #780 ) ;
#170 = LINE ( 'NONE', #2854, #672 ) ;
#171 = CARTESIAN_POINT ( 'NONE',  ( -3.587774770580207662, -7.151289830295780803, -1.787958730512421601 ) ) ;
#172 = LINE ( 'NONE', #2816, #120 ) ;
#173 = VERTEX_POINT ( 'NONE', #1521 ) ;
#174 = CARTESIAN_POINT ( 'NONE',  ( 0.000000000000000000, 11.00000000000000000, 5.000000000000000000 ) ) ;
#175 = VERTEX_POINT ( 'NONE', #2416 ) ;
#176 = EDGE_LOOP ( 'NONE', ( #1270, #2141 ) ) ;
#177 = CARTESIAN_POINT ( 'NONE',  ( -22.93653347947320498, -2.272758664047944688, -3.000000000000000888 ) ) ;
#178 = LINE ( 'NONE', #696, #2276 ) ;
#179 = EDGE_CURVE ( 'NONE', #1334, #62, #1460, .T. ) ;
#180 = CARTESIAN_POINT ( 'NONE',  ( 13.50000000000000000, 7.794228634059949812, 5.000000000000000000 ) ) ;
#181 = CARTESIAN_POINT ( 'NONE',  ( -12.35640646055101044, -10.59807621135333200, -5.000000000000000000 ) ) ;
#182 = ADVANCED_FACE ( 'NONE', ( #1973 ), #2844, .F. ) ;
#183 = CARTESIAN_POINT ( 'NONE',  ( -16.68653347947319787, -13.09807621135333022, -3.000000000000000888 ) ) ;
#184 = CARTESIAN_POINT ( 'NONE',  ( -24.66858428704208706, -3.272758664047846988, -5.000000000000000000 ) ) ;
#185 = APPROVAL_ROLE ( '' ) ;
#186 = ORIENTED_EDGE ( 'NONE', *, *, #1326, .T. ) ;
#187 = AXIS2_PLACEMENT_3D ( 'NONE', #2600, #595, #1038 ) ;
#188 = EDGE_CURVE ( 'NONE', #1617, #1644, #1063, .T. ) ;
#189 = DIRECTION ( 'NONE',  ( 0.000000000000000000, 0.000000000000000000, 1.000000000000000000 ) ) ;
#190 = ORIENTED_EDGE ( 'NONE', *, *, #2665, .F. ) ;
#191 = VECTOR ( 'NONE', #2174, 1000.000000000000000 ) ;
#192 = EDGE_CURVE ( 'NONE', #1098, #1662, #2192, .T. ) ;
#193 = ORIENTED_EDGE ( 'NONE', *, *, #2298, .F. ) ;
#194 = FACE_BOUND ( 'NONE', #2456, .T. ) ;
#195 = CARTESIAN_POINT ( 'NONE',  ( 15.16858428704210127, -19.72724133595216855, 3.000000000000000000 ) ) ;
#196 = FACE_BOUND ( 'NONE', #2367, .T. ) ;
#197 = CARTESIAN_POINT ( 'NONE',  ( -0.2655919857739729717, -8.000000000000003553, -4.000000000000003553 ) ) ;
#198 = EDGE_CURVE ( 'NONE', #1025, #1998, #383, .T. ) ;
#199 = CARTESIAN_POINT ( 'NONE',  ( -24.66858428704207995, -3.272758664047952681, 2.999999999999999112 ) ) ;
#200 = CARTESIAN_POINT ( 'NONE',  ( 0.000000000000000000, 0.000000000000000000, -5.000000000000000000 ) ) ;
#201 = DATE_AND_TIME ( #356, #1959 ) ;
#202 = PRODUCT ( 'Pièce5_Nacelle_Défaut_sldprt', 'Pièce5_Nacelle_Défaut_sldprt', '', ( #2180 ) ) ;
#203 = ORIENTED_EDGE ( 'NONE', *, *, #347, .F. ) ;
#204 = VECTOR ( 'NONE', #719, 1000.000000000000000 ) ;
#205 = CARTESIAN_POINT ( 'NONE',  ( -1.250000000000000000, 11.00000000000000000, -5.000000000000000000 ) ) ;
#206 = VERTEX_POINT ( 'NONE', #130 ) ;
#207 = ORIENTED_EDGE ( 'NONE', *, *, #2231, .T. ) ;
#208 = CIRCLE ( 'NONE', #1851, 1.000000000000000444 ) ;
#209 = CARTESIAN_POINT ( 'NONE',  ( 0.000000000000000000, 0.000000000000000000, -5.000000000000000000 ) ) ;
#210 = ORIENTED_EDGE ( 'NONE', *, *, #354, .F. ) ;
#211 = AXIS2_PLACEMENT_3D ( 'NONE', #1420, #1434, #1904 ) ;
#212 = CARTESIAN_POINT ( 'NONE',  ( -13.43653347947312859, -18.72724133595223606, 2.999999999999999112 ) ) ;
#213 = VECTOR ( 'NONE', #1517, 1000.000000000000000 ) ;
#214 = FACE_OUTER_BOUND ( 'NONE', #107, .T. ) ;
#215 = VECTOR ( 'NONE', #769, 1000.000000000000000 ) ;
#216 = CARTESIAN_POINT ( 'NONE',  ( -16.85640646055101044, -2.803847577293448801, -2.171220823840237658E-15 ) ) ;
#217 = DIRECTION ( 'NONE',  ( 0.8660254037844432595, -0.4999999999999919509, 0.000000000000000000 ) ) ;
#218 = CARTESIAN_POINT ( 'NONE',  ( 15.35640646055103531, -5.401923788646682212, 5.000000000000000000 ) ) ;
#219 = ADVANCED_FACE ( 'NONE', ( #1479 ), #143, .F. ) ;
#220 = EDGE_CURVE ( 'NONE', #2211, #2109, #1927, .T. ) ;
#221 = DIRECTION ( 'NONE',  ( 0.000000000000000000, 0.000000000000000000, 1.000000000000000000 ) ) ;
#222 = LINE ( 'NONE', #2654, #1419 ) ;
#223 = ORIENTED_EDGE ( 'NONE', *, *, #23, .F. ) ;
#224 = ORIENTED_EDGE ( 'NONE', *, *, #553, .T. ) ;
#225 = CARTESIAN_POINT ( 'NONE',  ( 9.526279441628801692, -5.500000000000045297, -5.000000000000000000 ) ) ;
#226 = DIRECTION ( 'NONE',  ( 1.000000000000000000, 0.000000000000000000, 0.000000000000000000 ) ) ;
#227 = CARTESIAN_POINT ( 'NONE',  ( 22.93653347947323340, -2.272758664047620503, 2.999999999999999112 ) ) ;
#228 = CARTESIAN_POINT ( 'NONE',  ( 9.500000000000001776, 21.00000000000000000, -3.000000000000000888 ) ) ;
#229 = DIRECTION ( 'NONE',  ( 0.8660254037844432595, -0.4999999999999919509, 0.000000000000000000 ) ) ;
#230 = DIRECTION ( 'NONE',  ( -0.000000000000000000, 0.000000000000000000, 1.000000000000000000 ) ) ;
#231 = CARTESIAN_POINT ( 'NONE',  ( -3.000000000000000000, 0.000000000000000000, -5.000000000000000000 ) ) ;
#232 = ORIENTED_EDGE ( 'NONE', *, *, #1289, .F. ) ;
#233 = CARTESIAN_POINT ( 'NONE',  ( -12.35640646055101044, -10.59807621135333200, -5.000000000000000000 ) ) ;
#234 = ORIENTED_EDGE ( 'NONE', *, *, #179, .T. ) ;
#235 = VERTEX_POINT ( 'NONE', #370 ) ;
#236 = EDGE_CURVE ( 'NONE', #1468, #806, #2827, .T. ) ;
#237 = DIRECTION ( 'NONE',  ( 0.000000000000000000, 0.000000000000000000, 1.000000000000000000 ) ) ;
#238 = CARTESIAN_POINT ( 'NONE',  ( 0.000000000000000000, 11.00000000000000000, 5.000000000000000000 ) ) ;
#239 = PLANE ( 'NONE',  #15 ) ;
#240 = DIRECTION ( 'NONE',  ( 0.8660254037844385966, -0.5000000000000001110, 0.000000000000000000 ) ) ;
#241 = APPROVAL ( #2612, 'UNSPECIFIED' ) ;
#242 = DIRECTION ( 'NONE',  ( 0.000000000000000000, 0.000000000000000000, 1.000000000000000000 ) ) ;
#243 = CARTESIAN_POINT ( 'NONE',  ( 21.18653347947326182, -5.303847577293172577, -3.314341462499788107E-17 ) ) ;
#244 = CARTESIAN_POINT ( 'NONE',  ( -9.500000000000001776, 23.00000000000000355, 5.000000000000000000 ) ) ;
#245 = ORIENTED_EDGE ( 'NONE', *, *, #922, .F. ) ;
#246 = CARTESIAN_POINT ( 'NONE',  ( -5.727120827991336999E-17, -8.000000000000000000, 4.000000000000000000 ) ) ;
#247 = ORIENTED_EDGE ( 'NONE', *, *, #2691, .F. ) ;
#248 = VERTEX_POINT ( 'NONE', #2179 ) ;
#249 = DIRECTION ( 'NONE',  ( 0.8660254037844433705, -0.4999999999999919509, -0.000000000000000000 ) ) ;
#250 = EDGE_CURVE ( 'NONE', #1573, #2351, #1297, .T. ) ;
#251 = EDGE_CURVE ( 'NONE', #1160, #1846, #172, .T. ) ;
#252 = CARTESIAN_POINT ( 'NONE',  ( -19.91858428704208706, -11.49999999999998934, -5.000000000000000000 ) ) ;
#253 = DIRECTION ( 'NONE',  ( 1.000000000000000000, 0.000000000000000000, 0.000000000000000000 ) ) ;
#254 = PLANE ( 'NONE',  #412 ) ;
#255 = ORIENTED_EDGE ( 'NONE', *, *, #2181, .F. ) ;
#256 = CARTESIAN_POINT ( 'NONE',  ( 8.276279441628799916, -5.500000000000045297, -5.000000000000000000 ) ) ;
#257 = CARTESIAN_POINT ( 'NONE',  ( 1.500000000000006439, -2.598076211353323117, -3.000000000000005329 ) ) ;
#258 = VECTOR ( 'NONE', #2094, 999.9999999999998863 ) ;
#259 = VERTEX_POINT ( 'NONE', #1957 ) ;
#260 = CARTESIAN_POINT ( 'NONE',  ( 2.650868397186421088, -7.550533919786354353, -3.006487986758705766 ) ) ;
#261 = ORIENTED_EDGE ( 'NONE', *, *, #98, .F. ) ;
#262 = ORIENTED_EDGE ( 'NONE', *, *, #1365, .F. ) ;
#263 = CARTESIAN_POINT ( 'NONE',  ( 9.499999999999998224, 23.00000000000000355, -5.000000000000000000 ) ) ;
#264 = ORIENTED_EDGE ( 'NONE', *, *, #1454, .T. ) ;
#265 = DIRECTION ( 'NONE',  ( 1.000000000000000000, 0.000000000000000000, 0.000000000000000000 ) ) ;
#266 = DIRECTION ( 'NONE',  ( 1.000000000000000000, 0.000000000000000000, 0.000000000000000000 ) ) ;
#267 = DIRECTION ( 'NONE',  ( 1.000000000000000000, 0.000000000000000000, 0.000000000000000000 ) ) ;
#268 = VERTEX_POINT ( 'NONE', #156 ) ;
#269 = LINE ( 'NONE', #534, #258 ) ;
#270 = DIRECTION ( 'NONE',  ( -0.8660254037844362651, -0.5000000000000039968, 0.000000000000000000 ) ) ;
#271 = EDGE_CURVE ( 'NONE', #1423, #248, #1095, .T. ) ;
#272 = CARTESIAN_POINT ( 'NONE',  ( 9.500000000000001776, 21.00000000000000000, -3.000000000000000888 ) ) ;
#273 = CARTESIAN_POINT ( 'NONE',  ( 1.999999999999993117, 15.00000000000000355, -5.000000000000000000 ) ) ;
#274 = EDGE_LOOP ( 'NONE', ( #2326, #404, #1142, #1154 ) ) ;
#275 = ORIENTED_EDGE ( 'NONE', *, *, #927, .T. ) ;
#276 = CIRCLE ( 'NONE', #1730, 0.9999999999999997780 ) ;
#277 = EDGE_CURVE ( 'NONE', #2156, #2613, #816, .T. ) ;
#278 = LINE ( 'NONE', #926, #2582 ) ;
#279 = VERTEX_POINT ( 'NONE', #845 ) ;
#280 = CARTESIAN_POINT ( 'NONE',  ( 3.000000000000000000, -4.336808689942002945E-16, -3.000000000000005329 ) ) ;
#281 = DIRECTION ( 'NONE',  ( 0.000000000000000000, 0.000000000000000000, 1.000000000000000000 ) ) ;
#282 = VECTOR ( 'NONE', #985, 1000.000000000000227 ) ;
#283 = CARTESIAN_POINT ( 'NONE',  ( 1.500000000000005995, -2.598076211353323117, -5.000000000000000000 ) ) ;
#284 = EDGE_LOOP ( 'NONE', ( #907, #1275, #796, #2197, #1729, #1621, #1202, #1825 ) ) ;
#285 = DIRECTION ( 'NONE',  ( -0.8660254037844362651, -0.5000000000000039968, 0.000000000000000000 ) ) ;
#286 = DIRECTION ( 'NONE',  ( 0.000000000000000000, 0.000000000000000000, 1.000000000000000000 ) ) ;
#287 = EDGE_CURVE ( 'NONE', #1714, #2584, #26, .T. ) ;
#288 = CARTESIAN_POINT ( 'NONE',  ( -18.41858428704207284, -14.09807621135333200, 3.000000000000000000 ) ) ;
#289 = EDGE_LOOP ( 'NONE', ( #2705, #1578, #436, #512 ) ) ;
#290 = ORIENTED_EDGE ( 'NONE', *, *, #2791, .T. ) ;
#291 = CARTESIAN_POINT ( 'NONE',  ( 13.43653347947338439, -18.72724133595204421, -3.000000000000000888 ) ) ;
#292 = CC_DESIGN_PERSON_AND_ORGANIZATION_ASSIGNMENT ( #1298, #1757, ( #202 ) ) ;
#293 = ORIENTED_EDGE ( 'NONE', *, *, #2270, .T. ) ;
#294 = DIRECTION ( 'NONE',  ( 0.000000000000000000, 0.000000000000000000, 1.000000000000000000 ) ) ;
#295 = PLANE ( 'NONE',  #657 ) ;
#296 = VECTOR ( 'NONE', #873, 1000.000000000000000 ) ;
#297 = CIRCLE ( 'NONE', #1805, 1.000000000000000888 ) ;
#298 = ORIENTED_EDGE ( 'NONE', *, *, #163, .F. ) ;
#299 = CYLINDRICAL_SURFACE ( 'NONE', #1858, 4.000000000000000000 ) ;
#300 = CARTESIAN_POINT ( 'NONE',  ( -22.93653347947320498, -2.272758664047944688, -3.000000000000000888 ) ) ;
#301 = VECTOR ( 'NONE', #1339, 1000.000000000000114 ) ;
#302 = VECTOR ( 'NONE', #1988, 999.9999999999998863 ) ;
#303 = CARTESIAN_POINT ( 'NONE',  ( 19.68653347947319432, -7.901923788646663560, -3.000000000000000888 ) ) ;
#304 = ADVANCED_FACE ( 'NONE', ( #830 ), #1915, .F. ) ;
#305 = ADVANCED_FACE ( 'NONE', ( #1944 ), #1725, .T. ) ;
#306 = ORIENTED_EDGE ( 'NONE', *, *, #2002, .T. ) ;
#307 = ORIENTED_EDGE ( 'NONE', *, *, #1919, .T. ) ;
#308 = CARTESIAN_POINT ( 'NONE',  ( 6.000000000000000000, 16.00000000000000000, -2.171220823840237658E-15 ) ) ;
#309 = EDGE_CURVE ( 'NONE', #1846, #755, #591, .T. ) ;
#310 = ORIENTED_EDGE ( 'NONE', *, *, #920, .F. ) ;
#311 = CARTESIAN_POINT ( 'NONE',  ( 15.35640646055103531, -5.401923788646682212, -5.000000000000000000 ) ) ;
#312 = CYLINDRICAL_SURFACE ( 'NONE', #1967, 4.000000000000000000 ) ;
#313 = DIRECTION ( 'NONE',  ( -0.8660254037844432595, 0.4999999999999919509, -2.168404344971006896E-16 ) ) ;
#314 = DIRECTION ( 'NONE',  ( -0.8660254037844362651, -0.5000000000000039968, 0.000000000000000000 ) ) ;
#315 = ADVANCED_FACE ( 'NONE', ( #1090 ), #2221, .F. ) ;
#316 = CARTESIAN_POINT ( 'NONE',  ( 8.276279441628799916, -5.500000000000045297, -5.000000000000000000 ) ) ;
#317 = ORIENTED_EDGE ( 'NONE', *, *, #1651, .F. ) ;
#318 = ORIENTED_EDGE ( 'NONE', *, *, #2421, .F. ) ;
#319 = PLANE ( 'NONE',  #600 ) ;
#320 = VERTEX_POINT ( 'NONE', #1358 ) ;
#321 = EDGE_CURVE ( 'NONE', #755, #832, #1553, .T. ) ;
#322 = DIRECTION ( 'NONE',  ( 1.000000000000000000, 0.000000000000000000, -0.000000000000000000 ) ) ;
#323 = CARTESIAN_POINT ( 'NONE',  ( 11.99038105676659605, -9.232050807568866091, -5.000000000000000000 ) ) ;
#324 = AXIS2_PLACEMENT_3D ( 'NONE', #2068, #1850, #61 ) ;
#325 = AXIS2_PLACEMENT_3D ( 'NONE', #147, #360, #1716 ) ;
#326 = LINE ( 'NONE', #2301, #168 ) ;
#327 = FACE_OUTER_BOUND ( 'NONE', #2639, .T. ) ;
#328 = CARTESIAN_POINT ( 'NONE',  ( 4.898586769968001020E-16, -8.000000000000000000, -4.000000000000000000 ) ) ;
#329 = LINE ( 'NONE', #1224, #1236 ) ;
#330 = ORIENTED_EDGE ( 'NONE', *, *, #1343, .F. ) ;
#331 = ORIENTED_EDGE ( 'NONE', *, *, #2732, .F. ) ;
#332 = CARTESIAN_POINT ( 'NONE',  ( 15.16858428704210127, -19.72724133595216855, -5.000000000000000000 ) ) ;
#333 = EDGE_LOOP ( 'NONE', ( #2631, #933, #1525, #1109, #2655, #555, #1254, #959 ) ) ;
#334 = CARTESIAN_POINT ( 'NONE',  ( 6.000000000000000000, 16.00000000000000000, -2.171220823840237658E-15 ) ) ;
#335 = ADVANCED_FACE ( 'NONE', ( #669 ), #2465, .F. ) ;
#336 = CIRCLE ( 'NONE', #618, 8.000000000000000000 ) ;
#337 = LINE ( 'NONE', #379, #2414 ) ;
#338 = CARTESIAN_POINT ( 'NONE',  ( 3.000000000000000000, 21.00000000000000000, -5.000000000000000000 ) ) ;
#339 = CARTESIAN_POINT ( 'NONE',  ( 1.308059342363041999, -7.896154473182233957, 3.789093522395073244 ) ) ;
#340 = CARTESIAN_POINT ( 'NONE',  ( -9.526279441628355826, -5.500000000000273559, 5.000000000000000000 ) ) ;
#341 = ORIENTED_EDGE ( 'NONE', *, *, #1092, .T. ) ;
#342 = ORIENTED_EDGE ( 'NONE', *, *, #1686, .F. ) ;
#343 = AXIS2_PLACEMENT_3D ( 'NONE', #2698, #462, #2447 ) ;
#344 = DIRECTION ( 'NONE',  ( 0.000000000000000000, 1.000000000000000000, 2.168404344971006896E-16 ) ) ;
#345 = ORIENTED_EDGE ( 'NONE', *, *, #2745, .F. ) ;
#346 = VECTOR ( 'NONE', #2608, 1000.000000000000000 ) ;
#347 = EDGE_CURVE ( 'NONE', #1644, #320, #417, .T. ) ;
#348 = ORIENTED_EDGE ( 'NONE', *, *, #915, .F. ) ;
#349 = CARTESIAN_POINT ( 'NONE',  ( 1.500000000000005995, -2.598076211353323117, 3.000000000000000000 ) ) ;
#350 = CARTESIAN_POINT ( 'NONE',  ( 0.000000000000000000, 23.00000000000000355, -5.000000000000000000 ) ) ;
#351 = DIRECTION ( 'NONE',  ( 0.000000000000000000, 0.000000000000000000, 1.000000000000000000 ) ) ;
#352 = DIRECTION ( 'NONE',  ( 0.000000000000000000, 0.000000000000000000, 1.000000000000000000 ) ) ;
#353 = APPROVAL_ROLE ( '' ) ;
#354 = EDGE_CURVE ( 'NONE', #2526, #2473, #1897, .T. ) ;
#355 = DIRECTION ( 'NONE',  ( -0.5000000000000006661, 0.8660254037844382635, 0.000000000000000000 ) ) ;
#356 = CALENDAR_DATE ( 2023, 3, 12 ) ;
#357 = EDGE_LOOP ( 'NONE', ( #2685, #1373, #1920, #2406, #1827, #2556, #1906, #521 ) ) ;
#358 = PERSON ( 'UNSPECIFIED', 'UNSPECIFIED', 'UNSPECIFIED', ('UNSPECIFIED'), ('UNSPECIFIED'), ('UNSPECIFIED') ) ;
#359 = ORIENTED_EDGE ( 'NONE', *, *, #1262, .F. ) ;
#360 = DIRECTION ( 'NONE',  ( 0.000000000000000000, -1.000000000000000000, 0.000000000000000000 ) ) ;
#361 = VECTOR ( 'NONE', #2199, 1000.000000000000000 ) ;
#362 = ORIENTED_EDGE ( 'NONE', *, *, #716, .T. ) ;
#363 = EDGE_LOOP ( 'NONE', ( #2366, #1096, #1452, #318 ) ) ;
#364 = CIRCLE ( 'NONE', #1024, 0.9999999999999997780 ) ;
#365 = CYLINDRICAL_SURFACE ( 'NONE', #2901, 3.999999999999998224 ) ;
#366 = LINE ( 'NONE', #140, #1196 ) ;
#367 = CARTESIAN_POINT ( 'NONE',  ( 9.500000000000001776, 23.00000000000000355, 2.999999999999999112 ) ) ;
#368 = EDGE_CURVE ( 'NONE', #1098, #2072, #1770, .T. ) ;
#369 = CARTESIAN_POINT ( 'NONE',  ( -5.727120827991336999E-17, -8.000000000000000000, 4.000000000000000000 ) ) ;
#370 = CARTESIAN_POINT ( 'NONE',  ( -12.35640646055101044, -10.59807621135333200, 5.000000000000000000 ) ) ;
#371 = EDGE_CURVE ( 'NONE', #628, #892, #2220, .T. ) ;
#372 = EDGE_CURVE ( 'NONE', #2618, #1779, #962, .T. ) ;
#373 = ORIENTED_EDGE ( 'NONE', *, *, #1869, .T. ) ;
#374 = EDGE_LOOP ( 'NONE', ( #2831, #2049, #1557, #1212 ) ) ;
#375 = CARTESIAN_POINT ( 'NONE',  ( -14.68653347947313748, -16.56217782649114412, -3.314341462499788107E-17 ) ) ;
#376 = ORIENTED_EDGE ( 'NONE', *, *, #2839, .F. ) ;
#377 = ORIENTED_EDGE ( 'NONE', *, *, #1290, .T. ) ;
#378 = LINE ( 'NONE', #349, #1299 ) ;
#379 = CARTESIAN_POINT ( 'NONE',  ( -1.499999999999994893, -2.598076211353305354, -3.000000000000005773 ) ) ;
#380 = CARTESIAN_POINT ( 'NONE',  ( -15.16858428704207995, -19.72724133595217566, 5.000000000000000000 ) ) ;
#381 = CARTESIAN_POINT ( 'NONE',  ( -2.647226096189651212, -7.551809457243773060, -3.009661180778000933 ) ) ;
#382 = VECTOR ( 'NONE', #463, 1000.000000000000000 ) ;
#383 = LINE ( 'NONE', #2374, #777 ) ;
#384 = PERSON_AND_ORGANIZATION ( #358, #839 ) ;
#385 = AXIS2_PLACEMENT_3D ( 'NONE', #216, #2250, #1135 ) ;
#386 = VERTEX_POINT ( 'NONE', #1136 ) ;
#387 = EDGE_CURVE ( 'NONE', #1449, #1098, #2478, .T. ) ;
#388 = LINE ( 'NONE', #2126, #2545 ) ;
#389 = VECTOR ( 'NONE', #1328, 1000.000000000000227 ) ;
#390 = ORIENTED_EDGE ( 'NONE', *, *, #1491, .T. ) ;
#391 = ORIENTED_EDGE ( 'NONE', *, *, #1541, .T. ) ;
#392 = EDGE_CURVE ( 'NONE', #453, #1161, #1331, .T. ) ;
#393 = CARTESIAN_POINT ( 'NONE',  ( -13.99038105676656585, -5.767949192431143679, 5.000000000000000000 ) ) ;
#394 = AXIS2_PLACEMENT_3D ( 'NONE', #1264, #587, #826 ) ;
#395 = EDGE_CURVE ( 'NONE', #1764, #808, #27, .T. ) ;
#396 = CARTESIAN_POINT ( 'NONE',  ( 15.16858428704227357, -19.72724133595203000, -3.000000000000000444 ) ) ;
#397 = DIRECTION ( 'NONE',  ( -0.8660254037844362651, -0.5000000000000039968, -0.000000000000000000 ) ) ;
#398 = CARTESIAN_POINT ( 'NONE',  ( -3.790690275325682812, -7.045831482362817866, -1.303683804831045290 ) ) ;
#399 = CYLINDRICAL_SURFACE ( 'NONE', #1569, 0.9999999999999998890 ) ;
#400 = EDGE_CURVE ( 'NONE', #1285, #2312, #1820, .T. ) ;
#401 = CARTESIAN_POINT ( 'NONE',  ( 1.500000000000005995, -2.598076211353323117, -5.000000000000000000 ) ) ;
#402 = CYLINDRICAL_SURFACE ( 'NONE', #598, 4.000000000000001776 ) ;
#403 = EDGE_CURVE ( 'NONE', #94, #623, #2682, .T. ) ;
#404 = ORIENTED_EDGE ( 'NONE', *, *, #999, .F. ) ;
#405 = DIRECTION ( 'NONE',  ( -0.000000000000000000, 0.000000000000000000, 1.000000000000000000 ) ) ;
#406 = ORIENTED_EDGE ( 'NONE', *, *, #2570, .F. ) ;
#407 = ORIENTED_EDGE ( 'NONE', *, *, #1746, .F. ) ;
#408 = CIRCLE ( 'NONE', #2428, 0.9999999999999997780 ) ;
#409 = DIRECTION ( 'NONE',  ( -0.5000000000000013323, 0.8660254037844379305, 0.000000000000000000 ) ) ;
#410 = ORIENTED_EDGE ( 'NONE', *, *, #450, .T. ) ;
#411 = EDGE_CURVE ( 'NONE', #1395, #569, #2889, .T. ) ;
#412 = AXIS2_PLACEMENT_3D ( 'NONE', #459, #489, #1581 ) ;
#413 = CARTESIAN_POINT ( 'NONE',  ( -2.999999999999999112, 21.00000000000000000, -3.000000000000000888 ) ) ;
#414 = DIRECTION ( 'NONE',  ( 0.5000000000000041078, -0.8660254037844362651, 0.000000000000000000 ) ) ;
#415 = CARTESIAN_POINT ( 'NONE',  ( -1.305984381679700546, -7.896474136437953817, -3.789748615261228082 ) ) ;
#416 = PLANE ( 'NONE',  #1661 ) ;
#417 = LINE ( 'NONE', #1327, #1524 ) ;
#418 = PERSON_AND_ORGANIZATION_ROLE ( 'creator' ) ;
#419 = EDGE_LOOP ( 'NONE', ( #850, #1318, #348, #193 ) ) ;
#420 = CARTESIAN_POINT ( 'NONE',  ( 19.68653347947319432, -7.901923788646663560, 2.999999999999999556 ) ) ;
#421 = EDGE_LOOP ( 'NONE', ( #1301, #373, #2512, #2498 ) ) ;
#422 = ORIENTED_EDGE ( 'NONE', *, *, #2241, .F. ) ;
#423 = FACE_OUTER_BOUND ( 'NONE', #1949, .T. ) ;
#424 = ORIENTED_EDGE ( 'NONE', *, *, #1650, .T. ) ;
#425 = DIRECTION ( 'NONE',  ( 0.000000000000000000, 0.000000000000000000, 1.000000000000000000 ) ) ;
#426 = DIRECTION ( 'NONE',  ( 0.000000000000000000, 0.000000000000000000, 1.000000000000000000 ) ) ;
#427 = ADVANCED_FACE ( 'NONE', ( #887, #477 ), #8, .F. ) ;
#428 = CYLINDRICAL_SURFACE ( 'NONE', #2343, 1.000000000000000888 ) ;
#429 = FACE_OUTER_BOUND ( 'NONE', #1727, .T. ) ;
#430 = DIRECTION ( 'NONE',  ( 0.000000000000000000, 0.000000000000000000, 1.000000000000000000 ) ) ;
#431 = CARTESIAN_POINT ( 'NONE',  ( 9.500000000000001776, 21.00000000000000000, 2.999999999999999112 ) ) ;
#432 = FACE_OUTER_BOUND ( 'NONE', #1745, .T. ) ;
#433 = AXIS2_PLACEMENT_3D ( 'NONE', #1969, #1280, #1475 ) ;
#434 = DIRECTION ( 'NONE',  ( 0.000000000000000000, 0.000000000000000000, 1.000000000000000000 ) ) ;
#435 = ORIENTED_EDGE ( 'NONE', *, *, #1750, .T. ) ;
#436 = ORIENTED_EDGE ( 'NONE', *, *, #1855, .T. ) ;
#437 = CYLINDRICAL_SURFACE ( 'NONE', #2143, 1.250000000000001110 ) ;
#438 = ADVANCED_FACE ( 'NONE', ( #1539 ), #1787, .F. ) ;
#439 = EDGE_LOOP ( 'NONE', ( #1083, #1421, #481, #1789 ) ) ;
#440 = VECTOR ( 'NONE', #2903, 1000.000000000000000 ) ;
#441 = CARTESIAN_POINT ( 'NONE',  ( -2.000000000000010658, -12.12435565298214435, 3.464101615137747725 ) ) ;
#442 = DIRECTION ( 'NONE',  ( -0.000000000000000000, 0.000000000000000000, 1.000000000000000000 ) ) ;
#443 = CIRCLE ( 'NONE', #1286, 1.000000000000000888 ) ;
#444 = VECTOR ( 'NONE', #1250, 1000.000000000000000 ) ;
#445 = CYLINDRICAL_SURFACE ( 'NONE', #2905, 1.000000000000000888 ) ;
#446 = CARTESIAN_POINT ( 'NONE',  ( -1.499999999999996225, 2.598076211353306242, 3.000000000000000000 ) ) ;
#447 = DIRECTION ( 'NONE',  ( -0.8660254037844385966, 0.5000000000000001110, 0.000000000000000000 ) ) ;
#448 = LINE ( 'NONE', #2237, #382 ) ;
#449 = EDGE_CURVE ( 'NONE', #2749, #864, #1333, .T. ) ;
#450 = EDGE_CURVE ( 'NONE', #2364, #1239, #1943, .T. ) ;
#451 = VERTEX_POINT ( 'NONE', #1833 ) ;
#452 = DIRECTION ( 'NONE',  ( -0.8660254037844383745, -0.5000000000000004441, 0.000000000000000000 ) ) ;
#453 = VERTEX_POINT ( 'NONE', #1629 ) ;
#454 = EDGE_LOOP ( 'NONE', ( #1852, #1838, #1601, #223 ) ) ;
#455 = CARTESIAN_POINT ( 'NONE',  ( -9.526279441628355826, -5.500000000000273559, -5.000000000000000000 ) ) ;
#456 = ORIENTED_EDGE ( 'NONE', *, *, #1666, .F. ) ;
#457 = CARTESIAN_POINT ( 'NONE',  ( -1.499999999999996225, 2.598076211353306242, 5.000000000000000000 ) ) ;
#458 = DIRECTION ( 'NONE',  ( 0.000000000000000000, 0.000000000000000000, 1.000000000000000000 ) ) ;
#459 = CARTESIAN_POINT ( 'NONE',  ( 0.000000000000000000, 23.00000000000000355, -5.000000000000000000 ) ) ;
#460 = LINE ( 'NONE', #1105, #1143 ) ;
#461 = ADVANCED_FACE ( 'NONE', ( #2522 ), #1169, .F. ) ;
#462 = DIRECTION ( 'NONE',  ( -1.877893248421441887E-16, -1.084202172485511953E-16, -1.000000000000000000 ) ) ;
#463 = DIRECTION ( 'NONE',  ( 0.000000000000000000, 1.000000000000000000, 0.000000000000000000 ) ) ;
#464 = VECTOR ( 'NONE', #1606, 1000.000000000000000 ) ;
#465 = EDGE_CURVE ( 'NONE', #48, #2200, #934, .T. ) ;
#466 = ORIENTED_EDGE ( 'NONE', *, *, #673, .T. ) ;
#467 = CARTESIAN_POINT ( 'NONE',  ( 1.500000000000003331, 2.598076211353323117, -3.000000000000005329 ) ) ;
#468 = EDGE_CURVE ( 'NONE', #908, #2312, #1847, .T. ) ;
#469 = ORIENTED_EDGE ( 'NONE', *, *, #250, .T. ) ;
#470 = ORIENTED_EDGE ( 'NONE', *, *, #2204, .F. ) ;
#471 = CARTESIAN_POINT ( 'NONE',  ( 9.526279441628801692, -5.500000000000045297, -5.000000000000000000 ) ) ;
#472 = CIRCLE ( 'NONE', #2630, 1.000000000000000888 ) ;
#473 = DIRECTION ( 'NONE',  ( -0.000000000000000000, 0.000000000000000000, 1.000000000000000000 ) ) ;
#474 = FACE_OUTER_BOUND ( 'NONE', #1175, .T. ) ;
#475 = CARTESIAN_POINT ( 'NONE',  ( -1.250000000000000000, 11.00000000000000000, -5.000000000000000000 ) ) ;
#476 = ORIENTED_EDGE ( 'NONE', *, *, #927, .F. ) ;
#477 = FACE_OUTER_BOUND ( 'NONE', #1702, .T. ) ;
#478 = CARTESIAN_POINT ( 'NONE',  ( 11.35640646055113301, -12.33012701892208973, -2.171220823840237658E-15 ) ) ;
#479 = VERTEX_POINT ( 'NONE', #2783 ) ;
#480 = CARTESIAN_POINT ( 'NONE',  ( 3.867021923256453775, -7.003558738898711944, -1.056891296818745163 ) ) ;
#481 = ORIENTED_EDGE ( 'NONE', *, *, #1924, .T. ) ;
#482 = AXIS2_PLACEMENT_3D ( 'NONE', #88, #2345, #1417 ) ;
#483 = ORIENTED_EDGE ( 'NONE', *, *, #2535, .T. ) ;
#484 = CARTESIAN_POINT ( 'NONE',  ( 9.500000000000001776, 23.00000000000000355, -3.000000000000000444 ) ) ;
#485 = ORIENTED_EDGE ( 'NONE', *, *, #525, .F. ) ;
#486 = EDGE_CURVE ( 'NONE', #44, #2718, #326, .T. ) ;
#487 = DIRECTION ( 'NONE',  ( -0.4999999999999996114, 0.8660254037844388186, 0.000000000000000000 ) ) ;
#488 = CARTESIAN_POINT ( 'NONE',  ( -8.276279441627730549, -5.500000000000273559, -5.000000000000000000 ) ) ;
#489 = DIRECTION ( 'NONE',  ( 0.000000000000000000, -1.000000000000000000, 0.000000000000000000 ) ) ;
#490 = VECTOR ( 'NONE', #921, 1000.000000000000000 ) ;
#491 = ORIENTED_EDGE ( 'NONE', *, *, #1919, .F. ) ;
#492 = VECTOR ( 'NONE', #1683, 1000.000000000000000 ) ;
#493 = CARTESIAN_POINT ( 'NONE',  ( -15.68653347947314458, -14.83012701892227270, 8.932126528973743964E-17 ) ) ;
#494 = CARTESIAN_POINT ( 'NONE',  ( -21.18653347947319077, -5.303847577293468341, -2.171220823840237658E-15 ) ) ;
#495 = AXIS2_PLACEMENT_3D ( 'NONE', #2247, #2216, #2898 ) ;
#496 = EDGE_CURVE ( 'NONE', #978, #1618, #58, .T. ) ;
#497 = CARTESIAN_POINT ( 'NONE',  ( 22.93653347947323340, -2.272758664047620503, 2.999999999999999112 ) ) ;
#498 = CARTESIAN_POINT ( 'NONE',  ( 2.020676279826460142, -7.743814075824900556, -3.461734363645338153 ) ) ;
#499 = ORIENTED_EDGE ( 'NONE', *, *, #501, .T. ) ;
#500 = ORIENTED_EDGE ( 'NONE', *, *, #236, .T. ) ;
#501 = EDGE_CURVE ( 'NONE', #1449, #2023, #1402, .T. ) ;
#502 = CARTESIAN_POINT ( 'NONE',  ( -13.50000000000000000, 7.794228634059947147, 5.000000000000000000 ) ) ;
#503 = VERTEX_POINT ( 'NONE', #493 ) ;
#504 = DIRECTION ( 'NONE',  ( 1.000000000000000000, 0.000000000000000000, 0.000000000000000000 ) ) ;
#505 = CARTESIAN_POINT ( 'NONE',  ( 4.749999999999992895, 8.227241335952165002, -5.000000000000000000 ) ) ;
#506 = LINE ( 'NONE', #283, #1593 ) ;
#507 = EDGE_LOOP ( 'NONE', ( #693, #2690 ) ) ;
#508 = DIRECTION ( 'NONE',  ( 0.000000000000000000, 1.000000000000000000, -0.000000000000000000 ) ) ;
#509 = LINE ( 'NONE', #523, #1614 ) ;
#510 = CIRCLE ( 'NONE', #138, 1.000000000000000444 ) ;
#511 = FACE_OUTER_BOUND ( 'NONE', #585, .T. ) ;
#512 = ORIENTED_EDGE ( 'NONE', *, *, #2745, .T. ) ;
#513 = VERTEX_POINT ( 'NONE', #2063 ) ;
#514 = VECTOR ( 'NONE', #1459, 1000.000000000000000 ) ;
#515 = AXIS2_PLACEMENT_3D ( 'NONE', #803, #1141, #617 ) ;
#516 = CARTESIAN_POINT ( 'NONE',  ( -22.93653347947320498, -2.272758664047944688, 2.999999999999999112 ) ) ;
#517 = ORIENTED_EDGE ( 'NONE', *, *, #706, .T. ) ;
#518 = CIRCLE ( 'NONE', #2154, 0.9999999999999997780 ) ;
#519 = DIRECTION ( 'NONE',  ( -0.8660254037844389297, 0.4999999999999995559, 0.000000000000000000 ) ) ;
#520 = LINE ( 'NONE', #2330, #1217 ) ;
#521 = ORIENTED_EDGE ( 'NONE', *, *, #2574, .F. ) ;
#522 = DIRECTION ( 'NONE',  ( 0.000000000000000000, -1.000000000000000000, 0.000000000000000000 ) ) ;
#523 = CARTESIAN_POINT ( 'NONE',  ( 1.500000000000003775, 2.598076211353323117, 3.000000000000000000 ) ) ;
#524 = APPROVAL_STATUS ( 'not_yet_approved' ) ;
#525 = EDGE_CURVE ( 'NONE', #2291, #2718, #1652, .T. ) ;
#526 = CARTESIAN_POINT ( 'NONE',  ( -22.93653347947320498, -2.272758664047944688, -3.000000000000000888 ) ) ;
#527 = ORIENTED_EDGE ( 'NONE', *, *, #1251, .T. ) ;
#528 = ORIENTED_EDGE ( 'NONE', *, *, #1439, .F. ) ;
#529 = LINE ( 'NONE', #484, #464 ) ;
#530 = ORIENTED_EDGE ( 'NONE', *, *, #776, .F. ) ;
#531 = CARTESIAN_POINT ( 'NONE',  ( 12.85640646055103176, -9.732050807568871420, 5.000000000000000000 ) ) ;
#532 = DIRECTION ( 'NONE',  ( 0.000000000000000000, 0.000000000000000000, 1.000000000000000000 ) ) ;
#533 = EDGE_CURVE ( 'NONE', #1285, #1673, #99, .T. ) ;
#534 = CARTESIAN_POINT ( 'NONE',  ( -24.66858428704207995, -3.272758664047952681, -3.000000000000000444 ) ) ;
#535 = DIRECTION ( 'NONE',  ( -0.5000000000000013323, 0.8660254037844379305, 0.000000000000000000 ) ) ;
#536 = AXIS2_PLACEMENT_3D ( 'NONE', #2005, #2667, #2268 ) ;
#537 = AXIS2_PLACEMENT_3D ( 'NONE', #1047, #2624, #2611 ) ;
#538 = CARTESIAN_POINT ( 'NONE',  ( -3.000000000000000000, 23.00000000000000355, -5.000000000000000000 ) ) ;
#539 = EDGE_CURVE ( 'NONE', #1161, #453, #1430, .T. ) ;
#540 = EDGE_CURVE ( 'NONE', #2253, #2335, #2038, .T. ) ;
#541 = ORIENTED_EDGE ( 'NONE', *, *, #2839, .T. ) ;
#542 = ORIENTED_EDGE ( 'NONE', *, *, #1987, .T. ) ;
#543 = CARTESIAN_POINT ( 'NONE',  ( -0.000000000000000000, 23.00000000000000355, -5.000000000000000000 ) ) ;
#544 = ORIENTED_EDGE ( 'NONE', *, *, #1914, .F. ) ;
#545 = CARTESIAN_POINT ( 'NONE',  ( 0.000000000000000000, 0.000000000000000000, -5.000000000000000000 ) ) ;
#546 = LINE ( 'NONE', #323, #2861 ) ;
#547 = CARTESIAN_POINT ( 'NONE',  ( -19.68653347947321564, -7.901923788646712410, -3.000000000000000888 ) ) ;
#548 = DIRECTION ( 'NONE',  ( 0.000000000000000000, 0.000000000000000000, 1.000000000000000000 ) ) ;
#549 = CARTESIAN_POINT ( 'NONE',  ( 3.176482621324972833, -7.344046705924947460, -2.444726936334277845 ) ) ;
#550 = CARTESIAN_POINT ( 'NONE',  ( -12.85640646055100689, -9.732050807568890960, 5.000000000000000000 ) ) ;
#551 = ORIENTED_EDGE ( 'NONE', *, *, #321, .T. ) ;
#552 = EDGE_LOOP ( 'NONE', ( #565, #264, #1200, #1126, #1842, #2516 ) ) ;
#553 = EDGE_CURVE ( 'NONE', #2023, #594, #1874, .T. ) ;
#554 = DIRECTION ( 'NONE',  ( 0.000000000000000000, -0.000000000000000000, -1.000000000000000000 ) ) ;
#555 = ORIENTED_EDGE ( 'NONE', *, *, #2694, .F. ) ;
#556 = DIRECTION ( 'NONE',  ( -0.000000000000000000, 0.000000000000000000, 1.000000000000000000 ) ) ;
#557 = CIRCLE ( 'NONE', #2311, 0.9999999999999997780 ) ;
#558 = FACE_OUTER_BOUND ( 'NONE', #1147, .T. ) ;
#559 = APPLICATION_CONTEXT ( 'configuration controlled 3d designs of mechanical parts and assemblies' ) ;
#560 = CARTESIAN_POINT ( 'NONE',  ( -1.999999999999993117, 15.00000000000000355, 5.000000000000000000 ) ) ;
#561 = LINE ( 'NONE', #2254, #1598 ) ;
#562 = VECTOR ( 'NONE', #570, 1000.000000000000000 ) ;
#563 = DIRECTION ( 'NONE',  ( 0.5000000000000039968, -0.8660254037844363761, -0.000000000000000000 ) ) ;
#564 = ORIENTED_EDGE ( 'NONE', *, *, #354, .T. ) ;
#565 = ORIENTED_EDGE ( 'NONE', *, *, #277, .F. ) ;
#566 = EDGE_CURVE ( 'NONE', #978, #1226, #2257, .T. ) ;
#567 = DIRECTION ( 'NONE',  ( 0.000000000000000000, 0.000000000000000000, 1.000000000000000000 ) ) ;
#568 = ORIENTED_EDGE ( 'NONE', *, *, #870, .F. ) ;
#569 = VERTEX_POINT ( 'NONE', #965 ) ;
#570 = DIRECTION ( 'NONE',  ( 0.000000000000000000, 0.000000000000000000, -1.000000000000000000 ) ) ;
#571 = EDGE_CURVE ( 'NONE', #2468, #569, #269, .T. ) ;
#572 = AXIS2_PLACEMENT_3D ( 'NONE', #180, #1019, #1061 ) ;
#573 = DIRECTION ( 'NONE',  ( 1.000000000000000000, 0.000000000000000000, 0.000000000000000000 ) ) ;
#574 = PLANE ( 'NONE',  #2875 ) ;
#575 = LINE ( 'NONE', #2826, #648 ) ;
#576 = AXIS2_PLACEMENT_3D ( 'NONE', #1992, #703, #30 ) ;
#577 = DIRECTION ( 'NONE',  ( 1.000000000000000000, 0.000000000000000000, 0.000000000000000000 ) ) ;
#578 = CARTESIAN_POINT ( 'NONE',  ( 13.50000000000000000, 7.794228634059949812, -5.000000000000000000 ) ) ;
#579 = VECTOR ( 'NONE', #430, 1000.000000000000000 ) ;
#580 = VERTEX_POINT ( 'NONE', #992 ) ;
#581 = VERTEX_POINT ( 'NONE', #2563 ) ;
#582 = AXIS2_PLACEMENT_3D ( 'NONE', #2737, #2295, #730 ) ;
#583 = CARTESIAN_POINT ( 'NONE',  ( 13.43653347947338439, -18.72724133595204421, -3.000000000000000888 ) ) ;
#584 = EDGE_LOOP ( 'NONE', ( #2076, #2599, #1688, #2753 ) ) ;
#585 = EDGE_LOOP ( 'NONE', ( #1185, #491, #784, #722 ) ) ;
#586 = DIRECTION ( 'NONE',  ( 1.000000000000000000, 0.000000000000000000, 0.000000000000000000 ) ) ;
#587 = DIRECTION ( 'NONE',  ( -0.000000000000000000, 0.000000000000000000, 1.000000000000000000 ) ) ;
#588 = DIRECTION ( 'NONE',  ( -1.000000000000000000, -0.000000000000000000, -0.000000000000000000 ) ) ;
#589 = ADVANCED_FACE ( 'NONE', ( #2313 ), #299, .F. ) ;
#590 = FACE_OUTER_BOUND ( 'NONE', #2470, .T. ) ;
#591 = LINE ( 'NONE', #1566, #579 ) ;
#592 = DIRECTION ( 'NONE',  ( 1.000000000000000000, 0.000000000000000000, 0.000000000000000000 ) ) ;
#593 = ORIENTED_EDGE ( 'NONE', *, *, #114, .F. ) ;
#594 = VERTEX_POINT ( 'NONE', #547 ) ;
#595 = DIRECTION ( 'NONE',  ( -0.8660254037844389297, 0.4999999999999996114, 0.000000000000000000 ) ) ;
#596 = VERTEX_POINT ( 'NONE', #1220 ) ;
#597 = ORIENTED_EDGE ( 'NONE', *, *, #400, .T. ) ;
#598 = AXIS2_PLACEMENT_3D ( 'NONE', #578, #1078, #1493 ) ;
#599 = DIRECTION ( 'NONE',  ( 0.000000000000000000, -0.000000000000000000, -1.000000000000000000 ) ) ;
#600 = AXIS2_PLACEMENT_3D ( 'NONE', #2527, #65, #1162 ) ;
#601 = DIRECTION ( 'NONE',  ( 0.4999999999999920064, 0.8660254037844432595, -0.000000000000000000 ) ) ;
#602 = CARTESIAN_POINT ( 'NONE',  ( -11.35640646055096425, -12.33012701892225316, 8.932126528973743964E-17 ) ) ;
#603 = FACE_OUTER_BOUND ( 'NONE', #1376, .T. ) ;
#604 = ADVANCED_FACE ( 'NONE', ( #718 ), #41, .T. ) ;
#605 = ADVANCED_FACE ( 'NONE', ( #1938 ), #2801, .F. ) ;
#606 = CARTESIAN_POINT ( 'NONE',  ( 0.000000000000000000, 11.00000000000000000, -5.000000000000000000 ) ) ;
#607 = COORDINATED_UNIVERSAL_TIME_OFFSET ( 1, 0, .AHEAD. ) ;
#608 = ORIENTED_EDGE ( 'NONE', *, *, #1194, .F. ) ;
#609 = EDGE_CURVE ( 'NONE', #2152, #2776, #1898, .T. ) ;
#610 = ORIENTED_EDGE ( 'NONE', *, *, #2224, .F. ) ;
#611 = DIRECTION ( 'NONE',  ( 0.000000000000000000, 0.000000000000000000, 1.000000000000000000 ) ) ;
#612 = ORIENTED_EDGE ( 'NONE', *, *, #2819, .F. ) ;
#613 = ORIENTED_EDGE ( 'NONE', *, *, #625, .F. ) ;
#614 = CARTESIAN_POINT ( 'NONE',  ( 3.000000000000000000, 0.000000000000000000, -5.000000000000000000 ) ) ;
#615 = DIRECTION ( 'NONE',  ( -0.000000000000000000, 0.000000000000000000, 1.000000000000000000 ) ) ;
#616 = DIRECTION ( 'NONE',  ( -0.000000000000000000, -1.000000000000000000, 0.000000000000000000 ) ) ;
#617 = DIRECTION ( 'NONE',  ( 1.000000000000000000, 0.000000000000000000, -0.000000000000000000 ) ) ;
#618 = AXIS2_PLACEMENT_3D ( 'NONE', #670, #1804, #1788 ) ;
#619 = DIRECTION ( 'NONE',  ( -0.000000000000000000, 1.000000000000000000, -0.000000000000000000 ) ) ;
#620 = PERSON_AND_ORGANIZATION_ROLE ( 'design_supplier' ) ;
#621 = AXIS2_PLACEMENT_3D ( 'NONE', #1367, #960, #2780 ) ;
#622 = CIRCLE ( 'NONE', #1003, 1.000000000000000888 ) ;
#623 = VERTEX_POINT ( 'NONE', #2411 ) ;
#624 = CARTESIAN_POINT ( 'NONE',  ( 9.526279441628801692, -5.500000000000045297, -5.000000000000000000 ) ) ;
#625 = EDGE_CURVE ( 'NONE', #1334, #2200, #443, .T. ) ;
#626 = VERTEX_POINT ( 'NONE', #2370 ) ;
#627 = VECTOR ( 'NONE', #619, 1000.000000000000000 ) ;
#628 = VERTEX_POINT ( 'NONE', #2356 ) ;
#629 = LINE ( 'NONE', #2706, #1113 ) ;
#630 = VECTOR ( 'NONE', #912, 1000.000000000000114 ) ;
#631 = ORIENTED_EDGE ( 'NONE', *, *, #533, .T. ) ;
#632 = CYLINDRICAL_SURFACE ( 'NONE', #1478, 0.9999999999999997780 ) ;
#633 = CARTESIAN_POINT ( 'NONE',  ( 9.500000000000001776, 21.00000000000000000, 2.999999999999999112 ) ) ;
#634 = CARTESIAN_POINT ( 'NONE',  ( -1.786241414228624036, -7.801874172448528100, -3.588472012174573678 ) ) ;
#635 = FACE_OUTER_BOUND ( 'NONE', #675, .T. ) ;
#636 = DIRECTION ( 'NONE',  ( 1.000000000000000000, 0.000000000000000000, 0.000000000000000000 ) ) ;
#637 = COORDINATED_UNIVERSAL_TIME_OFFSET ( 1, 0, .AHEAD. ) ;
#638 = EDGE_LOOP ( 'NONE', ( #485, #1163, #466, #2098, #2642, #2139, #2554, #2501 ) ) ;
#639 = DIRECTION ( 'NONE',  ( 0.000000000000000000, -0.000000000000000000, -1.000000000000000000 ) ) ;
#640 = ADVANCED_FACE ( 'NONE', ( #558 ), #2175, .F. ) ;
#641 = ORIENTED_EDGE ( 'NONE', *, *, #2549, .T. ) ;
#642 = EDGE_CURVE ( 'NONE', #1908, #122, #1457, .T. ) ;
#643 = ORIENTED_EDGE ( 'NONE', *, *, #825, .F. ) ;
#644 = CIRCLE ( 'NONE', #1448, 1.250000000000001110 ) ;
#645 = CARTESIAN_POINT ( 'NONE',  ( 1.500000000000005995, -2.598076211353323117, 5.000000000000000000 ) ) ;
#646 = EDGE_LOOP ( 'NONE', ( #2833, #245, #1375, #1056 ) ) ;
#647 =( BOUNDED_CURVE ( )  B_SPLINE_CURVE ( 3, ( #441, #1336, #2232, #1118 ),
 .UNSPECIFIED., .F., .T. ) 
 B_SPLINE_CURVE_WITH_KNOTS ( ( 4, 4 ),
 ( 2.094395102393198815, 4.188790204786387861 ),
 .UNSPECIFIED. ) 
 CURVE ( )  GEOMETRIC_REPRESENTATION_ITEM ( )  RATIONAL_B_SPLINE_CURVE ( ( 1.000000000000000000, 0.6666666666666684060, 0.6666666666666684060, 1.000000000000000000 ) ) 
 REPRESENTATION_ITEM ( '' )  );
#648 = VECTOR ( 'NONE', #1709, 999.9999999999998863 ) ;
#649 = AXIS2_PLACEMENT_3D ( 'NONE', #1816, #1104, #916 ) ;
#650 = DIRECTION ( 'NONE',  ( -1.000000000000000000, 0.000000000000000000, -1.877893248421457171E-16 ) ) ;
#651 = FACE_OUTER_BOUND ( 'NONE', #32, .T. ) ;
#652 = CARTESIAN_POINT ( 'NONE',  ( 14.85640646055102998, -6.267949192431117034, -5.000000000000000000 ) ) ;
#653 = FACE_OUTER_BOUND ( 'NONE', #1532, .T. ) ;
#654 = CARTESIAN_POINT ( 'NONE',  ( 13.50000000000000000, 7.794228634059949812, -5.000000000000000000 ) ) ;
#655 = LINE ( 'NONE', #1834, #389 ) ;
#656 = ORIENTED_EDGE ( 'NONE', *, *, #1469, .T. ) ;
#657 = AXIS2_PLACEMENT_3D ( 'NONE', #2531, #1193, #2562 ) ;
#658 = EDGE_CURVE ( 'NONE', #2877, #1496, #1923, .T. ) ;
#659 = DIRECTION ( 'NONE',  ( 0.8660254037844380415, 0.5000000000000009992, 0.000000000000000000 ) ) ;
#660 = ORIENTED_EDGE ( 'NONE', *, *, #163, .T. ) ;
#661 = EDGE_LOOP ( 'NONE', ( #2227, #2860, #969, #2394, #1795, #1112, #1065, #39 ) ) ;
#662 = DIRECTION ( 'NONE',  ( 0.000000000000000000, -0.000000000000000000, -1.000000000000000000 ) ) ;
#663 = ORIENTED_EDGE ( 'NONE', *, *, #1902, .F. ) ;
#664 = CARTESIAN_POINT ( 'NONE',  ( 22.93653347947323340, -2.272758664047620503, -3.000000000000000888 ) ) ;
#665 = CARTESIAN_POINT ( 'NONE',  ( 19.91858428704210482, -11.49999999999998934, -5.000000000000000000 ) ) ;
#666 = CYLINDRICAL_SURFACE ( 'NONE', #649, 0.9999999999999997780 ) ;
#667 = EDGE_CURVE ( 'NONE', #867, #1639, #337, .T. ) ;
#668 = LINE ( 'NONE', #856, #2034 ) ;
#669 = FACE_OUTER_BOUND ( 'NONE', #1882, .T. ) ;
#670 = CARTESIAN_POINT ( 'NONE',  ( 0.000000000000000000, 0.000000000000000000, 5.000000000000000000 ) ) ;
#671 = VERTEX_POINT ( 'NONE', #2591 ) ;
#672 = VECTOR ( 'NONE', #842, 1000.000000000000000 ) ;
#673 = EDGE_CURVE ( 'NONE', #2881, #2749, #1248, .T. ) ;
#674 = CARTESIAN_POINT ( 'NONE',  ( 16.35640646055104952, -3.669872981077656693, 8.932126528973743964E-17 ) ) ;
#675 = EDGE_LOOP ( 'NONE', ( #2757, #341, #136, #1085 ) ) ;
#676 = CIRCLE ( 'NONE', #2269, 1.000000000000000444 ) ;
#677 = ORIENTED_EDGE ( 'NONE', *, *, #1234, .F. ) ;
#678 = AXIS2_PLACEMENT_3D ( 'NONE', #901, #42, #690 ) ;
#679 = DIRECTION ( 'NONE',  ( 1.000000000000000000, 0.000000000000000000, 0.000000000000000000 ) ) ;
#680 = AXIS2_PLACEMENT_3D ( 'NONE', #1492, #2870, #577 ) ;
#681 = CARTESIAN_POINT ( 'NONE',  ( -21.41858428704207995, -8.901923788646701752, 5.000000000000000000 ) ) ;
#682 = LINE ( 'NONE', #2248, #1784 ) ;
#683 = AXIS2_PLACEMENT_3D ( 'NONE', #1431, #2772, #750 ) ;
#684 = CARTESIAN_POINT ( 'NONE',  ( 0.000000000000000000, 0.000000000000000000, -5.000000000000000000 ) ) ;
#685 = EDGE_CURVE ( 'NONE', #2299, #2111, #366, .T. ) ;
#686 = ADVANCED_FACE ( 'NONE', ( #152 ), #1952, .T. ) ;
#687 = CARTESIAN_POINT ( 'NONE',  ( 3.000000000000000000, 0.000000000000000000, 5.000000000000000000 ) ) ;
#688 = EDGE_CURVE ( 'NONE', #1014, #248, #2841, .T. ) ;
#689 = DIRECTION ( 'NONE',  ( 0.8660254037844432595, -0.4999999999999919509, 0.000000000000000000 ) ) ;
#690 = DIRECTION ( 'NONE',  ( 1.000000000000000000, 0.000000000000000000, 0.000000000000000000 ) ) ;
#691 = EDGE_LOOP ( 'NONE', ( #1684, #1498, #2532, #1205 ) ) ;
#692 = DIRECTION ( 'NONE',  ( -0.8660254037844363761, -0.5000000000000039968, 0.000000000000000000 ) ) ;
#693 = ORIENTED_EDGE ( 'NONE', *, *, #1406, .F. ) ;
#694 = ORIENTED_EDGE ( 'NONE', *, *, #967, .T. ) ;
#695 = DIRECTION ( 'NONE',  ( 1.000000000000000000, 0.000000000000000000, 0.000000000000000000 ) ) ;
#696 = CARTESIAN_POINT ( 'NONE',  ( -9.500000000000001776, 23.00000000000000355, -5.000000000000000000 ) ) ;
#697 = DIRECTION ( 'NONE',  ( 0.000000000000000000, 0.000000000000000000, 1.000000000000000000 ) ) ;
#698 = CARTESIAN_POINT ( 'NONE',  ( 21.41858428704209771, -8.901923788646676883, -5.000000000000000000 ) ) ;
#699 = DIRECTION ( 'NONE',  ( -0.5000000000000006661, 0.8660254037844382635, 0.000000000000000000 ) ) ;
#700 = DIRECTION ( 'NONE',  ( 0.000000000000000000, 0.000000000000000000, 1.000000000000000000 ) ) ;
#701 = DIRECTION ( 'NONE',  ( 0.000000000000000000, 0.000000000000000000, 1.000000000000000000 ) ) ;
#702 = CC_DESIGN_APPROVAL ( #1157, ( #1495 ) ) ;
#703 = DIRECTION ( 'NONE',  ( -0.8660254037844432595, 0.4999999999999920064, 0.000000000000000000 ) ) ;
#704 = DIRECTION ( 'NONE',  ( 0.000000000000000000, 0.000000000000000000, 1.000000000000000000 ) ) ;
#705 = ORIENTED_EDGE ( 'NONE', *, *, #129, .T. ) ;
#706 = EDGE_CURVE ( 'NONE', #1998, #963, #1667, .T. ) ;
#707 = ORIENTED_EDGE ( 'NONE', *, *, #2283, .T. ) ;
#708 = DIRECTION ( 'NONE',  ( 0.000000000000000000, 0.000000000000000000, 1.000000000000000000 ) ) ;
#709 = CIRCLE ( 'NONE', #1079, 0.9999999999999997780 ) ;
#710 = EDGE_CURVE ( 'NONE', #1144, #2312, #169, .T. ) ;
#711 = VERTEX_POINT ( 'NONE', #1899 ) ;
#712 = CARTESIAN_POINT ( 'NONE',  ( -1.499999999999994449, -2.598076211353305354, 3.000000000000000000 ) ) ;
#713 = CARTESIAN_POINT ( 'NONE',  ( 1.250000000000000000, 11.00000000000000000, 5.000000000000000000 ) ) ;
#714 = DIRECTION ( 'NONE',  ( 1.000000000000000000, 0.000000000000000000, 0.000000000000000000 ) ) ;
#715 = ADVANCED_FACE ( 'NONE', ( #1504 ), #1279, .F. ) ;
#716 = EDGE_CURVE ( 'NONE', #1573, #1639, #2633, .T. ) ;
#717 = ORIENTED_EDGE ( 'NONE', *, *, #1070, .T. ) ;
#718 = FACE_OUTER_BOUND ( 'NONE', #1319, .T. ) ;
#719 = DIRECTION ( 'NONE',  ( 0.000000000000000000, 0.000000000000000000, 1.000000000000000000 ) ) ;
#720 = ORIENTED_EDGE ( 'NONE', *, *, #1037, .T. ) ;
#721 = CARTESIAN_POINT ( 'NONE',  ( 3.993739387110644579, -6.931830430874785343, 0.2603499474355642773 ) ) ;
#722 = ORIENTED_EDGE ( 'NONE', *, *, #1713, .T. ) ;
#723 = AXIS2_PLACEMENT_3D ( 'NONE', #1680, #1183, #1458 ) ;
#724 = ORIENTED_EDGE ( 'NONE', *, *, #2882, .F. ) ;
#725 = EDGE_CURVE ( 'NONE', #1977, #847, #2131, .T. ) ;
#726 = DIRECTION ( 'NONE',  ( 0.000000000000000000, -0.000000000000000000, -1.000000000000000000 ) ) ;
#727 = ORIENTED_EDGE ( 'NONE', *, *, #2490, .T. ) ;
#728 = AXIS2_PLACEMENT_3D ( 'NONE', #2552, #2775, #1405 ) ;
#729 = VECTOR ( 'NONE', #294, 1000.000000000000000 ) ;
#730 = DIRECTION ( 'NONE',  ( -0.8660254037844390407, 0.4999999999999991118, 0.000000000000000000 ) ) ;
#731 = DIRECTION ( 'NONE',  ( -0.8660254037844390407, 0.4999999999999993339, 0.000000000000000000 ) ) ;
#732 = CARTESIAN_POINT ( 'NONE',  ( 9.499999999999998224, 23.00000000000000355, -5.000000000000000000 ) ) ;
#733 = ORIENTED_EDGE ( 'NONE', *, *, #1037, .F. ) ;
#734 = AXIS2_PLACEMENT_3D ( 'NONE', #1009, #790, #1642 ) ;
#735 = DIRECTION ( 'NONE',  ( 0.000000000000000000, 0.000000000000000000, 1.000000000000000000 ) ) ;
#736 = CARTESIAN_POINT ( 'NONE',  ( 0.7062268512117277908, -11.58845726811989607, 3.999999999999997335 ) ) ;
#737 = AXIS2_PLACEMENT_3D ( 'NONE', #2824, #1044, #2620 ) ;
#738 = PLANE ( 'NONE',  #1619 ) ;
#739 = EDGE_CURVE ( 'NONE', #1646, #2353, #2813, .T. ) ;
#740 = ORIENTED_EDGE ( 'NONE', *, *, #2231, .F. ) ;
#741 = ORIENTED_EDGE ( 'NONE', *, *, #309, .T. ) ;
#742 = ADVANCED_FACE ( 'NONE', ( #1968 ), #2661, .F. ) ;
#743 = CARTESIAN_POINT ( 'NONE',  ( 3.000000000000000000, 23.00000000000000355, 5.000000000000000000 ) ) ;
#744 = ORIENTED_EDGE ( 'NONE', *, *, #2791, .F. ) ;
#745 = EDGE_CURVE ( 'NONE', #963, #765, #2692, .T. ) ;
#746 = LINE ( 'NONE', #311, #729 ) ;
#747 = LINE ( 'NONE', #488, #846 ) ;
#748 = AXIS2_PLACEMENT_3D ( 'NONE', #911, #249, #1531 ) ;
#749 = ORIENTED_EDGE ( 'NONE', *, *, #533, .F. ) ;
#750 = DIRECTION ( 'NONE',  ( 1.000000000000000000, 0.000000000000000000, 0.000000000000000000 ) ) ;
#751 = PLANE ( 'NONE',  #482 ) ;
#752 = VECTOR ( 'NONE', #1627, 1000.000000000000000 ) ;
#753 = LINE ( 'NONE', #2287, #1429 ) ;
#754 = ORIENTED_EDGE ( 'NONE', *, *, #1125, .F. ) ;
#755 = VERTEX_POINT ( 'NONE', #212 ) ;
#756 = DIRECTION ( 'NONE',  ( 0.000000000000000000, 1.000000000000000000, 2.168404344971006896E-16 ) ) ;
#757 = EDGE_LOOP ( 'NONE', ( #190, #1177, #456, #2377, #1824, #469, #2089, #2171, #1698, #2751 ) ) ;
#758 = AXIS2_PLACEMENT_3D ( 'NONE', #308, #1204, #2720 ) ;
#759 = CARTESIAN_POINT ( 'NONE',  ( -8.000000000000000000, 9.797174393178825657E-16, 5.000000000000000000 ) ) ;
#760 = LINE ( 'NONE', #1218, #2350 ) ;
#761 = DIRECTION ( 'NONE',  ( 0.8660254037844432595, -0.4999999999999919509, 0.000000000000000000 ) ) ;
#762 = DIRECTION ( 'NONE',  ( -0.8660254037844387076, 0.4999999999999998890, 0.000000000000000000 ) ) ;
#763 = EDGE_CURVE ( 'NONE', #2718, #1717, #1102, .T. ) ;
#764 = DIRECTION ( 'NONE',  ( 0.000000000000000000, -0.000000000000000000, -1.000000000000000000 ) ) ;
#765 = VERTEX_POINT ( 'NONE', #681 ) ;
#766 = ORIENTED_EDGE ( 'NONE', *, *, #799, .T. ) ;
#767 = FACE_OUTER_BOUND ( 'NONE', #1067, .T. ) ;
#768 = ORIENTED_EDGE ( 'NONE', *, *, #2204, .T. ) ;
#769 = DIRECTION ( 'NONE',  ( 0.000000000000000000, 0.000000000000000000, 1.000000000000000000 ) ) ;
#770 = CARTESIAN_POINT ( 'NONE',  ( 16.68653347947324050, -13.09807621135331956, 2.999999999999999556 ) ) ;
#771 = CIRCLE ( 'NONE', #385, 0.9999999999999997780 ) ;
#772 = CARTESIAN_POINT ( 'NONE',  ( 22.93653347947323340, -2.272758664047620503, -3.000000000000000888 ) ) ;
#773 = CARTESIAN_POINT ( 'NONE',  ( 6.000000000000000000, 21.00000000000000000, -2.171220823840237658E-15 ) ) ;
#774 = LINE ( 'NONE', #2731, #514 ) ;
#775 = VECTOR ( 'NONE', #2429, 1000.000000000000000 ) ;
#776 = EDGE_CURVE ( 'NONE', #2228, #451, #178, .T. ) ;
#777 = VECTOR ( 'NONE', #355, 1000.000000000000114 ) ;
#778 = EDGE_CURVE ( 'NONE', #1258, #1715, #1010, .T. ) ;
#779 = DIRECTION ( 'NONE',  ( -0.000000000000000000, 0.000000000000000000, 1.000000000000000000 ) ) ;
#780 = VECTOR ( 'NONE', #125, 1000.000000000000000 ) ;
#781 = EDGE_LOOP ( 'NONE', ( #330, #2391, #362, #2673 ) ) ;
#782 = EDGE_LOOP ( 'NONE', ( #1393, #1743 ) ) ;
#783 = LINE ( 'NONE', #1497, #2157 ) ;
#784 = ORIENTED_EDGE ( 'NONE', *, *, #2694, .T. ) ;
#785 = CARTESIAN_POINT ( 'NONE',  ( -11.99038105676656940, -9.232050807568883855, 5.000000000000000000 ) ) ;
#786 = LINE ( 'NONE', #110, #1455 ) ;
#787 = CARTESIAN_POINT ( 'NONE',  ( -3.000000000000000000, 21.00000000000000000, -5.000000000000000000 ) ) ;
#788 = CARTESIAN_POINT ( 'NONE',  ( 0.000000000000000000, -11.58845726811989429, 4.000000000000000000 ) ) ;
#789 = CARTESIAN_POINT ( 'NONE',  ( 3.013880058178775467, -7.413109518141378196, -2.642461024998936203 ) ) ;
#790 = DIRECTION ( 'NONE',  ( -0.000000000000000000, 0.000000000000000000, 1.000000000000000000 ) ) ;
#791 = CIRCLE ( 'NONE', #43, 1.250000000000001110 ) ;
#792 = VERTEX_POINT ( 'NONE', #1352 ) ;
#793 = ORIENTED_EDGE ( 'NONE', *, *, #2025, .T. ) ;
#794 = PLANE ( 'NONE',  #1503 ) ;
#795 = EDGE_CURVE ( 'NONE', #2481, #44, #2202, .T. ) ;
#796 = ORIENTED_EDGE ( 'NONE', *, *, #1872, .F. ) ;
#797 = ORIENTED_EDGE ( 'NONE', *, *, #98, .T. ) ;
#798 = FACE_OUTER_BOUND ( 'NONE', #1244, .T. ) ;
#799 = EDGE_CURVE ( 'NONE', #48, #581, #1071, .T. ) ;
#800 = DIRECTION ( 'NONE',  ( -0.000000000000000000, 0.000000000000000000, 1.000000000000000000 ) ) ;
#801 = EDGE_CURVE ( 'NONE', #2424, #1259, #1534, .T. ) ;
#802 = FACE_OUTER_BOUND ( 'NONE', #35, .T. ) ;
#803 = CARTESIAN_POINT ( 'NONE',  ( 13.43653347947338439, -18.72724133595204421, 2.999999999999999112 ) ) ;
#804 = DIRECTION ( 'NONE',  ( -0.5000000000000004441, 0.8660254037844383745, 0.000000000000000000 ) ) ;
#805 = EDGE_LOOP ( 'NONE', ( #528, #1485, #2835, #2403, #984 ) ) ;
#806 = VERTEX_POINT ( 'NONE', #1579 ) ;
#807 = CARTESIAN_POINT ( 'NONE',  ( 9.499999999999998224, 0.000000000000000000, -5.000000000000000000 ) ) ;
#808 = VERTEX_POINT ( 'NONE', #2678 ) ;
#809 = ADVANCED_FACE ( 'NONE', ( #882 ), #2866, .F. ) ;
#810 = EDGE_LOOP ( 'NONE', ( #103, #608 ) ) ;
#811 = AXIS2_PLACEMENT_3D ( 'NONE', #1330, #1587, #452 ) ;
#812 = DIRECTION ( 'NONE',  ( 1.000000000000000000, 0.000000000000000000, 0.000000000000000000 ) ) ;
#813 = CARTESIAN_POINT ( 'NONE',  ( 14.85640646055102998, -6.267949192431117034, 5.000000000000000000 ) ) ;
#814 = CARTESIAN_POINT ( 'NONE',  ( 3.000000000000000000, 0.000000000000000000, 3.000000000000000000 ) ) ;
#815 = CYLINDRICAL_SURFACE ( 'NONE', #1243, 0.9999999999999994449 ) ;
#816 = LINE ( 'NONE', #1021, #627 ) ;
#817 = APPLICATION_PROTOCOL_DEFINITION ( 'international standard', 'config_control_design', 1994, #2724 ) ;
#818 = ORIENTED_EDGE ( 'NONE', *, *, #2025, .F. ) ;
#819 = ORIENTED_EDGE ( 'NONE', *, *, #1839, .T. ) ;
#820 = VECTOR ( 'NONE', #2383, 1000.000000000000000 ) ;
#821 = FACE_OUTER_BOUND ( 'NONE', #2052, .T. ) ;
#822 = EDGE_LOOP ( 'NONE', ( #210, #2521, #1605, #298 ) ) ;
#823 = ORIENTED_EDGE ( 'NONE', *, *, #1751, .T. ) ;
#824 = CYLINDRICAL_SURFACE ( 'NONE', #2238, 0.9999999999999998890 ) ;
#825 = EDGE_CURVE ( 'NONE', #1511, #838, #1132, .T. ) ;
#826 = DIRECTION ( 'NONE',  ( 1.000000000000000000, 0.000000000000000000, 0.000000000000000000 ) ) ;
#827 = CYLINDRICAL_SURFACE ( 'NONE', #433, 1.000000000000000666 ) ;
#828 = CARTESIAN_POINT ( 'NONE',  ( -3.466359554492715045, -7.211762657194191739, 2.012830585829952224 ) ) ;
#829 = EDGE_CURVE ( 'NONE', #279, #963, #2883, .T. ) ;
#830 = FACE_OUTER_BOUND ( 'NONE', #1329, .T. ) ;
#831 = PERSON_AND_ORGANIZATION ( #358, #839 ) ;
#832 = VERTEX_POINT ( 'NONE', #1561 ) ;
#833 = AXIS2_PLACEMENT_3D ( 'NONE', #1016, #556, #1292 ) ;
#834 = ORIENTED_EDGE ( 'NONE', *, *, #1015, .F. ) ;
#835 = DIRECTION ( 'NONE',  ( -1.000000000000000000, 0.000000000000000000, 0.000000000000000000 ) ) ;
#836 = ORIENTED_EDGE ( 'NONE', *, *, #1108, .F. ) ;
#837 = EDGE_CURVE ( 'NONE', #166, #908, #1321, .T. ) ;
#838 = VERTEX_POINT ( 'NONE', #195 ) ;
#839 = ORGANIZATION ( 'UNSPECIFIED', 'UNSPECIFIED', '' ) ;
#840 = DIRECTION ( 'NONE',  ( 1.000000000000000000, 0.000000000000000000, -0.000000000000000000 ) ) ;
#841 = CARTESIAN_POINT ( 'NONE',  ( -1.499999999999994449, -2.598076211353305354, -5.000000000000000000 ) ) ;
#842 = DIRECTION ( 'NONE',  ( 0.000000000000000000, 0.000000000000000000, 1.000000000000000000 ) ) ;
#843 = CARTESIAN_POINT ( 'NONE',  ( -2.650472254991410370, -7.550663287821527625, 3.006789553262796399 ) ) ;
#844 = ADVANCED_FACE ( 'NONE', ( #2645 ), #632, .F. ) ;
#845 = CARTESIAN_POINT ( 'NONE',  ( -15.35640646055101399, -5.401923788646702640, -5.000000000000000000 ) ) ;
#846 = VECTOR ( 'NONE', #281, 1000.000000000000000 ) ;
#847 = VERTEX_POINT ( 'NONE', #413 ) ;
#848 = CARTESIAN_POINT ( 'NONE',  ( 9.499999999999998224, 0.000000000000000000, -5.000000000000000000 ) ) ;
#849 = ORIENTED_EDGE ( 'NONE', *, *, #2187, .F. ) ;
#850 = ORIENTED_EDGE ( 'NONE', *, *, #2499, .T. ) ;
#851 = DIRECTION ( 'NONE',  ( 1.000000000000000000, 0.000000000000000000, 0.000000000000000000 ) ) ;
#852 = DIRECTION ( 'NONE',  ( 0.8660254037844432595, -0.4999999999999919509, 0.000000000000000000 ) ) ;
#853 = DIRECTION ( 'NONE',  ( 0.8660254037844363761, 0.5000000000000039968, -0.000000000000000000 ) ) ;
#854 = CARTESIAN_POINT ( 'NONE',  ( -2.018703368236236084, -7.744375514597577670, 3.463024472244900842 ) ) ;
#855 = AXIS2_PLACEMENT_3D ( 'NONE', #2578, #314, #1221 ) ;
#856 = CARTESIAN_POINT ( 'NONE',  ( -24.66858428704207995, -3.272758664047952681, -3.000000000000000444 ) ) ;
#857 = DIRECTION ( 'NONE',  ( 0.000000000000000000, 0.000000000000000000, 1.000000000000000000 ) ) ;
#858 = AXIS2_PLACEMENT_3D ( 'NONE', #2263, #2884, #697 ) ;
#859 = ORIENTED_EDGE ( 'NONE', *, *, #2387, .T. ) ;
#860 = DIRECTION ( 'NONE',  ( 0.5000000000000009992, -0.8660254037844380415, 0.000000000000000000 ) ) ;
#861 = CLOSED_SHELL ( 'NONE', ( #1799, #605, #2056, #1152, #1585, #2054, #2771, #427, #219, #1381, #2096, #1742, #1990, #809, #1775, #987, #1435, #2760, #640, #1972, #1355, #66, #2464, #2362, #2911, #1778, #1762, #604, #2872, #2348, #2829, #2215, #335, #881, #438, #2587, #1008, #305, #81, #1130, #2050, #2484, #2134, #715, #304, #1058, #2321, #1201, #461, #2117, #182, #2855, #40, #2114, #1655, #2265, #2660, #2337, #104, #2390, #1991, #2873, #1411, #844, #1418, #2048, #1017, #2550, #1484, #315, #2260, #742, #148, #3, #1672, #1140, #2677, #1530, #686, #1951, #2480, #1538, #2167, #2700, #2551, #589 ) ) ;
#862 = EDGE_LOOP ( 'NONE', ( #859, #2817, #1364, #2393 ) ) ;
#863 = AXIS2_PLACEMENT_3D ( 'NONE', #2251, #230, #2651 ) ;
#864 = VERTEX_POINT ( 'NONE', #1306 ) ;
#865 = CARTESIAN_POINT ( 'NONE',  ( 16.85640646055104241, -2.803847577293212989, -3.314341462499788107E-17 ) ) ;
#866 = AXIS2_PLACEMENT_3D ( 'NONE', #350, #1691, #1030 ) ;
#867 = VERTEX_POINT ( 'NONE', #1086 ) ;
#868 = CARTESIAN_POINT ( 'NONE',  ( 12.35640646055103886, -10.59807621135331601, 5.000000000000000000 ) ) ;
#869 = DIRECTION ( 'NONE',  ( 1.000000000000000000, 0.000000000000000000, 0.000000000000000000 ) ) ;
#870 = EDGE_CURVE ( 'NONE', #1226, #1082, #647, .T. ) ;
#871 = DIRECTION ( 'NONE',  ( 0.5000000000000039968, -0.8660254037844363761, -0.000000000000000000 ) ) ;
#872 = CARTESIAN_POINT ( 'NONE',  ( 1.734723475976807094E-15, -15.58845726811989429, -5.000000000000000000 ) ) ;
#873 = DIRECTION ( 'NONE',  ( 0.000000000000000000, 0.000000000000000000, 1.000000000000000000 ) ) ;
#874 = ORIENTED_EDGE ( 'NONE', *, *, #1666, .T. ) ;
#875 = PLANE ( 'NONE',  #1408 ) ;
#876 = ORIENTED_EDGE ( 'NONE', *, *, #1042, .T. ) ;
#877 = ORIENTED_EDGE ( 'NONE', *, *, #1015, .T. ) ;
#878 = EDGE_CURVE ( 'NONE', #2424, #1573, #1766, .T. ) ;
#879 = DIRECTION ( 'NONE',  ( -0.4999999999999996669, 0.8660254037844388186, 0.000000000000000000 ) ) ;
#880 = CC_DESIGN_APPROVAL ( #241, ( #1191 ) ) ;
#881 = ADVANCED_FACE ( 'NONE', ( #2543 ), #930, .F. ) ;
#882 = FACE_OUTER_BOUND ( 'NONE', #419, .T. ) ;
#883 = DIRECTION ( 'NONE',  ( 1.000000000000000000, 0.000000000000000000, 0.000000000000000000 ) ) ;
#884 = CARTESIAN_POINT ( 'NONE',  ( -10.85640646055096070, -13.19615242270668887, -3.314341462499788107E-17 ) ) ;
#885 = LINE ( 'NONE', #1076, #1663 ) ;
#886 = EDGE_CURVE ( 'NONE', #320, #268, #1843, .T. ) ;
#887 = FACE_BOUND ( 'NONE', #1873, .T. ) ;
#888 = FACE_OUTER_BOUND ( 'NONE', #2279, .T. ) ;
#889 = ORIENTED_EDGE ( 'NONE', *, *, #2241, .T. ) ;
#890 = CARTESIAN_POINT ( 'NONE',  ( 17.35640646055103531, -1.937822173508769286, -3.314341462499788107E-17 ) ) ;
#891 = ORIENTED_EDGE ( 'NONE', *, *, #11, .F. ) ;
#892 = VERTEX_POINT ( 'NONE', #759 ) ;
#893 = CYLINDRICAL_SURFACE ( 'NONE', #2006, 1.250000000000625722 ) ;
#894 = EDGE_CURVE ( 'NONE', #2304, #175, #2329, .T. ) ;
#895 = ORIENTED_EDGE ( 'NONE', *, *, #2150, .F. ) ;
#896 = DIRECTION ( 'NONE',  ( 0.000000000000000000, 0.000000000000000000, 1.000000000000000000 ) ) ;
#897 = CARTESIAN_POINT ( 'NONE',  ( 13.43653347947338439, -18.72724133595204421, -3.000000000000000888 ) ) ;
#898 = FACE_OUTER_BOUND ( 'NONE', #2093, .T. ) ;
#899 = DIRECTION ( 'NONE',  ( 0.5000000000000039968, -0.8660254037844363761, -0.000000000000000000 ) ) ;
#900 = DIRECTION ( 'NONE',  ( 0.000000000000000000, -0.000000000000000000, -1.000000000000000000 ) ) ;
#901 = CARTESIAN_POINT ( 'NONE',  ( -9.526279441628355826, -5.500000000000273559, -5.000000000000000000 ) ) ;
#902 = CIRCLE ( 'NONE', #2262, 1.250000000000000000 ) ;
#903 = AXIS2_PLACEMENT_3D ( 'NONE', #1738, #1518, #1912 ) ;
#904 = ORIENTED_EDGE ( 'NONE', *, *, #371, .F. ) ;
#905 = VECTOR ( 'NONE', #2371, 1000.000000000000000 ) ;
#906 = DIRECTION ( 'NONE',  ( 0.4999999999999920064, 0.8660254037844432595, -0.000000000000000000 ) ) ;
#907 = ORIENTED_EDGE ( 'NONE', *, *, #1365, .T. ) ;
#908 = VERTEX_POINT ( 'NONE', #1414 ) ;
#909 = AXIS2_PLACEMENT_3D ( 'NONE', #937, #221, #2097 ) ;
#910 = CIRCLE ( 'NONE', #2029, 0.9999999999999997780 ) ;
#911 = CARTESIAN_POINT ( 'NONE',  ( 16.85640646055104241, -2.803847577293212989, -3.314341462499788107E-17 ) ) ;
#912 = DIRECTION ( 'NONE',  ( 0.8660254037844380415, 0.5000000000000009992, 0.000000000000000000 ) ) ;
#913 = LINE ( 'NONE', #2233, #1657 ) ;
#914 = AXIS2_PLACEMENT_3D ( 'NONE', #2344, #285, #735 ) ;
#915 = EDGE_CURVE ( 'NONE', #2111, #2863, #1164, .T. ) ;
#916 = DIRECTION ( 'NONE',  ( 0.000000000000000000, 0.000000000000000000, 1.000000000000000000 ) ) ;
#917 = LINE ( 'NONE', #687, #1145 ) ;
#918 = DIRECTION ( 'NONE',  ( 0.000000000000000000, 1.000000000000000000, 0.000000000000000000 ) ) ;
#919 = LINE ( 'NONE', #1821, #2739 ) ;
#920 = EDGE_CURVE ( 'NONE', #1303, #623, #1389, .T. ) ;
#921 = DIRECTION ( 'NONE',  ( 0.000000000000000000, 0.000000000000000000, 1.000000000000000000 ) ) ;
#922 = EDGE_CURVE ( 'NONE', #2438, #2806, #902, .T. ) ;
#923 = CARTESIAN_POINT ( 'NONE',  ( -6.000000000000000000, 21.00000000000000000, -0.9999999999999997780 ) ) ;
#924 = VERTEX_POINT ( 'NONE', #1648 ) ;
#925 = EDGE_LOOP ( 'NONE', ( #224, #2809, #1273, #2586, #158, #1480, #733, #1930 ) ) ;
#926 = CARTESIAN_POINT ( 'NONE',  ( 16.68653347947324050, -13.09807621135332134, -5.000000000000000000 ) ) ;
#927 = EDGE_CURVE ( 'NONE', #2299, #1334, #746, .T. ) ;
#928 = ORIENTED_EDGE ( 'NONE', *, *, #2549, .F. ) ;
#929 = VECTOR ( 'NONE', #1515, 1000.000000000000000 ) ;
#930 = PLANE ( 'NONE',  #582 ) ;
#931 = CYLINDRICAL_SURFACE ( 'NONE', #1075, 1.000000000000000888 ) ;
#932 = DIRECTION ( 'NONE',  ( 0.000000000000000000, 0.000000000000000000, 1.000000000000000000 ) ) ;
#933 = ORIENTED_EDGE ( 'NONE', *, *, #1934, .F. ) ;
#934 = LINE ( 'NONE', #979, #2090 ) ;
#935 = LINE ( 'NONE', #2033, #296 ) ;
#936 = EDGE_CURVE ( 'NONE', #2045, #1732, #297, .T. ) ;
#937 = CARTESIAN_POINT ( 'NONE',  ( -2.000000000000000000, 16.00000000000000355, -5.000000000000000000 ) ) ;
#938 = DIRECTION ( 'NONE',  ( 0.000000000000000000, 0.000000000000000000, 1.000000000000000000 ) ) ;
#939 = CIRCLE ( 'NONE', #1213, 0.9999999999999997780 ) ;
#940 = ORIENTED_EDGE ( 'NONE', *, *, #642, .F. ) ;
#941 = ORIENTED_EDGE ( 'NONE', *, *, #539, .F. ) ;
#942 = DIRECTION ( 'NONE',  ( 1.000000000000000000, 0.000000000000000000, 0.000000000000000000 ) ) ;
#943 = ORIENTED_EDGE ( 'NONE', *, *, #936, .F. ) ;
#944 = CARTESIAN_POINT ( 'NONE',  ( -22.93653347947320498, -2.272758664047944688, 2.999999999999999112 ) ) ;
#945 = CARTESIAN_POINT ( 'NONE',  ( 9.500000000000001776, 21.00000000000000000, 2.999999999999999112 ) ) ;
#946 = CARTESIAN_POINT ( 'NONE',  ( -2.000000000000000000, 16.00000000000000355, 5.000000000000000000 ) ) ;
#947 = ORIENTED_EDGE ( 'NONE', *, *, #1059, .F. ) ;
#948 = CARTESIAN_POINT ( 'NONE',  ( 0.000000000000000000, -18.00000000000000355, 0.000000000000000000 ) ) ;
#949 = LINE ( 'NONE', #2743, #1229 ) ;
#950 =( BOUNDED_CURVE ( )  B_SPLINE_CURVE ( 3, ( #2759, #993, #736, #788 ),
 .UNSPECIFIED., .F., .F. ) 
 B_SPLINE_CURVE_WITH_KNOTS ( ( 4, 4 ),
 ( 5.759586531581289748, 6.283185307179586232 ),
 .UNSPECIFIED. ) 
 CURVE ( )  GEOMETRIC_REPRESENTATION_ITEM ( )  RATIONAL_B_SPLINE_CURVE ( ( 1.000000000000000000, 0.9772838841927123932, 0.9772838841927123932, 1.000000000000000000 ) ) 
 REPRESENTATION_ITEM ( '' )  );
#951 = CARTESIAN_POINT ( 'NONE',  ( -4.750000000000013323, 8.227241335952172108, 5.000000000000000000 ) ) ;
#952 = CARTESIAN_POINT ( 'NONE',  ( 3.464551323271073624, -7.212624209731661296, -2.015841205362815192 ) ) ;
#953 = EDGE_CURVE ( 'NONE', #1304, #279, #2744, .T. ) ;
#954 = ORIENTED_EDGE ( 'NONE', *, *, #1855, .F. ) ;
#955 = VECTOR ( 'NONE', #2609, 1000.000000000000000 ) ;
#956 = ORIENTED_EDGE ( 'NONE', *, *, #2837, .T. ) ;
#957 = DIRECTION ( 'NONE',  ( 0.000000000000000000, 0.000000000000000000, 1.000000000000000000 ) ) ;
#958 = EDGE_CURVE ( 'NONE', #2182, #1239, #1828, .T. ) ;
#959 = ORIENTED_EDGE ( 'NONE', *, *, #127, .T. ) ;
#960 = DIRECTION ( 'NONE',  ( 0.8660254037844388186, 0.4999999999999996114, -0.000000000000000000 ) ) ;
#961 = FACE_OUTER_BOUND ( 'NONE', #363, .T. ) ;
#962 = CIRCLE ( 'NONE', #2511, 0.9999999999999997780 ) ;
#963 = VERTEX_POINT ( 'NONE', #988 ) ;
#964 = VECTOR ( 'NONE', #1148, 1000.000000000000000 ) ;
#965 = CARTESIAN_POINT ( 'NONE',  ( -21.41858428704209416, -8.901923788646715963, -3.000000000000000444 ) ) ;
#966 = FACE_OUTER_BOUND ( 'NONE', #2583, .T. ) ;
#967 = EDGE_CURVE ( 'NONE', #596, #1892, #2722, .T. ) ;
#968 = PLANE ( 'NONE',  #1380 ) ;
#969 = ORIENTED_EDGE ( 'NONE', *, *, #1073, .F. ) ;
#970 = VECTOR ( 'NONE', #1984, 1000.000000000000114 ) ;
#971 = ORIENTED_EDGE ( 'NONE', *, *, #114, .T. ) ;
#972 = DIRECTION ( 'NONE',  ( 1.000000000000000000, 0.000000000000000000, 0.000000000000000000 ) ) ;
#973 = ORIENTED_EDGE ( 'NONE', *, *, #958, .F. ) ;
#974 = EDGE_CURVE ( 'NONE', #1416, #2688, #2103, .T. ) ;
#975 = CARTESIAN_POINT ( 'NONE',  ( 21.41858428704209771, -8.901923788646676883, -5.000000000000000000 ) ) ;
#976 = DIRECTION ( 'NONE',  ( 0.000000000000000000, 0.000000000000000000, 1.000000000000000000 ) ) ;
#977 = AXIS2_PLACEMENT_3D ( 'NONE', #177, #2382, #1069 ) ;
#978 = VERTEX_POINT ( 'NONE', #2073 ) ;
#979 = CARTESIAN_POINT ( 'NONE',  ( 13.99038105676658716, -5.767949192431122363, -5.000000000000000000 ) ) ;
#980 = CARTESIAN_POINT ( 'NONE',  ( 1.999999999999993117, 15.00000000000000355, 5.000000000000000000 ) ) ;
#981 = AXIS2_PLACEMENT_3D ( 'NONE', #1551, #2476, #22 ) ;
#982 = CARTESIAN_POINT ( 'NONE',  ( 10.77627944162880347, -5.500000000000045297, -5.000000000000000000 ) ) ;
#983 = ORIENTED_EDGE ( 'NONE', *, *, #1262, .T. ) ;
#984 = ORIENTED_EDGE ( 'NONE', *, *, #566, .F. ) ;
#985 = DIRECTION ( 'NONE',  ( -0.4999999999999992784, -0.8660254037844389297, 0.000000000000000000 ) ) ;
#986 = ORIENTED_EDGE ( 'NONE', *, *, #392, .F. ) ;
#987 = ADVANCED_FACE ( 'NONE', ( #1664 ), #1883, .F. ) ;
#988 = CARTESIAN_POINT ( 'NONE',  ( -15.35640646055101399, -5.401923788646702640, 5.000000000000000000 ) ) ;
#989 = VECTOR ( 'NONE', #1398, 1000.000000000000000 ) ;
#990 = CARTESIAN_POINT ( 'NONE',  ( 1.999999999999987121, -12.12435565298214613, -3.464101615137748613 ) ) ;
#991 = VECTOR ( 'NONE', #2766, 1000.000000000000000 ) ;
#992 = CARTESIAN_POINT ( 'NONE',  ( -2.999999999999999112, 23.00000000000000355, -3.000000000000000444 ) ) ;
#993 = CARTESIAN_POINT ( 'NONE',  ( 1.388389606015943523, -11.77124222737627335, 3.817215040743620058 ) ) ;
#994 = CARTESIAN_POINT ( 'NONE',  ( 3.000000000000000000, 0.000000000000000000, -5.000000000000000000 ) ) ;
#995 = ORIENTED_EDGE ( 'NONE', *, *, #1378, .F. ) ;
#996 = ORIENTED_EDGE ( 'NONE', *, *, #1751, .F. ) ;
#997 = LINE ( 'NONE', #1893, #1785 ) ;
#998 = EDGE_LOOP ( 'NONE', ( #612, #72, #2277, #2906 ) ) ;
#999 = EDGE_CURVE ( 'NONE', #2468, #1360, #2261, .T. ) ;
#1000 = DIRECTION ( 'NONE',  ( 0.8660254037844380415, 0.5000000000000009992, 0.000000000000000000 ) ) ;
#1001 = FACE_OUTER_BOUND ( 'NONE', #18, .T. ) ;
#1002 = VECTOR ( 'NONE', #871, 999.9999999999998863 ) ;
#1003 = AXIS2_PLACEMENT_3D ( 'NONE', #2709, #442, #1797 ) ;
#1004 = DIRECTION ( 'NONE',  ( 0.8660254037844387076, -0.4999999999999998890, 0.000000000000000000 ) ) ;
#1005 = CARTESIAN_POINT ( 'NONE',  ( -1.499999999999995781, 2.598076211353306242, -3.000000000000005329 ) ) ;
#1006 = CARTESIAN_POINT ( 'NONE',  ( 3.589235932938524609, -7.150533658063606524, -1.784549444492832038 ) ) ;
#1007 = AXIS2_PLACEMENT_3D ( 'NONE', #2236, #447, #1583 ) ;
#1008 = ADVANCED_FACE ( 'NONE', ( #2755 ), #2091, .F. ) ;
#1009 = CARTESIAN_POINT ( 'NONE',  ( 0.000000000000000000, 11.00000000000000000, -5.000000000000000000 ) ) ;
#1010 = CIRCLE ( 'NONE', #2467, 1.250000000000000000 ) ;
#1011 = EDGE_LOOP ( 'NONE', ( #2153, #2165 ) ) ;
#1012 = EDGE_LOOP ( 'NONE', ( #707, #2195, #1700, #2376, #1749, #2069, #247, #694 ) ) ;
#1013 = LINE ( 'NONE', #106, #2594 ) ;
#1014 = VERTEX_POINT ( 'NONE', #2530 ) ;
#1015 = EDGE_CURVE ( 'NONE', #671, #166, #676, .T. ) ;
#1016 = CARTESIAN_POINT ( 'NONE',  ( 0.000000000000000000, 0.000000000000000000, -5.000000000000000000 ) ) ;
#1017 = ADVANCED_FACE ( 'NONE', ( #84 ), #54, .F. ) ;
#1018 = DIRECTION ( 'NONE',  ( 0.4999999999999920064, 0.8660254037844432595, -0.000000000000000000 ) ) ;
#1019 = DIRECTION ( 'NONE',  ( 0.000000000000000000, -0.000000000000000000, -1.000000000000000000 ) ) ;
#1020 = FACE_OUTER_BOUND ( 'NONE', #2602, .T. ) ;
#1021 = CARTESIAN_POINT ( 'NONE',  ( 4.898587196589412829E-16, -18.00000000000000355, -4.000000000000000000 ) ) ;
#1022 = EDGE_CURVE ( 'NONE', #1764, #513, #2798, .T. ) ;
#1023 = VERTEX_POINT ( 'NONE', #1895 ) ;
#1024 = AXIS2_PLACEMENT_3D ( 'NONE', #884, #2725, #1783 ) ;
#1025 = VERTEX_POINT ( 'NONE', #785 ) ;
#1026 = DIRECTION ( 'NONE',  ( 0.000000000000000000, 2.168404344971006896E-16, -1.000000000000000000 ) ) ;
#1027 = EDGE_LOOP ( 'NONE', ( #2789, #717 ) ) ;
#1028 = ORIENTED_EDGE ( 'NONE', *, *, #271, .F. ) ;
#1029 = CARTESIAN_POINT ( 'NONE',  ( 9.526279441628801692, -5.500000000000045297, 5.000000000000000000 ) ) ;
#1030 = DIRECTION ( 'NONE',  ( 0.000000000000000000, -0.000000000000000000, -1.000000000000000000 ) ) ;
#1031 = CARTESIAN_POINT ( 'NONE',  ( -22.93653347947320498, -2.272758664047944688, -3.000000000000000888 ) ) ;
#1032 = CARTESIAN_POINT ( 'NONE',  ( -3.176101805495860297, -7.344217040545347963, -2.445264361216423321 ) ) ;
#1033 = CARTESIAN_POINT ( 'NONE',  ( 0.000000000000000000, 11.00000000000000000, -5.000000000000000000 ) ) ;
#1034 = DIRECTION ( 'NONE',  ( 0.000000000000000000, 0.000000000000000000, 1.000000000000000000 ) ) ;
#1035 = ORIENTED_EDGE ( 'NONE', *, *, #132, .F. ) ;
#1036 = EDGE_LOOP ( 'NONE', ( #1586, #641, #306, #10, #1040, #2598, #1807, #2453, #131, #2656, #766, #1964, #1547, #2127, #1051, #1128, #1181, #2433, #119, #307, #1348, #1545, #2497, #1635, #2768, #1865, #1894, #1246, #2041, #1996, #834 ) ) ;
#1037 = EDGE_CURVE ( 'NONE', #2072, #765, #1216, .T. ) ;
#1038 = DIRECTION ( 'NONE',  ( -0.4999999999999996114, -0.8660254037844389297, 0.000000000000000000 ) ) ;
#1039 = ORIENTED_EDGE ( 'NONE', *, *, #870, .T. ) ;
#1040 = ORIENTED_EDGE ( 'NONE', *, *, #2574, .T. ) ;
#1041 = AXIS2_PLACEMENT_3D ( 'NONE', #624, #12, #1543 ) ;
#1042 = EDGE_CURVE ( 'NONE', #386, #1055, #1282, .T. ) ;
#1043 = LINE ( 'NONE', #2606, #1956 ) ;
#1044 = DIRECTION ( 'NONE',  ( -0.8660254037844363761, -0.5000000000000039968, 0.000000000000000000 ) ) ;
#1045 = DIRECTION ( 'NONE',  ( -0.5000000000000039968, 0.8660254037844363761, 0.000000000000000000 ) ) ;
#1046 = CARTESIAN_POINT ( 'NONE',  ( 16.35640646055104952, -3.669872981077656249, 8.932126528973743964E-17 ) ) ;
#1047 = CARTESIAN_POINT ( 'NONE',  ( -13.50000000000000000, 7.794228634059947147, -5.000000000000000000 ) ) ;
#1048 = VECTOR ( 'NONE', #2699, 1000.000000000000000 ) ;
#1049 =( NAMED_UNIT ( * ) PLANE_ANGLE_UNIT ( ) SI_UNIT ( $, .RADIAN. ) );
#1050 = AXIS2_PLACEMENT_3D ( 'NONE', #401, #804, #1694 ) ;
#1051 = ORIENTED_EDGE ( 'NONE', *, *, #801, .T. ) ;
#1052 = ORIENTED_EDGE ( 'NONE', *, *, #894, .T. ) ;
#1053 = VECTOR ( 'NONE', #2105, 999.9999999999998863 ) ;
#1054 = DIRECTION ( 'NONE',  ( -0.8660254037844363761, -0.5000000000000039968, -0.000000000000000000 ) ) ;
#1055 = VERTEX_POINT ( 'NONE', #2869 ) ;
#1056 = ORIENTED_EDGE ( 'NONE', *, *, #2577, .T. ) ;
#1057 = CARTESIAN_POINT ( 'NONE',  ( 0.000000000000000000, 15.00000000000000355, -5.000000000000000000 ) ) ;
#1058 = ADVANCED_FACE ( 'NONE', ( #429 ), #416, .T. ) ;
#1059 = EDGE_CURVE ( 'NONE', #105, #832, #2017, .T. ) ;
#1060 = CARTESIAN_POINT ( 'NONE',  ( -4.750000000000013323, 8.227241335952172108, -5.000000000000000000 ) ) ;
#1061 = DIRECTION ( 'NONE',  ( 1.000000000000000000, 0.000000000000000000, 0.000000000000000000 ) ) ;
#1062 = CARTESIAN_POINT ( 'NONE',  ( -1.307332176164478277, -7.896296105610067784, 3.789394415675245931 ) ) ;
#1063 = LINE ( 'NONE', #2360, #492 ) ;
#1064 = APPROVAL_STATUS ( 'not_yet_approved' ) ;
#1065 = ORIENTED_EDGE ( 'NONE', *, *, #2355, .T. ) ;
#1066 = LINE ( 'NONE', #205, #1500 ) ;
#1067 = EDGE_LOOP ( 'NONE', ( #1410, #1659, #793, #376 ) ) ;
#1068 = EDGE_LOOP ( 'NONE', ( #137, #2289, #741, #2730 ) ) ;
#1069 = DIRECTION ( 'NONE',  ( -1.000000000000000000, 0.000000000000000000, 1.877893248421441887E-16 ) ) ;
#1070 = EDGE_CURVE ( 'NONE', #2335, #2253, #771, .T. ) ;
#1071 = LINE ( 'NONE', #1594, #2649 ) ;
#1072 = LINE ( 'NONE', #1249, #2079 ) ;
#1073 = EDGE_CURVE ( 'NONE', #1144, #1977, #460, .T. ) ;
#1074 = CARTESIAN_POINT ( 'NONE',  ( 10.85640646055114189, -13.19615242270653255, -2.171220823840237658E-15 ) ) ;
#1075 = AXIS2_PLACEMENT_3D ( 'NONE', #2475, #2723, #1829 ) ;
#1076 = CARTESIAN_POINT ( 'NONE',  ( 9.500000000000001776, 23.00000000000000355, 2.999999999999999112 ) ) ;
#1077 = DIRECTION ( 'NONE',  ( 0.000000000000000000, 0.000000000000000000, 1.000000000000000000 ) ) ;
#1078 = DIRECTION ( 'NONE',  ( 0.000000000000000000, 0.000000000000000000, 1.000000000000000000 ) ) ;
#1079 = AXIS2_PLACEMENT_3D ( 'NONE', #55, #1442, #976 ) ;
#1080 = ORIENTED_EDGE ( 'NONE', *, *, #1914, .T. ) ;
#1081 = CARTESIAN_POINT ( 'NONE',  ( 4.750000000000003553, -8.227241335952150791, -5.000000000000000000 ) ) ;
#1082 = VERTEX_POINT ( 'NONE', #1296 ) ;
#1083 = ORIENTED_EDGE ( 'NONE', *, *, #1819, .F. ) ;
#1084 = CARTESIAN_POINT ( 'NONE',  ( 4.898587196589412829E-16, -11.58845726811989429, -4.000000000000000000 ) ) ;
#1085 = ORIENTED_EDGE ( 'NONE', *, *, #486, .F. ) ;
#1086 = CARTESIAN_POINT ( 'NONE',  ( 16.68653347947324050, -13.09807621135331956, -3.000000000000000888 ) ) ;
#1087 = CARTESIAN_POINT ( 'NONE',  ( 0.000000000000000000, 0.000000000000000000, 5.000000000000000000 ) ) ;
#1088 = CARTESIAN_POINT ( 'NONE',  ( 22.93653347947323340, -2.272758664047620503, -3.000000000000000888 ) ) ;
#1089 = DIRECTION ( 'NONE',  ( 0.000000000000000000, 0.000000000000000000, 1.000000000000000000 ) ) ;
#1090 = FACE_OUTER_BOUND ( 'NONE', #2441, .T. ) ;
#1091 = APPROVAL_DATE_TIME ( #2859, #241 ) ;
#1092 = EDGE_CURVE ( 'NONE', #2863, #2291, #1120, .T. ) ;
#1093 = ORIENTED_EDGE ( 'NONE', *, *, #1817, .F. ) ;
#1094 = FACE_OUTER_BOUND ( 'NONE', #1615, .T. ) ;
#1095 = CIRCLE ( 'NONE', #680, 1.000000000000000444 ) ;
#1096 = ORIENTED_EDGE ( 'NONE', *, *, #716, .F. ) ;
#1097 = VECTOR ( 'NONE', #2399, 1000.000000000000000 ) ;
#1098 = VERTEX_POINT ( 'NONE', #2711 ) ;
#1099 = DIRECTION ( 'NONE',  ( 0.000000000000000000, 0.000000000000000000, 1.000000000000000000 ) ) ;
#1100 = VECTOR ( 'NONE', #1208, 1000.000000000000000 ) ;
#1101 = ORIENTED_EDGE ( 'NONE', *, *, #1219, .F. ) ;
#1102 = LINE ( 'NONE', #664, #2513 ) ;
#1103 = CARTESIAN_POINT ( 'NONE',  ( -0.7062268512117332309, -11.58845726811989607, -3.999999999999997335 ) ) ;
#1104 = DIRECTION ( 'NONE',  ( -0.000000000000000000, 1.000000000000000000, -0.000000000000000000 ) ) ;
#1105 = CARTESIAN_POINT ( 'NONE',  ( -3.000000000000000000, 0.000000000000000000, 3.000000000000000000 ) ) ;
#1106 = CARTESIAN_POINT ( 'NONE',  ( 0.000000000000000000, 23.00000000000000355, 5.000000000000000000 ) ) ;
#1107 = LINE ( 'NONE', #28, #1801 ) ;
#1108 = EDGE_CURVE ( 'NONE', #2305, #173, #668, .T. ) ;
#1109 = ORIENTED_EDGE ( 'NONE', *, *, #1819, .T. ) ;
#1110 = CARTESIAN_POINT ( 'NONE',  ( -6.000000000000000000, 16.00000000000000000, 0.9999999999999997780 ) ) ;
#1111 = EDGE_CURVE ( 'NONE', #1413, #1423, #1755, .T. ) ;
#1112 = ORIENTED_EDGE ( 'NONE', *, *, #837, .F. ) ;
#1113 = VECTOR ( 'NONE', #879, 1000.000000000000114 ) ;
#1114 = ORIENTED_EDGE ( 'NONE', *, *, #2840, .F. ) ;
#1115 = DIRECTION ( 'NONE',  ( 0.000000000000000000, 0.000000000000000000, 1.000000000000000000 ) ) ;
#1116 = ORIENTED_EDGE ( 'NONE', *, *, #1696, .F. ) ;
#1117 = APPROVAL_PERSON_ORGANIZATION ( #1540, #2410, #185 ) ;
#1118 = CARTESIAN_POINT ( 'NONE',  ( -2.000000000000010658, -12.12435565298214435, -3.464101615137747281 ) ) ;
#1119 = DIRECTION ( 'NONE',  ( 0.000000000000000000, -0.000000000000000000, -1.000000000000000000 ) ) ;
#1120 = LINE ( 'NONE', #1356, #2788 ) ;
#1121 = CARTESIAN_POINT ( 'NONE',  ( -6.000000000000000000, 21.00000000000000000, -3.314341462499788107E-17 ) ) ;
#1122 = LINE ( 'NONE', #431, #1048 ) ;
#1123 = ORIENTED_EDGE ( 'NONE', *, *, #2878, .T. ) ;
#1124 = FACE_OUTER_BOUND ( 'NONE', #2485, .T. ) ;
#1125 = EDGE_CURVE ( 'NONE', #671, #1413, #2681, .T. ) ;
#1126 = ORIENTED_EDGE ( 'NONE', *, *, #1439, .T. ) ;
#1127 = EDGE_CURVE ( 'NONE', #248, #2304, #917, .T. ) ;
#1128 = ORIENTED_EDGE ( 'NONE', *, *, #2172, .F. ) ;
#1129 = CARTESIAN_POINT ( 'NONE',  ( 21.41858428704209771, -8.901923788646676883, -5.000000000000000000 ) ) ;
#1130 = ADVANCED_FACE ( 'NONE', ( #653 ), #1582, .F. ) ;
#1131 = EDGE_CURVE ( 'NONE', #122, #1416, #1565, .T. ) ;
#1132 = LINE ( 'NONE', #2442, #2130 ) ;
#1133 = CARTESIAN_POINT ( 'NONE',  ( 5.000000000000006217, -13.85640646055103353, -1.732050807568882522 ) ) ;
#1134 = LINE ( 'NONE', #2234, #2293 ) ;
#1135 = DIRECTION ( 'NONE',  ( 0.000000000000000000, 0.000000000000000000, 1.000000000000000000 ) ) ;
#1136 = CARTESIAN_POINT ( 'NONE',  ( 8.000000000000000000, 0.000000000000000000, -5.000000000000000000 ) ) ;
#1137 = LINE ( 'NONE', #1567, #204 ) ;
#1138 = VECTOR ( 'NONE', #100, 1000.000000000000114 ) ;
#1139 = FACE_BOUND ( 'NONE', #810, .T. ) ;
#1140 = ADVANCED_FACE ( 'NONE', ( #635 ), #2415, .F. ) ;
#1141 = DIRECTION ( 'NONE',  ( 0.000000000000000000, 0.000000000000000000, 1.000000000000000000 ) ) ;
#1142 = ORIENTED_EDGE ( 'NONE', *, *, #571, .T. ) ;
#1143 = VECTOR ( 'NONE', #1818, 1000.000000000000000 ) ;
#1144 = VERTEX_POINT ( 'NONE', #1537 ) ;
#1145 = VECTOR ( 'NONE', #2902, 1000.000000000000000 ) ;
#1146 = FACE_OUTER_BOUND ( 'NONE', #2895, .T. ) ;
#1147 = EDGE_LOOP ( 'NONE', ( #2741, #610, #2864, #1188 ) ) ;
#1148 = DIRECTION ( 'NONE',  ( 0.000000000000000000, 1.000000000000000000, 2.168404344971006896E-16 ) ) ;
#1149 = CARTESIAN_POINT ( 'NONE',  ( 9.499999999999998224, 7.794228634059947147, 5.000000000000000000 ) ) ;
#1150 = AXIS2_PLACEMENT_3D ( 'NONE', #1060, #2853, #1737 ) ;
#1151 = LINE ( 'NONE', #698, #2194 ) ;
#1152 = ADVANCED_FACE ( 'NONE', ( #1311 ), #399, .F. ) ;
#1153 = MANIFOLD_SOLID_BREP ( 'Enlèv. mat.-Extru.5', #861 ) ;
#1154 = ORIENTED_EDGE ( 'NONE', *, *, #1467, .F. ) ;
#1155 = DIRECTION ( 'NONE',  ( 0.000000000000000000, 0.000000000000000000, 1.000000000000000000 ) ) ;
#1156 = LINE ( 'NONE', #2494, #2322 ) ;
#1157 = APPROVAL ( #524, 'UNSPECIFIED' ) ;
#1158 = CYLINDRICAL_SURFACE ( 'NONE', #909, 1.000000000000000444 ) ;
#1159 = CARTESIAN_POINT ( 'NONE',  ( 1.789786216845234312, -7.801085822210255927, 3.586769335013106019 ) ) ;
#1160 = VERTEX_POINT ( 'NONE', #183 ) ;
#1161 = VERTEX_POINT ( 'NONE', #2206 ) ;
#1162 = DIRECTION ( 'NONE',  ( 0.8660254037844385966, -0.5000000000000001110, 0.000000000000000000 ) ) ;
#1163 = ORIENTED_EDGE ( 'NONE', *, *, #2499, .F. ) ;
#1164 = LINE ( 'NONE', #975, #1433 ) ;
#1165 = CARTESIAN_POINT ( 'NONE',  ( 1.999999999999993117, 15.00000000000000355, -5.000000000000000000 ) ) ;
#1166 = CYLINDRICAL_SURFACE ( 'NONE', #981, 0.9999999999999997780 ) ;
#1167 = ORIENTED_EDGE ( 'NONE', *, *, #403, .T. ) ;
#1168 = EDGE_CURVE ( 'NONE', #1144, #626, #885, .T. ) ;
#1169 = CYLINDRICAL_SURFACE ( 'NONE', #683, 1.250000000000625722 ) ;
#1170 = CARTESIAN_POINT ( 'NONE',  ( -10.85640646055096070, -13.19615242270668887, -3.314341462499788107E-17 ) ) ;
#1171 = LOCAL_TIME ( 17, 39, 22.00000000000000000, #607 ) ;
#1172 = DIRECTION ( 'NONE',  ( 0.5000000000000039968, -0.8660254037844363761, -0.000000000000000000 ) ) ;
#1173 = DIRECTION ( 'NONE',  ( -0.8660254037844363761, -0.5000000000000039968, -0.000000000000000000 ) ) ;
#1174 = ORIENTED_EDGE ( 'NONE', *, *, #2405, .F. ) ;
#1175 = EDGE_LOOP ( 'NONE', ( #2721, #290, #1811, #14, #631, #207, #593, #544, #1560, #2380, #2733, #1035, #1995, #2687, #1494, #1840, #424, #255, #359, #2209, #943, #1935, #613, #234, #677, #162, #2822, #1268, #2719, #2061, #1028 ) ) ;
#1176 = FACE_OUTER_BOUND ( 'NONE', #1012, .T. ) ;
#1177 = ORIENTED_EDGE ( 'NONE', *, *, #1722, .T. ) ;
#1178 = DIRECTION ( 'NONE',  ( 0.8660254037844381525, 0.5000000000000008882, 0.000000000000000000 ) ) ;
#1179 = DIRECTION ( 'NONE',  ( -0.8660254037844389297, 0.4999999999999995004, 0.000000000000000000 ) ) ;
#1180 = CARTESIAN_POINT ( 'NONE',  ( 15.68653347947334886, -14.83012701892204888, -2.171220823840237658E-15 ) ) ;
#1181 = ORIENTED_EDGE ( 'NONE', *, *, #1022, .F. ) ;
#1182 = CARTESIAN_POINT ( 'NONE',  ( 21.18653347947326182, -5.303847577293172577, -3.314341462499788107E-17 ) ) ;
#1183 = DIRECTION ( 'NONE',  ( 0.000000000000000000, 1.000000000000000000, 0.000000000000000000 ) ) ;
#1184 = LINE ( 'NONE', #1889, #1809 ) ;
#1185 = ORIENTED_EDGE ( 'NONE', *, *, #2707, .F. ) ;
#1186 = EDGE_CURVE ( 'NONE', #2072, #2023, #2462, .T. ) ;
#1187 = VECTOR ( 'NONE', #616, 1000.000000000000000 ) ;
#1188 = ORIENTED_EDGE ( 'NONE', *, *, #1563, .F. ) ;
#1189 = CARTESIAN_POINT ( 'NONE',  ( 9.500000000000001776, 21.00000000000000000, -3.000000000000000888 ) ) ;
#1190 = EDGE_LOOP ( 'NONE', ( #1861, #2401 ) ) ;
#1191 = PRODUCT_DEFINITION ( 'UNKNOWN', '', #1351, #1300 ) ;
#1192 = CARTESIAN_POINT ( 'NONE',  ( -2.000000000000000000, 16.00000000000000355, -5.000000000000000000 ) ) ;
#1193 = DIRECTION ( 'NONE',  ( -0.8660254037844385966, 0.5000000000000001110, 0.000000000000000000 ) ) ;
#1194 = EDGE_CURVE ( 'NONE', #711, #2897, #161, .T. ) ;
#1195 = EDGE_LOOP ( 'NONE', ( #310, #1228 ) ) ;
#1196 = VECTOR ( 'NONE', #1004, 1000.000000000000114 ) ;
#1197 = CARTESIAN_POINT ( 'NONE',  ( 0.000000000000000000, -18.00000000000000355, 4.000000000000000000 ) ) ;
#1198 = CARTESIAN_POINT ( 'NONE',  ( 4.898587196589412829E-16, -11.58845726811989429, -4.000000000000000000 ) ) ;
#1199 = CARTESIAN_POINT ( 'NONE',  ( 13.99038105676658716, -5.767949192431122363, -5.000000000000000000 ) ) ;
#1200 = ORIENTED_EDGE ( 'NONE', *, *, #1722, .F. ) ;
#1201 = ADVANCED_FACE ( 'NONE', ( #1802 ), #2047, .T. ) ;
#1202 = ORIENTED_EDGE ( 'NONE', *, *, #1647, .F. ) ;
#1203 = EDGE_CURVE ( 'NONE', #924, #1379, #1122, .T. ) ;
#1204 = DIRECTION ( 'NONE',  ( 0.000000000000000000, 1.000000000000000000, 0.000000000000000000 ) ) ;
#1205 = ORIENTED_EDGE ( 'NONE', *, *, #799, .F. ) ;
#1206 = DIRECTION ( 'NONE',  ( 1.000000000000000000, 0.000000000000000000, 0.000000000000000000 ) ) ;
#1207 = DIRECTION ( 'NONE',  ( 0.000000000000000000, 0.000000000000000000, 1.000000000000000000 ) ) ;
#1208 = DIRECTION ( 'NONE',  ( -0.000000000000000000, 1.000000000000000000, -0.000000000000000000 ) ) ;
#1209 = APPROVAL_PERSON_ORGANIZATION ( #2417, #241, #1712 ) ;
#1210 = LINE ( 'NONE', #102, #2793 ) ;
#1211 = ORIENTED_EDGE ( 'NONE', *, *, #625, .T. ) ;
#1212 = ORIENTED_EDGE ( 'NONE', *, *, #371, .T. ) ;
#1213 = AXIS2_PLACEMENT_3D ( 'NONE', #2036, #115, #938 ) ;
#1214 = PLANE ( 'NONE',  #2107 ) ;
#1215 = ORIENTED_EDGE ( 'NONE', *, *, #886, .F. ) ;
#1216 = LINE ( 'NONE', #2115, #2553 ) ;
#1217 = VECTOR ( 'NONE', #2296, 1000.000000000000114 ) ;
#1218 = CARTESIAN_POINT ( 'NONE',  ( -18.41858428704207284, -14.09807621135333200, -5.000000000000000000 ) ) ;
#1219 = EDGE_CURVE ( 'NONE', #838, #2727, #2466, .T. ) ;
#1220 = CARTESIAN_POINT ( 'NONE',  ( 18.41858428704212258, -14.09807621135332489, 2.999999999999999112 ) ) ;
#1221 = DIRECTION ( 'NONE',  ( 0.000000000000000000, 0.000000000000000000, 1.000000000000000000 ) ) ;
#1222 = CARTESIAN_POINT ( 'NONE',  ( 1.304660443936457748, -7.896804997488094280, -3.790472265279760666 ) ) ;
#1223 = EDGE_CURVE ( 'NONE', #1160, #2305, #1359, .T. ) ;
#1224 = CARTESIAN_POINT ( 'NONE',  ( 17.35640646055103531, -1.937822173508769952, -3.314341462499788107E-17 ) ) ;
#1225 = EDGE_LOOP ( 'NONE', ( #2764, #470, #1123, #1832 ) ) ;
#1226 = VERTEX_POINT ( 'NONE', #2508 ) ;
#1227 = CARTESIAN_POINT ( 'NONE',  ( 16.85640646055104241, -2.803847577293212989, -3.314341462499788107E-17 ) ) ;
#1228 = ORIENTED_EDGE ( 'NONE', *, *, #1987, .F. ) ;
#1229 = VECTOR ( 'NONE', #2302, 1000.000000000000000 ) ;
#1230 = DIRECTION ( 'NONE',  ( -0.000000000000000000, 1.000000000000000000, -0.000000000000000000 ) ) ;
#1231 = CARTESIAN_POINT ( 'NONE',  ( 4.749999999999992895, 8.227241335952165002, -5.000000000000000000 ) ) ;
#1232 = CYLINDRICAL_SURFACE ( 'NONE', #1980, 1.250000000000001110 ) ;
#1233 = VECTOR ( 'NONE', #2787, 1000.000000000000000 ) ;
#1234 = EDGE_CURVE ( 'NONE', #1416, #62, #655, .T. ) ;
#1235 = CARTESIAN_POINT ( 'NONE',  ( 4.898586769968001020E-16, -8.000000000000000000, -4.000000000000000000 ) ) ;
#1236 = VECTOR ( 'NONE', #116, 1000.000000000000114 ) ;
#1237 = DIRECTION ( 'NONE',  ( 0.8660254037844387076, -0.4999999999999998890, 0.000000000000000000 ) ) ;
#1238 = AXIS2_PLACEMENT_3D ( 'NONE', #872, #2666, #2430 ) ;
#1239 = VERTEX_POINT ( 'NONE', #2252 ) ;
#1240 = VECTOR ( 'NONE', #1624, 1000.000000000000000 ) ;
#1241 = ORIENTED_EDGE ( 'NONE', *, *, #1404, .F. ) ;
#1242 = DIRECTION ( 'NONE',  ( 0.000000000000000000, 0.000000000000000000, 1.000000000000000000 ) ) ;
#1243 = AXIS2_PLACEMENT_3D ( 'NONE', #1074, #2635, #1754 ) ;
#1244 = EDGE_LOOP ( 'NONE', ( #2349, #517, #2514, #1436 ) ) ;
#1245 =( BOUNDED_CURVE ( )  B_SPLINE_CURVE ( 3, ( #1609, #2693, #1103, #1580 ),
 .UNSPECIFIED., .F., .F. ) 
 B_SPLINE_CURVE_WITH_KNOTS ( ( 4, 4 ),
 ( 2.617993877991491747, 3.141592653589793116 ),
 .UNSPECIFIED. ) 
 CURVE ( )  GEOMETRIC_REPRESENTATION_ITEM ( )  RATIONAL_B_SPLINE_CURVE ( ( 1.000000000000000000, 0.9772838841927119491, 0.9772838841927119491, 1.000000000000000000 ) ) 
 REPRESENTATION_ITEM ( '' )  );
#1246 = ORIENTED_EDGE ( 'NONE', *, *, #2270, .F. ) ;
#1247 = CARTESIAN_POINT ( 'NONE',  ( -11.35640646055096425, -12.33012701892225316, 8.932126528973743964E-17 ) ) ;
#1248 = LINE ( 'NONE', #1231, #213 ) ;
#1249 = CARTESIAN_POINT ( 'NONE',  ( -0.000000000000000000, 23.00000000000000355, -5.000000000000000000 ) ) ;
#1250 = DIRECTION ( 'NONE',  ( 0.000000000000000000, 0.000000000000000000, 1.000000000000000000 ) ) ;
#1251 = EDGE_CURVE ( 'NONE', #2776, #2152, #1806, .T. ) ;
#1252 = DIRECTION ( 'NONE',  ( 1.000000000000000000, 0.000000000000000000, 0.000000000000000000 ) ) ;
#1253 = FACE_OUTER_BOUND ( 'NONE', #862, .T. ) ;
#1254 = ORIENTED_EDGE ( 'NONE', *, *, #2893, .T. ) ;
#1255 = VECTOR ( 'NONE', #1596, 1000.000000000000000 ) ;
#1256 = ORIENTED_EDGE ( 'NONE', *, *, #1800, .T. ) ;
#1257 = CARTESIAN_POINT ( 'NONE',  ( -9.500000000000001776, 7.794228634059948035, -5.000000000000000000 ) ) ;
#1258 = VERTEX_POINT ( 'NONE', #1600 ) ;
#1259 = VERTEX_POINT ( 'NONE', #2019 ) ;
#1260 = CARTESIAN_POINT ( 'NONE',  ( -19.91858428704206574, -11.50000000000002842, -5.000000000000000000 ) ) ;
#1261 = VECTOR ( 'NONE', #2899, 1000.000000000000000 ) ;
#1262 = EDGE_CURVE ( 'NONE', #46, #2727, #1156, .T. ) ;
#1263 = VECTOR ( 'NONE', #2155, 1000.000000000000000 ) ;
#1264 = CARTESIAN_POINT ( 'NONE',  ( -14.85640646055100689, -6.267949192431138350, 5.000000000000000000 ) ) ;
#1265 = CARTESIAN_POINT ( 'NONE',  ( -0.000000000000000000, 15.00000000000000355, -5.000000000000000000 ) ) ;
#1266 = CARTESIAN_POINT ( 'NONE',  ( -4.000255272253209426, -6.928055848863408528, -0.2623446565639034334 ) ) ;
#1267 = DIRECTION ( 'NONE',  ( -0.000000000000000000, 1.000000000000000000, -0.000000000000000000 ) ) ;
#1268 = ORIENTED_EDGE ( 'NONE', *, *, #1471, .F. ) ;
#1269 = B_SPLINE_CURVE_WITH_KNOTS ( 'NONE', 3,
 ( #369, #1970, #1506, #2178, #1062, #2868, #854, #2146, #843, #2385, #1739, #828, #1477, #155, #2427, #1295, #2413, #1266, #1519, #1723, #398, #171, #1536, #1032, #2398, #381, #1954, #2856, #634, #415, #1308, #2205, #197, #2373 ),
 .UNSPECIFIED., .F., .F.,
 ( 4, 2, 2, 2, 2, 2, 2, 2, 2, 2, 2, 2, 2, 2, 2, 2, 4 ),
 ( 5.553622423140830711E-20, 0.0007952457144059380326, 0.001590491428811875848, 0.002385737143217813664, 0.003180982857623751697, 0.003976228572029690163, 0.004771474286435627328, 0.005566720000841566228, 0.006361965715247505128, 0.007157211429653444895, 0.007952457144059382060, 0.008747702858465320960, 0.009542948572871258126, 0.01033819428727719529, 0.01113344000168313419, 0.01192868571608907136, 0.01272393143049501026 ),
 .UNSPECIFIED. ) ;
#1270 = ORIENTED_EDGE ( 'NONE', *, *, #2577, .F. ) ;
#1271 = CARTESIAN_POINT ( 'NONE',  ( 1.250000000000000000, 11.00000000000000000, -5.000000000000000000 ) ) ;
#1272 = EDGE_CURVE ( 'NONE', #2897, #711, #1426, .T. ) ;
#1273 = ORIENTED_EDGE ( 'NONE', *, *, #411, .F. ) ;
#1274 = CIRCLE ( 'NONE', #1310, 1.000000000000000888 ) ;
#1275 = ORIENTED_EDGE ( 'NONE', *, *, #886, .T. ) ;
#1276 = DIRECTION ( 'NONE',  ( -0.5000000000000013323, 0.8660254037844379305, 0.000000000000000000 ) ) ;
#1277 = VECTOR ( 'NONE', #1337, 1000.000000000000000 ) ;
#1278 = CC_DESIGN_PERSON_AND_ORGANIZATION_ASSIGNMENT ( #831, #1726, ( #1351 ) ) ;
#1279 = PLANE ( 'NONE',  #1150 ) ;
#1280 = DIRECTION ( 'NONE',  ( 0.8660254037844433705, -0.4999999999999919509, -0.000000000000000000 ) ) ;
#1281 = CARTESIAN_POINT ( 'NONE',  ( -11.85640646055100511, -9.732050807568890960, -5.000000000000000000 ) ) ;
#1282 = CIRCLE ( 'NONE', #19, 8.000000000000000000 ) ;
#1283 = DIRECTION ( 'NONE',  ( 0.000000000000000000, 0.000000000000000000, 1.000000000000000000 ) ) ;
#1284 = AXIS2_PLACEMENT_3D ( 'NONE', #2235, #229, #7 ) ;
#1285 = VERTEX_POINT ( 'NONE', #244 ) ;
#1286 = AXIS2_PLACEMENT_3D ( 'NONE', #813, #615, #2144 ) ;
#1287 = CARTESIAN_POINT ( 'NONE',  ( 10.85640646055114189, -13.19615242270653255, -2.171220823840237658E-15 ) ) ;
#1288 = ORIENTED_EDGE ( 'NONE', *, *, #1022, .T. ) ;
#1289 = EDGE_CURVE ( 'NONE', #2805, #1481, #910, .T. ) ;
#1290 = EDGE_CURVE ( 'NONE', #892, #628, #336, .T. ) ;
#1291 = VERTEX_POINT ( 'NONE', #2222 ) ;
#1292 = DIRECTION ( 'NONE',  ( 1.000000000000000000, 0.000000000000000000, 0.000000000000000000 ) ) ;
#1293 = CARTESIAN_POINT ( 'NONE',  ( -15.35640646055101399, -5.401923788646702640, -5.000000000000000000 ) ) ;
#1294 = CARTESIAN_POINT ( 'NONE',  ( -21.68653347947319432, -4.437822173509030854, -2.048756143925502115E-15 ) ) ;
#1295 = CARTESIAN_POINT ( 'NONE',  ( -3.973178806327567258, -6.943878735688864268, 0.5326392164980128241 ) ) ;
#1296 = CARTESIAN_POINT ( 'NONE',  ( -2.000000000000010658, -12.12435565298214435, -3.464101615137747281 ) ) ;
#1297 = LINE ( 'NONE', #1740, #2324 ) ;
#1298 = PERSON_AND_ORGANIZATION ( #358, #839 ) ;
#1299 = VECTOR ( 'NONE', #2142, 1000.000000000000114 ) ;
#1300 = DESIGN_CONTEXT ( 'detailed design', #2724, 'design' ) ;
#1301 = ORIENTED_EDGE ( 'NONE', *, *, #2449, .F. ) ;
#1302 = FACE_OUTER_BOUND ( 'NONE', #1514, .T. ) ;
#1303 = VERTEX_POINT ( 'NONE', #2479 ) ;
#1304 = VERTEX_POINT ( 'NONE', #1388 ) ;
#1305 = DIRECTION ( 'NONE',  ( -0.000000000000000000, 0.000000000000000000, 1.000000000000000000 ) ) ;
#1306 = CARTESIAN_POINT ( 'NONE',  ( 9.499999999999998224, 7.794228634059947147, -5.000000000000000000 ) ) ;
#1307 = CARTESIAN_POINT ( 'NONE',  ( -24.66858428704208706, -3.272758664047846988, -5.000000000000000000 ) ) ;
#1308 = CARTESIAN_POINT ( 'NONE',  ( -1.051966859446175739, -7.934884080579731602, -3.868396237330597121 ) ) ;
#1309 = EDGE_CURVE ( 'NONE', #1948, #1291, #2546, .T. ) ;
#1310 = AXIS2_PLACEMENT_3D ( 'NONE', #2662, #1595, #253 ) ;
#1311 = FACE_OUTER_BOUND ( 'NONE', #454, .T. ) ;
#1312 = DIRECTION ( 'NONE',  ( 0.000000000000000000, 0.000000000000000000, 1.000000000000000000 ) ) ;
#1313 = PERSON_AND_ORGANIZATION_ROLE ( 'classification_officer' ) ;
#1314 = EDGE_CURVE ( 'NONE', #2749, #2688, #1137, .T. ) ;
#1315 = ORIENTED_EDGE ( 'NONE', *, *, #2011, .T. ) ;
#1316 = EDGE_CURVE ( 'NONE', #2109, #626, #448, .T. ) ;
#1317 = DIRECTION ( 'NONE',  ( 0.000000000000000000, -1.000000000000000000, 0.000000000000000000 ) ) ;
#1318 = ORIENTED_EDGE ( 'NONE', *, *, #1092, .F. ) ;
#1319 = EDGE_LOOP ( 'NONE', ( #406, #2850, #1241, #150, #1513, #476, #2057, #1409 ) ) ;
#1320 = FACE_OUTER_BOUND ( 'NONE', #1036, .T. ) ;
#1321 = LINE ( 'NONE', #2027, #2750 ) ;
#1322 = CARTESIAN_POINT ( 'NONE',  ( -12.99038105676657118, -7.500000000000007105, -5.000000000000000000 ) ) ;
#1323 = CARTESIAN_POINT ( 'NONE',  ( -1.499999999999994449, -2.598076211353305354, 5.000000000000000000 ) ) ;
#1324 = VECTOR ( 'NONE', #588, 1000.000000000000000 ) ;
#1325 = DIRECTION ( 'NONE',  ( -1.000000000000000000, 0.000000000000000000, -1.877893248421457171E-16 ) ) ;
#1326 = EDGE_CURVE ( 'NONE', #2776, #1714, #935, .T. ) ;
#1327 = CARTESIAN_POINT ( 'NONE',  ( 9.500000000000001776, 21.00000000000000000, -3.000000000000000888 ) ) ;
#1328 = DIRECTION ( 'NONE',  ( -0.4999999999999992784, -0.8660254037844389297, 0.000000000000000000 ) ) ;
#1329 = EDGE_LOOP ( 'NONE', ( #705, #740, #2736, #410 ) ) ;
#1330 = CARTESIAN_POINT ( 'NONE',  ( -1.499999999999996225, 2.598076211353306242, -5.000000000000000000 ) ) ;
#1331 = CIRCLE ( 'NONE', #1940, 0.9999999999999997780 ) ;
#1332 = ORIENTED_EDGE ( 'NONE', *, *, #2617, .T. ) ;
#1333 = CIRCLE ( 'NONE', #2327, 4.000000000000001776 ) ;
#1334 = VERTEX_POINT ( 'NONE', #218 ) ;
#1335 = DIRECTION ( 'NONE',  ( 0.8660254037844432595, -0.4999999999999919509, 0.000000000000000000 ) ) ;
#1336 = CARTESIAN_POINT ( 'NONE',  ( -4.999999999999992006, -13.85640646055101399, 1.732050807568868311 ) ) ;
#1337 = DIRECTION ( 'NONE',  ( 0.000000000000000000, 0.000000000000000000, 1.000000000000000000 ) ) ;
#1338 = LINE ( 'NONE', #1830, #1638 ) ;
#1339 = DIRECTION ( 'NONE',  ( 0.8660254037844383745, 0.5000000000000004441, -0.000000000000000000 ) ) ;
#1340 = DIRECTION ( 'NONE',  ( -1.000000000000000000, -0.000000000000000000, -0.000000000000000000 ) ) ;
#1341 = DIRECTION ( 'NONE',  ( -0.8660254037844383745, -0.5000000000000004441, 2.168404344971006156E-16 ) ) ;
#1342 = EDGE_CURVE ( 'NONE', #1617, #268, #1107, .T. ) ;
#1343 = EDGE_CURVE ( 'NONE', #2351, #867, #919, .T. ) ;
#1344 = CARTESIAN_POINT ( 'NONE',  ( 6.000000000000000000, 16.00000000000000000, 0.9999999999999976685 ) ) ;
#1345 = LINE ( 'NONE', #1774, #1976 ) ;
#1346 = EDGE_LOOP ( 'NONE', ( #2830, #1450 ) ) ;
#1347 = EDGE_CURVE ( 'NONE', #259, #2897, #1554, .T. ) ;
#1348 = ORIENTED_EDGE ( 'NONE', *, *, #2319, .T. ) ;
#1349 = DIRECTION ( 'NONE',  ( 0.000000000000000000, 0.000000000000000000, 1.000000000000000000 ) ) ;
#1350 = ORIENTED_EDGE ( 'NONE', *, *, #2319, .F. ) ;
#1351 = PRODUCT_DEFINITION_FORMATION_WITH_SPECIFIED_SOURCE ( 'ANY', '', #202, .NOT_KNOWN. ) ;
#1352 = CARTESIAN_POINT ( 'NONE',  ( -11.85640646055100511, -9.732050807568890960, 5.000000000000000000 ) ) ;
#1353 = PLANE ( 'NONE',  #2026 ) ;
#1354 = CARTESIAN_POINT ( 'NONE',  ( -3.000000000000000000, -4.336808689942002945E-16, -3.000000000000005329 ) ) ;
#1355 = ADVANCED_FACE ( 'NONE', ( #888 ), #1372, .F. ) ;
#1356 = CARTESIAN_POINT ( 'NONE',  ( 15.16858428704227357, -19.72724133595203000, -3.000000000000000444 ) ) ;
#1357 = VECTOR ( 'NONE', #2803, 1000.000000000000000 ) ;
#1358 = CARTESIAN_POINT ( 'NONE',  ( 3.000000000000000000, 21.00000000000000000, -3.000000000000000888 ) ) ;
#1359 = LINE ( 'NONE', #257, #2696 ) ;
#1360 = VERTEX_POINT ( 'NONE', #300 ) ;
#1361 = VECTOR ( 'NONE', #85, 1000.000000000000000 ) ;
#1362 = CARTESIAN_POINT ( 'NONE',  ( 3.869078686171089743, -7.002416675379250499, 1.049157065429147995 ) ) ;
#1363 = ORIENTED_EDGE ( 'NONE', *, *, #347, .T. ) ;
#1364 = ORIENTED_EDGE ( 'NONE', *, *, #1314, .F. ) ;
#1365 = EDGE_CURVE ( 'NONE', #2676, #320, #1444, .T. ) ;
#1366 = CARTESIAN_POINT ( 'NONE',  ( -13.99038105676656585, -5.767949192431143679, -5.000000000000000000 ) ) ;
#1367 = CARTESIAN_POINT ( 'NONE',  ( -19.91858428704208706, -11.49999999999998934, -5.000000000000000000 ) ) ;
#1368 = CARTESIAN_POINT ( 'NONE',  ( -9.500000000000001776, 7.794228634059948035, 5.000000000000000000 ) ) ;
#1369 = DIRECTION ( 'NONE',  ( 0.000000000000000000, 0.000000000000000000, 1.000000000000000000 ) ) ;
#1370 = ORIENTED_EDGE ( 'NONE', *, *, #2310, .F. ) ;
#1371 = DIRECTION ( 'NONE',  ( -0.8660254037844363761, -0.5000000000000039968, 0.000000000000000000 ) ) ;
#1372 = CYLINDRICAL_SURFACE ( 'NONE', #111, 1.000000000000000444 ) ;
#1373 = ORIENTED_EDGE ( 'NONE', *, *, #188, .T. ) ;
#1374 = CARTESIAN_POINT ( 'NONE',  ( 3.178366547700416156, -7.343219384931307658, 2.442201883860952272 ) ) ;
#1375 = ORIENTED_EDGE ( 'NONE', *, *, #1651, .T. ) ;
#1376 = EDGE_LOOP ( 'NONE', ( #1734, #2716, #1793, #2198 ) ) ;
#1377 = CARTESIAN_POINT ( 'NONE',  ( -3.000000000000000000, 23.00000000000000355, 5.000000000000000000 ) ) ;
#1378 = EDGE_CURVE ( 'NONE', #2589, #2702, #2123, .T. ) ;
#1379 = VERTEX_POINT ( 'NONE', #2523 ) ;
#1380 = AXIS2_PLACEMENT_3D ( 'NONE', #272, #1671, #764 ) ;
#1381 = ADVANCED_FACE ( 'NONE', ( #113 ), #1232, .F. ) ;
#1382 = DIRECTION ( 'NONE',  ( 0.000000000000000000, -0.000000000000000000, -1.000000000000000000 ) ) ;
#1383 = CARTESIAN_POINT ( 'NONE',  ( -12.85640646055100689, -9.732050807568890960, -5.000000000000000000 ) ) ;
#1384 = VECTOR ( 'NONE', #2487, 1000.000000000000114 ) ;
#1385 = FACE_OUTER_BOUND ( 'NONE', #374, .T. ) ;
#1386 = ORIENTED_EDGE ( 'NONE', *, *, #198, .T. ) ;
#1387 = DIRECTION ( 'NONE',  ( 0.000000000000000000, 0.000000000000000000, 1.000000000000000000 ) ) ;
#1388 = CARTESIAN_POINT ( 'NONE',  ( -13.99038105676656585, -5.767949192431143679, -5.000000000000000000 ) ) ;
#1389 = CIRCLE ( 'NONE', #2596, 1.250000000000001110 ) ;
#1390 = DIRECTION ( 'NONE',  ( 0.000000000000000000, 0.000000000000000000, 1.000000000000000000 ) ) ;
#1391 = CARTESIAN_POINT ( 'NONE',  ( 2.450807547218556870, -7.618610672969047037, 3.171779164479775925 ) ) ;
#1392 = ORIENTED_EDGE ( 'NONE', *, *, #1548, .T. ) ;
#1393 = ORIENTED_EDGE ( 'NONE', *, *, #1704, .F. ) ;
#1394 = PLANE ( 'NONE',  #1831 ) ;
#1395 = VERTEX_POINT ( 'NONE', #2078 ) ;
#1396 = AXIS2_PLACEMENT_3D ( 'NONE', #2865, #1690, #851 ) ;
#1397 = CARTESIAN_POINT ( 'NONE',  ( 0.000000000000000000, 11.00000000000000000, -5.000000000000000000 ) ) ;
#1398 = DIRECTION ( 'NONE',  ( 0.000000000000000000, 0.000000000000000000, 1.000000000000000000 ) ) ;
#1399 = CARTESIAN_POINT ( 'NONE',  ( 6.000000000000000000, 16.00000000000000000, 0.9999999999999976685 ) ) ;
#1400 = VECTOR ( 'NONE', #70, 1000.000000000000000 ) ;
#1401 = ORIENTED_EDGE ( 'NONE', *, *, #1290, .F. ) ;
#1402 = LINE ( 'NONE', #2332, #1053 ) ;
#1403 = CARTESIAN_POINT ( 'NONE',  ( 24.66858428704209061, -3.272758664047827892, 5.000000000000000000 ) ) ;
#1404 = EDGE_CURVE ( 'NONE', #1908, #2481, #509, .T. ) ;
#1405 = DIRECTION ( 'NONE',  ( 1.000000000000000000, 0.000000000000000000, 0.000000000000000000 ) ) ;
#1406 = EDGE_CURVE ( 'NONE', #2436, #503, #2170, .T. ) ;
#1407 = AXIS2_PLACEMENT_3D ( 'NONE', #502, #726, #1620 ) ;
#1408 = AXIS2_PLACEMENT_3D ( 'NONE', #1081, #860, #659 ) ;
#1409 = ORIENTED_EDGE ( 'NONE', *, *, #915, .T. ) ;
#1410 = ORIENTED_EDGE ( 'NONE', *, *, #2800, .T. ) ;
#1411 = ADVANCED_FACE ( 'NONE', ( #1653 ), #751, .T. ) ;
#1412 = CARTESIAN_POINT ( 'NONE',  ( 1.999999999999987121, -12.12435565298214613, 5.000000000000000000 ) ) ;
#1413 = VERTEX_POINT ( 'NONE', #560 ) ;
#1414 = CARTESIAN_POINT ( 'NONE',  ( -3.000000000000000000, 16.00000000000001066, 5.000000000000000000 ) ) ;
#1415 = CARTESIAN_POINT ( 'NONE',  ( -6.000000000000000000, 16.00000000000000000, -0.9999999999999997780 ) ) ;
#1416 = VERTEX_POINT ( 'NONE', #1403 ) ;
#1417 = DIRECTION ( 'NONE',  ( 0.000000000000000000, -0.000000000000000000, 1.000000000000000000 ) ) ;
#1418 = ADVANCED_FACE ( 'NONE', ( #327 ), #2802, .T. ) ;
#1419 = VECTOR ( 'NONE', #906, 1000.000000000000114 ) ;
#1420 = CARTESIAN_POINT ( 'NONE',  ( 13.43653347947338439, -18.72724133595204421, 2.999999999999999112 ) ) ;
#1421 = ORIENTED_EDGE ( 'NONE', *, *, #1059, .T. ) ;
#1422 = CIRCLE ( 'NONE', #903, 3.999999999999998224 ) ;
#1423 = VERTEX_POINT ( 'NONE', #980 ) ;
#1424 = CARTESIAN_POINT ( 'NONE',  ( -9.500000000000001776, 23.00000000000000355, -5.000000000000000000 ) ) ;
#1425 = EDGE_LOOP ( 'NONE', ( #422, #500, #656, #2529 ) ) ;
#1426 = CIRCLE ( 'NONE', #536, 0.9999999999999997780 ) ;
#1427 = DIRECTION ( 'NONE',  ( -0.8660254037844385966, 0.5000000000000001110, 0.000000000000000000 ) ) ;
#1428 = PLANE ( 'NONE',  #2440 ) ;
#1429 = VECTOR ( 'NONE', #2067, 1000.000000000000000 ) ;
#1430 = CIRCLE ( 'NONE', #2838, 0.9999999999999997780 ) ;
#1431 = CARTESIAN_POINT ( 'NONE',  ( -9.526279441628355826, -5.500000000000273559, -5.000000000000000000 ) ) ;
#1432 = DIRECTION ( 'NONE',  ( 0.000000000000000000, 1.000000000000000000, 0.000000000000000000 ) ) ;
#1433 = VECTOR ( 'NONE', #2518, 1000.000000000000000 ) ;
#1434 = DIRECTION ( 'NONE',  ( 0.000000000000000000, 0.000000000000000000, 1.000000000000000000 ) ) ;
#1435 = ADVANCED_FACE ( 'NONE', ( #966 ), #2357, .F. ) ;
#1436 = ORIENTED_EDGE ( 'NONE', *, *, #953, .F. ) ;
#1437 = EDGE_LOOP ( 'NONE', ( #823, #2259, #80, #2037, #33, #971, #2113, #973 ) ) ;
#1438 = CARTESIAN_POINT ( 'NONE',  ( -18.41858428704207284, -14.09807621135333555, -3.000000000000000444 ) ) ;
#1439 = EDGE_CURVE ( 'NONE', #1792, #978, #950, .T. ) ;
#1440 = ORIENTED_EDGE ( 'NONE', *, *, #2657, .F. ) ;
#1441 = DIRECTION ( 'NONE',  ( -0.000000000000000000, 0.000000000000000000, 1.000000000000000000 ) ) ;
#1442 = DIRECTION ( 'NONE',  ( -0.8660254037844362651, -0.5000000000000039968, 0.000000000000000000 ) ) ;
#1443 = DIRECTION ( 'NONE',  ( 1.000000000000000000, 0.000000000000000000, 0.000000000000000000 ) ) ;
#1444 = LINE ( 'NONE', #338, #2504 ) ;
#1445 = CARTESIAN_POINT ( 'NONE',  ( 3.999711270056493184, -6.928369928456409532, -0.2688821959173910980 ) ) ;
#1446 = EDGE_CURVE ( 'NONE', #1055, #892, #2564, .T. ) ;
#1447 = PLANE ( 'NONE',  #211 ) ;
#1448 = AXIS2_PLACEMENT_3D ( 'NONE', #225, #1576, #2292 ) ;
#1449 = VERTEX_POINT ( 'NONE', #2314 ) ;
#1450 = ORIENTED_EDGE ( 'NONE', *, *, #1309, .T. ) ;
#1451 = LINE ( 'NONE', #2807, #2774 ) ;
#1452 = ORIENTED_EDGE ( 'NONE', *, *, #878, .F. ) ;
#1453 = VECTOR ( 'NONE', #2778, 1000.000000000000000 ) ;
#1454 = EDGE_CURVE ( 'NONE', #2156, #1880, #1568, .T. ) ;
#1455 = VECTOR ( 'NONE', #1677, 999.9999999999998863 ) ;
#1456 = PLANE ( 'NONE',  #977 ) ;
#1457 = LINE ( 'NONE', #2576, #2887 ) ;
#1458 = DIRECTION ( 'NONE',  ( 0.000000000000000000, -0.000000000000000000, 1.000000000000000000 ) ) ;
#1459 = DIRECTION ( 'NONE',  ( 0.000000000000000000, 0.000000000000000000, 1.000000000000000000 ) ) ;
#1460 = LINE ( 'NONE', #2636, #2557 ) ;
#1461 = ORIENTED_EDGE ( 'NONE', *, *, #1872, .T. ) ;
#1462 = AXIS2_PLACEMENT_3D ( 'NONE', #1287, #121, #1242 ) ;
#1463 = ORIENTED_EDGE ( 'NONE', *, *, #192, .F. ) ;
#1464 = FACE_BOUND ( 'NONE', #2086, .T. ) ;
#1465 = ORIENTED_EDGE ( 'NONE', *, *, #2083, .F. ) ;
#1466 = VECTOR ( 'NONE', #74, 1000.000000000000000 ) ;
#1467 = EDGE_CURVE ( 'NONE', #594, #569, #2106, .T. ) ;
#1468 = VERTEX_POINT ( 'NONE', #2784 ) ;
#1469 = EDGE_CURVE ( 'NONE', #806, #2307, #1516, .T. ) ;
#1470 = DIRECTION ( 'NONE',  ( 0.000000000000000000, 0.000000000000000000, 1.000000000000000000 ) ) ;
#1471 = EDGE_CURVE ( 'NONE', #175, #1718, #949, .T. ) ;
#1472 = VECTOR ( 'NONE', #2891, 1000.000000000000114 ) ;
#1473 = VECTOR ( 'NONE', #1178, 1000.000000000000000 ) ;
#1474 = DIRECTION ( 'NONE',  ( -0.4999999999999998890, -0.8660254037844387076, 0.000000000000000000 ) ) ;
#1475 = DIRECTION ( 'NONE',  ( 0.4999999999999931721, 0.8660254037844427044, 0.000000000000000000 ) ) ;
#1476 = CIRCLE ( 'NONE', #734, 1.250000000000000000 ) ;
#1477 = CARTESIAN_POINT ( 'NONE',  ( -3.588625829919867005, -7.150844153472125875, 1.785846103500074333 ) ) ;
#1478 = AXIS2_PLACEMENT_3D ( 'NONE', #2425, #1982, #2457 ) ;
#1479 = FACE_OUTER_BOUND ( 'NONE', #2777, .T. ) ;
#1480 = ORIENTED_EDGE ( 'NONE', *, *, #745, .T. ) ;
#1481 = VERTEX_POINT ( 'NONE', #1294 ) ;
#1482 = PLANE ( 'NONE',  #187 ) ;
#1483 = ORIENTED_EDGE ( 'NONE', *, *, #1887, .T. ) ;
#1484 = ADVANCED_FACE ( 'NONE', ( #2189, #154 ), #574, .F. ) ;
#1485 = ORIENTED_EDGE ( 'NONE', *, *, #2665, .T. ) ;
#1486 = DIRECTION ( 'NONE',  ( -0.000000000000000000, -1.000000000000000000, -2.168404344971006896E-16 ) ) ;
#1487 = CARTESIAN_POINT ( 'NONE',  ( -3.000000000000000000, 23.00000000000000355, -5.000000000000000000 ) ) ;
#1488 = LINE ( 'NONE', #2634, #1701 ) ;
#1489 = CARTESIAN_POINT ( 'NONE',  ( 11.50000000000000000, 4.330127018922191873, 5.000000000000000000 ) ) ;
#1490 = CIRCLE ( 'NONE', #833, 8.000000000000000000 ) ;
#1491 = EDGE_CURVE ( 'NONE', #2589, #1779, #1953, .T. ) ;
#1492 = CARTESIAN_POINT ( 'NONE',  ( 2.000000000000000000, 16.00000000000000355, 5.000000000000000000 ) ) ;
#1493 = DIRECTION ( 'NONE',  ( 1.000000000000000000, 0.000000000000000000, 0.000000000000000000 ) ) ;
#1494 = ORIENTED_EDGE ( 'NONE', *, *, #2140, .F. ) ;
#1495 = SECURITY_CLASSIFICATION ( '', '', #2637 ) ;
#1496 = VERTEX_POINT ( 'NONE', #1721 ) ;
#1497 = CARTESIAN_POINT ( 'NONE',  ( 12.35640646055103886, -10.59807621135331601, -5.000000000000000000 ) ) ;
#1498 = ORIENTED_EDGE ( 'NONE', *, *, #2272, .T. ) ;
#1499 = CC_DESIGN_DATE_AND_TIME_ASSIGNMENT ( #2164, #2652, ( #1191 ) ) ;
#1500 = VECTOR ( 'NONE', #189, 1000.000000000000000 ) ;
#1501 = ORIENTED_EDGE ( 'NONE', *, *, #1887, .F. ) ;
#1502 = FACE_OUTER_BOUND ( 'NONE', #1590, .T. ) ;
#1503 = AXIS2_PLACEMENT_3D ( 'NONE', #2404, #1026, #344 ) ;
#1504 = FACE_OUTER_BOUND ( 'NONE', #1437, .T. ) ;
#1505 = CARTESIAN_POINT ( 'NONE',  ( 9.500000000000001776, 21.00000000000000000, -3.000000000000000888 ) ) ;
#1506 = CARTESIAN_POINT ( 'NONE',  ( -0.5330603548786415624, -7.986459349987805822, 3.973110123615585021 ) ) ;
#1507 = CARTESIAN_POINT ( 'NONE',  ( 6.000000000000000000, 16.00000000000000000, -1.000000000000001998 ) ) ;
#1508 = PERSON_AND_ORGANIZATION ( #358, #839 ) ;
#1509 = EDGE_CURVE ( 'NONE', #2688, #1718, #2597, .T. ) ;
#1510 = ORIENTED_EDGE ( 'NONE', *, *, #153, .F. ) ;
#1511 = VERTEX_POINT ( 'NONE', #2592 ) ;
#1512 = DIRECTION ( 'NONE',  ( 0.000000000000000000, 1.000000000000000000, -0.000000000000000000 ) ) ;
#1513 = ORIENTED_EDGE ( 'NONE', *, *, #179, .F. ) ;
#1514 = EDGE_LOOP ( 'NONE', ( #1529, #2320, #1822, #2379 ) ) ;
#1515 = DIRECTION ( 'NONE',  ( 0.000000000000000000, 1.000000000000000000, -0.000000000000000000 ) ) ;
#1516 = CIRCLE ( 'NONE', #2828, 0.9999999999999997780 ) ;
#1517 = DIRECTION ( 'NONE',  ( -0.8660254037844389297, 0.4999999999999995559, 0.000000000000000000 ) ) ;
#1518 = DIRECTION ( 'NONE',  ( 0.000000000000000000, -0.000000000000000000, -1.000000000000000000 ) ) ;
#1519 = CARTESIAN_POINT ( 'NONE',  ( -3.973244831464912252, -6.943839942485139360, -0.5320266240456622553 ) ) ;
#1520 = AXIS2_PLACEMENT_3D ( 'NONE', #2308, #36, #1206 ) ;
#1521 = CARTESIAN_POINT ( 'NONE',  ( -15.16858428704200357, -19.72724133595224316, -3.000000000000000444 ) ) ;
#1522 = AXIS2_PLACEMENT_3D ( 'NONE', #1552, #2446, #1325 ) ;
#1523 = APPLICATION_PROTOCOL_DEFINITION ( 'international standard', 'config_control_design', 1994, #559 ) ;
#1524 = VECTOR ( 'NONE', #1340, 1000.000000000000000 ) ;
#1525 = ORIENTED_EDGE ( 'NONE', *, *, #1963, .F. ) ;
#1526 = VECTOR ( 'NONE', #522, 1000.000000000000000 ) ;
#1527 = CARTESIAN_POINT ( 'NONE',  ( 2.000000000000000000, 16.00000000000000355, -5.000000000000000000 ) ) ;
#1528 = EDGE_LOOP ( 'NONE', ( #876, #1315 ) ) ;
#1529 = ORIENTED_EDGE ( 'NONE', *, *, #501, .F. ) ;
#1530 = ADVANCED_FACE ( 'NONE', ( #1939 ), #1753, .F. ) ;
#1531 = DIRECTION ( 'NONE',  ( 0.4999999999999931721, 0.8660254037844427044, 0.000000000000000000 ) ) ;
#1532 = EDGE_LOOP ( 'NONE', ( #2653, #1386, #1465, #342 ) ) ;
#1533 = EDGE_CURVE ( 'NONE', #1379, #1773, #2867, .T. ) ;
#1534 = LINE ( 'NONE', #2474, #1384 ) ;
#1535 = LINE ( 'NONE', #1265, #2455 ) ;
#1536 = CARTESIAN_POINT ( 'NONE',  ( -3.464648251117634192, -7.212583386938291596, -2.015726412769538012 ) ) ;
#1537 = CARTESIAN_POINT ( 'NONE',  ( -3.000000000000000000, 23.00000000000000355, 3.000000000000000000 ) ) ;
#1538 = ADVANCED_FACE ( 'NONE', ( #2814 ), #827, .F. ) ;
#1539 = FACE_OUTER_BOUND ( 'NONE', #805, .T. ) ;
#1540 = PERSON_AND_ORGANIZATION ( #358, #839 ) ;
#1541 = EDGE_CURVE ( 'NONE', #1977, #2109, #2842, .T. ) ;
#1542 = ORIENTED_EDGE ( 'NONE', *, *, #11, .T. ) ;
#1543 = DIRECTION ( 'NONE',  ( 1.000000000000000000, 0.000000000000000000, 0.000000000000000000 ) ) ;
#1544 = ORIENTED_EDGE ( 'NONE', *, *, #2445, .T. ) ;
#1545 = ORIENTED_EDGE ( 'NONE', *, *, #1686, .T. ) ;
#1546 = LINE ( 'NONE', #1366, #135 ) ;
#1547 = ORIENTED_EDGE ( 'NONE', *, *, #658, .T. ) ;
#1548 = EDGE_CURVE ( 'NONE', #626, #1285, #1488, .T. ) ;
#1549 = DIRECTION ( 'NONE',  ( 0.000000000000000000, 0.000000000000000000, -1.000000000000000000 ) ) ;
#1550 = FACE_BOUND ( 'NONE', #1962, .T. ) ;
#1551 = CARTESIAN_POINT ( 'NONE',  ( -6.000000000000000000, 16.00000000000000000, -3.314341462499788107E-17 ) ) ;
#1552 = CARTESIAN_POINT ( 'NONE',  ( 13.43653347947338439, -18.72724133595204421, -3.000000000000000888 ) ) ;
#1553 = LINE ( 'NONE', #1599, #1854 ) ;
#1554 = LINE ( 'NONE', #478, #2782 ) ;
#1555 = ORIENTED_EDGE ( 'NONE', *, *, #411, .T. ) ;
#1556 = CARTESIAN_POINT ( 'NONE',  ( -6.000000000000000000, 21.00000000000000000, -3.314341462499788107E-17 ) ) ;
#1557 = ORIENTED_EDGE ( 'NONE', *, *, #2405, .T. ) ;
#1558 = ORIENTED_EDGE ( 'NONE', *, *, #372, .T. ) ;
#1559 = DIRECTION ( 'NONE',  ( 1.000000000000000000, 1.734723475976807883E-15, 0.000000000000000000 ) ) ;
#1560 = ORIENTED_EDGE ( 'NONE', *, *, #745, .F. ) ;
#1561 = CARTESIAN_POINT ( 'NONE',  ( -15.16858428704200357, -19.72724133595224316, 2.999999999999999112 ) ) ;
#1562 = FACE_BOUND ( 'NONE', #176, .T. ) ;
#1563 = EDGE_CURVE ( 'NONE', #2228, #57, #1072, .T. ) ;
#1564 = DIRECTION ( 'NONE',  ( 0.000000000000000000, 0.000000000000000000, 1.000000000000000000 ) ) ;
#1565 = LINE ( 'NONE', #1985, #2555 ) ;
#1566 = CARTESIAN_POINT ( 'NONE',  ( -13.43653347947312859, -18.72724133595223606, -3.000000000000000888 ) ) ;
#1567 = CARTESIAN_POINT ( 'NONE',  ( 11.50000000000000000, 4.330127018922191873, -5.000000000000000000 ) ) ;
#1568 =( BOUNDED_CURVE ( )  B_SPLINE_CURVE ( 3, ( #1198, #1875, #1886, #1848 ),
 .UNSPECIFIED., .F., .F. ) 
 B_SPLINE_CURVE_WITH_KNOTS ( ( 4, 4 ),
 ( 3.141592653589793116, 3.665191429188089600 ),
 .UNSPECIFIED. ) 
 CURVE ( )  GEOMETRIC_REPRESENTATION_ITEM ( )  RATIONAL_B_SPLINE_CURVE ( ( 1.000000000000000000, 0.9772838841927123932, 0.9772838841927123932, 1.000000000000000000 ) ) 
 REPRESENTATION_ITEM ( '' )  );
#1569 = AXIS2_PLACEMENT_3D ( 'NONE', #2191, #2219, #2003 ) ;
#1570 = FACE_OUTER_BOUND ( 'NONE', #2821, .T. ) ;
#1571 = DIRECTION ( 'NONE',  ( 1.000000000000000000, 0.000000000000000000, 0.000000000000000000 ) ) ;
#1572 = AXIS2_PLACEMENT_3D ( 'NONE', #200, #1155, #2046 ) ;
#1573 = VERTEX_POINT ( 'NONE', #2412 ) ;
#1574 = AXIS2_PLACEMENT_3D ( 'NONE', #1612, #1474, #112 ) ;
#1575 = ORIENTED_EDGE ( 'NONE', *, *, #251, .F. ) ;
#1576 = DIRECTION ( 'NONE',  ( -0.000000000000000000, 0.000000000000000000, 1.000000000000000000 ) ) ;
#1577 = EDGE_CURVE ( 'NONE', #671, #2629, #1535, .T. ) ;
#1578 = ORIENTED_EDGE ( 'NONE', *, *, #609, .F. ) ;
#1579 = CARTESIAN_POINT ( 'NONE',  ( 6.000000000000000000, 21.00000000000000000, -1.000000000000001998 ) ) ;
#1580 = CARTESIAN_POINT ( 'NONE',  ( 4.898587196589412829E-16, -11.58845726811989429, -4.000000000000000000 ) ) ;
#1581 = DIRECTION ( 'NONE',  ( 0.000000000000000000, -0.000000000000000000, -1.000000000000000000 ) ) ;
#1582 = PLANE ( 'NONE',  #2790 ) ;
#1583 = DIRECTION ( 'NONE',  ( -0.5000000000000001110, -0.8660254037844385966, 0.000000000000000000 ) ) ;
#1584 = DIRECTION ( 'NONE',  ( 0.000000000000000000, 0.000000000000000000, 1.000000000000000000 ) ) ;
#1585 = ADVANCED_FACE ( 'NONE', ( #802 ), #1925, .F. ) ;
#1586 = ORIENTED_EDGE ( 'NONE', *, *, #1577, .T. ) ;
#1587 = DIRECTION ( 'NONE',  ( -0.5000000000000004441, 0.8660254037844383745, 0.000000000000000000 ) ) ;
#1588 = ORIENTED_EDGE ( 'NONE', *, *, #188, .F. ) ;
#1589 = AXIS2_PLACEMENT_3D ( 'NONE', #1057, #2812, #599 ) ;
#1590 = EDGE_LOOP ( 'NONE', ( #1440, #2847, #2084, #2909 ) ) ;
#1591 = CARTESIAN_POINT ( 'NONE',  ( -2.000000000000010658, -12.12435565298214435, -5.000000000000000000 ) ) ;
#1592 = CC_DESIGN_PERSON_AND_ORGANIZATION_ASSIGNMENT ( #2625, #620, ( #1351 ) ) ;
#1593 = VECTOR ( 'NONE', #2520, 1000.000000000000000 ) ;
#1594 = CARTESIAN_POINT ( 'NONE',  ( 12.99038105676659072, -7.499999999999998224, -5.000000000000000000 ) ) ;
#1595 = DIRECTION ( 'NONE',  ( -0.000000000000000000, 0.000000000000000000, 1.000000000000000000 ) ) ;
#1596 = DIRECTION ( 'NONE',  ( 0.000000000000000000, 0.000000000000000000, 1.000000000000000000 ) ) ;
#1597 = ORIENTED_EDGE ( 'NONE', *, *, #127, .F. ) ;
#1598 = VECTOR ( 'NONE', #1173, 1000.000000000000114 ) ;
#1599 = CARTESIAN_POINT ( 'NONE',  ( -13.43653347947312859, -18.72724133595223606, 2.999999999999999112 ) ) ;
#1600 = CARTESIAN_POINT ( 'NONE',  ( -1.250000000000000000, 11.00000000000000000, 5.000000000000000000 ) ) ;
#1601 = ORIENTED_EDGE ( 'NONE', *, *, #2638, .T. ) ;
#1602 = LINE ( 'NONE', #1823, #1357 ) ;
#1603 = EDGE_CURVE ( 'NONE', #1773, #2676, #2825, .T. ) ;
#1604 = ORIENTED_EDGE ( 'NONE', *, *, #1168, .T. ) ;
#1605 = ORIENTED_EDGE ( 'NONE', *, *, #392, .T. ) ;
#1606 = DIRECTION ( 'NONE',  ( -1.000000000000000000, -0.000000000000000000, -0.000000000000000000 ) ) ;
#1607 = VERTEX_POINT ( 'NONE', #1707 ) ;
#1608 = DIRECTION ( 'NONE',  ( 0.8660254037844388186, 0.4999999999999996114, -0.000000000000000000 ) ) ;
#1609 = CARTESIAN_POINT ( 'NONE',  ( -2.000000000000010658, -12.12435565298214435, -3.464101615137747281 ) ) ;
#1610 = LINE ( 'NONE', #228, #1255 ) ;
#1611 = ORIENTED_EDGE ( 'NONE', *, *, #63, .T. ) ;
#1612 = CARTESIAN_POINT ( 'NONE',  ( 1.500000000000003775, 2.598076211353323117, -5.000000000000000000 ) ) ;
#1613 = CARTESIAN_POINT ( 'NONE',  ( 15.16858428704210127, -19.72724133595216855, -5.000000000000000000 ) ) ;
#1614 = VECTOR ( 'NONE', #762, 1000.000000000000114 ) ;
#1615 = EDGE_LOOP ( 'NONE', ( #568, #1776, #2013, #2099, #1960, #2137, #2039, #891, #1288, #435 ) ) ;
#1616 = CARTESIAN_POINT ( 'NONE',  ( 2.648669640122517155, -7.551328277939552081, 3.008516334883784449 ) ) ;
#1617 = VERTEX_POINT ( 'NONE', #2161 ) ;
#1618 = VERTEX_POINT ( 'NONE', #1692 ) ;
#1619 = AXIS2_PLACEMENT_3D ( 'NONE', #994, #2334, #89 ) ;
#1620 = DIRECTION ( 'NONE',  ( 1.000000000000000000, 0.000000000000000000, 0.000000000000000000 ) ) ;
#1621 = ORIENTED_EDGE ( 'NONE', *, *, #1127, .T. ) ;
#1622 = AXIS2_PLACEMENT_3D ( 'NONE', #606, #1283, #2149 ) ;
#1623 = EDGE_CURVE ( 'NONE', #1948, #503, #2621, .T. ) ;
#1624 = DIRECTION ( 'NONE',  ( 1.000000000000000000, 0.000000000000000000, 0.000000000000000000 ) ) ;
#1625 = CARTESIAN_POINT ( 'NONE',  ( 3.000000000000000000, 23.00000000000000355, 2.999999999999999112 ) ) ;
#1626 = VECTOR ( 'NONE', #2758, 1000.000000000000000 ) ;
#1627 = DIRECTION ( 'NONE',  ( 0.000000000000000000, 0.000000000000000000, 1.000000000000000000 ) ) ;
#1628 = ORIENTED_EDGE ( 'NONE', *, *, #837, .T. ) ;
#1629 = CARTESIAN_POINT ( 'NONE',  ( 20.68653347947326537, -6.169872981077616281, 8.932126528973743964E-17 ) ) ;
#1630 = CARTESIAN_POINT ( 'NONE',  ( -19.91858428704206574, -11.50000000000002842, -5.000000000000000000 ) ) ;
#1631 = CARTESIAN_POINT ( 'NONE',  ( 18.41858428704210482, -14.09807621135331246, 5.000000000000000000 ) ) ;
#1632 = ORIENTED_EDGE ( 'NONE', *, *, #153, .T. ) ;
#1633 = ORIENTED_EDGE ( 'NONE', *, *, #1647, .T. ) ;
#1634 = CARTESIAN_POINT ( 'NONE',  ( 6.000000000000000000, 21.00000000000000000, 0.9999999999999976685 ) ) ;
#1635 = ORIENTED_EDGE ( 'NONE', *, *, #2607, .T. ) ;
#1636 = DIRECTION ( 'NONE',  ( -0.000000000000000000, 0.000000000000000000, 1.000000000000000000 ) ) ;
#1637 = DIRECTION ( 'NONE',  ( -0.000000000000000000, 1.000000000000000000, -0.000000000000000000 ) ) ;
#1638 = VECTOR ( 'NONE', #2030, 1000.000000000000000 ) ;
#1639 = VERTEX_POINT ( 'NONE', #126 ) ;
#1640 = CARTESIAN_POINT ( 'NONE',  ( -19.68653347947322274, -7.901923788646714186, -5.000000000000000000 ) ) ;
#1641 = DIRECTION ( 'NONE',  ( 0.000000000000000000, 0.000000000000000000, -1.000000000000000000 ) ) ;
#1642 = DIRECTION ( 'NONE',  ( 1.000000000000000000, 0.000000000000000000, 0.000000000000000000 ) ) ;
#1643 = ORIENTED_EDGE ( 'NONE', *, *, #1817, .T. ) ;
#1644 = VERTEX_POINT ( 'NONE', #1505 ) ;
#1645 = PLANE ( 'NONE',  #2491 ) ;
#1646 = VERTEX_POINT ( 'NONE', #380 ) ;
#1647 = EDGE_CURVE ( 'NONE', #1773, #2304, #170, .T. ) ;
#1648 = CARTESIAN_POINT ( 'NONE',  ( 9.500000000000001776, 21.00000000000000000, 2.999999999999999112 ) ) ;
#1649 = CARTESIAN_POINT ( 'NONE',  ( -15.16858428704207995, -19.72724133595217566, -5.000000000000000000 ) ) ;
#1650 = EDGE_CURVE ( 'NONE', #2353, #2242, #1422, .T. ) ;
#1651 = EDGE_CURVE ( 'NONE', #2438, #1715, #2028, .T. ) ;
#1652 = LINE ( 'NONE', #772, #2701 ) ;
#1653 = FACE_OUTER_BOUND ( 'NONE', #1011, .T. ) ;
#1654 = AXIS2_PLACEMENT_3D ( 'NONE', #2907, #2482, #2892 ) ;
#1655 = ADVANCED_FACE ( 'NONE', ( #1550, #1562, #2443, #196, #474 ), #239, .T. ) ;
#1656 = LINE ( 'NONE', #951, #2746 ) ;
#1657 = VECTOR ( 'NONE', #458, 1000.000000000000000 ) ;
#1658 = EDGE_LOOP ( 'NONE', ( #2912, #2539, #499, #2614 ) ) ;
#1659 = ORIENTED_EDGE ( 'NONE', *, *, #2224, .T. ) ;
#1660 = CARTESIAN_POINT ( 'NONE',  ( -9.500000000000001776, 0.000000000000000000, -5.000000000000000000 ) ) ;
#1661 = AXIS2_PLACEMENT_3D ( 'NONE', #2477, #1769, #1089 ) ;
#1662 = VERTEX_POINT ( 'NONE', #2458 ) ;
#1663 = VECTOR ( 'NONE', #1786, 1000.000000000000000 ) ;
#1664 = FACE_OUTER_BOUND ( 'NONE', #1836, .T. ) ;
#1665 = LINE ( 'NONE', #2342, #1736 ) ;
#1666 = EDGE_CURVE ( 'NONE', #1259, #1880, #913, .T. ) ;
#1667 = CIRCLE ( 'NONE', #394, 1.000000000000000888 ) ;
#1668 = CARTESIAN_POINT ( 'NONE',  ( 0.000000000000000000, -11.58845726811989429, 4.000000000000000000 ) ) ;
#1669 = CARTESIAN_POINT ( 'NONE',  ( 0.5349433593012141719, -7.986343998685026868, -3.972880408934128749 ) ) ;
#1670 = DATE_AND_TIME ( #2536, #1728 ) ;
#1671 = DIRECTION ( 'NONE',  ( 0.000000000000000000, -1.000000000000000000, 0.000000000000000000 ) ) ;
#1672 = ADVANCED_FACE ( 'NONE', ( #2488, #21 ), #1353, .F. ) ;
#1673 = VERTEX_POINT ( 'NONE', #1368 ) ;
#1674 = ORIENTED_EDGE ( 'NONE', *, *, #1963, .T. ) ;
#1675 = FACE_OUTER_BOUND ( 'NONE', #2779, .T. ) ;
#1676 = ORIENTED_EDGE ( 'NONE', *, *, #1603, .F. ) ;
#1677 = DIRECTION ( 'NONE',  ( -0.5000000000000013323, 0.8660254037844379305, 0.000000000000000000 ) ) ;
#1678 = VECTOR ( 'NONE', #1349, 1000.000000000000000 ) ;
#1679 = DIRECTION ( 'NONE',  ( 0.8660254037844433705, -0.4999999999999919509, -0.000000000000000000 ) ) ;
#1680 = CARTESIAN_POINT ( 'NONE',  ( 6.000000000000000000, 16.00000000000000000, -2.171220823840237658E-15 ) ) ;
#1681 = CARTESIAN_POINT ( 'NONE',  ( 1.999999999999987121, -12.12435565298214613, -5.000000000000000000 ) ) ;
#1682 = AXIS2_PLACEMENT_3D ( 'NONE', #1941, #2886, #869 ) ;
#1683 = DIRECTION ( 'NONE',  ( -0.000000000000000000, -1.000000000000000000, -2.168404344971006896E-16 ) ) ;
#1684 = ORIENTED_EDGE ( 'NONE', *, *, #465, .T. ) ;
#1685 = ORIENTED_EDGE ( 'NONE', *, *, #372, .F. ) ;
#1686 = EDGE_CURVE ( 'NONE', #2879, #1304, #1983, .T. ) ;
#1687 = CARTESIAN_POINT ( 'NONE',  ( 8.000000000000000000, 0.000000000000000000, -5.000000000000000000 ) ) ;
#1688 = ORIENTED_EDGE ( 'NONE', *, *, #763, .T. ) ;
#1689 = ORIENTED_EDGE ( 'NONE', *, *, #395, .F. ) ;
#1690 = DIRECTION ( 'NONE',  ( 0.000000000000000000, 0.000000000000000000, 1.000000000000000000 ) ) ;
#1691 = DIRECTION ( 'NONE',  ( 0.000000000000000000, -1.000000000000000000, 0.000000000000000000 ) ) ;
#1692 = CARTESIAN_POINT ( 'NONE',  ( -5.727120827991336999E-17, -8.000000000000000000, 4.000000000000000000 ) ) ;
#1693 = CARTESIAN_POINT ( 'NONE',  ( 1.791931086022794384, -7.800682728150828638, -3.585917156150256080 ) ) ;
#1694 = DIRECTION ( 'NONE',  ( -0.8660254037844383745, -0.5000000000000004441, 0.000000000000000000 ) ) ;
#1695 =( NAMED_UNIT ( * ) SI_UNIT ( $, .STERADIAN. ) SOLID_ANGLE_UNIT ( ) );
#1696 = EDGE_CURVE ( 'NONE', #581, #2877, #622, .T. ) ;
#1697 = ORIENTED_EDGE ( 'NONE', *, *, #2588, .F. ) ;
#1698 = ORIENTED_EDGE ( 'NONE', *, *, #1219, .T. ) ;
#1699 = PLANE ( 'NONE',  #1888 ) ;
#1700 = ORIENTED_EDGE ( 'NONE', *, *, #1790, .F. ) ;
#1701 = VECTOR ( 'NONE', #351, 1000.000000000000000 ) ;
#1702 = EDGE_LOOP ( 'NONE', ( #2849, #2506, #377, #1174 ) ) ;
#1703 = CARTESIAN_POINT ( 'NONE',  ( -19.68653347947321564, -7.901923788646712410, 2.999999999999999556 ) ) ;
#1704 = EDGE_CURVE ( 'NONE', #2307, #806, #117, .T. ) ;
#1705 = VECTOR ( 'NONE', #519, 1000.000000000000000 ) ;
#1706 = CARTESIAN_POINT ( 'NONE',  ( 3.000000000000000000, 16.00000000000001066, -5.000000000000000000 ) ) ;
#1707 = CARTESIAN_POINT ( 'NONE',  ( -11.50000000000000178, 4.330127018922195425, 5.000000000000000000 ) ) ;
#1708 = VECTOR ( 'NONE', #636, 1000.000000000000000 ) ;
#1709 = DIRECTION ( 'NONE',  ( 0.8660254037844363761, 0.5000000000000039968, -2.168404344971006649E-16 ) ) ;
#1710 = AXIS2_PLACEMENT_3D ( 'NONE', #20, #2708, #650 ) ;
#1711 = DIRECTION ( 'NONE',  ( -0.000000000000000000, 0.000000000000000000, 1.000000000000000000 ) ) ;
#1712 = APPROVAL_ROLE ( '' ) ;
#1713 = EDGE_CURVE ( 'NONE', #235, #792, #1274, .T. ) ;
#1714 = VERTEX_POINT ( 'NONE', #2679 ) ;
#1715 = VERTEX_POINT ( 'NONE', #713 ) ;
#1716 = DIRECTION ( 'NONE',  ( 0.000000000000000000, -0.000000000000000000, -1.000000000000000000 ) ) ;
#1717 = VERTEX_POINT ( 'NONE', #227 ) ;
#1718 = VERTEX_POINT ( 'NONE', #1149 ) ;
#1719 = LINE ( 'NONE', #2823, #191 ) ;
#1720 = CARTESIAN_POINT ( 'NONE',  ( -9.526279441628355826, -5.500000000000273559, -5.000000000000000000 ) ) ;
#1721 = CARTESIAN_POINT ( 'NONE',  ( 18.41858428704210482, -14.09807621135331246, -5.000000000000000000 ) ) ;
#1722 = EDGE_CURVE ( 'NONE', #1792, #1880, #1772, .T. ) ;
#1723 = CARTESIAN_POINT ( 'NONE',  ( -3.868826622783372748, -7.002554405390739589, -1.049717763162400619 ) ) ;
#1724 = AXIS2_PLACEMENT_3D ( 'NONE', #334, #1230, #237 ) ;
#1725 = PLANE ( 'NONE',  #1050 ) ;
#1726 = PERSON_AND_ORGANIZATION_ROLE ( 'creator' ) ;
#1727 = EDGE_LOOP ( 'NONE', ( #818, #530, #293, #1611, #749, #1929, #2, #1978 ) ) ;
#1728 = LOCAL_TIME ( 17, 39, 22.00000000000000000, #2785 ) ;
#1729 = ORIENTED_EDGE ( 'NONE', *, *, #688, .T. ) ;
#1730 = AXIS2_PLACEMENT_3D ( 'NONE', #2338, #2325, #708 ) ;
#1731 = CARTESIAN_POINT ( 'NONE',  ( -17.35640646055101399, -1.937822173509012424, -2.048756143925502115E-15 ) ) ;
#1732 = VERTEX_POINT ( 'NONE', #868 ) ;
#1733 = AXIS2_PLACEMENT_3D ( 'NONE', #2210, #2240, #1761 ) ;
#1734 = ORIENTED_EDGE ( 'NONE', *, *, #1869, .F. ) ;
#1735 = LINE ( 'NONE', #614, #929 ) ;
#1736 = VECTOR ( 'NONE', #2059, 1000.000000000000000 ) ;
#1737 = DIRECTION ( 'NONE',  ( 0.8660254037844381525, 0.5000000000000008882, 0.000000000000000000 ) ) ;
#1738 = CARTESIAN_POINT ( 'NONE',  ( 1.734723475976807094E-15, -15.58845726811989429, 5.000000000000000000 ) ) ;
#1739 = CARTESIAN_POINT ( 'NONE',  ( -3.177713737242655156, -7.343521266317872609, 2.443209146269473386 ) ) ;
#1740 = CARTESIAN_POINT ( 'NONE',  ( 13.43653347947338439, -18.72724133595204421, -3.000000000000000888 ) ) ;
#1741 = COORDINATED_UNIVERSAL_TIME_OFFSET ( 1, 0, .AHEAD. ) ;
#1742 = ADVANCED_FACE ( 'NONE', ( #651 ), #931, .F. ) ;
#1743 = ORIENTED_EDGE ( 'NONE', *, *, #1469, .F. ) ;
#1744 = PLANE ( 'NONE',  #13 ) ;
#1745 = EDGE_LOOP ( 'NONE', ( #1628, #744, #754, #877 ) ) ;
#1746 = EDGE_CURVE ( 'NONE', #1082, #2156, #1245, .T. ) ;
#1747 = ORIENTED_EDGE ( 'NONE', *, *, #1309, .F. ) ;
#1748 = PLANE ( 'NONE',  #2101 ) ;
#1749 = ORIENTED_EDGE ( 'NONE', *, *, #2359, .T. ) ;
#1750 = EDGE_CURVE ( 'NONE', #513, #1082, #682, .T. ) ;
#1751 = EDGE_CURVE ( 'NONE', #2182, #2468, #2503, .T. ) ;
#1752 = CARTESIAN_POINT ( 'NONE',  ( 4.750000000000003553, -8.227241335952150791, 5.000000000000000000 ) ) ;
#1753 = CYLINDRICAL_SURFACE ( 'NONE', #1890, 0.9999999999999995559 ) ;
#1754 = DIRECTION ( 'NONE',  ( 0.4999999999999920619, 0.8660254037844432595, 0.000000000000000000 ) ) ;
#1755 = LINE ( 'NONE', #1971, #775 ) ;
#1756 = CARTESIAN_POINT ( 'NONE',  ( -24.66858428704207995, -3.272758664047952681, 2.999999999999999112 ) ) ;
#1757 = PERSON_AND_ORGANIZATION_ROLE ( 'design_owner' ) ;
#1758 = CIRCLE ( 'NONE', #2647, 1.000000000000000888 ) ;
#1759 = ORIENTED_EDGE ( 'NONE', *, *, #920, .T. ) ;
#1760 = VECTOR ( 'NONE', #2188, 1000.000000000000000 ) ;
#1761 = DIRECTION ( 'NONE',  ( -0.5000000000000039968, 0.8660254037844363761, 0.000000000000000000 ) ) ;
#1762 = ADVANCED_FACE ( 'NONE', ( #2203 ), #1782, .F. ) ;
#1763 = ORIENTED_EDGE ( 'NONE', *, *, #2461, .T. ) ;
#1764 = VERTEX_POINT ( 'NONE', #1649 ) ;
#1765 = DIRECTION ( 'NONE',  ( 0.000000000000000000, 0.000000000000000000, 1.000000000000000000 ) ) ;
#1766 = LINE ( 'NONE', #4, #215 ) ;
#1767 = DIRECTION ( 'NONE',  ( -0.4999999999999920064, -0.8660254037844432595, 0.000000000000000000 ) ) ;
#1768 = CARTESIAN_POINT ( 'NONE',  ( 11.50000000000000000, 4.330127018922191873, -5.000000000000000000 ) ) ;
#1769 = DIRECTION ( 'NONE',  ( -1.000000000000000000, 0.000000000000000000, 0.000000000000000000 ) ) ;
#1770 = LINE ( 'NONE', #1756, #302 ) ;
#1771 = DIRECTION ( 'NONE',  ( -1.000000000000000000, -0.000000000000000000, -0.000000000000000000 ) ) ;
#1772 =( BOUNDED_CURVE ( )  B_SPLINE_CURVE ( 3, ( #2043, #37, #1133, #2000 ),
 .UNSPECIFIED., .F., .F. ) 
 B_SPLINE_CURVE_WITH_KNOTS ( ( 4, 4 ),
 ( 2.094395102393193486, 4.188790204786393190 ),
 .UNSPECIFIED. ) 
 CURVE ( )  GEOMETRIC_REPRESENTATION_ITEM ( )  RATIONAL_B_SPLINE_CURVE ( ( 1.000000000000000000, 0.6666666666666654084, 0.6666666666666654084, 1.000000000000000000 ) ) 
 REPRESENTATION_ITEM ( '' )  );
#1773 = VERTEX_POINT ( 'NONE', #1625 ) ;
#1774 = CARTESIAN_POINT ( 'NONE',  ( 24.66858428704209061, -3.272758664047827892, -5.000000000000000000 ) ) ;
#1775 = ADVANCED_FACE ( 'NONE', ( #961 ), #295, .F. ) ;
#1776 = ORIENTED_EDGE ( 'NONE', *, *, #2081, .T. ) ;
#1777 = AXIS2_PLACEMENT_3D ( 'NONE', #2845, #1034, #592 ) ;
#1778 = ADVANCED_FACE ( 'NONE', ( #2519 ), #1428, .T. ) ;
#1779 = VERTEX_POINT ( 'NONE', #2544 ) ;
#1780 = CARTESIAN_POINT ( 'NONE',  ( -8.276279441627730549, -5.500000000000273559, -5.000000000000000000 ) ) ;
#1781 = DIRECTION ( 'NONE',  ( 0.000000000000000000, 0.000000000000000000, 1.000000000000000000 ) ) ;
#1782 = PLANE ( 'NONE',  #2065 ) ;
#1783 = DIRECTION ( 'NONE',  ( 0.000000000000000000, 0.000000000000000000, 1.000000000000000000 ) ) ;
#1784 = VECTOR ( 'NONE', #426, 1000.000000000000000 ) ;
#1785 = VECTOR ( 'NONE', #1512, 1000.000000000000000 ) ;
#1786 = DIRECTION ( 'NONE',  ( -1.000000000000000000, -0.000000000000000000, -0.000000000000000000 ) ) ;
#1787 = CYLINDRICAL_SURFACE ( 'NONE', #1238, 3.999999999999998224 ) ;
#1788 = DIRECTION ( 'NONE',  ( 1.000000000000000000, 0.000000000000000000, 0.000000000000000000 ) ) ;
#1789 = ORIENTED_EDGE ( 'NONE', *, *, #2140, .T. ) ;
#1790 = EDGE_CURVE ( 'NONE', #1496, #1639, #2799, .T. ) ;
#1791 = CARTESIAN_POINT ( 'NONE',  ( -24.66858428704207995, -3.272758664047952681, -3.000000000000000444 ) ) ;
#1792 = VERTEX_POINT ( 'NONE', #69 ) ;
#1793 = ORIENTED_EDGE ( 'NONE', *, *, #1347, .T. ) ;
#1794 = PLANE ( 'NONE',  #2808 ) ;
#1795 = ORIENTED_EDGE ( 'NONE', *, *, #468, .F. ) ;
#1796 = DIRECTION ( 'NONE',  ( -0.4999999999999996114, -0.8660254037844389297, 0.000000000000000000 ) ) ;
#1797 = DIRECTION ( 'NONE',  ( 1.000000000000000000, 0.000000000000000000, 0.000000000000000000 ) ) ;
#1798 = DIRECTION ( 'NONE',  ( 1.000000000000000000, 0.000000000000000000, 0.000000000000000000 ) ) ;
#1799 = ADVANCED_FACE ( 'NONE', ( #1001 ), #312, .F. ) ;
#1800 = EDGE_CURVE ( 'NONE', #581, #2045, #546, .T. ) ;
#1801 = VECTOR ( 'NONE', #1771, 1000.000000000000000 ) ;
#1802 = FACE_OUTER_BOUND ( 'NONE', #661, .T. ) ;
#1803 = DIRECTION ( 'NONE',  ( 1.000000000000000000, 0.000000000000000000, 0.000000000000000000 ) ) ;
#1804 = DIRECTION ( 'NONE',  ( -0.000000000000000000, 0.000000000000000000, 1.000000000000000000 ) ) ;
#1805 = AXIS2_PLACEMENT_3D ( 'NONE', #531, #1636, #68 ) ;
#1806 = CIRCLE ( 'NONE', #678, 1.250000000000625722 ) ;
#1807 = ORIENTED_EDGE ( 'NONE', *, *, #673, .F. ) ;
#1808 = CARTESIAN_POINT ( 'NONE',  ( 10.85640646055114189, -13.19615242270653255, -2.171220823840237658E-15 ) ) ;
#1809 = VECTOR ( 'NONE', #1849, 1000.000000000000000 ) ;
#1810 = ORIENTED_EDGE ( 'NONE', *, *, #1577, .F. ) ;
#1811 = ORIENTED_EDGE ( 'NONE', *, *, #468, .T. ) ;
#1812 = PLANE ( 'NONE',  #2381 ) ;
#1813 = ORIENTED_EDGE ( 'NONE', *, *, #2372, .F. ) ;
#1814 = CARTESIAN_POINT ( 'NONE',  ( 19.68653347947319432, -7.901923788646660007, -5.000000000000000000 ) ) ;
#1815 = DIRECTION ( 'NONE',  ( -0.8660254037844432595, 0.4999999999999920064, 0.000000000000000000 ) ) ;
#1816 = CARTESIAN_POINT ( 'NONE',  ( -6.000000000000000000, 16.00000000000000000, -3.314341462499788107E-17 ) ) ;
#1817 = EDGE_CURVE ( 'NONE', #2629, #1423, #2756, .T. ) ;
#1818 = DIRECTION ( 'NONE',  ( -0.000000000000000000, -1.000000000000000000, 0.000000000000000000 ) ) ;
#1819 = EDGE_CURVE ( 'NONE', #105, #479, #760, .T. ) ;
#1820 = LINE ( 'NONE', #1106, #1708 ) ;
#1821 = CARTESIAN_POINT ( 'NONE',  ( 13.43653347947338439, -18.72724133595204421, -3.000000000000000888 ) ) ;
#1822 = ORIENTED_EDGE ( 'NONE', *, *, #95, .T. ) ;
#1823 = CARTESIAN_POINT ( 'NONE',  ( -1.499999999999996225, 2.598076211353306242, -5.000000000000000000 ) ) ;
#1824 = ORIENTED_EDGE ( 'NONE', *, *, #878, .T. ) ;
#1825 = ORIENTED_EDGE ( 'NONE', *, *, #1603, .T. ) ;
#1826 = LINE ( 'NONE', #1867, #1453 ) ;
#1827 = ORIENTED_EDGE ( 'NONE', *, *, #2882, .T. ) ;
#1828 = LINE ( 'NONE', #2280, #1473 ) ;
#1829 = DIRECTION ( 'NONE',  ( 1.000000000000000000, 0.000000000000000000, 0.000000000000000000 ) ) ;
#1830 = CARTESIAN_POINT ( 'NONE',  ( 9.500000000000001776, 21.00000000000000000, -3.000000000000000888 ) ) ;
#1831 = AXIS2_PLACEMENT_3D ( 'NONE', #1189, #2071, #756 ) ;
#1832 = ORIENTED_EDGE ( 'NONE', *, *, #1704, .T. ) ;
#1833 = CARTESIAN_POINT ( 'NONE',  ( -9.500000000000001776, 23.00000000000000355, -3.000000000000000444 ) ) ;
#1834 = CARTESIAN_POINT ( 'NONE',  ( 19.91858428704210482, -11.49999999999998934, 5.000000000000000000 ) ) ;
#1835 = VECTOR ( 'NONE', #611, 1000.000000000000000 ) ;
#1836 = EDGE_LOOP ( 'NONE', ( #1542, #836, #1597, #1689 ) ) ;
#1837 = CARTESIAN_POINT ( 'NONE',  ( 3.465380247228175392, -7.212213570665583440, 2.014324625078052211 ) ) ;
#1838 = ORIENTED_EDGE ( 'NONE', *, *, #2657, .T. ) ;
#1839 = EDGE_CURVE ( 'NONE', #2702, #2618, #2092, .T. ) ;
#1840 = ORIENTED_EDGE ( 'NONE', *, *, #739, .T. ) ;
#1841 = DIRECTION ( 'NONE',  ( -0.000000000000000000, 0.000000000000000000, 1.000000000000000000 ) ) ;
#1842 = ORIENTED_EDGE ( 'NONE', *, *, #496, .T. ) ;
#1843 = LINE ( 'NONE', #280, #964 ) ;
#1844 = CARTESIAN_POINT ( 'NONE',  ( 18.41858428704210482, -14.09807621135331246, -5.000000000000000000 ) ) ;
#1845 = LINE ( 'NONE', #732, #752 ) ;
#1846 = VERTEX_POINT ( 'NONE', #1871 ) ;
#1847 = LINE ( 'NONE', #2742, #78 ) ;
#1848 = CARTESIAN_POINT ( 'NONE',  ( 1.999999999999987121, -12.12435565298214613, -3.464101615137748613 ) ) ;
#1849 = DIRECTION ( 'NONE',  ( 0.000000000000000000, 0.000000000000000000, 1.000000000000000000 ) ) ;
#1850 = DIRECTION ( 'NONE',  ( 0.000000000000000000, 0.000000000000000000, 1.000000000000000000 ) ) ;
#1851 = AXIS2_PLACEMENT_3D ( 'NONE', #1527, #405, #1571 ) ;
#1852 = ORIENTED_EDGE ( 'NONE', *, *, #1070, .F. ) ;
#1853 = ORIENTED_EDGE ( 'NONE', *, *, #1541, .F. ) ;
#1854 = VECTOR ( 'NONE', #1371, 999.9999999999998863 ) ;
#1855 = EDGE_CURVE ( 'NONE', #2152, #2584, #747, .T. ) ;
#1856 = DIRECTION ( 'NONE',  ( 0.000000000000000000, 0.000000000000000000, -1.000000000000000000 ) ) ;
#1857 = ORIENTED_EDGE ( 'NONE', *, *, #2283, .F. ) ;
#1858 = AXIS2_PLACEMENT_3D ( 'NONE', #948, #2728, #87 ) ;
#1859 = DIRECTION ( 'NONE',  ( 0.8660254037844363761, 0.5000000000000039968, -2.168404344971006649E-16 ) ) ;
#1860 = DIRECTION ( 'NONE',  ( 0.4999999999999995004, 0.8660254037844389297, -0.000000000000000000 ) ) ;
#1861 = ORIENTED_EDGE ( 'NONE', *, *, #2187, .T. ) ;
#1862 = DIRECTION ( 'NONE',  ( 0.4999999999999920064, 0.8660254037844432595, -0.000000000000000000 ) ) ;
#1863 = DIRECTION ( 'NONE',  ( 1.000000000000000000, 0.000000000000000000, 0.000000000000000000 ) ) ;
#1864 = DIRECTION ( 'NONE',  ( 0.8660254037844381525, 0.5000000000000008882, 0.000000000000000000 ) ) ;
#1865 = ORIENTED_EDGE ( 'NONE', *, *, #958, .T. ) ;
#1866 = EDGE_LOOP ( 'NONE', ( #331, #2452, #660, #1891 ) ) ;
#1867 = CARTESIAN_POINT ( 'NONE',  ( 12.99038105676659072, -7.499999999999998224, 5.000000000000000000 ) ) ;
#1868 = EDGE_LOOP ( 'NONE', ( #1674, #1544, #551, #947 ) ) ;
#1869 = EDGE_CURVE ( 'NONE', #206, #711, #520, .T. ) ;
#1870 = CARTESIAN_POINT ( 'NONE',  ( 0.000000000000000000, 23.00000000000000355, 5.000000000000000000 ) ) ;
#1871 = CARTESIAN_POINT ( 'NONE',  ( -13.43653347947312859, -18.72724133595223606, -3.000000000000000888 ) ) ;
#1872 = EDGE_CURVE ( 'NONE', #1023, #268, #2309, .T. ) ;
#1873 = EDGE_LOOP ( 'NONE', ( #2626, #1332 ) ) ;
#1874 = LINE ( 'NONE', #1640, #1626 ) ;
#1875 = CARTESIAN_POINT ( 'NONE',  ( 0.7062268512117272357, -11.58845726811989607, -3.999999999999997335 ) ) ;
#1876 = CARTESIAN_POINT ( 'NONE',  ( -11.85640646055100511, -9.732050807568890960, -5.000000000000000000 ) ) ;
#1877 = EDGE_LOOP ( 'NONE', ( #2407, #797 ) ) ;
#1878 = EDGE_CURVE ( 'NONE', #503, #2436, #709, .T. ) ;
#1879 = VECTOR ( 'NONE', #2569, 1000.000000000000000 ) ;
#1880 = VERTEX_POINT ( 'NONE', #990 ) ;
#1881 = LINE ( 'NONE', #543, #2110 ) ;
#1882 = EDGE_LOOP ( 'NONE', ( #1101, #483, #2266, #983 ) ) ;
#1883 = PLANE ( 'NONE',  #621 ) ;
#1884 = LINE ( 'NONE', #945, #2726 ) ;
#1885 = DIRECTION ( 'NONE',  ( 0.000000000000000000, 0.000000000000000000, 1.000000000000000000 ) ) ;
#1886 = CARTESIAN_POINT ( 'NONE',  ( 1.388389606015941746, -11.77124222737627335, -3.817215040743620058 ) ) ;
#1887 = EDGE_CURVE ( 'NONE', #924, #2676, #1884, .T. ) ;
#1888 = AXIS2_PLACEMENT_3D ( 'NONE', #2138, #2794, #639 ) ;
#1889 = CARTESIAN_POINT ( 'NONE',  ( -18.41858428704207284, -14.09807621135333200, -5.000000000000000000 ) ) ;
#1890 = AXIS2_PLACEMENT_3D ( 'NONE', #2397, #397, #2646 ) ;
#1891 = ORIENTED_EDGE ( 'NONE', *, *, #539, .T. ) ;
#1892 = VERTEX_POINT ( 'NONE', #770 ) ;
#1893 = CARTESIAN_POINT ( 'NONE',  ( -3.000000000000000000, 0.000000000000000000, -5.000000000000000000 ) ) ;
#1894 = ORIENTED_EDGE ( 'NONE', *, *, #450, .F. ) ;
#1895 = CARTESIAN_POINT ( 'NONE',  ( 3.000000000000000000, 23.00000000000000355, -5.000000000000000000 ) ) ;
#1896 = DIRECTION ( 'NONE',  ( -0.4999999999999993339, -0.8660254037844390407, 0.000000000000000000 ) ) ;
#1897 = CIRCLE ( 'NONE', #2463, 0.9999999999999997780 ) ;
#1898 = CIRCLE ( 'NONE', #2223, 1.250000000000625722 ) ;
#1899 = CARTESIAN_POINT ( 'NONE',  ( 14.68653347947336485, -16.56217782649093451, -2.048756143925502115E-15 ) ) ;
#1900 = DIRECTION ( 'NONE',  ( 0.000000000000000000, 0.000000000000000000, 1.000000000000000000 ) ) ;
#1901 = CARTESIAN_POINT ( 'NONE',  ( 3.972979256764972877, -6.943999524011059243, -0.5350827913066423802 ) ) ;
#1902 = EDGE_CURVE ( 'NONE', #2239, #1617, #1665, .T. ) ;
#1903 = ADVANCED_BREP_SHAPE_REPRESENTATION ( 'PiÞce5_Nacelle_DÚfaut_sldprt', ( #1153, #1777 ), #2386 ) ;
#1904 = DIRECTION ( 'NONE',  ( 1.000000000000000000, 0.000000000000000000, -0.000000000000000000 ) ) ;
#1905 = ORIENTED_EDGE ( 'NONE', *, *, #2580, .T. ) ;
#1906 = ORIENTED_EDGE ( 'NONE', *, *, #2387, .F. ) ;
#1907 = CARTESIAN_POINT ( 'NONE',  ( -2.000000000000010658, -12.12435565298214435, 5.000000000000000000 ) ) ;
#1908 = VERTEX_POINT ( 'NONE', #2116 ) ;
#1909 = CARTESIAN_POINT ( 'NONE',  ( -16.68653347947320142, -13.09807621135333022, 2.999999999999999556 ) ) ;
#1910 = CIRCLE ( 'NONE', #2290, 3.999999999999998224 ) ;
#1911 = CARTESIAN_POINT ( 'NONE',  ( 10.85640646055114189, -13.19615242270653255, -2.171220823840237658E-15 ) ) ;
#1912 = DIRECTION ( 'NONE',  ( 1.000000000000000000, 1.734723475976807883E-15, 0.000000000000000000 ) ) ;
#1913 = PLANE ( 'NONE',  #515 ) ;
#1914 = EDGE_CURVE ( 'NONE', #765, #1662, #786, .T. ) ;
#1915 = CYLINDRICAL_SURFACE ( 'NONE', #537, 3.999999999999998224 ) ;
#1916 = ORIENTED_EDGE ( 'NONE', *, *, #287, .T. ) ;
#1917 = ORIENTED_EDGE ( 'NONE', *, *, #1623, .F. ) ;
#1918 = DIRECTION ( 'NONE',  ( 0.4999999999999920064, 0.8660254037844432595, -0.000000000000000000 ) ) ;
#1919 = EDGE_CURVE ( 'NONE', #2483, #83, #472, .T. ) ;
#1920 = ORIENTED_EDGE ( 'NONE', *, *, #2786, .T. ) ;
#1921 = ORIENTED_EDGE ( 'NONE', *, *, #1404, .T. ) ;
#1922 = CARTESIAN_POINT ( 'NONE',  ( 1.734723475976807094E-15, -15.58845726811989429, -5.000000000000000000 ) ) ;
#1923 = LINE ( 'NONE', #841, #820 ) ;
#1924 = EDGE_CURVE ( 'NONE', #832, #1646, #1719, .T. ) ;
#1925 = CYLINDRICAL_SURFACE ( 'NONE', #1933, 0.9999999999999995559 ) ;
#1926 = CARTESIAN_POINT ( 'NONE',  ( 15.16858428704210127, -19.72724133595216855, 5.000000000000000000 ) ) ;
#1927 = LINE ( 'NONE', #2858, #2274 ) ;
#1928 =( LENGTH_UNIT ( ) NAMED_UNIT ( * ) SI_UNIT ( .MILLI., .METRE. ) );
#1929 = ORIENTED_EDGE ( 'NONE', *, *, #1548, .F. ) ;
#1930 = ORIENTED_EDGE ( 'NONE', *, *, #1186, .T. ) ;
#1931 = DIRECTION ( 'NONE',  ( 0.8660254037844432595, -0.4999999999999919509, 0.000000000000000000 ) ) ;
#1932 = ORIENTED_EDGE ( 'NONE', *, *, #2517, .F. ) ;
#1933 = AXIS2_PLACEMENT_3D ( 'NONE', #2176, #2426, #414 ) ;
#1934 = EDGE_CURVE ( 'NONE', #2022, #1160, #2354, .T. ) ;
#1935 = ORIENTED_EDGE ( 'NONE', *, *, #2272, .F. ) ;
#1936 = CARTESIAN_POINT ( 'NONE',  ( 11.99038105676659605, -9.232050807568866091, 5.000000000000000000 ) ) ;
#1937 = AXIS2_PLACEMENT_3D ( 'NONE', #231, #2286, #2448 ) ;
#1938 = FACE_OUTER_BOUND ( 'NONE', #421, .T. ) ;
#1939 = FACE_OUTER_BOUND ( 'NONE', #2420, .T. ) ;
#1940 = AXIS2_PLACEMENT_3D ( 'NONE', #243, #217, #857 ) ;
#1941 = CARTESIAN_POINT ( 'NONE',  ( -9.526279441628355826, -5.500000000000273559, 5.000000000000000000 ) ) ;
#1942 = PRODUCT_RELATED_PRODUCT_CATEGORY ( 'detail', '', ( #202 ) ) ;
#1943 = CIRCLE ( 'NONE', #29, 3.999999999999998224 ) ;
#1944 = FACE_OUTER_BOUND ( 'NONE', #333, .T. ) ;
#1945 = ORIENTED_EDGE ( 'NONE', *, *, #1746, .T. ) ;
#1946 = ORIENTED_EDGE ( 'NONE', *, *, #496, .F. ) ;
#1947 = FACE_OUTER_BOUND ( 'NONE', #2136, .T. ) ;
#1948 = VERTEX_POINT ( 'NONE', #1247 ) ;
#1949 = EDGE_LOOP ( 'NONE', ( #67, #186, #1916, #954 ) ) ;
#1950 = FACE_OUTER_BOUND ( 'NONE', #2255, .T. ) ;
#1951 = ADVANCED_FACE ( 'NONE', ( #1502 ), #824, .F. ) ;
#1952 = PLANE ( 'NONE',  #737 ) ;
#1953 = LINE ( 'NONE', #141, #955 ) ;
#1954 = CARTESIAN_POINT ( 'NONE',  ( -2.448955312130041140, -7.619285919361022508, -3.173450091953421648 ) ) ;
#1955 = EDGE_CURVE ( 'NONE', #1395, #2182, #2395, .T. ) ;
#1956 = VECTOR ( 'NONE', #1486, 1000.000000000000000 ) ;
#1957 = CARTESIAN_POINT ( 'NONE',  ( 11.35640646055113301, -12.33012701892208973, -2.171220823840237658E-15 ) ) ;
#1958 = APPROVAL_DATE_TIME ( #201, #2410 ) ;
#1959 = LOCAL_TIME ( 17, 39, 22.00000000000000000, #637 ) ;
#1960 = ORIENTED_EDGE ( 'NONE', *, *, #321, .F. ) ;
#1961 = CARTESIAN_POINT ( 'NONE',  ( -8.276279441627730549, -5.500000000000273559, 5.000000000000000000 ) ) ;
#1962 = EDGE_LOOP ( 'NONE', ( #904, #1401 ) ) ;
#1963 = EDGE_CURVE ( 'NONE', #105, #2022, #378, .T. ) ;
#1964 = ORIENTED_EDGE ( 'NONE', *, *, #1696, .T. ) ;
#1965 = CYLINDRICAL_SURFACE ( 'NONE', #1396, 1.000000000000000888 ) ;
#1966 = AXIS2_PLACEMENT_3D ( 'NONE', #807, #835, #2628 ) ;
#1967 = AXIS2_PLACEMENT_3D ( 'NONE', #2074, #1637, #1207 ) ;
#1968 = FACE_OUTER_BOUND ( 'NONE', #781, .T. ) ;
#1969 = CARTESIAN_POINT ( 'NONE',  ( 16.85640646055104241, -2.803847577293212989, -3.314341462499788107E-17 ) ) ;
#1970 = CARTESIAN_POINT ( 'NONE',  ( -0.2691907178497373043, -8.000000000000001776, 4.000000000000001776 ) ) ;
#1971 = CARTESIAN_POINT ( 'NONE',  ( 0.000000000000000000, 15.00000000000000355, 5.000000000000000000 ) ) ;
#1972 = ADVANCED_FACE ( 'NONE', ( #2619 ), #2408, .F. ) ;
#1973 = FACE_OUTER_BOUND ( 'NONE', #646, .T. ) ;
#1974 = ORIENTED_EDGE ( 'NONE', *, *, #2715, .F. ) ;
#1975 = DIRECTION ( 'NONE',  ( 0.8660254037844432595, -0.4999999999999919509, 0.000000000000000000 ) ) ;
#1976 = VECTOR ( 'NONE', #2686, 1000.000000000000000 ) ;
#1977 = VERTEX_POINT ( 'NONE', #2632 ) ;
#1978 = ORIENTED_EDGE ( 'NONE', *, *, #220, .F. ) ;
#1979 = DIRECTION ( 'NONE',  ( 1.000000000000000000, 0.000000000000000000, 0.000000000000000000 ) ) ;
#1980 = AXIS2_PLACEMENT_3D ( 'NONE', #2095, #286, #1863 ) ;
#1981 = ORIENTED_EDGE ( 'NONE', *, *, #2372, .T. ) ;
#1982 = DIRECTION ( 'NONE',  ( -0.000000000000000000, 1.000000000000000000, -0.000000000000000000 ) ) ;
#1983 = LINE ( 'NONE', #1322, #2871 ) ;
#1984 = DIRECTION ( 'NONE',  ( 0.8660254037844432595, -0.4999999999999918954, -0.000000000000000000 ) ) ;
#1985 = CARTESIAN_POINT ( 'NONE',  ( 24.66858428704209061, -3.272758664047827892, -5.000000000000000000 ) ) ;
#1986 = VECTOR ( 'NONE', #1172, 999.9999999999998863 ) ;
#1987 = EDGE_CURVE ( 'NONE', #623, #1303, #791, .T. ) ;
#1988 = DIRECTION ( 'NONE',  ( 0.5000000000000039968, -0.8660254037844363761, -0.000000000000000000 ) ) ;
#1989 = DATE_TIME_ROLE ( 'classification_date' ) ;
#1990 = ADVANCED_FACE ( 'NONE', ( #1950 ), #365, .F. ) ;
#1991 = ADVANCED_FACE ( 'NONE', ( #151 ), #2128, .F. ) ;
#1992 = CARTESIAN_POINT ( 'NONE',  ( 13.43653347947338439, -18.72724133595204421, -3.000000000000000888 ) ) ;
#1993 = VECTOR ( 'NONE', #1549, 1000.000000000000000 ) ;
#1994 = DIRECTION ( 'NONE',  ( 0.000000000000000000, 0.000000000000000000, 1.000000000000000000 ) ) ;
#1995 = ORIENTED_EDGE ( 'NONE', *, *, #1713, .F. ) ;
#1996 = ORIENTED_EDGE ( 'NONE', *, *, #2355, .F. ) ;
#1997 = FACE_OUTER_BOUND ( 'NONE', #2169, .T. ) ;
#1998 = VERTEX_POINT ( 'NONE', #393 ) ;
#1999 = DIRECTION ( 'NONE',  ( 0.000000000000000000, 0.000000000000000000, 1.000000000000000000 ) ) ;
#2000 = CARTESIAN_POINT ( 'NONE',  ( 1.999999999999987121, -12.12435565298214613, -3.464101615137748613 ) ) ;
#2001 = LINE ( 'NONE', #1323, #2147 ) ;
#2002 = EDGE_CURVE ( 'NONE', #1014, #1023, #1735, .T. ) ;
#2003 = DIRECTION ( 'NONE',  ( 0.5000000000000039968, -0.8660254037844363761, 0.000000000000000000 ) ) ;
#2004 = CARTESIAN_POINT ( 'NONE',  ( 16.85640646055104241, -2.803847577293212989, -3.314341462499788107E-17 ) ) ;
#2005 = CARTESIAN_POINT ( 'NONE',  ( 15.18653347947335774, -15.69615242270649347, -2.171220823840237658E-15 ) ) ;
#2006 = AXIS2_PLACEMENT_3D ( 'NONE', #455, #2486, #679 ) ;
#2007 = ORIENTED_EDGE ( 'NONE', *, *, #287, .F. ) ;
#2008 = CARTESIAN_POINT ( 'NONE',  ( -16.85640646055101044, -2.803847577293448801, -2.171220823840237658E-15 ) ) ;
#2009 = ORIENTED_EDGE ( 'NONE', *, *, #1454, .F. ) ;
#2010 = ORIENTED_EDGE ( 'NONE', *, *, #2707, .T. ) ;
#2011 = EDGE_CURVE ( 'NONE', #1055, #386, #1490, .T. ) ;
#2012 = FACE_OUTER_BOUND ( 'NONE', #2568, .T. ) ;
#2013 = ORIENTED_EDGE ( 'NONE', *, *, #739, .F. ) ;
#2014 = DIRECTION ( 'NONE',  ( -0.000000000000000000, 0.000000000000000000, 1.000000000000000000 ) ) ;
#2015 = CARTESIAN_POINT ( 'NONE',  ( 1.250000000000000000, 11.00000000000000000, -5.000000000000000000 ) ) ;
#2016 = DIRECTION ( 'NONE',  ( 1.000000000000000000, 0.000000000000000000, 0.000000000000000000 ) ) ;
#2017 = LINE ( 'NONE', #199, #1002 ) ;
#2018 = CARTESIAN_POINT ( 'NONE',  ( -19.91858428704208706, -11.49999999999998934, -5.000000000000000000 ) ) ;
#2019 = CARTESIAN_POINT ( 'NONE',  ( 1.999999999999987121, -12.12435565298214613, -5.000000000000000000 ) ) ;
#2020 = EDGE_LOOP ( 'NONE', ( #1256, #2102, #91, #1116 ) ) ;
#2021 = FACE_OUTER_BOUND ( 'NONE', #1027, .T. ) ;
#2022 = VERTEX_POINT ( 'NONE', #1909 ) ;
#2023 = VERTEX_POINT ( 'NONE', #1703 ) ;
#2024 = CARTESIAN_POINT ( 'NONE',  ( -24.66858428704208706, -3.272758664047846988, -5.000000000000000000 ) ) ;
#2025 = EDGE_CURVE ( 'NONE', #451, #2211, #1043, .T. ) ;
#2026 = AXIS2_PLACEMENT_3D ( 'NONE', #897, #1815, #1767 ) ;
#2027 = CARTESIAN_POINT ( 'NONE',  ( -3.000000000000000000, 16.00000000000001066, -5.000000000000000000 ) ) ;
#2028 = LINE ( 'NONE', #2015, #1277 ) ;
#2029 = AXIS2_PLACEMENT_3D ( 'NONE', #494, #270, #9 ) ;
#2030 = DIRECTION ( 'NONE',  ( -1.000000000000000000, -0.000000000000000000, -0.000000000000000000 ) ) ;
#2031 = DIRECTION ( 'NONE',  ( 0.000000000000000000, 0.000000000000000000, 1.000000000000000000 ) ) ;
#2032 = DIRECTION ( 'NONE',  ( -0.8660254037844363761, -0.5000000000000039968, 0.000000000000000000 ) ) ;
#2033 = CARTESIAN_POINT ( 'NONE',  ( -10.77627944162898110, -5.500000000000273559, -5.000000000000000000 ) ) ;
#2034 = VECTOR ( 'NONE', #899, 999.9999999999998863 ) ;
#2035 = PLANE ( 'NONE',  #576 ) ;
#2036 = CARTESIAN_POINT ( 'NONE',  ( -21.18653347947319077, -5.303847577293468341, -2.171220823840237658E-15 ) ) ;
#2037 = ORIENTED_EDGE ( 'NONE', *, *, #387, .T. ) ;
#2038 = CIRCLE ( 'NONE', #914, 0.9999999999999997780 ) ;
#2039 = ORIENTED_EDGE ( 'NONE', *, *, #2754, .F. ) ;
#2040 = DIRECTION ( 'NONE',  ( 0.8660254037844379305, 0.5000000000000013323, -0.000000000000000000 ) ) ;
#2041 = ORIENTED_EDGE ( 'NONE', *, *, #1563, .T. ) ;
#2042 = CARTESIAN_POINT ( 'NONE',  ( 9.526279441628801692, -5.500000000000045297, 5.000000000000000000 ) ) ;
#2043 = CARTESIAN_POINT ( 'NONE',  ( 1.999999999999987121, -12.12435565298214613, 3.464101615137747725 ) ) ;
#2044 = DIRECTION ( 'NONE',  ( 0.000000000000000000, 0.000000000000000000, 1.000000000000000000 ) ) ;
#2045 = VERTEX_POINT ( 'NONE', #1936 ) ;
#2046 = DIRECTION ( 'NONE',  ( 1.000000000000000000, 0.000000000000000000, 0.000000000000000000 ) ) ;
#2047 = PLANE ( 'NONE',  #1937 ) ;
#2048 = ADVANCED_FACE ( 'NONE', ( #2186 ), #1456, .F. ) ;
#2049 = ORIENTED_EDGE ( 'NONE', *, *, #1042, .F. ) ;
#2050 = ADVANCED_FACE ( 'NONE', ( #798 ), #1965, .F. ) ;
#2051 = CARTESIAN_POINT ( 'NONE',  ( 0.2651294666381350806, -8.000000000000001776, -4.000000000000001776 ) ) ;
#2052 = EDGE_LOOP ( 'NONE', ( #50, #541, #2542, #1853 ) ) ;
#2053 = ORIENTED_EDGE ( 'NONE', *, *, #465, .F. ) ;
#2054 = ADVANCED_FACE ( 'NONE', ( #2573 ), #2368, .F. ) ;
#2055 = DIRECTION ( 'NONE',  ( 1.000000000000000000, 0.000000000000000000, -0.000000000000000000 ) ) ;
#2056 = ADVANCED_FACE ( 'NONE', ( #17 ), #2643, .F. ) ;
#2057 = ORIENTED_EDGE ( 'NONE', *, *, #685, .T. ) ;
#2058 = DIRECTION ( 'NONE',  ( -0.000000000000000000, 0.000000000000000000, 1.000000000000000000 ) ) ;
#2059 = DIRECTION ( 'NONE',  ( 0.000000000000000000, 0.000000000000000000, 1.000000000000000000 ) ) ;
#2060 = FACE_OUTER_BOUND ( 'NONE', #2246, .T. ) ;
#2061 = ORIENTED_EDGE ( 'NONE', *, *, #1127, .F. ) ;
#2062 = CIRCLE ( 'NONE', #2672, 1.250000000000000000 ) ;
#2063 = CARTESIAN_POINT ( 'NONE',  ( -2.000000000000010658, -12.12435565298214435, -5.000000000000000000 ) ) ;
#2064 = DIRECTION ( 'NONE',  ( -0.8660254037844362651, -0.5000000000000039968, 0.000000000000000000 ) ) ;
#2065 = AXIS2_PLACEMENT_3D ( 'NONE', #665, #731, #1896 ) ;
#2066 = EDGE_CURVE ( 'NONE', #235, #479, #2213, .T. ) ;
#2067 = DIRECTION ( 'NONE',  ( 0.000000000000000000, 0.000000000000000000, 1.000000000000000000 ) ) ;
#2068 = CARTESIAN_POINT ( 'NONE',  ( 9.500000000000001776, 21.00000000000000000, 2.999999999999999112 ) ) ;
#2069 = ORIENTED_EDGE ( 'NONE', *, *, #2765, .T. ) ;
#2070 = ORIENTED_EDGE ( 'NONE', *, *, #2535, .F. ) ;
#2071 = DIRECTION ( 'NONE',  ( 0.000000000000000000, 2.168404344971006896E-16, -1.000000000000000000 ) ) ;
#2072 = VERTEX_POINT ( 'NONE', #2658 ) ;
#2073 = CARTESIAN_POINT ( 'NONE',  ( 0.000000000000000000, -11.58845726811989429, 4.000000000000000000 ) ) ;
#2074 = CARTESIAN_POINT ( 'NONE',  ( 0.000000000000000000, -18.00000000000000355, 0.000000000000000000 ) ) ;
#2075 = CARTESIAN_POINT ( 'NONE',  ( 24.66858428704209061, -3.272758664047827892, -5.000000000000000000 ) ) ;
#2076 = ORIENTED_EDGE ( 'NONE', *, *, #795, .T. ) ;
#2077 = CARTESIAN_POINT ( 'NONE',  ( -0.7062268512117340080, -11.58845726811989607, 3.999999999999997335 ) ) ;
#2078 = CARTESIAN_POINT ( 'NONE',  ( -21.41858428704207995, -8.901923788646701752, -5.000000000000000000 ) ) ;
#2079 = VECTOR ( 'NONE', #2384, 1000.000000000000000 ) ;
#2080 = SHAPE_DEFINITION_REPRESENTATION ( #2714, #1903 ) ;
#2081 = EDGE_CURVE ( 'NONE', #1226, #2353, #2454, .T. ) ;
#2082 = LINE ( 'NONE', #538, #2460 ) ;
#2083 = EDGE_CURVE ( 'NONE', #1304, #1998, #1546, .T. ) ;
#2084 = ORIENTED_EDGE ( 'NONE', *, *, #23, .T. ) ;
#2085 = AXIS2_PLACEMENT_3D ( 'NONE', #252, #1608, #487 ) ;
#2086 = EDGE_LOOP ( 'NONE', ( #1697, #1685 ) ) ;
#2087 = VECTOR ( 'NONE', #700, 1000.000000000000000 ) ;
#2088 = LINE ( 'NONE', #2278, #282 ) ;
#2089 = ORIENTED_EDGE ( 'NONE', *, *, #2310, .T. ) ;
#2090 = VECTOR ( 'NONE', #1885, 1000.000000000000000 ) ;
#2091 = PLANE ( 'NONE',  #2085 ) ;
#2092 = LINE ( 'NONE', #1415, #101 ) ;
#2093 = EDGE_LOOP ( 'NONE', ( #86, #995, #390, #2818 ) ) ;
#2094 = DIRECTION ( 'NONE',  ( 0.5000000000000039968, -0.8660254037844363761, -0.000000000000000000 ) ) ;
#2095 = CARTESIAN_POINT ( 'NONE',  ( 9.526279441628801692, -5.500000000000045297, -5.000000000000000000 ) ) ;
#2096 = ADVANCED_FACE ( 'NONE', ( #423 ), #893, .F. ) ;
#2097 = DIRECTION ( 'NONE',  ( 1.000000000000000000, 0.000000000000000000, 0.000000000000000000 ) ) ;
#2098 = ORIENTED_EDGE ( 'NONE', *, *, #1314, .T. ) ;
#2099 = ORIENTED_EDGE ( 'NONE', *, *, #1924, .F. ) ;
#2100 = LINE ( 'NONE', #1660, #51 ) ;
#2101 = AXIS2_PLACEMENT_3D ( 'NONE', #209, #1305, #695 ) ;
#2102 = ORIENTED_EDGE ( 'NONE', *, *, #936, .T. ) ;
#2103 = LINE ( 'NONE', #96, #1705 ) ;
#2104 = DIRECTION ( 'NONE',  ( 0.000000000000000000, 0.000000000000000000, 1.000000000000000000 ) ) ;
#2105 = DIRECTION ( 'NONE',  ( 0.5000000000000039968, -0.8660254037844363761, -0.000000000000000000 ) ) ;
#2106 = LINE ( 'NONE', #1005, #1138 ) ;
#2107 = AXIS2_PLACEMENT_3D ( 'NONE', #516, #957, #2055 ) ;
#2108 = FACE_OUTER_BOUND ( 'NONE', #2340, .T. ) ;
#2109 = VERTEX_POINT ( 'NONE', #2472 ) ;
#2110 = VECTOR ( 'NONE', #972, 1000.000000000000000 ) ;
#2111 = VERTEX_POINT ( 'NONE', #1129 ) ;
#2112 = CARTESIAN_POINT ( 'NONE',  ( 15.35640646055103531, -5.401923788646682212, -5.000000000000000000 ) ) ;
#2113 = ORIENTED_EDGE ( 'NONE', *, *, #129, .F. ) ;
#2114 = ADVANCED_FACE ( 'NONE', ( #1, #2880, #2439, #194, #1320 ), #1748, .F. ) ;
#2115 = CARTESIAN_POINT ( 'NONE',  ( -21.41858428704207995, -8.901923788646701752, -5.000000000000000000 ) ) ;
#2116 = CARTESIAN_POINT ( 'NONE',  ( 21.41858428704209771, -8.901923788646676883, 3.000000000000000000 ) ) ;
#2117 = ADVANCED_FACE ( 'NONE', ( #1146 ), #437, .F. ) ;
#2118 = DIRECTION ( 'NONE',  ( 0.000000000000000000, 0.000000000000000000, -1.000000000000000000 ) ) ;
#2119 = DIRECTION ( 'NONE',  ( 0.8660254037844379305, 0.5000000000000013323, -0.000000000000000000 ) ) ;
#2120 = CARTESIAN_POINT ( 'NONE',  ( 0.2687219316481037068, -8.000000000000001776, 4.000000000000000888 ) ) ;
#2121 = CIRCLE ( 'NONE', #1041, 1.250000000000001110 ) ;
#2122 = CARTESIAN_POINT ( 'NONE',  ( 21.41858428704209771, -8.901923788646676883, 5.000000000000000000 ) ) ;
#2123 = CIRCLE ( 'NONE', #2361, 0.9999999999999997780 ) ;
#2124 = EDGE_LOOP ( 'NONE', ( #232, #2185 ) ) ;
#2125 = ORIENTED_EDGE ( 'NONE', *, *, #967, .F. ) ;
#2126 = CARTESIAN_POINT ( 'NONE',  ( -22.93653347947320498, -2.272758664047944688, 2.999999999999999112 ) ) ;
#2127 = ORIENTED_EDGE ( 'NONE', *, *, #2421, .T. ) ;
#2128 = PLANE ( 'NONE',  #2571 ) ;
#2129 = AXIS2_PLACEMENT_3D ( 'NONE', #340, #1711, #2595 ) ;
#2130 = VECTOR ( 'NONE', #852, 1000.000000000000000 ) ;
#2131 = LINE ( 'NONE', #787, #123 ) ;
#2132 = DIRECTION ( 'NONE',  ( -0.8660254037844363761, -0.5000000000000039968, -0.000000000000000000 ) ) ;
#2133 = PLANE ( 'NONE',  #324 ) ;
#2134 = ADVANCED_FACE ( 'NONE', ( #1997 ), #1812, .F. ) ;
#2135 = DIRECTION ( 'NONE',  ( -0.8660254037844432595, 0.4999999999999919509, -2.168404344971006896E-16 ) ) ;
#2136 = EDGE_LOOP ( 'NONE', ( #724, #2605, #1633, #1052 ) ) ;
#2137 = ORIENTED_EDGE ( 'NONE', *, *, #309, .F. ) ;
#2138 = CARTESIAN_POINT ( 'NONE',  ( 0.000000000000000000, 23.00000000000000355, -5.000000000000000000 ) ) ;
#2139 = ORIENTED_EDGE ( 'NONE', *, *, #1131, .F. ) ;
#2140 = EDGE_CURVE ( 'NONE', #1646, #479, #629, .T. ) ;
#2141 = ORIENTED_EDGE ( 'NONE', *, *, #778, .F. ) ;
#2142 = DIRECTION ( 'NONE',  ( 0.8660254037844383745, 0.5000000000000004441, -0.000000000000000000 ) ) ;
#2143 = AXIS2_PLACEMENT_3D ( 'NONE', #471, #2258, #1979 ) ;
#2144 = DIRECTION ( 'NONE',  ( 1.000000000000000000, 0.000000000000000000, 0.000000000000000000 ) ) ;
#2145 = DIRECTION ( 'NONE',  ( 1.000000000000000000, 0.000000000000000000, 0.000000000000000000 ) ) ;
#2146 = CARTESIAN_POINT ( 'NONE',  ( -2.450325270861127169, -7.618820214902449095, 3.172319002129947663 ) ) ;
#2147 = VECTOR ( 'NONE', #240, 1000.000000000000000 ) ;
#2148 = LOCAL_TIME ( 17, 39, 22.00000000000000000, #1741 ) ;
#2149 = DIRECTION ( 'NONE',  ( 1.000000000000000000, 0.000000000000000000, 0.000000000000000000 ) ) ;
#2150 = EDGE_CURVE ( 'NONE', #2702, #2589, #408, .T. ) ;
#2151 = VECTOR ( 'NONE', #2843, 1000.000000000000000 ) ;
#2152 = VERTEX_POINT ( 'NONE', #1780 ) ;
#2153 = ORIENTED_EDGE ( 'NONE', *, *, #1378, .T. ) ;
#2154 = AXIS2_PLACEMENT_3D ( 'NONE', #1556, #2451, #434 ) ;
#2155 = DIRECTION ( 'NONE',  ( -0.5000000000000001110, -0.8660254037844385966, 0.000000000000000000 ) ) ;
#2156 = VERTEX_POINT ( 'NONE', #1084 ) ;
#2157 = VECTOR ( 'NONE', #134, 1000.000000000000000 ) ;
#2158 = EDGE_LOOP ( 'NONE', ( #2763, #1604, #1392, #597 ) ) ;
#2159 = DIRECTION ( 'NONE',  ( 0.000000000000000000, 0.000000000000000000, 1.000000000000000000 ) ) ;
#2160 = DIRECTION ( 'NONE',  ( 0.8660254037844385966, -0.5000000000000001110, 2.168404344971006649E-16 ) ) ;
#2161 = CARTESIAN_POINT ( 'NONE',  ( 9.500000000000001776, 23.00000000000000355, -3.000000000000000444 ) ) ;
#2162 = LINE ( 'NONE', #1046, #970 ) ;
#2163 = CARTESIAN_POINT ( 'NONE',  ( -3.000000000000000000, 16.00000000000001066, -5.000000000000000000 ) ) ;
#2164 = DATE_AND_TIME ( #2375, #2623 ) ;
#2165 = ORIENTED_EDGE ( 'NONE', *, *, #2150, .T. ) ;
#2166 = EDGE_LOOP ( 'NONE', ( #2256, #391, #90, #2810 ) ) ;
#2167 = ADVANCED_FACE ( 'NONE', ( #2012 ), #1794, .T. ) ;
#2168 = CARTESIAN_POINT ( 'NONE',  ( 19.91858428704209416, -11.50000000000000533, -5.000000000000000000 ) ) ;
#2169 = EDGE_LOOP ( 'NONE', ( #1463, #2792, #720, #1080 ) ) ;
#2170 = CIRCLE ( 'NONE', #855, 0.9999999999999997780 ) ;
#2171 = ORIENTED_EDGE ( 'NONE', *, *, #825, .T. ) ;
#2172 = EDGE_CURVE ( 'NONE', #513, #1259, #1910, .T. ) ;
#2173 = VECTOR ( 'NONE', #1000, 1000.000000000000114 ) ;
#2174 = DIRECTION ( 'NONE',  ( 0.000000000000000000, 0.000000000000000000, 1.000000000000000000 ) ) ;
#2175 = PLANE ( 'NONE',  #866 ) ;
#2176 = CARTESIAN_POINT ( 'NONE',  ( -10.85640646055096070, -13.19615242270668887, -3.314341462499788107E-17 ) ) ;
#2177 = VECTOR ( 'NONE', #2388, 1000.000000000000000 ) ;
#2178 = CARTESIAN_POINT ( 'NONE',  ( -1.050836307075463605, -7.934949864156861210, 3.868526909826529359 ) ) ;
#2179 = CARTESIAN_POINT ( 'NONE',  ( 3.000000000000000000, 16.00000000000001066, 5.000000000000000000 ) ) ;
#2180 = MECHANICAL_CONTEXT ( 'NONE', #559, 'mechanical' ) ;
#2181 = EDGE_CURVE ( 'NONE', #2727, #2242, #2245, .T. ) ;
#2182 = VERTEX_POINT ( 'NONE', #2024 ) ;
#2183 = LINE ( 'NONE', #848, #2437 ) ;
#2184 = ORIENTED_EDGE ( 'NONE', *, *, #277, .T. ) ;
#2185 = ORIENTED_EDGE ( 'NONE', *, *, #2638, .F. ) ;
#2186 = FACE_OUTER_BOUND ( 'NONE', #274, .T. ) ;
#2187 = EDGE_CURVE ( 'NONE', #79, #94, #644, .T. ) ;
#2188 = DIRECTION ( 'NONE',  ( -0.8660254037844383745, -0.5000000000000004441, 0.000000000000000000 ) ) ;
#2189 = FACE_BOUND ( 'NONE', #507, .T. ) ;
#2190 = CARTESIAN_POINT ( 'NONE',  ( 18.41858428704210482, -14.09807621135331246, -5.000000000000000000 ) ) ;
#2191 = CARTESIAN_POINT ( 'NONE',  ( -16.85640646055101044, -2.803847577293448801, -2.171220823840237658E-15 ) ) ;
#2192 = LINE ( 'NONE', #184, #1097 ) ;
#2193 = COORDINATED_UNIVERSAL_TIME_OFFSET ( 1, 0, .AHEAD. ) ;
#2194 = VECTOR ( 'NONE', #932, 1000.000000000000000 ) ;
#2195 = ORIENTED_EDGE ( 'NONE', *, *, #667, .T. ) ;
#2196 = LINE ( 'NONE', #467, #52 ) ;
#2197 = ORIENTED_EDGE ( 'NONE', *, *, #2002, .F. ) ;
#2198 = ORIENTED_EDGE ( 'NONE', *, *, #1272, .T. ) ;
#2199 = DIRECTION ( 'NONE',  ( -0.8660254037844383745, -0.5000000000000004441, 0.000000000000000000 ) ) ;
#2200 = VERTEX_POINT ( 'NONE', #82 ) ;
#2201 = VECTOR ( 'NONE', #2770, 1000.000000000000000 ) ;
#2202 = LINE ( 'NONE', #1814, #1993 ) ;
#2203 = FACE_OUTER_BOUND ( 'NONE', #998, .T. ) ;
#2204 = EDGE_CURVE ( 'NONE', #16, #1468, #276, .T. ) ;
#2205 = CARTESIAN_POINT ( 'NONE',  ( -0.5291067203508867944, -7.986805727203473815, -3.973810488793608542 ) ) ;
#2206 = CARTESIAN_POINT ( 'NONE',  ( 21.68653347947325472, -4.437822173508728874, -3.314341462499788107E-17 ) ) ;
#2207 = CARTESIAN_POINT ( 'NONE',  ( -21.41858428704207995, -8.901923788646701752, -5.000000000000000000 ) ) ;
#2208 = DATE_AND_TIME ( #2400, #1171 ) ;
#2209 = ORIENTED_EDGE ( 'NONE', *, *, #2765, .F. ) ;
#2210 = CARTESIAN_POINT ( 'NONE',  ( -22.93653347947320498, -2.272758664047944688, -3.000000000000000888 ) ) ;
#2211 = VERTEX_POINT ( 'NONE', #2752 ) ;
#2212 = EDGE_LOOP ( 'NONE', ( #941, #986 ) ) ;
#2213 = LINE ( 'NONE', #645, #361 ) ;
#2214 = AXIS2_PLACEMENT_3D ( 'NONE', #1630, #2119, #535 ) ;
#2215 = ADVANCED_FACE ( 'NONE', ( #1176 ), #319, .F. ) ;
#2216 = DIRECTION ( 'NONE',  ( -0.8660254037844390407, 0.4999999999999993339, 0.000000000000000000 ) ) ;
#2217 = DIRECTION ( 'NONE',  ( -0.5000000000000006661, 0.8660254037844382635, 0.000000000000000000 ) ) ;
#2218 = CARTESIAN_POINT ( 'NONE',  ( -10.77627944162898110, -5.500000000000273559, -5.000000000000000000 ) ) ;
#2219 = DIRECTION ( 'NONE',  ( -0.8660254037844362651, -0.5000000000000039968, -0.000000000000000000 ) ) ;
#2220 = CIRCLE ( 'NONE', #863, 8.000000000000000000 ) ;
#2221 = PLANE ( 'NONE',  #343 ) ;
#2222 = CARTESIAN_POINT ( 'NONE',  ( -10.35640646055095715, -14.06217782649112458, -3.314341462499788107E-17 ) ) ;
#2223 = AXIS2_PLACEMENT_3D ( 'NONE', #1720, #800, #573 ) ;
#2224 = EDGE_CURVE ( 'NONE', #580, #451, #529, .T. ) ;
#2225 = CARTESIAN_POINT ( 'NONE',  ( -15.16858428704207995, -19.72724133595217566, -5.000000000000000000 ) ) ;
#2226 = DIRECTION ( 'NONE',  ( -0.000000000000000000, 0.000000000000000000, 1.000000000000000000 ) ) ;
#2227 = ORIENTED_EDGE ( 'NONE', *, *, #2800, .F. ) ;
#2228 = VERTEX_POINT ( 'NONE', #1424 ) ;
#2229 = DIRECTION ( 'NONE',  ( -0.8660254037844390407, 0.4999999999999991118, 0.000000000000000000 ) ) ;
#2230 = VECTOR ( 'NONE', #352, 1000.000000000000000 ) ;
#2231 = EDGE_CURVE ( 'NONE', #1673, #1607, #2857, .T. ) ;
#2232 = CARTESIAN_POINT ( 'NONE',  ( -4.999999999999990230, -13.85640646055101399, -1.732050807568869422 ) ) ;
#2233 = CARTESIAN_POINT ( 'NONE',  ( 1.999999999999987121, -12.12435565298214613, -5.000000000000000000 ) ) ;
#2234 = CARTESIAN_POINT ( 'NONE',  ( -11.99038105676656940, -9.232050807568883855, -5.000000000000000000 ) ) ;
#2235 = CARTESIAN_POINT ( 'NONE',  ( 15.18653347947335774, -15.69615242270649347, -2.171220823840237658E-15 ) ) ;
#2236 = CARTESIAN_POINT ( 'NONE',  ( 19.91858428704209416, -11.50000000000000533, -5.000000000000000000 ) ) ;
#2237 = CARTESIAN_POINT ( 'NONE',  ( -9.500000000000001776, 21.00000000000000000, 2.999999999999999112 ) ) ;
#2238 = AXIS2_PLACEMENT_3D ( 'NONE', #139, #167, #124 ) ;
#2239 = VERTEX_POINT ( 'NONE', #263 ) ;
#2240 = DIRECTION ( 'NONE',  ( 0.8660254037844363761, 0.5000000000000039968, -0.000000000000000000 ) ) ;
#2241 = EDGE_CURVE ( 'NONE', #1468, #16, #2910, .T. ) ;
#2242 = VERTEX_POINT ( 'NONE', #1412 ) ;
#2243 = AXIS2_PLACEMENT_3D ( 'NONE', #684, #1564, #2459 ) ;
#2244 = ORIENTED_EDGE ( 'NONE', *, *, #1342, .F. ) ;
#2245 = LINE ( 'NONE', #2689, #2762 ) ;
#2246 = EDGE_LOOP ( 'NONE', ( #275, #1211, #2053, #145 ) ) ;
#2247 = CARTESIAN_POINT ( 'NONE',  ( 19.91858428704210482, -11.49999999999998934, -5.000000000000000000 ) ) ;
#2248 = CARTESIAN_POINT ( 'NONE',  ( -2.000000000000010658, -12.12435565298214435, -5.000000000000000000 ) ) ;
#2249 = CARTESIAN_POINT ( 'NONE',  ( -20.68653347947318721, -6.169872981077904939, -2.171220823840237658E-15 ) ) ;
#2250 = DIRECTION ( 'NONE',  ( -0.8660254037844362651, -0.5000000000000039968, 0.000000000000000000 ) ) ;
#2251 = CARTESIAN_POINT ( 'NONE',  ( 0.000000000000000000, 0.000000000000000000, 5.000000000000000000 ) ) ;
#2252 = CARTESIAN_POINT ( 'NONE',  ( -11.50000000000000178, 4.330127018922195425, -5.000000000000000000 ) ) ;
#2253 = VERTEX_POINT ( 'NONE', #2515 ) ;
#2254 = CARTESIAN_POINT ( 'NONE',  ( -17.35640646055101399, -1.937822173509012424, -2.048756143925502115E-15 ) ) ;
#2255 = EDGE_LOOP ( 'NONE', ( #407, #2450, #2559, #874, #2009 ) ) ;
#2256 = ORIENTED_EDGE ( 'NONE', *, *, #1073, .T. ) ;
#2257 =( BOUNDED_CURVE ( )  B_SPLINE_CURVE ( 3, ( #1668, #2077, #73, #2285 ),
 .UNSPECIFIED., .F., .T. ) 
 B_SPLINE_CURVE_WITH_KNOTS ( ( 4, 4 ),
 ( 2.168404344971008375E-16, 0.5235987755983019243 ),
 .UNSPECIFIED. ) 
 CURVE ( )  GEOMETRIC_REPRESENTATION_ITEM ( )  RATIONAL_B_SPLINE_CURVE ( ( 1.000000000000000000, 0.9772838841927119491, 0.9772838841927119491, 1.000000000000000000 ) ) 
 REPRESENTATION_ITEM ( '' )  );
#2258 = DIRECTION ( 'NONE',  ( 0.000000000000000000, 0.000000000000000000, 1.000000000000000000 ) ) ;
#2259 = ORIENTED_EDGE ( 'NONE', *, *, #999, .T. ) ;
#2260 = ADVANCED_FACE ( 'NONE', ( #2500 ), #1214, .F. ) ;
#2261 = LINE ( 'NONE', #2502, #75 ) ;
#2262 = AXIS2_PLACEMENT_3D ( 'NONE', #1397, #473, #2769 ) ;
#2263 = CARTESIAN_POINT ( 'NONE',  ( 6.000000000000000000, 21.00000000000000000, -2.171220823840237658E-15 ) ) ;
#2264 = DIRECTION ( 'NONE',  ( 0.000000000000000000, 1.000000000000000000, 2.168404344971006896E-16 ) ) ;
#2265 = ADVANCED_FACE ( 'NONE', ( #767 ), #1394, .F. ) ;
#2266 = ORIENTED_EDGE ( 'NONE', *, *, #2691, .T. ) ;
#2267 = DIRECTION ( 'NONE',  ( -0.4999999999999996669, 0.8660254037844388186, 0.000000000000000000 ) ) ;
#2268 = DIRECTION ( 'NONE',  ( 0.000000000000000000, 0.000000000000000000, 1.000000000000000000 ) ) ;
#2269 = AXIS2_PLACEMENT_3D ( 'NONE', #1192, #1382, #265 ) ;
#2270 = EDGE_CURVE ( 'NONE', #2228, #2364, #2100, .T. ) ;
#2271 = CARTESIAN_POINT ( 'NONE',  ( -16.35640646055100689, -3.669872981077884955, -2.171220823840237658E-15 ) ) ;
#2272 = EDGE_CURVE ( 'NONE', #2200, #2045, #1826, .T. ) ;
#2273 = CARTESIAN_POINT ( 'NONE',  ( 2.022779678514657675, -7.743258267161790442, 3.460491738744595036 ) ) ;
#2274 = VECTOR ( 'NONE', #1077, 1000.000000000000000 ) ;
#2275 = ORIENTED_EDGE ( 'NONE', *, *, #1623, .T. ) ;
#2276 = VECTOR ( 'NONE', #896, 1000.000000000000000 ) ;
#2277 = ORIENTED_EDGE ( 'NONE', *, *, #1131, .T. ) ;
#2278 = CARTESIAN_POINT ( 'NONE',  ( 19.91858428704210482, -11.49999999999998934, -5.000000000000000000 ) ) ;
#2279 = EDGE_LOOP ( 'NONE', ( #1643, #2389, #2567, #928 ) ) ;
#2280 = CARTESIAN_POINT ( 'NONE',  ( -4.750000000000013323, 8.227241335952172108, -5.000000000000000000 ) ) ;
#2281 = DIRECTION ( 'NONE',  ( -0.000000000000000000, 0.000000000000000000, 1.000000000000000000 ) ) ;
#2282 = DIRECTION ( 'NONE',  ( 0.000000000000000000, 0.000000000000000000, 1.000000000000000000 ) ) ;
#2283 = EDGE_CURVE ( 'NONE', #1892, #867, #278, .T. ) ;
#2284 = ORIENTED_EDGE ( 'NONE', *, *, #1342, .T. ) ;
#2285 = CARTESIAN_POINT ( 'NONE',  ( -2.000000000000010658, -12.12435565298214435, 3.464101615137747725 ) ) ;
#2286 = DIRECTION ( 'NONE',  ( 1.000000000000000000, -0.000000000000000000, 0.000000000000000000 ) ) ;
#2287 = CARTESIAN_POINT ( 'NONE',  ( -11.50000000000000178, 4.330127018922195425, -5.000000000000000000 ) ) ;
#2288 = CARTESIAN_POINT ( 'NONE',  ( 1.058121141118626207, -7.934007395995026357, 3.866599650182520609 ) ) ;
#2289 = ORIENTED_EDGE ( 'NONE', *, *, #251, .T. ) ;
#2290 = AXIS2_PLACEMENT_3D ( 'NONE', #2674, #662, #1559 ) ;
#2291 = VERTEX_POINT ( 'NONE', #2558 ) ;
#2292 = DIRECTION ( 'NONE',  ( 1.000000000000000000, 0.000000000000000000, 0.000000000000000000 ) ) ;
#2293 = VECTOR ( 'NONE', #1369, 1000.000000000000000 ) ;
#2294 = ORIENTED_EDGE ( 'NONE', *, *, #1955, .F. ) ;
#2295 = DIRECTION ( 'NONE',  ( 0.4999999999999991673, 0.8660254037844391517, -0.000000000000000000 ) ) ;
#2296 = DIRECTION ( 'NONE',  ( 0.8660254037844432595, -0.4999999999999918954, -0.000000000000000000 ) ) ;
#2297 = LINE ( 'NONE', #1399, #1400 ) ;
#2298 = EDGE_CURVE ( 'NONE', #2881, #2111, #2088, .T. ) ;
#2299 = VERTEX_POINT ( 'NONE', #2112 ) ;
#2300 = EDGE_CURVE ( 'NONE', #1023, #2239, #1881, .T. ) ;
#2301 = CARTESIAN_POINT ( 'NONE',  ( 13.43653347947338439, -18.72724133595204421, -3.000000000000000888 ) ) ;
#2302 = DIRECTION ( 'NONE',  ( 0.000000000000000000, -1.000000000000000000, 0.000000000000000000 ) ) ;
#2303 = FACE_OUTER_BOUND ( 'NONE', #2525, .T. ) ;
#2304 = VERTEX_POINT ( 'NONE', #743 ) ;
#2305 = VERTEX_POINT ( 'NONE', #1438 ) ;
#2306 = LINE ( 'NONE', #291, #991 ) ;
#2307 = VERTEX_POINT ( 'NONE', #1634 ) ;
#2308 = CARTESIAN_POINT ( 'NONE',  ( -14.85640646055100689, -6.267949192431138350, -5.000000000000000000 ) ) ;
#2309 = LINE ( 'NONE', #97, #1361 ) ;
#2310 = EDGE_CURVE ( 'NONE', #2351, #1511, #2306, .T. ) ;
#2311 = AXIS2_PLACEMENT_3D ( 'NONE', #1227, #1931, #567 ) ;
#2312 = VERTEX_POINT ( 'NONE', #1377 ) ;
#2313 = FACE_OUTER_BOUND ( 'NONE', #552, .T. ) ;
#2314 = CARTESIAN_POINT ( 'NONE',  ( -22.93653347947320498, -2.272758664047944688, 2.999999999999999112 ) ) ;
#2315 = VECTOR ( 'NONE', #2132, 1000.000000000000114 ) ;
#2316 = APPROVAL_DATE_TIME ( #1670, #1157 ) ;
#2317 = CYLINDRICAL_SURFACE ( 'NONE', #728, 1.000000000000000888 ) ;
#2318 = AXIS2_PLACEMENT_3D ( 'NONE', #944, #109, #322 ) ;
#2319 = EDGE_CURVE ( 'NONE', #83, #2879, #2675, .T. ) ;
#2320 = ORIENTED_EDGE ( 'NONE', *, *, #2604, .F. ) ;
#2321 = ADVANCED_FACE ( 'NONE', ( #2735 ), #1645, .F. ) ;
#2322 = VECTOR ( 'NONE', #2683, 1000.000000000000000 ) ;
#2323 = ORIENTED_EDGE ( 'NONE', *, *, #1491, .F. ) ;
#2324 = VECTOR ( 'NONE', #2135, 1000.000000000000000 ) ;
#2325 = DIRECTION ( 'NONE',  ( 0.000000000000000000, 1.000000000000000000, 0.000000000000000000 ) ) ;
#2326 = ORIENTED_EDGE ( 'NONE', *, *, #95, .F. ) ;
#2327 = AXIS2_PLACEMENT_3D ( 'NONE', #654, #900, #1803 ) ;
#2328 = CC_DESIGN_DATE_AND_TIME_ASSIGNMENT ( #2208, #1989, ( #1495 ) ) ;
#2329 = LINE ( 'NONE', #1870, #1240 ) ;
#2330 = CARTESIAN_POINT ( 'NONE',  ( 10.35640646055114900, -14.06217782649097536, -2.048756143925502115E-15 ) ) ;
#2331 = B_SPLINE_CURVE_WITH_KNOTS ( 'NONE', 3,
 ( #328, #2051, #1669, #2510, #1222, #1693, #498, #2496, #260, #789, #549, #952, #1006, #2717, #480, #1901, #1445, #2579, #721, #2815, #31, #1362, #2565, #2358, #1837, #1374, #2593, #1616, #1391, #2273, #1159, #339, #2288, #45, #2120, #246 ),
 .UNSPECIFIED., .F., .F.,
 ( 4, 2, 2, 2, 2, 2, 2, 2, 2, 2, 2, 2, 2, 2, 2, 2, 2, 4 ),
 ( 0.01272393143049501026, 0.01351779225235784365, 0.01431165307422067878, 0.01510551389608351218, 0.01589937471794634558, 0.01669323553980918071, 0.01748709636167201584, 0.01828095718353485097, 0.01907481800539768610, 0.01947174841632910020, 0.01986867882726052123, 0.02066253964912335289, 0.02145640047098618802, 0.02225026129284902315, 0.02304412211471185828, 0.02383798293657468648, 0.02463184375843752161, 0.02542570458030035674 ),
 .UNSPECIFIED. ) ;
#2332 = CARTESIAN_POINT ( 'NONE',  ( -22.93653347947320498, -2.272758664047944688, 2.999999999999999112 ) ) ;
#2333 = CARTESIAN_POINT ( 'NONE',  ( -8.000000000000000000, 9.797174393178825657E-16, -5.000000000000000000 ) ) ;
#2334 = DIRECTION ( 'NONE',  ( 1.000000000000000000, -0.000000000000000000, 0.000000000000000000 ) ) ;
#2335 = VERTEX_POINT ( 'NONE', #1731 ) ;
#2336 = ORIENTED_EDGE ( 'NONE', *, *, #2461, .F. ) ;
#2337 = ADVANCED_FACE ( 'NONE', ( #1464, #821 ), #2820, .F. ) ;
#2338 = CARTESIAN_POINT ( 'NONE',  ( 6.000000000000000000, 16.00000000000000000, -2.171220823840237658E-15 ) ) ;
#2339 = VECTOR ( 'NONE', #1276, 999.9999999999998863 ) ;
#2340 = EDGE_LOOP ( 'NONE', ( #2070, #643, #1981, #2125 ) ) ;
#2341 = CARTESIAN_POINT ( 'NONE',  ( 4.750000000000003553, -8.227241335952150791, -5.000000000000000000 ) ) ;
#2342 = CARTESIAN_POINT ( 'NONE',  ( 9.499999999999998224, 23.00000000000000355, -5.000000000000000000 ) ) ;
#2343 = AXIS2_PLACEMENT_3D ( 'NONE', #6, #2282, #267 ) ;
#2344 = CARTESIAN_POINT ( 'NONE',  ( -16.85640646055101044, -2.803847577293448801, -2.171220823840237658E-15 ) ) ;
#2345 = DIRECTION ( 'NONE',  ( 0.000000000000000000, 1.000000000000000000, 0.000000000000000000 ) ) ;
#2346 = FACE_OUTER_BOUND ( 'NONE', #2166, .T. ) ;
#2347 = DIRECTION ( 'NONE',  ( 0.000000000000000000, 0.000000000000000000, 1.000000000000000000 ) ) ;
#2348 = ADVANCED_FACE ( 'NONE', ( #2615 ), #1482, .F. ) ;
#2349 = ORIENTED_EDGE ( 'NONE', *, *, #2083, .T. ) ;
#2350 = VECTOR ( 'NONE', #2104, 1000.000000000000000 ) ;
#2351 = VERTEX_POINT ( 'NONE', #583 ) ;
#2352 = LINE ( 'NONE', #1687, #1879 ) ;
#2353 = VERTEX_POINT ( 'NONE', #1907 ) ;
#2354 = LINE ( 'NONE', #2590, #562 ) ;
#2355 = EDGE_CURVE ( 'NONE', #166, #57, #997, .T. ) ;
#2356 = CARTESIAN_POINT ( 'NONE',  ( 8.000000000000000000, 0.000000000000000000, 5.000000000000000000 ) ) ;
#2357 = PLANE ( 'NONE',  #2214 ) ;
#2358 = CARTESIAN_POINT ( 'NONE',  ( 3.589912304858085879, -7.150209635215264647, 1.783603723907839056 ) ) ;
#2359 = EDGE_CURVE ( 'NONE', #2877, #1732, #783, .T. ) ;
#2360 = CARTESIAN_POINT ( 'NONE',  ( 9.500000000000001776, 21.00000000000000000, -3.000000000000000888 ) ) ;
#2361 = AXIS2_PLACEMENT_3D ( 'NONE', #2773, #1432, #2548 ) ;
#2362 = ADVANCED_FACE ( 'NONE', ( #2848 ), #2365, .F. ) ;
#2363 = ORIENTED_EDGE ( 'NONE', *, *, #165, .T. ) ;
#2364 = VERTEX_POINT ( 'NONE', #1257 ) ;
#2365 = PLANE ( 'NONE',  #1966 ) ;
#2366 = ORIENTED_EDGE ( 'NONE', *, *, #1790, .T. ) ;
#2367 = EDGE_LOOP ( 'NONE', ( #345, #2007 ) ) ;
#2368 = CYLINDRICAL_SURFACE ( 'NONE', #1724, 0.9999999999999997780 ) ;
#2369 = VECTOR ( 'NONE', #425, 1000.000000000000000 ) ;
#2370 = CARTESIAN_POINT ( 'NONE',  ( -9.500000000000001776, 23.00000000000000355, 2.999999999999999112 ) ) ;
#2371 = DIRECTION ( 'NONE',  ( -1.000000000000000000, -0.000000000000000000, -0.000000000000000000 ) ) ;
#2372 = EDGE_CURVE ( 'NONE', #1511, #1892, #1451, .T. ) ;
#2373 = CARTESIAN_POINT ( 'NONE',  ( 4.898586769968001020E-16, -8.000000000000000000, -4.000000000000000000 ) ) ;
#2374 = CARTESIAN_POINT ( 'NONE',  ( -12.99038105676657118, -7.500000000000007105, 5.000000000000000000 ) ) ;
#2375 = CALENDAR_DATE ( 2023, 3, 12 ) ;
#2376 = ORIENTED_EDGE ( 'NONE', *, *, #658, .F. ) ;
#2377 = ORIENTED_EDGE ( 'NONE', *, *, #801, .F. ) ;
#2378 = CARTESIAN_POINT ( 'NONE',  ( 9.499999999999998224, 7.794228634059947147, -5.000000000000000000 ) ) ;
#2379 = ORIENTED_EDGE ( 'NONE', *, *, #553, .F. ) ;
#2380 = ORIENTED_EDGE ( 'NONE', *, *, #706, .F. ) ;
#2381 = AXIS2_PLACEMENT_3D ( 'NONE', #2896, #2040, #409 ) ;
#2382 = DIRECTION ( 'NONE',  ( -1.877893248421441887E-16, -1.084202172485511953E-16, -1.000000000000000000 ) ) ;
#2383 = DIRECTION ( 'NONE',  ( 0.8660254037844385966, -0.5000000000000001110, 0.000000000000000000 ) ) ;
#2384 = DIRECTION ( 'NONE',  ( 1.000000000000000000, 0.000000000000000000, 0.000000000000000000 ) ) ;
#2385 = CARTESIAN_POINT ( 'NONE',  ( -3.012791009409893750, -7.413542310808915126, 2.643648411893769534 ) ) ;
#2386 =( GEOMETRIC_REPRESENTATION_CONTEXT ( 3 ) GLOBAL_UNCERTAINTY_ASSIGNED_CONTEXT ( ( #2537 ) ) GLOBAL_UNIT_ASSIGNED_CONTEXT ( ( #1928, #1049, #1695 ) ) REPRESENTATION_CONTEXT ( 'NONE', 'WORKASPACE' ) );
#2387 = EDGE_CURVE ( 'NONE', #864, #1718, #2392, .T. ) ;
#2388 = DIRECTION ( 'NONE',  ( 0.8660254037844432595, -0.4999999999999919509, 0.000000000000000000 ) ) ;
#2389 = ORIENTED_EDGE ( 'NONE', *, *, #271, .T. ) ;
#2390 = ADVANCED_FACE ( 'NONE', ( #1675 ), #794, .F. ) ;
#2391 = ORIENTED_EDGE ( 'NONE', *, *, #250, .F. ) ;
#2392 = LINE ( 'NONE', #2378, #1835 ) ;
#2393 = ORIENTED_EDGE ( 'NONE', *, *, #449, .T. ) ;
#2394 = ORIENTED_EDGE ( 'NONE', *, *, #710, .T. ) ;
#2395 = LINE ( 'NONE', #1260, #2339 ) ;
#2396 = DIRECTION ( 'NONE',  ( 0.4999999999999920619, 0.8660254037844432595, 0.000000000000000000 ) ) ;
#2397 = CARTESIAN_POINT ( 'NONE',  ( -10.85640646055096070, -13.19615242270668887, -3.314341462499788107E-17 ) ) ;
#2398 = CARTESIAN_POINT ( 'NONE',  ( -3.010143253645303218, -7.414625390092045798, -2.646677921463659988 ) ) ;
#2399 = DIRECTION ( 'NONE',  ( 0.000000000000000000, 0.000000000000000000, 1.000000000000000000 ) ) ;
#2400 = CALENDAR_DATE ( 2023, 3, 12 ) ;
#2401 = ORIENTED_EDGE ( 'NONE', *, *, #2517, .T. ) ;
#2402 = CIRCLE ( 'NONE', #1462, 0.9999999999999997780 ) ;
#2403 = ORIENTED_EDGE ( 'NONE', *, *, #2081, .F. ) ;
#2404 = CARTESIAN_POINT ( 'NONE',  ( 9.500000000000001776, 21.00000000000000000, -3.000000000000000888 ) ) ;
#2405 = EDGE_CURVE ( 'NONE', #386, #628, #2352, .T. ) ;
#2406 = ORIENTED_EDGE ( 'NONE', *, *, #1203, .T. ) ;
#2407 = ORIENTED_EDGE ( 'NONE', *, *, #922, .T. ) ;
#2408 = PLANE ( 'NONE',  #1589 ) ;
#2409 = VECTOR ( 'NONE', #2031, 1000.000000000000000 ) ;
#2410 = APPROVAL ( #1064, 'UNSPECIFIED' ) ;
#2411 = CARTESIAN_POINT ( 'NONE',  ( 8.276279441628799916, -5.500000000000045297, 5.000000000000000000 ) ) ;
#2412 = CARTESIAN_POINT ( 'NONE',  ( 15.16858428704227357, -19.72724133595203000, -3.000000000000000444 ) ) ;
#2413 = CARTESIAN_POINT ( 'NONE',  ( -3.999740995676850819, -6.928352766398519158, 0.2700720820802544053 ) ) ;
#2414 = VECTOR ( 'NONE', #2160, 1000.000000000000000 ) ;
#2415 = PLANE ( 'NONE',  #1522 ) ;
#2416 = CARTESIAN_POINT ( 'NONE',  ( 9.499999999999998224, 23.00000000000000355, 5.000000000000000000 ) ) ;
#2417 = PERSON_AND_ORGANIZATION ( #358, #839 ) ;
#2418 = ORIENTED_EDGE ( 'NONE', *, *, #778, .T. ) ;
#2419 = PLANE ( 'NONE',  #811 ) ;
#2420 = EDGE_LOOP ( 'NONE', ( #1917, #1114, #1763, #2572 ) ) ;
#2421 = EDGE_CURVE ( 'NONE', #1496, #2424, #2585, .T. ) ;
#2422 = ORIENTED_EDGE ( 'NONE', *, *, #2754, .T. ) ;
#2423 = DIRECTION ( 'NONE',  ( 0.000000000000000000, 1.000000000000000000, 0.000000000000000000 ) ) ;
#2424 = VERTEX_POINT ( 'NONE', #332 ) ;
#2425 = CARTESIAN_POINT ( 'NONE',  ( 6.000000000000000000, 16.00000000000000000, -2.171220823840237658E-15 ) ) ;
#2426 = DIRECTION ( 'NONE',  ( -0.8660254037844362651, -0.5000000000000039968, -0.000000000000000000 ) ) ;
#2427 = CARTESIAN_POINT ( 'NONE',  ( -3.868554393999075636, -7.002705807305701136, 1.050781263000353905 ) ) ;
#2428 = AXIS2_PLACEMENT_3D ( 'NONE', #34, #2423, #1115 ) ;
#2429 = DIRECTION ( 'NONE',  ( 1.000000000000000000, 0.000000000000000000, 0.000000000000000000 ) ) ;
#2430 = DIRECTION ( 'NONE',  ( 1.000000000000000000, 0.000000000000000000, 0.000000000000000000 ) ) ;
#2431 = CALENDAR_DATE ( 2023, 3, 12 ) ;
#2432 = APPROVAL_PERSON_ORGANIZATION ( #2890, #1157, #353 ) ;
#2433 = ORIENTED_EDGE ( 'NONE', *, *, #395, .T. ) ;
#2434 = EDGE_CURVE ( 'NONE', #2473, #2526, #557, .T. ) ;
#2435 = DIRECTION ( 'NONE',  ( 0.000000000000000000, 0.000000000000000000, 1.000000000000000000 ) ) ;
#2436 = VERTEX_POINT ( 'NONE', #375 ) ;
#2437 = VECTOR ( 'NONE', #1317, 1000.000000000000000 ) ;
#2438 = VERTEX_POINT ( 'NONE', #1271 ) ;
#2439 = FACE_BOUND ( 'NONE', #1190, .T. ) ;
#2440 = AXIS2_PLACEMENT_3D ( 'NONE', #505, #1860, #1179 ) ;
#2441 = EDGE_LOOP ( 'NONE', ( #2641, #2616, #2422, #1575 ) ) ;
#2442 = CARTESIAN_POINT ( 'NONE',  ( 13.43653347947338439, -18.72724133595204421, 2.999999999999999112 ) ) ;
#2443 = FACE_BOUND ( 'NONE', #1195, .T. ) ;
#2444 = LINE ( 'NONE', #38, #2528 ) ;
#2445 = EDGE_CURVE ( 'NONE', #2022, #755, #388, .T. ) ;
#2446 = DIRECTION ( 'NONE',  ( 1.877893248421457171E-16, -1.084202172485485945E-16, -1.000000000000000000 ) ) ;
#2447 = DIRECTION ( 'NONE',  ( -1.000000000000000000, 0.000000000000000000, 1.877893248421441887E-16 ) ) ;
#2448 = DIRECTION ( 'NONE',  ( 0.000000000000000000, 0.000000000000000000, -1.000000000000000000 ) ) ;
#2449 = EDGE_CURVE ( 'NONE', #206, #259, #2402, .T. ) ;
#2450 = ORIENTED_EDGE ( 'NONE', *, *, #1750, .F. ) ;
#2451 = DIRECTION ( 'NONE',  ( 0.000000000000000000, 1.000000000000000000, 0.000000000000000000 ) ) ;
#2452 = ORIENTED_EDGE ( 'NONE', *, *, #2434, .F. ) ;
#2453 = ORIENTED_EDGE ( 'NONE', *, *, #2298, .T. ) ;
#2454 = LINE ( 'NONE', #1591, #1678 ) ;
#2455 = VECTOR ( 'NONE', #2145, 1000.000000000000000 ) ;
#2456 = EDGE_LOOP ( 'NONE', ( #2492, #527 ) ) ;
#2457 = DIRECTION ( 'NONE',  ( 0.000000000000000000, 0.000000000000000000, 1.000000000000000000 ) ) ;
#2458 = CARTESIAN_POINT ( 'NONE',  ( -24.66858428704208706, -3.272758664047846988, 5.000000000000000000 ) ) ;
#2459 = DIRECTION ( 'NONE',  ( 1.000000000000000000, 0.000000000000000000, 0.000000000000000000 ) ) ;
#2460 = VECTOR ( 'NONE', #1390, 1000.000000000000000 ) ;
#2461 = EDGE_CURVE ( 'NONE', #1291, #2436, #1013, .T. ) ;
#2462 = LINE ( 'NONE', #446, #301 ) ;
#2463 = AXIS2_PLACEMENT_3D ( 'NONE', #2004, #689, #1312 ) ;
#2464 = ADVANCED_FACE ( 'NONE', ( #1947 ), #1699, .F. ) ;
#2465 = PLANE ( 'NONE',  #1007 ) ;
#2466 = LINE ( 'NONE', #1613, #24 ) ;
#2467 = AXIS2_PLACEMENT_3D ( 'NONE', #238, #2014, #226 ) ;
#2468 = VERTEX_POINT ( 'NONE', #1791 ) ;
#2469 = FACE_BOUND ( 'NONE', #2124, .T. ) ;
#2470 = EDGE_LOOP ( 'NONE', ( #1461, #2244, #663, #2671 ) ) ;
#2471 = EDGE_LOOP ( 'NONE', ( #2795, #118, #1093, #1810 ) ) ;
#2472 = CARTESIAN_POINT ( 'NONE',  ( -9.500000000000001776, 21.00000000000000000, 2.999999999999999112 ) ) ;
#2473 = VERTEX_POINT ( 'NONE', #890 ) ;
#2474 = CARTESIAN_POINT ( 'NONE',  ( -4.750000000000001776, -8.227241335952188095, -5.000000000000000000 ) ) ;
#2475 = CARTESIAN_POINT ( 'NONE',  ( -12.85640646055100689, -9.732050807568890960, -5.000000000000000000 ) ) ;
#2476 = DIRECTION ( 'NONE',  ( -0.000000000000000000, 1.000000000000000000, -0.000000000000000000 ) ) ;
#2477 = CARTESIAN_POINT ( 'NONE',  ( -9.500000000000001776, 0.000000000000000000, -5.000000000000000000 ) ) ;
#2478 = LINE ( 'NONE', #2712, #2603 ) ;
#2479 = CARTESIAN_POINT ( 'NONE',  ( 10.77627944162880347, -5.500000000000045297, 5.000000000000000000 ) ) ;
#2480 = ADVANCED_FACE ( 'NONE', ( #2021 ), #1744, .T. ) ;
#2481 = VERTEX_POINT ( 'NONE', #420 ) ;
#2482 = DIRECTION ( 'NONE',  ( 0.8660254037844432595, -0.4999999999999919509, 0.000000000000000000 ) ) ;
#2483 = VERTEX_POINT ( 'NONE', #233 ) ;
#2484 = ADVANCED_FACE ( 'NONE', ( #2640 ), #2419, .F. ) ;
#2485 = EDGE_LOOP ( 'NONE', ( #727, #149 ) ) ;
#2486 = DIRECTION ( 'NONE',  ( 0.000000000000000000, 0.000000000000000000, 1.000000000000000000 ) ) ;
#2487 = DIRECTION ( 'NONE',  ( -0.8660254037844390407, 0.4999999999999991118, 0.000000000000000000 ) ) ;
#2488 = FACE_BOUND ( 'NONE', #2212, .T. ) ;
#2489 = LINE ( 'NONE', #1354, #2767 ) ;
#2490 = EDGE_CURVE ( 'NONE', #259, #206, #108, .T. ) ;
#2491 = AXIS2_PLACEMENT_3D ( 'NONE', #2541, #2832, #554 ) ;
#2492 = ORIENTED_EDGE ( 'NONE', *, *, #609, .T. ) ;
#2493 = DIRECTION ( 'NONE',  ( 0.000000000000000000, 0.000000000000000000, 1.000000000000000000 ) ) ;
#2494 = CARTESIAN_POINT ( 'NONE',  ( 19.91858428704209416, -11.50000000000000533, 5.000000000000000000 ) ) ;
#2495 = LINE ( 'NONE', #2271, #1472 ) ;
#2496 = CARTESIAN_POINT ( 'NONE',  ( 2.449177235352499871, -7.619141679915673926, -3.173053466635471498 ) ) ;
#2497 = ORIENTED_EDGE ( 'NONE', *, *, #953, .T. ) ;
#2498 = ORIENTED_EDGE ( 'NONE', *, *, #1347, .F. ) ;
#2499 = EDGE_CURVE ( 'NONE', #2881, #2291, #1345, .T. ) ;
#2500 = FACE_OUTER_BOUND ( 'NONE', #1868, .T. ) ;
#2501 = ORIENTED_EDGE ( 'NONE', *, *, #763, .F. ) ;
#2502 = CARTESIAN_POINT ( 'NONE',  ( -22.93653347947320498, -2.272758664047944688, -3.000000000000000888 ) ) ;
#2503 = LINE ( 'NONE', #1307, #1261 ) ;
#2504 = VECTOR ( 'NONE', #1641, 1000.000000000000000 ) ;
#2505 = DIRECTION ( 'NONE',  ( -0.000000000000000000, 0.000000000000000000, 1.000000000000000000 ) ) ;
#2506 = ORIENTED_EDGE ( 'NONE', *, *, #1446, .T. ) ;
#2507 = CARTESIAN_POINT ( 'NONE',  ( -13.50000000000000000, 7.794228634059947147, -5.000000000000000000 ) ) ;
#2508 = CARTESIAN_POINT ( 'NONE',  ( -2.000000000000010658, -12.12435565298214435, 3.464101615137747725 ) ) ;
#2509 = LINE ( 'NONE', #497, #2177 ) ;
#2510 = CARTESIAN_POINT ( 'NONE',  ( 1.053349408425684253, -7.934627268294461189, -3.867867392391100445 ) ) ;
#2511 = AXIS2_PLACEMENT_3D ( 'NONE', #1121, #918, #2493 ) ;
#2512 = ORIENTED_EDGE ( 'NONE', *, *, #1194, .T. ) ;
#2513 = VECTOR ( 'NONE', #1999, 1000.000000000000000 ) ;
#2514 = ORIENTED_EDGE ( 'NONE', *, *, #829, .F. ) ;
#2515 = CARTESIAN_POINT ( 'NONE',  ( -16.35640646055100689, -3.669872981077884955, -2.171220823840237658E-15 ) ) ;
#2516 = ORIENTED_EDGE ( 'NONE', *, *, #2617, .F. ) ;
#2517 = EDGE_CURVE ( 'NONE', #94, #79, #2121, .T. ) ;
#2518 = DIRECTION ( 'NONE',  ( 0.000000000000000000, 0.000000000000000000, 1.000000000000000000 ) ) ;
#2519 = FACE_OUTER_BOUND ( 'NONE', #638, .T. ) ;
#2520 = DIRECTION ( 'NONE',  ( -0.8660254037844383745, -0.5000000000000004441, 0.000000000000000000 ) ) ;
#2521 = ORIENTED_EDGE ( 'NONE', *, *, #2732, .T. ) ;
#2522 = FACE_OUTER_BOUND ( 'NONE', #289, .T. ) ;
#2523 = CARTESIAN_POINT ( 'NONE',  ( 9.499999999999998224, 23.00000000000000355, 3.000000000000000000 ) ) ;
#2524 = FACE_OUTER_BOUND ( 'NONE', #284, .T. ) ;
#2525 = EDGE_LOOP ( 'NONE', ( #1501, #2627, #1363, #262 ) ) ;
#2526 = VERTEX_POINT ( 'NONE', #674 ) ;
#2527 = CARTESIAN_POINT ( 'NONE',  ( -1.499999999999994449, -2.598076211353305354, -5.000000000000000000 ) ) ;
#2528 = VECTOR ( 'NONE', #2900, 1000.000000000000114 ) ;
#2529 = ORIENTED_EDGE ( 'NONE', *, *, #2878, .F. ) ;
#2530 = CARTESIAN_POINT ( 'NONE',  ( 3.000000000000000000, 16.00000000000001066, -5.000000000000000000 ) ) ;
#2531 = CARTESIAN_POINT ( 'NONE',  ( 19.91858428704209416, -11.50000000000000533, -5.000000000000000000 ) ) ;
#2532 = ORIENTED_EDGE ( 'NONE', *, *, #1800, .F. ) ;
#2533 = DIRECTION ( 'NONE',  ( 0.000000000000000000, -0.000000000000000000, -1.000000000000000000 ) ) ;
#2534 = DIRECTION ( 'NONE',  ( 1.000000000000000000, 0.000000000000000000, 0.000000000000000000 ) ) ;
#2535 = EDGE_CURVE ( 'NONE', #838, #596, #222, .T. ) ;
#2536 = CALENDAR_DATE ( 2023, 3, 12 ) ;
#2537 = UNCERTAINTY_MEASURE_WITH_UNIT (LENGTH_MEASURE( 1.000000000000000082E-05 ), #1928, 'distance_accuracy_value', 'NONE');
#2538 = DIRECTION ( 'NONE',  ( 1.000000000000000000, 0.000000000000000000, 0.000000000000000000 ) ) ;
#2539 = ORIENTED_EDGE ( 'NONE', *, *, #387, .F. ) ;
#2540 = EDGE_LOOP ( 'NONE', ( #146, #64, #1483, #1676 ) ) ;
#2541 = CARTESIAN_POINT ( 'NONE',  ( 0.000000000000000000, 23.00000000000000355, -5.000000000000000000 ) ) ;
#2542 = ORIENTED_EDGE ( 'NONE', *, *, #220, .T. ) ;
#2543 = FACE_OUTER_BOUND ( 'NONE', #757, .T. ) ;
#2544 = CARTESIAN_POINT ( 'NONE',  ( -6.000000000000000000, 21.00000000000000000, 0.9999999999999997780 ) ) ;
#2545 = VECTOR ( 'NONE', #160, 999.9999999999998863 ) ;
#2546 = CIRCLE ( 'NONE', #157, 0.9999999999999997780 ) ;
#2547 = CARTESIAN_POINT ( 'NONE',  ( -9.500000000000001776, 0.000000000000000000, 5.000000000000000000 ) ) ;
#2548 = DIRECTION ( 'NONE',  ( 0.000000000000000000, 0.000000000000000000, 1.000000000000000000 ) ) ;
#2549 = EDGE_CURVE ( 'NONE', #2629, #1014, #208, .T. ) ;
#2550 = ADVANCED_FACE ( 'NONE', ( #2469, #1302 ), #2876, .F. ) ;
#2551 = ADVANCED_FACE ( 'NONE', ( #1124 ), #2862, .T. ) ;
#2552 = CARTESIAN_POINT ( 'NONE',  ( -12.85640646055100689, -9.732050807568890960, -5.000000000000000000 ) ) ;
#2553 = VECTOR ( 'NONE', #2561, 1000.000000000000000 ) ;
#2554 = ORIENTED_EDGE ( 'NONE', *, *, #165, .F. ) ;
#2555 = VECTOR ( 'NONE', #242, 1000.000000000000000 ) ;
#2556 = ORIENTED_EDGE ( 'NONE', *, *, #1471, .T. ) ;
#2557 = VECTOR ( 'NONE', #1237, 1000.000000000000114 ) ;
#2558 = CARTESIAN_POINT ( 'NONE',  ( 24.66858428704212258, -3.272758664047604071, -3.000000000000000444 ) ) ;
#2559 = ORIENTED_EDGE ( 'NONE', *, *, #2172, .T. ) ;
#2560 = AXIS2_PLACEMENT_3D ( 'NONE', #1911, #1679, #2396 ) ;
#2561 = DIRECTION ( 'NONE',  ( 0.000000000000000000, 0.000000000000000000, 1.000000000000000000 ) ) ;
#2562 = DIRECTION ( 'NONE',  ( -0.5000000000000001110, -0.8660254037844385966, 0.000000000000000000 ) ) ;
#2563 = CARTESIAN_POINT ( 'NONE',  ( 11.99038105676659605, -9.232050807568866091, -5.000000000000000000 ) ) ;
#2564 = LINE ( 'NONE', #2333, #1466 ) ;
#2565 = CARTESIAN_POINT ( 'NONE',  ( 3.791979304987378452, -7.045130313531758226, 1.299848280014571866 ) ) ;
#2566 = CARTESIAN_POINT ( 'NONE',  ( 24.66858428704212258, -3.272758664047604071, 2.999999999999999112 ) ) ;
#2567 = ORIENTED_EDGE ( 'NONE', *, *, #688, .F. ) ;
#2568 = EDGE_LOOP ( 'NONE', ( #159, #564 ) ) ;
#2569 = DIRECTION ( 'NONE',  ( 0.000000000000000000, 0.000000000000000000, 1.000000000000000000 ) ) ;
#2570 = EDGE_CURVE ( 'NONE', #44, #2863, #2196, .T. ) ;
#2571 = AXIS2_PLACEMENT_3D ( 'NONE', #2851, #2159, #840 ) ;
#2572 = ORIENTED_EDGE ( 'NONE', *, *, #1406, .T. ) ;
#2573 = FACE_OUTER_BOUND ( 'NONE', #1425, .T. ) ;
#2574 = EDGE_CURVE ( 'NONE', #2239, #864, #2183, .T. ) ;
#2575 = CC_DESIGN_SECURITY_CLASSIFICATION ( #1495, ( #1351 ) ) ;
#2576 = CARTESIAN_POINT ( 'NONE',  ( 15.16858428704227357, -19.72724133595203000, 2.999999999999999112 ) ) ;
#2577 = EDGE_CURVE ( 'NONE', #1715, #1258, #2062, .T. ) ;
#2578 = CARTESIAN_POINT ( 'NONE',  ( -15.18653347947314280, -15.69615242270670841, -3.314341462499788107E-17 ) ) ;
#2579 = CARTESIAN_POINT ( 'NONE',  ( 4.000140849345487304, -6.928121910932037331, 0.1279459072113999230 ) ) ;
#2580 = EDGE_CURVE ( 'NONE', #2806, #1258, #1066, .T. ) ;
#2581 = DIRECTION ( 'NONE',  ( 0.000000000000000000, 0.000000000000000000, 1.000000000000000000 ) ) ;
#2582 = VECTOR ( 'NONE', #1856, 1000.000000000000000 ) ;
#2583 = EDGE_LOOP ( 'NONE', ( #1555, #2846, #996, #2294 ) ) ;
#2584 = VERTEX_POINT ( 'NONE', #1961 ) ;
#2585 = LINE ( 'NONE', #2168, #1263 ) ;
#2586 = ORIENTED_EDGE ( 'NONE', *, *, #2607, .F. ) ;
#2587 = ADVANCED_FACE ( 'NONE', ( #1094 ), #875, .T. ) ;
#2588 = EDGE_CURVE ( 'NONE', #1779, #2618, #518, .T. ) ;
#2589 = VERTEX_POINT ( 'NONE', #1110 ) ;
#2590 = CARTESIAN_POINT ( 'NONE',  ( -16.68653347947319787, -13.09807621135332845, -5.000000000000000000 ) ) ;
#2591 = CARTESIAN_POINT ( 'NONE',  ( -1.999999999999993117, 15.00000000000000355, -5.000000000000000000 ) ) ;
#2592 = CARTESIAN_POINT ( 'NONE',  ( 13.43653347947338439, -18.72724133595204421, 2.999999999999999112 ) ) ;
#2593 = CARTESIAN_POINT ( 'NONE',  ( 3.013359774415862002, -7.413344217938938385, 2.643158010732937324 ) ) ;
#2594 = VECTOR ( 'NONE', #1054, 1000.000000000000114 ) ;
#2595 = DIRECTION ( 'NONE',  ( 1.000000000000000000, 0.000000000000000000, 0.000000000000000000 ) ) ;
#2596 = AXIS2_PLACEMENT_3D ( 'NONE', #2042, #2058, #504 ) ;
#2597 = CIRCLE ( 'NONE', #572, 4.000000000000001776 ) ;
#2598 = ORIENTED_EDGE ( 'NONE', *, *, #449, .F. ) ;
#2599 = ORIENTED_EDGE ( 'NONE', *, *, #486, .T. ) ;
#2600 = CARTESIAN_POINT ( 'NONE',  ( 12.99038105676659072, -7.499999999999998224, -5.000000000000000000 ) ) ;
#2601 = VECTOR ( 'NONE', #1427, 1000.000000000000000 ) ;
#2602 = EDGE_LOOP ( 'NONE', ( #1921, #956, #2363, #940 ) ) ;
#2603 = VECTOR ( 'NONE', #2032, 999.9999999999998863 ) ;
#2604 = EDGE_CURVE ( 'NONE', #1360, #1449, #774, .T. ) ;
#2605 = ORIENTED_EDGE ( 'NONE', *, *, #1533, .T. ) ;
#2606 = CARTESIAN_POINT ( 'NONE',  ( -9.500000000000001776, 21.00000000000000000, -3.000000000000000888 ) ) ;
#2607 = EDGE_CURVE ( 'NONE', #279, #1395, #1602, .T. ) ;
#2608 = DIRECTION ( 'NONE',  ( 0.000000000000000000, 0.000000000000000000, 1.000000000000000000 ) ) ;
#2609 = DIRECTION ( 'NONE',  ( -0.000000000000000000, 1.000000000000000000, -0.000000000000000000 ) ) ;
#2610 = CARTESIAN_POINT ( 'NONE',  ( -6.000000000000000000, 16.00000000000000000, -0.9999999999999997780 ) ) ;
#2611 = DIRECTION ( 'NONE',  ( 1.000000000000000000, 0.000000000000000000, 0.000000000000000000 ) ) ;
#2612 = APPROVAL_STATUS ( 'not_yet_approved' ) ;
#2613 = VERTEX_POINT ( 'NONE', #1235 ) ;
#2614 = ORIENTED_EDGE ( 'NONE', *, *, #1186, .F. ) ;
#2615 = FACE_OUTER_BOUND ( 'NONE', #691, .T. ) ;
#2616 = ORIENTED_EDGE ( 'NONE', *, *, #1108, .T. ) ;
#2617 = EDGE_CURVE ( 'NONE', #2613, #1618, #2331, .T. ) ;
#2618 = VERTEX_POINT ( 'NONE', #923 ) ;
#2619 = FACE_OUTER_BOUND ( 'NONE', #2471, .T. ) ;
#2620 = DIRECTION ( 'NONE',  ( 0.000000000000000000, 0.000000000000000000, 1.000000000000000000 ) ) ;
#2621 = LINE ( 'NONE', #602, #2315 ) ;
#2622 = LINE ( 'NONE', #181, #2230 ) ;
#2623 = LOCAL_TIME ( 17, 39, 22.00000000000000000, #2193 ) ;
#2624 = DIRECTION ( 'NONE',  ( 0.000000000000000000, 0.000000000000000000, 1.000000000000000000 ) ) ;
#2625 = PERSON_AND_ORGANIZATION ( #358, #839 ) ;
#2626 = ORIENTED_EDGE ( 'NONE', *, *, #2715, .T. ) ;
#2627 = ORIENTED_EDGE ( 'NONE', *, *, #2786, .F. ) ;
#2628 = DIRECTION ( 'NONE',  ( 0.000000000000000000, 0.000000000000000000, 1.000000000000000000 ) ) ;
#2629 = VERTEX_POINT ( 'NONE', #273 ) ;
#2630 = AXIS2_PLACEMENT_3D ( 'NONE', #1383, #2281, #266 ) ;
#2631 = ORIENTED_EDGE ( 'NONE', *, *, #1223, .F. ) ;
#2632 = CARTESIAN_POINT ( 'NONE',  ( -2.999999999999999112, 21.00000000000000000, 2.999999999999999112 ) ) ;
#2633 = LINE ( 'NONE', #396, #2796 ) ;
#2634 = CARTESIAN_POINT ( 'NONE',  ( -9.500000000000001776, 23.00000000000000355, -5.000000000000000000 ) ) ;
#2635 = DIRECTION ( 'NONE',  ( 0.8660254037844433705, -0.4999999999999919509, -0.000000000000000000 ) ) ;
#2636 = CARTESIAN_POINT ( 'NONE',  ( 1.500000000000003775, 2.598076211353323117, 5.000000000000000000 ) ) ;
#2637 = SECURITY_CLASSIFICATION_LEVEL ( 'unclassified' ) ;
#2638 = EDGE_CURVE ( 'NONE', #1481, #2805, #939, .T. ) ;
#2639 = EDGE_LOOP ( 'NONE', ( #768, #889 ) ) ;
#2640 = FACE_OUTER_BOUND ( 'NONE', #925, .T. ) ;
#2641 = ORIENTED_EDGE ( 'NONE', *, *, #1223, .T. ) ;
#2642 = ORIENTED_EDGE ( 'NONE', *, *, #974, .F. ) ;
#2643 = CYLINDRICAL_SURFACE ( 'NONE', #748, 1.000000000000000666 ) ;
#2644 = ORIENTED_EDGE ( 'NONE', *, *, #2797, .F. ) ;
#2645 = FACE_OUTER_BOUND ( 'NONE', #1225, .T. ) ;
#2646 = DIRECTION ( 'NONE',  ( 0.5000000000000041078, -0.8660254037844362651, 0.000000000000000000 ) ) ;
#2647 = AXIS2_PLACEMENT_3D ( 'NONE', #550, #779, #2538 ) ;
#2648 = LINE ( 'NONE', #1281, #444 ) ;
#2649 = VECTOR ( 'NONE', #1796, 1000.000000000000000 ) ;
#2650 = DIRECTION ( 'NONE',  ( 0.8660254037844382635, 0.5000000000000006661, -0.000000000000000000 ) ) ;
#2651 = DIRECTION ( 'NONE',  ( 1.000000000000000000, 0.000000000000000000, 0.000000000000000000 ) ) ;
#2652 = DATE_TIME_ROLE ( 'creation_date' ) ;
#2653 = ORIENTED_EDGE ( 'NONE', *, *, #2797, .T. ) ;
#2654 = CARTESIAN_POINT ( 'NONE',  ( 15.16858428704227357, -19.72724133595203000, 2.999999999999999112 ) ) ;
#2655 = ORIENTED_EDGE ( 'NONE', *, *, #2066, .F. ) ;
#2656 = ORIENTED_EDGE ( 'NONE', *, *, #2852, .T. ) ;
#2657 = EDGE_CURVE ( 'NONE', #2335, #1481, #561, .T. ) ;
#2658 = CARTESIAN_POINT ( 'NONE',  ( -21.41858428704209416, -8.901923788646715963, 2.999999999999999112 ) ) ;
#2659 = ORIENTED_EDGE ( 'NONE', *, *, #132, .T. ) ;
#2660 = ADVANCED_FACE ( 'NONE', ( #2346 ), #2133, .F. ) ;
#2661 = PLANE ( 'NONE',  #1710 ) ;
#2662 = CARTESIAN_POINT ( 'NONE',  ( -12.85640646055100689, -9.732050807568890960, 5.000000000000000000 ) ) ;
#2663 = CARTESIAN_POINT ( 'NONE',  ( 21.41858428704207284, -8.901923788646666225, -3.000000000000000444 ) ) ;
#2664 = CARTESIAN_POINT ( 'NONE',  ( -1.999999999999993117, 15.00000000000000355, -5.000000000000000000 ) ) ;
#2665 = EDGE_CURVE ( 'NONE', #1792, #2242, #2748, .T. ) ;
#2666 = DIRECTION ( 'NONE',  ( 0.000000000000000000, 0.000000000000000000, 1.000000000000000000 ) ) ;
#2667 = DIRECTION ( 'NONE',  ( 0.8660254037844432595, -0.4999999999999919509, 0.000000000000000000 ) ) ;
#2668 = CIRCLE ( 'NONE', #47, 1.000000000000000888 ) ;
#2669 = LINE ( 'NONE', #2225, #490 ) ;
#2670 = DIRECTION ( 'NONE',  ( 1.000000000000000000, 0.000000000000000000, 0.000000000000000000 ) ) ;
#2671 = ORIENTED_EDGE ( 'NONE', *, *, #2300, .F. ) ;
#2672 = AXIS2_PLACEMENT_3D ( 'NONE', #174, #2226, #2670 ) ;
#2673 = ORIENTED_EDGE ( 'NONE', *, *, #667, .F. ) ;
#2674 = CARTESIAN_POINT ( 'NONE',  ( 1.734723475976807094E-15, -15.58845726811989429, -5.000000000000000000 ) ) ;
#2675 = CIRCLE ( 'NONE', #144, 1.000000000000000888 ) ;
#2676 = VERTEX_POINT ( 'NONE', #128 ) ;
#2677 = ADVANCED_FACE ( 'NONE', ( #1020 ), #1913, .F. ) ;
#2678 = CARTESIAN_POINT ( 'NONE',  ( -18.41858428704207284, -14.09807621135333200, -5.000000000000000000 ) ) ;
#2679 = CARTESIAN_POINT ( 'NONE',  ( -10.77627944162898110, -5.500000000000273559, 5.000000000000000000 ) ) ;
#2680 = FACE_OUTER_BOUND ( 'NONE', #2020, .T. ) ;
#2681 = LINE ( 'NONE', #2664, #2409 ) ;
#2682 = LINE ( 'NONE', #256, #440 ) ;
#2683 = DIRECTION ( 'NONE',  ( -0.5000000000000001110, -0.8660254037844385966, 0.000000000000000000 ) ) ;
#2684 = CC_DESIGN_PERSON_AND_ORGANIZATION_ASSIGNMENT ( #384, #1313, ( #1495 ) ) ;
#2685 = ORIENTED_EDGE ( 'NONE', *, *, #1902, .T. ) ;
#2686 = DIRECTION ( 'NONE',  ( 0.000000000000000000, 0.000000000000000000, 1.000000000000000000 ) ) ;
#2687 = ORIENTED_EDGE ( 'NONE', *, *, #2066, .T. ) ;
#2688 = VERTEX_POINT ( 'NONE', #1489 ) ;
#2689 = CARTESIAN_POINT ( 'NONE',  ( -4.750000000000001776, -8.227241335952188095, 5.000000000000000000 ) ) ;
#2690 = ORIENTED_EDGE ( 'NONE', *, *, #1878, .F. ) ;
#2691 = EDGE_CURVE ( 'NONE', #596, #46, #142, .T. ) ;
#2692 = LINE ( 'NONE', #457, #1760 ) ;
#2693 = CARTESIAN_POINT ( 'NONE',  ( -1.388389606015953293, -11.77124222737627690, -3.817215040743616061 ) ) ;
#2694 = EDGE_CURVE ( 'NONE', #2483, #235, #2622, .T. ) ;
#2695 = CARTESIAN_POINT ( 'NONE',  ( 12.85640646055103176, -9.732050807568871420, -5.000000000000000000 ) ) ;
#2696 = VECTOR ( 'NONE', #1341, 1000.000000000000114 ) ;
#2697 = DIRECTION ( 'NONE',  ( 0.4999999999999920064, 0.8660254037844432595, -0.000000000000000000 ) ) ;
#2698 = CARTESIAN_POINT ( 'NONE',  ( -22.93653347947320498, -2.272758664047944688, -3.000000000000000888 ) ) ;
#2699 = DIRECTION ( 'NONE',  ( 0.000000000000000000, 1.000000000000000000, 0.000000000000000000 ) ) ;
#2700 = ADVANCED_FACE ( 'NONE', ( #603 ), #815, .F. ) ;
#2701 = VECTOR ( 'NONE', #313, 1000.000000000000000 ) ;
#2702 = VERTEX_POINT ( 'NONE', #2610 ) ;
#2703 = DIRECTION ( 'NONE',  ( 0.8660254037844387076, -0.4999999999999998890, 2.168404344971006403E-16 ) ) ;
#2704 = ORIENTED_EDGE ( 'NONE', *, *, #566, .T. ) ;
#2705 = ORIENTED_EDGE ( 'NONE', *, *, #1326, .F. ) ;
#2706 = CARTESIAN_POINT ( 'NONE',  ( -19.91858428704208706, -11.49999999999998934, 5.000000000000000000 ) ) ;
#2707 = EDGE_CURVE ( 'NONE', #83, #792, #2648, .T. ) ;
#2708 = DIRECTION ( 'NONE',  ( 1.877893248421457171E-16, -1.084202172485485945E-16, -1.000000000000000000 ) ) ;
#2709 = CARTESIAN_POINT ( 'NONE',  ( 12.85640646055103176, -9.732050807568871420, -5.000000000000000000 ) ) ;
#2710 = CARTESIAN_POINT ( 'NONE',  ( 12.35640646055103886, -10.59807621135331601, -5.000000000000000000 ) ) ;
#2711 = CARTESIAN_POINT ( 'NONE',  ( -24.66858428704208706, -3.272758664047846988, 3.000000000000000000 ) ) ;
#2712 = CARTESIAN_POINT ( 'NONE',  ( -22.93653347947320498, -2.272758664047944688, 2.999999999999999112 ) ) ;
#2713 = DIRECTION ( 'NONE',  ( 0.4999999999999920064, 0.8660254037844432595, -0.000000000000000000 ) ) ;
#2714 = PRODUCT_DEFINITION_SHAPE ( 'NONE', 'NONE',  #1191 ) ;
#2715 = EDGE_CURVE ( 'NONE', #1618, #2613, #1269, .T. ) ;
#2716 = ORIENTED_EDGE ( 'NONE', *, *, #2490, .F. ) ;
#2717 = CARTESIAN_POINT ( 'NONE',  ( 3.789588344516092722, -7.046400950592111023, -1.306235614751234619 ) ) ;
#2718 = VERTEX_POINT ( 'NONE', #1088 ) ;
#2719 = ORIENTED_EDGE ( 'NONE', *, *, #894, .F. ) ;
#2720 = DIRECTION ( 'NONE',  ( 0.000000000000000000, 0.000000000000000000, 1.000000000000000000 ) ) ;
#2721 = ORIENTED_EDGE ( 'NONE', *, *, #1111, .F. ) ;
#2722 = LINE ( 'NONE', #712, #2601 ) ;
#2723 = DIRECTION ( 'NONE',  ( 0.000000000000000000, 0.000000000000000000, 1.000000000000000000 ) ) ;
#2724 = APPLICATION_CONTEXT ( 'configuration controlled 3d designs of mechanical parts and assemblies' ) ;
#2725 = DIRECTION ( 'NONE',  ( -0.8660254037844362651, -0.5000000000000039968, 0.000000000000000000 ) ) ;
#2726 = VECTOR ( 'NONE', #2781, 1000.000000000000000 ) ;
#2727 = VERTEX_POINT ( 'NONE', #1926 ) ;
#2728 = DIRECTION ( 'NONE',  ( -0.000000000000000000, 1.000000000000000000, -0.000000000000000000 ) ) ;
#2729 = DIRECTION ( 'NONE',  ( 0.8660254037844432595, -0.4999999999999918954, -0.000000000000000000 ) ) ;
#2730 = ORIENTED_EDGE ( 'NONE', *, *, #2445, .F. ) ;
#2731 = CARTESIAN_POINT ( 'NONE',  ( -22.93653347947320498, -2.272758664047944688, -3.000000000000000888 ) ) ;
#2732 = EDGE_CURVE ( 'NONE', #2526, #453, #2162, .T. ) ;
#2733 = ORIENTED_EDGE ( 'NONE', *, *, #198, .F. ) ;
#2734 = EDGE_LOOP ( 'NONE', ( #1932, #1167, #542, #1510 ) ) ;
#2735 = FACE_OUTER_BOUND ( 'NONE', #2158, .T. ) ;
#2736 = ORIENTED_EDGE ( 'NONE', *, *, #63, .F. ) ;
#2737 = CARTESIAN_POINT ( 'NONE',  ( -4.750000000000001776, -8.227241335952188095, -5.000000000000000000 ) ) ;
#2738 = DIRECTION ( 'NONE',  ( -0.000000000000000000, 1.000000000000000000, -0.000000000000000000 ) ) ;
#2739 = VECTOR ( 'NONE', #2713, 1000.000000000000114 ) ;
#2740 = CARTESIAN_POINT ( 'NONE',  ( -11.99038105676656940, -9.232050807568883855, -5.000000000000000000 ) ) ;
#2741 = ORIENTED_EDGE ( 'NONE', *, *, #776, .T. ) ;
#2742 = CARTESIAN_POINT ( 'NONE',  ( -3.000000000000000000, 0.000000000000000000, 5.000000000000000000 ) ) ;
#2743 = CARTESIAN_POINT ( 'NONE',  ( 9.499999999999998224, 0.000000000000000000, 5.000000000000000000 ) ) ;
#2744 = CIRCLE ( 'NONE', #1520, 1.000000000000000888 ) ;
#2745 = EDGE_CURVE ( 'NONE', #2584, #1714, #2885, .T. ) ;
#2746 = VECTOR ( 'NONE', #1864, 1000.000000000000000 ) ;
#2747 = CARTESIAN_POINT ( 'NONE',  ( -3.000000000000000000, 23.00000000000000355, -5.000000000000000000 ) ) ;
#2748 = LINE ( 'NONE', #1681, #53 ) ;
#2749 = VERTEX_POINT ( 'NONE', #1768 ) ;
#2750 = VECTOR ( 'NONE', #1781, 1000.000000000000000 ) ;
#2751 = ORIENTED_EDGE ( 'NONE', *, *, #2181, .T. ) ;
#2752 = CARTESIAN_POINT ( 'NONE',  ( -9.500000000000001776, 21.00000000000000000, -3.000000000000000888 ) ) ;
#2753 = ORIENTED_EDGE ( 'NONE', *, *, #2837, .F. ) ;
#2754 = EDGE_CURVE ( 'NONE', #173, #1846, #575, .T. ) ;
#2755 = FACE_OUTER_BOUND ( 'NONE', #439, .T. ) ;
#2756 = LINE ( 'NONE', #1165, #2201 ) ;
#2757 = ORIENTED_EDGE ( 'NONE', *, *, #2570, .T. ) ;
#2758 = DIRECTION ( 'NONE',  ( 0.000000000000000000, 0.000000000000000000, -1.000000000000000000 ) ) ;
#2759 = CARTESIAN_POINT ( 'NONE',  ( 1.999999999999987121, -12.12435565298214613, 3.464101615137747725 ) ) ;
#2760 = ADVANCED_FACE ( 'NONE', ( #590 ), #254, .F. ) ;
#2761 = LINE ( 'NONE', #60, #1233 ) ;
#2762 = VECTOR ( 'NONE', #2229, 1000.000000000000114 ) ;
#2763 = ORIENTED_EDGE ( 'NONE', *, *, #710, .F. ) ;
#2764 = ORIENTED_EDGE ( 'NONE', *, *, #236, .F. ) ;
#2765 = EDGE_CURVE ( 'NONE', #1732, #46, #2001, .T. ) ;
#2766 = DIRECTION ( 'NONE',  ( 0.000000000000000000, 0.000000000000000000, 1.000000000000000000 ) ) ;
#2767 = VECTOR ( 'NONE', #2264, 1000.000000000000000 ) ;
#2768 = ORIENTED_EDGE ( 'NONE', *, *, #1955, .T. ) ;
#2769 = DIRECTION ( 'NONE',  ( 1.000000000000000000, 0.000000000000000000, 0.000000000000000000 ) ) ;
#2770 = DIRECTION ( 'NONE',  ( 0.000000000000000000, 0.000000000000000000, 1.000000000000000000 ) ) ;
#2771 = ADVANCED_FACE ( 'NONE', ( #214 ), #666, .F. ) ;
#2772 = DIRECTION ( 'NONE',  ( 0.000000000000000000, 0.000000000000000000, 1.000000000000000000 ) ) ;
#2773 = CARTESIAN_POINT ( 'NONE',  ( -6.000000000000000000, 16.00000000000000000, -3.314341462499788107E-17 ) ) ;
#2774 = VECTOR ( 'NONE', #1918, 1000.000000000000114 ) ;
#2775 = DIRECTION ( 'NONE',  ( 0.000000000000000000, 0.000000000000000000, 1.000000000000000000 ) ) ;
#2776 = VERTEX_POINT ( 'NONE', #2218 ) ;
#2777 = EDGE_LOOP ( 'NONE', ( #261, #1905, #2418, #317 ) ) ;
#2778 = DIRECTION ( 'NONE',  ( -0.4999999999999996114, -0.8660254037844389297, 0.000000000000000000 ) ) ;
#2779 = EDGE_LOOP ( 'NONE', ( #203, #1588, #2284, #1215 ) ) ;
#2780 = DIRECTION ( 'NONE',  ( -0.4999999999999996114, 0.8660254037844388186, 0.000000000000000000 ) ) ;
#2781 = DIRECTION ( 'NONE',  ( -1.000000000000000000, -0.000000000000000000, -0.000000000000000000 ) ) ;
#2782 = VECTOR ( 'NONE', #2729, 1000.000000000000114 ) ;
#2783 = CARTESIAN_POINT ( 'NONE',  ( -18.41858428704207284, -14.09807621135333200, 5.000000000000000000 ) ) ;
#2784 = CARTESIAN_POINT ( 'NONE',  ( 6.000000000000000000, 16.00000000000000000, -1.000000000000001998 ) ) ;
#2785 = COORDINATED_UNIVERSAL_TIME_OFFSET ( 1, 0, .AHEAD. ) ;
#2786 = EDGE_CURVE ( 'NONE', #1644, #924, #1610, .T. ) ;
#2787 = DIRECTION ( 'NONE',  ( 0.000000000000000000, 0.000000000000000000, 1.000000000000000000 ) ) ;
#2788 = VECTOR ( 'NONE', #2697, 1000.000000000000114 ) ;
#2789 = ORIENTED_EDGE ( 'NONE', *, *, #540, .T. ) ;
#2790 = AXIS2_PLACEMENT_3D ( 'NONE', #25, #2650, #699 ) ;
#2791 = EDGE_CURVE ( 'NONE', #1413, #908, #510, .T. ) ;
#2792 = ORIENTED_EDGE ( 'NONE', *, *, #368, .T. ) ;
#2793 = VECTOR ( 'NONE', #2347, 1000.000000000000000 ) ;
#2794 = DIRECTION ( 'NONE',  ( 0.000000000000000000, -1.000000000000000000, 0.000000000000000000 ) ) ;
#2795 = ORIENTED_EDGE ( 'NONE', *, *, #1125, .T. ) ;
#2796 = VECTOR ( 'NONE', #1018, 1000.000000000000114 ) ;
#2797 = EDGE_CURVE ( 'NONE', #2879, #1025, #1134, .T. ) ;
#2798 = LINE ( 'NONE', #2341, #2173 ) ;
#2799 = LINE ( 'NONE', #1844, #989 ) ;
#2800 = EDGE_CURVE ( 'NONE', #847, #580, #2489, .T. ) ;
#2801 = CYLINDRICAL_SURFACE ( 'NONE', #2560, 0.9999999999999994449 ) ;
#2802 = PLANE ( 'NONE',  #723 ) ;
#2803 = DIRECTION ( 'NONE',  ( -0.8660254037844383745, -0.5000000000000004441, 0.000000000000000000 ) ) ;
#2804 = LINE ( 'NONE', #526, #1986 ) ;
#2805 = VERTEX_POINT ( 'NONE', #2249 ) ;
#2806 = VERTEX_POINT ( 'NONE', #475 ) ;
#2807 = CARTESIAN_POINT ( 'NONE',  ( 13.43653347947338439, -18.72724133595204421, 2.999999999999999112 ) ) ;
#2808 = AXIS2_PLACEMENT_3D ( 'NONE', #865, #1335, #1765 ) ;
#2809 = ORIENTED_EDGE ( 'NONE', *, *, #1467, .T. ) ;
#2810 = ORIENTED_EDGE ( 'NONE', *, *, #1168, .F. ) ;
#2811 = CC_DESIGN_PERSON_AND_ORGANIZATION_ASSIGNMENT ( #1508, #418, ( #1191 ) ) ;
#2812 = DIRECTION ( 'NONE',  ( 0.000000000000000000, -1.000000000000000000, 0.000000000000000000 ) ) ;
#2813 = LINE ( 'NONE', #1752, #630 ) ;
#2814 = FACE_OUTER_BOUND ( 'NONE', #1866, .T. ) ;
#2815 = CARTESIAN_POINT ( 'NONE',  ( 3.967577628124940858, -6.946837782715459930, 0.5254180736242957117 ) ) ;
#2816 = CARTESIAN_POINT ( 'NONE',  ( -22.93653347947320498, -2.272758664047944688, -3.000000000000000888 ) ) ;
#2817 = ORIENTED_EDGE ( 'NONE', *, *, #1509, .F. ) ;
#2818 = ORIENTED_EDGE ( 'NONE', *, *, #2588, .T. ) ;
#2819 = EDGE_CURVE ( 'NONE', #1908, #62, #1151, .T. ) ;
#2820 = PLANE ( 'NONE',  #325 ) ;
#2821 = EDGE_LOOP ( 'NONE', ( #1813, #1370, #2894, #1857 ) ) ;
#2822 = ORIENTED_EDGE ( 'NONE', *, *, #1509, .T. ) ;
#2823 = CARTESIAN_POINT ( 'NONE',  ( -15.16858428704207995, -19.72724133595217566, -5.000000000000000000 ) ) ;
#2824 = CARTESIAN_POINT ( 'NONE',  ( -10.85640646055096070, -13.19615242270668887, -3.314341462499788107E-17 ) ) ;
#2825 = LINE ( 'NONE', #814, #1187 ) ;
#2826 = CARTESIAN_POINT ( 'NONE',  ( -13.43653347947312859, -18.72724133595223606, -3.000000000000000888 ) ) ;
#2827 = LINE ( 'NONE', #1507, #2834 ) ;
#2828 = AXIS2_PLACEMENT_3D ( 'NONE', #773, #59, #1900 ) ;
#2829 = ADVANCED_FACE ( 'NONE', ( #2680 ), #445, .F. ) ;
#2830 = ORIENTED_EDGE ( 'NONE', *, *, #2840, .T. ) ;
#2831 = ORIENTED_EDGE ( 'NONE', *, *, #1446, .F. ) ;
#2832 = DIRECTION ( 'NONE',  ( 0.000000000000000000, -1.000000000000000000, 0.000000000000000000 ) ) ;
#2833 = ORIENTED_EDGE ( 'NONE', *, *, #2580, .F. ) ;
#2834 = VECTOR ( 'NONE', #1267, 1000.000000000000000 ) ;
#2835 = ORIENTED_EDGE ( 'NONE', *, *, #1650, .F. ) ;
#2836 = DIRECTION ( 'NONE',  ( -0.000000000000000000, 0.000000000000000000, 1.000000000000000000 ) ) ;
#2837 = EDGE_CURVE ( 'NONE', #2481, #1717, #2444, .T. ) ;
#2838 = AXIS2_PLACEMENT_3D ( 'NONE', #1182, #761, #1387 ) ;
#2839 = EDGE_CURVE ( 'NONE', #847, #2211, #1338, .T. ) ;
#2840 = EDGE_CURVE ( 'NONE', #1291, #1948, #364, .T. ) ;
#2841 = LINE ( 'NONE', #1706, #346 ) ;
#2842 = LINE ( 'NONE', #633, #905 ) ;
#2843 = DIRECTION ( 'NONE',  ( 0.000000000000000000, 0.000000000000000000, 1.000000000000000000 ) ) ;
#2844 = CYLINDRICAL_SURFACE ( 'NONE', #164, 1.250000000000000000 ) ;
#2845 = CARTESIAN_POINT ( 'NONE',  ( 0.000000000000000000, 0.000000000000000000, 0.000000000000000000 ) ) ;
#2846 = ORIENTED_EDGE ( 'NONE', *, *, #571, .F. ) ;
#2847 = ORIENTED_EDGE ( 'NONE', *, *, #540, .F. ) ;
#2848 = FACE_OUTER_BOUND ( 'NONE', #357, .T. ) ;
#2849 = ORIENTED_EDGE ( 'NONE', *, *, #2011, .F. ) ;
#2850 = ORIENTED_EDGE ( 'NONE', *, *, #795, .F. ) ;
#2851 = CARTESIAN_POINT ( 'NONE',  ( 9.500000000000001776, 21.00000000000000000, 2.999999999999999112 ) ) ;
#2852 = EDGE_CURVE ( 'NONE', #2299, #48, #2668, .T. ) ;
#2853 = DIRECTION ( 'NONE',  ( 0.5000000000000008882, -0.8660254037844381525, 0.000000000000000000 ) ) ;
#2854 = CARTESIAN_POINT ( 'NONE',  ( 3.000000000000000000, 23.00000000000000355, -5.000000000000000000 ) ) ;
#2855 = ADVANCED_FACE ( 'NONE', ( #1385 ), #56, .F. ) ;
#2856 = CARTESIAN_POINT ( 'NONE',  ( -2.015657056808816350, -7.745193778797268003, -3.464865688055734694 ) ) ;
#2857 = CIRCLE ( 'NONE', #1407, 3.999999999999998224 ) ;
#2858 = CARTESIAN_POINT ( 'NONE',  ( -9.500000000000001776, 21.00000000000000000, -3.000000000000000888 ) ) ;
#2859 = DATE_AND_TIME ( #2431, #2148 ) ;
#2860 = ORIENTED_EDGE ( 'NONE', *, *, #725, .F. ) ;
#2861 = VECTOR ( 'NONE', #532, 1000.000000000000000 ) ;
#2862 = PLANE ( 'NONE',  #2908 ) ;
#2863 = VERTEX_POINT ( 'NONE', #2663 ) ;
#2864 = ORIENTED_EDGE ( 'NONE', *, *, #71, .F. ) ;
#2865 = CARTESIAN_POINT ( 'NONE',  ( -14.85640646055100689, -6.267949192431138350, -5.000000000000000000 ) ) ;
#2866 = PLANE ( 'NONE',  #495 ) ;
#2867 = LINE ( 'NONE', #367, #1324 ) ;
#2868 = CARTESIAN_POINT ( 'NONE',  ( -1.790396195872466123, -7.800967316180284605, 3.586517658982188550 ) ) ;
#2869 = CARTESIAN_POINT ( 'NONE',  ( -8.000000000000000000, 9.797174393178825657E-16, -5.000000000000000000 ) ) ;
#2870 = DIRECTION ( 'NONE',  ( -0.000000000000000000, 0.000000000000000000, 1.000000000000000000 ) ) ;
#2871 = VECTOR ( 'NONE', #2217, 1000.000000000000114 ) ;
#2872 = ADVANCED_FACE ( 'NONE', ( #2060 ), #428, .F. ) ;
#2873 = ADVANCED_FACE ( 'NONE', ( #898 ), #1166, .F. ) ;
#2874 = ORIENTED_EDGE ( 'NONE', *, *, #1878, .T. ) ;
#2875 = AXIS2_PLACEMENT_3D ( 'NONE', #1031, #853, #1045 ) ;
#2876 = PLANE ( 'NONE',  #1733 ) ;
#2877 = VERTEX_POINT ( 'NONE', #2710 ) ;
#2878 = EDGE_CURVE ( 'NONE', #16, #2307, #2297, .T. ) ;
#2879 = VERTEX_POINT ( 'NONE', #2740 ) ;
#2880 = FACE_BOUND ( 'NONE', #1877, .T. ) ;
#2881 = VERTEX_POINT ( 'NONE', #2075 ) ;
#2882 = EDGE_CURVE ( 'NONE', #1379, #175, #1845, .T. ) ;
#2883 = LINE ( 'NONE', #1293, #2369 ) ;
#2884 = DIRECTION ( 'NONE',  ( 0.000000000000000000, 1.000000000000000000, 0.000000000000000000 ) ) ;
#2885 = CIRCLE ( 'NONE', #1682, 1.250000000000625722 ) ;
#2886 = DIRECTION ( 'NONE',  ( -0.000000000000000000, 0.000000000000000000, 1.000000000000000000 ) ) ;
#2887 = VECTOR ( 'NONE', #601, 1000.000000000000114 ) ;
#2888 = DIRECTION ( 'NONE',  ( 1.000000000000000000, 0.000000000000000000, 0.000000000000000000 ) ) ;
#2889 = LINE ( 'NONE', #2207, #2087 ) ;
#2890 = PERSON_AND_ORGANIZATION ( #358, #839 ) ;
#2891 = DIRECTION ( 'NONE',  ( -0.8660254037844363761, -0.5000000000000039968, -0.000000000000000000 ) ) ;
#2892 = DIRECTION ( 'NONE',  ( 0.000000000000000000, 0.000000000000000000, 1.000000000000000000 ) ) ;
#2893 = EDGE_CURVE ( 'NONE', #2483, #808, #506, .T. ) ;
#2894 = ORIENTED_EDGE ( 'NONE', *, *, #1343, .T. ) ;
#2895 = EDGE_LOOP ( 'NONE', ( #133, #849, #1632, #1759 ) ) ;
#2896 = CARTESIAN_POINT ( 'NONE',  ( -19.91858428704206574, -11.50000000000002842, -5.000000000000000000 ) ) ;
#2897 = VERTEX_POINT ( 'NONE', #1180 ) ;
#2898 = DIRECTION ( 'NONE',  ( -0.4999999999999993339, -0.8660254037844390407, 0.000000000000000000 ) ) ;
#2899 = DIRECTION ( 'NONE',  ( 0.000000000000000000, 0.000000000000000000, 1.000000000000000000 ) ) ;
#2900 = DIRECTION ( 'NONE',  ( 0.4999999999999920064, 0.8660254037844432595, -0.000000000000000000 ) ) ;
#2901 = AXIS2_PLACEMENT_3D ( 'NONE', #1922, #1470, #586 ) ;
#2902 = DIRECTION ( 'NONE',  ( 0.000000000000000000, 1.000000000000000000, -0.000000000000000000 ) ) ;
#2903 = DIRECTION ( 'NONE',  ( 0.000000000000000000, 0.000000000000000000, 1.000000000000000000 ) ) ;
#2904 = CARTESIAN_POINT ( 'NONE',  ( 2.000000000000000000, 16.00000000000000355, -5.000000000000000000 ) ) ;
#2905 = AXIS2_PLACEMENT_3D ( 'NONE', #2695, #2044, #2016 ) ;
#2906 = ORIENTED_EDGE ( 'NONE', *, *, #1234, .T. ) ;
#2907 = CARTESIAN_POINT ( 'NONE',  ( 10.85640646055114189, -13.19615242270653255, -2.171220823840237658E-15 ) ) ;
#2908 = AXIS2_PLACEMENT_3D ( 'NONE', #1808, #1975, #2435 ) ;
#2909 = ORIENTED_EDGE ( 'NONE', *, *, #1289, .T. ) ;
#2910 = CIRCLE ( 'NONE', #758, 0.9999999999999997780 ) ;
#2911 = ADVANCED_FACE ( 'NONE', ( #1253 ), #402, .F. ) ;
#2912 = ORIENTED_EDGE ( 'NONE', *, *, #368, .F. ) ;
ENDSEC;
END-ISO-10303-21;
