solid Pièce5_Guide_Défaut_sldprt
   facet normal 7.190211e-001 6.949883e-001 0.000000e+000
      outer loop
         vertex 4.472136e+000 4.000000e+000 7.000000e+000
         vertex 4.472136e+000 4.000000e+000 1.000000e+000
         vertex 3.978736e+000 4.491065e+000 1.000000e+000
      endloop
   endfacet
   facet normal -7.190211e-001 -6.949883e-001 0.000000e+000
      outer loop
         vertex -4.472136e+000 -4.000000e+000 7.000000e+000
         vertex -4.472136e+000 -4.000000e+000 1.000000e+000
         vertex -3.978736e+000 -4.491065e+000 1.000000e+000
      endloop
   endfacet
   facet normal -1.021876e-001 9.947651e-001 0.000000e+000
      outer loop
         vertex -7.232201e-001 5.956253e+000 1.000000e+000
         vertex -6.282200e-001 5.967021e+000 8.221964e+000
         vertex -4.876949e-001 5.980146e+000 8.126987e+000
      endloop
   endfacet
   facet normal -1.826544e-001 9.831772e-001 0.000000e+000
      outer loop
         vertex -8.929259e-001 5.933185e+000 9.450204e+000
         vertex -9.561667e-001 5.923322e+000 9.292822e+000
         vertex -1.435894e+000 5.825651e+000 1.150000e+001
      endloop
   endfacet
   facet normal -1.881275e-001 9.821446e-001 0.000000e+000
      outer loop
         vertex -1.435894e+000 5.825651e+000 1.150000e+001
         vertex -9.561667e-001 5.923322e+000 9.292822e+000
         vertex -9.919004e-001 5.917443e+000 9.127018e+000
      endloop
   endfacet
   facet normal -1.905019e-001 9.816868e-001 0.000000e+000
      outer loop
         vertex -1.435894e+000 5.825651e+000 1.150000e+001
         vertex -9.919004e-001 5.917443e+000 9.127018e+000
         vertex -9.990990e-001 5.916232e+000 8.957560e+000
      endloop
   endfacet
   facet normal -1.603897e-001 9.870538e-001 0.000000e+000
      outer loop
         vertex -7.232201e-001 5.956253e+000 1.150000e+001
         vertex -7.231936e-001 5.956041e+000 9.686444e+000
         vertex -1.435894e+000 5.825651e+000 1.150000e+001
      endloop
   endfacet
   facet normal -1.648579e-001 9.863173e-001 0.000000e+000
      outer loop
         vertex -1.435894e+000 5.825651e+000 1.150000e+001
         vertex -7.231936e-001 5.956041e+000 9.686444e+000
         vertex -8.039972e-001 5.945889e+000 9.594633e+000
      endloop
   endfacet
   facet normal -1.742413e-001 9.847029e-001 0.000000e+000
      outer loop
         vertex -1.435894e+000 5.825651e+000 1.150000e+001
         vertex -8.039972e-001 5.945889e+000 9.594633e+000
         vertex -8.929259e-001 5.933185e+000 9.450204e+000
      endloop
   endfacet
   facet normal -1.897085e-001 9.818404e-001 0.000000e+000
      outer loop
         vertex -9.990990e-001 5.916232e+000 8.957560e+000
         vertex -9.775553e-001 5.919830e+000 8.789321e+000
         vertex -1.435894e+000 5.825651e+000 1.000000e+000
      endloop
   endfacet
   facet normal -1.857704e-001 9.825932e-001 0.000000e+000
      outer loop
         vertex -1.435894e+000 5.825651e+000 1.000000e+000
         vertex -9.775553e-001 5.919830e+000 8.789321e+000
         vertex -9.278890e-001 5.927817e+000 8.627144e+000
      endloop
   endfacet
   facet normal -1.788021e-001 9.838850e-001 0.000000e+000
      outer loop
         vertex -9.278890e-001 5.927817e+000 8.627144e+000
         vertex -8.515291e-001 5.939268e+000 8.475693e+000
         vertex -1.435894e+000 5.825651e+000 1.000000e+000
      endloop
   endfacet
   facet normal -1.690050e-001 9.856152e-001 0.000000e+000
      outer loop
         vertex -1.435894e+000 5.825651e+000 1.000000e+000
         vertex -8.515291e-001 5.939268e+000 8.475693e+000
         vertex -7.506723e-001 5.952856e+000 8.339325e+000
      endloop
   endfacet
   facet normal -1.619077e-001 9.868059e-001 0.000000e+000
      outer loop
         vertex -1.435894e+000 5.825651e+000 1.000000e+000
         vertex -7.506723e-001 5.952856e+000 8.339325e+000
         vertex -7.232201e-001 5.956253e+000 1.000000e+000
      endloop
   endfacet
   facet normal -1.220622e-001 9.925225e-001 0.000000e+000
      outer loop
         vertex -7.232201e-001 5.956253e+000 1.000000e+000
         vertex -7.506723e-001 5.952856e+000 8.339325e+000
         vertex -7.231945e-001 5.956034e+000 8.312990e+000
      endloop
   endfacet
   facet normal -1.152622e-001 9.933351e-001 0.000000e+000
      outer loop
         vertex -7.232201e-001 5.956253e+000 1.000000e+000
         vertex -7.231945e-001 5.956034e+000 8.312990e+000
         vertex -6.282200e-001 5.967021e+000 8.221964e+000
      endloop
   endfacet
   facet normal -4.711545e-003 9.999889e-001 0.000000e+000
      outer loop
         vertex 3.673940e-016 6.000000e+000 1.150000e+001
         vertex 3.659182e-016 5.999401e+000 9.996397e+000
         vertex -8.480593e-002 5.999401e+000 9.996397e+000
      endloop
   endfacet
   facet normal -4.495570e-002 9.989890e-001 0.000000e+000
      outer loop
         vertex 3.673940e-016 6.000000e+000 1.150000e+001
         vertex -8.480593e-002 5.999401e+000 9.996397e+000
         vertex -7.232201e-001 5.956253e+000 1.150000e+001
      endloop
   endfacet
   facet normal -5.894927e-002 9.982610e-001 0.000000e+000
      outer loop
         vertex -7.232201e-001 5.956253e+000 1.150000e+001
         vertex -8.480593e-002 5.999401e+000 9.996397e+000
         vertex -2.519780e-001 5.994707e+000 9.967733e+000
      endloop
   endfacet
   facet normal -7.710238e-002 9.970232e-001 0.000000e+000
      outer loop
         vertex -7.232201e-001 5.956253e+000 1.150000e+001
         vertex -2.519780e-001 5.994707e+000 9.967733e+000
         vertex -4.119012e-001 5.985845e+000 9.911229e+000
      endloop
   endfacet
   facet normal -9.419335e-002 9.955539e-001 0.000000e+000
      outer loop
         vertex -4.119012e-001 5.985845e+000 9.911229e+000
         vertex -5.599748e-001 5.973812e+000 9.828509e+000
         vertex -7.232201e-001 5.956253e+000 1.150000e+001
      endloop
   endfacet
   facet normal -1.097374e-001 9.939606e-001 0.000000e+000
      outer loop
         vertex -7.232201e-001 5.956253e+000 1.150000e+001
         vertex -5.599748e-001 5.973812e+000 9.828509e+000
         vertex -6.919389e-001 5.959968e+000 9.721956e+000
      endloop
   endfacet
   facet normal -1.187992e-001 9.929184e-001 0.000000e+000
      outer loop
         vertex -7.232201e-001 5.956253e+000 1.150000e+001
         vertex -6.919389e-001 5.959968e+000 9.721956e+000
         vertex -7.231936e-001 5.956041e+000 9.686444e+000
      endloop
   endfacet
   facet normal 1.097374e-001 9.939606e-001 0.000000e+000
      outer loop
         vertex 7.232201e-001 5.956253e+000 1.150000e+001
         vertex 6.919389e-001 5.959968e+000 9.721956e+000
         vertex 5.599748e-001 5.973812e+000 9.828509e+000
      endloop
   endfacet
   facet normal 9.419335e-002 9.955539e-001 0.000000e+000
      outer loop
         vertex 5.599748e-001 5.973812e+000 9.828509e+000
         vertex 4.119012e-001 5.985845e+000 9.911229e+000
         vertex 7.232201e-001 5.956253e+000 1.150000e+001
      endloop
   endfacet
   facet normal 7.710238e-002 9.970232e-001 0.000000e+000
      outer loop
         vertex 7.232201e-001 5.956253e+000 1.150000e+001
         vertex 4.119012e-001 5.985845e+000 9.911229e+000
         vertex 2.519780e-001 5.994707e+000 9.967733e+000
      endloop
   endfacet
   facet normal 5.424569e-002 9.985276e-001 0.000000e+000
      outer loop
         vertex 7.232201e-001 5.956253e+000 1.150000e+001
         vertex 2.519780e-001 5.994707e+000 9.967733e+000
         vertex 3.673940e-016 6.000000e+000 1.150000e+001
      endloop
   endfacet
   facet normal 1.871307e-002 9.998249e-001 0.000000e+000
      outer loop
         vertex 3.673940e-016 6.000000e+000 1.150000e+001
         vertex 2.519780e-001 5.994707e+000 9.967733e+000
         vertex 8.480593e-002 5.999401e+000 9.996397e+000
      endloop
   endfacet
   facet normal 4.711545e-003 9.999889e-001 0.000000e+000
      outer loop
         vertex 3.673940e-016 6.000000e+000 1.150000e+001
         vertex 8.480593e-002 5.999401e+000 9.996397e+000
         vertex 3.659182e-016 5.999401e+000 9.996397e+000
      endloop
   endfacet
   facet normal 1.603898e-001 9.870538e-001 0.000000e+000
      outer loop
         vertex 7.232201e-001 5.956253e+000 1.000000e+000
         vertex 7.231945e-001 5.956034e+000 8.312990e+000
         vertex 1.435894e+000 5.825651e+000 1.000000e+000
      endloop
   endfacet
   facet normal 1.619078e-001 9.868059e-001 0.000000e+000
      outer loop
         vertex 1.435894e+000 5.825651e+000 1.000000e+000
         vertex 7.231945e-001 5.956034e+000 8.312990e+000
         vertex 7.506723e-001 5.952856e+000 8.339325e+000
      endloop
   endfacet
   facet normal 1.690050e-001 9.856152e-001 0.000000e+000
      outer loop
         vertex 1.435894e+000 5.825651e+000 1.000000e+000
         vertex 7.506723e-001 5.952856e+000 8.339325e+000
         vertex 8.515291e-001 5.939268e+000 8.475693e+000
      endloop
   endfacet
   facet normal 1.788021e-001 9.838850e-001 0.000000e+000
      outer loop
         vertex 8.515291e-001 5.939268e+000 8.475693e+000
         vertex 9.278890e-001 5.927817e+000 8.627144e+000
         vertex 1.435894e+000 5.825651e+000 1.000000e+000
      endloop
   endfacet
   facet normal 1.857704e-001 9.825932e-001 0.000000e+000
      outer loop
         vertex 1.435894e+000 5.825651e+000 1.000000e+000
         vertex 9.278890e-001 5.927817e+000 8.627144e+000
         vertex 9.775553e-001 5.919830e+000 8.789321e+000
      endloop
   endfacet
   facet normal 1.897085e-001 9.818404e-001 0.000000e+000
      outer loop
         vertex 1.435894e+000 5.825651e+000 1.000000e+000
         vertex 9.775553e-001 5.919830e+000 8.789321e+000
         vertex 9.990990e-001 5.916232e+000 8.957560e+000
      endloop
   endfacet
   facet normal 1.881275e-001 9.821446e-001 0.000000e+000
      outer loop
         vertex 1.435894e+000 5.825651e+000 1.150000e+001
         vertex 9.919004e-001 5.917443e+000 9.127018e+000
         vertex 9.561667e-001 5.923322e+000 9.292822e+000
      endloop
   endfacet
   facet normal 1.826544e-001 9.831772e-001 0.000000e+000
      outer loop
         vertex 9.561667e-001 5.923322e+000 9.292822e+000
         vertex 8.929259e-001 5.933185e+000 9.450204e+000
         vertex 1.435894e+000 5.825651e+000 1.150000e+001
      endloop
   endfacet
   facet normal 1.742413e-001 9.847029e-001 0.000000e+000
      outer loop
         vertex 1.435894e+000 5.825651e+000 1.150000e+001
         vertex 8.929259e-001 5.933185e+000 9.450204e+000
         vertex 8.039972e-001 5.945889e+000 9.594633e+000
      endloop
   endfacet
   facet normal 1.648580e-001 9.863173e-001 0.000000e+000
      outer loop
         vertex 1.435894e+000 5.825651e+000 1.150000e+001
         vertex 8.039972e-001 5.945889e+000 9.594633e+000
         vertex 7.232201e-001 5.956253e+000 1.150000e+001
      endloop
   endfacet
   facet normal 1.250268e-001 9.921533e-001 0.000000e+000
      outer loop
         vertex 7.232201e-001 5.956253e+000 1.150000e+001
         vertex 8.039972e-001 5.945889e+000 9.594633e+000
         vertex 7.231936e-001 5.956041e+000 9.686444e+000
      endloop
   endfacet
   facet normal 1.187992e-001 9.929184e-001 0.000000e+000
      outer loop
         vertex 7.232201e-001 5.956253e+000 1.150000e+001
         vertex 7.231936e-001 5.956041e+000 9.686444e+000
         vertex 6.919389e-001 5.959968e+000 9.721956e+000
      endloop
   endfacet
   facet normal -8.581173e-002 9.963114e-001 0.000000e+000
      outer loop
         vertex -4.876949e-001 5.980146e+000 8.126987e+000
         vertex -3.331398e-001 5.990745e+000 8.057122e+000
         vertex -7.232201e-001 5.956253e+000 1.000000e+000
      endloop
   endfacet
   facet normal -6.812704e-002 9.976767e-001 0.000000e+000
      outer loop
         vertex -7.232201e-001 5.956253e+000 1.000000e+000
         vertex -3.331398e-001 5.990745e+000 8.057122e+000
         vertex -1.690008e-001 5.997620e+000 8.014383e+000
      endloop
   endfacet
   facet normal -4.963393e-002 9.987674e-001 0.000000e+000
      outer loop
         vertex -7.232201e-001 5.956253e+000 1.000000e+000
         vertex -1.690008e-001 5.997620e+000 8.014383e+000
         vertex 3.673940e-016 6.000000e+000 1.000000e+000
      endloop
   endfacet
   facet normal -9.389762e-003 9.999560e-001 0.000000e+000
      outer loop
         vertex 3.673940e-016 6.000000e+000 1.000000e+000
         vertex -1.690008e-001 5.997620e+000 8.014383e+000
         vertex 1.699662e-015 6.000000e+000 8.000000e+000
      endloop
   endfacet
   facet normal 4.024415e-002 9.991899e-001 0.000000e+000
      outer loop
         vertex 3.673940e-016 6.000000e+000 1.000000e+000
         vertex 1.699662e-015 6.000000e+000 8.000000e+000
         vertex 7.232201e-001 5.956253e+000 1.000000e+000
      endloop
   endfacet
   facet normal 4.963393e-002 9.987674e-001 0.000000e+000
      outer loop
         vertex 7.232201e-001 5.956253e+000 1.000000e+000
         vertex 1.699662e-015 6.000000e+000 8.000000e+000
         vertex 1.690008e-001 5.997620e+000 8.014383e+000
      endloop
   endfacet
   facet normal 6.812705e-002 9.976767e-001 0.000000e+000
      outer loop
         vertex 7.232201e-001 5.956253e+000 1.000000e+000
         vertex 1.690008e-001 5.997620e+000 8.014383e+000
         vertex 3.331398e-001 5.990745e+000 8.057122e+000
      endloop
   endfacet
   facet normal 8.581173e-002 9.963114e-001 0.000000e+000
      outer loop
         vertex 3.331398e-001 5.990745e+000 8.057122e+000
         vertex 4.876949e-001 5.980146e+000 8.126987e+000
         vertex 7.232201e-001 5.956253e+000 1.000000e+000
      endloop
   endfacet
   facet normal 1.021876e-001 9.947651e-001 0.000000e+000
      outer loop
         vertex 7.232201e-001 5.956253e+000 1.000000e+000
         vertex 4.876949e-001 5.980146e+000 8.126987e+000
         vertex 6.282200e-001 5.967021e+000 8.221964e+000
      endloop
   endfacet
   facet normal 1.152622e-001 9.933351e-001 0.000000e+000
      outer loop
         vertex 7.232201e-001 5.956253e+000 1.000000e+000
         vertex 6.282200e-001 5.967021e+000 8.221964e+000
         vertex 7.231945e-001 5.956034e+000 8.312990e+000
      endloop
   endfacet
   facet normal -7.201201e-001 -6.938494e-001 0.000000e+000
      outer loop
         vertex -4.491065e+000 -3.978736e+000 7.000000e+000
         vertex -4.472136e+000 -4.000000e+000 7.000000e+000
         vertex -3.978736e+000 -4.491065e+000 1.150000e+001
      endloop
   endfacet
   facet normal -7.994559e-001 6.007249e-001 0.000000e+000
      outer loop
         vertex -4.491065e+000 3.978736e+000 1.150000e+001
         vertex -4.937903e+000 3.408388e+000 7.000000e+000
         vertex -4.937903e+000 3.408388e+000 1.150000e+001
      endloop
   endfacet
   facet normal -8.451784e-001 5.344843e-001 0.000000e+000
      outer loop
         vertex -4.937903e+000 3.408388e+000 1.150000e+001
         vertex -4.937903e+000 3.408388e+000 7.000000e+000
         vertex -5.312736e+000 2.788339e+000 7.000000e+000
      endloop
   endfacet
   facet normal -8.660363e-001 4.999812e-001 0.000000e+000
      outer loop
         vertex -4.937903e+000 3.408388e+000 1.150000e+001
         vertex -5.312736e+000 2.788339e+000 7.000000e+000
         vertex -5.312736e+000 2.788339e+000 1.150000e+001
      endloop
   endfacet
   facet normal -9.034411e-001 4.287122e-001 0.000000e+000
      outer loop
         vertex -5.312736e+000 2.788339e+000 1.150000e+001
         vertex -5.312736e+000 2.788339e+000 7.000000e+000
         vertex -5.610098e+000 2.127629e+000 7.000000e+000
      endloop
   endfacet
   facet normal -9.199880e-001 3.919466e-001 0.000000e+000
      outer loop
         vertex -5.312736e+000 2.788339e+000 1.150000e+001
         vertex -5.610098e+000 2.127629e+000 7.000000e+000
         vertex -5.610098e+000 2.127629e+000 1.150000e+001
      endloop
   endfacet
   facet normal -9.485296e-001 3.166887e-001 0.000000e+000
      outer loop
         vertex -5.610098e+000 2.127629e+000 1.150000e+001
         vertex -5.610098e+000 2.127629e+000 7.000000e+000
         vertex -5.825651e+000 1.435894e+000 7.000000e+000
      endloop
   endfacet
   facet normal -9.605242e-001 2.781965e-001 0.000000e+000
      outer loop
         vertex -5.610098e+000 2.127629e+000 1.150000e+001
         vertex -5.825651e+000 1.435894e+000 7.000000e+000
         vertex -5.825651e+000 1.435894e+000 1.150000e+001
      endloop
   endfacet
   facet normal -9.797863e-001 2.000470e-001 0.000000e+000
      outer loop
         vertex -5.825651e+000 1.435894e+000 1.150000e+001
         vertex -5.825651e+000 1.435894e+000 7.000000e+000
         vertex -5.956253e+000 7.232201e-001 7.000000e+000
      endloop
   endfacet
   facet normal -9.870538e-001 1.603898e-001 0.000000e+000
      outer loop
         vertex -5.825651e+000 1.435894e+000 1.150000e+001
         vertex -5.956253e+000 7.232201e-001 7.000000e+000
         vertex -5.956253e+000 7.232201e-001 1.150000e+001
      endloop
   endfacet
   facet normal -9.967556e-001 8.048829e-002 0.000000e+000
      outer loop
         vertex -5.956253e+000 7.232201e-001 1.150000e+001
         vertex -5.956253e+000 7.232201e-001 7.000000e+000
         vertex -6.000000e+000 7.347881e-016 7.000000e+000
      endloop
   endfacet
   facet normal -9.991899e-001 4.024415e-002 0.000000e+000
      outer loop
         vertex -5.956253e+000 7.232201e-001 1.150000e+001
         vertex -6.000000e+000 7.347881e-016 7.000000e+000
         vertex -6.000000e+000 7.347881e-016 1.150000e+001
      endloop
   endfacet
   facet normal -9.991899e-001 -4.024415e-002 0.000000e+000
      outer loop
         vertex -6.000000e+000 7.347881e-016 1.150000e+001
         vertex -6.000000e+000 7.347881e-016 7.000000e+000
         vertex -5.956253e+000 -7.232201e-001 7.000000e+000
      endloop
   endfacet
   facet normal -9.967556e-001 -8.048829e-002 0.000000e+000
      outer loop
         vertex -6.000000e+000 7.347881e-016 1.150000e+001
         vertex -5.956253e+000 -7.232201e-001 7.000000e+000
         vertex -5.956253e+000 -7.232201e-001 1.150000e+001
      endloop
   endfacet
   facet normal -9.870538e-001 -1.603898e-001 0.000000e+000
      outer loop
         vertex -5.956253e+000 -7.232201e-001 1.150000e+001
         vertex -5.956253e+000 -7.232201e-001 7.000000e+000
         vertex -5.825651e+000 -1.435894e+000 7.000000e+000
      endloop
   endfacet
   facet normal -9.797863e-001 -2.000470e-001 0.000000e+000
      outer loop
         vertex -5.956253e+000 -7.232201e-001 1.150000e+001
         vertex -5.825651e+000 -1.435894e+000 7.000000e+000
         vertex -5.825651e+000 -1.435894e+000 1.150000e+001
      endloop
   endfacet
   facet normal -9.605242e-001 -2.781965e-001 0.000000e+000
      outer loop
         vertex -5.825651e+000 -1.435894e+000 1.150000e+001
         vertex -5.825651e+000 -1.435894e+000 7.000000e+000
         vertex -5.610098e+000 -2.127629e+000 7.000000e+000
      endloop
   endfacet
   facet normal -9.485295e-001 -3.166887e-001 0.000000e+000
      outer loop
         vertex -5.825651e+000 -1.435894e+000 1.150000e+001
         vertex -5.610098e+000 -2.127629e+000 7.000000e+000
         vertex -5.610098e+000 -2.127629e+000 1.150000e+001
      endloop
   endfacet
   facet normal -9.199880e-001 -3.919466e-001 0.000000e+000
      outer loop
         vertex -5.610098e+000 -2.127629e+000 1.150000e+001
         vertex -5.610098e+000 -2.127629e+000 7.000000e+000
         vertex -5.312736e+000 -2.788339e+000 7.000000e+000
      endloop
   endfacet
   facet normal -9.034411e-001 -4.287122e-001 0.000000e+000
      outer loop
         vertex -5.610098e+000 -2.127629e+000 1.150000e+001
         vertex -5.312736e+000 -2.788339e+000 7.000000e+000
         vertex -5.312736e+000 -2.788339e+000 1.150000e+001
      endloop
   endfacet
   facet normal -8.660363e-001 -4.999812e-001 0.000000e+000
      outer loop
         vertex -5.312736e+000 -2.788339e+000 1.150000e+001
         vertex -5.312736e+000 -2.788339e+000 7.000000e+000
         vertex -4.937903e+000 -3.408388e+000 7.000000e+000
      endloop
   endfacet
   facet normal -8.451784e-001 -5.344843e-001 0.000000e+000
      outer loop
         vertex -5.312736e+000 -2.788339e+000 1.150000e+001
         vertex -4.937903e+000 -3.408388e+000 7.000000e+000
         vertex -4.937903e+000 -3.408388e+000 1.150000e+001
      endloop
   endfacet
   facet normal -7.994559e-001 -6.007248e-001 0.000000e+000
      outer loop
         vertex -4.937903e+000 -3.408388e+000 1.150000e+001
         vertex -4.937903e+000 -3.408388e+000 7.000000e+000
         vertex -4.491065e+000 -3.978736e+000 7.000000e+000
      endloop
   endfacet
   facet normal -7.745912e-001 -6.324622e-001 0.000000e+000
      outer loop
         vertex -4.937903e+000 -3.408388e+000 1.150000e+001
         vertex -4.491065e+000 -3.978736e+000 7.000000e+000
         vertex -4.491065e+000 -3.978736e+000 1.150000e+001
      endloop
   endfacet
   facet normal -7.212176e-001 -6.927086e-001 0.000000e+000
      outer loop
         vertex -4.491065e+000 -3.978736e+000 1.150000e+001
         vertex -4.491065e+000 -3.978736e+000 7.000000e+000
         vertex -3.978736e+000 -4.491065e+000 1.150000e+001
      endloop
   endfacet
   facet normal -7.190211e-001 6.949883e-001 0.000000e+000
      outer loop
         vertex -3.978736e+000 4.491065e+000 1.000000e+000
         vertex -4.472136e+000 4.000000e+000 1.000000e+000
         vertex -4.472136e+000 4.000000e+000 7.000000e+000
      endloop
   endfacet
   facet normal 7.201201e-001 6.938494e-001 0.000000e+000
      outer loop
         vertex 4.491065e+000 3.978736e+000 7.000000e+000
         vertex 4.472136e+000 4.000000e+000 7.000000e+000
         vertex 3.978736e+000 4.491065e+000 1.150000e+001
      endloop
   endfacet
   facet normal 7.994559e-001 -6.007249e-001 0.000000e+000
      outer loop
         vertex 4.491065e+000 -3.978736e+000 1.150000e+001
         vertex 4.937903e+000 -3.408388e+000 7.000000e+000
         vertex 4.937903e+000 -3.408388e+000 1.150000e+001
      endloop
   endfacet
   facet normal 8.451784e-001 -5.344843e-001 0.000000e+000
      outer loop
         vertex 4.937903e+000 -3.408388e+000 1.150000e+001
         vertex 4.937903e+000 -3.408388e+000 7.000000e+000
         vertex 5.312736e+000 -2.788339e+000 7.000000e+000
      endloop
   endfacet
   facet normal 8.660363e-001 -4.999812e-001 0.000000e+000
      outer loop
         vertex 4.937903e+000 -3.408388e+000 1.150000e+001
         vertex 5.312736e+000 -2.788339e+000 7.000000e+000
         vertex 5.312736e+000 -2.788339e+000 1.150000e+001
      endloop
   endfacet
   facet normal 9.034411e-001 -4.287122e-001 0.000000e+000
      outer loop
         vertex 5.312736e+000 -2.788339e+000 1.150000e+001
         vertex 5.312736e+000 -2.788339e+000 7.000000e+000
         vertex 5.610098e+000 -2.127629e+000 7.000000e+000
      endloop
   endfacet
   facet normal 9.199880e-001 -3.919466e-001 0.000000e+000
      outer loop
         vertex 5.312736e+000 -2.788339e+000 1.150000e+001
         vertex 5.610098e+000 -2.127629e+000 7.000000e+000
         vertex 5.610098e+000 -2.127629e+000 1.150000e+001
      endloop
   endfacet
   facet normal 9.485296e-001 -3.166887e-001 0.000000e+000
      outer loop
         vertex 5.610098e+000 -2.127629e+000 1.150000e+001
         vertex 5.610098e+000 -2.127629e+000 7.000000e+000
         vertex 5.825651e+000 -1.435894e+000 7.000000e+000
      endloop
   endfacet
   facet normal 9.605242e-001 -2.781965e-001 0.000000e+000
      outer loop
         vertex 5.610098e+000 -2.127629e+000 1.150000e+001
         vertex 5.825651e+000 -1.435894e+000 7.000000e+000
         vertex 5.825651e+000 -1.435894e+000 1.150000e+001
      endloop
   endfacet
   facet normal 9.797863e-001 -2.000470e-001 0.000000e+000
      outer loop
         vertex 5.825651e+000 -1.435894e+000 1.150000e+001
         vertex 5.825651e+000 -1.435894e+000 7.000000e+000
         vertex 5.956253e+000 -7.232201e-001 7.000000e+000
      endloop
   endfacet
   facet normal 9.870538e-001 -1.603898e-001 0.000000e+000
      outer loop
         vertex 5.825651e+000 -1.435894e+000 1.150000e+001
         vertex 5.956253e+000 -7.232201e-001 7.000000e+000
         vertex 5.956253e+000 -7.232201e-001 1.150000e+001
      endloop
   endfacet
   facet normal 9.967556e-001 -8.048829e-002 0.000000e+000
      outer loop
         vertex 5.956253e+000 -7.232201e-001 1.150000e+001
         vertex 5.956253e+000 -7.232201e-001 7.000000e+000
         vertex 6.000000e+000 0.000000e+000 7.000000e+000
      endloop
   endfacet
   facet normal 9.991899e-001 -4.024415e-002 0.000000e+000
      outer loop
         vertex 5.956253e+000 -7.232201e-001 1.150000e+001
         vertex 6.000000e+000 0.000000e+000 7.000000e+000
         vertex 6.000000e+000 0.000000e+000 1.150000e+001
      endloop
   endfacet
   facet normal 9.991899e-001 4.024415e-002 0.000000e+000
      outer loop
         vertex 6.000000e+000 0.000000e+000 1.150000e+001
         vertex 6.000000e+000 0.000000e+000 7.000000e+000
         vertex 5.956253e+000 7.232201e-001 7.000000e+000
      endloop
   endfacet
   facet normal 9.967556e-001 8.048829e-002 0.000000e+000
      outer loop
         vertex 6.000000e+000 0.000000e+000 1.150000e+001
         vertex 5.956253e+000 7.232201e-001 7.000000e+000
         vertex 5.956253e+000 7.232201e-001 1.150000e+001
      endloop
   endfacet
   facet normal 9.870538e-001 1.603898e-001 0.000000e+000
      outer loop
         vertex 5.956253e+000 7.232201e-001 1.150000e+001
         vertex 5.956253e+000 7.232201e-001 7.000000e+000
         vertex 5.825651e+000 1.435894e+000 7.000000e+000
      endloop
   endfacet
   facet normal 9.797863e-001 2.000470e-001 0.000000e+000
      outer loop
         vertex 5.956253e+000 7.232201e-001 1.150000e+001
         vertex 5.825651e+000 1.435894e+000 7.000000e+000
         vertex 5.825651e+000 1.435894e+000 1.150000e+001
      endloop
   endfacet
   facet normal 9.605242e-001 2.781965e-001 0.000000e+000
      outer loop
         vertex 5.825651e+000 1.435894e+000 1.150000e+001
         vertex 5.825651e+000 1.435894e+000 7.000000e+000
         vertex 5.610098e+000 2.127629e+000 7.000000e+000
      endloop
   endfacet
   facet normal 9.485295e-001 3.166887e-001 0.000000e+000
      outer loop
         vertex 5.825651e+000 1.435894e+000 1.150000e+001
         vertex 5.610098e+000 2.127629e+000 7.000000e+000
         vertex 5.610098e+000 2.127629e+000 1.150000e+001
      endloop
   endfacet
   facet normal 9.199880e-001 3.919466e-001 0.000000e+000
      outer loop
         vertex 5.610098e+000 2.127629e+000 1.150000e+001
         vertex 5.610098e+000 2.127629e+000 7.000000e+000
         vertex 5.312736e+000 2.788339e+000 7.000000e+000
      endloop
   endfacet
   facet normal 9.034411e-001 4.287122e-001 0.000000e+000
      outer loop
         vertex 5.610098e+000 2.127629e+000 1.150000e+001
         vertex 5.312736e+000 2.788339e+000 7.000000e+000
         vertex 5.312736e+000 2.788339e+000 1.150000e+001
      endloop
   endfacet
   facet normal 8.660363e-001 4.999812e-001 0.000000e+000
      outer loop
         vertex 5.312736e+000 2.788339e+000 1.150000e+001
         vertex 5.312736e+000 2.788339e+000 7.000000e+000
         vertex 4.937903e+000 3.408388e+000 7.000000e+000
      endloop
   endfacet
   facet normal 8.451784e-001 5.344843e-001 0.000000e+000
      outer loop
         vertex 5.312736e+000 2.788339e+000 1.150000e+001
         vertex 4.937903e+000 3.408388e+000 7.000000e+000
         vertex 4.937903e+000 3.408388e+000 1.150000e+001
      endloop
   endfacet
   facet normal 7.994559e-001 6.007248e-001 0.000000e+000
      outer loop
         vertex 4.937903e+000 3.408388e+000 1.150000e+001
         vertex 4.937903e+000 3.408388e+000 7.000000e+000
         vertex 4.491065e+000 3.978736e+000 7.000000e+000
      endloop
   endfacet
   facet normal 7.745912e-001 6.324622e-001 0.000000e+000
      outer loop
         vertex 4.937903e+000 3.408388e+000 1.150000e+001
         vertex 4.491065e+000 3.978736e+000 7.000000e+000
         vertex 4.491065e+000 3.978736e+000 1.150000e+001
      endloop
   endfacet
   facet normal 7.212176e-001 6.927086e-001 0.000000e+000
      outer loop
         vertex 4.491065e+000 3.978736e+000 1.150000e+001
         vertex 4.491065e+000 3.978736e+000 7.000000e+000
         vertex 3.978736e+000 4.491065e+000 1.150000e+001
      endloop
   endfacet
   facet normal 7.190211e-001 -6.949883e-001 0.000000e+000
      outer loop
         vertex 3.978736e+000 -4.491065e+000 1.000000e+000
         vertex 4.472136e+000 -4.000000e+000 1.000000e+000
         vertex 4.472136e+000 -4.000000e+000 7.000000e+000
      endloop
   endfacet
   facet normal 1.021876e-001 -9.947651e-001 0.000000e+000
      outer loop
         vertex 7.232201e-001 -5.956253e+000 1.000000e+000
         vertex 6.282200e-001 -5.967021e+000 8.221964e+000
         vertex 4.876949e-001 -5.980146e+000 8.126987e+000
      endloop
   endfacet
   facet normal 1.826544e-001 -9.831772e-001 0.000000e+000
      outer loop
         vertex 8.929259e-001 -5.933185e+000 9.450204e+000
         vertex 9.561667e-001 -5.923322e+000 9.292822e+000
         vertex 1.435894e+000 -5.825651e+000 1.150000e+001
      endloop
   endfacet
   facet normal 1.881275e-001 -9.821446e-001 0.000000e+000
      outer loop
         vertex 1.435894e+000 -5.825651e+000 1.150000e+001
         vertex 9.561667e-001 -5.923322e+000 9.292822e+000
         vertex 9.919004e-001 -5.917443e+000 9.127018e+000
      endloop
   endfacet
   facet normal 1.905019e-001 -9.816868e-001 0.000000e+000
      outer loop
         vertex 1.435894e+000 -5.825651e+000 1.150000e+001
         vertex 9.919004e-001 -5.917443e+000 9.127018e+000
         vertex 9.990990e-001 -5.916232e+000 8.957560e+000
      endloop
   endfacet
   facet normal 1.603897e-001 -9.870538e-001 0.000000e+000
      outer loop
         vertex 7.232201e-001 -5.956253e+000 1.150000e+001
         vertex 7.231936e-001 -5.956041e+000 9.686444e+000
         vertex 1.435894e+000 -5.825651e+000 1.150000e+001
      endloop
   endfacet
   facet normal 1.648579e-001 -9.863173e-001 0.000000e+000
      outer loop
         vertex 1.435894e+000 -5.825651e+000 1.150000e+001
         vertex 7.231936e-001 -5.956041e+000 9.686444e+000
         vertex 8.039972e-001 -5.945889e+000 9.594633e+000
      endloop
   endfacet
   facet normal 1.742413e-001 -9.847029e-001 0.000000e+000
      outer loop
         vertex 1.435894e+000 -5.825651e+000 1.150000e+001
         vertex 8.039972e-001 -5.945889e+000 9.594633e+000
         vertex 8.929259e-001 -5.933185e+000 9.450204e+000
      endloop
   endfacet
   facet normal 1.897085e-001 -9.818404e-001 0.000000e+000
      outer loop
         vertex 9.990990e-001 -5.916232e+000 8.957560e+000
         vertex 9.775553e-001 -5.919830e+000 8.789321e+000
         vertex 1.435894e+000 -5.825651e+000 1.000000e+000
      endloop
   endfacet
   facet normal 1.857704e-001 -9.825932e-001 0.000000e+000
      outer loop
         vertex 1.435894e+000 -5.825651e+000 1.000000e+000
         vertex 9.775553e-001 -5.919830e+000 8.789321e+000
         vertex 9.278890e-001 -5.927817e+000 8.627144e+000
      endloop
   endfacet
   facet normal 1.788021e-001 -9.838850e-001 0.000000e+000
      outer loop
         vertex 9.278890e-001 -5.927817e+000 8.627144e+000
         vertex 8.515291e-001 -5.939268e+000 8.475693e+000
         vertex 1.435894e+000 -5.825651e+000 1.000000e+000
      endloop
   endfacet
   facet normal 1.690050e-001 -9.856152e-001 0.000000e+000
      outer loop
         vertex 1.435894e+000 -5.825651e+000 1.000000e+000
         vertex 8.515291e-001 -5.939268e+000 8.475693e+000
         vertex 7.506723e-001 -5.952856e+000 8.339325e+000
      endloop
   endfacet
   facet normal 1.619077e-001 -9.868059e-001 0.000000e+000
      outer loop
         vertex 1.435894e+000 -5.825651e+000 1.000000e+000
         vertex 7.506723e-001 -5.952856e+000 8.339325e+000
         vertex 7.232201e-001 -5.956253e+000 1.000000e+000
      endloop
   endfacet
   facet normal 1.220622e-001 -9.925225e-001 0.000000e+000
      outer loop
         vertex 7.232201e-001 -5.956253e+000 1.000000e+000
         vertex 7.506723e-001 -5.952856e+000 8.339325e+000
         vertex 7.231945e-001 -5.956034e+000 8.312990e+000
      endloop
   endfacet
   facet normal 1.152622e-001 -9.933351e-001 0.000000e+000
      outer loop
         vertex 7.232201e-001 -5.956253e+000 1.000000e+000
         vertex 7.231945e-001 -5.956034e+000 8.312990e+000
         vertex 6.282200e-001 -5.967021e+000 8.221964e+000
      endloop
   endfacet
   facet normal 4.711545e-003 -9.999889e-001 0.000000e+000
      outer loop
         vertex -1.102182e-015 -6.000000e+000 1.150000e+001
         vertex -1.124860e-015 -5.999401e+000 9.996397e+000
         vertex 8.480593e-002 -5.999401e+000 9.996397e+000
      endloop
   endfacet
   facet normal 4.495570e-002 -9.989890e-001 0.000000e+000
      outer loop
         vertex -1.102182e-015 -6.000000e+000 1.150000e+001
         vertex 8.480593e-002 -5.999401e+000 9.996397e+000
         vertex 7.232201e-001 -5.956253e+000 1.150000e+001
      endloop
   endfacet
   facet normal 5.894927e-002 -9.982610e-001 0.000000e+000
      outer loop
         vertex 7.232201e-001 -5.956253e+000 1.150000e+001
         vertex 8.480593e-002 -5.999401e+000 9.996397e+000
         vertex 2.519780e-001 -5.994707e+000 9.967733e+000
      endloop
   endfacet
   facet normal 7.710238e-002 -9.970232e-001 0.000000e+000
      outer loop
         vertex 7.232201e-001 -5.956253e+000 1.150000e+001
         vertex 2.519780e-001 -5.994707e+000 9.967733e+000
         vertex 4.119012e-001 -5.985845e+000 9.911229e+000
      endloop
   endfacet
   facet normal 9.419335e-002 -9.955539e-001 0.000000e+000
      outer loop
         vertex 4.119012e-001 -5.985845e+000 9.911229e+000
         vertex 5.599748e-001 -5.973812e+000 9.828509e+000
         vertex 7.232201e-001 -5.956253e+000 1.150000e+001
      endloop
   endfacet
   facet normal 1.097374e-001 -9.939606e-001 0.000000e+000
      outer loop
         vertex 7.232201e-001 -5.956253e+000 1.150000e+001
         vertex 5.599748e-001 -5.973812e+000 9.828509e+000
         vertex 6.919389e-001 -5.959968e+000 9.721956e+000
      endloop
   endfacet
   facet normal 1.187992e-001 -9.929184e-001 0.000000e+000
      outer loop
         vertex 7.232201e-001 -5.956253e+000 1.150000e+001
         vertex 6.919389e-001 -5.959968e+000 9.721956e+000
         vertex 7.231936e-001 -5.956041e+000 9.686444e+000
      endloop
   endfacet
   facet normal -1.097374e-001 -9.939606e-001 0.000000e+000
      outer loop
         vertex -7.232201e-001 -5.956253e+000 1.150000e+001
         vertex -6.919389e-001 -5.959968e+000 9.721956e+000
         vertex -5.599748e-001 -5.973812e+000 9.828509e+000
      endloop
   endfacet
   facet normal -9.419335e-002 -9.955539e-001 0.000000e+000
      outer loop
         vertex -5.599748e-001 -5.973812e+000 9.828509e+000
         vertex -4.119012e-001 -5.985845e+000 9.911229e+000
         vertex -7.232201e-001 -5.956253e+000 1.150000e+001
      endloop
   endfacet
   facet normal -7.710238e-002 -9.970232e-001 0.000000e+000
      outer loop
         vertex -7.232201e-001 -5.956253e+000 1.150000e+001
         vertex -4.119012e-001 -5.985845e+000 9.911229e+000
         vertex -2.519780e-001 -5.994707e+000 9.967733e+000
      endloop
   endfacet
   facet normal -5.424569e-002 -9.985276e-001 0.000000e+000
      outer loop
         vertex -7.232201e-001 -5.956253e+000 1.150000e+001
         vertex -2.519780e-001 -5.994707e+000 9.967733e+000
         vertex -1.102182e-015 -6.000000e+000 1.150000e+001
      endloop
   endfacet
   facet normal -1.871307e-002 -9.998249e-001 0.000000e+000
      outer loop
         vertex -1.102182e-015 -6.000000e+000 1.150000e+001
         vertex -2.519780e-001 -5.994707e+000 9.967733e+000
         vertex -8.480593e-002 -5.999401e+000 9.996397e+000
      endloop
   endfacet
   facet normal -4.711545e-003 -9.999889e-001 0.000000e+000
      outer loop
         vertex -1.102182e-015 -6.000000e+000 1.150000e+001
         vertex -8.480593e-002 -5.999401e+000 9.996397e+000
         vertex -1.124860e-015 -5.999401e+000 9.996397e+000
      endloop
   endfacet
   facet normal -1.603898e-001 -9.870538e-001 0.000000e+000
      outer loop
         vertex -7.232201e-001 -5.956253e+000 1.000000e+000
         vertex -7.231945e-001 -5.956034e+000 8.312990e+000
         vertex -1.435894e+000 -5.825651e+000 1.000000e+000
      endloop
   endfacet
   facet normal -1.619078e-001 -9.868059e-001 0.000000e+000
      outer loop
         vertex -1.435894e+000 -5.825651e+000 1.000000e+000
         vertex -7.231945e-001 -5.956034e+000 8.312990e+000
         vertex -7.506723e-001 -5.952856e+000 8.339325e+000
      endloop
   endfacet
   facet normal -1.690050e-001 -9.856152e-001 0.000000e+000
      outer loop
         vertex -1.435894e+000 -5.825651e+000 1.000000e+000
         vertex -7.506723e-001 -5.952856e+000 8.339325e+000
         vertex -8.515291e-001 -5.939268e+000 8.475693e+000
      endloop
   endfacet
   facet normal -1.788021e-001 -9.838850e-001 0.000000e+000
      outer loop
         vertex -8.515291e-001 -5.939268e+000 8.475693e+000
         vertex -9.278890e-001 -5.927817e+000 8.627144e+000
         vertex -1.435894e+000 -5.825651e+000 1.000000e+000
      endloop
   endfacet
   facet normal -1.857704e-001 -9.825932e-001 0.000000e+000
      outer loop
         vertex -1.435894e+000 -5.825651e+000 1.000000e+000
         vertex -9.278890e-001 -5.927817e+000 8.627144e+000
         vertex -9.775553e-001 -5.919830e+000 8.789321e+000
      endloop
   endfacet
   facet normal -1.897085e-001 -9.818404e-001 0.000000e+000
      outer loop
         vertex -1.435894e+000 -5.825651e+000 1.000000e+000
         vertex -9.775553e-001 -5.919830e+000 8.789321e+000
         vertex -9.990990e-001 -5.916232e+000 8.957560e+000
      endloop
   endfacet
   facet normal -1.881275e-001 -9.821446e-001 0.000000e+000
      outer loop
         vertex -1.435894e+000 -5.825651e+000 1.150000e+001
         vertex -9.919004e-001 -5.917443e+000 9.127018e+000
         vertex -9.561667e-001 -5.923322e+000 9.292822e+000
      endloop
   endfacet
   facet normal -1.826544e-001 -9.831772e-001 0.000000e+000
      outer loop
         vertex -9.561667e-001 -5.923322e+000 9.292822e+000
         vertex -8.929259e-001 -5.933185e+000 9.450204e+000
         vertex -1.435894e+000 -5.825651e+000 1.150000e+001
      endloop
   endfacet
   facet normal -1.742413e-001 -9.847029e-001 0.000000e+000
      outer loop
         vertex -1.435894e+000 -5.825651e+000 1.150000e+001
         vertex -8.929259e-001 -5.933185e+000 9.450204e+000
         vertex -8.039972e-001 -5.945889e+000 9.594633e+000
      endloop
   endfacet
   facet normal -1.648580e-001 -9.863173e-001 0.000000e+000
      outer loop
         vertex -1.435894e+000 -5.825651e+000 1.150000e+001
         vertex -8.039972e-001 -5.945889e+000 9.594633e+000
         vertex -7.232201e-001 -5.956253e+000 1.150000e+001
      endloop
   endfacet
   facet normal -1.250268e-001 -9.921533e-001 0.000000e+000
      outer loop
         vertex -7.232201e-001 -5.956253e+000 1.150000e+001
         vertex -8.039972e-001 -5.945889e+000 9.594633e+000
         vertex -7.231936e-001 -5.956041e+000 9.686444e+000
      endloop
   endfacet
   facet normal -1.187992e-001 -9.929184e-001 0.000000e+000
      outer loop
         vertex -7.232201e-001 -5.956253e+000 1.150000e+001
         vertex -7.231936e-001 -5.956041e+000 9.686444e+000
         vertex -6.919389e-001 -5.959968e+000 9.721956e+000
      endloop
   endfacet
   facet normal 8.581173e-002 -9.963114e-001 0.000000e+000
      outer loop
         vertex 4.876949e-001 -5.980146e+000 8.126987e+000
         vertex 3.331398e-001 -5.990745e+000 8.057122e+000
         vertex 7.232201e-001 -5.956253e+000 1.000000e+000
      endloop
   endfacet
   facet normal 6.812704e-002 -9.976767e-001 0.000000e+000
      outer loop
         vertex 7.232201e-001 -5.956253e+000 1.000000e+000
         vertex 3.331398e-001 -5.990745e+000 8.057122e+000
         vertex 1.690008e-001 -5.997620e+000 8.014383e+000
      endloop
   endfacet
   facet normal 4.963393e-002 -9.987674e-001 0.000000e+000
      outer loop
         vertex 7.232201e-001 -5.956253e+000 1.000000e+000
         vertex 1.690008e-001 -5.997620e+000 8.014383e+000
         vertex -1.102182e-015 -6.000000e+000 1.000000e+000
      endloop
   endfacet
   facet normal 9.389762e-003 -9.999560e-001 0.000000e+000
      outer loop
         vertex -1.102182e-015 -6.000000e+000 1.000000e+000
         vertex 1.690008e-001 -5.997620e+000 8.014383e+000
         vertex -1.102182e-015 -6.000000e+000 8.000000e+000
      endloop
   endfacet
   facet normal -4.024415e-002 -9.991899e-001 0.000000e+000
      outer loop
         vertex -1.102182e-015 -6.000000e+000 1.000000e+000
         vertex -1.102182e-015 -6.000000e+000 8.000000e+000
         vertex -7.232201e-001 -5.956253e+000 1.000000e+000
      endloop
   endfacet
   facet normal -4.963393e-002 -9.987674e-001 0.000000e+000
      outer loop
         vertex -7.232201e-001 -5.956253e+000 1.000000e+000
         vertex -1.102182e-015 -6.000000e+000 8.000000e+000
         vertex -1.690008e-001 -5.997620e+000 8.014383e+000
      endloop
   endfacet
   facet normal -6.812705e-002 -9.976767e-001 0.000000e+000
      outer loop
         vertex -7.232201e-001 -5.956253e+000 1.000000e+000
         vertex -1.690008e-001 -5.997620e+000 8.014383e+000
         vertex -3.331398e-001 -5.990745e+000 8.057122e+000
      endloop
   endfacet
   facet normal -8.581173e-002 -9.963114e-001 0.000000e+000
      outer loop
         vertex -3.331398e-001 -5.990745e+000 8.057122e+000
         vertex -4.876949e-001 -5.980146e+000 8.126987e+000
         vertex -7.232201e-001 -5.956253e+000 1.000000e+000
      endloop
   endfacet
   facet normal -1.021876e-001 -9.947651e-001 0.000000e+000
      outer loop
         vertex -7.232201e-001 -5.956253e+000 1.000000e+000
         vertex -4.876949e-001 -5.980146e+000 8.126987e+000
         vertex -6.282200e-001 -5.967021e+000 8.221964e+000
      endloop
   endfacet
   facet normal -1.152622e-001 -9.933351e-001 0.000000e+000
      outer loop
         vertex -7.232201e-001 -5.956253e+000 1.000000e+000
         vertex -6.282200e-001 -5.967021e+000 8.221964e+000
         vertex -7.231945e-001 -5.956034e+000 8.312990e+000
      endloop
   endfacet
   facet normal 2.151815e-001 -9.765741e-001 0.000000e+000
      outer loop
         vertex 9.990990e-001 -5.916232e+000 8.957560e+000
         vertex 1.435894e+000 -5.825651e+000 1.000000e+000
         vertex 1.435894e+000 -5.825651e+000 1.150000e+001
      endloop
   endfacet
   facet normal 2.781965e-001 -9.605242e-001 0.000000e+000
      outer loop
         vertex 1.435894e+000 -5.825651e+000 1.150000e+001
         vertex 1.435894e+000 -5.825651e+000 1.000000e+000
         vertex 2.127629e+000 -5.610098e+000 1.000000e+000
      endloop
   endfacet
   facet normal 3.166887e-001 -9.485295e-001 0.000000e+000
      outer loop
         vertex 1.435894e+000 -5.825651e+000 1.150000e+001
         vertex 2.127629e+000 -5.610098e+000 1.000000e+000
         vertex 2.127629e+000 -5.610098e+000 1.150000e+001
      endloop
   endfacet
   facet normal 3.919466e-001 -9.199880e-001 0.000000e+000
      outer loop
         vertex 2.127629e+000 -5.610098e+000 1.150000e+001
         vertex 2.127629e+000 -5.610098e+000 1.000000e+000
         vertex 2.788339e+000 -5.312736e+000 1.000000e+000
      endloop
   endfacet
   facet normal 4.287122e-001 -9.034411e-001 0.000000e+000
      outer loop
         vertex 2.127629e+000 -5.610098e+000 1.150000e+001
         vertex 2.788339e+000 -5.312736e+000 1.000000e+000
         vertex 2.788339e+000 -5.312736e+000 1.150000e+001
      endloop
   endfacet
   facet normal 4.999812e-001 -8.660363e-001 0.000000e+000
      outer loop
         vertex 2.788339e+000 -5.312736e+000 1.150000e+001
         vertex 2.788339e+000 -5.312736e+000 1.000000e+000
         vertex 3.408388e+000 -4.937903e+000 1.000000e+000
      endloop
   endfacet
   facet normal 5.344843e-001 -8.451784e-001 0.000000e+000
      outer loop
         vertex 2.788339e+000 -5.312736e+000 1.150000e+001
         vertex 3.408388e+000 -4.937903e+000 1.000000e+000
         vertex 3.408388e+000 -4.937903e+000 1.150000e+001
      endloop
   endfacet
   facet normal 6.007248e-001 -7.994559e-001 0.000000e+000
      outer loop
         vertex 3.408388e+000 -4.937903e+000 1.150000e+001
         vertex 3.408388e+000 -4.937903e+000 1.000000e+000
         vertex 3.978736e+000 -4.491065e+000 1.000000e+000
      endloop
   endfacet
   facet normal 6.324622e-001 -7.745912e-001 0.000000e+000
      outer loop
         vertex 3.408388e+000 -4.937903e+000 1.150000e+001
         vertex 3.978736e+000 -4.491065e+000 1.000000e+000
         vertex 3.978736e+000 -4.491065e+000 1.150000e+001
      endloop
   endfacet
   facet normal 6.915689e-001 -7.223105e-001 0.000000e+000
      outer loop
         vertex 3.978736e+000 -4.491065e+000 1.150000e+001
         vertex 3.978736e+000 -4.491065e+000 1.000000e+000
         vertex 4.472136e+000 -4.000000e+000 7.000000e+000
      endloop
   endfacet
   facet normal 7.201201e-001 -6.938493e-001 0.000000e+000
      outer loop
         vertex 3.978736e+000 -4.491065e+000 1.150000e+001
         vertex 4.472136e+000 -4.000000e+000 7.000000e+000
         vertex 4.491065e+000 -3.978736e+000 1.150000e+001
      endloop
   endfacet
   facet normal 7.474610e-001 -6.643057e-001 0.000000e+000
      outer loop
         vertex 4.491065e+000 -3.978736e+000 1.150000e+001
         vertex 4.472136e+000 -4.000000e+000 7.000000e+000
         vertex 4.491065e+000 -3.978736e+000 7.000000e+000
      endloop
   endfacet
   facet normal 7.745912e-001 -6.324622e-001 0.000000e+000
      outer loop
         vertex 4.491065e+000 -3.978736e+000 1.150000e+001
         vertex 4.491065e+000 -3.978736e+000 7.000000e+000
         vertex 4.937903e+000 -3.408388e+000 7.000000e+000
      endloop
   endfacet
   facet normal -6.915689e-001 -7.223105e-001 0.000000e+000
      outer loop
         vertex -4.472136e+000 -4.000000e+000 7.000000e+000
         vertex -3.978736e+000 -4.491065e+000 1.000000e+000
         vertex -3.978736e+000 -4.491065e+000 1.150000e+001
      endloop
   endfacet
   facet normal -6.324622e-001 -7.745912e-001 0.000000e+000
      outer loop
         vertex -3.978736e+000 -4.491065e+000 1.150000e+001
         vertex -3.978736e+000 -4.491065e+000 1.000000e+000
         vertex -3.408388e+000 -4.937903e+000 1.000000e+000
      endloop
   endfacet
   facet normal -6.007249e-001 -7.994559e-001 0.000000e+000
      outer loop
         vertex -3.978736e+000 -4.491065e+000 1.150000e+001
         vertex -3.408388e+000 -4.937903e+000 1.000000e+000
         vertex -3.408388e+000 -4.937903e+000 1.150000e+001
      endloop
   endfacet
   facet normal -5.344843e-001 -8.451784e-001 0.000000e+000
      outer loop
         vertex -3.408388e+000 -4.937903e+000 1.150000e+001
         vertex -3.408388e+000 -4.937903e+000 1.000000e+000
         vertex -2.788339e+000 -5.312736e+000 1.000000e+000
      endloop
   endfacet
   facet normal -4.999812e-001 -8.660363e-001 0.000000e+000
      outer loop
         vertex -3.408388e+000 -4.937903e+000 1.150000e+001
         vertex -2.788339e+000 -5.312736e+000 1.000000e+000
         vertex -2.788339e+000 -5.312736e+000 1.150000e+001
      endloop
   endfacet
   facet normal -4.287122e-001 -9.034411e-001 0.000000e+000
      outer loop
         vertex -2.788339e+000 -5.312736e+000 1.150000e+001
         vertex -2.788339e+000 -5.312736e+000 1.000000e+000
         vertex -2.127629e+000 -5.610098e+000 1.000000e+000
      endloop
   endfacet
   facet normal -3.919466e-001 -9.199880e-001 0.000000e+000
      outer loop
         vertex -2.788339e+000 -5.312736e+000 1.150000e+001
         vertex -2.127629e+000 -5.610098e+000 1.000000e+000
         vertex -2.127629e+000 -5.610098e+000 1.150000e+001
      endloop
   endfacet
   facet normal -3.166887e-001 -9.485296e-001 0.000000e+000
      outer loop
         vertex -2.127629e+000 -5.610098e+000 1.150000e+001
         vertex -2.127629e+000 -5.610098e+000 1.000000e+000
         vertex -1.435894e+000 -5.825651e+000 1.000000e+000
      endloop
   endfacet
   facet normal -2.781965e-001 -9.605242e-001 0.000000e+000
      outer loop
         vertex -2.127629e+000 -5.610098e+000 1.150000e+001
         vertex -1.435894e+000 -5.825651e+000 1.000000e+000
         vertex -1.435894e+000 -5.825651e+000 1.150000e+001
      endloop
   endfacet
   facet normal -2.151815e-001 -9.765741e-001 0.000000e+000
      outer loop
         vertex -1.435894e+000 -5.825651e+000 1.150000e+001
         vertex -1.435894e+000 -5.825651e+000 1.000000e+000
         vertex -9.990990e-001 -5.916232e+000 8.957560e+000
      endloop
   endfacet
   facet normal -1.905019e-001 -9.816868e-001 0.000000e+000
      outer loop
         vertex -1.435894e+000 -5.825651e+000 1.150000e+001
         vertex -9.990990e-001 -5.916232e+000 8.957560e+000
         vertex -9.919004e-001 -5.917443e+000 9.127018e+000
      endloop
   endfacet
   facet normal -2.151815e-001 9.765741e-001 0.000000e+000
      outer loop
         vertex -9.990990e-001 5.916232e+000 8.957560e+000
         vertex -1.435894e+000 5.825651e+000 1.000000e+000
         vertex -1.435894e+000 5.825651e+000 1.150000e+001
      endloop
   endfacet
   facet normal -2.781965e-001 9.605242e-001 0.000000e+000
      outer loop
         vertex -1.435894e+000 5.825651e+000 1.150000e+001
         vertex -1.435894e+000 5.825651e+000 1.000000e+000
         vertex -2.127629e+000 5.610098e+000 1.000000e+000
      endloop
   endfacet
   facet normal -3.166887e-001 9.485295e-001 0.000000e+000
      outer loop
         vertex -1.435894e+000 5.825651e+000 1.150000e+001
         vertex -2.127629e+000 5.610098e+000 1.000000e+000
         vertex -2.127629e+000 5.610098e+000 1.150000e+001
      endloop
   endfacet
   facet normal -3.919466e-001 9.199880e-001 0.000000e+000
      outer loop
         vertex -2.127629e+000 5.610098e+000 1.150000e+001
         vertex -2.127629e+000 5.610098e+000 1.000000e+000
         vertex -2.788339e+000 5.312736e+000 1.000000e+000
      endloop
   endfacet
   facet normal -4.287122e-001 9.034411e-001 0.000000e+000
      outer loop
         vertex -2.127629e+000 5.610098e+000 1.150000e+001
         vertex -2.788339e+000 5.312736e+000 1.000000e+000
         vertex -2.788339e+000 5.312736e+000 1.150000e+001
      endloop
   endfacet
   facet normal -4.999812e-001 8.660363e-001 0.000000e+000
      outer loop
         vertex -2.788339e+000 5.312736e+000 1.150000e+001
         vertex -2.788339e+000 5.312736e+000 1.000000e+000
         vertex -3.408388e+000 4.937903e+000 1.000000e+000
      endloop
   endfacet
   facet normal -5.344843e-001 8.451784e-001 0.000000e+000
      outer loop
         vertex -2.788339e+000 5.312736e+000 1.150000e+001
         vertex -3.408388e+000 4.937903e+000 1.000000e+000
         vertex -3.408388e+000 4.937903e+000 1.150000e+001
      endloop
   endfacet
   facet normal -6.007248e-001 7.994559e-001 0.000000e+000
      outer loop
         vertex -3.408388e+000 4.937903e+000 1.150000e+001
         vertex -3.408388e+000 4.937903e+000 1.000000e+000
         vertex -3.978736e+000 4.491065e+000 1.000000e+000
      endloop
   endfacet
   facet normal -6.324622e-001 7.745912e-001 0.000000e+000
      outer loop
         vertex -3.408388e+000 4.937903e+000 1.150000e+001
         vertex -3.978736e+000 4.491065e+000 1.000000e+000
         vertex -3.978736e+000 4.491065e+000 1.150000e+001
      endloop
   endfacet
   facet normal -6.915689e-001 7.223105e-001 0.000000e+000
      outer loop
         vertex -3.978736e+000 4.491065e+000 1.150000e+001
         vertex -3.978736e+000 4.491065e+000 1.000000e+000
         vertex -4.472136e+000 4.000000e+000 7.000000e+000
      endloop
   endfacet
   facet normal -7.201201e-001 6.938493e-001 0.000000e+000
      outer loop
         vertex -3.978736e+000 4.491065e+000 1.150000e+001
         vertex -4.472136e+000 4.000000e+000 7.000000e+000
         vertex -4.491065e+000 3.978736e+000 1.150000e+001
      endloop
   endfacet
   facet normal -7.474610e-001 6.643057e-001 0.000000e+000
      outer loop
         vertex -4.491065e+000 3.978736e+000 1.150000e+001
         vertex -4.472136e+000 4.000000e+000 7.000000e+000
         vertex -4.491065e+000 3.978736e+000 7.000000e+000
      endloop
   endfacet
   facet normal -7.745912e-001 6.324622e-001 0.000000e+000
      outer loop
         vertex -4.491065e+000 3.978736e+000 1.150000e+001
         vertex -4.491065e+000 3.978736e+000 7.000000e+000
         vertex -4.937903e+000 3.408388e+000 7.000000e+000
      endloop
   endfacet
   facet normal 6.915689e-001 7.223105e-001 0.000000e+000
      outer loop
         vertex 4.472136e+000 4.000000e+000 7.000000e+000
         vertex 3.978736e+000 4.491065e+000 1.000000e+000
         vertex 3.978736e+000 4.491065e+000 1.150000e+001
      endloop
   endfacet
   facet normal 6.324622e-001 7.745912e-001 0.000000e+000
      outer loop
         vertex 3.978736e+000 4.491065e+000 1.150000e+001
         vertex 3.978736e+000 4.491065e+000 1.000000e+000
         vertex 3.408388e+000 4.937903e+000 1.000000e+000
      endloop
   endfacet
   facet normal 6.007249e-001 7.994559e-001 0.000000e+000
      outer loop
         vertex 3.978736e+000 4.491065e+000 1.150000e+001
         vertex 3.408388e+000 4.937903e+000 1.000000e+000
         vertex 3.408388e+000 4.937903e+000 1.150000e+001
      endloop
   endfacet
   facet normal 5.344843e-001 8.451784e-001 0.000000e+000
      outer loop
         vertex 3.408388e+000 4.937903e+000 1.150000e+001
         vertex 3.408388e+000 4.937903e+000 1.000000e+000
         vertex 2.788339e+000 5.312736e+000 1.000000e+000
      endloop
   endfacet
   facet normal 4.999812e-001 8.660363e-001 0.000000e+000
      outer loop
         vertex 3.408388e+000 4.937903e+000 1.150000e+001
         vertex 2.788339e+000 5.312736e+000 1.000000e+000
         vertex 2.788339e+000 5.312736e+000 1.150000e+001
      endloop
   endfacet
   facet normal 4.287122e-001 9.034411e-001 0.000000e+000
      outer loop
         vertex 2.788339e+000 5.312736e+000 1.150000e+001
         vertex 2.788339e+000 5.312736e+000 1.000000e+000
         vertex 2.127629e+000 5.610098e+000 1.000000e+000
      endloop
   endfacet
   facet normal 3.919466e-001 9.199880e-001 0.000000e+000
      outer loop
         vertex 2.788339e+000 5.312736e+000 1.150000e+001
         vertex 2.127629e+000 5.610098e+000 1.000000e+000
         vertex 2.127629e+000 5.610098e+000 1.150000e+001
      endloop
   endfacet
   facet normal 3.166887e-001 9.485296e-001 0.000000e+000
      outer loop
         vertex 2.127629e+000 5.610098e+000 1.150000e+001
         vertex 2.127629e+000 5.610098e+000 1.000000e+000
         vertex 1.435894e+000 5.825651e+000 1.000000e+000
      endloop
   endfacet
   facet normal 2.781965e-001 9.605242e-001 0.000000e+000
      outer loop
         vertex 2.127629e+000 5.610098e+000 1.150000e+001
         vertex 1.435894e+000 5.825651e+000 1.000000e+000
         vertex 1.435894e+000 5.825651e+000 1.150000e+001
      endloop
   endfacet
   facet normal 2.151815e-001 9.765741e-001 0.000000e+000
      outer loop
         vertex 1.435894e+000 5.825651e+000 1.150000e+001
         vertex 1.435894e+000 5.825651e+000 1.000000e+000
         vertex 9.990990e-001 5.916232e+000 8.957560e+000
      endloop
   endfacet
   facet normal 1.905019e-001 9.816868e-001 0.000000e+000
      outer loop
         vertex 1.435894e+000 5.825651e+000 1.150000e+001
         vertex 9.990990e-001 5.916232e+000 8.957560e+000
         vertex 9.919004e-001 5.917443e+000 9.127018e+000
      endloop
   endfacet
   facet normal -2.829980e-002 -9.995995e-001 0.000000e+000
      outer loop
         vertex 1.273236e-001 2.997297e+000 7.000000e+000
         vertex 1.273236e-001 2.997297e+000 8.008140e+000
         vertex 8.498309e-016 3.000000e+000 8.000000e+000
      endloop
   endfacet
   facet normal 2.826575e-002 -9.996005e-001 0.000000e+000
      outer loop
         vertex 1.273236e-001 2.997297e+000 7.000000e+000
         vertex 8.498309e-016 3.000000e+000 8.000000e+000
         vertex -3.810534e-001 2.975701e+000 7.000000e+000
      endloop
   endfacet
   facet normal 5.187849e-002 -9.986534e-001 0.000000e+000
      outer loop
         vertex 8.498309e-016 3.000000e+000 8.000000e+000
         vertex -8.515745e-002 2.998791e+000 8.003633e+000
         vertex -3.810534e-001 2.975701e+000 7.000000e+000
      endloop
   endfacet
   facet normal 7.064036e-002 -9.975019e-001 0.000000e+000
      outer loop
         vertex -3.810534e-001 2.975701e+000 7.000000e+000
         vertex -8.515745e-002 2.998791e+000 8.003633e+000
         vertex -1.690008e-001 2.995236e+000 8.014383e+000
      endloop
   endfacet
   facet normal 8.912504e-002 -9.960204e-001 0.000000e+000
      outer loop
         vertex -3.810534e-001 2.975701e+000 7.000000e+000
         vertex -1.690008e-001 2.995236e+000 8.014383e+000
         vertex -2.517286e-001 2.989420e+000 8.032202e+000
      endloop
   endfacet
   facet normal -1.942436e-001 -9.809533e-001 0.000000e+000
      outer loop
         vertex 6.279854e-001 2.933436e+000 8.222309e+000
         vertex 4.876949e-001 2.960093e+000 8.126987e+000
         vertex 6.320378e-001 2.932666e+000 7.000000e+000
      endloop
   endfacet
   facet normal -1.615676e-001 -9.868616e-001 0.000000e+000
      outer loop
         vertex 4.876949e-001 2.960093e+000 8.126987e+000
         vertex 3.331398e-001 2.981446e+000 8.057122e+000
         vertex 6.320378e-001 2.932666e+000 7.000000e+000
      endloop
   endfacet
   facet normal -1.354178e-001 -9.907886e-001 0.000000e+000
      outer loop
         vertex 6.320378e-001 2.932666e+000 7.000000e+000
         vertex 3.331398e-001 2.981446e+000 8.057122e+000
         vertex 2.517281e-001 2.989420e+000 8.032202e+000
      endloop
   endfacet
   facet normal -1.126373e-001 -9.936362e-001 0.000000e+000
      outer loop
         vertex 6.320378e-001 2.932666e+000 7.000000e+000
         vertex 2.517281e-001 2.989420e+000 8.032202e+000
         vertex 1.273236e-001 2.997297e+000 7.000000e+000
      endloop
   endfacet
   facet normal -6.090381e-002 -9.981436e-001 0.000000e+000
      outer loop
         vertex 1.273236e-001 2.997297e+000 7.000000e+000
         vertex 2.517281e-001 2.989420e+000 8.032202e+000
         vertex 1.690008e-001 2.995236e+000 8.014383e+000
      endloop
   endfacet
   facet normal -4.707302e-002 -9.988915e-001 0.000000e+000
      outer loop
         vertex 1.273236e-001 2.997297e+000 7.000000e+000
         vertex 1.690008e-001 2.995236e+000 8.014383e+000
         vertex 1.273236e-001 2.997297e+000 8.008140e+000
      endloop
   endfacet
   facet normal -3.131735e-001 -9.496959e-001 0.000000e+000
      outer loop
         vertex 8.039972e-001 2.890258e+000 9.594633e+000
         vertex 8.929259e-001 2.864033e+000 9.450204e+000
         vertex 1.118569e+000 2.783667e+000 1.200000e+001
      endloop
   endfacet
   facet normal -2.655888e-001 -9.640864e-001 0.000000e+000
      outer loop
         vertex 6.320378e-001 2.932666e+000 1.200000e+001
         vertex 6.318805e-001 2.931930e+000 9.770451e+000
         vertex 1.118569e+000 2.783667e+000 1.200000e+001
      endloop
   endfacet
   facet normal -2.721732e-001 -9.622483e-001 0.000000e+000
      outer loop
         vertex 1.118569e+000 2.783667e+000 1.200000e+001
         vertex 6.318805e-001 2.931930e+000 9.770451e+000
         vertex 6.919389e-001 2.919113e+000 9.721956e+000
      endloop
   endfacet
   facet normal -2.910835e-001 -9.566976e-001 0.000000e+000
      outer loop
         vertex 1.118569e+000 2.783667e+000 1.200000e+001
         vertex 6.919389e-001 2.919113e+000 9.721956e+000
         vertex 8.039972e-001 2.890258e+000 9.594633e+000
      endloop
   endfacet
   facet normal -3.299271e-001 -9.440064e-001 0.000000e+000
      outer loop
         vertex 8.929259e-001 2.864033e+000 9.450204e+000
         vertex 9.561667e-001 2.843544e+000 9.292822e+000
         vertex 1.118569e+000 2.783667e+000 1.200000e+001
      endloop
   endfacet
   facet normal -3.392493e-001 -9.406965e-001 0.000000e+000
      outer loop
         vertex 1.118569e+000 2.783667e+000 1.200000e+001
         vertex 9.561667e-001 2.843544e+000 9.292822e+000
         vertex 9.775065e-001 2.836279e+000 9.210905e+000
      endloop
   endfacet
   facet normal -3.431958e-001 -9.392639e-001 0.000000e+000
      outer loop
         vertex 1.118569e+000 2.783667e+000 1.200000e+001
         vertex 9.775065e-001 2.836279e+000 9.210905e+000
         vertex 9.919004e-001 2.831278e+000 9.127018e+000
      endloop
   endfacet
   facet normal -3.463788e-001 -9.380947e-001 0.000000e+000
      outer loop
         vertex 9.991136e-001 2.828740e+000 9.042098e+000
         vertex 9.990990e-001 2.828746e+000 8.957560e+000
         vertex 1.118569e+000 2.783667e+000 7.000000e+000
      endloop
   endfacet
   facet normal -3.455837e-001 -9.383879e-001 0.000000e+000
      outer loop
         vertex 1.118569e+000 2.783667e+000 7.000000e+000
         vertex 9.990990e-001 2.828746e+000 8.957560e+000
         vertex 9.919196e-001 2.831271e+000 8.873132e+000
      endloop
   endfacet
   facet normal -3.432033e-001 -9.392612e-001 0.000000e+000
      outer loop
         vertex 9.919196e-001 2.831271e+000 8.873132e+000
         vertex 9.775553e-001 2.836262e+000 8.789321e+000
         vertex 1.118569e+000 2.783667e+000 7.000000e+000
      endloop
   endfacet
   facet normal -3.392398e-001 -9.406999e-001 0.000000e+000
      outer loop
         vertex 1.118569e+000 2.783667e+000 7.000000e+000
         vertex 9.775553e-001 2.836262e+000 8.789321e+000
         vertex 9.560308e-001 2.843590e+000 8.706734e+000
      endloop
   endfacet
   facet normal -3.337584e-001 -9.426587e-001 0.000000e+000
      outer loop
         vertex 1.118569e+000 2.783667e+000 7.000000e+000
         vertex 9.560308e-001 2.843590e+000 8.706734e+000
         vertex 9.278890e-001 2.852897e+000 8.627144e+000
      endloop
   endfacet
   facet normal -3.222523e-001 -9.466538e-001 0.000000e+000
      outer loop
         vertex 9.278890e-001 2.852897e+000 8.627144e+000
         vertex 8.515291e-001 2.876612e+000 8.475693e+000
         vertex 1.118569e+000 2.783667e+000 7.000000e+000
      endloop
   endfacet
   facet normal -3.027584e-001 -9.530673e-001 0.000000e+000
      outer loop
         vertex 1.118569e+000 2.783667e+000 7.000000e+000
         vertex 8.515291e-001 2.876612e+000 8.475693e+000
         vertex 7.506723e-001 2.904564e+000 8.339325e+000
      endloop
   endfacet
   facet normal -2.786498e-001 -9.603928e-001 0.000000e+000
      outer loop
         vertex 1.118569e+000 2.783667e+000 7.000000e+000
         vertex 7.506723e-001 2.904564e+000 8.339325e+000
         vertex 6.320378e-001 2.932666e+000 7.000000e+000
      endloop
   endfacet
   facet normal -2.239020e-001 -9.746117e-001 0.000000e+000
      outer loop
         vertex 6.320378e-001 2.932666e+000 7.000000e+000
         vertex 7.506723e-001 2.904564e+000 8.339325e+000
         vertex 6.320378e-001 2.932666e+000 8.225063e+000
      endloop
   endfacet
   facet normal -2.102313e-001 -9.776517e-001 0.000000e+000
      outer loop
         vertex 6.320378e-001 2.932666e+000 7.000000e+000
         vertex 6.320378e-001 2.932666e+000 8.225063e+000
         vertex 6.279854e-001 2.933436e+000 8.222309e+000
      endloop
   endfacet
   facet normal -1.531555e-001 -9.882021e-001 0.000000e+000
      outer loop
         vertex 3.332013e-001 2.981439e+000 9.942856e+000
         vertex 4.119012e-001 2.971588e+000 9.911229e+000
         vertex 6.320378e-001 2.932666e+000 1.200000e+001
      endloop
   endfacet
   facet normal -1.782984e-001 -9.839765e-001 0.000000e+000
      outer loop
         vertex 6.320378e-001 2.932666e+000 1.200000e+001
         vertex 4.119012e-001 2.971588e+000 9.911229e+000
         vertex 5.599748e-001 2.947275e+000 9.828509e+000
      endloop
   endfacet
   facet normal -2.026859e-001 -9.792438e-001 0.000000e+000
      outer loop
         vertex 6.320378e-001 2.932666e+000 1.200000e+001
         vertex 5.599748e-001 2.947275e+000 9.828509e+000
         vertex 6.318805e-001 2.931930e+000 9.770451e+000
      endloop
   endfacet
   facet normal -4.723644e-003 -9.999889e-001 0.000000e+000
      outer loop
         vertex -2.284471e-005 3.000000e+000 1.000000e+001
         vertex 1.273236e-001 2.997297e+000 1.200000e+001
         vertex -8.480593e-002 2.998801e+000 9.996397e+000
      endloop
   endfacet
   facet normal 3.770649e-002 -9.992889e-001 0.000000e+000
      outer loop
         vertex -8.480593e-002 2.998801e+000 9.996397e+000
         vertex 1.273236e-001 2.997297e+000 1.200000e+001
         vertex -3.810534e-001 2.975701e+000 1.200000e+001
      endloop
   endfacet
   facet normal 7.060528e-002 -9.975044e-001 0.000000e+000
      outer loop
         vertex -8.480593e-002 2.998801e+000 9.996397e+000
         vertex -3.810534e-001 2.975701e+000 1.200000e+001
         vertex -1.690359e-001 2.995234e+000 9.985610e+000
      endloop
   endfacet
   facet normal 8.915663e-002 -9.960176e-001 0.000000e+000
      outer loop
         vertex -1.690359e-001 2.995234e+000 9.985610e+000
         vertex -3.810534e-001 2.975701e+000 1.200000e+001
         vertex -2.519780e-001 2.989399e+000 9.967733e+000
      endloop
   endfacet
   facet normal -2.357108e-002 -9.997222e-001 0.000000e+000
      outer loop
         vertex -2.284471e-005 3.000000e+000 1.000000e+001
         vertex 8.480593e-002 2.998801e+000 9.996397e+000
         vertex 1.273236e-001 2.997297e+000 1.200000e+001
      endloop
   endfacet
   facet normal -3.771786e-002 -9.992884e-001 0.000000e+000
      outer loop
         vertex 1.273236e-001 2.997297e+000 1.200000e+001
         vertex 8.480593e-002 2.998801e+000 9.996397e+000
         vertex 1.273236e-001 2.997297e+000 9.991861e+000
      endloop
   endfacet
   facet normal -9.883699e-002 -9.951036e-001 0.000000e+000
      outer loop
         vertex 1.273236e-001 2.997297e+000 1.200000e+001
         vertex 1.273236e-001 2.997297e+000 9.991861e+000
         vertex 6.320378e-001 2.932666e+000 1.200000e+001
      endloop
   endfacet
   facet normal -1.126650e-001 -9.936330e-001 0.000000e+000
      outer loop
         vertex 6.320378e-001 2.932666e+000 1.200000e+001
         vertex 1.273236e-001 2.997297e+000 9.991861e+000
         vertex 2.519780e-001 2.989399e+000 9.967733e+000
      endloop
   endfacet
   facet normal -1.354522e-001 -9.907839e-001 0.000000e+000
      outer loop
         vertex 6.320378e-001 2.932666e+000 1.200000e+001
         vertex 2.519780e-001 2.989399e+000 9.967733e+000
         vertex 3.332013e-001 2.981439e+000 9.942856e+000
      endloop
   endfacet
   facet normal 2.639152e-001 -9.645459e-001 0.000000e+000
      outer loop
         vertex -8.784683e-001 2.868500e+000 1.200000e+001
         vertex -8.039972e-001 2.890258e+000 9.594633e+000
         vertex -6.919389e-001 2.919113e+000 9.721956e+000
      endloop
   endfacet
   facet normal 2.369480e-001 -9.715223e-001 0.000000e+000
      outer loop
         vertex -6.919389e-001 2.919113e+000 9.721956e+000
         vertex -5.599748e-001 2.947275e+000 9.828509e+000
         vertex -8.784683e-001 2.868500e+000 1.200000e+001
      endloop
   endfacet
   facet normal 2.060503e-001 -9.785414e-001 0.000000e+000
      outer loop
         vertex -8.784683e-001 2.868500e+000 1.200000e+001
         vertex -5.599748e-001 2.947275e+000 9.828509e+000
         vertex -4.119012e-001 2.971588e+000 9.911229e+000
      endloop
   endfacet
   facet normal 1.862759e-001 -9.824975e-001 0.000000e+000
      outer loop
         vertex -8.784683e-001 2.868500e+000 1.200000e+001
         vertex -4.119012e-001 2.971588e+000 9.911229e+000
         vertex -3.810534e-001 2.975701e+000 1.200000e+001
      endloop
   endfacet
   facet normal 1.304469e-001 -9.914553e-001 0.000000e+000
      outer loop
         vertex -3.810534e-001 2.975701e+000 1.200000e+001
         vertex -4.119012e-001 2.971588e+000 9.911229e+000
         vertex -3.810534e-001 2.975701e+000 9.924553e+000
      endloop
   endfacet
   facet normal 1.126996e-001 -9.936291e-001 0.000000e+000
      outer loop
         vertex -3.810534e-001 2.975701e+000 1.200000e+001
         vertex -3.810534e-001 2.975701e+000 9.924553e+000
         vertex -2.519780e-001 2.989399e+000 9.967733e+000
      endloop
   endfacet
   facet normal 3.463920e-001 -9.380898e-001 0.000000e+000
      outer loop
         vertex -8.784683e-001 2.868500e+000 7.000000e+000
         vertex -8.783965e-001 2.868268e+000 8.528981e+000
         vertex -1.350611e+000 2.678777e+000 7.000000e+000
      endloop
   endfacet
   facet normal 3.517977e-001 -9.360761e-001 0.000000e+000
      outer loop
         vertex -1.350611e+000 2.678777e+000 7.000000e+000
         vertex -8.783965e-001 2.868268e+000 8.528981e+000
         vertex -9.278890e-001 2.852897e+000 8.627144e+000
      endloop
   endfacet
   facet normal 3.719765e-001 -9.282421e-001 0.000000e+000
      outer loop
         vertex -9.919134e-001 2.831273e+000 8.873083e+000
         vertex -9.990990e-001 2.828746e+000 8.957560e+000
         vertex -1.350611e+000 2.678777e+000 7.000000e+000
      endloop
   endfacet
   facet normal 3.602689e-001 -9.328485e-001 0.000000e+000
      outer loop
         vertex -9.278890e-001 2.852897e+000 8.627144e+000
         vertex -9.560498e-001 2.843584e+000 8.706796e+000
         vertex -1.350611e+000 2.678777e+000 7.000000e+000
      endloop
   endfacet
   facet normal 3.656978e-001 -9.307337e-001 0.000000e+000
      outer loop
         vertex -1.350611e+000 2.678777e+000 7.000000e+000
         vertex -9.560498e-001 2.843584e+000 8.706796e+000
         vertex -9.775553e-001 2.836262e+000 8.789321e+000
      endloop
   endfacet
   facet normal 3.696198e-001 -9.291831e-001 0.000000e+000
      outer loop
         vertex -1.350611e+000 2.678777e+000 7.000000e+000
         vertex -9.775553e-001 2.836262e+000 8.789321e+000
         vertex -9.919134e-001 2.831273e+000 8.873083e+000
      endloop
   endfacet
   facet normal 3.719762e-001 -9.282423e-001 0.000000e+000
      outer loop
         vertex -9.991094e-001 2.828742e+000 9.042193e+000
         vertex -9.919004e-001 2.831278e+000 9.127018e+000
         vertex -1.350611e+000 2.678777e+000 1.200000e+001
      endloop
   endfacet
   facet normal 3.696135e-001 -9.291856e-001 0.000000e+000
      outer loop
         vertex -1.350611e+000 2.678777e+000 1.200000e+001
         vertex -9.919004e-001 2.831278e+000 9.127018e+000
         vertex -9.775108e-001 2.836278e+000 9.210885e+000
      endloop
   endfacet
   facet normal 3.657057e-001 -9.307305e-001 0.000000e+000
      outer loop
         vertex -9.775108e-001 2.836278e+000 9.210885e+000
         vertex -9.561667e-001 2.843544e+000 9.292822e+000
         vertex -1.350611e+000 2.678777e+000 1.200000e+001
      endloop
   endfacet
   facet normal 3.564722e-001 -9.343060e-001 0.000000e+000
      outer loop
         vertex -1.350611e+000 2.678777e+000 1.200000e+001
         vertex -9.561667e-001 2.843544e+000 9.292822e+000
         vertex -8.929259e-001 2.864033e+000 9.450204e+000
      endloop
   endfacet
   facet normal 3.479715e-001 -9.375051e-001 0.000000e+000
      outer loop
         vertex -1.350611e+000 2.678777e+000 1.200000e+001
         vertex -8.929259e-001 2.864033e+000 9.450204e+000
         vertex -8.784683e-001 2.868500e+000 1.200000e+001
      endloop
   endfacet
   facet normal 2.944302e-001 -9.556730e-001 0.000000e+000
      outer loop
         vertex -8.784683e-001 2.868500e+000 1.200000e+001
         vertex -8.929259e-001 2.864033e+000 9.450204e+000
         vertex -8.784125e-001 2.868313e+000 9.473775e+000
      endloop
   endfacet
   facet normal 2.845695e-001 -9.586554e-001 0.000000e+000
      outer loop
         vertex -8.784683e-001 2.868500e+000 1.200000e+001
         vertex -8.784125e-001 2.868313e+000 9.473775e+000
         vertex -8.039972e-001 2.890258e+000 9.594633e+000
      endloop
   endfacet
   facet normal 2.509733e-001 -9.679940e-001 0.000000e+000
      outer loop
         vertex -6.282200e-001 2.933486e+000 8.221964e+000
         vertex -7.506723e-001 2.904564e+000 8.339325e+000
         vertex -8.784683e-001 2.868500e+000 7.000000e+000
      endloop
   endfacet
   facet normal 2.756800e-001 -9.612495e-001 0.000000e+000
      outer loop
         vertex -8.784683e-001 2.868500e+000 7.000000e+000
         vertex -7.506723e-001 2.904564e+000 8.339325e+000
         vertex -8.515291e-001 2.876612e+000 8.475693e+000
      endloop
   endfacet
   facet normal 2.898323e-001 -9.570774e-001 0.000000e+000
      outer loop
         vertex -8.784683e-001 2.868500e+000 7.000000e+000
         vertex -8.515291e-001 2.876612e+000 8.475693e+000
         vertex -8.783965e-001 2.868268e+000 8.528981e+000
      endloop
   endfacet
   facet normal 1.073418e-001 -9.942222e-001 0.000000e+000
      outer loop
         vertex -2.517286e-001 2.989420e+000 8.032202e+000
         vertex -3.331398e-001 2.981446e+000 8.057122e+000
         vertex -3.810534e-001 2.975701e+000 7.000000e+000
      endloop
   endfacet
   facet normal 1.216967e-001 -9.925673e-001 0.000000e+000
      outer loop
         vertex -3.810534e-001 2.975701e+000 7.000000e+000
         vertex -3.331398e-001 2.981446e+000 8.057122e+000
         vertex -3.809353e-001 2.974843e+000 8.078728e+000
      endloop
   endfacet
   facet normal 1.828707e-001 -9.831370e-001 0.000000e+000
      outer loop
         vertex -3.810534e-001 2.975701e+000 7.000000e+000
         vertex -3.809353e-001 2.974843e+000 8.078728e+000
         vertex -8.784683e-001 2.868500e+000 7.000000e+000
      endloop
   endfacet
   facet normal 1.946536e-001 -9.808720e-001 0.000000e+000
      outer loop
         vertex -8.784683e-001 2.868500e+000 7.000000e+000
         vertex -3.809353e-001 2.974843e+000 8.078728e+000
         vertex -4.876949e-001 2.960093e+000 8.126987e+000
      endloop
   endfacet
   facet normal 2.219387e-001 -9.750606e-001 0.000000e+000
      outer loop
         vertex -8.784683e-001 2.868500e+000 7.000000e+000
         vertex -4.876949e-001 2.960093e+000 8.126987e+000
         vertex -6.282200e-001 2.933486e+000 8.221964e+000
      endloop
   endfacet
   facet normal 1.072729e-001 9.942296e-001 0.000000e+000
      outer loop
         vertex -3.324471e-001 -2.980857e+000 8.059194e+000
         vertex -2.517281e-001 -2.989420e+000 8.032202e+000
         vertex -3.810534e-001 -2.975701e+000 7.000000e+000
      endloop
   endfacet
   facet normal -4.687908e-003 9.999890e-001 0.000000e+000
      outer loop
         vertex -5.510910e-016 -3.000000e+000 8.000000e+000
         vertex 1.273236e-001 -2.997297e+000 7.000000e+000
         vertex -8.515032e-002 -2.998791e+000 8.003632e+000
      endloop
   endfacet
   facet normal 3.774483e-002 9.992874e-001 0.000000e+000
      outer loop
         vertex -8.515032e-002 -2.998791e+000 8.003632e+000
         vertex 1.273236e-001 -2.997297e+000 7.000000e+000
         vertex -3.810534e-001 -2.975701e+000 7.000000e+000
      endloop
   endfacet
   facet normal 7.063957e-002 9.975019e-001 0.000000e+000
      outer loop
         vertex -8.515032e-002 -2.998791e+000 8.003632e+000
         vertex -3.810534e-001 -2.975701e+000 7.000000e+000
         vertex -1.690008e-001 -2.995236e+000 8.014383e+000
      endloop
   endfacet
   facet normal 8.912498e-002 9.960204e-001 0.000000e+000
      outer loop
         vertex -1.690008e-001 -2.995236e+000 8.014383e+000
         vertex -3.810534e-001 -2.975701e+000 7.000000e+000
         vertex -2.517281e-001 -2.989420e+000 8.032202e+000
      endloop
   endfacet
   facet normal 2.756800e-001 9.612495e-001 0.000000e+000
      outer loop
         vertex -8.784683e-001 -2.868500e+000 7.000000e+000
         vertex -8.515291e-001 -2.876612e+000 8.475693e+000
         vertex -7.506723e-001 -2.904564e+000 8.339325e+000
      endloop
   endfacet
   facet normal 2.509733e-001 9.679940e-001 0.000000e+000
      outer loop
         vertex -7.506723e-001 -2.904564e+000 8.339325e+000
         vertex -6.282200e-001 -2.933486e+000 8.221964e+000
         vertex -8.784683e-001 -2.868500e+000 7.000000e+000
      endloop
   endfacet
   facet normal 2.219387e-001 9.750606e-001 0.000000e+000
      outer loop
         vertex -8.784683e-001 -2.868500e+000 7.000000e+000
         vertex -6.282200e-001 -2.933486e+000 8.221964e+000
         vertex -4.876949e-001 -2.960093e+000 8.126987e+000
      endloop
   endfacet
   facet normal 1.946545e-001 9.808719e-001 0.000000e+000
      outer loop
         vertex -8.784683e-001 -2.868500e+000 7.000000e+000
         vertex -4.876949e-001 -2.960093e+000 8.126987e+000
         vertex -3.810534e-001 -2.975701e+000 7.000000e+000
      endloop
   endfacet
   facet normal 1.388868e-001 9.903083e-001 0.000000e+000
      outer loop
         vertex -3.810534e-001 -2.975701e+000 7.000000e+000
         vertex -4.876949e-001 -2.960093e+000 8.126987e+000
         vertex -3.810534e-001 -2.975701e+000 8.075447e+000
      endloop
   endfacet
   facet normal 1.216289e-001 9.925756e-001 0.000000e+000
      outer loop
         vertex -3.810534e-001 -2.975701e+000 7.000000e+000
         vertex -3.810534e-001 -2.975701e+000 8.075447e+000
         vertex -3.324471e-001 -2.980857e+000 8.059194e+000
      endloop
   endfacet
   facet normal 3.463923e-001 9.380898e-001 0.000000e+000
      outer loop
         vertex -8.784683e-001 -2.868500e+000 1.200000e+001
         vertex -8.784125e-001 -2.868313e+000 9.473775e+000
         vertex -1.350611e+000 -2.678777e+000 1.200000e+001
      endloop
   endfacet
   facet normal 3.479716e-001 9.375051e-001 0.000000e+000
      outer loop
         vertex -1.350611e+000 -2.678777e+000 1.200000e+001
         vertex -8.784125e-001 -2.868313e+000 9.473775e+000
         vertex -8.929259e-001 -2.864033e+000 9.450204e+000
      endloop
   endfacet
   facet normal 3.564722e-001 9.343060e-001 0.000000e+000
      outer loop
         vertex -8.929259e-001 -2.864033e+000 9.450204e+000
         vertex -9.561667e-001 -2.843544e+000 9.292822e+000
         vertex -1.350611e+000 -2.678777e+000 1.200000e+001
      endloop
   endfacet
   facet normal 3.657053e-001 9.307307e-001 0.000000e+000
      outer loop
         vertex -1.350611e+000 -2.678777e+000 1.200000e+001
         vertex -9.561667e-001 -2.843544e+000 9.292822e+000
         vertex -9.775065e-001 -2.836279e+000 9.210905e+000
      endloop
   endfacet
   facet normal 3.696130e-001 9.291858e-001 0.000000e+000
      outer loop
         vertex -1.350611e+000 -2.678777e+000 1.200000e+001
         vertex -9.775065e-001 -2.836279e+000 9.210905e+000
         vertex -9.919004e-001 -2.831278e+000 9.127018e+000
      endloop
   endfacet
   facet normal 3.727642e-001 9.279261e-001 0.000000e+000
      outer loop
         vertex -9.991136e-001 -2.828740e+000 9.042098e+000
         vertex -9.990990e-001 -2.828746e+000 8.957560e+000
         vertex -1.350611e+000 -2.678777e+000 7.000000e+000
      endloop
   endfacet
   facet normal 3.719771e-001 9.282418e-001 0.000000e+000
      outer loop
         vertex -1.350611e+000 -2.678777e+000 7.000000e+000
         vertex -9.990990e-001 -2.828746e+000 8.957560e+000
         vertex -9.919196e-001 -2.831271e+000 8.873132e+000
      endloop
   endfacet
   facet normal 3.696205e-001 9.291828e-001 0.000000e+000
      outer loop
         vertex -1.350611e+000 -2.678777e+000 7.000000e+000
         vertex -9.919196e-001 -2.831271e+000 8.873132e+000
         vertex -9.775553e-001 -2.836262e+000 8.789321e+000
      endloop
   endfacet
   facet normal 3.656958e-001 9.307345e-001 0.000000e+000
      outer loop
         vertex -9.775553e-001 -2.836262e+000 8.789321e+000
         vertex -9.560308e-001 -2.843590e+000 8.706734e+000
         vertex -1.350611e+000 -2.678777e+000 7.000000e+000
      endloop
   endfacet
   facet normal 3.602668e-001 9.328492e-001 0.000000e+000
      outer loop
         vertex -1.350611e+000 -2.678777e+000 7.000000e+000
         vertex -9.560308e-001 -2.843590e+000 8.706734e+000
         vertex -9.278890e-001 -2.852897e+000 8.627144e+000
      endloop
   endfacet
   facet normal 3.517978e-001 9.360760e-001 0.000000e+000
      outer loop
         vertex -1.350611e+000 -2.678777e+000 7.000000e+000
         vertex -9.278890e-001 -2.852897e+000 8.627144e+000
         vertex -8.784683e-001 -2.868500e+000 7.000000e+000
      endloop
   endfacet
   facet normal 2.983238e-001 9.544648e-001 0.000000e+000
      outer loop
         vertex -8.784683e-001 -2.868500e+000 7.000000e+000
         vertex -9.278890e-001 -2.852897e+000 8.627144e+000
         vertex -8.783965e-001 -2.868268e+000 8.528981e+000
      endloop
   endfacet
   facet normal 2.898323e-001 9.570774e-001 0.000000e+000
      outer loop
         vertex -8.784683e-001 -2.868500e+000 7.000000e+000
         vertex -8.783965e-001 -2.868268e+000 8.528981e+000
         vertex -8.515291e-001 -2.876612e+000 8.475693e+000
      endloop
   endfacet
   facet normal 2.369480e-001 9.715223e-001 0.000000e+000
      outer loop
         vertex -5.599748e-001 -2.947275e+000 9.828509e+000
         vertex -6.919389e-001 -2.919113e+000 9.721956e+000
         vertex -8.784683e-001 -2.868500e+000 1.200000e+001
      endloop
   endfacet
   facet normal 2.639152e-001 9.645459e-001 0.000000e+000
      outer loop
         vertex -8.784683e-001 -2.868500e+000 1.200000e+001
         vertex -6.919389e-001 -2.919113e+000 9.721956e+000
         vertex -8.039972e-001 -2.890258e+000 9.594633e+000
      endloop
   endfacet
   facet normal 2.845695e-001 9.586554e-001 0.000000e+000
      outer loop
         vertex -8.784683e-001 -2.868500e+000 1.200000e+001
         vertex -8.039972e-001 -2.890258e+000 9.594633e+000
         vertex -8.784125e-001 -2.868313e+000 9.473775e+000
      endloop
   endfacet
   facet normal 8.917288e-002 9.960162e-001 0.000000e+000
      outer loop
         vertex -1.691824e-001 -2.995226e+000 9.985585e+000
         vertex -2.519780e-001 -2.989399e+000 9.967733e+000
         vertex -3.810534e-001 -2.975701e+000 1.200000e+001
      endloop
   endfacet
   facet normal 1.126996e-001 9.936291e-001 0.000000e+000
      outer loop
         vertex -3.810534e-001 -2.975701e+000 1.200000e+001
         vertex -2.519780e-001 -2.989399e+000 9.967733e+000
         vertex -3.810534e-001 -2.975701e+000 9.924553e+000
      endloop
   endfacet
   facet normal 1.828716e-001 9.831368e-001 0.000000e+000
      outer loop
         vertex -3.810534e-001 -2.975701e+000 1.200000e+001
         vertex -3.810534e-001 -2.975701e+000 9.924553e+000
         vertex -8.784683e-001 -2.868500e+000 1.200000e+001
      endloop
   endfacet
   facet normal 1.862759e-001 9.824975e-001 0.000000e+000
      outer loop
         vertex -8.784683e-001 -2.868500e+000 1.200000e+001
         vertex -3.810534e-001 -2.975701e+000 9.924553e+000
         vertex -4.119012e-001 -2.971588e+000 9.911229e+000
      endloop
   endfacet
   facet normal 2.060503e-001 9.785414e-001 0.000000e+000
      outer loop
         vertex -8.784683e-001 -2.868500e+000 1.200000e+001
         vertex -4.119012e-001 -2.971588e+000 9.911229e+000
         vertex -5.599748e-001 -2.947275e+000 9.828509e+000
      endloop
   endfacet
   facet normal -2.356518e-002 9.997223e-001 0.000000e+000
      outer loop
         vertex 8.469016e-002 -2.998202e+000 9.994587e+000
         vertex 2.284471e-005 -3.000000e+000 1.000000e+001
         vertex 1.273236e-001 -2.997297e+000 1.200000e+001
      endloop
   endfacet
   facet normal 2.826320e-002 9.996005e-001 0.000000e+000
      outer loop
         vertex 1.273236e-001 -2.997297e+000 1.200000e+001
         vertex 2.284471e-005 -3.000000e+000 1.000000e+001
         vertex -3.810534e-001 -2.975701e+000 1.200000e+001
      endloop
   endfacet
   facet normal 5.183689e-002 9.986556e-001 0.000000e+000
      outer loop
         vertex -3.810534e-001 -2.975701e+000 1.200000e+001
         vertex 2.284471e-005 -3.000000e+000 1.000000e+001
         vertex -8.480593e-002 -2.998801e+000 9.996397e+000
      endloop
   endfacet
   facet normal 7.062156e-002 9.975032e-001 0.000000e+000
      outer loop
         vertex -3.810534e-001 -2.975701e+000 1.200000e+001
         vertex -8.480593e-002 -2.998801e+000 9.996397e+000
         vertex -1.691824e-001 -2.995226e+000 9.985585e+000
      endloop
   endfacet
   facet normal -1.782984e-001 9.839765e-001 0.000000e+000
      outer loop
         vertex 6.320378e-001 -2.932666e+000 1.200000e+001
         vertex 5.599748e-001 -2.947275e+000 9.828509e+000
         vertex 4.119012e-001 -2.971588e+000 9.911229e+000
      endloop
   endfacet
   facet normal -1.531552e-001 9.882022e-001 0.000000e+000
      outer loop
         vertex 4.119012e-001 -2.971588e+000 9.911229e+000
         vertex 3.331985e-001 -2.981439e+000 9.942857e+000
         vertex 6.320378e-001 -2.932666e+000 1.200000e+001
      endloop
   endfacet
   facet normal -1.354519e-001 9.907839e-001 0.000000e+000
      outer loop
         vertex 6.320378e-001 -2.932666e+000 1.200000e+001
         vertex 3.331985e-001 -2.981439e+000 9.942857e+000
         vertex 2.519780e-001 -2.989399e+000 9.967733e+000
      endloop
   endfacet
   facet normal -1.126650e-001 9.936330e-001 0.000000e+000
      outer loop
         vertex 6.320378e-001 -2.932666e+000 1.200000e+001
         vertex 2.519780e-001 -2.989399e+000 9.967733e+000
         vertex 1.273236e-001 -2.997297e+000 1.200000e+001
      endloop
   endfacet
   facet normal -5.630254e-002 9.984137e-001 0.000000e+000
      outer loop
         vertex 1.273236e-001 -2.997297e+000 1.200000e+001
         vertex 2.519780e-001 -2.989399e+000 9.967733e+000
         vertex 1.273236e-001 -2.997297e+000 9.991861e+000
      endloop
   endfacet
   facet normal -3.770689e-002 9.992889e-001 0.000000e+000
      outer loop
         vertex 1.273236e-001 -2.997297e+000 1.200000e+001
         vertex 1.273236e-001 -2.997297e+000 9.991861e+000
         vertex 8.469016e-002 -2.998202e+000 9.994587e+000
      endloop
   endfacet
   facet normal -3.299271e-001 9.440064e-001 0.000000e+000
      outer loop
         vertex 9.561667e-001 -2.843544e+000 9.292822e+000
         vertex 8.929259e-001 -2.864033e+000 9.450204e+000
         vertex 1.118569e+000 -2.783667e+000 1.200000e+001
      endloop
   endfacet
   facet normal -2.655885e-001 9.640865e-001 0.000000e+000
      outer loop
         vertex 1.118569e+000 -2.783667e+000 7.000000e+000
         vertex 6.320378e-001 -2.932666e+000 7.000000e+000
         vertex 6.320198e-001 -2.932588e+000 8.225606e+000
      endloop
   endfacet
   facet normal -2.786496e-001 9.603929e-001 0.000000e+000
      outer loop
         vertex 6.320198e-001 -2.932588e+000 8.225606e+000
         vertex 7.506723e-001 -2.904564e+000 8.339325e+000
         vertex 1.118569e+000 -2.783667e+000 7.000000e+000
      endloop
   endfacet
   facet normal -3.027584e-001 9.530673e-001 0.000000e+000
      outer loop
         vertex 1.118569e+000 -2.783667e+000 7.000000e+000
         vertex 7.506723e-001 -2.904564e+000 8.339325e+000
         vertex 8.515291e-001 -2.876612e+000 8.475693e+000
      endloop
   endfacet
   facet normal -3.222523e-001 9.466538e-001 0.000000e+000
      outer loop
         vertex 1.118569e+000 -2.783667e+000 7.000000e+000
         vertex 8.515291e-001 -2.876612e+000 8.475693e+000
         vertex 9.278890e-001 -2.852897e+000 8.627144e+000
      endloop
   endfacet
   facet normal -3.455830e-001 9.383882e-001 0.000000e+000
      outer loop
         vertex 9.919134e-001 -2.831273e+000 8.873083e+000
         vertex 9.990990e-001 -2.828746e+000 8.957560e+000
         vertex 1.118569e+000 -2.783667e+000 7.000000e+000
      endloop
   endfacet
   facet normal -3.337605e-001 9.426579e-001 0.000000e+000
      outer loop
         vertex 9.278890e-001 -2.852897e+000 8.627144e+000
         vertex 9.560498e-001 -2.843584e+000 8.706796e+000
         vertex 1.118569e+000 -2.783667e+000 7.000000e+000
      endloop
   endfacet
   facet normal -3.392418e-001 9.406992e-001 0.000000e+000
      outer loop
         vertex 1.118569e+000 -2.783667e+000 7.000000e+000
         vertex 9.560498e-001 -2.843584e+000 8.706796e+000
         vertex 9.775553e-001 -2.836262e+000 8.789321e+000
      endloop
   endfacet
   facet normal -3.432026e-001 9.392614e-001 0.000000e+000
      outer loop
         vertex 1.118569e+000 -2.783667e+000 7.000000e+000
         vertex 9.775553e-001 -2.836262e+000 8.789321e+000
         vertex 9.919134e-001 -2.831273e+000 8.873083e+000
      endloop
   endfacet
   facet normal -3.455828e-001 9.383883e-001 0.000000e+000
      outer loop
         vertex 9.991094e-001 -2.828742e+000 9.042193e+000
         vertex 9.919004e-001 -2.831278e+000 9.127018e+000
         vertex 1.118569e+000 -2.783667e+000 1.200000e+001
      endloop
   endfacet
   facet normal -3.431963e-001 9.392638e-001 0.000000e+000
      outer loop
         vertex 1.118569e+000 -2.783667e+000 1.200000e+001
         vertex 9.919004e-001 -2.831278e+000 9.127018e+000
         vertex 9.775108e-001 -2.836278e+000 9.210885e+000
      endloop
   endfacet
   facet normal -3.392498e-001 9.406963e-001 0.000000e+000
      outer loop
         vertex 1.118569e+000 -2.783667e+000 1.200000e+001
         vertex 9.775108e-001 -2.836278e+000 9.210885e+000
         vertex 9.561667e-001 -2.843544e+000 9.292822e+000
      endloop
   endfacet
   facet normal -3.131735e-001 9.496959e-001 0.000000e+000
      outer loop
         vertex 8.929259e-001 -2.864033e+000 9.450204e+000
         vertex 8.039972e-001 -2.890258e+000 9.594633e+000
         vertex 1.118569e+000 -2.783667e+000 1.200000e+001
      endloop
   endfacet
   facet normal -2.910835e-001 9.566976e-001 0.000000e+000
      outer loop
         vertex 1.118569e+000 -2.783667e+000 1.200000e+001
         vertex 8.039972e-001 -2.890258e+000 9.594633e+000
         vertex 6.919389e-001 -2.919113e+000 9.721956e+000
      endloop
   endfacet
   facet normal -2.721731e-001 9.622483e-001 0.000000e+000
      outer loop
         vertex 1.118569e+000 -2.783667e+000 1.200000e+001
         vertex 6.919389e-001 -2.919113e+000 9.721956e+000
         vertex 6.320378e-001 -2.932666e+000 1.200000e+001
      endloop
   endfacet
   facet normal -2.173452e-001 9.760948e-001 0.000000e+000
      outer loop
         vertex 6.320378e-001 -2.932666e+000 1.200000e+001
         vertex 6.919389e-001 -2.919113e+000 9.721956e+000
         vertex 6.318805e-001 -2.931930e+000 9.770451e+000
      endloop
   endfacet
   facet normal -2.026859e-001 9.792438e-001 0.000000e+000
      outer loop
         vertex 6.320378e-001 -2.932666e+000 1.200000e+001
         vertex 6.318805e-001 -2.931930e+000 9.770451e+000
         vertex 5.599748e-001 -2.947275e+000 9.828509e+000
      endloop
   endfacet
   facet normal -1.615676e-001 9.868616e-001 0.000000e+000
      outer loop
         vertex 3.331398e-001 -2.981446e+000 8.057122e+000
         vertex 4.876949e-001 -2.960093e+000 8.126987e+000
         vertex 6.320378e-001 -2.932666e+000 7.000000e+000
      endloop
   endfacet
   facet normal -1.942674e-001 9.809486e-001 0.000000e+000
      outer loop
         vertex 6.320378e-001 -2.932666e+000 7.000000e+000
         vertex 4.876949e-001 -2.960093e+000 8.126987e+000
         vertex 6.282200e-001 -2.933486e+000 8.221964e+000
      endloop
   endfacet
   facet normal -2.102550e-001 9.776466e-001 0.000000e+000
      outer loop
         vertex 6.320378e-001 -2.932666e+000 7.000000e+000
         vertex 6.282200e-001 -2.933486e+000 8.221964e+000
         vertex 6.320198e-001 -2.932588e+000 8.225606e+000
      endloop
   endfacet
   facet normal -2.829980e-002 9.995995e-001 0.000000e+000
      outer loop
         vertex -5.510910e-016 -3.000000e+000 8.000000e+000
         vertex 1.273236e-001 -2.997297e+000 8.008140e+000
         vertex 1.273236e-001 -2.997297e+000 7.000000e+000
      endloop
   endfacet
   facet normal -4.703897e-002 9.988931e-001 0.000000e+000
      outer loop
         vertex 1.273236e-001 -2.997297e+000 7.000000e+000
         vertex 1.273236e-001 -2.997297e+000 8.008140e+000
         vertex 1.686622e-001 -2.994680e+000 8.016134e+000
      endloop
   endfacet
   facet normal -1.034237e-001 9.946374e-001 0.000000e+000
      outer loop
         vertex 1.273236e-001 -2.997297e+000 7.000000e+000
         vertex 1.686622e-001 -2.994680e+000 8.016134e+000
         vertex 6.320378e-001 -2.932666e+000 7.000000e+000
      endloop
   endfacet
   facet normal -1.172106e-001 9.931071e-001 0.000000e+000
      outer loop
         vertex 6.320378e-001 -2.932666e+000 7.000000e+000
         vertex 1.686622e-001 -2.994680e+000 8.016134e+000
         vertex 2.517286e-001 -2.989420e+000 8.032202e+000
      endloop
   endfacet
   facet normal -1.354178e-001 9.907886e-001 0.000000e+000
      outer loop
         vertex 6.320378e-001 -2.932666e+000 7.000000e+000
         vertex 2.517286e-001 -2.989420e+000 8.032202e+000
         vertex 3.331398e-001 -2.981446e+000 8.057122e+000
      endloop
   endfacet
   facet normal 3.727638e-001 -9.279263e-001 0.000000e+000
      outer loop
         vertex -9.990990e-001 2.828746e+000 8.957560e+000
         vertex -9.991094e-001 2.828742e+000 9.042193e+000
         vertex -1.350611e+000 2.678777e+000 7.000000e+000
      endloop
   endfacet
   facet normal 4.118913e-001 -9.112329e-001 0.000000e+000
      outer loop
         vertex -1.350611e+000 2.678777e+000 7.000000e+000
         vertex -9.991094e-001 2.828742e+000 9.042193e+000
         vertex -1.350611e+000 2.678777e+000 1.200000e+001
      endloop
   endfacet
   facet normal 4.999475e-001 -8.660557e-001 0.000000e+000
      outer loop
         vertex -1.350611e+000 2.678777e+000 7.000000e+000
         vertex -1.350611e+000 2.678777e+000 1.200000e+001
         vertex -1.783900e+000 2.411991e+000 7.000000e+000
      endloop
   endfacet
   facet normal 5.482453e-001 -8.363176e-001 0.000000e+000
      outer loop
         vertex -1.783900e+000 2.411991e+000 7.000000e+000
         vertex -1.350611e+000 2.678777e+000 1.200000e+001
         vertex -1.783900e+000 2.411991e+000 1.200000e+001
      endloop
   endfacet
   facet normal 6.391203e-001 -7.691067e-001 0.000000e+000
      outer loop
         vertex -1.783900e+000 2.411991e+000 7.000000e+000
         vertex -1.783900e+000 2.411991e+000 1.200000e+001
         vertex -2.165868e+000 2.075816e+000 7.000000e+000
      endloop
   endfacet
   facet normal 6.816977e-001 -7.316340e-001 0.000000e+000
      outer loop
         vertex -2.165868e+000 2.075816e+000 7.000000e+000
         vertex -1.783900e+000 2.411991e+000 1.200000e+001
         vertex -2.165868e+000 2.075816e+000 1.200000e+001
      endloop
   endfacet
   facet normal 7.599069e-001 -6.500320e-001 0.000000e+000
      outer loop
         vertex -2.165868e+000 2.075816e+000 7.000000e+000
         vertex -2.165868e+000 2.075816e+000 1.200000e+001
         vertex -2.485529e+000 1.679924e+000 7.000000e+000
      endloop
   endfacet
   facet normal 7.955388e-001 -6.059027e-001 0.000000e+000
      outer loop
         vertex -2.485529e+000 1.679924e+000 7.000000e+000
         vertex -2.165868e+000 2.075816e+000 1.200000e+001
         vertex -2.485529e+000 1.679924e+000 1.200000e+001
      endloop
   endfacet
   facet normal 8.588322e-001 -5.122570e-001 0.000000e+000
      outer loop
         vertex -2.485529e+000 1.679924e+000 7.000000e+000
         vertex -2.485529e+000 1.679924e+000 1.200000e+001
         vertex -2.733685e+000 1.235704e+000 7.000000e+000
      endloop
   endfacet
   facet normal 8.864937e-001 -4.627406e-001 0.000000e+000
      outer loop
         vertex -2.733685e+000 1.235704e+000 7.000000e+000
         vertex -2.485529e+000 1.679924e+000 1.200000e+001
         vertex -2.733685e+000 1.235704e+000 1.200000e+001
      endloop
   endfacet
   facet normal 9.330506e-001 -3.597453e-001 0.000000e+000
      outer loop
         vertex -2.733685e+000 1.235704e+000 7.000000e+000
         vertex -2.733685e+000 1.235704e+000 1.200000e+001
         vertex -2.903199e+000 7.559342e-001 7.000000e+000
      endloop
   endfacet
   facet normal 9.519458e-001 -3.062663e-001 0.000000e+000
      outer loop
         vertex -2.903199e+000 7.559342e-001 7.000000e+000
         vertex -2.733685e+000 1.235704e+000 1.200000e+001
         vertex -2.903199e+000 7.559342e-001 1.200000e+001
      endloop
   endfacet
   facet normal 9.804267e-001 -1.968844e-001 0.000000e+000
      outer loop
         vertex -2.903199e+000 7.559342e-001 7.000000e+000
         vertex -2.903199e+000 7.559342e-001 1.200000e+001
         vertex -2.989192e+000 2.544178e-001 7.000000e+000
      endloop
   endfacet
   facet normal 9.900123e-001 -1.409813e-001 0.000000e+000
      outer loop
         vertex -2.989192e+000 2.544178e-001 7.000000e+000
         vertex -2.903199e+000 7.559342e-001 1.200000e+001
         vertex -2.989192e+000 2.544178e-001 1.200000e+001
      endloop
   endfacet
   facet normal 9.995977e-001 -2.835944e-002 0.000000e+000
      outer loop
         vertex -2.989192e+000 2.544178e-001 7.000000e+000
         vertex -2.989192e+000 2.544178e-001 1.200000e+001
         vertex -2.989192e+000 -2.544178e-001 7.000000e+000
      endloop
   endfacet
   facet normal 9.995977e-001 2.835944e-002 0.000000e+000
      outer loop
         vertex -2.989192e+000 -2.544178e-001 7.000000e+000
         vertex -2.989192e+000 2.544178e-001 1.200000e+001
         vertex -2.989192e+000 -2.544178e-001 1.200000e+001
      endloop
   endfacet
   facet normal 9.900123e-001 1.409813e-001 0.000000e+000
      outer loop
         vertex -2.989192e+000 -2.544178e-001 7.000000e+000
         vertex -2.989192e+000 -2.544178e-001 1.200000e+001
         vertex -2.903199e+000 -7.559342e-001 7.000000e+000
      endloop
   endfacet
   facet normal 9.804267e-001 1.968844e-001 0.000000e+000
      outer loop
         vertex -2.903199e+000 -7.559342e-001 7.000000e+000
         vertex -2.989192e+000 -2.544178e-001 1.200000e+001
         vertex -2.903199e+000 -7.559342e-001 1.200000e+001
      endloop
   endfacet
   facet normal 9.519458e-001 3.062663e-001 0.000000e+000
      outer loop
         vertex -2.903199e+000 -7.559342e-001 7.000000e+000
         vertex -2.903199e+000 -7.559342e-001 1.200000e+001
         vertex -2.733685e+000 -1.235704e+000 7.000000e+000
      endloop
   endfacet
   facet normal 9.330506e-001 3.597453e-001 0.000000e+000
      outer loop
         vertex -2.733685e+000 -1.235704e+000 7.000000e+000
         vertex -2.903199e+000 -7.559342e-001 1.200000e+001
         vertex -2.733685e+000 -1.235704e+000 1.200000e+001
      endloop
   endfacet
   facet normal 8.864937e-001 4.627406e-001 0.000000e+000
      outer loop
         vertex -2.733685e+000 -1.235704e+000 7.000000e+000
         vertex -2.733685e+000 -1.235704e+000 1.200000e+001
         vertex -2.485529e+000 -1.679924e+000 7.000000e+000
      endloop
   endfacet
   facet normal 8.588322e-001 5.122570e-001 0.000000e+000
      outer loop
         vertex -2.485529e+000 -1.679924e+000 7.000000e+000
         vertex -2.733685e+000 -1.235704e+000 1.200000e+001
         vertex -2.485529e+000 -1.679924e+000 1.200000e+001
      endloop
   endfacet
   facet normal 7.955388e-001 6.059027e-001 0.000000e+000
      outer loop
         vertex -2.485529e+000 -1.679924e+000 7.000000e+000
         vertex -2.485529e+000 -1.679924e+000 1.200000e+001
         vertex -2.165868e+000 -2.075816e+000 7.000000e+000
      endloop
   endfacet
   facet normal 7.599069e-001 6.500320e-001 0.000000e+000
      outer loop
         vertex -2.165868e+000 -2.075816e+000 7.000000e+000
         vertex -2.485529e+000 -1.679924e+000 1.200000e+001
         vertex -2.165868e+000 -2.075816e+000 1.200000e+001
      endloop
   endfacet
   facet normal 6.816977e-001 7.316340e-001 0.000000e+000
      outer loop
         vertex -2.165868e+000 -2.075816e+000 7.000000e+000
         vertex -2.165868e+000 -2.075816e+000 1.200000e+001
         vertex -1.783900e+000 -2.411991e+000 7.000000e+000
      endloop
   endfacet
   facet normal 6.391203e-001 7.691067e-001 0.000000e+000
      outer loop
         vertex -1.783900e+000 -2.411991e+000 7.000000e+000
         vertex -2.165868e+000 -2.075816e+000 1.200000e+001
         vertex -1.783900e+000 -2.411991e+000 1.200000e+001
      endloop
   endfacet
   facet normal 5.482453e-001 8.363176e-001 0.000000e+000
      outer loop
         vertex -1.783900e+000 -2.411991e+000 7.000000e+000
         vertex -1.783900e+000 -2.411991e+000 1.200000e+001
         vertex -1.350611e+000 -2.678777e+000 7.000000e+000
      endloop
   endfacet
   facet normal 4.999475e-001 8.660557e-001 0.000000e+000
      outer loop
         vertex -1.350611e+000 -2.678777e+000 7.000000e+000
         vertex -1.783900e+000 -2.411991e+000 1.200000e+001
         vertex -1.350611e+000 -2.678777e+000 1.200000e+001
      endloop
   endfacet
   facet normal 4.118917e-001 9.112328e-001 0.000000e+000
      outer loop
         vertex -1.350611e+000 -2.678777e+000 7.000000e+000
         vertex -1.350611e+000 -2.678777e+000 1.200000e+001
         vertex -9.991136e-001 -2.828740e+000 9.042098e+000
      endloop
   endfacet
   facet normal 3.719766e-001 9.282421e-001 0.000000e+000
      outer loop
         vertex -9.991136e-001 -2.828740e+000 9.042098e+000
         vertex -1.350611e+000 -2.678777e+000 1.200000e+001
         vertex -9.919004e-001 -2.831278e+000 9.127018e+000
      endloop
   endfacet
   facet normal -3.463784e-001 9.380949e-001 0.000000e+000
      outer loop
         vertex 9.990990e-001 -2.828746e+000 8.957560e+000
         vertex 9.991094e-001 -2.828742e+000 9.042193e+000
         vertex 1.118569e+000 -2.783667e+000 7.000000e+000
      endloop
   endfacet
   facet normal -3.596555e-001 9.330851e-001 0.000000e+000
      outer loop
         vertex 1.118569e+000 -2.783667e+000 7.000000e+000
         vertex 9.991094e-001 -2.828742e+000 9.042193e+000
         vertex 1.118569e+000 -2.783667e+000 1.200000e+001
      endloop
   endfacet
   facet normal -4.246998e-001 9.053342e-001 0.000000e+000
      outer loop
         vertex 1.118569e+000 -2.783667e+000 7.000000e+000
         vertex 1.118569e+000 -2.783667e+000 1.200000e+001
         vertex 1.572922e+000 -2.554587e+000 7.000000e+000
      endloop
   endfacet
   facet normal -4.753455e-001 8.797992e-001 0.000000e+000
      outer loop
         vertex 1.572922e+000 -2.554587e+000 7.000000e+000
         vertex 1.118569e+000 -2.783667e+000 1.200000e+001
         vertex 1.572922e+000 -2.554587e+000 1.200000e+001
      endloop
   endfacet
   facet normal -5.715931e-001 8.205372e-001 0.000000e+000
      outer loop
         vertex 1.572922e+000 -2.554587e+000 7.000000e+000
         vertex 1.572922e+000 -2.554587e+000 1.200000e+001
         vertex 1.982024e+000 -2.252017e+000 7.000000e+000
      endloop
   endfacet
   facet normal -6.171949e-001 7.868103e-001 0.000000e+000
      outer loop
         vertex 1.982024e+000 -2.252017e+000 7.000000e+000
         vertex 1.572922e+000 -2.554587e+000 1.200000e+001
         vertex 1.982024e+000 -2.252017e+000 1.200000e+001
      endloop
   endfacet
   facet normal -7.020428e-001 7.121348e-001 0.000000e+000
      outer loop
         vertex 1.982024e+000 -2.252017e+000 7.000000e+000
         vertex 1.982024e+000 -2.252017e+000 1.200000e+001
         vertex 2.334107e+000 -1.884660e+000 7.000000e+000
      endloop
   endfacet
   facet normal -7.412888e-001 6.711863e-001 0.000000e+000
      outer loop
         vertex 2.334107e+000 -1.884660e+000 7.000000e+000
         vertex 1.982024e+000 -2.252017e+000 1.200000e+001
         vertex 2.334107e+000 -1.884660e+000 1.200000e+001
      endloop
   endfacet
   facet normal -8.122959e-001 5.832456e-001 0.000000e+000
      outer loop
         vertex 2.334107e+000 -1.884660e+000 7.000000e+000
         vertex 2.334107e+000 -1.884660e+000 1.200000e+001
         vertex 2.619042e+000 -1.463085e+000 7.000000e+000
      endloop
   endfacet
   facet normal -8.440570e-001 5.362535e-001 0.000000e+000
      outer loop
         vertex 2.619042e+000 -1.463085e+000 7.000000e+000
         vertex 2.334107e+000 -1.884660e+000 1.200000e+001
         vertex 2.619042e+000 -1.463085e+000 1.200000e+001
      endloop
   endfacet
   facet normal -8.991807e-001 4.375775e-001 0.000000e+000
      outer loop
         vertex 2.619042e+000 -1.463085e+000 7.000000e+000
         vertex 2.619042e+000 -1.463085e+000 1.200000e+001
         vertex 2.828632e+000 -9.994194e-001 7.000000e+000
      endloop
   endfacet
   facet normal -9.225433e-001 3.858936e-001 0.000000e+000
      outer loop
         vertex 2.828632e+000 -9.994194e-001 7.000000e+000
         vertex 2.619042e+000 -1.463085e+000 1.200000e+001
         vertex 2.828632e+000 -9.994194e-001 1.200000e+001
      endloop
   endfacet
   facet normal -9.601977e-001 2.793211e-001 0.000000e+000
      outer loop
         vertex 2.828632e+000 -9.994194e-001 7.000000e+000
         vertex 2.828632e+000 -9.994194e-001 1.200000e+001
         vertex 2.956848e+000 -5.070025e-001 7.000000e+000
      endloop
   endfacet
   facet normal -9.744897e-001 2.244324e-001 0.000000e+000
      outer loop
         vertex 2.956848e+000 -5.070025e-001 7.000000e+000
         vertex 2.828632e+000 -9.994194e-001 1.200000e+001
         vertex 2.956848e+000 -5.070025e-001 1.200000e+001
      endloop
   endfacet
   facet normal -9.935917e-001 1.130291e-001 0.000000e+000
      outer loop
         vertex 2.956848e+000 -5.070025e-001 7.000000e+000
         vertex 2.956848e+000 -5.070025e-001 1.200000e+001
         vertex 3.000000e+000 -7.347881e-016 7.000000e+000
      endloop
   endfacet
   facet normal -9.984018e-001 5.651454e-002 0.000000e+000
      outer loop
         vertex 3.000000e+000 -7.347881e-016 7.000000e+000
         vertex 2.956848e+000 -5.070025e-001 1.200000e+001
         vertex 3.000000e+000 -7.347881e-016 1.200000e+001
      endloop
   endfacet
   facet normal -9.984018e-001 -5.651454e-002 0.000000e+000
      outer loop
         vertex 3.000000e+000 -7.347881e-016 7.000000e+000
         vertex 3.000000e+000 -7.347881e-016 1.200000e+001
         vertex 2.956848e+000 5.070025e-001 7.000000e+000
      endloop
   endfacet
   facet normal -9.935917e-001 -1.130291e-001 0.000000e+000
      outer loop
         vertex 2.956848e+000 5.070025e-001 7.000000e+000
         vertex 3.000000e+000 -7.347881e-016 1.200000e+001
         vertex 2.956848e+000 5.070025e-001 1.200000e+001
      endloop
   endfacet
   facet normal -9.744897e-001 -2.244324e-001 0.000000e+000
      outer loop
         vertex 2.956848e+000 5.070025e-001 7.000000e+000
         vertex 2.956848e+000 5.070025e-001 1.200000e+001
         vertex 2.828632e+000 9.994194e-001 7.000000e+000
      endloop
   endfacet
   facet normal -9.601977e-001 -2.793211e-001 0.000000e+000
      outer loop
         vertex 2.828632e+000 9.994194e-001 7.000000e+000
         vertex 2.956848e+000 5.070025e-001 1.200000e+001
         vertex 2.828632e+000 9.994194e-001 1.200000e+001
      endloop
   endfacet
   facet normal -9.225433e-001 -3.858936e-001 0.000000e+000
      outer loop
         vertex 2.828632e+000 9.994194e-001 7.000000e+000
         vertex 2.828632e+000 9.994194e-001 1.200000e+001
         vertex 2.619042e+000 1.463085e+000 7.000000e+000
      endloop
   endfacet
   facet normal -8.991807e-001 -4.375775e-001 0.000000e+000
      outer loop
         vertex 2.619042e+000 1.463085e+000 7.000000e+000
         vertex 2.828632e+000 9.994194e-001 1.200000e+001
         vertex 2.619042e+000 1.463085e+000 1.200000e+001
      endloop
   endfacet
   facet normal -8.440570e-001 -5.362535e-001 0.000000e+000
      outer loop
         vertex 2.619042e+000 1.463085e+000 7.000000e+000
         vertex 2.619042e+000 1.463085e+000 1.200000e+001
         vertex 2.334107e+000 1.884660e+000 7.000000e+000
      endloop
   endfacet
   facet normal -8.122959e-001 -5.832456e-001 0.000000e+000
      outer loop
         vertex 2.334107e+000 1.884660e+000 7.000000e+000
         vertex 2.619042e+000 1.463085e+000 1.200000e+001
         vertex 2.334107e+000 1.884660e+000 1.200000e+001
      endloop
   endfacet
   facet normal -7.412888e-001 -6.711863e-001 0.000000e+000
      outer loop
         vertex 2.334107e+000 1.884660e+000 7.000000e+000
         vertex 2.334107e+000 1.884660e+000 1.200000e+001
         vertex 1.982024e+000 2.252017e+000 7.000000e+000
      endloop
   endfacet
   facet normal -7.020428e-001 -7.121348e-001 0.000000e+000
      outer loop
         vertex 1.982024e+000 2.252017e+000 7.000000e+000
         vertex 2.334107e+000 1.884660e+000 1.200000e+001
         vertex 1.982024e+000 2.252017e+000 1.200000e+001
      endloop
   endfacet
   facet normal -6.171949e-001 -7.868103e-001 0.000000e+000
      outer loop
         vertex 1.982024e+000 2.252017e+000 7.000000e+000
         vertex 1.982024e+000 2.252017e+000 1.200000e+001
         vertex 1.572922e+000 2.554587e+000 7.000000e+000
      endloop
   endfacet
   facet normal -5.715931e-001 -8.205372e-001 0.000000e+000
      outer loop
         vertex 1.572922e+000 2.554587e+000 7.000000e+000
         vertex 1.982024e+000 2.252017e+000 1.200000e+001
         vertex 1.572922e+000 2.554587e+000 1.200000e+001
      endloop
   endfacet
   facet normal -4.753455e-001 -8.797992e-001 0.000000e+000
      outer loop
         vertex 1.572922e+000 2.554587e+000 7.000000e+000
         vertex 1.572922e+000 2.554587e+000 1.200000e+001
         vertex 1.118569e+000 2.783667e+000 7.000000e+000
      endloop
   endfacet
   facet normal -4.246998e-001 -9.053342e-001 0.000000e+000
      outer loop
         vertex 1.118569e+000 2.783667e+000 7.000000e+000
         vertex 1.572922e+000 2.554587e+000 1.200000e+001
         vertex 1.118569e+000 2.783667e+000 1.200000e+001
      endloop
   endfacet
   facet normal -3.596560e-001 -9.330850e-001 0.000000e+000
      outer loop
         vertex 1.118569e+000 2.783667e+000 7.000000e+000
         vertex 1.118569e+000 2.783667e+000 1.200000e+001
         vertex 9.991136e-001 2.828740e+000 9.042098e+000
      endloop
   endfacet
   facet normal -3.455832e-001 -9.383881e-001 0.000000e+000
      outer loop
         vertex 9.991136e-001 2.828740e+000 9.042098e+000
         vertex 1.118569e+000 2.783667e+000 1.200000e+001
         vertex 9.919004e-001 2.831278e+000 9.127018e+000
      endloop
   endfacet
   facet normal -8.265201e-001 -5.629072e-001 0.000000e+000
      outer loop
         vertex -6.344289e+000 -4.000000e+000 1.000000e+000
         vertex -6.344289e+000 -4.000000e+000 0.000000e+000
         vertex -5.884857e+000 -4.649566e+000 0.000000e+000
      endloop
   endfacet
   facet normal -8.060753e-001 -5.918130e-001 0.000000e+000
      outer loop
         vertex -6.344289e+000 -4.000000e+000 1.000000e+000
         vertex -5.884857e+000 -4.649566e+000 0.000000e+000
         vertex -5.884857e+000 -4.649566e+000 1.000000e+000
      endloop
   endfacet
   facet normal -7.622387e-001 -6.472960e-001 0.000000e+000
      outer loop
         vertex -5.884857e+000 -4.649566e+000 1.000000e+000
         vertex -5.884857e+000 -4.649566e+000 0.000000e+000
         vertex -5.359200e+000 -5.246807e+000 0.000000e+000
      endloop
   endfacet
   facet normal -7.388469e-001 -6.738733e-001 0.000000e+000
      outer loop
         vertex -5.884857e+000 -4.649566e+000 1.000000e+000
         vertex -5.359200e+000 -5.246807e+000 0.000000e+000
         vertex -5.359200e+000 -5.246807e+000 1.000000e+000
      endloop
   endfacet
   facet normal -6.893795e-001 -7.244005e-001 0.000000e+000
      outer loop
         vertex -5.359200e+000 -5.246807e+000 1.000000e+000
         vertex -5.359200e+000 -5.246807e+000 0.000000e+000
         vertex -4.773232e+000 -5.785003e+000 0.000000e+000
      endloop
   endfacet
   facet normal -6.633037e-001 -7.483503e-001 0.000000e+000
      outer loop
         vertex -5.359200e+000 -5.246807e+000 1.000000e+000
         vertex -4.773232e+000 -5.785003e+000 0.000000e+000
         vertex -4.773232e+000 -5.785003e+000 1.000000e+000
      endloop
   endfacet
   facet normal -6.087621e-001 -7.933528e-001 0.000000e+000
      outer loop
         vertex -4.773232e+000 -5.785003e+000 1.000000e+000
         vertex -4.773232e+000 -5.785003e+000 0.000000e+000
         vertex -4.133548e+000 -6.258098e+000 0.000000e+000
      endloop
   endfacet
   facet normal -5.802961e-001 -8.144055e-001 0.000000e+000
      outer loop
         vertex -4.773232e+000 -5.785003e+000 1.000000e+000
         vertex -4.133548e+000 -6.258098e+000 0.000000e+000
         vertex -4.133548e+000 -6.258098e+000 1.000000e+000
      endloop
   endfacet
   facet normal -5.212941e-001 -8.533771e-001 0.000000e+000
      outer loop
         vertex -4.133548e+000 -6.258098e+000 1.000000e+000
         vertex -4.133548e+000 -6.258098e+000 0.000000e+000
         vertex -3.447347e+000 -6.660766e+000 0.000000e+000
      endloop
   endfacet
   facet normal -4.907582e-001 -8.712959e-001 0.000000e+000
      outer loop
         vertex -4.133548e+000 -6.258098e+000 1.000000e+000
         vertex -3.447347e+000 -6.660766e+000 0.000000e+000
         vertex -3.447347e+000 -6.660766e+000 1.000000e+000
      endloop
   endfacet
   facet normal -4.279597e-001 -9.037978e-001 0.000000e+000
      outer loop
         vertex -3.447347e+000 -6.660766e+000 1.000000e+000
         vertex -3.447347e+000 -6.660766e+000 0.000000e+000
         vertex -2.722352e+000 -6.988476e+000 0.000000e+000
      endloop
   endfacet
   facet normal -3.956974e-001 -9.183810e-001 0.000000e+000
      outer loop
         vertex -3.447347e+000 -6.660766e+000 1.000000e+000
         vertex -2.722352e+000 -6.988476e+000 0.000000e+000
         vertex -2.722352e+000 -6.988476e+000 1.000000e+000
      endloop
   endfacet
   facet normal -3.298092e-001 -9.440476e-001 0.000000e+000
      outer loop
         vertex -2.722352e+000 -6.988476e+000 1.000000e+000
         vertex -2.722352e+000 -6.988476e+000 0.000000e+000
         vertex -1.966720e+000 -7.237542e+000 0.000000e+000
      endloop
   endfacet
   facet normal -2.961835e-001 -9.551311e-001 0.000000e+000
      outer loop
         vertex -2.722352e+000 -6.988476e+000 1.000000e+000
         vertex -1.966720e+000 -7.237542e+000 0.000000e+000
         vertex -1.966720e+000 -7.237542e+000 1.000000e+000
      endloop
   endfacet
   facet normal -2.279472e-001 -9.736735e-001 0.000000e+000
      outer loop
         vertex -1.966720e+000 -7.237542e+000 1.000000e+000
         vertex -1.966720e+000 -7.237542e+000 0.000000e+000
         vertex -1.188955e+000 -7.405159e+000 0.000000e+000
      endloop
   endfacet
   facet normal -1.933366e-001 -9.811325e-001 0.000000e+000
      outer loop
         vertex -1.966720e+000 -7.237542e+000 1.000000e+000
         vertex -1.188955e+000 -7.405159e+000 0.000000e+000
         vertex -1.188955e+000 -7.405159e+000 1.000000e+000
      endloop
   endfacet
   facet normal -1.235199e-001 -9.923421e-001 0.000000e+000
      outer loop
         vertex -1.188955e+000 -7.405159e+000 1.000000e+000
         vertex -1.188955e+000 -7.405159e+000 0.000000e+000
         vertex -3.978106e-001 -7.489442e+000 0.000000e+000
      endloop
   endfacet
   facet normal -8.831389e-002 -9.960927e-001 0.000000e+000
      outer loop
         vertex -1.188955e+000 -7.405159e+000 1.000000e+000
         vertex -3.978106e-001 -7.489442e+000 0.000000e+000
         vertex -3.978106e-001 -7.489442e+000 1.000000e+000
      endloop
   endfacet
   facet normal -1.770262e-002 -9.998433e-001 0.000000e+000
      outer loop
         vertex -3.978106e-001 -7.489442e+000 1.000000e+000
         vertex -3.978106e-001 -7.489442e+000 0.000000e+000
         vertex 3.978106e-001 -7.489442e+000 0.000000e+000
      endloop
   endfacet
   facet normal 1.770262e-002 -9.998433e-001 0.000000e+000
      outer loop
         vertex -3.978106e-001 -7.489442e+000 1.000000e+000
         vertex 3.978106e-001 -7.489442e+000 0.000000e+000
         vertex 3.978106e-001 -7.489442e+000 1.000000e+000
      endloop
   endfacet
   facet normal 8.831389e-002 -9.960927e-001 0.000000e+000
      outer loop
         vertex 3.978106e-001 -7.489442e+000 1.000000e+000
         vertex 3.978106e-001 -7.489442e+000 0.000000e+000
         vertex 1.188955e+000 -7.405159e+000 0.000000e+000
      endloop
   endfacet
   facet normal 1.235199e-001 -9.923421e-001 0.000000e+000
      outer loop
         vertex 3.978106e-001 -7.489442e+000 1.000000e+000
         vertex 1.188955e+000 -7.405159e+000 0.000000e+000
         vertex 1.188955e+000 -7.405159e+000 1.000000e+000
      endloop
   endfacet
   facet normal 1.933366e-001 -9.811325e-001 0.000000e+000
      outer loop
         vertex 1.188955e+000 -7.405159e+000 1.000000e+000
         vertex 1.188955e+000 -7.405159e+000 0.000000e+000
         vertex 1.966720e+000 -7.237542e+000 0.000000e+000
      endloop
   endfacet
   facet normal 2.279472e-001 -9.736735e-001 0.000000e+000
      outer loop
         vertex 1.188955e+000 -7.405159e+000 1.000000e+000
         vertex 1.966720e+000 -7.237542e+000 0.000000e+000
         vertex 1.966720e+000 -7.237542e+000 1.000000e+000
      endloop
   endfacet
   facet normal 2.961835e-001 -9.551311e-001 0.000000e+000
      outer loop
         vertex 1.966720e+000 -7.237542e+000 1.000000e+000
         vertex 1.966720e+000 -7.237542e+000 0.000000e+000
         vertex 2.722352e+000 -6.988476e+000 0.000000e+000
      endloop
   endfacet
   facet normal 3.298092e-001 -9.440476e-001 0.000000e+000
      outer loop
         vertex 1.966720e+000 -7.237542e+000 1.000000e+000
         vertex 2.722352e+000 -6.988476e+000 0.000000e+000
         vertex 2.722352e+000 -6.988476e+000 1.000000e+000
      endloop
   endfacet
   facet normal 3.956974e-001 -9.183810e-001 0.000000e+000
      outer loop
         vertex 2.722352e+000 -6.988476e+000 1.000000e+000
         vertex 2.722352e+000 -6.988476e+000 0.000000e+000
         vertex 3.447347e+000 -6.660766e+000 0.000000e+000
      endloop
   endfacet
   facet normal 4.279597e-001 -9.037978e-001 0.000000e+000
      outer loop
         vertex 2.722352e+000 -6.988476e+000 1.000000e+000
         vertex 3.447347e+000 -6.660766e+000 0.000000e+000
         vertex 3.447347e+000 -6.660766e+000 1.000000e+000
      endloop
   endfacet
   facet normal 4.907582e-001 -8.712959e-001 0.000000e+000
      outer loop
         vertex 3.447347e+000 -6.660766e+000 1.000000e+000
         vertex 3.447347e+000 -6.660766e+000 0.000000e+000
         vertex 4.133548e+000 -6.258098e+000 0.000000e+000
      endloop
   endfacet
   facet normal 5.212941e-001 -8.533770e-001 0.000000e+000
      outer loop
         vertex 3.447347e+000 -6.660766e+000 1.000000e+000
         vertex 4.133548e+000 -6.258098e+000 0.000000e+000
         vertex 4.133548e+000 -6.258098e+000 1.000000e+000
      endloop
   endfacet
   facet normal 5.802961e-001 -8.144055e-001 0.000000e+000
      outer loop
         vertex 4.133548e+000 -6.258098e+000 1.000000e+000
         vertex 4.133548e+000 -6.258098e+000 0.000000e+000
         vertex 4.773232e+000 -5.785003e+000 0.000000e+000
      endloop
   endfacet
   facet normal 6.087621e-001 -7.933528e-001 0.000000e+000
      outer loop
         vertex 4.133548e+000 -6.258098e+000 1.000000e+000
         vertex 4.773232e+000 -5.785003e+000 0.000000e+000
         vertex 4.773232e+000 -5.785003e+000 1.000000e+000
      endloop
   endfacet
   facet normal 6.633037e-001 -7.483503e-001 0.000000e+000
      outer loop
         vertex 4.773232e+000 -5.785003e+000 1.000000e+000
         vertex 4.773232e+000 -5.785003e+000 0.000000e+000
         vertex 5.359200e+000 -5.246807e+000 0.000000e+000
      endloop
   endfacet
   facet normal 6.893795e-001 -7.244005e-001 0.000000e+000
      outer loop
         vertex 4.773232e+000 -5.785003e+000 1.000000e+000
         vertex 5.359200e+000 -5.246807e+000 0.000000e+000
         vertex 5.359200e+000 -5.246807e+000 1.000000e+000
      endloop
   endfacet
   facet normal 7.388469e-001 -6.738733e-001 0.000000e+000
      outer loop
         vertex 5.359200e+000 -5.246807e+000 1.000000e+000
         vertex 5.359200e+000 -5.246807e+000 0.000000e+000
         vertex 5.884857e+000 -4.649566e+000 0.000000e+000
      endloop
   endfacet
   facet normal 7.622387e-001 -6.472960e-001 0.000000e+000
      outer loop
         vertex 5.359200e+000 -5.246807e+000 1.000000e+000
         vertex 5.884857e+000 -4.649566e+000 0.000000e+000
         vertex 5.884857e+000 -4.649566e+000 1.000000e+000
      endloop
   endfacet
   facet normal 8.060753e-001 -5.918130e-001 0.000000e+000
      outer loop
         vertex 5.884857e+000 -4.649566e+000 1.000000e+000
         vertex 5.884857e+000 -4.649566e+000 0.000000e+000
         vertex 6.344289e+000 -4.000000e+000 0.000000e+000
      endloop
   endfacet
   facet normal 8.265201e-001 -5.629072e-001 0.000000e+000
      outer loop
         vertex 5.884857e+000 -4.649566e+000 1.000000e+000
         vertex 6.344289e+000 -4.000000e+000 0.000000e+000
         vertex 6.344289e+000 -4.000000e+000 1.000000e+000
      endloop
   endfacet
   facet normal 0.000000e+000 0.000000e+000 -1.000000e+000
      outer loop
         vertex -5.884857e+000 -4.649566e+000 0.000000e+000
         vertex -6.344289e+000 -4.000000e+000 0.000000e+000
         vertex 5.884857e+000 -4.649566e+000 0.000000e+000
      endloop
   endfacet
   facet normal 0.000000e+000 0.000000e+000 -1.000000e+000
      outer loop
         vertex 5.884857e+000 -4.649566e+000 0.000000e+000
         vertex -6.344289e+000 -4.000000e+000 0.000000e+000
         vertex 6.344289e+000 -4.000000e+000 0.000000e+000
      endloop
   endfacet
   facet normal 0.000000e+000 0.000000e+000 -1.000000e+000
      outer loop
         vertex 5.884857e+000 -4.649566e+000 0.000000e+000
         vertex -1.188955e+000 -7.405159e+000 0.000000e+000
         vertex -1.966720e+000 -7.237542e+000 0.000000e+000
      endloop
   endfacet
   facet normal 0.000000e+000 0.000000e+000 -1.000000e+000
      outer loop
         vertex 4.133548e+000 -6.258098e+000 0.000000e+000
         vertex 3.447347e+000 -6.660766e+000 0.000000e+000
         vertex 4.773232e+000 -5.785003e+000 0.000000e+000
      endloop
   endfacet
   facet normal 0.000000e+000 0.000000e+000 -1.000000e+000
      outer loop
         vertex 4.773232e+000 -5.785003e+000 0.000000e+000
         vertex 3.447347e+000 -6.660766e+000 0.000000e+000
         vertex 2.722352e+000 -6.988476e+000 0.000000e+000
      endloop
   endfacet
   facet normal 0.000000e+000 0.000000e+000 -1.000000e+000
      outer loop
         vertex 2.722352e+000 -6.988476e+000 0.000000e+000
         vertex 1.966720e+000 -7.237542e+000 0.000000e+000
         vertex 4.773232e+000 -5.785003e+000 0.000000e+000
      endloop
   endfacet
   facet normal 0.000000e+000 0.000000e+000 -1.000000e+000
      outer loop
         vertex 4.773232e+000 -5.785003e+000 0.000000e+000
         vertex 1.966720e+000 -7.237542e+000 0.000000e+000
         vertex 1.188955e+000 -7.405159e+000 0.000000e+000
      endloop
   endfacet
   facet normal 0.000000e+000 0.000000e+000 -1.000000e+000
      outer loop
         vertex 4.773232e+000 -5.785003e+000 0.000000e+000
         vertex 1.188955e+000 -7.405159e+000 0.000000e+000
         vertex 3.978106e-001 -7.489442e+000 0.000000e+000
      endloop
   endfacet
   facet normal 0.000000e+000 0.000000e+000 -1.000000e+000
      outer loop
         vertex -1.966720e+000 -7.237542e+000 0.000000e+000
         vertex -2.722352e+000 -6.988476e+000 0.000000e+000
         vertex 5.884857e+000 -4.649566e+000 0.000000e+000
      endloop
   endfacet
   facet normal 0.000000e+000 0.000000e+000 -1.000000e+000
      outer loop
         vertex 5.884857e+000 -4.649566e+000 0.000000e+000
         vertex -2.722352e+000 -6.988476e+000 0.000000e+000
         vertex -3.447347e+000 -6.660766e+000 0.000000e+000
      endloop
   endfacet
   facet normal 0.000000e+000 0.000000e+000 -1.000000e+000
      outer loop
         vertex 5.884857e+000 -4.649566e+000 0.000000e+000
         vertex -3.447347e+000 -6.660766e+000 0.000000e+000
         vertex -4.133548e+000 -6.258098e+000 0.000000e+000
      endloop
   endfacet
   facet normal 0.000000e+000 0.000000e+000 -1.000000e+000
      outer loop
         vertex -4.133548e+000 -6.258098e+000 0.000000e+000
         vertex -4.773232e+000 -5.785003e+000 0.000000e+000
         vertex 5.884857e+000 -4.649566e+000 0.000000e+000
      endloop
   endfacet
   facet normal 0.000000e+000 0.000000e+000 -1.000000e+000
      outer loop
         vertex 5.884857e+000 -4.649566e+000 0.000000e+000
         vertex -4.773232e+000 -5.785003e+000 0.000000e+000
         vertex -5.359200e+000 -5.246807e+000 0.000000e+000
      endloop
   endfacet
   facet normal 0.000000e+000 0.000000e+000 -1.000000e+000
      outer loop
         vertex 5.884857e+000 -4.649566e+000 0.000000e+000
         vertex -5.359200e+000 -5.246807e+000 0.000000e+000
         vertex -5.884857e+000 -4.649566e+000 0.000000e+000
      endloop
   endfacet
   facet normal 0.000000e+000 0.000000e+000 -1.000000e+000
      outer loop
         vertex 5.884857e+000 -4.649566e+000 0.000000e+000
         vertex 5.359200e+000 -5.246807e+000 0.000000e+000
         vertex -1.188955e+000 -7.405159e+000 0.000000e+000
      endloop
   endfacet
   facet normal 0.000000e+000 0.000000e+000 -1.000000e+000
      outer loop
         vertex -1.188955e+000 -7.405159e+000 0.000000e+000
         vertex 5.359200e+000 -5.246807e+000 0.000000e+000
         vertex 4.773232e+000 -5.785003e+000 0.000000e+000
      endloop
   endfacet
   facet normal 0.000000e+000 0.000000e+000 -1.000000e+000
      outer loop
         vertex -1.188955e+000 -7.405159e+000 0.000000e+000
         vertex 4.773232e+000 -5.785003e+000 0.000000e+000
         vertex -3.978106e-001 -7.489442e+000 0.000000e+000
      endloop
   endfacet
   facet normal 0.000000e+000 0.000000e+000 -1.000000e+000
      outer loop
         vertex -3.978106e-001 -7.489442e+000 0.000000e+000
         vertex 4.773232e+000 -5.785003e+000 0.000000e+000
         vertex 3.978106e-001 -7.489442e+000 0.000000e+000
      endloop
   endfacet
   facet normal 0.000000e+000 0.000000e+000 1.000000e+000
      outer loop
         vertex 3.978736e+000 -4.491065e+000 1.000000e+000
         vertex 5.359200e+000 -5.246807e+000 1.000000e+000
         vertex 4.472136e+000 -4.000000e+000 1.000000e+000
      endloop
   endfacet
   facet normal 0.000000e+000 0.000000e+000 1.000000e+000
      outer loop
         vertex 4.472136e+000 -4.000000e+000 1.000000e+000
         vertex 5.359200e+000 -5.246807e+000 1.000000e+000
         vertex 5.884857e+000 -4.649566e+000 1.000000e+000
      endloop
   endfacet
   facet normal 0.000000e+000 0.000000e+000 1.000000e+000
      outer loop
         vertex 4.472136e+000 -4.000000e+000 1.000000e+000
         vertex 5.884857e+000 -4.649566e+000 1.000000e+000
         vertex 6.344289e+000 -4.000000e+000 1.000000e+000
      endloop
   endfacet
   facet normal 0.000000e+000 0.000000e+000 1.000000e+000
      outer loop
         vertex -6.344289e+000 -4.000000e+000 1.000000e+000
         vertex -5.884857e+000 -4.649566e+000 1.000000e+000
         vertex -4.472136e+000 -4.000000e+000 1.000000e+000
      endloop
   endfacet
   facet normal 0.000000e+000 0.000000e+000 1.000000e+000
      outer loop
         vertex -4.472136e+000 -4.000000e+000 1.000000e+000
         vertex -5.884857e+000 -4.649566e+000 1.000000e+000
         vertex -5.359200e+000 -5.246807e+000 1.000000e+000
      endloop
   endfacet
   facet normal 0.000000e+000 0.000000e+000 1.000000e+000
      outer loop
         vertex -4.472136e+000 -4.000000e+000 1.000000e+000
         vertex -5.359200e+000 -5.246807e+000 1.000000e+000
         vertex -3.978736e+000 -4.491065e+000 1.000000e+000
      endloop
   endfacet
   facet normal 0.000000e+000 0.000000e+000 1.000000e+000
      outer loop
         vertex -3.978736e+000 -4.491065e+000 1.000000e+000
         vertex -5.359200e+000 -5.246807e+000 1.000000e+000
         vertex -4.773232e+000 -5.785003e+000 1.000000e+000
      endloop
   endfacet
   facet normal 0.000000e+000 0.000000e+000 1.000000e+000
      outer loop
         vertex -3.978736e+000 -4.491065e+000 1.000000e+000
         vertex -4.773232e+000 -5.785003e+000 1.000000e+000
         vertex -3.408388e+000 -4.937903e+000 1.000000e+000
      endloop
   endfacet
   facet normal 0.000000e+000 0.000000e+000 1.000000e+000
      outer loop
         vertex -3.408388e+000 -4.937903e+000 1.000000e+000
         vertex -4.773232e+000 -5.785003e+000 1.000000e+000
         vertex -4.133548e+000 -6.258098e+000 1.000000e+000
      endloop
   endfacet
   facet normal 0.000000e+000 0.000000e+000 1.000000e+000
      outer loop
         vertex -3.408388e+000 -4.937903e+000 1.000000e+000
         vertex -4.133548e+000 -6.258098e+000 1.000000e+000
         vertex -2.788339e+000 -5.312736e+000 1.000000e+000
      endloop
   endfacet
   facet normal 0.000000e+000 0.000000e+000 1.000000e+000
      outer loop
         vertex -2.788339e+000 -5.312736e+000 1.000000e+000
         vertex -4.133548e+000 -6.258098e+000 1.000000e+000
         vertex -3.447347e+000 -6.660766e+000 1.000000e+000
      endloop
   endfacet
   facet normal 0.000000e+000 0.000000e+000 1.000000e+000
      outer loop
         vertex -2.788339e+000 -5.312736e+000 1.000000e+000
         vertex -3.447347e+000 -6.660766e+000 1.000000e+000
         vertex -2.127629e+000 -5.610098e+000 1.000000e+000
      endloop
   endfacet
   facet normal 0.000000e+000 0.000000e+000 1.000000e+000
      outer loop
         vertex -2.127629e+000 -5.610098e+000 1.000000e+000
         vertex -3.447347e+000 -6.660766e+000 1.000000e+000
         vertex -2.722352e+000 -6.988476e+000 1.000000e+000
      endloop
   endfacet
   facet normal 0.000000e+000 0.000000e+000 1.000000e+000
      outer loop
         vertex -2.127629e+000 -5.610098e+000 1.000000e+000
         vertex -2.722352e+000 -6.988476e+000 1.000000e+000
         vertex -1.435894e+000 -5.825651e+000 1.000000e+000
      endloop
   endfacet
   facet normal 0.000000e+000 0.000000e+000 1.000000e+000
      outer loop
         vertex -1.435894e+000 -5.825651e+000 1.000000e+000
         vertex -2.722352e+000 -6.988476e+000 1.000000e+000
         vertex -1.966720e+000 -7.237542e+000 1.000000e+000
      endloop
   endfacet
   facet normal 0.000000e+000 0.000000e+000 1.000000e+000
      outer loop
         vertex -1.435894e+000 -5.825651e+000 1.000000e+000
         vertex -1.966720e+000 -7.237542e+000 1.000000e+000
         vertex -7.232201e-001 -5.956253e+000 1.000000e+000
      endloop
   endfacet
   facet normal 0.000000e+000 0.000000e+000 1.000000e+000
      outer loop
         vertex -7.232201e-001 -5.956253e+000 1.000000e+000
         vertex -1.966720e+000 -7.237542e+000 1.000000e+000
         vertex -1.188955e+000 -7.405159e+000 1.000000e+000
      endloop
   endfacet
   facet normal 0.000000e+000 0.000000e+000 1.000000e+000
      outer loop
         vertex -7.232201e-001 -5.956253e+000 1.000000e+000
         vertex -1.188955e+000 -7.405159e+000 1.000000e+000
         vertex -1.102182e-015 -6.000000e+000 1.000000e+000
      endloop
   endfacet
   facet normal 0.000000e+000 0.000000e+000 1.000000e+000
      outer loop
         vertex -1.188955e+000 -7.405159e+000 1.000000e+000
         vertex -3.978106e-001 -7.489442e+000 1.000000e+000
         vertex -1.102182e-015 -6.000000e+000 1.000000e+000
      endloop
   endfacet
   facet normal 0.000000e+000 0.000000e+000 1.000000e+000
      outer loop
         vertex -1.102182e-015 -6.000000e+000 1.000000e+000
         vertex -3.978106e-001 -7.489442e+000 1.000000e+000
         vertex 3.978106e-001 -7.489442e+000 1.000000e+000
      endloop
   endfacet
   facet normal 0.000000e+000 0.000000e+000 1.000000e+000
      outer loop
         vertex -1.102182e-015 -6.000000e+000 1.000000e+000
         vertex 3.978106e-001 -7.489442e+000 1.000000e+000
         vertex 7.232201e-001 -5.956253e+000 1.000000e+000
      endloop
   endfacet
   facet normal 0.000000e+000 0.000000e+000 1.000000e+000
      outer loop
         vertex 7.232201e-001 -5.956253e+000 1.000000e+000
         vertex 3.978106e-001 -7.489442e+000 1.000000e+000
         vertex 1.188955e+000 -7.405159e+000 1.000000e+000
      endloop
   endfacet
   facet normal 0.000000e+000 0.000000e+000 1.000000e+000
      outer loop
         vertex 7.232201e-001 -5.956253e+000 1.000000e+000
         vertex 1.188955e+000 -7.405159e+000 1.000000e+000
         vertex 1.435894e+000 -5.825651e+000 1.000000e+000
      endloop
   endfacet
   facet normal 0.000000e+000 0.000000e+000 1.000000e+000
      outer loop
         vertex 1.435894e+000 -5.825651e+000 1.000000e+000
         vertex 1.188955e+000 -7.405159e+000 1.000000e+000
         vertex 1.966720e+000 -7.237542e+000 1.000000e+000
      endloop
   endfacet
   facet normal 0.000000e+000 0.000000e+000 1.000000e+000
      outer loop
         vertex 1.435894e+000 -5.825651e+000 1.000000e+000
         vertex 1.966720e+000 -7.237542e+000 1.000000e+000
         vertex 2.127629e+000 -5.610098e+000 1.000000e+000
      endloop
   endfacet
   facet normal 0.000000e+000 0.000000e+000 1.000000e+000
      outer loop
         vertex 2.127629e+000 -5.610098e+000 1.000000e+000
         vertex 1.966720e+000 -7.237542e+000 1.000000e+000
         vertex 2.722352e+000 -6.988476e+000 1.000000e+000
      endloop
   endfacet
   facet normal 0.000000e+000 0.000000e+000 1.000000e+000
      outer loop
         vertex 2.127629e+000 -5.610098e+000 1.000000e+000
         vertex 2.722352e+000 -6.988476e+000 1.000000e+000
         vertex 2.788339e+000 -5.312736e+000 1.000000e+000
      endloop
   endfacet
   facet normal 0.000000e+000 0.000000e+000 1.000000e+000
      outer loop
         vertex 2.788339e+000 -5.312736e+000 1.000000e+000
         vertex 2.722352e+000 -6.988476e+000 1.000000e+000
         vertex 3.447347e+000 -6.660766e+000 1.000000e+000
      endloop
   endfacet
   facet normal 0.000000e+000 0.000000e+000 1.000000e+000
      outer loop
         vertex 2.788339e+000 -5.312736e+000 1.000000e+000
         vertex 3.447347e+000 -6.660766e+000 1.000000e+000
         vertex 3.408388e+000 -4.937903e+000 1.000000e+000
      endloop
   endfacet
   facet normal 0.000000e+000 0.000000e+000 1.000000e+000
      outer loop
         vertex 3.408388e+000 -4.937903e+000 1.000000e+000
         vertex 3.447347e+000 -6.660766e+000 1.000000e+000
         vertex 4.133548e+000 -6.258098e+000 1.000000e+000
      endloop
   endfacet
   facet normal 0.000000e+000 0.000000e+000 1.000000e+000
      outer loop
         vertex 3.408388e+000 -4.937903e+000 1.000000e+000
         vertex 4.133548e+000 -6.258098e+000 1.000000e+000
         vertex 3.978736e+000 -4.491065e+000 1.000000e+000
      endloop
   endfacet
   facet normal 0.000000e+000 0.000000e+000 1.000000e+000
      outer loop
         vertex 3.978736e+000 -4.491065e+000 1.000000e+000
         vertex 4.133548e+000 -6.258098e+000 1.000000e+000
         vertex 4.773232e+000 -5.785003e+000 1.000000e+000
      endloop
   endfacet
   facet normal 0.000000e+000 0.000000e+000 1.000000e+000
      outer loop
         vertex 3.978736e+000 -4.491065e+000 1.000000e+000
         vertex 4.773232e+000 -5.785003e+000 1.000000e+000
         vertex 5.359200e+000 -5.246807e+000 1.000000e+000
      endloop
   endfacet
   facet normal 8.265201e-001 5.629072e-001 0.000000e+000
      outer loop
         vertex 6.344289e+000 4.000000e+000 1.000000e+000
         vertex 6.344289e+000 4.000000e+000 0.000000e+000
         vertex 5.884857e+000 4.649566e+000 0.000000e+000
      endloop
   endfacet
   facet normal 8.060753e-001 5.918130e-001 0.000000e+000
      outer loop
         vertex 6.344289e+000 4.000000e+000 1.000000e+000
         vertex 5.884857e+000 4.649566e+000 0.000000e+000
         vertex 5.884857e+000 4.649566e+000 1.000000e+000
      endloop
   endfacet
   facet normal 7.622387e-001 6.472960e-001 0.000000e+000
      outer loop
         vertex 5.884857e+000 4.649566e+000 1.000000e+000
         vertex 5.884857e+000 4.649566e+000 0.000000e+000
         vertex 5.359200e+000 5.246807e+000 0.000000e+000
      endloop
   endfacet
   facet normal 7.388469e-001 6.738733e-001 0.000000e+000
      outer loop
         vertex 5.884857e+000 4.649566e+000 1.000000e+000
         vertex 5.359200e+000 5.246807e+000 0.000000e+000
         vertex 5.359200e+000 5.246807e+000 1.000000e+000
      endloop
   endfacet
   facet normal 6.893795e-001 7.244005e-001 0.000000e+000
      outer loop
         vertex 5.359200e+000 5.246807e+000 1.000000e+000
         vertex 5.359200e+000 5.246807e+000 0.000000e+000
         vertex 4.773232e+000 5.785003e+000 0.000000e+000
      endloop
   endfacet
   facet normal 6.633037e-001 7.483503e-001 0.000000e+000
      outer loop
         vertex 5.359200e+000 5.246807e+000 1.000000e+000
         vertex 4.773232e+000 5.785003e+000 0.000000e+000
         vertex 4.773232e+000 5.785003e+000 1.000000e+000
      endloop
   endfacet
   facet normal 6.087621e-001 7.933528e-001 0.000000e+000
      outer loop
         vertex 4.773232e+000 5.785003e+000 1.000000e+000
         vertex 4.773232e+000 5.785003e+000 0.000000e+000
         vertex 4.133548e+000 6.258098e+000 0.000000e+000
      endloop
   endfacet
   facet normal 5.802961e-001 8.144055e-001 0.000000e+000
      outer loop
         vertex 4.773232e+000 5.785003e+000 1.000000e+000
         vertex 4.133548e+000 6.258098e+000 0.000000e+000
         vertex 4.133548e+000 6.258098e+000 1.000000e+000
      endloop
   endfacet
   facet normal 5.212941e-001 8.533771e-001 0.000000e+000
      outer loop
         vertex 4.133548e+000 6.258098e+000 1.000000e+000
         vertex 4.133548e+000 6.258098e+000 0.000000e+000
         vertex 3.447347e+000 6.660766e+000 0.000000e+000
      endloop
   endfacet
   facet normal 4.907582e-001 8.712959e-001 0.000000e+000
      outer loop
         vertex 4.133548e+000 6.258098e+000 1.000000e+000
         vertex 3.447347e+000 6.660766e+000 0.000000e+000
         vertex 3.447347e+000 6.660766e+000 1.000000e+000
      endloop
   endfacet
   facet normal 4.279597e-001 9.037978e-001 0.000000e+000
      outer loop
         vertex 3.447347e+000 6.660766e+000 1.000000e+000
         vertex 3.447347e+000 6.660766e+000 0.000000e+000
         vertex 2.722352e+000 6.988476e+000 0.000000e+000
      endloop
   endfacet
   facet normal 3.956974e-001 9.183810e-001 0.000000e+000
      outer loop
         vertex 3.447347e+000 6.660766e+000 1.000000e+000
         vertex 2.722352e+000 6.988476e+000 0.000000e+000
         vertex 2.722352e+000 6.988476e+000 1.000000e+000
      endloop
   endfacet
   facet normal 3.298092e-001 9.440476e-001 0.000000e+000
      outer loop
         vertex 2.722352e+000 6.988476e+000 1.000000e+000
         vertex 2.722352e+000 6.988476e+000 0.000000e+000
         vertex 1.966720e+000 7.237542e+000 0.000000e+000
      endloop
   endfacet
   facet normal 2.961835e-001 9.551311e-001 0.000000e+000
      outer loop
         vertex 2.722352e+000 6.988476e+000 1.000000e+000
         vertex 1.966720e+000 7.237542e+000 0.000000e+000
         vertex 1.966720e+000 7.237542e+000 1.000000e+000
      endloop
   endfacet
   facet normal 2.279472e-001 9.736735e-001 0.000000e+000
      outer loop
         vertex 1.966720e+000 7.237542e+000 1.000000e+000
         vertex 1.966720e+000 7.237542e+000 0.000000e+000
         vertex 1.188955e+000 7.405159e+000 0.000000e+000
      endloop
   endfacet
   facet normal 1.933366e-001 9.811325e-001 0.000000e+000
      outer loop
         vertex 1.966720e+000 7.237542e+000 1.000000e+000
         vertex 1.188955e+000 7.405159e+000 0.000000e+000
         vertex 1.188955e+000 7.405159e+000 1.000000e+000
      endloop
   endfacet
   facet normal 1.235199e-001 9.923421e-001 0.000000e+000
      outer loop
         vertex 1.188955e+000 7.405159e+000 1.000000e+000
         vertex 1.188955e+000 7.405159e+000 0.000000e+000
         vertex 3.978106e-001 7.489442e+000 0.000000e+000
      endloop
   endfacet
   facet normal 8.831389e-002 9.960927e-001 0.000000e+000
      outer loop
         vertex 1.188955e+000 7.405159e+000 1.000000e+000
         vertex 3.978106e-001 7.489442e+000 0.000000e+000
         vertex 3.978106e-001 7.489442e+000 1.000000e+000
      endloop
   endfacet
   facet normal 1.770262e-002 9.998433e-001 0.000000e+000
      outer loop
         vertex 3.978106e-001 7.489442e+000 1.000000e+000
         vertex 3.978106e-001 7.489442e+000 0.000000e+000
         vertex -3.978106e-001 7.489442e+000 0.000000e+000
      endloop
   endfacet
   facet normal -1.770262e-002 9.998433e-001 0.000000e+000
      outer loop
         vertex 3.978106e-001 7.489442e+000 1.000000e+000
         vertex -3.978106e-001 7.489442e+000 0.000000e+000
         vertex -3.978106e-001 7.489442e+000 1.000000e+000
      endloop
   endfacet
   facet normal -8.831389e-002 9.960927e-001 0.000000e+000
      outer loop
         vertex -3.978106e-001 7.489442e+000 1.000000e+000
         vertex -3.978106e-001 7.489442e+000 0.000000e+000
         vertex -1.188955e+000 7.405159e+000 0.000000e+000
      endloop
   endfacet
   facet normal -1.235199e-001 9.923421e-001 0.000000e+000
      outer loop
         vertex -3.978106e-001 7.489442e+000 1.000000e+000
         vertex -1.188955e+000 7.405159e+000 0.000000e+000
         vertex -1.188955e+000 7.405159e+000 1.000000e+000
      endloop
   endfacet
   facet normal -1.933366e-001 9.811325e-001 0.000000e+000
      outer loop
         vertex -1.188955e+000 7.405159e+000 1.000000e+000
         vertex -1.188955e+000 7.405159e+000 0.000000e+000
         vertex -1.966720e+000 7.237542e+000 0.000000e+000
      endloop
   endfacet
   facet normal -2.279472e-001 9.736735e-001 0.000000e+000
      outer loop
         vertex -1.188955e+000 7.405159e+000 1.000000e+000
         vertex -1.966720e+000 7.237542e+000 0.000000e+000
         vertex -1.966720e+000 7.237542e+000 1.000000e+000
      endloop
   endfacet
   facet normal -2.961835e-001 9.551311e-001 0.000000e+000
      outer loop
         vertex -1.966720e+000 7.237542e+000 1.000000e+000
         vertex -1.966720e+000 7.237542e+000 0.000000e+000
         vertex -2.722352e+000 6.988476e+000 0.000000e+000
      endloop
   endfacet
   facet normal -3.298092e-001 9.440476e-001 0.000000e+000
      outer loop
         vertex -1.966720e+000 7.237542e+000 1.000000e+000
         vertex -2.722352e+000 6.988476e+000 0.000000e+000
         vertex -2.722352e+000 6.988476e+000 1.000000e+000
      endloop
   endfacet
   facet normal -3.956974e-001 9.183810e-001 0.000000e+000
      outer loop
         vertex -2.722352e+000 6.988476e+000 1.000000e+000
         vertex -2.722352e+000 6.988476e+000 0.000000e+000
         vertex -3.447347e+000 6.660766e+000 0.000000e+000
      endloop
   endfacet
   facet normal -4.279597e-001 9.037978e-001 0.000000e+000
      outer loop
         vertex -2.722352e+000 6.988476e+000 1.000000e+000
         vertex -3.447347e+000 6.660766e+000 0.000000e+000
         vertex -3.447347e+000 6.660766e+000 1.000000e+000
      endloop
   endfacet
   facet normal -4.907582e-001 8.712959e-001 0.000000e+000
      outer loop
         vertex -3.447347e+000 6.660766e+000 1.000000e+000
         vertex -3.447347e+000 6.660766e+000 0.000000e+000
         vertex -4.133548e+000 6.258098e+000 0.000000e+000
      endloop
   endfacet
   facet normal -5.212941e-001 8.533770e-001 0.000000e+000
      outer loop
         vertex -3.447347e+000 6.660766e+000 1.000000e+000
         vertex -4.133548e+000 6.258098e+000 0.000000e+000
         vertex -4.133548e+000 6.258098e+000 1.000000e+000
      endloop
   endfacet
   facet normal -5.802961e-001 8.144055e-001 0.000000e+000
      outer loop
         vertex -4.133548e+000 6.258098e+000 1.000000e+000
         vertex -4.133548e+000 6.258098e+000 0.000000e+000
         vertex -4.773232e+000 5.785003e+000 0.000000e+000
      endloop
   endfacet
   facet normal -6.087621e-001 7.933528e-001 0.000000e+000
      outer loop
         vertex -4.133548e+000 6.258098e+000 1.000000e+000
         vertex -4.773232e+000 5.785003e+000 0.000000e+000
         vertex -4.773232e+000 5.785003e+000 1.000000e+000
      endloop
   endfacet
   facet normal -6.633037e-001 7.483503e-001 0.000000e+000
      outer loop
         vertex -4.773232e+000 5.785003e+000 1.000000e+000
         vertex -4.773232e+000 5.785003e+000 0.000000e+000
         vertex -5.359200e+000 5.246807e+000 0.000000e+000
      endloop
   endfacet
   facet normal -6.893795e-001 7.244005e-001 0.000000e+000
      outer loop
         vertex -4.773232e+000 5.785003e+000 1.000000e+000
         vertex -5.359200e+000 5.246807e+000 0.000000e+000
         vertex -5.359200e+000 5.246807e+000 1.000000e+000
      endloop
   endfacet
   facet normal -7.388469e-001 6.738733e-001 0.000000e+000
      outer loop
         vertex -5.359200e+000 5.246807e+000 1.000000e+000
         vertex -5.359200e+000 5.246807e+000 0.000000e+000
         vertex -5.884857e+000 4.649566e+000 0.000000e+000
      endloop
   endfacet
   facet normal -7.622387e-001 6.472960e-001 0.000000e+000
      outer loop
         vertex -5.359200e+000 5.246807e+000 1.000000e+000
         vertex -5.884857e+000 4.649566e+000 0.000000e+000
         vertex -5.884857e+000 4.649566e+000 1.000000e+000
      endloop
   endfacet
   facet normal -8.060753e-001 5.918130e-001 0.000000e+000
      outer loop
         vertex -5.884857e+000 4.649566e+000 1.000000e+000
         vertex -5.884857e+000 4.649566e+000 0.000000e+000
         vertex -6.344289e+000 4.000000e+000 0.000000e+000
      endloop
   endfacet
   facet normal -8.265201e-001 5.629072e-001 0.000000e+000
      outer loop
         vertex -5.884857e+000 4.649566e+000 1.000000e+000
         vertex -6.344289e+000 4.000000e+000 0.000000e+000
         vertex -6.344289e+000 4.000000e+000 1.000000e+000
      endloop
   endfacet
   facet normal 0.000000e+000 0.000000e+000 -1.000000e+000
      outer loop
         vertex -5.359200e+000 5.246807e+000 0.000000e+000
         vertex 6.344289e+000 4.000000e+000 0.000000e+000
         vertex -5.884857e+000 4.649566e+000 0.000000e+000
      endloop
   endfacet
   facet normal 0.000000e+000 0.000000e+000 -1.000000e+000
      outer loop
         vertex -5.884857e+000 4.649566e+000 0.000000e+000
         vertex 6.344289e+000 4.000000e+000 0.000000e+000
         vertex -6.344289e+000 4.000000e+000 0.000000e+000
      endloop
   endfacet
   facet normal 0.000000e+000 0.000000e+000 -1.000000e+000
      outer loop
         vertex -4.773232e+000 5.785003e+000 0.000000e+000
         vertex 5.359200e+000 5.246807e+000 0.000000e+000
         vertex -5.359200e+000 5.246807e+000 0.000000e+000
      endloop
   endfacet
   facet normal 0.000000e+000 0.000000e+000 -1.000000e+000
      outer loop
         vertex -5.359200e+000 5.246807e+000 0.000000e+000
         vertex 5.359200e+000 5.246807e+000 0.000000e+000
         vertex 5.884857e+000 4.649566e+000 0.000000e+000
      endloop
   endfacet
   facet normal 0.000000e+000 0.000000e+000 -1.000000e+000
      outer loop
         vertex -5.359200e+000 5.246807e+000 0.000000e+000
         vertex 5.884857e+000 4.649566e+000 0.000000e+000
         vertex 6.344289e+000 4.000000e+000 0.000000e+000
      endloop
   endfacet
   facet normal 0.000000e+000 0.000000e+000 -1.000000e+000
      outer loop
         vertex -4.773232e+000 5.785003e+000 0.000000e+000
         vertex -4.133548e+000 6.258098e+000 0.000000e+000
         vertex 5.359200e+000 5.246807e+000 0.000000e+000
      endloop
   endfacet
   facet normal 0.000000e+000 0.000000e+000 -1.000000e+000
      outer loop
         vertex 5.359200e+000 5.246807e+000 0.000000e+000
         vertex -4.133548e+000 6.258098e+000 0.000000e+000
         vertex -3.447347e+000 6.660766e+000 0.000000e+000
      endloop
   endfacet
   facet normal 0.000000e+000 0.000000e+000 -1.000000e+000
      outer loop
         vertex 5.359200e+000 5.246807e+000 0.000000e+000
         vertex -3.447347e+000 6.660766e+000 0.000000e+000
         vertex 4.773232e+000 5.785003e+000 0.000000e+000
      endloop
   endfacet
   facet normal 0.000000e+000 0.000000e+000 -1.000000e+000
      outer loop
         vertex 4.773232e+000 5.785003e+000 0.000000e+000
         vertex -3.447347e+000 6.660766e+000 0.000000e+000
         vertex 4.133548e+000 6.258098e+000 0.000000e+000
      endloop
   endfacet
   facet normal 0.000000e+000 0.000000e+000 -1.000000e+000
      outer loop
         vertex -3.447347e+000 6.660766e+000 0.000000e+000
         vertex -2.722352e+000 6.988476e+000 0.000000e+000
         vertex 4.133548e+000 6.258098e+000 0.000000e+000
      endloop
   endfacet
   facet normal 0.000000e+000 0.000000e+000 -1.000000e+000
      outer loop
         vertex 4.133548e+000 6.258098e+000 0.000000e+000
         vertex -2.722352e+000 6.988476e+000 0.000000e+000
         vertex -1.966720e+000 7.237542e+000 0.000000e+000
      endloop
   endfacet
   facet normal 0.000000e+000 0.000000e+000 -1.000000e+000
      outer loop
         vertex 4.133548e+000 6.258098e+000 0.000000e+000
         vertex -1.966720e+000 7.237542e+000 0.000000e+000
         vertex -1.188955e+000 7.405159e+000 0.000000e+000
      endloop
   endfacet
   facet normal 0.000000e+000 0.000000e+000 -1.000000e+000
      outer loop
         vertex -1.188955e+000 7.405159e+000 0.000000e+000
         vertex -3.978106e-001 7.489442e+000 0.000000e+000
         vertex 4.133548e+000 6.258098e+000 0.000000e+000
      endloop
   endfacet
   facet normal 0.000000e+000 0.000000e+000 -1.000000e+000
      outer loop
         vertex 4.133548e+000 6.258098e+000 0.000000e+000
         vertex -3.978106e-001 7.489442e+000 0.000000e+000
         vertex 3.978106e-001 7.489442e+000 0.000000e+000
      endloop
   endfacet
   facet normal 0.000000e+000 0.000000e+000 -1.000000e+000
      outer loop
         vertex 4.133548e+000 6.258098e+000 0.000000e+000
         vertex 3.978106e-001 7.489442e+000 0.000000e+000
         vertex 1.188955e+000 7.405159e+000 0.000000e+000
      endloop
   endfacet
   facet normal 0.000000e+000 0.000000e+000 -1.000000e+000
      outer loop
         vertex 1.188955e+000 7.405159e+000 0.000000e+000
         vertex 1.966720e+000 7.237542e+000 0.000000e+000
         vertex 4.133548e+000 6.258098e+000 0.000000e+000
      endloop
   endfacet
   facet normal 0.000000e+000 0.000000e+000 -1.000000e+000
      outer loop
         vertex 4.133548e+000 6.258098e+000 0.000000e+000
         vertex 1.966720e+000 7.237542e+000 0.000000e+000
         vertex 2.722352e+000 6.988476e+000 0.000000e+000
      endloop
   endfacet
   facet normal 0.000000e+000 0.000000e+000 -1.000000e+000
      outer loop
         vertex 4.133548e+000 6.258098e+000 0.000000e+000
         vertex 2.722352e+000 6.988476e+000 0.000000e+000
         vertex 3.447347e+000 6.660766e+000 0.000000e+000
      endloop
   endfacet
   facet normal 0.000000e+000 0.000000e+000 1.000000e+000
      outer loop
         vertex -5.884857e+000 4.649566e+000 1.000000e+000
         vertex -6.344289e+000 4.000000e+000 1.000000e+000
         vertex -4.472136e+000 4.000000e+000 1.000000e+000
      endloop
   endfacet
   facet normal 0.000000e+000 0.000000e+000 1.000000e+000
      outer loop
         vertex 6.344289e+000 4.000000e+000 1.000000e+000
         vertex 5.884857e+000 4.649566e+000 1.000000e+000
         vertex 4.472136e+000 4.000000e+000 1.000000e+000
      endloop
   endfacet
   facet normal 0.000000e+000 0.000000e+000 1.000000e+000
      outer loop
         vertex 4.472136e+000 4.000000e+000 1.000000e+000
         vertex 5.884857e+000 4.649566e+000 1.000000e+000
         vertex 5.359200e+000 5.246807e+000 1.000000e+000
      endloop
   endfacet
   facet normal 0.000000e+000 0.000000e+000 1.000000e+000
      outer loop
         vertex 4.472136e+000 4.000000e+000 1.000000e+000
         vertex 5.359200e+000 5.246807e+000 1.000000e+000
         vertex 3.978736e+000 4.491065e+000 1.000000e+000
      endloop
   endfacet
   facet normal 0.000000e+000 0.000000e+000 1.000000e+000
      outer loop
         vertex 3.978736e+000 4.491065e+000 1.000000e+000
         vertex 5.359200e+000 5.246807e+000 1.000000e+000
         vertex 4.773232e+000 5.785003e+000 1.000000e+000
      endloop
   endfacet
   facet normal 0.000000e+000 0.000000e+000 1.000000e+000
      outer loop
         vertex 3.978736e+000 4.491065e+000 1.000000e+000
         vertex 4.773232e+000 5.785003e+000 1.000000e+000
         vertex 3.408388e+000 4.937903e+000 1.000000e+000
      endloop
   endfacet
   facet normal 0.000000e+000 0.000000e+000 1.000000e+000
      outer loop
         vertex 3.408388e+000 4.937903e+000 1.000000e+000
         vertex 4.773232e+000 5.785003e+000 1.000000e+000
         vertex 4.133548e+000 6.258098e+000 1.000000e+000
      endloop
   endfacet
   facet normal 0.000000e+000 0.000000e+000 1.000000e+000
      outer loop
         vertex 3.408388e+000 4.937903e+000 1.000000e+000
         vertex 4.133548e+000 6.258098e+000 1.000000e+000
         vertex 2.788339e+000 5.312736e+000 1.000000e+000
      endloop
   endfacet
   facet normal 0.000000e+000 0.000000e+000 1.000000e+000
      outer loop
         vertex 2.788339e+000 5.312736e+000 1.000000e+000
         vertex 4.133548e+000 6.258098e+000 1.000000e+000
         vertex 3.447347e+000 6.660766e+000 1.000000e+000
      endloop
   endfacet
   facet normal 0.000000e+000 0.000000e+000 1.000000e+000
      outer loop
         vertex 2.788339e+000 5.312736e+000 1.000000e+000
         vertex 3.447347e+000 6.660766e+000 1.000000e+000
         vertex 2.127629e+000 5.610098e+000 1.000000e+000
      endloop
   endfacet
   facet normal 0.000000e+000 0.000000e+000 1.000000e+000
      outer loop
         vertex 2.127629e+000 5.610098e+000 1.000000e+000
         vertex 3.447347e+000 6.660766e+000 1.000000e+000
         vertex 2.722352e+000 6.988476e+000 1.000000e+000
      endloop
   endfacet
   facet normal 0.000000e+000 0.000000e+000 1.000000e+000
      outer loop
         vertex 2.127629e+000 5.610098e+000 1.000000e+000
         vertex 2.722352e+000 6.988476e+000 1.000000e+000
         vertex 1.435894e+000 5.825651e+000 1.000000e+000
      endloop
   endfacet
   facet normal 0.000000e+000 0.000000e+000 1.000000e+000
      outer loop
         vertex 1.435894e+000 5.825651e+000 1.000000e+000
         vertex 2.722352e+000 6.988476e+000 1.000000e+000
         vertex 1.966720e+000 7.237542e+000 1.000000e+000
      endloop
   endfacet
   facet normal 0.000000e+000 0.000000e+000 1.000000e+000
      outer loop
         vertex 1.435894e+000 5.825651e+000 1.000000e+000
         vertex 1.966720e+000 7.237542e+000 1.000000e+000
         vertex 7.232201e-001 5.956253e+000 1.000000e+000
      endloop
   endfacet
   facet normal 0.000000e+000 0.000000e+000 1.000000e+000
      outer loop
         vertex 7.232201e-001 5.956253e+000 1.000000e+000
         vertex 1.966720e+000 7.237542e+000 1.000000e+000
         vertex 1.188955e+000 7.405159e+000 1.000000e+000
      endloop
   endfacet
   facet normal 0.000000e+000 0.000000e+000 1.000000e+000
      outer loop
         vertex 7.232201e-001 5.956253e+000 1.000000e+000
         vertex 1.188955e+000 7.405159e+000 1.000000e+000
         vertex 3.673940e-016 6.000000e+000 1.000000e+000
      endloop
   endfacet
   facet normal 0.000000e+000 0.000000e+000 1.000000e+000
      outer loop
         vertex 1.188955e+000 7.405159e+000 1.000000e+000
         vertex 3.978106e-001 7.489442e+000 1.000000e+000
         vertex 3.673940e-016 6.000000e+000 1.000000e+000
      endloop
   endfacet
   facet normal 0.000000e+000 0.000000e+000 1.000000e+000
      outer loop
         vertex 3.673940e-016 6.000000e+000 1.000000e+000
         vertex 3.978106e-001 7.489442e+000 1.000000e+000
         vertex -3.978106e-001 7.489442e+000 1.000000e+000
      endloop
   endfacet
   facet normal 0.000000e+000 0.000000e+000 1.000000e+000
      outer loop
         vertex 3.673940e-016 6.000000e+000 1.000000e+000
         vertex -3.978106e-001 7.489442e+000 1.000000e+000
         vertex -7.232201e-001 5.956253e+000 1.000000e+000
      endloop
   endfacet
   facet normal 0.000000e+000 0.000000e+000 1.000000e+000
      outer loop
         vertex -7.232201e-001 5.956253e+000 1.000000e+000
         vertex -3.978106e-001 7.489442e+000 1.000000e+000
         vertex -1.188955e+000 7.405159e+000 1.000000e+000
      endloop
   endfacet
   facet normal 0.000000e+000 0.000000e+000 1.000000e+000
      outer loop
         vertex -7.232201e-001 5.956253e+000 1.000000e+000
         vertex -1.188955e+000 7.405159e+000 1.000000e+000
         vertex -1.435894e+000 5.825651e+000 1.000000e+000
      endloop
   endfacet
   facet normal 0.000000e+000 0.000000e+000 1.000000e+000
      outer loop
         vertex -1.435894e+000 5.825651e+000 1.000000e+000
         vertex -1.188955e+000 7.405159e+000 1.000000e+000
         vertex -1.966720e+000 7.237542e+000 1.000000e+000
      endloop
   endfacet
   facet normal 0.000000e+000 0.000000e+000 1.000000e+000
      outer loop
         vertex -1.435894e+000 5.825651e+000 1.000000e+000
         vertex -1.966720e+000 7.237542e+000 1.000000e+000
         vertex -2.127629e+000 5.610098e+000 1.000000e+000
      endloop
   endfacet
   facet normal 0.000000e+000 0.000000e+000 1.000000e+000
      outer loop
         vertex -2.127629e+000 5.610098e+000 1.000000e+000
         vertex -1.966720e+000 7.237542e+000 1.000000e+000
         vertex -2.722352e+000 6.988476e+000 1.000000e+000
      endloop
   endfacet
   facet normal 0.000000e+000 0.000000e+000 1.000000e+000
      outer loop
         vertex -2.127629e+000 5.610098e+000 1.000000e+000
         vertex -2.722352e+000 6.988476e+000 1.000000e+000
         vertex -2.788339e+000 5.312736e+000 1.000000e+000
      endloop
   endfacet
   facet normal 0.000000e+000 0.000000e+000 1.000000e+000
      outer loop
         vertex -2.788339e+000 5.312736e+000 1.000000e+000
         vertex -2.722352e+000 6.988476e+000 1.000000e+000
         vertex -3.447347e+000 6.660766e+000 1.000000e+000
      endloop
   endfacet
   facet normal 0.000000e+000 0.000000e+000 1.000000e+000
      outer loop
         vertex -2.788339e+000 5.312736e+000 1.000000e+000
         vertex -3.447347e+000 6.660766e+000 1.000000e+000
         vertex -3.408388e+000 4.937903e+000 1.000000e+000
      endloop
   endfacet
   facet normal 0.000000e+000 0.000000e+000 1.000000e+000
      outer loop
         vertex -3.408388e+000 4.937903e+000 1.000000e+000
         vertex -3.447347e+000 6.660766e+000 1.000000e+000
         vertex -4.133548e+000 6.258098e+000 1.000000e+000
      endloop
   endfacet
   facet normal 0.000000e+000 0.000000e+000 1.000000e+000
      outer loop
         vertex -3.408388e+000 4.937903e+000 1.000000e+000
         vertex -4.133548e+000 6.258098e+000 1.000000e+000
         vertex -3.978736e+000 4.491065e+000 1.000000e+000
      endloop
   endfacet
   facet normal 0.000000e+000 0.000000e+000 1.000000e+000
      outer loop
         vertex -3.978736e+000 4.491065e+000 1.000000e+000
         vertex -4.133548e+000 6.258098e+000 1.000000e+000
         vertex -4.773232e+000 5.785003e+000 1.000000e+000
      endloop
   endfacet
   facet normal 0.000000e+000 0.000000e+000 1.000000e+000
      outer loop
         vertex -3.978736e+000 4.491065e+000 1.000000e+000
         vertex -4.773232e+000 5.785003e+000 1.000000e+000
         vertex -4.472136e+000 4.000000e+000 1.000000e+000
      endloop
   endfacet
   facet normal 0.000000e+000 0.000000e+000 1.000000e+000
      outer loop
         vertex -4.472136e+000 4.000000e+000 1.000000e+000
         vertex -4.773232e+000 5.785003e+000 1.000000e+000
         vertex -5.359200e+000 5.246807e+000 1.000000e+000
      endloop
   endfacet
   facet normal 0.000000e+000 0.000000e+000 1.000000e+000
      outer loop
         vertex -4.472136e+000 4.000000e+000 1.000000e+000
         vertex -5.359200e+000 5.246807e+000 1.000000e+000
         vertex -5.884857e+000 4.649566e+000 1.000000e+000
      endloop
   endfacet
   facet normal 0.000000e+000 0.000000e+000 1.000000e+000
      outer loop
         vertex 2.828632e+000 -9.994194e-001 1.200000e+001
         vertex 5.340180e+000 -1.316236e+000 1.200000e+001
         vertex 2.956848e+000 -5.070025e-001 1.200000e+001
      endloop
   endfacet
   facet normal 0.000000e+000 0.000000e+000 1.000000e+000
      outer loop
         vertex 2.956848e+000 -5.070025e-001 1.200000e+001
         vertex 5.340180e+000 -1.316236e+000 1.200000e+001
         vertex 5.459898e+000 -6.629517e-001 1.200000e+001
      endloop
   endfacet
   facet normal 0.000000e+000 0.000000e+000 1.000000e+000
      outer loop
         vertex 2.956848e+000 -5.070025e-001 1.200000e+001
         vertex 5.459898e+000 -6.629517e-001 1.200000e+001
         vertex 3.000000e+000 0.000000e+000 1.200000e+001
      endloop
   endfacet
   facet normal 0.000000e+000 0.000000e+000 1.000000e+000
      outer loop
         vertex 3.000000e+000 0.000000e+000 1.200000e+001
         vertex 5.459898e+000 -6.629517e-001 1.200000e+001
         vertex 5.500000e+000 6.735557e-016 1.200000e+001
      endloop
   endfacet
   facet normal 0.000000e+000 0.000000e+000 1.000000e+000
      outer loop
         vertex 3.000000e+000 0.000000e+000 1.200000e+001
         vertex 5.500000e+000 6.735557e-016 1.200000e+001
         vertex 2.956848e+000 5.070025e-001 1.200000e+001
      endloop
   endfacet
   facet normal 0.000000e+000 0.000000e+000 1.000000e+000
      outer loop
         vertex 2.334107e+000 -1.884660e+000 1.200000e+001
         vertex 4.526411e+000 -3.124356e+000 1.200000e+001
         vertex 2.619042e+000 -1.463085e+000 1.200000e+001
      endloop
   endfacet
   facet normal 0.000000e+000 0.000000e+000 1.000000e+000
      outer loop
         vertex 2.619042e+000 -1.463085e+000 1.200000e+001
         vertex 4.526411e+000 -3.124356e+000 1.200000e+001
         vertex 4.870008e+000 -2.555978e+000 1.200000e+001
      endloop
   endfacet
   facet normal 0.000000e+000 0.000000e+000 1.000000e+000
      outer loop
         vertex 2.619042e+000 -1.463085e+000 1.200000e+001
         vertex 4.870008e+000 -2.555978e+000 1.200000e+001
         vertex 2.828632e+000 -9.994194e-001 1.200000e+001
      endloop
   endfacet
   facet normal 0.000000e+000 0.000000e+000 1.000000e+000
      outer loop
         vertex 2.828632e+000 -9.994194e-001 1.200000e+001
         vertex 4.870008e+000 -2.555978e+000 1.200000e+001
         vertex 5.142590e+000 -1.950327e+000 1.200000e+001
      endloop
   endfacet
   facet normal 0.000000e+000 0.000000e+000 1.000000e+000
      outer loop
         vertex 2.828632e+000 -9.994194e-001 1.200000e+001
         vertex 5.142590e+000 -1.950327e+000 1.200000e+001
         vertex 5.340180e+000 -1.316236e+000 1.200000e+001
      endloop
   endfacet
   facet normal 0.000000e+000 0.000000e+000 1.000000e+000
      outer loop
         vertex 1.118569e+000 -2.783667e+000 1.200000e+001
         vertex 2.555978e+000 -4.870008e+000 1.200000e+001
         vertex 1.572922e+000 -2.554587e+000 1.200000e+001
      endloop
   endfacet
   facet normal 0.000000e+000 0.000000e+000 1.000000e+000
      outer loop
         vertex 1.572922e+000 -2.554587e+000 1.200000e+001
         vertex 2.555978e+000 -4.870008e+000 1.200000e+001
         vertex 3.124356e+000 -4.526411e+000 1.200000e+001
      endloop
   endfacet
   facet normal 0.000000e+000 0.000000e+000 1.000000e+000
      outer loop
         vertex 1.572922e+000 -2.554587e+000 1.200000e+001
         vertex 3.124356e+000 -4.526411e+000 1.200000e+001
         vertex 1.982024e+000 -2.252017e+000 1.200000e+001
      endloop
   endfacet
   facet normal 0.000000e+000 0.000000e+000 1.000000e+000
      outer loop
         vertex 1.982024e+000 -2.252017e+000 1.200000e+001
         vertex 3.124356e+000 -4.526411e+000 1.200000e+001
         vertex 3.647175e+000 -4.116809e+000 1.200000e+001
      endloop
   endfacet
   facet normal 0.000000e+000 0.000000e+000 1.000000e+000
      outer loop
         vertex 1.982024e+000 -2.252017e+000 1.200000e+001
         vertex 3.647175e+000 -4.116809e+000 1.200000e+001
         vertex 2.334107e+000 -1.884660e+000 1.200000e+001
      endloop
   endfacet
   facet normal 0.000000e+000 0.000000e+000 1.000000e+000
      outer loop
         vertex 2.334107e+000 -1.884660e+000 1.200000e+001
         vertex 3.647175e+000 -4.116809e+000 1.200000e+001
         vertex 4.116809e+000 -3.647175e+000 1.200000e+001
      endloop
   endfacet
   facet normal 0.000000e+000 0.000000e+000 1.000000e+000
      outer loop
         vertex 2.334107e+000 -1.884660e+000 1.200000e+001
         vertex 4.116809e+000 -3.647175e+000 1.200000e+001
         vertex 4.526411e+000 -3.124356e+000 1.200000e+001
      endloop
   endfacet
   facet normal 0.000000e+000 0.000000e+000 1.000000e+000
      outer loop
         vertex -1.350611e+000 -2.678777e+000 1.200000e+001
         vertex -1.950327e+000 -5.142590e+000 1.200000e+001
         vertex -8.784683e-001 -2.868500e+000 1.200000e+001
      endloop
   endfacet
   facet normal 0.000000e+000 0.000000e+000 1.000000e+000
      outer loop
         vertex -8.784683e-001 -2.868500e+000 1.200000e+001
         vertex -1.950327e+000 -5.142590e+000 1.200000e+001
         vertex -1.316236e+000 -5.340180e+000 1.200000e+001
      endloop
   endfacet
   facet normal 0.000000e+000 0.000000e+000 1.000000e+000
      outer loop
         vertex -8.784683e-001 -2.868500e+000 1.200000e+001
         vertex -1.316236e+000 -5.340180e+000 1.200000e+001
         vertex -3.810534e-001 -2.975701e+000 1.200000e+001
      endloop
   endfacet
   facet normal 0.000000e+000 0.000000e+000 1.000000e+000
      outer loop
         vertex -3.810534e-001 -2.975701e+000 1.200000e+001
         vertex -1.316236e+000 -5.340180e+000 1.200000e+001
         vertex -6.629517e-001 -5.459898e+000 1.200000e+001
      endloop
   endfacet
   facet normal 0.000000e+000 0.000000e+000 1.000000e+000
      outer loop
         vertex -3.810534e-001 -2.975701e+000 1.200000e+001
         vertex -6.629517e-001 -5.459898e+000 1.200000e+001
         vertex 1.273236e-001 -2.997297e+000 1.200000e+001
      endloop
   endfacet
   facet normal 0.000000e+000 0.000000e+000 1.000000e+000
      outer loop
         vertex -6.629517e-001 -5.459898e+000 1.200000e+001
         vertex 5.895315e-015 -5.500000e+000 1.200000e+001
         vertex 1.273236e-001 -2.997297e+000 1.200000e+001
      endloop
   endfacet
   facet normal 0.000000e+000 0.000000e+000 1.000000e+000
      outer loop
         vertex 1.273236e-001 -2.997297e+000 1.200000e+001
         vertex 5.895315e-015 -5.500000e+000 1.200000e+001
         vertex 6.629517e-001 -5.459898e+000 1.200000e+001
      endloop
   endfacet
   facet normal 0.000000e+000 0.000000e+000 1.000000e+000
      outer loop
         vertex 1.273236e-001 -2.997297e+000 1.200000e+001
         vertex 6.629517e-001 -5.459898e+000 1.200000e+001
         vertex 6.320378e-001 -2.932666e+000 1.200000e+001
      endloop
   endfacet
   facet normal 0.000000e+000 0.000000e+000 1.000000e+000
      outer loop
         vertex 6.320378e-001 -2.932666e+000 1.200000e+001
         vertex 6.629517e-001 -5.459898e+000 1.200000e+001
         vertex 1.316236e+000 -5.340180e+000 1.200000e+001
      endloop
   endfacet
   facet normal 0.000000e+000 0.000000e+000 1.000000e+000
      outer loop
         vertex 6.320378e-001 -2.932666e+000 1.200000e+001
         vertex 1.316236e+000 -5.340180e+000 1.200000e+001
         vertex 1.118569e+000 -2.783667e+000 1.200000e+001
      endloop
   endfacet
   facet normal 0.000000e+000 0.000000e+000 1.000000e+000
      outer loop
         vertex 1.118569e+000 -2.783667e+000 1.200000e+001
         vertex 1.316236e+000 -5.340180e+000 1.200000e+001
         vertex 1.950327e+000 -5.142590e+000 1.200000e+001
      endloop
   endfacet
   facet normal 0.000000e+000 0.000000e+000 1.000000e+000
      outer loop
         vertex 1.118569e+000 -2.783667e+000 1.200000e+001
         vertex 1.950327e+000 -5.142590e+000 1.200000e+001
         vertex 2.555978e+000 -4.870008e+000 1.200000e+001
      endloop
   endfacet
   facet normal 0.000000e+000 0.000000e+000 1.000000e+000
      outer loop
         vertex -2.165868e+000 -2.075816e+000 1.200000e+001
         vertex -3.647175e+000 -4.116809e+000 1.200000e+001
         vertex -1.783900e+000 -2.411991e+000 1.200000e+001
      endloop
   endfacet
   facet normal 0.000000e+000 0.000000e+000 1.000000e+000
      outer loop
         vertex -1.783900e+000 -2.411991e+000 1.200000e+001
         vertex -3.647175e+000 -4.116809e+000 1.200000e+001
         vertex -3.124356e+000 -4.526411e+000 1.200000e+001
      endloop
   endfacet
   facet normal 0.000000e+000 0.000000e+000 1.000000e+000
      outer loop
         vertex -1.783900e+000 -2.411991e+000 1.200000e+001
         vertex -3.124356e+000 -4.526411e+000 1.200000e+001
         vertex -1.350611e+000 -2.678777e+000 1.200000e+001
      endloop
   endfacet
   facet normal 0.000000e+000 0.000000e+000 1.000000e+000
      outer loop
         vertex -1.350611e+000 -2.678777e+000 1.200000e+001
         vertex -3.124356e+000 -4.526411e+000 1.200000e+001
         vertex -2.555978e+000 -4.870008e+000 1.200000e+001
      endloop
   endfacet
   facet normal 0.000000e+000 0.000000e+000 1.000000e+000
      outer loop
         vertex -1.350611e+000 -2.678777e+000 1.200000e+001
         vertex -2.555978e+000 -4.870008e+000 1.200000e+001
         vertex -1.950327e+000 -5.142590e+000 1.200000e+001
      endloop
   endfacet
   facet normal 0.000000e+000 0.000000e+000 1.000000e+000
      outer loop
         vertex -2.903199e+000 -7.559342e-001 1.200000e+001
         vertex -5.142590e+000 -1.950327e+000 1.200000e+001
         vertex -2.733685e+000 -1.235704e+000 1.200000e+001
      endloop
   endfacet
   facet normal 0.000000e+000 0.000000e+000 1.000000e+000
      outer loop
         vertex -2.733685e+000 -1.235704e+000 1.200000e+001
         vertex -5.142590e+000 -1.950327e+000 1.200000e+001
         vertex -4.870008e+000 -2.555978e+000 1.200000e+001
      endloop
   endfacet
   facet normal 0.000000e+000 0.000000e+000 1.000000e+000
      outer loop
         vertex -2.733685e+000 -1.235704e+000 1.200000e+001
         vertex -4.870008e+000 -2.555978e+000 1.200000e+001
         vertex -2.485529e+000 -1.679924e+000 1.200000e+001
      endloop
   endfacet
   facet normal 0.000000e+000 0.000000e+000 1.000000e+000
      outer loop
         vertex -2.485529e+000 -1.679924e+000 1.200000e+001
         vertex -4.870008e+000 -2.555978e+000 1.200000e+001
         vertex -4.526411e+000 -3.124356e+000 1.200000e+001
      endloop
   endfacet
   facet normal 0.000000e+000 0.000000e+000 1.000000e+000
      outer loop
         vertex -2.485529e+000 -1.679924e+000 1.200000e+001
         vertex -4.526411e+000 -3.124356e+000 1.200000e+001
         vertex -2.165868e+000 -2.075816e+000 1.200000e+001
      endloop
   endfacet
   facet normal 0.000000e+000 0.000000e+000 1.000000e+000
      outer loop
         vertex -2.165868e+000 -2.075816e+000 1.200000e+001
         vertex -4.526411e+000 -3.124356e+000 1.200000e+001
         vertex -4.116809e+000 -3.647175e+000 1.200000e+001
      endloop
   endfacet
   facet normal 0.000000e+000 0.000000e+000 1.000000e+000
      outer loop
         vertex -2.165868e+000 -2.075816e+000 1.200000e+001
         vertex -4.116809e+000 -3.647175e+000 1.200000e+001
         vertex -3.647175e+000 -4.116809e+000 1.200000e+001
      endloop
   endfacet
   facet normal 0.000000e+000 0.000000e+000 1.000000e+000
      outer loop
         vertex -2.989192e+000 2.544178e-001 1.200000e+001
         vertex -5.500000e+000 0.000000e+000 1.200000e+001
         vertex -2.989192e+000 -2.544178e-001 1.200000e+001
      endloop
   endfacet
   facet normal 0.000000e+000 0.000000e+000 1.000000e+000
      outer loop
         vertex -2.989192e+000 -2.544178e-001 1.200000e+001
         vertex -5.500000e+000 0.000000e+000 1.200000e+001
         vertex -5.459898e+000 -6.629517e-001 1.200000e+001
      endloop
   endfacet
   facet normal 0.000000e+000 0.000000e+000 1.000000e+000
      outer loop
         vertex -2.989192e+000 -2.544178e-001 1.200000e+001
         vertex -5.459898e+000 -6.629517e-001 1.200000e+001
         vertex -2.903199e+000 -7.559342e-001 1.200000e+001
      endloop
   endfacet
   facet normal 0.000000e+000 0.000000e+000 1.000000e+000
      outer loop
         vertex -2.903199e+000 -7.559342e-001 1.200000e+001
         vertex -5.459898e+000 -6.629517e-001 1.200000e+001
         vertex -5.340180e+000 -1.316236e+000 1.200000e+001
      endloop
   endfacet
   facet normal 0.000000e+000 0.000000e+000 1.000000e+000
      outer loop
         vertex -2.903199e+000 -7.559342e-001 1.200000e+001
         vertex -5.340180e+000 -1.316236e+000 1.200000e+001
         vertex -5.142590e+000 -1.950327e+000 1.200000e+001
      endloop
   endfacet
   facet normal 0.000000e+000 0.000000e+000 1.000000e+000
      outer loop
         vertex -1.783900e+000 2.411991e+000 1.200000e+001
         vertex -3.647175e+000 4.116809e+000 1.200000e+001
         vertex -2.165868e+000 2.075816e+000 1.200000e+001
      endloop
   endfacet
   facet normal 0.000000e+000 0.000000e+000 1.000000e+000
      outer loop
         vertex -2.165868e+000 2.075816e+000 1.200000e+001
         vertex -3.647175e+000 4.116809e+000 1.200000e+001
         vertex -4.116809e+000 3.647175e+000 1.200000e+001
      endloop
   endfacet
   facet normal 0.000000e+000 0.000000e+000 1.000000e+000
      outer loop
         vertex -2.165868e+000 2.075816e+000 1.200000e+001
         vertex -4.116809e+000 3.647175e+000 1.200000e+001
         vertex -2.485529e+000 1.679924e+000 1.200000e+001
      endloop
   endfacet
   facet normal 0.000000e+000 0.000000e+000 1.000000e+000
      outer loop
         vertex -2.485529e+000 1.679924e+000 1.200000e+001
         vertex -4.116809e+000 3.647175e+000 1.200000e+001
         vertex -4.526411e+000 3.124356e+000 1.200000e+001
      endloop
   endfacet
   facet normal 0.000000e+000 0.000000e+000 1.000000e+000
      outer loop
         vertex -2.485529e+000 1.679924e+000 1.200000e+001
         vertex -4.526411e+000 3.124356e+000 1.200000e+001
         vertex -2.733685e+000 1.235704e+000 1.200000e+001
      endloop
   endfacet
   facet normal 0.000000e+000 0.000000e+000 1.000000e+000
      outer loop
         vertex -4.526411e+000 3.124356e+000 1.200000e+001
         vertex -4.870008e+000 2.555978e+000 1.200000e+001
         vertex -2.733685e+000 1.235704e+000 1.200000e+001
      endloop
   endfacet
   facet normal 0.000000e+000 0.000000e+000 1.000000e+000
      outer loop
         vertex -2.733685e+000 1.235704e+000 1.200000e+001
         vertex -4.870008e+000 2.555978e+000 1.200000e+001
         vertex -5.142590e+000 1.950327e+000 1.200000e+001
      endloop
   endfacet
   facet normal 0.000000e+000 0.000000e+000 1.000000e+000
      outer loop
         vertex -2.733685e+000 1.235704e+000 1.200000e+001
         vertex -5.142590e+000 1.950327e+000 1.200000e+001
         vertex -2.903199e+000 7.559342e-001 1.200000e+001
      endloop
   endfacet
   facet normal 0.000000e+000 0.000000e+000 1.000000e+000
      outer loop
         vertex -2.903199e+000 7.559342e-001 1.200000e+001
         vertex -5.142590e+000 1.950327e+000 1.200000e+001
         vertex -5.340180e+000 1.316236e+000 1.200000e+001
      endloop
   endfacet
   facet normal 0.000000e+000 0.000000e+000 1.000000e+000
      outer loop
         vertex -2.903199e+000 7.559342e-001 1.200000e+001
         vertex -5.340180e+000 1.316236e+000 1.200000e+001
         vertex -2.989192e+000 2.544178e-001 1.200000e+001
      endloop
   endfacet
   facet normal 0.000000e+000 0.000000e+000 1.000000e+000
      outer loop
         vertex -2.989192e+000 2.544178e-001 1.200000e+001
         vertex -5.340180e+000 1.316236e+000 1.200000e+001
         vertex -5.459898e+000 6.629517e-001 1.200000e+001
      endloop
   endfacet
   facet normal 0.000000e+000 0.000000e+000 1.000000e+000
      outer loop
         vertex -2.989192e+000 2.544178e-001 1.200000e+001
         vertex -5.459898e+000 6.629517e-001 1.200000e+001
         vertex -5.500000e+000 0.000000e+000 1.200000e+001
      endloop
   endfacet
   facet normal 0.000000e+000 0.000000e+000 1.000000e+000
      outer loop
         vertex -8.784683e-001 2.868500e+000 1.200000e+001
         vertex -1.950327e+000 5.142590e+000 1.200000e+001
         vertex -1.350611e+000 2.678777e+000 1.200000e+001
      endloop
   endfacet
   facet normal 0.000000e+000 0.000000e+000 1.000000e+000
      outer loop
         vertex -1.350611e+000 2.678777e+000 1.200000e+001
         vertex -1.950327e+000 5.142590e+000 1.200000e+001
         vertex -2.555978e+000 4.870008e+000 1.200000e+001
      endloop
   endfacet
   facet normal 0.000000e+000 0.000000e+000 1.000000e+000
      outer loop
         vertex -1.350611e+000 2.678777e+000 1.200000e+001
         vertex -2.555978e+000 4.870008e+000 1.200000e+001
         vertex -1.783900e+000 2.411991e+000 1.200000e+001
      endloop
   endfacet
   facet normal 0.000000e+000 0.000000e+000 1.000000e+000
      outer loop
         vertex -1.783900e+000 2.411991e+000 1.200000e+001
         vertex -2.555978e+000 4.870008e+000 1.200000e+001
         vertex -3.124356e+000 4.526411e+000 1.200000e+001
      endloop
   endfacet
   facet normal 0.000000e+000 0.000000e+000 1.000000e+000
      outer loop
         vertex -1.783900e+000 2.411991e+000 1.200000e+001
         vertex -3.124356e+000 4.526411e+000 1.200000e+001
         vertex -3.647175e+000 4.116809e+000 1.200000e+001
      endloop
   endfacet
   facet normal 0.000000e+000 0.000000e+000 1.000000e+000
      outer loop
         vertex 1.572922e+000 2.554587e+000 1.200000e+001
         vertex 2.555978e+000 4.870008e+000 1.200000e+001
         vertex 1.118569e+000 2.783667e+000 1.200000e+001
      endloop
   endfacet
   facet normal 0.000000e+000 0.000000e+000 1.000000e+000
      outer loop
         vertex 1.118569e+000 2.783667e+000 1.200000e+001
         vertex 2.555978e+000 4.870008e+000 1.200000e+001
         vertex 1.950327e+000 5.142590e+000 1.200000e+001
      endloop
   endfacet
   facet normal 0.000000e+000 0.000000e+000 1.000000e+000
      outer loop
         vertex 1.118569e+000 2.783667e+000 1.200000e+001
         vertex 1.950327e+000 5.142590e+000 1.200000e+001
         vertex 6.320378e-001 2.932666e+000 1.200000e+001
      endloop
   endfacet
   facet normal 0.000000e+000 0.000000e+000 1.000000e+000
      outer loop
         vertex 1.950327e+000 5.142590e+000 1.200000e+001
         vertex 1.316236e+000 5.340180e+000 1.200000e+001
         vertex 6.320378e-001 2.932666e+000 1.200000e+001
      endloop
   endfacet
   facet normal 0.000000e+000 0.000000e+000 1.000000e+000
      outer loop
         vertex 6.320378e-001 2.932666e+000 1.200000e+001
         vertex 1.316236e+000 5.340180e+000 1.200000e+001
         vertex 6.629517e-001 5.459898e+000 1.200000e+001
      endloop
   endfacet
   facet normal 0.000000e+000 0.000000e+000 1.000000e+000
      outer loop
         vertex 6.320378e-001 2.932666e+000 1.200000e+001
         vertex 6.629517e-001 5.459898e+000 1.200000e+001
         vertex 1.273236e-001 2.997297e+000 1.200000e+001
      endloop
   endfacet
   facet normal 0.000000e+000 0.000000e+000 1.000000e+000
      outer loop
         vertex 1.273236e-001 2.997297e+000 1.200000e+001
         vertex 6.629517e-001 5.459898e+000 1.200000e+001
         vertex -2.779269e-015 5.500000e+000 1.200000e+001
      endloop
   endfacet
   facet normal 0.000000e+000 0.000000e+000 1.000000e+000
      outer loop
         vertex 1.273236e-001 2.997297e+000 1.200000e+001
         vertex -2.779269e-015 5.500000e+000 1.200000e+001
         vertex -3.810534e-001 2.975701e+000 1.200000e+001
      endloop
   endfacet
   facet normal 0.000000e+000 0.000000e+000 1.000000e+000
      outer loop
         vertex -3.810534e-001 2.975701e+000 1.200000e+001
         vertex -2.779269e-015 5.500000e+000 1.200000e+001
         vertex -6.629517e-001 5.459898e+000 1.200000e+001
      endloop
   endfacet
   facet normal 0.000000e+000 0.000000e+000 1.000000e+000
      outer loop
         vertex -3.810534e-001 2.975701e+000 1.200000e+001
         vertex -6.629517e-001 5.459898e+000 1.200000e+001
         vertex -8.784683e-001 2.868500e+000 1.200000e+001
      endloop
   endfacet
   facet normal 0.000000e+000 0.000000e+000 1.000000e+000
      outer loop
         vertex -8.784683e-001 2.868500e+000 1.200000e+001
         vertex -6.629517e-001 5.459898e+000 1.200000e+001
         vertex -1.316236e+000 5.340180e+000 1.200000e+001
      endloop
   endfacet
   facet normal 0.000000e+000 0.000000e+000 1.000000e+000
      outer loop
         vertex -8.784683e-001 2.868500e+000 1.200000e+001
         vertex -1.316236e+000 5.340180e+000 1.200000e+001
         vertex -1.950327e+000 5.142590e+000 1.200000e+001
      endloop
   endfacet
   facet normal 0.000000e+000 0.000000e+000 1.000000e+000
      outer loop
         vertex 2.619042e+000 1.463085e+000 1.200000e+001
         vertex 4.526411e+000 3.124356e+000 1.200000e+001
         vertex 2.334107e+000 1.884660e+000 1.200000e+001
      endloop
   endfacet
   facet normal 0.000000e+000 0.000000e+000 1.000000e+000
      outer loop
         vertex 2.334107e+000 1.884660e+000 1.200000e+001
         vertex 4.526411e+000 3.124356e+000 1.200000e+001
         vertex 4.116809e+000 3.647175e+000 1.200000e+001
      endloop
   endfacet
   facet normal 0.000000e+000 0.000000e+000 1.000000e+000
      outer loop
         vertex 2.334107e+000 1.884660e+000 1.200000e+001
         vertex 4.116809e+000 3.647175e+000 1.200000e+001
         vertex 1.982024e+000 2.252017e+000 1.200000e+001
      endloop
   endfacet
   facet normal 0.000000e+000 0.000000e+000 1.000000e+000
      outer loop
         vertex 1.982024e+000 2.252017e+000 1.200000e+001
         vertex 4.116809e+000 3.647175e+000 1.200000e+001
         vertex 3.647175e+000 4.116809e+000 1.200000e+001
      endloop
   endfacet
   facet normal 0.000000e+000 0.000000e+000 1.000000e+000
      outer loop
         vertex 1.982024e+000 2.252017e+000 1.200000e+001
         vertex 3.647175e+000 4.116809e+000 1.200000e+001
         vertex 1.572922e+000 2.554587e+000 1.200000e+001
      endloop
   endfacet
   facet normal 0.000000e+000 0.000000e+000 1.000000e+000
      outer loop
         vertex 1.572922e+000 2.554587e+000 1.200000e+001
         vertex 3.647175e+000 4.116809e+000 1.200000e+001
         vertex 3.124356e+000 4.526411e+000 1.200000e+001
      endloop
   endfacet
   facet normal 0.000000e+000 0.000000e+000 1.000000e+000
      outer loop
         vertex 1.572922e+000 2.554587e+000 1.200000e+001
         vertex 3.124356e+000 4.526411e+000 1.200000e+001
         vertex 2.555978e+000 4.870008e+000 1.200000e+001
      endloop
   endfacet
   facet normal 0.000000e+000 0.000000e+000 1.000000e+000
      outer loop
         vertex 5.500000e+000 6.735557e-016 1.200000e+001
         vertex 5.459898e+000 6.629517e-001 1.200000e+001
         vertex 2.956848e+000 5.070025e-001 1.200000e+001
      endloop
   endfacet
   facet normal 0.000000e+000 0.000000e+000 1.000000e+000
      outer loop
         vertex 2.956848e+000 5.070025e-001 1.200000e+001
         vertex 5.459898e+000 6.629517e-001 1.200000e+001
         vertex 5.340180e+000 1.316236e+000 1.200000e+001
      endloop
   endfacet
   facet normal 0.000000e+000 0.000000e+000 1.000000e+000
      outer loop
         vertex 2.956848e+000 5.070025e-001 1.200000e+001
         vertex 5.340180e+000 1.316236e+000 1.200000e+001
         vertex 2.828632e+000 9.994194e-001 1.200000e+001
      endloop
   endfacet
   facet normal 0.000000e+000 0.000000e+000 1.000000e+000
      outer loop
         vertex 2.828632e+000 9.994194e-001 1.200000e+001
         vertex 5.340180e+000 1.316236e+000 1.200000e+001
         vertex 5.142590e+000 1.950327e+000 1.200000e+001
      endloop
   endfacet
   facet normal 0.000000e+000 0.000000e+000 1.000000e+000
      outer loop
         vertex 2.828632e+000 9.994194e-001 1.200000e+001
         vertex 5.142590e+000 1.950327e+000 1.200000e+001
         vertex 2.619042e+000 1.463085e+000 1.200000e+001
      endloop
   endfacet
   facet normal 0.000000e+000 0.000000e+000 1.000000e+000
      outer loop
         vertex 2.619042e+000 1.463085e+000 1.200000e+001
         vertex 5.142590e+000 1.950327e+000 1.200000e+001
         vertex 4.870008e+000 2.555978e+000 1.200000e+001
      endloop
   endfacet
   facet normal 0.000000e+000 0.000000e+000 1.000000e+000
      outer loop
         vertex 2.619042e+000 1.463085e+000 1.200000e+001
         vertex 4.870008e+000 2.555978e+000 1.200000e+001
         vertex 4.526411e+000 3.124356e+000 1.200000e+001
      endloop
   endfacet
   facet normal 0.000000e+000 1.000000e+000 0.000000e+000
      outer loop
         vertex 6.344289e+000 -4.000000e+000 0.000000e+000
         vertex -6.344289e+000 -4.000000e+000 0.000000e+000
         vertex -4.472136e+000 -4.000000e+000 1.000000e+000
      endloop
   endfacet
   facet normal 0.000000e+000 1.000000e+000 0.000000e+000
      outer loop
         vertex -4.472136e+000 -4.000000e+000 1.000000e+000
         vertex -6.344289e+000 -4.000000e+000 0.000000e+000
         vertex -6.344289e+000 -4.000000e+000 1.000000e+000
      endloop
   endfacet
   facet normal 0.000000e+000 1.000000e+000 0.000000e+000
      outer loop
         vertex 6.344289e+000 -4.000000e+000 1.000000e+000
         vertex 6.344289e+000 -4.000000e+000 0.000000e+000
         vertex 4.472136e+000 -4.000000e+000 1.000000e+000
      endloop
   endfacet
   facet normal 0.000000e+000 1.000000e+000 0.000000e+000
      outer loop
         vertex 4.472136e+000 -4.000000e+000 1.000000e+000
         vertex 6.344289e+000 -4.000000e+000 0.000000e+000
         vertex -4.472136e+000 -4.000000e+000 1.000000e+000
      endloop
   endfacet
   facet normal 0.000000e+000 1.000000e+000 0.000000e+000
      outer loop
         vertex 4.472136e+000 -4.000000e+000 1.000000e+000
         vertex -4.472136e+000 -4.000000e+000 1.000000e+000
         vertex 4.472136e+000 -4.000000e+000 7.000000e+000
      endloop
   endfacet
   facet normal 0.000000e+000 1.000000e+000 0.000000e+000
      outer loop
         vertex 4.472136e+000 -4.000000e+000 7.000000e+000
         vertex -4.472136e+000 -4.000000e+000 1.000000e+000
         vertex -4.472136e+000 -4.000000e+000 7.000000e+000
      endloop
   endfacet
   facet normal 0.000000e+000 -1.000000e+000 0.000000e+000
      outer loop
         vertex -6.344289e+000 4.000000e+000 0.000000e+000
         vertex 6.344289e+000 4.000000e+000 0.000000e+000
         vertex 4.472136e+000 4.000000e+000 1.000000e+000
      endloop
   endfacet
   facet normal 0.000000e+000 -1.000000e+000 0.000000e+000
      outer loop
         vertex 4.472136e+000 4.000000e+000 1.000000e+000
         vertex 6.344289e+000 4.000000e+000 0.000000e+000
         vertex 6.344289e+000 4.000000e+000 1.000000e+000
      endloop
   endfacet
   facet normal 0.000000e+000 -1.000000e+000 0.000000e+000
      outer loop
         vertex -6.344289e+000 4.000000e+000 1.000000e+000
         vertex -6.344289e+000 4.000000e+000 0.000000e+000
         vertex -4.472136e+000 4.000000e+000 1.000000e+000
      endloop
   endfacet
   facet normal 0.000000e+000 -1.000000e+000 0.000000e+000
      outer loop
         vertex -4.472136e+000 4.000000e+000 1.000000e+000
         vertex -6.344289e+000 4.000000e+000 0.000000e+000
         vertex 4.472136e+000 4.000000e+000 1.000000e+000
      endloop
   endfacet
   facet normal 0.000000e+000 -1.000000e+000 0.000000e+000
      outer loop
         vertex -4.472136e+000 4.000000e+000 1.000000e+000
         vertex 4.472136e+000 4.000000e+000 1.000000e+000
         vertex -4.472136e+000 4.000000e+000 7.000000e+000
      endloop
   endfacet
   facet normal 0.000000e+000 -1.000000e+000 0.000000e+000
      outer loop
         vertex -4.472136e+000 4.000000e+000 7.000000e+000
         vertex 4.472136e+000 4.000000e+000 1.000000e+000
         vertex 4.472136e+000 4.000000e+000 7.000000e+000
      endloop
   endfacet
   facet normal 0.000000e+000 0.000000e+000 -1.000000e+000
      outer loop
         vertex -2.989192e+000 -2.544178e-001 7.000000e+000
         vertex -2.903199e+000 -7.559342e-001 7.000000e+000
         vertex -5.825651e+000 -1.435894e+000 7.000000e+000
      endloop
   endfacet
   facet normal 0.000000e+000 0.000000e+000 -1.000000e+000
      outer loop
         vertex -5.825651e+000 -1.435894e+000 7.000000e+000
         vertex -2.903199e+000 -7.559342e-001 7.000000e+000
         vertex -5.610098e+000 -2.127629e+000 7.000000e+000
      endloop
   endfacet
   facet normal 0.000000e+000 0.000000e+000 -1.000000e+000
      outer loop
         vertex -5.610098e+000 -2.127629e+000 7.000000e+000
         vertex -2.903199e+000 -7.559342e-001 7.000000e+000
         vertex -2.733685e+000 -1.235704e+000 7.000000e+000
      endloop
   endfacet
   facet normal 0.000000e+000 0.000000e+000 -1.000000e+000
      outer loop
         vertex -5.610098e+000 -2.127629e+000 7.000000e+000
         vertex -2.733685e+000 -1.235704e+000 7.000000e+000
         vertex -5.312736e+000 -2.788339e+000 7.000000e+000
      endloop
   endfacet
   facet normal 0.000000e+000 0.000000e+000 -1.000000e+000
      outer loop
         vertex -5.312736e+000 -2.788339e+000 7.000000e+000
         vertex -2.733685e+000 -1.235704e+000 7.000000e+000
         vertex -4.937903e+000 -3.408388e+000 7.000000e+000
      endloop
   endfacet
   facet normal 0.000000e+000 0.000000e+000 -1.000000e+000
      outer loop
         vertex -4.937903e+000 -3.408388e+000 7.000000e+000
         vertex -2.733685e+000 -1.235704e+000 7.000000e+000
         vertex -2.485529e+000 -1.679924e+000 7.000000e+000
      endloop
   endfacet
   facet normal 0.000000e+000 0.000000e+000 -1.000000e+000
      outer loop
         vertex -4.937903e+000 -3.408388e+000 7.000000e+000
         vertex -2.485529e+000 -1.679924e+000 7.000000e+000
         vertex -4.491065e+000 -3.978736e+000 7.000000e+000
      endloop
   endfacet
   facet normal 0.000000e+000 0.000000e+000 -1.000000e+000
      outer loop
         vertex -4.491065e+000 -3.978736e+000 7.000000e+000
         vertex -2.485529e+000 -1.679924e+000 7.000000e+000
         vertex -2.165868e+000 -2.075816e+000 7.000000e+000
      endloop
   endfacet
   facet normal 0.000000e+000 0.000000e+000 -1.000000e+000
      outer loop
         vertex -4.491065e+000 -3.978736e+000 7.000000e+000
         vertex -2.165868e+000 -2.075816e+000 7.000000e+000
         vertex -4.472136e+000 -4.000000e+000 7.000000e+000
      endloop
   endfacet
   facet normal 0.000000e+000 0.000000e+000 -1.000000e+000
      outer loop
         vertex -2.165868e+000 -2.075816e+000 7.000000e+000
         vertex -1.783900e+000 -2.411991e+000 7.000000e+000
         vertex -4.472136e+000 -4.000000e+000 7.000000e+000
      endloop
   endfacet
   facet normal 0.000000e+000 0.000000e+000 -1.000000e+000
      outer loop
         vertex -4.472136e+000 -4.000000e+000 7.000000e+000
         vertex -1.783900e+000 -2.411991e+000 7.000000e+000
         vertex -1.350611e+000 -2.678777e+000 7.000000e+000
      endloop
   endfacet
   facet normal 0.000000e+000 0.000000e+000 -1.000000e+000
      outer loop
         vertex -4.472136e+000 -4.000000e+000 7.000000e+000
         vertex -1.350611e+000 -2.678777e+000 7.000000e+000
         vertex -8.784683e-001 -2.868500e+000 7.000000e+000
      endloop
   endfacet
   facet normal 0.000000e+000 0.000000e+000 -1.000000e+000
      outer loop
         vertex 2.619042e+000 -1.463085e+000 7.000000e+000
         vertex 4.937903e+000 -3.408388e+000 7.000000e+000
         vertex 2.334107e+000 -1.884660e+000 7.000000e+000
      endloop
   endfacet
   facet normal 0.000000e+000 0.000000e+000 -1.000000e+000
      outer loop
         vertex 2.334107e+000 -1.884660e+000 7.000000e+000
         vertex 4.937903e+000 -3.408388e+000 7.000000e+000
         vertex 4.491065e+000 -3.978736e+000 7.000000e+000
      endloop
   endfacet
   facet normal 0.000000e+000 0.000000e+000 -1.000000e+000
      outer loop
         vertex 2.334107e+000 -1.884660e+000 7.000000e+000
         vertex 4.491065e+000 -3.978736e+000 7.000000e+000
         vertex 1.982024e+000 -2.252017e+000 7.000000e+000
      endloop
   endfacet
   facet normal 0.000000e+000 0.000000e+000 -1.000000e+000
      outer loop
         vertex 1.982024e+000 -2.252017e+000 7.000000e+000
         vertex 4.491065e+000 -3.978736e+000 7.000000e+000
         vertex 4.472136e+000 -4.000000e+000 7.000000e+000
      endloop
   endfacet
   facet normal 0.000000e+000 0.000000e+000 -1.000000e+000
      outer loop
         vertex 1.982024e+000 -2.252017e+000 7.000000e+000
         vertex 4.472136e+000 -4.000000e+000 7.000000e+000
         vertex 1.572922e+000 -2.554587e+000 7.000000e+000
      endloop
   endfacet
   facet normal 0.000000e+000 0.000000e+000 -1.000000e+000
      outer loop
         vertex 1.572922e+000 -2.554587e+000 7.000000e+000
         vertex 4.472136e+000 -4.000000e+000 7.000000e+000
         vertex 1.118569e+000 -2.783667e+000 7.000000e+000
      endloop
   endfacet
   facet normal 0.000000e+000 0.000000e+000 -1.000000e+000
      outer loop
         vertex -3.810534e-001 2.975701e+000 7.000000e+000
         vertex -8.784683e-001 2.868500e+000 7.000000e+000
         vertex -4.472136e+000 4.000000e+000 7.000000e+000
      endloop
   endfacet
   facet normal 0.000000e+000 0.000000e+000 -1.000000e+000
      outer loop
         vertex -4.472136e+000 4.000000e+000 7.000000e+000
         vertex -8.784683e-001 2.868500e+000 7.000000e+000
         vertex -1.350611e+000 2.678777e+000 7.000000e+000
      endloop
   endfacet
   facet normal 0.000000e+000 0.000000e+000 -1.000000e+000
      outer loop
         vertex 2.956848e+000 -5.070025e-001 7.000000e+000
         vertex 5.825651e+000 -1.435894e+000 7.000000e+000
         vertex 2.828632e+000 -9.994194e-001 7.000000e+000
      endloop
   endfacet
   facet normal 0.000000e+000 0.000000e+000 -1.000000e+000
      outer loop
         vertex 2.828632e+000 -9.994194e-001 7.000000e+000
         vertex 5.825651e+000 -1.435894e+000 7.000000e+000
         vertex 5.610098e+000 -2.127629e+000 7.000000e+000
      endloop
   endfacet
   facet normal 0.000000e+000 0.000000e+000 -1.000000e+000
      outer loop
         vertex 2.828632e+000 -9.994194e-001 7.000000e+000
         vertex 5.610098e+000 -2.127629e+000 7.000000e+000
         vertex 2.619042e+000 -1.463085e+000 7.000000e+000
      endloop
   endfacet
   facet normal 0.000000e+000 0.000000e+000 -1.000000e+000
      outer loop
         vertex 2.619042e+000 -1.463085e+000 7.000000e+000
         vertex 5.610098e+000 -2.127629e+000 7.000000e+000
         vertex 5.312736e+000 -2.788339e+000 7.000000e+000
      endloop
   endfacet
   facet normal 0.000000e+000 0.000000e+000 -1.000000e+000
      outer loop
         vertex 2.619042e+000 -1.463085e+000 7.000000e+000
         vertex 5.312736e+000 -2.788339e+000 7.000000e+000
         vertex 4.937903e+000 -3.408388e+000 7.000000e+000
      endloop
   endfacet
   facet normal 0.000000e+000 0.000000e+000 -1.000000e+000
      outer loop
         vertex 2.828632e+000 9.994194e-001 7.000000e+000
         vertex 5.825651e+000 1.435894e+000 7.000000e+000
         vertex 2.956848e+000 5.070025e-001 7.000000e+000
      endloop
   endfacet
   facet normal 0.000000e+000 0.000000e+000 -1.000000e+000
      outer loop
         vertex 2.956848e+000 5.070025e-001 7.000000e+000
         vertex 5.825651e+000 1.435894e+000 7.000000e+000
         vertex 5.956253e+000 7.232201e-001 7.000000e+000
      endloop
   endfacet
   facet normal 0.000000e+000 0.000000e+000 -1.000000e+000
      outer loop
         vertex 2.956848e+000 5.070025e-001 7.000000e+000
         vertex 5.956253e+000 7.232201e-001 7.000000e+000
         vertex 3.000000e+000 -7.347881e-016 7.000000e+000
      endloop
   endfacet
   facet normal 0.000000e+000 0.000000e+000 -1.000000e+000
      outer loop
         vertex 3.000000e+000 -7.347881e-016 7.000000e+000
         vertex 5.956253e+000 7.232201e-001 7.000000e+000
         vertex 6.000000e+000 0.000000e+000 7.000000e+000
      endloop
   endfacet
   facet normal 0.000000e+000 0.000000e+000 -1.000000e+000
      outer loop
         vertex 3.000000e+000 -7.347881e-016 7.000000e+000
         vertex 6.000000e+000 0.000000e+000 7.000000e+000
         vertex 2.956848e+000 -5.070025e-001 7.000000e+000
      endloop
   endfacet
   facet normal 0.000000e+000 0.000000e+000 -1.000000e+000
      outer loop
         vertex 2.956848e+000 -5.070025e-001 7.000000e+000
         vertex 6.000000e+000 0.000000e+000 7.000000e+000
         vertex 5.956253e+000 -7.232201e-001 7.000000e+000
      endloop
   endfacet
   facet normal 0.000000e+000 0.000000e+000 -1.000000e+000
      outer loop
         vertex 2.956848e+000 -5.070025e-001 7.000000e+000
         vertex 5.956253e+000 -7.232201e-001 7.000000e+000
         vertex 5.825651e+000 -1.435894e+000 7.000000e+000
      endloop
   endfacet
   facet normal 0.000000e+000 0.000000e+000 -1.000000e+000
      outer loop
         vertex -1.350611e+000 2.678777e+000 7.000000e+000
         vertex -1.783900e+000 2.411991e+000 7.000000e+000
         vertex -4.472136e+000 4.000000e+000 7.000000e+000
      endloop
   endfacet
   facet normal 0.000000e+000 0.000000e+000 -1.000000e+000
      outer loop
         vertex -4.472136e+000 4.000000e+000 7.000000e+000
         vertex -1.783900e+000 2.411991e+000 7.000000e+000
         vertex -2.165868e+000 2.075816e+000 7.000000e+000
      endloop
   endfacet
   facet normal 0.000000e+000 0.000000e+000 -1.000000e+000
      outer loop
         vertex -4.472136e+000 4.000000e+000 7.000000e+000
         vertex -2.165868e+000 2.075816e+000 7.000000e+000
         vertex -4.491065e+000 3.978736e+000 7.000000e+000
      endloop
   endfacet
   facet normal 0.000000e+000 0.000000e+000 -1.000000e+000
      outer loop
         vertex -4.491065e+000 3.978736e+000 7.000000e+000
         vertex -2.165868e+000 2.075816e+000 7.000000e+000
         vertex -2.485529e+000 1.679924e+000 7.000000e+000
      endloop
   endfacet
   facet normal 0.000000e+000 0.000000e+000 -1.000000e+000
      outer loop
         vertex -2.903199e+000 7.559342e-001 7.000000e+000
         vertex -5.610098e+000 2.127629e+000 7.000000e+000
         vertex -2.733685e+000 1.235704e+000 7.000000e+000
      endloop
   endfacet
   facet normal 0.000000e+000 0.000000e+000 -1.000000e+000
      outer loop
         vertex -2.733685e+000 1.235704e+000 7.000000e+000
         vertex -5.610098e+000 2.127629e+000 7.000000e+000
         vertex -5.312736e+000 2.788339e+000 7.000000e+000
      endloop
   endfacet
   facet normal 0.000000e+000 0.000000e+000 -1.000000e+000
      outer loop
         vertex -2.733685e+000 1.235704e+000 7.000000e+000
         vertex -5.312736e+000 2.788339e+000 7.000000e+000
         vertex -2.485529e+000 1.679924e+000 7.000000e+000
      endloop
   endfacet
   facet normal 0.000000e+000 0.000000e+000 -1.000000e+000
      outer loop
         vertex -2.485529e+000 1.679924e+000 7.000000e+000
         vertex -5.312736e+000 2.788339e+000 7.000000e+000
         vertex -4.937903e+000 3.408388e+000 7.000000e+000
      endloop
   endfacet
   facet normal 0.000000e+000 0.000000e+000 -1.000000e+000
      outer loop
         vertex -2.485529e+000 1.679924e+000 7.000000e+000
         vertex -4.937903e+000 3.408388e+000 7.000000e+000
         vertex -4.491065e+000 3.978736e+000 7.000000e+000
      endloop
   endfacet
   facet normal 0.000000e+000 0.000000e+000 -1.000000e+000
      outer loop
         vertex -5.825651e+000 -1.435894e+000 7.000000e+000
         vertex -5.956253e+000 -7.232201e-001 7.000000e+000
         vertex -2.989192e+000 -2.544178e-001 7.000000e+000
      endloop
   endfacet
   facet normal 0.000000e+000 0.000000e+000 -1.000000e+000
      outer loop
         vertex -2.989192e+000 -2.544178e-001 7.000000e+000
         vertex -5.956253e+000 -7.232201e-001 7.000000e+000
         vertex -6.000000e+000 7.347881e-016 7.000000e+000
      endloop
   endfacet
   facet normal 0.000000e+000 0.000000e+000 -1.000000e+000
      outer loop
         vertex -2.989192e+000 -2.544178e-001 7.000000e+000
         vertex -6.000000e+000 7.347881e-016 7.000000e+000
         vertex -2.989192e+000 2.544178e-001 7.000000e+000
      endloop
   endfacet
   facet normal 0.000000e+000 0.000000e+000 -1.000000e+000
      outer loop
         vertex -2.989192e+000 2.544178e-001 7.000000e+000
         vertex -6.000000e+000 7.347881e-016 7.000000e+000
         vertex -5.956253e+000 7.232201e-001 7.000000e+000
      endloop
   endfacet
   facet normal 0.000000e+000 0.000000e+000 -1.000000e+000
      outer loop
         vertex -2.989192e+000 2.544178e-001 7.000000e+000
         vertex -5.956253e+000 7.232201e-001 7.000000e+000
         vertex -2.903199e+000 7.559342e-001 7.000000e+000
      endloop
   endfacet
   facet normal 0.000000e+000 0.000000e+000 -1.000000e+000
      outer loop
         vertex -2.903199e+000 7.559342e-001 7.000000e+000
         vertex -5.956253e+000 7.232201e-001 7.000000e+000
         vertex -5.825651e+000 1.435894e+000 7.000000e+000
      endloop
   endfacet
   facet normal 0.000000e+000 0.000000e+000 -1.000000e+000
      outer loop
         vertex -2.903199e+000 7.559342e-001 7.000000e+000
         vertex -5.825651e+000 1.435894e+000 7.000000e+000
         vertex -5.610098e+000 2.127629e+000 7.000000e+000
      endloop
   endfacet
   facet normal 0.000000e+000 0.000000e+000 -1.000000e+000
      outer loop
         vertex -8.784683e-001 -2.868500e+000 7.000000e+000
         vertex -3.810534e-001 -2.975701e+000 7.000000e+000
         vertex -4.472136e+000 -4.000000e+000 7.000000e+000
      endloop
   endfacet
   facet normal 0.000000e+000 0.000000e+000 -1.000000e+000
      outer loop
         vertex -4.472136e+000 -4.000000e+000 7.000000e+000
         vertex -3.810534e-001 -2.975701e+000 7.000000e+000
         vertex 1.273236e-001 -2.997297e+000 7.000000e+000
      endloop
   endfacet
   facet normal 0.000000e+000 0.000000e+000 -1.000000e+000
      outer loop
         vertex -4.472136e+000 -4.000000e+000 7.000000e+000
         vertex 1.273236e-001 -2.997297e+000 7.000000e+000
         vertex 4.472136e+000 -4.000000e+000 7.000000e+000
      endloop
   endfacet
   facet normal 0.000000e+000 0.000000e+000 -1.000000e+000
      outer loop
         vertex 4.472136e+000 -4.000000e+000 7.000000e+000
         vertex 1.273236e-001 -2.997297e+000 7.000000e+000
         vertex 6.320378e-001 -2.932666e+000 7.000000e+000
      endloop
   endfacet
   facet normal 0.000000e+000 0.000000e+000 -1.000000e+000
      outer loop
         vertex 4.472136e+000 -4.000000e+000 7.000000e+000
         vertex 6.320378e-001 -2.932666e+000 7.000000e+000
         vertex 1.118569e+000 -2.783667e+000 7.000000e+000
      endloop
   endfacet
   facet normal 0.000000e+000 0.000000e+000 -1.000000e+000
      outer loop
         vertex 2.334107e+000 1.884660e+000 7.000000e+000
         vertex 1.982024e+000 2.252017e+000 7.000000e+000
         vertex 4.472136e+000 4.000000e+000 7.000000e+000
      endloop
   endfacet
   facet normal 0.000000e+000 0.000000e+000 -1.000000e+000
      outer loop
         vertex -3.810534e-001 2.975701e+000 7.000000e+000
         vertex -4.472136e+000 4.000000e+000 7.000000e+000
         vertex 1.273236e-001 2.997297e+000 7.000000e+000
      endloop
   endfacet
   facet normal 0.000000e+000 0.000000e+000 -1.000000e+000
      outer loop
         vertex 1.273236e-001 2.997297e+000 7.000000e+000
         vertex -4.472136e+000 4.000000e+000 7.000000e+000
         vertex 4.472136e+000 4.000000e+000 7.000000e+000
      endloop
   endfacet
   facet normal 0.000000e+000 0.000000e+000 -1.000000e+000
      outer loop
         vertex 1.273236e-001 2.997297e+000 7.000000e+000
         vertex 4.472136e+000 4.000000e+000 7.000000e+000
         vertex 6.320378e-001 2.932666e+000 7.000000e+000
      endloop
   endfacet
   facet normal 0.000000e+000 0.000000e+000 -1.000000e+000
      outer loop
         vertex 1.982024e+000 2.252017e+000 7.000000e+000
         vertex 1.572922e+000 2.554587e+000 7.000000e+000
         vertex 4.472136e+000 4.000000e+000 7.000000e+000
      endloop
   endfacet
   facet normal 0.000000e+000 0.000000e+000 -1.000000e+000
      outer loop
         vertex 4.472136e+000 4.000000e+000 7.000000e+000
         vertex 1.572922e+000 2.554587e+000 7.000000e+000
         vertex 1.118569e+000 2.783667e+000 7.000000e+000
      endloop
   endfacet
   facet normal 0.000000e+000 0.000000e+000 -1.000000e+000
      outer loop
         vertex 4.472136e+000 4.000000e+000 7.000000e+000
         vertex 1.118569e+000 2.783667e+000 7.000000e+000
         vertex 6.320378e-001 2.932666e+000 7.000000e+000
      endloop
   endfacet
   facet normal 0.000000e+000 0.000000e+000 -1.000000e+000
      outer loop
         vertex 4.472136e+000 4.000000e+000 7.000000e+000
         vertex 4.491065e+000 3.978736e+000 7.000000e+000
         vertex 2.334107e+000 1.884660e+000 7.000000e+000
      endloop
   endfacet
   facet normal 0.000000e+000 0.000000e+000 -1.000000e+000
      outer loop
         vertex 2.334107e+000 1.884660e+000 7.000000e+000
         vertex 4.491065e+000 3.978736e+000 7.000000e+000
         vertex 4.937903e+000 3.408388e+000 7.000000e+000
      endloop
   endfacet
   facet normal 0.000000e+000 0.000000e+000 -1.000000e+000
      outer loop
         vertex 2.334107e+000 1.884660e+000 7.000000e+000
         vertex 4.937903e+000 3.408388e+000 7.000000e+000
         vertex 2.619042e+000 1.463085e+000 7.000000e+000
      endloop
   endfacet
   facet normal 0.000000e+000 0.000000e+000 -1.000000e+000
      outer loop
         vertex 2.619042e+000 1.463085e+000 7.000000e+000
         vertex 4.937903e+000 3.408388e+000 7.000000e+000
         vertex 5.312736e+000 2.788339e+000 7.000000e+000
      endloop
   endfacet
   facet normal 0.000000e+000 0.000000e+000 -1.000000e+000
      outer loop
         vertex 2.619042e+000 1.463085e+000 7.000000e+000
         vertex 5.312736e+000 2.788339e+000 7.000000e+000
         vertex 2.828632e+000 9.994194e-001 7.000000e+000
      endloop
   endfacet
   facet normal 0.000000e+000 0.000000e+000 -1.000000e+000
      outer loop
         vertex 2.828632e+000 9.994194e-001 7.000000e+000
         vertex 5.312736e+000 2.788339e+000 7.000000e+000
         vertex 5.610098e+000 2.127629e+000 7.000000e+000
      endloop
   endfacet
   facet normal 0.000000e+000 0.000000e+000 -1.000000e+000
      outer loop
         vertex 2.828632e+000 9.994194e-001 7.000000e+000
         vertex 5.610098e+000 2.127629e+000 7.000000e+000
         vertex 5.825651e+000 1.435894e+000 7.000000e+000
      endloop
   endfacet
   facet normal -2.108045e-001 0.000000e+000 -9.775282e-001
      outer loop
         vertex 1.273236e-001 -2.997297e+000 9.991861e+000
         vertex 2.519780e-001 -2.989399e+000 9.967733e+000
         vertex 2.519780e-001 -5.994707e+000 9.967733e+000
      endloop
   endfacet
   facet normal -2.518947e-001 0.000000e+000 9.677547e-001
      outer loop
         vertex 1.690008e-001 -5.997620e+000 8.014383e+000
         vertex 3.331398e-001 -5.990745e+000 8.057122e+000
         vertex 2.517286e-001 -2.989420e+000 8.032202e+000
      endloop
   endfacet
   facet normal -3.062495e-001 0.000000e+000 9.519513e-001
      outer loop
         vertex 2.517286e-001 -2.989420e+000 8.032202e+000
         vertex 3.331398e-001 -5.990745e+000 8.057122e+000
         vertex 3.331398e-001 -2.981446e+000 8.057122e+000
      endloop
   endfacet
   facet normal -3.858936e-001 0.000000e+000 9.225433e-001
      outer loop
         vertex 3.331398e-001 -2.981446e+000 8.057122e+000
         vertex 3.331398e-001 -5.990745e+000 8.057122e+000
         vertex 4.876949e-001 -5.980146e+000 8.126987e+000
      endloop
   endfacet
   facet normal -4.375775e-001 0.000000e+000 8.991807e-001
      outer loop
         vertex 3.331398e-001 -2.981446e+000 8.057122e+000
         vertex 4.876949e-001 -5.980146e+000 8.126987e+000
         vertex 4.876949e-001 -2.960093e+000 8.126987e+000
      endloop
   endfacet
   facet normal -5.362535e-001 0.000000e+000 8.440570e-001
      outer loop
         vertex 4.876949e-001 -2.960093e+000 8.126987e+000
         vertex 4.876949e-001 -5.980146e+000 8.126987e+000
         vertex 6.282200e-001 -5.967021e+000 8.221964e+000
      endloop
   endfacet
   facet normal -5.832456e-001 0.000000e+000 8.122959e-001
      outer loop
         vertex 4.876949e-001 -2.960093e+000 8.126987e+000
         vertex 6.282200e-001 -5.967021e+000 8.221964e+000
         vertex 6.282200e-001 -2.933486e+000 8.221964e+000
      endloop
   endfacet
   facet normal -6.617604e-001 0.000000e+000 7.497154e-001
      outer loop
         vertex 6.282200e-001 -2.933486e+000 8.221964e+000
         vertex 6.282200e-001 -5.967021e+000 8.221964e+000
         vertex 7.231945e-001 -5.956034e+000 8.312990e+000
      endloop
   endfacet
   facet normal -6.630719e-001 0.000000e+000 7.485558e-001
      outer loop
         vertex 6.282200e-001 -2.933486e+000 8.221964e+000
         vertex 7.231945e-001 -5.956034e+000 8.312990e+000
         vertex 6.320198e-001 -2.932588e+000 8.225606e+000
      endloop
   endfacet
   facet normal -7.044012e-001 0.000000e+000 7.098021e-001
      outer loop
         vertex 6.320198e-001 -2.932588e+000 8.225606e+000
         vertex 7.231945e-001 -5.956034e+000 8.312990e+000
         vertex 7.506723e-001 -5.952856e+000 8.339325e+000
      endloop
   endfacet
   facet normal -7.133576e-001 0.000000e+000 7.008001e-001
      outer loop
         vertex 6.320198e-001 -2.932588e+000 8.225606e+000
         vertex 7.506723e-001 -5.952856e+000 8.339325e+000
         vertex 7.506723e-001 -2.904564e+000 8.339325e+000
      endloop
   endfacet
   facet normal -7.868103e-001 0.000000e+000 6.171949e-001
      outer loop
         vertex 7.506723e-001 -2.904564e+000 8.339325e+000
         vertex 7.506723e-001 -5.952856e+000 8.339325e+000
         vertex 8.515291e-001 -5.939268e+000 8.475693e+000
      endloop
   endfacet
   facet normal -8.205372e-001 0.000000e+000 5.715931e-001
      outer loop
         vertex 7.506723e-001 -2.904564e+000 8.339325e+000
         vertex 8.515291e-001 -5.939268e+000 8.475693e+000
         vertex 8.515291e-001 -2.876612e+000 8.475693e+000
      endloop
   endfacet
   facet normal -8.797992e-001 0.000000e+000 4.753455e-001
      outer loop
         vertex 8.515291e-001 -2.876612e+000 8.475693e+000
         vertex 8.515291e-001 -5.939268e+000 8.475693e+000
         vertex 9.278890e-001 -5.927817e+000 8.627144e+000
      endloop
   endfacet
   facet normal -9.053342e-001 0.000000e+000 4.246998e-001
      outer loop
         vertex 8.515291e-001 -2.876612e+000 8.475693e+000
         vertex 9.278890e-001 -5.927817e+000 8.627144e+000
         vertex 9.278890e-001 -2.852897e+000 8.627144e+000
      endloop
   endfacet
   facet normal -9.380201e-001 0.000000e+000 3.465807e-001
      outer loop
         vertex 9.278890e-001 -2.852897e+000 8.627144e+000
         vertex 9.278890e-001 -5.927817e+000 8.627144e+000
         vertex 9.560498e-001 -2.843584e+000 8.706796e+000
      endloop
   endfacet
   facet normal -9.561276e-001 0.000000e+000 2.929503e-001
      outer loop
         vertex 9.560498e-001 -2.843584e+000 8.706796e+000
         vertex 9.278890e-001 -5.927817e+000 8.627144e+000
         vertex 9.775553e-001 -5.919830e+000 8.789321e+000
      endloop
   endfacet
   facet normal -9.711719e-001 0.000000e+000 2.383804e-001
      outer loop
         vertex 9.560498e-001 -2.843584e+000 8.706796e+000
         vertex 9.775553e-001 -5.919830e+000 8.789321e+000
         vertex 9.775553e-001 -2.836262e+000 8.789321e+000
      endloop
   endfacet
   facet normal -9.831305e-001 0.000000e+000 1.829054e-001
      outer loop
         vertex 9.775553e-001 -2.836262e+000 8.789321e+000
         vertex 9.775553e-001 -5.919830e+000 8.789321e+000
         vertex 9.919134e-001 -2.831273e+000 8.873083e+000
      endloop
   endfacet
   facet normal -9.919047e-001 0.000000e+000 1.269842e-001
      outer loop
         vertex 9.919134e-001 -2.831273e+000 8.873083e+000
         vertex 9.775553e-001 -5.919830e+000 8.789321e+000
         vertex 9.990990e-001 -5.916232e+000 8.957560e+000
      endloop
   endfacet
   facet normal -9.975008e-001 0.000000e+000 7.065630e-002
      outer loop
         vertex 9.919134e-001 -2.831273e+000 8.873083e+000
         vertex 9.990990e-001 -5.916232e+000 8.957560e+000
         vertex 9.990990e-001 -2.828746e+000 8.957560e+000
      endloop
   endfacet
   facet normal -9.998986e-001 0.000000e+000 1.424106e-002
      outer loop
         vertex 9.990990e-001 -2.828746e+000 8.957560e+000
         vertex 9.990990e-001 -5.916232e+000 8.957560e+000
         vertex 9.991094e-001 -2.828742e+000 9.042193e+000
      endloop
   endfacet
   facet normal -9.991025e-001 0.000000e+000 -4.235836e-002
      outer loop
         vertex 9.991094e-001 -2.828742e+000 9.042193e+000
         vertex 9.990990e-001 -5.916232e+000 8.957560e+000
         vertex 9.919004e-001 -5.917443e+000 9.127018e+000
      endloop
   endfacet
   facet normal -9.951051e-001 0.000000e+000 -9.882258e-002
      outer loop
         vertex 9.991094e-001 -2.828742e+000 9.042193e+000
         vertex 9.919004e-001 -5.917443e+000 9.127018e+000
         vertex 9.919004e-001 -2.831278e+000 9.127018e+000
      endloop
   endfacet
   facet normal -9.878990e-001 0.000000e+000 -1.550985e-001
      outer loop
         vertex 9.919004e-001 -2.831278e+000 9.127018e+000
         vertex 9.919004e-001 -5.917443e+000 9.127018e+000
         vertex 9.775108e-001 -2.836278e+000 9.210885e+000
      endloop
   endfacet
   facet normal -9.775404e-001 0.000000e+000 -2.107481e-001
      outer loop
         vertex 9.775108e-001 -2.836278e+000 9.210885e+000
         vertex 9.919004e-001 -5.917443e+000 9.127018e+000
         vertex 9.561667e-001 -5.923322e+000 9.292822e+000
      endloop
   endfacet
   facet normal -9.640496e-001 0.000000e+000 -2.657220e-001
      outer loop
         vertex 9.775108e-001 -2.836278e+000 9.210885e+000
         vertex 9.561667e-001 -5.923322e+000 9.292822e+000
         vertex 9.561667e-001 -2.843544e+000 9.292822e+000
      endloop
   endfacet
   facet normal -9.380898e-001 0.000000e+000 -3.463921e-001
      outer loop
         vertex 9.561667e-001 -2.843544e+000 9.292822e+000
         vertex 9.561667e-001 -5.923322e+000 9.292822e+000
         vertex 8.929259e-001 -5.933185e+000 9.450204e+000
      endloop
   endfacet
   facet normal -9.169418e-001 0.000000e+000 -3.990209e-001
      outer loop
         vertex 9.561667e-001 -2.843544e+000 9.292822e+000
         vertex 8.929259e-001 -5.933185e+000 9.450204e+000
         vertex 8.929259e-001 -2.864033e+000 9.450204e+000
      endloop
   endfacet
   facet normal -8.660557e-001 0.000000e+000 -4.999475e-001
      outer loop
         vertex 8.929259e-001 -2.864033e+000 9.450204e+000
         vertex 8.929259e-001 -5.933185e+000 9.450204e+000
         vertex 8.039972e-001 -5.945889e+000 9.594633e+000
      endloop
   endfacet
   facet normal -8.363176e-001 0.000000e+000 -5.482453e-001
      outer loop
         vertex 8.929259e-001 -2.864033e+000 9.450204e+000
         vertex 8.039972e-001 -5.945889e+000 9.594633e+000
         vertex 8.039972e-001 -2.890258e+000 9.594633e+000
      endloop
   endfacet
   facet normal -7.790620e-001 0.000000e+000 -6.269469e-001
      outer loop
         vertex 8.039972e-001 -2.890258e+000 9.594633e+000
         vertex 8.039972e-001 -5.945889e+000 9.594633e+000
         vertex 7.231936e-001 -5.956041e+000 9.686444e+000
      endloop
   endfacet
   facet normal -7.423096e-001 0.000000e+000 -6.700570e-001
      outer loop
         vertex 8.039972e-001 -2.890258e+000 9.594633e+000
         vertex 7.231936e-001 -5.956041e+000 9.686444e+000
         vertex 6.919389e-001 -2.919113e+000 9.721956e+000
      endloop
   endfacet
   facet normal -7.032323e-001 0.000000e+000 -7.109602e-001
      outer loop
         vertex 6.919389e-001 -2.919113e+000 9.721956e+000
         vertex 7.231936e-001 -5.956041e+000 9.686444e+000
         vertex 6.919389e-001 -5.959968e+000 9.721956e+000
      endloop
   endfacet
   facet normal -6.731213e-001 0.000000e+000 -7.395322e-001
      outer loop
         vertex 6.919389e-001 -2.919113e+000 9.721956e+000
         vertex 6.919389e-001 -5.959968e+000 9.721956e+000
         vertex 6.318805e-001 -2.931930e+000 9.770451e+000
      endloop
   endfacet
   facet normal -6.302044e-001 0.000000e+000 -7.764293e-001
      outer loop
         vertex 6.318805e-001 -2.931930e+000 9.770451e+000
         vertex 6.919389e-001 -5.959968e+000 9.721956e+000
         vertex 5.599748e-001 -5.973812e+000 9.828509e+000
      endloop
   endfacet
   facet normal -5.852556e-001 0.000000e+000 -8.108489e-001
      outer loop
         vertex 6.318805e-001 -2.931930e+000 9.770451e+000
         vertex 5.599748e-001 -5.973812e+000 9.828509e+000
         vertex 5.599748e-001 -2.947275e+000 9.828509e+000
      endloop
   endfacet
   facet normal -5.122570e-001 0.000000e+000 -8.588322e-001
      outer loop
         vertex 5.599748e-001 -2.947275e+000 9.828509e+000
         vertex 5.599748e-001 -5.973812e+000 9.828509e+000
         vertex 4.119012e-001 -5.985845e+000 9.911229e+000
      endloop
   endfacet
   facet normal -4.627406e-001 0.000000e+000 -8.864937e-001
      outer loop
         vertex 5.599748e-001 -2.947275e+000 9.828509e+000
         vertex 4.119012e-001 -5.985845e+000 9.911229e+000
         vertex 4.119012e-001 -2.971588e+000 9.911229e+000
      endloop
   endfacet
   facet normal -3.062663e-001 0.000000e+000 -9.519458e-001
      outer loop
         vertex 2.519780e-001 -5.994707e+000 9.967733e+000
         vertex 2.519780e-001 -2.989399e+000 9.967733e+000
         vertex 4.119012e-001 -5.985845e+000 9.911229e+000
      endloop
   endfacet
   facet normal -3.331594e-001 0.000000e+000 -9.428705e-001
      outer loop
         vertex 4.119012e-001 -5.985845e+000 9.911229e+000
         vertex 2.519780e-001 -2.989399e+000 9.967733e+000
         vertex 3.331985e-001 -2.981439e+000 9.942857e+000
      endloop
   endfacet
   facet normal -3.859756e-001 0.000000e+000 -9.225090e-001
      outer loop
         vertex 4.119012e-001 -5.985845e+000 9.911229e+000
         vertex 3.331985e-001 -2.981439e+000 9.942857e+000
         vertex 4.119012e-001 -2.971588e+000 9.911229e+000
      endloop
   endfacet
   facet normal -1.551182e-001 0.000000e+000 -9.878959e-001
      outer loop
         vertex 1.273236e-001 -2.997297e+000 9.991861e+000
         vertex 2.519780e-001 -5.994707e+000 9.967733e+000
         vertex 8.469016e-002 -2.998202e+000 9.994587e+000
      endloop
   endfacet
   facet normal -1.409940e-001 0.000000e+000 -9.900104e-001
      outer loop
         vertex 8.469016e-002 -2.998202e+000 9.994587e+000
         vertex 2.519780e-001 -5.994707e+000 9.967733e+000
         vertex 8.480593e-002 -5.999401e+000 9.996397e+000
      endloop
   endfacet
   facet normal -5.660294e-002 0.000000e+000 -9.983968e-001
      outer loop
         vertex 8.469016e-002 -2.998202e+000 9.994587e+000
         vertex 8.480593e-002 -5.999401e+000 9.996397e+000
         vertex 2.284471e-005 -3.000000e+000 1.000000e+001
      endloop
   endfacet
   facet normal -2.829891e-002 0.000000e+000 -9.995995e-001
      outer loop
         vertex 2.284471e-005 -3.000000e+000 1.000000e+001
         vertex 8.480593e-002 -5.999401e+000 9.996397e+000
         vertex -1.124860e-015 -5.999401e+000 9.996397e+000
      endloop
   endfacet
   facet normal 2.828369e-002 0.000000e+000 -9.995999e-001
      outer loop
         vertex 2.284471e-005 -3.000000e+000 1.000000e+001
         vertex -1.124860e-015 -5.999401e+000 9.996397e+000
         vertex -8.480593e-002 -2.998801e+000 9.996397e+000
      endloop
   endfacet
   facet normal 5.658260e-002 0.000000e+000 -9.983979e-001
      outer loop
         vertex -8.480593e-002 -2.998801e+000 9.996397e+000
         vertex -1.124860e-015 -5.999401e+000 9.996397e+000
         vertex -8.480593e-002 -5.999401e+000 9.996397e+000
      endloop
   endfacet
   facet normal 1.130223e-001 0.000000e+000 -9.935925e-001
      outer loop
         vertex -8.480593e-002 -2.998801e+000 9.996397e+000
         vertex -8.480593e-002 -5.999401e+000 9.996397e+000
         vertex -1.691824e-001 -2.995226e+000 9.985585e+000
      endloop
   endfacet
   facet normal 1.690615e-001 0.000000e+000 -9.856055e-001
      outer loop
         vertex -1.691824e-001 -2.995226e+000 9.985585e+000
         vertex -8.480593e-002 -5.999401e+000 9.996397e+000
         vertex -2.519780e-001 -5.994707e+000 9.967733e+000
      endloop
   endfacet
   facet normal 2.245586e-001 0.000000e+000 -9.744605e-001
      outer loop
         vertex -1.691824e-001 -2.995226e+000 9.985585e+000
         vertex -2.519780e-001 -5.994707e+000 9.967733e+000
         vertex -2.519780e-001 -2.989399e+000 9.967733e+000
      endloop
   endfacet
   facet normal 2.956123e-001 0.000000e+000 -9.553080e-001
      outer loop
         vertex -2.519780e-001 -2.989399e+000 9.967733e+000
         vertex -2.519780e-001 -5.994707e+000 9.967733e+000
         vertex -3.810534e-001 -2.975701e+000 9.924553e+000
      endloop
   endfacet
   facet normal 3.492517e-001 0.000000e+000 -9.370289e-001
      outer loop
         vertex -3.810534e-001 -2.975701e+000 9.924553e+000
         vertex -2.519780e-001 -5.994707e+000 9.967733e+000
         vertex -4.119012e-001 -5.985845e+000 9.911229e+000
      endloop
   endfacet
   facet normal 4.016690e-001 0.000000e+000 -9.157849e-001
      outer loop
         vertex -3.810534e-001 -2.975701e+000 9.924553e+000
         vertex -4.119012e-001 -5.985845e+000 9.911229e+000
         vertex -4.119012e-001 -2.971588e+000 9.911229e+000
      endloop
   endfacet
   facet normal 4.627406e-001 0.000000e+000 -8.864937e-001
      outer loop
         vertex -4.119012e-001 -2.971588e+000 9.911229e+000
         vertex -4.119012e-001 -5.985845e+000 9.911229e+000
         vertex -5.599748e-001 -5.973812e+000 9.828509e+000
      endloop
   endfacet
   facet normal 5.122570e-001 0.000000e+000 -8.588322e-001
      outer loop
         vertex -4.119012e-001 -2.971588e+000 9.911229e+000
         vertex -5.599748e-001 -5.973812e+000 9.828509e+000
         vertex -5.599748e-001 -2.947275e+000 9.828509e+000
      endloop
   endfacet
   facet normal 6.059027e-001 0.000000e+000 -7.955388e-001
      outer loop
         vertex -5.599748e-001 -2.947275e+000 9.828509e+000
         vertex -5.599748e-001 -5.973812e+000 9.828509e+000
         vertex -6.919389e-001 -5.959968e+000 9.721956e+000
      endloop
   endfacet
   facet normal 6.500320e-001 0.000000e+000 -7.599069e-001
      outer loop
         vertex -5.599748e-001 -2.947275e+000 9.828509e+000
         vertex -6.919389e-001 -5.959968e+000 9.721956e+000
         vertex -6.919389e-001 -2.919113e+000 9.721956e+000
      endloop
   endfacet
   facet normal 7.032323e-001 0.000000e+000 -7.109602e-001
      outer loop
         vertex -6.919389e-001 -2.919113e+000 9.721956e+000
         vertex -6.919389e-001 -5.959968e+000 9.721956e+000
         vertex -7.231936e-001 -5.956041e+000 9.686444e+000
      endloop
   endfacet
   facet normal 7.423096e-001 0.000000e+000 -6.700570e-001
      outer loop
         vertex -6.919389e-001 -2.919113e+000 9.721956e+000
         vertex -7.231936e-001 -5.956041e+000 9.686444e+000
         vertex -8.039972e-001 -2.890258e+000 9.594633e+000
      endloop
   endfacet
   facet normal 7.790620e-001 0.000000e+000 -6.269469e-001
      outer loop
         vertex -8.039972e-001 -2.890258e+000 9.594633e+000
         vertex -7.231936e-001 -5.956041e+000 9.686444e+000
         vertex -8.039972e-001 -5.945889e+000 9.594633e+000
      endloop
   endfacet
   facet normal 8.312451e-001 0.000000e+000 -5.559061e-001
      outer loop
         vertex -8.039972e-001 -2.890258e+000 9.594633e+000
         vertex -8.039972e-001 -5.945889e+000 9.594633e+000
         vertex -8.784125e-001 -2.868313e+000 9.473775e+000
      endloop
   endfacet
   facet normal 8.614044e-001 0.000000e+000 -5.079198e-001
      outer loop
         vertex -8.784125e-001 -2.868313e+000 9.473775e+000
         vertex -8.039972e-001 -5.945889e+000 9.594633e+000
         vertex -8.929259e-001 -5.933185e+000 9.450204e+000
      endloop
   endfacet
   facet normal 8.887404e-001 0.000000e+000 -4.584109e-001
      outer loop
         vertex -8.784125e-001 -2.868313e+000 9.473775e+000
         vertex -8.929259e-001 -5.933185e+000 9.450204e+000
         vertex -8.929259e-001 -2.864033e+000 9.450204e+000
      endloop
   endfacet
   facet normal 9.169418e-001 0.000000e+000 -3.990209e-001
      outer loop
         vertex -8.929259e-001 -2.864033e+000 9.450204e+000
         vertex -8.929259e-001 -5.933185e+000 9.450204e+000
         vertex -9.561667e-001 -5.923322e+000 9.292822e+000
      endloop
   endfacet
   facet normal 9.380898e-001 0.000000e+000 -3.463921e-001
      outer loop
         vertex -8.929259e-001 -2.864033e+000 9.450204e+000
         vertex -9.561667e-001 -5.923322e+000 9.292822e+000
         vertex -9.561667e-001 -2.843544e+000 9.292822e+000
      endloop
   endfacet
   facet normal 9.640479e-001 0.000000e+000 -2.657286e-001
      outer loop
         vertex -9.561667e-001 -2.843544e+000 9.292822e+000
         vertex -9.561667e-001 -5.923322e+000 9.292822e+000
         vertex -9.775065e-001 -2.836279e+000 9.210905e+000
      endloop
   endfacet
   facet normal 9.775389e-001 0.000000e+000 -2.107548e-001
      outer loop
         vertex -9.775065e-001 -2.836279e+000 9.210905e+000
         vertex -9.561667e-001 -5.923322e+000 9.292822e+000
         vertex -9.919004e-001 -5.917443e+000 9.127018e+000
      endloop
   endfacet
   facet normal 9.878980e-001 0.000000e+000 -1.551052e-001
      outer loop
         vertex -9.775065e-001 -2.836279e+000 9.210905e+000
         vertex -9.919004e-001 -5.917443e+000 9.127018e+000
         vertex -9.919004e-001 -2.831278e+000 9.127018e+000
      endloop
   endfacet
   facet normal 9.951082e-001 0.000000e+000 -9.879095e-002
      outer loop
         vertex -9.919004e-001 -2.831278e+000 9.127018e+000
         vertex -9.919004e-001 -5.917443e+000 9.127018e+000
         vertex -9.991136e-001 -2.828740e+000 9.042098e+000
      endloop
   endfacet
   facet normal 9.991038e-001 0.000000e+000 -4.232651e-002
      outer loop
         vertex -9.991136e-001 -2.828740e+000 9.042098e+000
         vertex -9.919004e-001 -5.917443e+000 9.127018e+000
         vertex -9.990990e-001 -5.916232e+000 8.957560e+000
      endloop
   endfacet
   facet normal 9.998982e-001 0.000000e+000 1.427282e-002
      outer loop
         vertex -9.991136e-001 -2.828740e+000 9.042098e+000
         vertex -9.990990e-001 -5.916232e+000 8.957560e+000
         vertex -9.990990e-001 -2.828746e+000 8.957560e+000
      endloop
   endfacet
   facet normal 9.975019e-001 0.000000e+000 7.063978e-002
      outer loop
         vertex -9.990990e-001 -2.828746e+000 8.957560e+000
         vertex -9.990990e-001 -5.916232e+000 8.957560e+000
         vertex -9.919196e-001 -2.831271e+000 8.873132e+000
      endloop
   endfacet
   facet normal 9.919068e-001 0.000000e+000 1.269677e-001
      outer loop
         vertex -9.919196e-001 -2.831271e+000 8.873132e+000
         vertex -9.990990e-001 -5.916232e+000 8.957560e+000
         vertex -9.775553e-001 -5.919830e+000 8.789321e+000
      endloop
   endfacet
   facet normal 9.831336e-001 0.000000e+000 1.828891e-001
      outer loop
         vertex -9.919196e-001 -2.831271e+000 8.873132e+000
         vertex -9.775553e-001 -5.919830e+000 8.789321e+000
         vertex -9.775553e-001 -2.836262e+000 8.789321e+000
      endloop
   endfacet
   facet normal 9.711667e-001 0.000000e+000 2.384012e-001
      outer loop
         vertex -9.775553e-001 -2.836262e+000 8.789321e+000
         vertex -9.775553e-001 -5.919830e+000 8.789321e+000
         vertex -9.560308e-001 -2.843590e+000 8.706734e+000
      endloop
   endfacet
   facet normal 9.561213e-001 0.000000e+000 2.929709e-001
      outer loop
         vertex -9.560308e-001 -2.843590e+000 8.706734e+000
         vertex -9.775553e-001 -5.919830e+000 8.789321e+000
         vertex -9.278890e-001 -5.927817e+000 8.627144e+000
      endloop
   endfacet
   facet normal 9.380127e-001 0.000000e+000 3.466009e-001
      outer loop
         vertex -9.560308e-001 -2.843590e+000 8.706734e+000
         vertex -9.278890e-001 -5.927817e+000 8.627144e+000
         vertex -9.278890e-001 -2.852897e+000 8.627144e+000
      endloop
   endfacet
   facet normal 9.135873e-001 0.000000e+000 4.066426e-001
      outer loop
         vertex -9.278890e-001 -2.852897e+000 8.627144e+000
         vertex -9.278890e-001 -5.927817e+000 8.627144e+000
         vertex -8.783965e-001 -2.868268e+000 8.528981e+000
      endloop
   endfacet
   facet normal 8.891015e-001 0.000000e+000 4.577101e-001
      outer loop
         vertex -8.783965e-001 -2.868268e+000 8.528981e+000
         vertex -9.278890e-001 -5.927817e+000 8.627144e+000
         vertex -8.515291e-001 -5.939268e+000 8.475693e+000
      endloop
   endfacet
   facet normal 8.617913e-001 0.000000e+000 5.072629e-001
      outer loop
         vertex -8.783965e-001 -2.868268e+000 8.528981e+000
         vertex -8.515291e-001 -5.939268e+000 8.475693e+000
         vertex -8.515291e-001 -2.876612e+000 8.475693e+000
      endloop
   endfacet
   facet normal 8.205372e-001 0.000000e+000 5.715931e-001
      outer loop
         vertex -8.515291e-001 -2.876612e+000 8.475693e+000
         vertex -8.515291e-001 -5.939268e+000 8.475693e+000
         vertex -7.506723e-001 -5.952856e+000 8.339325e+000
      endloop
   endfacet
   facet normal 7.868103e-001 0.000000e+000 6.171949e-001
      outer loop
         vertex -8.515291e-001 -2.876612e+000 8.475693e+000
         vertex -7.506723e-001 -5.952856e+000 8.339325e+000
         vertex -7.506723e-001 -2.904564e+000 8.339325e+000
      endloop
   endfacet
   facet normal 7.422380e-001 0.000000e+000 6.701363e-001
      outer loop
         vertex -7.506723e-001 -2.904564e+000 8.339325e+000
         vertex -7.506723e-001 -5.952856e+000 8.339325e+000
         vertex -7.231945e-001 -5.956034e+000 8.312990e+000
      endloop
   endfacet
   facet normal 7.031617e-001 0.000000e+000 7.110301e-001
      outer loop
         vertex -7.506723e-001 -2.904564e+000 8.339325e+000
         vertex -7.231945e-001 -5.956034e+000 8.312990e+000
         vertex -6.282200e-001 -2.933486e+000 8.221964e+000
      endloop
   endfacet
   facet normal 6.617604e-001 0.000000e+000 7.497154e-001
      outer loop
         vertex -7.231945e-001 -5.956034e+000 8.312990e+000
         vertex -6.282200e-001 -5.967021e+000 8.221964e+000
         vertex -6.282200e-001 -2.933486e+000 8.221964e+000
      endloop
   endfacet
   facet normal 5.832456e-001 0.000000e+000 8.122959e-001
      outer loop
         vertex -6.282200e-001 -2.933486e+000 8.221964e+000
         vertex -6.282200e-001 -5.967021e+000 8.221964e+000
         vertex -4.876949e-001 -5.980146e+000 8.126987e+000
      endloop
   endfacet
   facet normal 5.362535e-001 0.000000e+000 8.440570e-001
      outer loop
         vertex -6.282200e-001 -2.933486e+000 8.221964e+000
         vertex -4.876949e-001 -5.980146e+000 8.126987e+000
         vertex -4.876949e-001 -2.960093e+000 8.126987e+000
      endloop
   endfacet
   facet normal 2.244324e-001 0.000000e+000 9.744897e-001
      outer loop
         vertex -3.331398e-001 -5.990745e+000 8.057122e+000
         vertex -1.690008e-001 -5.997620e+000 8.014383e+000
         vertex -1.690008e-001 -2.995236e+000 8.014383e+000
      endloop
   endfacet
   facet normal 2.518945e-001 0.000000e+000 9.677547e-001
      outer loop
         vertex -1.690008e-001 -2.995236e+000 8.014383e+000
         vertex -2.517281e-001 -2.989420e+000 8.032202e+000
         vertex -3.331398e-001 -5.990745e+000 8.057122e+000
      endloop
   endfacet
   facet normal 3.062611e-001 0.000000e+000 9.519476e-001
      outer loop
         vertex -3.331398e-001 -5.990745e+000 8.057122e+000
         vertex -2.517281e-001 -2.989420e+000 8.032202e+000
         vertex -3.324471e-001 -2.980857e+000 8.059194e+000
      endloop
   endfacet
   facet normal 3.859050e-001 0.000000e+000 9.225385e-001
      outer loop
         vertex -3.331398e-001 -5.990745e+000 8.057122e+000
         vertex -3.324471e-001 -2.980857e+000 8.059194e+000
         vertex -4.876949e-001 -5.980146e+000 8.126987e+000
      endloop
   endfacet
   facet normal 4.016556e-001 0.000000e+000 9.157908e-001
      outer loop
         vertex -4.876949e-001 -5.980146e+000 8.126987e+000
         vertex -3.324471e-001 -2.980857e+000 8.059194e+000
         vertex -3.810534e-001 -2.975701e+000 8.075447e+000
      endloop
   endfacet
   facet normal 4.528542e-001 0.000000e+000 8.915846e-001
      outer loop
         vertex -4.876949e-001 -5.980146e+000 8.126987e+000
         vertex -3.810534e-001 -2.975701e+000 8.075447e+000
         vertex -4.876949e-001 -2.960093e+000 8.126987e+000
      endloop
   endfacet
   facet normal -1.967209e-001 0.000000e+000 9.804595e-001
      outer loop
         vertex 2.517286e-001 -2.989420e+000 8.032202e+000
         vertex 1.686622e-001 -2.994680e+000 8.016134e+000
         vertex 1.690008e-001 -5.997620e+000 8.014383e+000
      endloop
   endfacet
   facet normal -1.551265e-001 0.000000e+000 9.878946e-001
      outer loop
         vertex 1.690008e-001 -5.997620e+000 8.014383e+000
         vertex 1.686622e-001 -2.994680e+000 8.016134e+000
         vertex 1.273236e-001 -2.997297e+000 8.008140e+000
      endloop
   endfacet
   facet normal -9.903275e-002 0.000000e+000 9.950842e-001
      outer loop
         vertex 1.690008e-001 -5.997620e+000 8.014383e+000
         vertex 1.273236e-001 -2.997297e+000 8.008140e+000
         vertex 1.102182e-015 -6.000000e+000 8.000000e+000
      endloop
   endfacet
   facet normal -4.251817e-002 0.000000e+000 9.990957e-001
      outer loop
         vertex 1.102182e-015 -6.000000e+000 8.000000e+000
         vertex 1.273236e-001 -2.997297e+000 8.008140e+000
         vertex 1.102182e-015 -3.000000e+000 8.000000e+000
      endloop
   endfacet
   facet normal 5.651454e-002 0.000000e+000 9.984018e-001
      outer loop
         vertex 1.102182e-015 -6.000000e+000 8.000000e+000
         vertex 1.102182e-015 -3.000000e+000 8.000000e+000
         vertex -1.690008e-001 -5.997620e+000 8.014383e+000
      endloop
   endfacet
   facet normal 8.492099e-002 0.000000e+000 9.963877e-001
      outer loop
         vertex -1.690008e-001 -5.997620e+000 8.014383e+000
         vertex 1.102182e-015 -3.000000e+000 8.000000e+000
         vertex -8.515032e-002 -2.998791e+000 8.003632e+000
      endloop
   endfacet
   facet normal 1.411628e-001 0.000000e+000 9.899864e-001
      outer loop
         vertex -1.690008e-001 -5.997620e+000 8.014383e+000
         vertex -8.515032e-002 -2.998791e+000 8.003632e+000
         vertex -1.690008e-001 -2.995236e+000 8.014383e+000
      endloop
   endfacet
   facet normal 2.245103e-001 0.000000e+000 -9.744717e-001
      outer loop
         vertex -1.690359e-001 2.995234e+000 9.985610e+000
         vertex -2.519780e-001 2.989399e+000 9.967733e+000
         vertex -2.519780e-001 5.994707e+000 9.967733e+000
      endloop
   endfacet
   facet normal 3.062495e-001 0.000000e+000 9.519513e-001
      outer loop
         vertex -3.331398e-001 5.990745e+000 8.057122e+000
         vertex -3.331398e-001 2.981446e+000 8.057122e+000
         vertex -2.517286e-001 2.989420e+000 8.032202e+000
      endloop
   endfacet
   facet normal 2.518947e-001 0.000000e+000 9.677547e-001
      outer loop
         vertex -3.331398e-001 5.990745e+000 8.057122e+000
         vertex -2.517286e-001 2.989420e+000 8.032202e+000
         vertex -1.690008e-001 5.997620e+000 8.014383e+000
      endloop
   endfacet
   facet normal 3.495704e-001 0.000000e+000 9.369101e-001
      outer loop
         vertex -3.331398e-001 2.981446e+000 8.057122e+000
         vertex -3.331398e-001 5.990745e+000 8.057122e+000
         vertex -3.809353e-001 2.974843e+000 8.078728e+000
      endloop
   endfacet
   facet normal 4.019945e-001 0.000000e+000 9.156421e-001
      outer loop
         vertex -3.809353e-001 2.974843e+000 8.078728e+000
         vertex -3.331398e-001 5.990745e+000 8.057122e+000
         vertex -4.876949e-001 5.980146e+000 8.126987e+000
      endloop
   endfacet
   facet normal 4.531938e-001 0.000000e+000 8.914121e-001
      outer loop
         vertex -3.809353e-001 2.974843e+000 8.078728e+000
         vertex -4.876949e-001 5.980146e+000 8.126987e+000
         vertex -4.876949e-001 2.960093e+000 8.126987e+000
      endloop
   endfacet
   facet normal 5.362535e-001 0.000000e+000 8.440570e-001
      outer loop
         vertex -4.876949e-001 2.960093e+000 8.126987e+000
         vertex -4.876949e-001 5.980146e+000 8.126987e+000
         vertex -6.282200e-001 5.967021e+000 8.221964e+000
      endloop
   endfacet
   facet normal 5.832456e-001 0.000000e+000 8.122959e-001
      outer loop
         vertex -4.876949e-001 2.960093e+000 8.126987e+000
         vertex -6.282200e-001 5.967021e+000 8.221964e+000
         vertex -6.282200e-001 2.933486e+000 8.221964e+000
      endloop
   endfacet
   facet normal 6.617604e-001 0.000000e+000 7.497154e-001
      outer loop
         vertex -6.282200e-001 2.933486e+000 8.221964e+000
         vertex -6.282200e-001 5.967021e+000 8.221964e+000
         vertex -7.231945e-001 5.956034e+000 8.312990e+000
      endloop
   endfacet
   facet normal 7.031617e-001 0.000000e+000 7.110301e-001
      outer loop
         vertex -6.282200e-001 2.933486e+000 8.221964e+000
         vertex -7.231945e-001 5.956034e+000 8.312990e+000
         vertex -7.506723e-001 2.904564e+000 8.339325e+000
      endloop
   endfacet
   facet normal 7.422380e-001 0.000000e+000 6.701363e-001
      outer loop
         vertex -7.231945e-001 5.956034e+000 8.312990e+000
         vertex -7.506723e-001 5.952856e+000 8.339325e+000
         vertex -7.506723e-001 2.904564e+000 8.339325e+000
      endloop
   endfacet
   facet normal 7.868103e-001 0.000000e+000 6.171949e-001
      outer loop
         vertex -7.506723e-001 2.904564e+000 8.339325e+000
         vertex -7.506723e-001 5.952856e+000 8.339325e+000
         vertex -8.515291e-001 5.939268e+000 8.475693e+000
      endloop
   endfacet
   facet normal 8.205372e-001 0.000000e+000 5.715931e-001
      outer loop
         vertex -7.506723e-001 2.904564e+000 8.339325e+000
         vertex -8.515291e-001 5.939268e+000 8.475693e+000
         vertex -8.515291e-001 2.876612e+000 8.475693e+000
      endloop
   endfacet
   facet normal 8.617913e-001 0.000000e+000 5.072629e-001
      outer loop
         vertex -8.515291e-001 2.876612e+000 8.475693e+000
         vertex -8.515291e-001 5.939268e+000 8.475693e+000
         vertex -8.783965e-001 2.868268e+000 8.528981e+000
      endloop
   endfacet
   facet normal 8.891015e-001 0.000000e+000 4.577101e-001
      outer loop
         vertex -8.783965e-001 2.868268e+000 8.528981e+000
         vertex -8.515291e-001 5.939268e+000 8.475693e+000
         vertex -9.278890e-001 5.927817e+000 8.627144e+000
      endloop
   endfacet
   facet normal 9.135873e-001 0.000000e+000 4.066426e-001
      outer loop
         vertex -8.783965e-001 2.868268e+000 8.528981e+000
         vertex -9.278890e-001 5.927817e+000 8.627144e+000
         vertex -9.278890e-001 2.852897e+000 8.627144e+000
      endloop
   endfacet
   facet normal 9.380201e-001 0.000000e+000 3.465807e-001
      outer loop
         vertex -9.278890e-001 2.852897e+000 8.627144e+000
         vertex -9.278890e-001 5.927817e+000 8.627144e+000
         vertex -9.560498e-001 2.843584e+000 8.706796e+000
      endloop
   endfacet
   facet normal 9.561276e-001 0.000000e+000 2.929503e-001
      outer loop
         vertex -9.560498e-001 2.843584e+000 8.706796e+000
         vertex -9.278890e-001 5.927817e+000 8.627144e+000
         vertex -9.775553e-001 5.919830e+000 8.789321e+000
      endloop
   endfacet
   facet normal 9.711719e-001 0.000000e+000 2.383804e-001
      outer loop
         vertex -9.560498e-001 2.843584e+000 8.706796e+000
         vertex -9.775553e-001 5.919830e+000 8.789321e+000
         vertex -9.775553e-001 2.836262e+000 8.789321e+000
      endloop
   endfacet
   facet normal 9.831305e-001 0.000000e+000 1.829054e-001
      outer loop
         vertex -9.775553e-001 2.836262e+000 8.789321e+000
         vertex -9.775553e-001 5.919830e+000 8.789321e+000
         vertex -9.919134e-001 2.831273e+000 8.873083e+000
      endloop
   endfacet
   facet normal 9.919047e-001 0.000000e+000 1.269842e-001
      outer loop
         vertex -9.919134e-001 2.831273e+000 8.873083e+000
         vertex -9.775553e-001 5.919830e+000 8.789321e+000
         vertex -9.990990e-001 5.916232e+000 8.957560e+000
      endloop
   endfacet
   facet normal 9.975008e-001 0.000000e+000 7.065630e-002
      outer loop
         vertex -9.919134e-001 2.831273e+000 8.873083e+000
         vertex -9.990990e-001 5.916232e+000 8.957560e+000
         vertex -9.990990e-001 2.828746e+000 8.957560e+000
      endloop
   endfacet
   facet normal 9.998986e-001 0.000000e+000 1.424106e-002
      outer loop
         vertex -9.990990e-001 2.828746e+000 8.957560e+000
         vertex -9.990990e-001 5.916232e+000 8.957560e+000
         vertex -9.991094e-001 2.828742e+000 9.042193e+000
      endloop
   endfacet
   facet normal 9.991025e-001 0.000000e+000 -4.235836e-002
      outer loop
         vertex -9.991094e-001 2.828742e+000 9.042193e+000
         vertex -9.990990e-001 5.916232e+000 8.957560e+000
         vertex -9.919004e-001 5.917443e+000 9.127018e+000
      endloop
   endfacet
   facet normal 9.951051e-001 0.000000e+000 -9.882258e-002
      outer loop
         vertex -9.991094e-001 2.828742e+000 9.042193e+000
         vertex -9.919004e-001 5.917443e+000 9.127018e+000
         vertex -9.919004e-001 2.831278e+000 9.127018e+000
      endloop
   endfacet
   facet normal 9.878990e-001 0.000000e+000 -1.550985e-001
      outer loop
         vertex -9.919004e-001 2.831278e+000 9.127018e+000
         vertex -9.919004e-001 5.917443e+000 9.127018e+000
         vertex -9.775108e-001 2.836278e+000 9.210885e+000
      endloop
   endfacet
   facet normal 9.775404e-001 0.000000e+000 -2.107481e-001
      outer loop
         vertex -9.775108e-001 2.836278e+000 9.210885e+000
         vertex -9.919004e-001 5.917443e+000 9.127018e+000
         vertex -9.561667e-001 5.923322e+000 9.292822e+000
      endloop
   endfacet
   facet normal 9.640496e-001 0.000000e+000 -2.657220e-001
      outer loop
         vertex -9.775108e-001 2.836278e+000 9.210885e+000
         vertex -9.561667e-001 5.923322e+000 9.292822e+000
         vertex -9.561667e-001 2.843544e+000 9.292822e+000
      endloop
   endfacet
   facet normal 9.380898e-001 0.000000e+000 -3.463921e-001
      outer loop
         vertex -9.561667e-001 2.843544e+000 9.292822e+000
         vertex -9.561667e-001 5.923322e+000 9.292822e+000
         vertex -8.929259e-001 5.933185e+000 9.450204e+000
      endloop
   endfacet
   facet normal 9.169418e-001 0.000000e+000 -3.990209e-001
      outer loop
         vertex -9.561667e-001 2.843544e+000 9.292822e+000
         vertex -8.929259e-001 5.933185e+000 9.450204e+000
         vertex -8.929259e-001 2.864033e+000 9.450204e+000
      endloop
   endfacet
   facet normal 8.887404e-001 0.000000e+000 -4.584109e-001
      outer loop
         vertex -8.929259e-001 2.864033e+000 9.450204e+000
         vertex -8.929259e-001 5.933185e+000 9.450204e+000
         vertex -8.784125e-001 2.868313e+000 9.473775e+000
      endloop
   endfacet
   facet normal 8.614044e-001 0.000000e+000 -5.079198e-001
      outer loop
         vertex -8.784125e-001 2.868313e+000 9.473775e+000
         vertex -8.929259e-001 5.933185e+000 9.450204e+000
         vertex -8.039972e-001 5.945889e+000 9.594633e+000
      endloop
   endfacet
   facet normal 8.312451e-001 0.000000e+000 -5.559061e-001
      outer loop
         vertex -8.784125e-001 2.868313e+000 9.473775e+000
         vertex -8.039972e-001 5.945889e+000 9.594633e+000
         vertex -8.039972e-001 2.890258e+000 9.594633e+000
      endloop
   endfacet
   facet normal 7.790620e-001 0.000000e+000 -6.269469e-001
      outer loop
         vertex -8.039972e-001 2.890258e+000 9.594633e+000
         vertex -8.039972e-001 5.945889e+000 9.594633e+000
         vertex -7.231936e-001 5.956041e+000 9.686444e+000
      endloop
   endfacet
   facet normal 7.423096e-001 0.000000e+000 -6.700570e-001
      outer loop
         vertex -8.039972e-001 2.890258e+000 9.594633e+000
         vertex -7.231936e-001 5.956041e+000 9.686444e+000
         vertex -6.919389e-001 2.919113e+000 9.721956e+000
      endloop
   endfacet
   facet normal 7.032323e-001 0.000000e+000 -7.109602e-001
      outer loop
         vertex -7.231936e-001 5.956041e+000 9.686444e+000
         vertex -6.919389e-001 5.959968e+000 9.721956e+000
         vertex -6.919389e-001 2.919113e+000 9.721956e+000
      endloop
   endfacet
   facet normal 6.500320e-001 0.000000e+000 -7.599069e-001
      outer loop
         vertex -6.919389e-001 2.919113e+000 9.721956e+000
         vertex -6.919389e-001 5.959968e+000 9.721956e+000
         vertex -5.599748e-001 5.973812e+000 9.828509e+000
      endloop
   endfacet
   facet normal 6.059027e-001 0.000000e+000 -7.955388e-001
      outer loop
         vertex -6.919389e-001 2.919113e+000 9.721956e+000
         vertex -5.599748e-001 5.973812e+000 9.828509e+000
         vertex -5.599748e-001 2.947275e+000 9.828509e+000
      endloop
   endfacet
   facet normal 5.122570e-001 0.000000e+000 -8.588322e-001
      outer loop
         vertex -5.599748e-001 2.947275e+000 9.828509e+000
         vertex -5.599748e-001 5.973812e+000 9.828509e+000
         vertex -4.119012e-001 5.985845e+000 9.911229e+000
      endloop
   endfacet
   facet normal 4.627406e-001 0.000000e+000 -8.864937e-001
      outer loop
         vertex -5.599748e-001 2.947275e+000 9.828509e+000
         vertex -4.119012e-001 5.985845e+000 9.911229e+000
         vertex -4.119012e-001 2.971588e+000 9.911229e+000
      endloop
   endfacet
   facet normal 3.062663e-001 0.000000e+000 -9.519458e-001
      outer loop
         vertex -2.519780e-001 5.994707e+000 9.967733e+000
         vertex -2.519780e-001 2.989399e+000 9.967733e+000
         vertex -4.119012e-001 5.985845e+000 9.911229e+000
      endloop
   endfacet
   facet normal 3.492517e-001 0.000000e+000 -9.370289e-001
      outer loop
         vertex -4.119012e-001 5.985845e+000 9.911229e+000
         vertex -2.519780e-001 2.989399e+000 9.967733e+000
         vertex -3.810534e-001 2.975701e+000 9.924553e+000
      endloop
   endfacet
   facet normal 4.016690e-001 0.000000e+000 -9.157849e-001
      outer loop
         vertex -4.119012e-001 5.985845e+000 9.911229e+000
         vertex -3.810534e-001 2.975701e+000 9.924553e+000
         vertex -4.119012e-001 2.971588e+000 9.911229e+000
      endloop
   endfacet
   facet normal 1.690125e-001 0.000000e+000 -9.856139e-001
      outer loop
         vertex -1.690359e-001 2.995234e+000 9.985610e+000
         vertex -2.519780e-001 5.994707e+000 9.967733e+000
         vertex -8.480593e-002 2.998801e+000 9.996397e+000
      endloop
   endfacet
   facet normal 1.409813e-001 0.000000e+000 -9.900123e-001
      outer loop
         vertex -8.480593e-002 2.998801e+000 9.996397e+000
         vertex -2.519780e-001 5.994707e+000 9.967733e+000
         vertex -8.480593e-002 5.999401e+000 9.996397e+000
      endloop
   endfacet
   facet normal 5.659020e-002 0.000000e+000 -9.983975e-001
      outer loop
         vertex -8.480593e-002 2.998801e+000 9.996397e+000
         vertex -8.480593e-002 5.999401e+000 9.996397e+000
         vertex -2.284471e-005 3.000000e+000 1.000000e+001
      endloop
   endfacet
   facet normal 2.829891e-002 0.000000e+000 -9.995995e-001
      outer loop
         vertex -2.284471e-005 3.000000e+000 1.000000e+001
         vertex -8.480593e-002 5.999401e+000 9.996397e+000
         vertex 3.659182e-016 5.999401e+000 9.996397e+000
      endloop
   endfacet
   facet normal -2.828369e-002 0.000000e+000 -9.995999e-001
      outer loop
         vertex -2.284471e-005 3.000000e+000 1.000000e+001
         vertex 3.659182e-016 5.999401e+000 9.996397e+000
         vertex 8.480593e-002 2.998801e+000 9.996397e+000
      endloop
   endfacet
   facet normal -5.658260e-002 0.000000e+000 -9.983979e-001
      outer loop
         vertex 8.480593e-002 2.998801e+000 9.996397e+000
         vertex 3.659182e-016 5.999401e+000 9.996397e+000
         vertex 8.480593e-002 5.999401e+000 9.996397e+000
      endloop
   endfacet
   facet normal -9.899860e-002 0.000000e+000 -9.950876e-001
      outer loop
         vertex 8.480593e-002 2.998801e+000 9.996397e+000
         vertex 8.480593e-002 5.999401e+000 9.996397e+000
         vertex 1.273236e-001 2.997297e+000 9.991861e+000
      endloop
   endfacet
   facet normal -1.551056e-001 0.000000e+000 -9.878979e-001
      outer loop
         vertex 1.273236e-001 2.997297e+000 9.991861e+000
         vertex 8.480593e-002 5.999401e+000 9.996397e+000
         vertex 2.519780e-001 5.994707e+000 9.967733e+000
      endloop
   endfacet
   facet normal -2.108045e-001 0.000000e+000 -9.775282e-001
      outer loop
         vertex 1.273236e-001 2.997297e+000 9.991861e+000
         vertex 2.519780e-001 5.994707e+000 9.967733e+000
         vertex 2.519780e-001 2.989399e+000 9.967733e+000
      endloop
   endfacet
   facet normal -2.792765e-001 0.000000e+000 -9.602107e-001
      outer loop
         vertex 2.519780e-001 2.989399e+000 9.967733e+000
         vertex 2.519780e-001 5.994707e+000 9.967733e+000
         vertex 3.332013e-001 2.981439e+000 9.942856e+000
      endloop
   endfacet
   facet normal -3.331603e-001 0.000000e+000 -9.428701e-001
      outer loop
         vertex 3.332013e-001 2.981439e+000 9.942856e+000
         vertex 2.519780e-001 5.994707e+000 9.967733e+000
         vertex 4.119012e-001 5.985845e+000 9.911229e+000
      endloop
   endfacet
   facet normal -3.859766e-001 0.000000e+000 -9.225085e-001
      outer loop
         vertex 3.332013e-001 2.981439e+000 9.942856e+000
         vertex 4.119012e-001 5.985845e+000 9.911229e+000
         vertex 4.119012e-001 2.971588e+000 9.911229e+000
      endloop
   endfacet
   facet normal -4.627406e-001 0.000000e+000 -8.864937e-001
      outer loop
         vertex 4.119012e-001 2.971588e+000 9.911229e+000
         vertex 4.119012e-001 5.985845e+000 9.911229e+000
         vertex 5.599748e-001 5.973812e+000 9.828509e+000
      endloop
   endfacet
   facet normal -5.122570e-001 0.000000e+000 -8.588322e-001
      outer loop
         vertex 4.119012e-001 2.971588e+000 9.911229e+000
         vertex 5.599748e-001 5.973812e+000 9.828509e+000
         vertex 5.599748e-001 2.947275e+000 9.828509e+000
      endloop
   endfacet
   facet normal -5.852556e-001 0.000000e+000 -8.108489e-001
      outer loop
         vertex 5.599748e-001 2.947275e+000 9.828509e+000
         vertex 5.599748e-001 5.973812e+000 9.828509e+000
         vertex 6.318805e-001 2.931930e+000 9.770451e+000
      endloop
   endfacet
   facet normal -6.302044e-001 0.000000e+000 -7.764293e-001
      outer loop
         vertex 6.318805e-001 2.931930e+000 9.770451e+000
         vertex 5.599748e-001 5.973812e+000 9.828509e+000
         vertex 6.919389e-001 5.959968e+000 9.721956e+000
      endloop
   endfacet
   facet normal -6.731213e-001 0.000000e+000 -7.395322e-001
      outer loop
         vertex 6.318805e-001 2.931930e+000 9.770451e+000
         vertex 6.919389e-001 5.959968e+000 9.721956e+000
         vertex 6.919389e-001 2.919113e+000 9.721956e+000
      endloop
   endfacet
   facet normal -7.032323e-001 0.000000e+000 -7.109602e-001
      outer loop
         vertex 6.919389e-001 2.919113e+000 9.721956e+000
         vertex 6.919389e-001 5.959968e+000 9.721956e+000
         vertex 7.231936e-001 5.956041e+000 9.686444e+000
      endloop
   endfacet
   facet normal -7.423096e-001 0.000000e+000 -6.700570e-001
      outer loop
         vertex 6.919389e-001 2.919113e+000 9.721956e+000
         vertex 7.231936e-001 5.956041e+000 9.686444e+000
         vertex 8.039972e-001 2.890258e+000 9.594633e+000
      endloop
   endfacet
   facet normal -7.790620e-001 0.000000e+000 -6.269469e-001
      outer loop
         vertex 7.231936e-001 5.956041e+000 9.686444e+000
         vertex 8.039972e-001 5.945889e+000 9.594633e+000
         vertex 8.039972e-001 2.890258e+000 9.594633e+000
      endloop
   endfacet
   facet normal -8.363176e-001 0.000000e+000 -5.482453e-001
      outer loop
         vertex 8.039972e-001 2.890258e+000 9.594633e+000
         vertex 8.039972e-001 5.945889e+000 9.594633e+000
         vertex 8.929259e-001 5.933185e+000 9.450204e+000
      endloop
   endfacet
   facet normal -8.660557e-001 0.000000e+000 -4.999475e-001
      outer loop
         vertex 8.039972e-001 2.890258e+000 9.594633e+000
         vertex 8.929259e-001 5.933185e+000 9.450204e+000
         vertex 8.929259e-001 2.864033e+000 9.450204e+000
      endloop
   endfacet
   facet normal -9.169418e-001 0.000000e+000 -3.990209e-001
      outer loop
         vertex 8.929259e-001 2.864033e+000 9.450204e+000
         vertex 8.929259e-001 5.933185e+000 9.450204e+000
         vertex 9.561667e-001 5.923322e+000 9.292822e+000
      endloop
   endfacet
   facet normal -9.380898e-001 0.000000e+000 -3.463921e-001
      outer loop
         vertex 8.929259e-001 2.864033e+000 9.450204e+000
         vertex 9.561667e-001 5.923322e+000 9.292822e+000
         vertex 9.561667e-001 2.843544e+000 9.292822e+000
      endloop
   endfacet
   facet normal -9.640479e-001 0.000000e+000 -2.657286e-001
      outer loop
         vertex 9.561667e-001 2.843544e+000 9.292822e+000
         vertex 9.561667e-001 5.923322e+000 9.292822e+000
         vertex 9.775065e-001 2.836279e+000 9.210905e+000
      endloop
   endfacet
   facet normal -9.775389e-001 0.000000e+000 -2.107548e-001
      outer loop
         vertex 9.775065e-001 2.836279e+000 9.210905e+000
         vertex 9.561667e-001 5.923322e+000 9.292822e+000
         vertex 9.919004e-001 5.917443e+000 9.127018e+000
      endloop
   endfacet
   facet normal -9.878980e-001 0.000000e+000 -1.551052e-001
      outer loop
         vertex 9.775065e-001 2.836279e+000 9.210905e+000
         vertex 9.919004e-001 5.917443e+000 9.127018e+000
         vertex 9.919004e-001 2.831278e+000 9.127018e+000
      endloop
   endfacet
   facet normal -9.951082e-001 0.000000e+000 -9.879095e-002
      outer loop
         vertex 9.919004e-001 2.831278e+000 9.127018e+000
         vertex 9.919004e-001 5.917443e+000 9.127018e+000
         vertex 9.991136e-001 2.828740e+000 9.042098e+000
      endloop
   endfacet
   facet normal -9.991038e-001 0.000000e+000 -4.232651e-002
      outer loop
         vertex 9.991136e-001 2.828740e+000 9.042098e+000
         vertex 9.919004e-001 5.917443e+000 9.127018e+000
         vertex 9.990990e-001 5.916232e+000 8.957560e+000
      endloop
   endfacet
   facet normal -9.998982e-001 0.000000e+000 1.427282e-002
      outer loop
         vertex 9.991136e-001 2.828740e+000 9.042098e+000
         vertex 9.990990e-001 5.916232e+000 8.957560e+000
         vertex 9.990990e-001 2.828746e+000 8.957560e+000
      endloop
   endfacet
   facet normal -9.975019e-001 0.000000e+000 7.063978e-002
      outer loop
         vertex 9.990990e-001 2.828746e+000 8.957560e+000
         vertex 9.990990e-001 5.916232e+000 8.957560e+000
         vertex 9.919196e-001 2.831271e+000 8.873132e+000
      endloop
   endfacet
   facet normal -9.919068e-001 0.000000e+000 1.269677e-001
      outer loop
         vertex 9.919196e-001 2.831271e+000 8.873132e+000
         vertex 9.990990e-001 5.916232e+000 8.957560e+000
         vertex 9.775553e-001 5.919830e+000 8.789321e+000
      endloop
   endfacet
   facet normal -9.831336e-001 0.000000e+000 1.828891e-001
      outer loop
         vertex 9.919196e-001 2.831271e+000 8.873132e+000
         vertex 9.775553e-001 5.919830e+000 8.789321e+000
         vertex 9.775553e-001 2.836262e+000 8.789321e+000
      endloop
   endfacet
   facet normal -9.711667e-001 0.000000e+000 2.384012e-001
      outer loop
         vertex 9.775553e-001 2.836262e+000 8.789321e+000
         vertex 9.775553e-001 5.919830e+000 8.789321e+000
         vertex 9.560308e-001 2.843590e+000 8.706734e+000
      endloop
   endfacet
   facet normal -9.561213e-001 0.000000e+000 2.929709e-001
      outer loop
         vertex 9.560308e-001 2.843590e+000 8.706734e+000
         vertex 9.775553e-001 5.919830e+000 8.789321e+000
         vertex 9.278890e-001 5.927817e+000 8.627144e+000
      endloop
   endfacet
   facet normal -9.380127e-001 0.000000e+000 3.466009e-001
      outer loop
         vertex 9.560308e-001 2.843590e+000 8.706734e+000
         vertex 9.278890e-001 5.927817e+000 8.627144e+000
         vertex 9.278890e-001 2.852897e+000 8.627144e+000
      endloop
   endfacet
   facet normal -9.053342e-001 0.000000e+000 4.246998e-001
      outer loop
         vertex 9.278890e-001 2.852897e+000 8.627144e+000
         vertex 9.278890e-001 5.927817e+000 8.627144e+000
         vertex 8.515291e-001 5.939268e+000 8.475693e+000
      endloop
   endfacet
   facet normal -8.797992e-001 0.000000e+000 4.753455e-001
      outer loop
         vertex 9.278890e-001 2.852897e+000 8.627144e+000
         vertex 8.515291e-001 5.939268e+000 8.475693e+000
         vertex 8.515291e-001 2.876612e+000 8.475693e+000
      endloop
   endfacet
   facet normal -8.205372e-001 0.000000e+000 5.715931e-001
      outer loop
         vertex 8.515291e-001 2.876612e+000 8.475693e+000
         vertex 8.515291e-001 5.939268e+000 8.475693e+000
         vertex 7.506723e-001 5.952856e+000 8.339325e+000
      endloop
   endfacet
   facet normal -7.868103e-001 0.000000e+000 6.171949e-001
      outer loop
         vertex 8.515291e-001 2.876612e+000 8.475693e+000
         vertex 7.506723e-001 5.952856e+000 8.339325e+000
         vertex 7.506723e-001 2.904564e+000 8.339325e+000
      endloop
   endfacet
   facet normal -7.132809e-001 0.000000e+000 7.008783e-001
      outer loop
         vertex 7.506723e-001 2.904564e+000 8.339325e+000
         vertex 7.506723e-001 5.952856e+000 8.339325e+000
         vertex 6.320378e-001 2.932666e+000 8.225063e+000
      endloop
   endfacet
   facet normal -7.043233e-001 0.000000e+000 7.098793e-001
      outer loop
         vertex 6.320378e-001 2.932666e+000 8.225063e+000
         vertex 7.506723e-001 5.952856e+000 8.339325e+000
         vertex 7.231945e-001 5.956034e+000 8.312990e+000
      endloop
   endfacet
   facet normal -6.629980e-001 0.000000e+000 7.486212e-001
      outer loop
         vertex 6.320378e-001 2.932666e+000 8.225063e+000
         vertex 7.231945e-001 5.956034e+000 8.312990e+000
         vertex 6.279854e-001 2.933436e+000 8.222309e+000
      endloop
   endfacet
   facet normal -6.617690e-001 0.000000e+000 7.497079e-001
      outer loop
         vertex 7.231945e-001 5.956034e+000 8.312990e+000
         vertex 6.282200e-001 5.967021e+000 8.221964e+000
         vertex 6.279854e-001 2.933436e+000 8.222309e+000
      endloop
   endfacet
   facet normal -5.832549e-001 0.000000e+000 8.122892e-001
      outer loop
         vertex 6.279854e-001 2.933436e+000 8.222309e+000
         vertex 6.282200e-001 5.967021e+000 8.221964e+000
         vertex 4.876949e-001 5.980146e+000 8.126987e+000
      endloop
   endfacet
   facet normal -5.362630e-001 0.000000e+000 8.440509e-001
      outer loop
         vertex 6.279854e-001 2.933436e+000 8.222309e+000
         vertex 4.876949e-001 5.980146e+000 8.126987e+000
         vertex 4.876949e-001 2.960093e+000 8.126987e+000
      endloop
   endfacet
   facet normal -4.375775e-001 0.000000e+000 8.991807e-001
      outer loop
         vertex 4.876949e-001 2.960093e+000 8.126987e+000
         vertex 4.876949e-001 5.980146e+000 8.126987e+000
         vertex 3.331398e-001 5.990745e+000 8.057122e+000
      endloop
   endfacet
   facet normal -3.858936e-001 0.000000e+000 9.225433e-001
      outer loop
         vertex 4.876949e-001 2.960093e+000 8.126987e+000
         vertex 3.331398e-001 5.990745e+000 8.057122e+000
         vertex 3.331398e-001 2.981446e+000 8.057122e+000
      endloop
   endfacet
   facet normal -2.244324e-001 0.000000e+000 9.744897e-001
      outer loop
         vertex 1.690008e-001 5.997620e+000 8.014383e+000
         vertex 1.690008e-001 2.995236e+000 8.014383e+000
         vertex 3.331398e-001 5.990745e+000 8.057122e+000
      endloop
   endfacet
   facet normal -2.518945e-001 0.000000e+000 9.677547e-001
      outer loop
         vertex 3.331398e-001 5.990745e+000 8.057122e+000
         vertex 1.690008e-001 2.995236e+000 8.014383e+000
         vertex 2.517281e-001 2.989420e+000 8.032202e+000
      endloop
   endfacet
   facet normal -3.062493e-001 0.000000e+000 9.519513e-001
      outer loop
         vertex 3.331398e-001 5.990745e+000 8.057122e+000
         vertex 2.517281e-001 2.989420e+000 8.032202e+000
         vertex 3.331398e-001 2.981446e+000 8.057122e+000
      endloop
   endfacet
   facet normal 1.967333e-001 0.000000e+000 9.804570e-001
      outer loop
         vertex -2.517286e-001 2.989420e+000 8.032202e+000
         vertex -1.690008e-001 2.995236e+000 8.014383e+000
         vertex -1.690008e-001 5.997620e+000 8.014383e+000
      endloop
   endfacet
   facet normal 1.411652e-001 0.000000e+000 9.899861e-001
      outer loop
         vertex -1.690008e-001 5.997620e+000 8.014383e+000
         vertex -1.690008e-001 2.995236e+000 8.014383e+000
         vertex -8.515745e-002 2.998791e+000 8.003633e+000
      endloop
   endfacet
   facet normal 8.492338e-002 0.000000e+000 9.963875e-001
      outer loop
         vertex -1.690008e-001 5.997620e+000 8.014383e+000
         vertex -8.515745e-002 2.998791e+000 8.003633e+000
         vertex 1.102182e-015 6.000000e+000 8.000000e+000
      endloop
   endfacet
   facet normal 2.840876e-002 0.000000e+000 9.995964e-001
      outer loop
         vertex 1.102182e-015 6.000000e+000 8.000000e+000
         vertex -8.515745e-002 2.998791e+000 8.003633e+000
         vertex 1.102182e-015 3.000000e+000 8.000000e+000
      endloop
   endfacet
   facet normal -5.651454e-002 0.000000e+000 9.984018e-001
      outer loop
         vertex 1.102182e-015 6.000000e+000 8.000000e+000
         vertex 1.102182e-015 3.000000e+000 8.000000e+000
         vertex 1.690008e-001 5.997620e+000 8.014383e+000
      endloop
   endfacet
   facet normal -9.903275e-002 0.000000e+000 9.950842e-001
      outer loop
         vertex 1.690008e-001 5.997620e+000 8.014383e+000
         vertex 1.102182e-015 3.000000e+000 8.000000e+000
         vertex 1.273236e-001 2.997297e+000 8.008140e+000
      endloop
   endfacet
   facet normal -1.551390e-001 0.000000e+000 9.878926e-001
      outer loop
         vertex 1.690008e-001 5.997620e+000 8.014383e+000
         vertex 1.273236e-001 2.997297e+000 8.008140e+000
         vertex 1.690008e-001 2.995236e+000 8.014383e+000
      endloop
   endfacet
   facet normal -7.042405e-001 5.686763e-002 7.076803e-001
      outer loop
         vertex -6.000000e+000 0.000000e+000 1.150000e+001
         vertex -5.459898e+000 6.629517e-001 1.200000e+001
         vertex -5.956253e+000 7.232201e-001 1.150000e+001
      endloop
   endfacet
   facet normal -6.973858e-001 1.133206e-001 7.076803e-001
      outer loop
         vertex -5.956253e+000 7.232201e-001 1.150000e+001
         vertex -5.459898e+000 6.629517e-001 1.200000e+001
         vertex -5.340180e+000 1.316236e+000 1.200000e+001
      endloop
   endfacet
   facet normal -6.922512e-001 1.413398e-001 7.076803e-001
      outer loop
         vertex -5.956253e+000 7.232201e-001 1.150000e+001
         vertex -5.340180e+000 1.316236e+000 1.200000e+001
         vertex -5.825651e+000 1.435894e+000 1.150000e+001
      endloop
   endfacet
   facet normal -6.786419e-001 1.965550e-001 7.076803e-001
      outer loop
         vertex -5.825651e+000 1.435894e+000 1.150000e+001
         vertex -5.340180e+000 1.316236e+000 1.200000e+001
         vertex -5.142590e+000 1.950327e+000 1.200000e+001
      endloop
   endfacet
   facet normal -6.701672e-001 2.237509e-001 7.076803e-001
      outer loop
         vertex -5.825651e+000 1.435894e+000 1.150000e+001
         vertex -5.142590e+000 1.950327e+000 1.200000e+001
         vertex -5.610098e+000 2.127629e+000 1.150000e+001
      endloop
   endfacet
   facet normal -6.500017e-001 2.769231e-001 7.076803e-001
      outer loop
         vertex -5.610098e+000 2.127629e+000 1.150000e+001
         vertex -5.142590e+000 1.950327e+000 1.200000e+001
         vertex -4.870008e+000 2.555978e+000 1.200000e+001
      endloop
   endfacet
   facet normal -6.383108e-001 3.028993e-001 7.076803e-001
      outer loop
         vertex -5.610098e+000 2.127629e+000 1.150000e+001
         vertex -4.870008e+000 2.555978e+000 1.200000e+001
         vertex -5.312736e+000 2.788339e+000 1.150000e+001
      endloop
   endfacet
   facet normal -6.118831e-001 3.532530e-001 7.076803e-001
      outer loop
         vertex -5.312736e+000 2.788339e+000 1.150000e+001
         vertex -4.870008e+000 2.555978e+000 1.200000e+001
         vertex -4.526411e+000 3.124356e+000 1.200000e+001
      endloop
   endfacet
   facet normal -5.971463e-001 3.776307e-001 7.076803e-001
      outer loop
         vertex -5.312736e+000 2.788339e+000 1.150000e+001
         vertex -4.526411e+000 3.124356e+000 1.200000e+001
         vertex -4.937903e+000 3.408388e+000 1.150000e+001
      endloop
   endfacet
   facet normal -5.648418e-001 4.244318e-001 7.076803e-001
      outer loop
         vertex -4.937903e+000 3.408388e+000 1.150000e+001
         vertex -4.526411e+000 3.124356e+000 1.200000e+001
         vertex -4.116809e+000 3.647175e+000 1.200000e+001
      endloop
   endfacet
   facet normal -5.472741e-001 4.468553e-001 7.076803e-001
      outer loop
         vertex -4.937903e+000 3.408388e+000 1.150000e+001
         vertex -4.116809e+000 3.647175e+000 1.200000e+001
         vertex -4.491065e+000 3.978736e+000 1.150000e+001
      endloop
   endfacet
   facet normal -5.095639e-001 4.894214e-001 7.076803e-001
      outer loop
         vertex -4.491065e+000 3.978736e+000 1.150000e+001
         vertex -4.116809e+000 3.647175e+000 1.200000e+001
         vertex -3.647175e+000 4.116809e+000 1.200000e+001
      endloop
   endfacet
   facet normal -4.894214e-001 5.095639e-001 7.076803e-001
      outer loop
         vertex -4.491065e+000 3.978736e+000 1.150000e+001
         vertex -3.647175e+000 4.116809e+000 1.200000e+001
         vertex -3.978736e+000 4.491065e+000 1.150000e+001
      endloop
   endfacet
   facet normal -4.468553e-001 5.472741e-001 7.076803e-001
      outer loop
         vertex -3.978736e+000 4.491065e+000 1.150000e+001
         vertex -3.647175e+000 4.116809e+000 1.200000e+001
         vertex -3.124356e+000 4.526411e+000 1.200000e+001
      endloop
   endfacet
   facet normal -4.244318e-001 5.648418e-001 7.076803e-001
      outer loop
         vertex -3.978736e+000 4.491065e+000 1.150000e+001
         vertex -3.124356e+000 4.526411e+000 1.200000e+001
         vertex -3.408388e+000 4.937903e+000 1.150000e+001
      endloop
   endfacet
   facet normal -3.776307e-001 5.971463e-001 7.076803e-001
      outer loop
         vertex -3.408388e+000 4.937903e+000 1.150000e+001
         vertex -3.124356e+000 4.526411e+000 1.200000e+001
         vertex -2.555978e+000 4.870008e+000 1.200000e+001
      endloop
   endfacet
   facet normal -3.532530e-001 6.118831e-001 7.076803e-001
      outer loop
         vertex -3.408388e+000 4.937903e+000 1.150000e+001
         vertex -2.555978e+000 4.870008e+000 1.200000e+001
         vertex -2.788339e+000 5.312736e+000 1.150000e+001
      endloop
   endfacet
   facet normal -3.028993e-001 6.383108e-001 7.076803e-001
      outer loop
         vertex -2.788339e+000 5.312736e+000 1.150000e+001
         vertex -2.555978e+000 4.870008e+000 1.200000e+001
         vertex -1.950327e+000 5.142590e+000 1.200000e+001
      endloop
   endfacet
   facet normal -2.769231e-001 6.500017e-001 7.076803e-001
      outer loop
         vertex -2.788339e+000 5.312736e+000 1.150000e+001
         vertex -1.950327e+000 5.142590e+000 1.200000e+001
         vertex -2.127629e+000 5.610098e+000 1.150000e+001
      endloop
   endfacet
   facet normal -2.237509e-001 6.701672e-001 7.076803e-001
      outer loop
         vertex -2.127629e+000 5.610098e+000 1.150000e+001
         vertex -1.950327e+000 5.142590e+000 1.200000e+001
         vertex -1.316236e+000 5.340180e+000 1.200000e+001
      endloop
   endfacet
   facet normal -1.965550e-001 6.786419e-001 7.076803e-001
      outer loop
         vertex -2.127629e+000 5.610098e+000 1.150000e+001
         vertex -1.316236e+000 5.340180e+000 1.200000e+001
         vertex -1.435894e+000 5.825651e+000 1.150000e+001
      endloop
   endfacet
   facet normal -1.413398e-001 6.922512e-001 7.076803e-001
      outer loop
         vertex -1.435894e+000 5.825651e+000 1.150000e+001
         vertex -1.316236e+000 5.340180e+000 1.200000e+001
         vertex -6.629517e-001 5.459898e+000 1.200000e+001
      endloop
   endfacet
   facet normal -1.133206e-001 6.973858e-001 7.076803e-001
      outer loop
         vertex -1.435894e+000 5.825651e+000 1.150000e+001
         vertex -6.629517e-001 5.459898e+000 1.200000e+001
         vertex -7.232201e-001 5.956253e+000 1.150000e+001
      endloop
   endfacet
   facet normal -5.686763e-002 7.042405e-001 7.076803e-001
      outer loop
         vertex -7.232201e-001 5.956253e+000 1.150000e+001
         vertex -6.629517e-001 5.459898e+000 1.200000e+001
         vertex 0.000000e+000 5.500000e+000 1.200000e+001
      endloop
   endfacet
   facet normal -2.843381e-002 7.059605e-001 7.076803e-001
      outer loop
         vertex -7.232201e-001 5.956253e+000 1.150000e+001
         vertex 0.000000e+000 5.500000e+000 1.200000e+001
         vertex 0.000000e+000 6.000000e+000 1.150000e+001
      endloop
   endfacet
   facet normal 2.843381e-002 7.059605e-001 7.076803e-001
      outer loop
         vertex 0.000000e+000 6.000000e+000 1.150000e+001
         vertex 0.000000e+000 5.500000e+000 1.200000e+001
         vertex 6.629517e-001 5.459898e+000 1.200000e+001
      endloop
   endfacet
   facet normal 5.686763e-002 7.042405e-001 7.076803e-001
      outer loop
         vertex 0.000000e+000 6.000000e+000 1.150000e+001
         vertex 6.629517e-001 5.459898e+000 1.200000e+001
         vertex 7.232201e-001 5.956253e+000 1.150000e+001
      endloop
   endfacet
   facet normal 1.133206e-001 6.973858e-001 7.076803e-001
      outer loop
         vertex 7.232201e-001 5.956253e+000 1.150000e+001
         vertex 6.629517e-001 5.459898e+000 1.200000e+001
         vertex 1.316236e+000 5.340180e+000 1.200000e+001
      endloop
   endfacet
   facet normal 1.413398e-001 6.922512e-001 7.076803e-001
      outer loop
         vertex 7.232201e-001 5.956253e+000 1.150000e+001
         vertex 1.316236e+000 5.340180e+000 1.200000e+001
         vertex 1.435894e+000 5.825651e+000 1.150000e+001
      endloop
   endfacet
   facet normal 1.965550e-001 6.786419e-001 7.076803e-001
      outer loop
         vertex 1.435894e+000 5.825651e+000 1.150000e+001
         vertex 1.316236e+000 5.340180e+000 1.200000e+001
         vertex 1.950327e+000 5.142590e+000 1.200000e+001
      endloop
   endfacet
   facet normal 2.237509e-001 6.701672e-001 7.076803e-001
      outer loop
         vertex 1.435894e+000 5.825651e+000 1.150000e+001
         vertex 1.950327e+000 5.142590e+000 1.200000e+001
         vertex 2.127629e+000 5.610098e+000 1.150000e+001
      endloop
   endfacet
   facet normal 2.769231e-001 6.500017e-001 7.076803e-001
      outer loop
         vertex 2.127629e+000 5.610098e+000 1.150000e+001
         vertex 1.950327e+000 5.142590e+000 1.200000e+001
         vertex 2.555978e+000 4.870008e+000 1.200000e+001
      endloop
   endfacet
   facet normal 3.028993e-001 6.383108e-001 7.076803e-001
      outer loop
         vertex 2.127629e+000 5.610098e+000 1.150000e+001
         vertex 2.555978e+000 4.870008e+000 1.200000e+001
         vertex 2.788339e+000 5.312736e+000 1.150000e+001
      endloop
   endfacet
   facet normal 3.532530e-001 6.118831e-001 7.076803e-001
      outer loop
         vertex 2.788339e+000 5.312736e+000 1.150000e+001
         vertex 2.555978e+000 4.870008e+000 1.200000e+001
         vertex 3.124356e+000 4.526411e+000 1.200000e+001
      endloop
   endfacet
   facet normal 3.776307e-001 5.971463e-001 7.076803e-001
      outer loop
         vertex 2.788339e+000 5.312736e+000 1.150000e+001
         vertex 3.124356e+000 4.526411e+000 1.200000e+001
         vertex 3.408388e+000 4.937903e+000 1.150000e+001
      endloop
   endfacet
   facet normal 4.244318e-001 5.648418e-001 7.076803e-001
      outer loop
         vertex 3.408388e+000 4.937903e+000 1.150000e+001
         vertex 3.124356e+000 4.526411e+000 1.200000e+001
         vertex 3.647175e+000 4.116809e+000 1.200000e+001
      endloop
   endfacet
   facet normal 4.468553e-001 5.472741e-001 7.076803e-001
      outer loop
         vertex 3.408388e+000 4.937903e+000 1.150000e+001
         vertex 3.647175e+000 4.116809e+000 1.200000e+001
         vertex 3.978736e+000 4.491065e+000 1.150000e+001
      endloop
   endfacet
   facet normal 4.894214e-001 5.095639e-001 7.076803e-001
      outer loop
         vertex 3.978736e+000 4.491065e+000 1.150000e+001
         vertex 3.647175e+000 4.116809e+000 1.200000e+001
         vertex 4.116809e+000 3.647175e+000 1.200000e+001
      endloop
   endfacet
   facet normal 5.095639e-001 4.894214e-001 7.076803e-001
      outer loop
         vertex 3.978736e+000 4.491065e+000 1.150000e+001
         vertex 4.116809e+000 3.647175e+000 1.200000e+001
         vertex 4.491065e+000 3.978736e+000 1.150000e+001
      endloop
   endfacet
   facet normal 5.472741e-001 4.468553e-001 7.076803e-001
      outer loop
         vertex 4.491065e+000 3.978736e+000 1.150000e+001
         vertex 4.116809e+000 3.647175e+000 1.200000e+001
         vertex 4.526411e+000 3.124356e+000 1.200000e+001
      endloop
   endfacet
   facet normal 5.648418e-001 4.244318e-001 7.076803e-001
      outer loop
         vertex 4.491065e+000 3.978736e+000 1.150000e+001
         vertex 4.526411e+000 3.124356e+000 1.200000e+001
         vertex 4.937903e+000 3.408388e+000 1.150000e+001
      endloop
   endfacet
   facet normal 5.971463e-001 3.776307e-001 7.076803e-001
      outer loop
         vertex 4.937903e+000 3.408388e+000 1.150000e+001
         vertex 4.526411e+000 3.124356e+000 1.200000e+001
         vertex 4.870008e+000 2.555978e+000 1.200000e+001
      endloop
   endfacet
   facet normal 6.118831e-001 3.532530e-001 7.076803e-001
      outer loop
         vertex 4.937903e+000 3.408388e+000 1.150000e+001
         vertex 4.870008e+000 2.555978e+000 1.200000e+001
         vertex 5.312736e+000 2.788339e+000 1.150000e+001
      endloop
   endfacet
   facet normal 6.383108e-001 3.028993e-001 7.076803e-001
      outer loop
         vertex 5.312736e+000 2.788339e+000 1.150000e+001
         vertex 4.870008e+000 2.555978e+000 1.200000e+001
         vertex 5.142590e+000 1.950327e+000 1.200000e+001
      endloop
   endfacet
   facet normal 6.500017e-001 2.769231e-001 7.076803e-001
      outer loop
         vertex 5.312736e+000 2.788339e+000 1.150000e+001
         vertex 5.142590e+000 1.950327e+000 1.200000e+001
         vertex 5.610098e+000 2.127629e+000 1.150000e+001
      endloop
   endfacet
   facet normal 6.701672e-001 2.237509e-001 7.076803e-001
      outer loop
         vertex 5.610098e+000 2.127629e+000 1.150000e+001
         vertex 5.142590e+000 1.950327e+000 1.200000e+001
         vertex 5.340180e+000 1.316236e+000 1.200000e+001
      endloop
   endfacet
   facet normal 6.786419e-001 1.965550e-001 7.076803e-001
      outer loop
         vertex 5.610098e+000 2.127629e+000 1.150000e+001
         vertex 5.340180e+000 1.316236e+000 1.200000e+001
         vertex 5.825651e+000 1.435894e+000 1.150000e+001
      endloop
   endfacet
   facet normal 6.922512e-001 1.413398e-001 7.076803e-001
      outer loop
         vertex 5.825651e+000 1.435894e+000 1.150000e+001
         vertex 5.340180e+000 1.316236e+000 1.200000e+001
         vertex 5.459898e+000 6.629517e-001 1.200000e+001
      endloop
   endfacet
   facet normal 6.973858e-001 1.133206e-001 7.076803e-001
      outer loop
         vertex 5.825651e+000 1.435894e+000 1.150000e+001
         vertex 5.459898e+000 6.629517e-001 1.200000e+001
         vertex 5.956253e+000 7.232201e-001 1.150000e+001
      endloop
   endfacet
   facet normal 7.042405e-001 5.686763e-002 7.076803e-001
      outer loop
         vertex 5.956253e+000 7.232201e-001 1.150000e+001
         vertex 5.459898e+000 6.629517e-001 1.200000e+001
         vertex 5.500000e+000 3.816392e-016 1.200000e+001
      endloop
   endfacet
   facet normal 7.059605e-001 2.843381e-002 7.076803e-001
      outer loop
         vertex 5.956253e+000 7.232201e-001 1.150000e+001
         vertex 5.500000e+000 3.816392e-016 1.200000e+001
         vertex 6.000000e+000 4.163336e-016 1.150000e+001
      endloop
   endfacet
   facet normal 7.059605e-001 -2.843381e-002 7.076803e-001
      outer loop
         vertex 6.000000e+000 4.163336e-016 1.150000e+001
         vertex 5.500000e+000 3.816392e-016 1.200000e+001
         vertex 5.459898e+000 -6.629517e-001 1.200000e+001
      endloop
   endfacet
   facet normal 7.042405e-001 -5.686763e-002 7.076803e-001
      outer loop
         vertex 6.000000e+000 4.163336e-016 1.150000e+001
         vertex 5.459898e+000 -6.629517e-001 1.200000e+001
         vertex 5.956253e+000 -7.232201e-001 1.150000e+001
      endloop
   endfacet
   facet normal 6.973858e-001 -1.133206e-001 7.076803e-001
      outer loop
         vertex 5.956253e+000 -7.232201e-001 1.150000e+001
         vertex 5.459898e+000 -6.629517e-001 1.200000e+001
         vertex 5.340180e+000 -1.316236e+000 1.200000e+001
      endloop
   endfacet
   facet normal 6.922512e-001 -1.413398e-001 7.076803e-001
      outer loop
         vertex 5.956253e+000 -7.232201e-001 1.150000e+001
         vertex 5.340180e+000 -1.316236e+000 1.200000e+001
         vertex 5.825651e+000 -1.435894e+000 1.150000e+001
      endloop
   endfacet
   facet normal 6.786419e-001 -1.965550e-001 7.076803e-001
      outer loop
         vertex 5.825651e+000 -1.435894e+000 1.150000e+001
         vertex 5.340180e+000 -1.316236e+000 1.200000e+001
         vertex 5.142590e+000 -1.950327e+000 1.200000e+001
      endloop
   endfacet
   facet normal 6.701672e-001 -2.237509e-001 7.076803e-001
      outer loop
         vertex 5.825651e+000 -1.435894e+000 1.150000e+001
         vertex 5.142590e+000 -1.950327e+000 1.200000e+001
         vertex 5.610098e+000 -2.127629e+000 1.150000e+001
      endloop
   endfacet
   facet normal 6.500017e-001 -2.769231e-001 7.076803e-001
      outer loop
         vertex 5.610098e+000 -2.127629e+000 1.150000e+001
         vertex 5.142590e+000 -1.950327e+000 1.200000e+001
         vertex 4.870008e+000 -2.555978e+000 1.200000e+001
      endloop
   endfacet
   facet normal 6.383108e-001 -3.028993e-001 7.076803e-001
      outer loop
         vertex 5.610098e+000 -2.127629e+000 1.150000e+001
         vertex 4.870008e+000 -2.555978e+000 1.200000e+001
         vertex 5.312736e+000 -2.788339e+000 1.150000e+001
      endloop
   endfacet
   facet normal 6.118831e-001 -3.532530e-001 7.076803e-001
      outer loop
         vertex 5.312736e+000 -2.788339e+000 1.150000e+001
         vertex 4.870008e+000 -2.555978e+000 1.200000e+001
         vertex 4.526411e+000 -3.124356e+000 1.200000e+001
      endloop
   endfacet
   facet normal 5.971463e-001 -3.776307e-001 7.076803e-001
      outer loop
         vertex 5.312736e+000 -2.788339e+000 1.150000e+001
         vertex 4.526411e+000 -3.124356e+000 1.200000e+001
         vertex 4.937903e+000 -3.408388e+000 1.150000e+001
      endloop
   endfacet
   facet normal 5.648418e-001 -4.244318e-001 7.076803e-001
      outer loop
         vertex 4.937903e+000 -3.408388e+000 1.150000e+001
         vertex 4.526411e+000 -3.124356e+000 1.200000e+001
         vertex 4.116809e+000 -3.647175e+000 1.200000e+001
      endloop
   endfacet
   facet normal 5.472741e-001 -4.468553e-001 7.076803e-001
      outer loop
         vertex 4.937903e+000 -3.408388e+000 1.150000e+001
         vertex 4.116809e+000 -3.647175e+000 1.200000e+001
         vertex 4.491065e+000 -3.978736e+000 1.150000e+001
      endloop
   endfacet
   facet normal 5.095639e-001 -4.894214e-001 7.076803e-001
      outer loop
         vertex 4.491065e+000 -3.978736e+000 1.150000e+001
         vertex 4.116809e+000 -3.647175e+000 1.200000e+001
         vertex 3.647175e+000 -4.116809e+000 1.200000e+001
      endloop
   endfacet
   facet normal 4.894214e-001 -5.095639e-001 7.076803e-001
      outer loop
         vertex 4.491065e+000 -3.978736e+000 1.150000e+001
         vertex 3.647175e+000 -4.116809e+000 1.200000e+001
         vertex 3.978736e+000 -4.491065e+000 1.150000e+001
      endloop
   endfacet
   facet normal 4.468553e-001 -5.472741e-001 7.076803e-001
      outer loop
         vertex 3.978736e+000 -4.491065e+000 1.150000e+001
         vertex 3.647175e+000 -4.116809e+000 1.200000e+001
         vertex 3.124356e+000 -4.526411e+000 1.200000e+001
      endloop
   endfacet
   facet normal 4.244318e-001 -5.648418e-001 7.076803e-001
      outer loop
         vertex 3.978736e+000 -4.491065e+000 1.150000e+001
         vertex 3.124356e+000 -4.526411e+000 1.200000e+001
         vertex 3.408388e+000 -4.937903e+000 1.150000e+001
      endloop
   endfacet
   facet normal 3.776307e-001 -5.971463e-001 7.076803e-001
      outer loop
         vertex 3.408388e+000 -4.937903e+000 1.150000e+001
         vertex 3.124356e+000 -4.526411e+000 1.200000e+001
         vertex 2.555978e+000 -4.870008e+000 1.200000e+001
      endloop
   endfacet
   facet normal 3.532530e-001 -6.118831e-001 7.076803e-001
      outer loop
         vertex 3.408388e+000 -4.937903e+000 1.150000e+001
         vertex 2.555978e+000 -4.870008e+000 1.200000e+001
         vertex 2.788339e+000 -5.312736e+000 1.150000e+001
      endloop
   endfacet
   facet normal 3.028993e-001 -6.383108e-001 7.076803e-001
      outer loop
         vertex 2.788339e+000 -5.312736e+000 1.150000e+001
         vertex 2.555978e+000 -4.870008e+000 1.200000e+001
         vertex 1.950327e+000 -5.142590e+000 1.200000e+001
      endloop
   endfacet
   facet normal 2.769231e-001 -6.500017e-001 7.076803e-001
      outer loop
         vertex 2.788339e+000 -5.312736e+000 1.150000e+001
         vertex 1.950327e+000 -5.142590e+000 1.200000e+001
         vertex 2.127629e+000 -5.610098e+000 1.150000e+001
      endloop
   endfacet
   facet normal 2.237509e-001 -6.701672e-001 7.076803e-001
      outer loop
         vertex 2.127629e+000 -5.610098e+000 1.150000e+001
         vertex 1.950327e+000 -5.142590e+000 1.200000e+001
         vertex 1.316236e+000 -5.340180e+000 1.200000e+001
      endloop
   endfacet
   facet normal 1.965550e-001 -6.786419e-001 7.076803e-001
      outer loop
         vertex 2.127629e+000 -5.610098e+000 1.150000e+001
         vertex 1.316236e+000 -5.340180e+000 1.200000e+001
         vertex 1.435894e+000 -5.825651e+000 1.150000e+001
      endloop
   endfacet
   facet normal 1.413398e-001 -6.922512e-001 7.076803e-001
      outer loop
         vertex 1.435894e+000 -5.825651e+000 1.150000e+001
         vertex 1.316236e+000 -5.340180e+000 1.200000e+001
         vertex 6.629517e-001 -5.459898e+000 1.200000e+001
      endloop
   endfacet
   facet normal 1.133206e-001 -6.973858e-001 7.076803e-001
      outer loop
         vertex 1.435894e+000 -5.825651e+000 1.150000e+001
         vertex 6.629517e-001 -5.459898e+000 1.200000e+001
         vertex 7.232201e-001 -5.956253e+000 1.150000e+001
      endloop
   endfacet
   facet normal 5.686763e-002 -7.042405e-001 7.076803e-001
      outer loop
         vertex 7.232201e-001 -5.956253e+000 1.150000e+001
         vertex 6.629517e-001 -5.459898e+000 1.200000e+001
         vertex 3.816392e-016 -5.500000e+000 1.200000e+001
      endloop
   endfacet
   facet normal 2.843381e-002 -7.059605e-001 7.076803e-001
      outer loop
         vertex 7.232201e-001 -5.956253e+000 1.150000e+001
         vertex 3.816392e-016 -5.500000e+000 1.200000e+001
         vertex 4.163336e-016 -6.000000e+000 1.150000e+001
      endloop
   endfacet
   facet normal -2.843381e-002 -7.059605e-001 7.076803e-001
      outer loop
         vertex 4.163336e-016 -6.000000e+000 1.150000e+001
         vertex 3.816392e-016 -5.500000e+000 1.200000e+001
         vertex -6.629517e-001 -5.459898e+000 1.200000e+001
      endloop
   endfacet
   facet normal -5.686763e-002 -7.042405e-001 7.076803e-001
      outer loop
         vertex 4.163336e-016 -6.000000e+000 1.150000e+001
         vertex -6.629517e-001 -5.459898e+000 1.200000e+001
         vertex -7.232201e-001 -5.956253e+000 1.150000e+001
      endloop
   endfacet
   facet normal -1.133206e-001 -6.973858e-001 7.076803e-001
      outer loop
         vertex -7.232201e-001 -5.956253e+000 1.150000e+001
         vertex -6.629517e-001 -5.459898e+000 1.200000e+001
         vertex -1.316236e+000 -5.340180e+000 1.200000e+001
      endloop
   endfacet
   facet normal -1.413398e-001 -6.922512e-001 7.076803e-001
      outer loop
         vertex -7.232201e-001 -5.956253e+000 1.150000e+001
         vertex -1.316236e+000 -5.340180e+000 1.200000e+001
         vertex -1.435894e+000 -5.825651e+000 1.150000e+001
      endloop
   endfacet
   facet normal -1.965550e-001 -6.786419e-001 7.076803e-001
      outer loop
         vertex -1.435894e+000 -5.825651e+000 1.150000e+001
         vertex -1.316236e+000 -5.340180e+000 1.200000e+001
         vertex -1.950327e+000 -5.142590e+000 1.200000e+001
      endloop
   endfacet
   facet normal -2.237509e-001 -6.701672e-001 7.076803e-001
      outer loop
         vertex -1.435894e+000 -5.825651e+000 1.150000e+001
         vertex -1.950327e+000 -5.142590e+000 1.200000e+001
         vertex -2.127629e+000 -5.610098e+000 1.150000e+001
      endloop
   endfacet
   facet normal -2.769231e-001 -6.500017e-001 7.076803e-001
      outer loop
         vertex -2.127629e+000 -5.610098e+000 1.150000e+001
         vertex -1.950327e+000 -5.142590e+000 1.200000e+001
         vertex -2.555978e+000 -4.870008e+000 1.200000e+001
      endloop
   endfacet
   facet normal -3.028993e-001 -6.383108e-001 7.076803e-001
      outer loop
         vertex -2.127629e+000 -5.610098e+000 1.150000e+001
         vertex -2.555978e+000 -4.870008e+000 1.200000e+001
         vertex -2.788339e+000 -5.312736e+000 1.150000e+001
      endloop
   endfacet
   facet normal -3.532530e-001 -6.118831e-001 7.076803e-001
      outer loop
         vertex -2.788339e+000 -5.312736e+000 1.150000e+001
         vertex -2.555978e+000 -4.870008e+000 1.200000e+001
         vertex -3.124356e+000 -4.526411e+000 1.200000e+001
      endloop
   endfacet
   facet normal -3.776307e-001 -5.971463e-001 7.076803e-001
      outer loop
         vertex -2.788339e+000 -5.312736e+000 1.150000e+001
         vertex -3.124356e+000 -4.526411e+000 1.200000e+001
         vertex -3.408388e+000 -4.937903e+000 1.150000e+001
      endloop
   endfacet
   facet normal -4.244318e-001 -5.648418e-001 7.076803e-001
      outer loop
         vertex -3.408388e+000 -4.937903e+000 1.150000e+001
         vertex -3.124356e+000 -4.526411e+000 1.200000e+001
         vertex -3.647175e+000 -4.116809e+000 1.200000e+001
      endloop
   endfacet
   facet normal -4.468553e-001 -5.472741e-001 7.076803e-001
      outer loop
         vertex -3.408388e+000 -4.937903e+000 1.150000e+001
         vertex -3.647175e+000 -4.116809e+000 1.200000e+001
         vertex -3.978736e+000 -4.491065e+000 1.150000e+001
      endloop
   endfacet
   facet normal -4.894214e-001 -5.095639e-001 7.076803e-001
      outer loop
         vertex -3.978736e+000 -4.491065e+000 1.150000e+001
         vertex -3.647175e+000 -4.116809e+000 1.200000e+001
         vertex -4.116809e+000 -3.647175e+000 1.200000e+001
      endloop
   endfacet
   facet normal -5.095639e-001 -4.894214e-001 7.076803e-001
      outer loop
         vertex -3.978736e+000 -4.491065e+000 1.150000e+001
         vertex -4.116809e+000 -3.647175e+000 1.200000e+001
         vertex -4.491065e+000 -3.978736e+000 1.150000e+001
      endloop
   endfacet
   facet normal -5.472741e-001 -4.468553e-001 7.076803e-001
      outer loop
         vertex -4.491065e+000 -3.978736e+000 1.150000e+001
         vertex -4.116809e+000 -3.647175e+000 1.200000e+001
         vertex -4.526411e+000 -3.124356e+000 1.200000e+001
      endloop
   endfacet
   facet normal -5.648418e-001 -4.244318e-001 7.076803e-001
      outer loop
         vertex -4.491065e+000 -3.978736e+000 1.150000e+001
         vertex -4.526411e+000 -3.124356e+000 1.200000e+001
         vertex -4.937903e+000 -3.408388e+000 1.150000e+001
      endloop
   endfacet
   facet normal -5.971463e-001 -3.776307e-001 7.076803e-001
      outer loop
         vertex -4.937903e+000 -3.408388e+000 1.150000e+001
         vertex -4.526411e+000 -3.124356e+000 1.200000e+001
         vertex -4.870008e+000 -2.555978e+000 1.200000e+001
      endloop
   endfacet
   facet normal -6.118831e-001 -3.532530e-001 7.076803e-001
      outer loop
         vertex -4.937903e+000 -3.408388e+000 1.150000e+001
         vertex -4.870008e+000 -2.555978e+000 1.200000e+001
         vertex -5.312736e+000 -2.788339e+000 1.150000e+001
      endloop
   endfacet
   facet normal -6.383108e-001 -3.028993e-001 7.076803e-001
      outer loop
         vertex -5.312736e+000 -2.788339e+000 1.150000e+001
         vertex -4.870008e+000 -2.555978e+000 1.200000e+001
         vertex -5.142590e+000 -1.950327e+000 1.200000e+001
      endloop
   endfacet
   facet normal -6.500017e-001 -2.769231e-001 7.076803e-001
      outer loop
         vertex -5.312736e+000 -2.788339e+000 1.150000e+001
         vertex -5.142590e+000 -1.950327e+000 1.200000e+001
         vertex -5.610098e+000 -2.127629e+000 1.150000e+001
      endloop
   endfacet
   facet normal -6.701672e-001 -2.237509e-001 7.076803e-001
      outer loop
         vertex -5.610098e+000 -2.127629e+000 1.150000e+001
         vertex -5.142590e+000 -1.950327e+000 1.200000e+001
         vertex -5.340180e+000 -1.316236e+000 1.200000e+001
      endloop
   endfacet
   facet normal -6.786419e-001 -1.965550e-001 7.076803e-001
      outer loop
         vertex -5.610098e+000 -2.127629e+000 1.150000e+001
         vertex -5.340180e+000 -1.316236e+000 1.200000e+001
         vertex -5.825651e+000 -1.435894e+000 1.150000e+001
      endloop
   endfacet
   facet normal -6.922512e-001 -1.413398e-001 7.076803e-001
      outer loop
         vertex -5.825651e+000 -1.435894e+000 1.150000e+001
         vertex -5.340180e+000 -1.316236e+000 1.200000e+001
         vertex -5.459898e+000 -6.629517e-001 1.200000e+001
      endloop
   endfacet
   facet normal -6.973858e-001 -1.133206e-001 7.076803e-001
      outer loop
         vertex -5.825651e+000 -1.435894e+000 1.150000e+001
         vertex -5.459898e+000 -6.629517e-001 1.200000e+001
         vertex -5.956253e+000 -7.232201e-001 1.150000e+001
      endloop
   endfacet
   facet normal -7.042405e-001 -5.686763e-002 7.076803e-001
      outer loop
         vertex -5.956253e+000 -7.232201e-001 1.150000e+001
         vertex -5.459898e+000 -6.629517e-001 1.200000e+001
         vertex -5.500000e+000 0.000000e+000 1.200000e+001
      endloop
   endfacet
   facet normal -7.059605e-001 -2.843381e-002 7.076803e-001
      outer loop
         vertex -5.956253e+000 -7.232201e-001 1.150000e+001
         vertex -5.500000e+000 0.000000e+000 1.200000e+001
         vertex -6.000000e+000 0.000000e+000 1.150000e+001
      endloop
   endfacet
   facet normal -7.059605e-001 2.843381e-002 7.076803e-001
      outer loop
         vertex -6.000000e+000 0.000000e+000 1.150000e+001
         vertex -5.500000e+000 0.000000e+000 1.200000e+001
         vertex -5.459898e+000 6.629517e-001 1.200000e+001
      endloop
   endfacet
endsolid