ISO-10303-21;
HEADER;
FILE_DESCRIPTION (( 'STEP AP203' ),
    '1' );
FILE_NAME ('Pièce1_PignonDents_Défaut_sldprt.STEP',
    '2023-12-03T16:38:58',
    ( 'LIA INFO' ),
    ( '' ),
    'SwSTEP 2.0',
    'SolidWorks 2022',
    '' );
FILE_SCHEMA (( 'CONFIG_CONTROL_DESIGN' ));
ENDSEC;

DATA;
#1 = ORIENTED_EDGE ( 'NONE', *, *, #1352, .F. ) ;
#2 = CYLINDRICAL_SURFACE ( 'NONE', #143, 7.999999999999998224 ) ;
#3 = EDGE_CURVE ( 'NONE', #1956, #1085, #572, .T. ) ;
#4 = DIRECTION ( 'NONE',  ( -0.000000000000000000, -0.000000000000000000, -1.000000000000000000 ) ) ;
#5 = CARTESIAN_POINT ( 'NONE',  ( 6.928203230275501667, -4.000000000000006217, 16.00000000000000000 ) ) ;
#6 = DIRECTION ( 'NONE',  ( 0.8660254037844401509, 0.4999999999999975020, -0.000000000000000000 ) ) ;
#7 = ORIENTED_EDGE ( 'NONE', *, *, #77, .T. ) ;
#8 = VERTEX_POINT ( 'NONE', #1168 ) ;
#9 = DIRECTION ( 'NONE',  ( 1.000000000000000000, 0.000000000000000000, -0.000000000000000000 ) ) ;
#10 = VECTOR ( 'NONE', #1139, 1000.000000000000000 ) ;
#11 = CARTESIAN_POINT ( 'NONE',  ( 5.656854249492370812, -5.656854249492385911, 16.00000000000000000 ) ) ;
#12 = AXIS2_PLACEMENT_3D ( 'NONE', #1654, #1688, #1015 ) ;
#13 = ORIENTED_EDGE ( 'NONE', *, *, #1292, .F. ) ;
#14 = AXIS2_PLACEMENT_3D ( 'NONE', #1137, #964, #940 ) ;
#15 = CARTESIAN_POINT ( 'NONE',  ( 0.000000000000000000, 0.000000000000000000, 16.00000000000000000 ) ) ;
#16 = LINE ( 'NONE', #319, #739 ) ;
#17 = EDGE_CURVE ( 'NONE', #310, #62, #1039, .T. ) ;
#18 = DIRECTION ( 'NONE',  ( 0.000000000000000000, 0.000000000000000000, 1.000000000000000000 ) ) ;
#19 = CC_DESIGN_PERSON_AND_ORGANIZATION_ASSIGNMENT ( #1554, #579, ( #949 ) ) ;
#20 = CARTESIAN_POINT ( 'NONE',  ( -5.000000000000000000, 0.000000000000000000, 0.000000000000000000 ) ) ;
#21 = EDGE_LOOP ( 'NONE', ( #304, #676, #612, #1610 ) ) ;
#22 = ORIENTED_EDGE ( 'NONE', *, *, #1321, .T. ) ;
#23 = CARTESIAN_POINT ( 'NONE',  ( 0.000000000000000000, 0.000000000000000000, 0.000000000000000000 ) ) ;
#24 = CARTESIAN_POINT ( 'NONE',  ( -4.000000000000031086, -6.928203230275488345, 16.00000000000000000 ) ) ;
#25 = ORIENTED_EDGE ( 'NONE', *, *, #1291, .F. ) ;
#26 = LINE ( 'NONE', #671, #1993 ) ;
#27 = DIRECTION ( 'NONE',  ( 1.000000000000000000, 0.000000000000000000, 0.000000000000000000 ) ) ;
#28 = DIRECTION ( 'NONE',  ( -1.000000000000000000, 0.000000000000000000, 0.000000000000000000 ) ) ;
#29 = DIRECTION ( 'NONE',  ( 1.000000000000000000, 0.000000000000000000, -0.000000000000000000 ) ) ;
#30 = EDGE_CURVE ( 'NONE', #2006, #807, #406, .T. ) ;
#31 = ORIENTED_EDGE ( 'NONE', *, *, #1958, .T. ) ;
#32 = VECTOR ( 'NONE', #1393, 1000.000000000000114 ) ;
#33 = DIRECTION ( 'NONE',  ( 1.000000000000000000, 0.000000000000000000, -0.000000000000000000 ) ) ;
#34 = CARTESIAN_POINT ( 'NONE',  ( 0.000000000000000000, 0.000000000000000000, 16.00000000000000000 ) ) ;
#35 = VERTEX_POINT ( 'NONE', #416 ) ;
#36 = AXIS2_PLACEMENT_3D ( 'NONE', #1196, #1653, #1511 ) ;
#37 = CIRCLE ( 'NONE', #1547, 7.999999999999996447 ) ;
#38 = CARTESIAN_POINT ( 'NONE',  ( 0.000000000000000000, 0.000000000000000000, 0.000000000000000000 ) ) ;
#39 = ORIENTED_EDGE ( 'NONE', *, *, #1056, .T. ) ;
#40 = CARTESIAN_POINT ( 'NONE',  ( 0.000000000000000000, 0.000000000000000000, 16.00000000000000000 ) ) ;
#41 = CARTESIAN_POINT ( 'NONE',  ( -3.999999999999934275, 6.928203230275541635, 0.000000000000000000 ) ) ;
#42 = CYLINDRICAL_SURFACE ( 'NONE', #2059, 7.999999999999996447 ) ;
#43 = EDGE_LOOP ( 'NONE', ( #1719, #1179, #190, #931 ) ) ;
#44 = CYLINDRICAL_SURFACE ( 'NONE', #563, 8.600000000000001421 ) ;
#45 = EDGE_CURVE ( 'NONE', #1976, #1283, #1508, .T. ) ;
#46 = DIRECTION ( 'NONE',  ( -0.000000000000000000, -0.000000000000000000, -1.000000000000000000 ) ) ;
#47 = ORIENTED_EDGE ( 'NONE', *, *, #259, .F. ) ;
#48 = DIRECTION ( 'NONE',  ( 1.000000000000000000, 0.000000000000000000, 0.000000000000000000 ) ) ;
#49 = ORIENTED_EDGE ( 'NONE', *, *, #105, .F. ) ;
#50 = CARTESIAN_POINT ( 'NONE',  ( 2.070552360820141047, -7.727406610312550050, 16.00000000000000000 ) ) ;
#51 = VECTOR ( 'NONE', #52, 1000.000000000000000 ) ;
#52 = DIRECTION ( 'NONE',  ( -0.000000000000000000, -0.000000000000000000, -1.000000000000000000 ) ) ;
#53 = AXIS2_PLACEMENT_3D ( 'NONE', #825, #1649, #407 ) ;
#54 = PLANE ( 'NONE',  #1761 ) ;
#55 = ORIENTED_EDGE ( 'NONE', *, *, #1564, .T. ) ;
#56 = APPROVAL_PERSON_ORGANIZATION ( #1721, #1165, #1595 ) ;
#57 = AXIS2_PLACEMENT_3D ( 'NONE', #153, #1083, #621 ) ;
#58 = CARTESIAN_POINT ( 'NONE',  ( 3.999999999999982681, -6.928203230275514990, 0.000000000000000000 ) ) ;
#59 = ORIENTED_EDGE ( 'NONE', *, *, #166, .T. ) ;
#60 = EDGE_CURVE ( 'NONE', #519, #1073, #1378, .T. ) ;
#61 = FACE_OUTER_BOUND ( 'NONE', #1505, .T. ) ;
#62 = VERTEX_POINT ( 'NONE', #1968 ) ;
#63 = DIRECTION ( 'NONE',  ( -0.000000000000000000, -0.000000000000000000, -1.000000000000000000 ) ) ;
#64 = DIRECTION ( 'NONE',  ( 1.000000000000000000, 0.000000000000000000, -0.000000000000000000 ) ) ;
#65 = DIRECTION ( 'NONE',  ( -0.000000000000000000, -0.000000000000000000, -1.000000000000000000 ) ) ;
#66 = DIRECTION ( 'NONE',  ( -0.9659258262890680902, 0.2588190451025214056, -0.000000000000000000 ) ) ;
#67 = ORIENTED_EDGE ( 'NONE', *, *, #3, .T. ) ;
#68 = EDGE_CURVE ( 'NONE', #1417, #342, #730, .T. ) ;
#69 = CARTESIAN_POINT ( 'NONE',  ( -3.002673951405094686E-14, -8.599999999999999645, 16.00000000000000000 ) ) ;
#70 = ORIENTED_EDGE ( 'NONE', *, *, #2045, .F. ) ;
#71 = LINE ( 'NONE', #1182, #914 ) ;
#72 = PLANE ( 'NONE',  #12 ) ;
#73 = EDGE_CURVE ( 'NONE', #8, #1946, #599, .T. ) ;
#74 = CARTESIAN_POINT ( 'NONE',  ( -3.999999999999934275, 6.928203230275541635, 16.00000000000000000 ) ) ;
#75 = VERTEX_POINT ( 'NONE', #1657 ) ;
#76 = OPEN_SHELL ( 'NONE', ( #670, #855, #1912, #553, #1642, #731 ) ) ;
#77 = EDGE_CURVE ( 'NONE', #865, #194, #208, .T. ) ;
#78 = ORIENTED_EDGE ( 'NONE', *, *, #925, .T. ) ;
#79 = DIRECTION ( 'NONE',  ( -0.000000000000000000, -0.000000000000000000, -1.000000000000000000 ) ) ;
#80 = ORIENTED_EDGE ( 'NONE', *, *, #17, .T. ) ;
#81 = AXIS2_PLACEMENT_3D ( 'NONE', #491, #344, #2073 ) ;
#82 = CARTESIAN_POINT ( 'NONE',  ( 0.000000000000000000, 0.000000000000000000, 16.00000000000000000 ) ) ;
#83 = DIRECTION ( 'NONE',  ( -0.000000000000000000, -0.000000000000000000, -1.000000000000000000 ) ) ;
#84 = CARTESIAN_POINT ( 'NONE',  ( -3.999999999999934275, 6.928203230275541635, 0.000000000000000000 ) ) ;
#85 = AXIS2_PLACEMENT_3D ( 'NONE', #1644, #1327, #1443 ) ;
#86 = DIRECTION ( 'NONE',  ( 1.000000000000000000, 0.000000000000000000, 0.000000000000000000 ) ) ;
#87 = ADVANCED_FACE ( 'NONE', ( #709 ), #220, .F. ) ;
#88 = AXIS2_PLACEMENT_3D ( 'NONE', #817, #1457, #1645 ) ;
#89 = VECTOR ( 'NONE', #695, 1000.000000000000000 ) ;
#90 = EDGE_LOOP ( 'NONE', ( #1944, #1740, #2008, #1868 ) ) ;
#91 = CYLINDRICAL_SURFACE ( 'NONE', #2082, 8.599999999999999645 ) ;
#92 = ORIENTED_EDGE ( 'NONE', *, *, #1627, .F. ) ;
#93 = DIRECTION ( 'NONE',  ( 1.000000000000000000, 0.000000000000000000, 0.000000000000000000 ) ) ;
#94 =( NAMED_UNIT ( * ) SI_UNIT ( $, .STERADIAN. ) SOLID_ANGLE_UNIT ( ) );
#95 = VERTEX_POINT ( 'NONE', #1830 ) ;
#96 = EDGE_CURVE ( 'NONE', #1917, #577, #1236, .T. ) ;
#97 = EDGE_LOOP ( 'NONE', ( #1067, #584, #364, #498 ) ) ;
#98 = DIRECTION ( 'NONE',  ( -1.000000000000000000, 0.000000000000000000, 0.000000000000000000 ) ) ;
#99 = ORIENTED_EDGE ( 'NONE', *, *, #1765, .F. ) ;
#100 = CARTESIAN_POINT ( 'NONE',  ( -2.225843787881598423, 8.306962106086007935, 16.00000000000000000 ) ) ;
#101 = LINE ( 'NONE', #745, #525 ) ;
#102 = CARTESIAN_POINT ( 'NONE',  ( -5.656854249492407227, -5.656854249492350384, 16.00000000000000000 ) ) ;
#103 = AXIS2_PLACEMENT_3D ( 'NONE', #1913, #1012, #48 ) ;
#104 = ORIENTED_EDGE ( 'NONE', *, *, #1066, .F. ) ;
#105 = EDGE_CURVE ( 'NONE', #574, #1996, #1001, .T. ) ;
#106 = DIRECTION ( 'NONE',  ( 1.000000000000000000, 0.000000000000000000, 0.000000000000000000 ) ) ;
#107 = ORIENTED_EDGE ( 'NONE', *, *, #517, .F. ) ;
#108 = CARTESIAN_POINT ( 'NONE',  ( 0.000000000000000000, 0.000000000000000000, 16.00000000000000000 ) ) ;
#109 = DATE_TIME_ROLE ( 'classification_date' ) ;
#110 = CARTESIAN_POINT ( 'NONE',  ( 4.000000000000079048, 6.928203230275460811, 0.000000000000000000 ) ) ;
#111 = AXIS2_PLACEMENT_3D ( 'NONE', #1141, #159, #370 ) ;
#112 = AXIS2_PLACEMENT_3D ( 'NONE', #481, #1120, #636 ) ;
#113 = ORIENTED_EDGE ( 'NONE', *, *, #809, .T. ) ;
#114 = PLANE ( 'NONE',  #487 ) ;
#115 = PLANE ( 'NONE',  #679 ) ;
#116 = ADVANCED_FACE ( 'NONE', ( #137 ), #2044, .F. ) ;
#117 = ORIENTED_EDGE ( 'NONE', *, *, #1106, .F. ) ;
#118 = CARTESIAN_POINT ( 'NONE',  ( 6.081118318204300266, -6.081118318204318918, 0.000000000000000000 ) ) ;
#119 = DIRECTION ( 'NONE',  ( 0.000000000000000000, 0.000000000000000000, 1.000000000000000000 ) ) ;
#120 = ORIENTED_EDGE ( 'NONE', *, *, #1099, .F. ) ;
#121 = PLANE ( 'NONE',  #2004 ) ;
#122 = FACE_OUTER_BOUND ( 'NONE', #938, .T. ) ;
#123 = ORIENTED_EDGE ( 'NONE', *, *, #811, .F. ) ;
#124 = VECTOR ( 'NONE', #1098, 1000.000000000000000 ) ;
#125 = CARTESIAN_POINT ( 'NONE',  ( -6.928203230275474134, 4.000000000000057732, 16.00000000000000000 ) ) ;
#126 = DIRECTION ( 'NONE',  ( 0.000000000000000000, 0.000000000000000000, 1.000000000000000000 ) ) ;
#127 = EDGE_CURVE ( 'NONE', #1233, #1365, #597, .T. ) ;
#128 = DESIGN_CONTEXT ( 'detailed design', #719, 'design' ) ;
#129 = ORIENTED_EDGE ( 'NONE', *, *, #925, .F. ) ;
#130 = VECTOR ( 'NONE', #1839, 1000.000000000000114 ) ;
#131 = DIRECTION ( 'NONE',  ( 0.000000000000000000, 0.000000000000000000, 1.000000000000000000 ) ) ;
#132 = VECTOR ( 'NONE', #552, 1000.000000000000000 ) ;
#133 = CARTESIAN_POINT ( 'NONE',  ( 2.070552360820145044, -7.727406610312550050, 0.000000000000000000 ) ) ;
#134 = EDGE_CURVE ( 'NONE', #548, #482, #756, .T. ) ;
#135 = ORIENTED_EDGE ( 'NONE', *, *, #399, .T. ) ;
#136 = DIRECTION ( 'NONE',  ( 0.4999999999999975575, -0.8660254037844400399, 0.000000000000000000 ) ) ;
#137 = FACE_OUTER_BOUND ( 'NONE', #420, .T. ) ;
#138 = EDGE_CURVE ( 'NONE', #554, #1501, #672, .T. ) ;
#139 = ORIENTED_EDGE ( 'NONE', *, *, #456, .F. ) ;
#140 = VECTOR ( 'NONE', #2026, 1000.000000000000000 ) ;
#141 = DIRECTION ( 'NONE',  ( 1.000000000000000000, 0.000000000000000000, -0.000000000000000000 ) ) ;
#142 = CARTESIAN_POINT ( 'NONE',  ( 0.000000000000000000, 0.000000000000000000, 0.000000000000000000 ) ) ;
#143 = AXIS2_PLACEMENT_3D ( 'NONE', #1617, #145, #513 ) ;
#144 = ORIENTED_EDGE ( 'NONE', *, *, #1307, .F. ) ;
#145 = DIRECTION ( 'NONE',  ( -0.000000000000000000, -0.000000000000000000, -1.000000000000000000 ) ) ;
#146 = CARTESIAN_POINT ( 'NONE',  ( 8.306962106085986619, -2.225843787881681912, 0.000000000000000000 ) ) ;
#147 = PLANE ( 'NONE',  #311 ) ;
#148 = FACE_OUTER_BOUND ( 'NONE', #466, .T. ) ;
#149 = ORIENTED_EDGE ( 'NONE', *, *, #524, .T. ) ;
#150 = EDGE_CURVE ( 'NONE', #1017, #523, #449, .T. ) ;
#151 = EDGE_CURVE ( 'NONE', #1220, #411, #607, .T. ) ;
#152 = ORIENTED_EDGE ( 'NONE', *, *, #127, .T. ) ;
#153 = CARTESIAN_POINT ( 'NONE',  ( -6.928203230275529201, -3.999999999999957367, 16.00000000000000000 ) ) ;
#154 = PLANE ( 'NONE',  #1023 ) ;
#155 = ORIENTED_EDGE ( 'NONE', *, *, #1452, .F. ) ;
#156 = PLANE ( 'NONE',  #81 ) ;
#157 = COORDINATED_UNIVERSAL_TIME_OFFSET ( 1, 0, .AHEAD. ) ;
#158 = LINE ( 'NONE', #1442, #1985 ) ;
#159 = DIRECTION ( 'NONE',  ( -0.000000000000000000, -0.000000000000000000, -1.000000000000000000 ) ) ;
#160 = DIRECTION ( 'NONE',  ( 0.000000000000000000, 0.000000000000000000, 1.000000000000000000 ) ) ;
#161 = ORIENTED_EDGE ( 'NONE', *, *, #1147, .F. ) ;
#162 = ORIENTED_EDGE ( 'NONE', *, *, #830, .F. ) ;
#163 = DIRECTION ( 'NONE',  ( 0.2588190451025237371, 0.9659258262890674240, -0.000000000000000000 ) ) ;
#164 = CARTESIAN_POINT ( 'NONE',  ( -7.999999999999996447, 5.586370142149010844E-14, 16.00000000000000000 ) ) ;
#165 = EDGE_LOOP ( 'NONE', ( #922, #778 ) ) ;
#166 = EDGE_CURVE ( 'NONE', #1536, #1251, #930, .T. ) ;
#167 = DIRECTION ( 'NONE',  ( 0.2588190451025268457, 0.9659258262890666469, -0.000000000000000000 ) ) ;
#168 = CARTESIAN_POINT ( 'NONE',  ( 2.070552360820249405, 7.727406610312521629, 16.00000000000000000 ) ) ;
#169 = DIRECTION ( 'NONE',  ( 0.7071067811865547892, 0.7071067811865403563, 0.000000000000000000 ) ) ;
#170 = DIRECTION ( 'NONE',  ( -0.4999999999999974465, 0.8660254037844400399, 0.000000000000000000 ) ) ;
#171 = ORIENTED_EDGE ( 'NONE', *, *, #893, .F. ) ;
#172 = VERTEX_POINT ( 'NONE', #1742 ) ;
#173 = DIRECTION ( 'NONE',  ( 1.000000000000000000, 0.000000000000000000, 0.000000000000000000 ) ) ;
#174 = FACE_OUTER_BOUND ( 'NONE', #1381, .T. ) ;
#175 = ORIENTED_EDGE ( 'NONE', *, *, #699, .T. ) ;
#176 = PRODUCT_DEFINITION ( 'UNKNOWN', '', #1060, #128 ) ;
#177 = CIRCLE ( 'NONE', #820, 8.599999999999999645 ) ;
#178 = ADVANCED_FACE ( 'NONE', ( #277 ), #1579, .T. ) ;
#179 = CARTESIAN_POINT ( 'NONE',  ( 8.000000000000000000, 9.797174393178825657E-16, 16.00000000000000000 ) ) ;
#180 = CC_DESIGN_APPROVAL ( #1165, ( #949 ) ) ;
#181 = PLANE ( 'NONE',  #1269 ) ;
#182 = DIRECTION ( 'NONE',  ( -0.7071067811865547892, -0.7071067811865403563, -0.000000000000000000 ) ) ;
#183 = CARTESIAN_POINT ( 'NONE',  ( 0.000000000000000000, 0.000000000000000000, 0.000000000000000000 ) ) ;
#184 = VERTEX_POINT ( 'NONE', #1898 ) ;
#185 = ORIENTED_EDGE ( 'NONE', *, *, #1958, .F. ) ;
#186 = PLANE ( 'NONE',  #1459 ) ;
#187 = LINE ( 'NONE', #363, #1867 ) ;
#188 = ORIENTED_EDGE ( 'NONE', *, *, #386, .F. ) ;
#189 = CARTESIAN_POINT ( 'NONE',  ( -7.727406610312555379, -2.070552360820117066, 0.000000000000000000 ) ) ;
#190 = ORIENTED_EDGE ( 'NONE', *, *, #494, .F. ) ;
#191 = DIRECTION ( 'NONE',  ( -0.000000000000000000, -0.000000000000000000, -1.000000000000000000 ) ) ;
#192 = LINE ( 'NONE', #1965, #755 ) ;
#193 = LINE ( 'NONE', #1916, #1122 ) ;
#194 = VERTEX_POINT ( 'NONE', #615 ) ;
#195 = EDGE_CURVE ( 'NONE', #1622, #1949, #1874, .T. ) ;
#196 = AXIS2_PLACEMENT_3D ( 'NONE', #102, #1555, #1887 ) ;
#197 = DIRECTION ( 'NONE',  ( 0.000000000000000000, 0.000000000000000000, 1.000000000000000000 ) ) ;
#198 = VECTOR ( 'NONE', #503, 1000.000000000000000 ) ;
#199 = LINE ( 'NONE', #1959, #857 ) ;
#200 = CIRCLE ( 'NONE', #1241, 8.599999999999999645 ) ;
#201 = VERTEX_POINT ( 'NONE', #936 ) ;
#202 = CYLINDRICAL_SURFACE ( 'NONE', #241, 7.999999999999996447 ) ;
#203 = ORIENTED_EDGE ( 'NONE', *, *, #222, .T. ) ;
#204 = CARTESIAN_POINT ( 'NONE',  ( -7.447818472546138047, 4.300000000000062883, 16.00000000000000000 ) ) ;
#205 = VECTOR ( 'NONE', #468, 999.9999999999998863 ) ;
#206 = CARTESIAN_POINT ( 'NONE',  ( 7.727406610312542057, -2.070552360820171689, 16.00000000000000000 ) ) ;
#207 = DIRECTION ( 'NONE',  ( -6.982962677686261977E-15, -1.000000000000000000, 0.000000000000000000 ) ) ;
#208 = LINE ( 'NONE', #852, #1541 ) ;
#209 = EDGE_CURVE ( 'NONE', #557, #771, #262, .T. ) ;
#210 = DIRECTION ( 'NONE',  ( 1.000000000000000000, 0.000000000000000000, 0.000000000000000000 ) ) ;
#211 = VERTEX_POINT ( 'NONE', #1380 ) ;
#212 = LINE ( 'NONE', #567, #714 ) ;
#213 = ORIENTED_EDGE ( 'NONE', *, *, #1833, .T. ) ;
#214 = PLANE ( 'NONE',  #1091 ) ;
#215 = VECTOR ( 'NONE', #596, 1000.000000000000114 ) ;
#216 = CARTESIAN_POINT ( 'NONE',  ( 0.000000000000000000, 0.000000000000000000, 0.000000000000000000 ) ) ;
#217 = AXIS2_PLACEMENT_3D ( 'NONE', #1698, #1176, #841 ) ;
#218 = AXIS2_PLACEMENT_3D ( 'NONE', #392, #869, #1326 ) ;
#219 = DIRECTION ( 'NONE',  ( -0.000000000000000000, -0.000000000000000000, -1.000000000000000000 ) ) ;
#220 = PLANE ( 'NONE',  #1611 ) ;
#221 = VECTOR ( 'NONE', #339, 1000.000000000000000 ) ;
#222 = EDGE_CURVE ( 'NONE', #1681, #1287, #580, .T. ) ;
#223 = ADVANCED_FACE ( 'NONE', ( #929 ), #1248, .F. ) ;
#224 = ORIENTED_EDGE ( 'NONE', *, *, #1924, .F. ) ;
#225 = EDGE_CURVE ( 'NONE', #446, #1314, #746, .T. ) ;
#226 = DIRECTION ( 'NONE',  ( 1.000000000000000000, 0.000000000000000000, 0.000000000000000000 ) ) ;
#227 = ORIENTED_EDGE ( 'NONE', *, *, #134, .F. ) ;
#228 = LINE ( 'NONE', #549, #619 ) ;
#229 = LINE ( 'NONE', #870, #1922 ) ;
#230 = DIRECTION ( 'NONE',  ( 1.000000000000000000, 0.000000000000000000, -0.000000000000000000 ) ) ;
#231 = ORIENTED_EDGE ( 'NONE', *, *, #1106, .T. ) ;
#232 = EDGE_CURVE ( 'NONE', #687, #35, #1714, .T. ) ;
#233 = VECTOR ( 'NONE', #461, 1000.000000000000000 ) ;
#234 = ORIENTED_EDGE ( 'NONE', *, *, #689, .T. ) ;
#235 = LINE ( 'NONE', #69, #1408 ) ;
#236 = ORIENTED_EDGE ( 'NONE', *, *, #626, .T. ) ;
#237 = LINE ( 'NONE', #1036, #560 ) ;
#238 = VECTOR ( 'NONE', #1870, 1000.000000000000000 ) ;
#239 = CARTESIAN_POINT ( 'NONE',  ( 0.000000000000000000, 0.000000000000000000, 0.000000000000000000 ) ) ;
#240 = FACE_OUTER_BOUND ( 'NONE', #1439, .T. ) ;
#241 = AXIS2_PLACEMENT_3D ( 'NONE', #1355, #867, #1193 ) ;
#242 = VERTEX_POINT ( 'NONE', #1734 ) ;
#243 = OPEN_SHELL ( 'NONE', ( #537, #977, #959, #2070, #1587, #282 ) ) ;
#244 = ORIENTED_EDGE ( 'NONE', *, *, #1273, .F. ) ;
#245 = LINE ( 'NONE', #401, #1551 ) ;
#246 = ORIENTED_EDGE ( 'NONE', *, *, #900, .F. ) ;
#247 = EDGE_CURVE ( 'NONE', #1917, #1956, #1208, .T. ) ;
#248 = PLANE ( 'NONE',  #1086 ) ;
#249 = APPROVAL_DATE_TIME ( #1897, #268 ) ;
#250 = AXIS2_PLACEMENT_3D ( 'NONE', #765, #1225, #1741 ) ;
#251 = ORIENTED_EDGE ( 'NONE', *, *, #1432, .T. ) ;
#252 = AXIS2_PLACEMENT_3D ( 'NONE', #2066, #1131, #322 ) ;
#253 = CIRCLE ( 'NONE', #320, 8.000000000000000000 ) ;
#254 = ORIENTED_EDGE ( 'NONE', *, *, #1672, .T. ) ;
#255 = CARTESIAN_POINT ( 'NONE',  ( -6.081118318204340234, -6.081118318204278950, 16.00000000000000000 ) ) ;
#256 = ORIENTED_EDGE ( 'NONE', *, *, #473, .T. ) ;
#257 = DIRECTION ( 'NONE',  ( 0.000000000000000000, 0.000000000000000000, 1.000000000000000000 ) ) ;
#258 = CARTESIAN_POINT ( 'NONE',  ( 4.000000000000079048, 6.928203230275460811, 16.00000000000000000 ) ) ;
#259 = EDGE_CURVE ( 'NONE', #833, #211, #1411, .T. ) ;
#260 = VECTOR ( 'NONE', #625, 1000.000000000000000 ) ;
#261 = ORIENTED_EDGE ( 'NONE', *, *, #1423, .T. ) ;
#262 = CIRCLE ( 'NONE', #1100, 7.999999999999996447 ) ;
#263 = PLANE ( 'NONE',  #1230 ) ;
#264 = ORIENTED_EDGE ( 'NONE', *, *, #324, .T. ) ;
#265 = FACE_OUTER_BOUND ( 'NONE', #888, .T. ) ;
#266 = SECURITY_CLASSIFICATION_LEVEL ( 'unclassified' ) ;
#267 = CARTESIAN_POINT ( 'NONE',  ( -7.999999999999996447, 5.586370142149010844E-14, 16.00000000000000000 ) ) ;
#268 = APPROVAL ( #774, 'UNSPECIFIED' ) ;
#269 = EDGE_CURVE ( 'NONE', #1501, #1976, #16, .T. ) ;
#270 = ADVANCED_FACE ( 'NONE', ( #1914 ), #345, .T. ) ;
#271 = ORIENTED_EDGE ( 'NONE', *, *, #1656, .F. ) ;
#272 = DIRECTION ( 'NONE',  ( -0.000000000000000000, -0.000000000000000000, -1.000000000000000000 ) ) ;
#273 = CARTESIAN_POINT ( 'NONE',  ( 0.000000000000000000, 0.000000000000000000, 0.000000000000000000 ) ) ;
#274 = ORIENTED_EDGE ( 'NONE', *, *, #1291, .T. ) ;
#275 = CYLINDRICAL_SURFACE ( 'NONE', #691, 7.999999999999996447 ) ;
#276 = APPROVAL_STATUS ( 'not_yet_approved' ) ;
#277 = FACE_OUTER_BOUND ( 'NONE', #1032, .T. ) ;
#278 = VECTOR ( 'NONE', #927, 1000.000000000000000 ) ;
#279 = AXIS2_PLACEMENT_3D ( 'NONE', #371, #207, #460 ) ;
#280 = AXIS2_PLACEMENT_3D ( 'NONE', #601, #1404, #1102 ) ;
#281 = VERTEX_POINT ( 'NONE', #1140 ) ;
#282 = ADVANCED_FACE ( 'NONE', ( #1290 ), #181, .F. ) ;
#283 = CARTESIAN_POINT ( 'NONE',  ( 6.928203230275501667, -4.000000000000006217, 16.00000000000000000 ) ) ;
#284 = AXIS2_PLACEMENT_3D ( 'NONE', #1484, #974, #1461 ) ;
#285 = CARTESIAN_POINT ( 'NONE',  ( 6.081118318204381978, 6.081118318204238093, 0.000000000000000000 ) ) ;
#286 = ORIENTED_EDGE ( 'NONE', *, *, #618, .F. ) ;
#287 = EDGE_CURVE ( 'NONE', #1314, #1365, #1129, .T. ) ;
#288 = LINE ( 'NONE', #772, #215 ) ;
#289 = DATE_AND_TIME ( #1733, #758 ) ;
#290 = CARTESIAN_POINT ( 'NONE',  ( 0.000000000000000000, 0.000000000000000000, 16.00000000000000000 ) ) ;
#291 = EDGE_CURVE ( 'NONE', #1789, #1556, #2075, .T. ) ;
#292 = VERTEX_POINT ( 'NONE', #979 ) ;
#293 = CARTESIAN_POINT ( 'NONE',  ( 0.000000000000000000, 0.000000000000000000, 16.00000000000000000 ) ) ;
#294 = DIRECTION ( 'NONE',  ( 0.000000000000000000, 0.000000000000000000, 1.000000000000000000 ) ) ;
#295 = ORIENTED_EDGE ( 'NONE', *, *, #209, .T. ) ;
#296 = AXIS2_PLACEMENT_3D ( 'NONE', #290, #126, #775 ) ;
#297 = EDGE_CURVE ( 'NONE', #2013, #1575, #1711, .T. ) ;
#298 = LINE ( 'NONE', #935, #10 ) ;
#299 = AXIS2_PLACEMENT_3D ( 'NONE', #630, #1148, #656 ) ;
#300 = DIRECTION ( 'NONE',  ( 0.000000000000000000, 0.000000000000000000, 1.000000000000000000 ) ) ;
#301 = ORIENTED_EDGE ( 'NONE', *, *, #166, .F. ) ;
#302 = CARTESIAN_POINT ( 'NONE',  ( -3.999999999999934275, 6.928203230275541635, 16.00000000000000000 ) ) ;
#303 = CARTESIAN_POINT ( 'NONE',  ( 0.000000000000000000, 0.000000000000000000, 16.00000000000000000 ) ) ;
#304 = ORIENTED_EDGE ( 'NONE', *, *, #882, .T. ) ;
#305 = LINE ( 'NONE', #954, #1079 ) ;
#306 = CARTESIAN_POINT ( 'NONE',  ( -2.225843787881598423, 8.306962106086007935, 16.00000000000000000 ) ) ;
#307 = ADVANCED_FACE ( 'NONE', ( #1750 ), #783, .F. ) ;
#308 = CARTESIAN_POINT ( 'NONE',  ( 7.727406610312543833, -2.070552360820168580, 16.00000000000000000 ) ) ;
#309 = ORIENTED_EDGE ( 'NONE', *, *, #287, .F. ) ;
#310 = VERTEX_POINT ( 'NONE', #146 ) ;
#311 = AXIS2_PLACEMENT_3D ( 'NONE', #968, #793, #1763 ) ;
#312 = LINE ( 'NONE', #1285, #1634 ) ;
#313 = AXIS2_PLACEMENT_3D ( 'NONE', #1620, #6, #170 ) ;
#314 = CARTESIAN_POINT ( 'NONE',  ( -8.599999999999999645, 6.005347902810189371E-14, 16.00000000000000000 ) ) ;
#315 = EDGE_LOOP ( 'NONE', ( #1803, #2080, #1270, #965 ) ) ;
#316 = EDGE_CURVE ( 'NONE', #1507, #1275, #1430, .T. ) ;
#317 = DIRECTION ( 'NONE',  ( 1.000000000000000000, 0.000000000000000000, 0.000000000000000000 ) ) ;
#318 = APPROVAL_DATE_TIME ( #1465, #1165 ) ;
#319 = CARTESIAN_POINT ( 'NONE',  ( 5.656854249492447195, 5.656854249492311304, 16.00000000000000000 ) ) ;
#320 = AXIS2_PLACEMENT_3D ( 'NONE', #419, #1405, #106 ) ;
#321 = CARTESIAN_POINT ( 'NONE',  ( 5.000000000000000000, 6.123233995736766282E-16, 16.00000000000000000 ) ) ;
#322 = DIRECTION ( 'NONE',  ( 0.9659258262890679791, 0.2588190451025217387, 0.000000000000000000 ) ) ;
#323 = ORIENTED_EDGE ( 'NONE', *, *, #1007, .F. ) ;
#324 = EDGE_CURVE ( 'NONE', #1104, #1446, #1108, .T. ) ;
#325 = EDGE_CURVE ( 'NONE', #1501, #1556, #2074, .T. ) ;
#326 = ORIENTED_EDGE ( 'NONE', *, *, #138, .F. ) ;
#327 = DIRECTION ( 'NONE',  ( 0.000000000000000000, 0.000000000000000000, 1.000000000000000000 ) ) ;
#328 = FACE_OUTER_BOUND ( 'NONE', #1612, .T. ) ;
#329 = EDGE_LOOP ( 'NONE', ( #295, #1026, #1962, #664 ) ) ;
#330 = DIRECTION ( 'NONE',  ( -0.000000000000000000, -0.000000000000000000, -1.000000000000000000 ) ) ;
#331 = DIRECTION ( 'NONE',  ( -0.000000000000000000, -0.000000000000000000, -1.000000000000000000 ) ) ;
#332 = FACE_OUTER_BOUND ( 'NONE', #357, .T. ) ;
#333 = PLANE ( 'NONE',  #1832 ) ;
#334 = CC_DESIGN_PERSON_AND_ORGANIZATION_ASSIGNMENT ( #1705, #891, ( #1060 ) ) ;
#335 = ORIENTED_EDGE ( 'NONE', *, *, #1188, .F. ) ;
#336 = VECTOR ( 'NONE', #2064, 1000.000000000000000 ) ;
#337 = VECTOR ( 'NONE', #1952, 1000.000000000000000 ) ;
#338 = ORIENTED_EDGE ( 'NONE', *, *, #1040, .T. ) ;
#339 = DIRECTION ( 'NONE',  ( -0.000000000000000000, -0.000000000000000000, -1.000000000000000000 ) ) ;
#340 = EDGE_CURVE ( 'NONE', #2013, #75, #158, .T. ) ;
#341 = DIRECTION ( 'NONE',  ( -0.000000000000000000, -0.000000000000000000, -1.000000000000000000 ) ) ;
#342 = VERTEX_POINT ( 'NONE', #829 ) ;
#343 = OPEN_SHELL ( 'NONE', ( #786, #1671, #575, #565, #1250, #223 ) ) ;
#344 = DIRECTION ( 'NONE',  ( 0.000000000000000000, 0.000000000000000000, 1.000000000000000000 ) ) ;
#345 = CYLINDRICAL_SURFACE ( 'NONE', #901, 8.599999999999997868 ) ;
#346 = CARTESIAN_POINT ( 'NONE',  ( 0.000000000000000000, 0.000000000000000000, 16.00000000000000000 ) ) ;
#347 = PLANE ( 'NONE',  #1224 ) ;
#348 = ORIENTED_EDGE ( 'NONE', *, *, #422, .T. ) ;
#349 = ORIENTED_EDGE ( 'NONE', *, *, #595, .T. ) ;
#350 = CARTESIAN_POINT ( 'NONE',  ( 7.999999999999996447, 0.000000000000000000, 16.00000000000000000 ) ) ;
#351 = CARTESIAN_POINT ( 'NONE',  ( 0.000000000000000000, 0.000000000000000000, 16.00000000000000000 ) ) ;
#352 = VECTOR ( 'NONE', #1377, 1000.000000000000114 ) ;
#353 = EDGE_LOOP ( 'NONE', ( #251, #489, #683, #1736 ) ) ;
#354 = VECTOR ( 'NONE', #1473, 1000.000000000000000 ) ;
#355 = CARTESIAN_POINT ( 'NONE',  ( 0.000000000000000000, 0.000000000000000000, 0.000000000000000000 ) ) ;
#356 = EDGE_CURVE ( 'NONE', #1436, #796, #1315, .T. ) ;
#357 = EDGE_LOOP ( 'NONE', ( #135, #1318, #349, #2033 ) ) ;
#358 = CARTESIAN_POINT ( 'NONE',  ( 0.000000000000000000, 0.000000000000000000, 0.000000000000000000 ) ) ;
#359 = CARTESIAN_POINT ( 'NONE',  ( -2.070552360820090421, 7.727406610312562485, 16.00000000000000000 ) ) ;
#360 = DIRECTION ( 'NONE',  ( -0.000000000000000000, -0.000000000000000000, -1.000000000000000000 ) ) ;
#361 = ORIENTED_EDGE ( 'NONE', *, *, #1202, .T. ) ;
#362 = CARTESIAN_POINT ( 'NONE',  ( 0.000000000000000000, 0.000000000000000000, 16.00000000000000000 ) ) ;
#363 = CARTESIAN_POINT ( 'NONE',  ( -5.656854249492407227, -5.656854249492350384, 16.00000000000000000 ) ) ;
#364 = ORIENTED_EDGE ( 'NONE', *, *, #442, .T. ) ;
#365 = CC_DESIGN_DATE_AND_TIME_ASSIGNMENT ( #289, #438, ( #176 ) ) ;
#366 = CARTESIAN_POINT ( 'NONE',  ( 6.081118318204381978, 6.081118318204238093, 16.00000000000000000 ) ) ;
#367 = ORIENTED_EDGE ( 'NONE', *, *, #1716, .F. ) ;
#368 = DIRECTION ( 'NONE',  ( 1.000000000000000000, 0.000000000000000000, 0.000000000000000000 ) ) ;
#369 = EDGE_CURVE ( 'NONE', #1652, #184, #1687, .T. ) ;
#370 = DIRECTION ( 'NONE',  ( -1.000000000000000000, 0.000000000000000000, 0.000000000000000000 ) ) ;
#371 = CARTESIAN_POINT ( 'NONE',  ( -7.999999999999996447, 5.586370142149010844E-14, 16.00000000000000000 ) ) ;
#372 = ORIENTED_EDGE ( 'NONE', *, *, #1794, .T. ) ;
#373 = CARTESIAN_POINT ( 'NONE',  ( -5.656854249492407227, -5.656854249492349496, 16.00000000000000000 ) ) ;
#374 = VECTOR ( 'NONE', #331, 1000.000000000000000 ) ;
#375 = VECTOR ( 'NONE', #1709, 1000.000000000000227 ) ;
#376 = ORIENTED_EDGE ( 'NONE', *, *, #324, .F. ) ;
#377 = VECTOR ( 'NONE', #924, 1000.000000000000000 ) ;
#378 = VECTOR ( 'NONE', #1074, 1000.000000000000114 ) ;
#379 = CARTESIAN_POINT ( 'NONE',  ( -6.928203230275474134, 4.000000000000057732, 16.00000000000000000 ) ) ;
#380 = ORIENTED_EDGE ( 'NONE', *, *, #1044, .F. ) ;
#381 = CARTESIAN_POINT ( 'NONE',  ( -8.306962106085972408, 2.225843787881741420, 0.000000000000000000 ) ) ;
#382 = LINE ( 'NONE', #1048, #352 ) ;
#383 = CARTESIAN_POINT ( 'NONE',  ( -7.447818472546197555, -4.299999999999956302, 16.00000000000000000 ) ) ;
#384 = EDGE_CURVE ( 'NONE', #641, #628, #644, .T. ) ;
#385 = DIRECTION ( 'NONE',  ( -0.000000000000000000, -0.000000000000000000, -1.000000000000000000 ) ) ;
#386 = EDGE_CURVE ( 'NONE', #1170, #1104, #1618, .T. ) ;
#387 = DIRECTION ( 'NONE',  ( -0.000000000000000000, -0.000000000000000000, -1.000000000000000000 ) ) ;
#388 = VERTEX_POINT ( 'NONE', #1454 ) ;
#389 = AXIS2_PLACEMENT_3D ( 'NONE', #38, #1795, #1441 ) ;
#390 = FACE_OUTER_BOUND ( 'NONE', #329, .T. ) ;
#391 = ORIENTED_EDGE ( 'NONE', *, *, #2010, .F. ) ;
#392 = CARTESIAN_POINT ( 'NONE',  ( 0.000000000000000000, 0.000000000000000000, 0.000000000000000000 ) ) ;
#393 = CIRCLE ( 'NONE', #1829, 8.600000000000001421 ) ;
#394 = CYLINDRICAL_SURFACE ( 'NONE', #1558, 8.599999999999999645 ) ;
#395 = VECTOR ( 'NONE', #414, 1000.000000000000000 ) ;
#396 = DIRECTION ( 'NONE',  ( 1.000000000000000000, 0.000000000000000000, -0.000000000000000000 ) ) ;
#397 = ORIENTED_EDGE ( 'NONE', *, *, #1924, .T. ) ;
#398 = AXIS2_PLACEMENT_3D ( 'NONE', #1791, #986, #1801 ) ;
#399 = EDGE_CURVE ( 'NONE', #807, #433, #200, .T. ) ;
#400 = ORIENTED_EDGE ( 'NONE', *, *, #583, .F. ) ;
#401 = CARTESIAN_POINT ( 'NONE',  ( -4.000000000000031086, -6.928203230275488345, 0.000000000000000000 ) ) ;
#402 = ORIENTED_EDGE ( 'NONE', *, *, #1804, .F. ) ;
#403 = DIRECTION ( 'NONE',  ( 1.000000000000000000, 0.000000000000000000, 0.000000000000000000 ) ) ;
#404 = DIRECTION ( 'NONE',  ( -1.000000000000000000, 0.000000000000000000, 0.000000000000000000 ) ) ;
#405 = CARTESIAN_POINT ( 'NONE',  ( 7.999999999999996447, 0.000000000000000000, 0.000000000000000000 ) ) ;
#406 = LINE ( 'NONE', #1980, #1812 ) ;
#407 = DIRECTION ( 'NONE',  ( 1.000000000000000000, 0.000000000000000000, 0.000000000000000000 ) ) ;
#408 = ORIENTED_EDGE ( 'NONE', *, *, #699, .F. ) ;
#409 = EDGE_CURVE ( 'NONE', #1073, #201, #1466, .T. ) ;
#410 = DIRECTION ( 'NONE',  ( 0.000000000000000000, 0.000000000000000000, 1.000000000000000000 ) ) ;
#411 = VERTEX_POINT ( 'NONE', #204 ) ;
#412 = CARTESIAN_POINT ( 'NONE',  ( 0.000000000000000000, 0.000000000000000000, 0.000000000000000000 ) ) ;
#413 = DIRECTION ( 'NONE',  ( -1.000000000000000000, 0.000000000000000000, 0.000000000000000000 ) ) ;
#414 = DIRECTION ( 'NONE',  ( -0.000000000000000000, -0.000000000000000000, -1.000000000000000000 ) ) ;
#415 = VECTOR ( 'NONE', #1204, 1000.000000000000000 ) ;
#416 = CARTESIAN_POINT ( 'NONE',  ( 2.070552360820141047, -7.727406610312550050, 16.00000000000000000 ) ) ;
#417 = OPEN_SHELL ( 'NONE', ( #1406, #1663, #2014, #1970, #2036, #1259 ) ) ;
#418 = ORIENTED_EDGE ( 'NONE', *, *, #864, .F. ) ;
#419 = CARTESIAN_POINT ( 'NONE',  ( 0.000000000000000000, 0.000000000000000000, 0.000000000000000000 ) ) ;
#420 = EDGE_LOOP ( 'NONE', ( #152, #309, #1580, #885 ) ) ;
#421 = FACE_OUTER_BOUND ( 'NONE', #1299, .T. ) ;
#422 = EDGE_CURVE ( 'NONE', #388, #1265, #2046, .T. ) ;
#423 =( NAMED_UNIT ( * ) PLANE_ANGLE_UNIT ( ) SI_UNIT ( $, .RADIAN. ) );
#424 = CIRCLE ( 'NONE', #450, 7.999999999999996447 ) ;
#425 = DIRECTION ( 'NONE',  ( 0.5000000000000111022, 0.8660254037844322683, 0.000000000000000000 ) ) ;
#426 = ORGANIZATION ( 'UNSPECIFIED', 'UNSPECIFIED', '' ) ;
#427 = ORIENTED_EDGE ( 'NONE', *, *, #689, .F. ) ;
#428 = DIRECTION ( 'NONE',  ( 1.000000000000000000, 0.000000000000000000, 0.000000000000000000 ) ) ;
#429 = ORIENTED_EDGE ( 'NONE', *, *, #2085, .F. ) ;
#430 = CARTESIAN_POINT ( 'NONE',  ( 4.000000000000079048, 6.928203230275460811, 0.000000000000000000 ) ) ;
#431 = DIRECTION ( 'NONE',  ( 0.5000000000000111022, 0.8660254037844322683, 0.000000000000000000 ) ) ;
#432 = EDGE_CURVE ( 'NONE', #1155, #692, #1009, .T. ) ;
#433 = VERTEX_POINT ( 'NONE', #1988 ) ;
#434 = DIRECTION ( 'NONE',  ( -0.9659258262890680902, 0.2588190451025214056, -0.000000000000000000 ) ) ;
#435 = ORIENTED_EDGE ( 'NONE', *, *, #2029, .F. ) ;
#436 = VECTOR ( 'NONE', #967, 1000.000000000000114 ) ;
#437 = DIRECTION ( 'NONE',  ( -0.000000000000000000, -0.000000000000000000, -1.000000000000000000 ) ) ;
#438 = DATE_TIME_ROLE ( 'creation_date' ) ;
#439 = DIRECTION ( 'NONE',  ( 1.000000000000000000, 0.000000000000000000, 0.000000000000000000 ) ) ;
#440 = ADVANCED_FACE ( 'NONE', ( #1841 ), #1027, .F. ) ;
#441 = ADVANCED_FACE ( 'NONE', ( #540 ), #530, .T. ) ;
#442 = EDGE_CURVE ( 'NONE', #1104, #446, #2054, .T. ) ;
#443 = ORIENTED_EDGE ( 'NONE', *, *, #45, .F. ) ;
#444 = DIRECTION ( 'NONE',  ( -0.2588190451025237371, -0.9659258262890674240, 0.000000000000000000 ) ) ;
#445 = DIRECTION ( 'NONE',  ( 0.000000000000000000, 0.000000000000000000, 1.000000000000000000 ) ) ;
#446 = VERTEX_POINT ( 'NONE', #1489 ) ;
#447 = CARTESIAN_POINT ( 'NONE',  ( -5.000000000000000000, 0.000000000000000000, 16.00000000000000000 ) ) ;
#448 = CALENDAR_DATE ( 2023, 3, 12 ) ;
#449 = LINE ( 'NONE', #918, #1472 ) ;
#450 = AXIS2_PLACEMENT_3D ( 'NONE', #1479, #674, #646 ) ;
#451 = AXIS2_PLACEMENT_3D ( 'NONE', #675, #160, #518 ) ;
#452 = AXIS2_PLACEMENT_3D ( 'NONE', #1581, #779, #1414 ) ;
#453 = AXIS2_PLACEMENT_3D ( 'NONE', #1977, #1677, #878 ) ;
#454 = ORIENTED_EDGE ( 'NONE', *, *, #990, .T. ) ;
#455 = CARTESIAN_POINT ( 'NONE',  ( 4.299999999999982947, -7.447818472546181567, 0.000000000000000000 ) ) ;
#456 = EDGE_CURVE ( 'NONE', #35, #95, #1014, .T. ) ;
#457 = CARTESIAN_POINT ( 'NONE',  ( -6.081118318204340234, -6.081118318204278950, 0.000000000000000000 ) ) ;
#458 = EDGE_LOOP ( 'NONE', ( #80, #1389, #953, #1767 ) ) ;
#459 = CARTESIAN_POINT ( 'NONE',  ( 0.000000000000000000, 0.000000000000000000, 16.00000000000000000 ) ) ;
#460 = DIRECTION ( 'NONE',  ( 1.000000000000000000, -6.982962677686261977E-15, 0.000000000000000000 ) ) ;
#461 = DIRECTION ( 'NONE',  ( 1.047444401652939533E-14, 1.000000000000000000, 0.000000000000000000 ) ) ;
#462 = ORIENTED_EDGE ( 'NONE', *, *, #1440, .F. ) ;
#463 = DIRECTION ( 'NONE',  ( 1.000000000000000000, 0.000000000000000000, 0.000000000000000000 ) ) ;
#464 = DIRECTION ( 'NONE',  ( 0.000000000000000000, 0.000000000000000000, 1.000000000000000000 ) ) ;
#465 = EDGE_CURVE ( 'NONE', #807, #1334, #228, .T. ) ;
#466 = EDGE_LOOP ( 'NONE', ( #1635, #1486, #1325, #2056 ) ) ;
#467 = VECTOR ( 'NONE', #431, 1000.000000000000000 ) ;
#468 = DIRECTION ( 'NONE',  ( -0.8660254037844413721, -0.4999999999999952816, 0.000000000000000000 ) ) ;
#469 = CARTESIAN_POINT ( 'NONE',  ( 0.000000000000000000, 0.000000000000000000, 16.00000000000000000 ) ) ;
#470 = CARTESIAN_POINT ( 'NONE',  ( 4.299999999999982947, -7.447818472546181567, 16.00000000000000000 ) ) ;
#471 = EDGE_LOOP ( 'NONE', ( #1549, #1854, #1368, #1514 ) ) ;
#472 = ORIENTED_EDGE ( 'NONE', *, *, #776, .F. ) ;
#473 = EDGE_CURVE ( 'NONE', #666, #548, #71, .T. ) ;
#474 = PLANE ( 'NONE',  #57 ) ;
#475 = DIRECTION ( 'NONE',  ( -1.000000000000000000, 0.000000000000000000, 0.000000000000000000 ) ) ;
#476 = EDGE_LOOP ( 'NONE', ( #1191, #497, #271, #1145 ) ) ;
#477 = FACE_OUTER_BOUND ( 'NONE', #1907, .T. ) ;
#478 = DIRECTION ( 'NONE',  ( -0.7071067811865547892, -0.7071067811865403563, -0.000000000000000000 ) ) ;
#479 = EDGE_CURVE ( 'NONE', #194, #796, #1451, .T. ) ;
#480 = DIRECTION ( 'NONE',  ( -0.000000000000000000, -0.000000000000000000, -1.000000000000000000 ) ) ;
#481 = CARTESIAN_POINT ( 'NONE',  ( 6.928203230275501667, -4.000000000000006217, 16.00000000000000000 ) ) ;
#482 = VERTEX_POINT ( 'NONE', #1003 ) ;
#483 = ORIENTED_EDGE ( 'NONE', *, *, #830, .T. ) ;
#484 = VECTOR ( 'NONE', #136, 1000.000000000000000 ) ;
#485 = DIRECTION ( 'NONE',  ( -0.000000000000000000, -0.000000000000000000, -1.000000000000000000 ) ) ;
#486 = VECTOR ( 'NONE', #360, 1000.000000000000000 ) ;
#487 = AXIS2_PLACEMENT_3D ( 'NONE', #2069, #131, #141 ) ;
#488 = CARTESIAN_POINT ( 'NONE',  ( -7.727406610312528734, 2.070552360820225868, 0.000000000000000000 ) ) ;
#489 = ORIENTED_EDGE ( 'NONE', *, *, #524, .F. ) ;
#490 = AXIS2_PLACEMENT_3D ( 'NONE', #1613, #808, #9 ) ;
#491 = CARTESIAN_POINT ( 'NONE',  ( 0.000000000000000000, 0.000000000000000000, 16.00000000000000000 ) ) ;
#492 = CARTESIAN_POINT ( 'NONE',  ( -3.999999999999934275, 6.928203230275541635, 16.00000000000000000 ) ) ;
#493 = PLANE ( 'NONE',  #1493 ) ;
#494 = EDGE_CURVE ( 'NONE', #1417, #1374, #1338, .T. ) ;
#495 = CARTESIAN_POINT ( 'NONE',  ( 2.225843787881656599, -8.306962106085993724, 0.000000000000000000 ) ) ;
#496 = EDGE_CURVE ( 'NONE', #75, #1622, #1629, .T. ) ;
#497 = ORIENTED_EDGE ( 'NONE', *, *, #68, .F. ) ;
#498 = ORIENTED_EDGE ( 'NONE', *, *, #225, .T. ) ;
#499 = LINE ( 'NONE', #1158, #1930 ) ;
#500 = DIRECTION ( 'NONE',  ( -0.000000000000000000, -0.000000000000000000, -1.000000000000000000 ) ) ;
#501 = ORIENTED_EDGE ( 'NONE', *, *, #1939, .T. ) ;
#502 = DIRECTION ( 'NONE',  ( 1.000000000000000000, 0.000000000000000000, 0.000000000000000000 ) ) ;
#503 = DIRECTION ( 'NONE',  ( -0.000000000000000000, -0.000000000000000000, -1.000000000000000000 ) ) ;
#504 = CARTESIAN_POINT ( 'NONE',  ( 0.000000000000000000, 0.000000000000000000, 16.00000000000000000 ) ) ;
#505 = CARTESIAN_POINT ( 'NONE',  ( 6.081118318204300266, -6.081118318204318918, 16.00000000000000000 ) ) ;
#506 = ORIENTED_EDGE ( 'NONE', *, *, #134, .T. ) ;
#507 = ORIENTED_EDGE ( 'NONE', *, *, #866, .T. ) ;
#508 = PLANE ( 'NONE',  #1194 ) ;
#509 = EDGE_CURVE ( 'NONE', #242, #941, #528, .T. ) ;
#510 = CARTESIAN_POINT ( 'NONE',  ( 0.000000000000000000, 0.000000000000000000, 0.000000000000000000 ) ) ;
#511 = ORIENTED_EDGE ( 'NONE', *, *, #432, .T. ) ;
#512 = OPEN_SHELL ( 'NONE', ( #598, #270, #2034, #1398, #822, #661 ) ) ;
#513 = DIRECTION ( 'NONE',  ( -1.000000000000000000, 0.000000000000000000, 0.000000000000000000 ) ) ;
#514 = ORIENTED_EDGE ( 'NONE', *, *, #1506, .T. ) ;
#515 = DIRECTION ( 'NONE',  ( 0.000000000000000000, 0.000000000000000000, 1.000000000000000000 ) ) ;
#516 = FACE_OUTER_BOUND ( 'NONE', #1030, .T. ) ;
#517 = EDGE_CURVE ( 'NONE', #1877, #1220, #920, .T. ) ;
#518 = DIRECTION ( 'NONE',  ( 1.000000000000000000, 0.000000000000000000, -0.000000000000000000 ) ) ;
#519 = VERTEX_POINT ( 'NONE', #839 ) ;
#520 = CARTESIAN_POINT ( 'NONE',  ( -5.656854249492332620, 5.656854249492423214, 16.00000000000000000 ) ) ;
#521 = DIRECTION ( 'NONE',  ( 0.7071067811865517916, 0.7071067811865431318, -0.000000000000000000 ) ) ;
#522 = VECTOR ( 'NONE', #1540, 1000.000000000000000 ) ;
#523 = VERTEX_POINT ( 'NONE', #558 ) ;
#524 = EDGE_CURVE ( 'NONE', #982, #574, #237, .T. ) ;
#525 = VECTOR ( 'NONE', #1862, 1000.000000000000000 ) ;
#526 = CARTESIAN_POINT ( 'NONE',  ( 0.000000000000000000, 0.000000000000000000, 16.00000000000000000 ) ) ;
#527 = LOCAL_TIME ( 17, 38, 58.00000000000000000, #157 ) ;
#528 = CIRCLE ( 'NONE', #1835, 5.000000000000000000 ) ;
#529 = VERTEX_POINT ( 'NONE', #381 ) ;
#530 = CYLINDRICAL_SURFACE ( 'NONE', #453, 8.599999999999999645 ) ;
#531 = DIRECTION ( 'NONE',  ( 0.8660254037844452579, 0.4999999999999885647, 0.000000000000000000 ) ) ;
#532 = DIRECTION ( 'NONE',  ( 0.000000000000000000, 0.000000000000000000, 1.000000000000000000 ) ) ;
#533 = CARTESIAN_POINT ( 'NONE',  ( -8.306962106086002606, -2.225843787881627289, 16.00000000000000000 ) ) ;
#534 = DIRECTION ( 'NONE',  ( -0.000000000000000000, -0.000000000000000000, -1.000000000000000000 ) ) ;
#535 = LINE ( 'NONE', #845, #354 ) ;
#536 = ORIENTED_EDGE ( 'NONE', *, *, #1096, .F. ) ;
#537 = ADVANCED_FACE ( 'NONE', ( #1807 ), #214, .T. ) ;
#538 = PLANE ( 'NONE',  #1280 ) ;
#539 = ORIENTED_EDGE ( 'NONE', *, *, #811, .T. ) ;
#540 = FACE_OUTER_BOUND ( 'NONE', #1754, .T. ) ;
#541 = LINE ( 'NONE', #1183, #887 ) ;
#542 = VECTOR ( 'NONE', #1090, 1000.000000000000000 ) ;
#543 = DIRECTION ( 'NONE',  ( -0.000000000000000000, -0.000000000000000000, -1.000000000000000000 ) ) ;
#544 = CARTESIAN_POINT ( 'NONE',  ( 0.000000000000000000, 0.000000000000000000, 16.00000000000000000 ) ) ;
#545 = CARTESIAN_POINT ( 'NONE',  ( 0.000000000000000000, 0.000000000000000000, 0.000000000000000000 ) ) ;
#546 = ORIENTED_EDGE ( 'NONE', *, *, #2003, .F. ) ;
#547 = CARTESIAN_POINT ( 'NONE',  ( 7.447818472546167357, -4.300000000000008704, 16.00000000000000000 ) ) ;
#548 = VERTEX_POINT ( 'NONE', #860 ) ;
#549 = CARTESIAN_POINT ( 'NONE',  ( 8.599999999999999645, 0.000000000000000000, 16.00000000000000000 ) ) ;
#550 = CARTESIAN_POINT ( 'NONE',  ( -4.300000000000035350, -7.447818472546153146, 16.00000000000000000 ) ) ;
#551 = PLANE ( 'NONE',  #1157 ) ;
#552 = DIRECTION ( 'NONE',  ( -0.000000000000000000, -0.000000000000000000, -1.000000000000000000 ) ) ;
#553 = ADVANCED_FACE ( 'NONE', ( #1478 ), #1502, .T. ) ;
#554 = VERTEX_POINT ( 'NONE', #939 ) ;
#555 = LINE ( 'NONE', #1518, #130 ) ;
#556 = CIRCLE ( 'NONE', #1725, 5.000000000000000000 ) ;
#557 = VERTEX_POINT ( 'NONE', #1755 ) ;
#558 = CARTESIAN_POINT ( 'NONE',  ( 7.447818472546167357, -4.300000000000008704, 0.000000000000000000 ) ) ;
#559 = CYLINDRICAL_SURFACE ( 'NONE', #1330, 8.599999999999999645 ) ;
#560 = VECTOR ( 'NONE', #1686, 1000.000000000000000 ) ;
#561 = DIRECTION ( 'NONE',  ( 0.000000000000000000, 0.000000000000000000, 1.000000000000000000 ) ) ;
#562 = EDGE_LOOP ( 'NONE', ( #836, #171, #1633, #99 ) ) ;
#563 = AXIS2_PLACEMENT_3D ( 'NONE', #1982, #834, #678 ) ;
#564 = ADVANCED_FACE ( 'NONE', ( #1882 ), #1559, .F. ) ;
#565 = ADVANCED_FACE ( 'NONE', ( #761 ), #474, .F. ) ;
#566 = ORIENTED_EDGE ( 'NONE', *, *, #517, .T. ) ;
#567 = CARTESIAN_POINT ( 'NONE',  ( 2.225843787881769398, 8.306962106085963526, 16.00000000000000000 ) ) ;
#568 = EDGE_LOOP ( 'NONE', ( #2078, #155, #107, #1616 ) ) ;
#569 = CARTESIAN_POINT ( 'NONE',  ( 0.000000000000000000, 0.000000000000000000, 16.00000000000000000 ) ) ;
#570 = DIRECTION ( 'NONE',  ( -0.000000000000000000, -0.000000000000000000, -1.000000000000000000 ) ) ;
#571 = DIRECTION ( 'NONE',  ( 0.4999999999999913958, -0.8660254037844435926, 0.000000000000000000 ) ) ;
#572 = LINE ( 'NONE', #1992, #132 ) ;
#573 = AXIS2_PLACEMENT_3D ( 'NONE', #544, #884, #86 ) ;
#574 = VERTEX_POINT ( 'NONE', #1919 ) ;
#575 = ADVANCED_FACE ( 'NONE', ( #1252 ), #114, .F. ) ;
#576 = LINE ( 'NONE', #1388, #1548 ) ;
#577 = VERTEX_POINT ( 'NONE', #455 ) ;
#578 = FACE_OUTER_BOUND ( 'NONE', #1994, .T. ) ;
#579 = PERSON_AND_ORGANIZATION_ROLE ( 'classification_officer' ) ;
#580 = LINE ( 'NONE', #267, #1683 ) ;
#581 = EDGE_LOOP ( 'NONE', ( #812, #47, #910, #1583 ) ) ;
#582 = DIRECTION ( 'NONE',  ( 1.000000000000000000, 0.000000000000000000, -0.000000000000000000 ) ) ;
#583 = EDGE_CURVE ( 'NONE', #1251, #1536, #1969, .T. ) ;
#584 = ORIENTED_EDGE ( 'NONE', *, *, #386, .T. ) ;
#585 = AXIS2_PLACEMENT_3D ( 'NONE', #15, #330, #1760 ) ;
#586 = CARTESIAN_POINT ( 'NONE',  ( -7.727406610312529622, 2.070552360820224536, 0.000000000000000000 ) ) ;
#587 = APPROVAL_STATUS ( 'not_yet_approved' ) ;
#588 = VECTOR ( 'NONE', #1808, 1000.000000000000000 ) ;
#589 = CARTESIAN_POINT ( 'NONE',  ( -5.656854249492407227, -5.656854249492350384, 0.000000000000000000 ) ) ;
#590 = CIRCLE ( 'NONE', #757, 8.600000000000001421 ) ;
#591 = LOCAL_TIME ( 17, 38, 58.00000000000000000, #1217 ) ;
#592 = ORIENTED_EDGE ( 'NONE', *, *, #1440, .T. ) ;
#593 = CARTESIAN_POINT ( 'NONE',  ( 0.000000000000000000, 0.000000000000000000, 0.000000000000000000 ) ) ;
#594 = EDGE_LOOP ( 'NONE', ( #1407, #1753, #1064, #1846 ) ) ;
#595 = EDGE_CURVE ( 'NONE', #982, #2006, #1227, .T. ) ;
#596 = DIRECTION ( 'NONE',  ( -0.5000000000000042188, -0.8660254037844362651, 0.000000000000000000 ) ) ;
#597 = LINE ( 'NONE', #110, #1238 ) ;
#598 = ADVANCED_FACE ( 'NONE', ( #2058 ), #788, .T. ) ;
#599 = CIRCLE ( 'NONE', #1776, 8.599999999999999645 ) ;
#600 = ORIENTED_EDGE ( 'NONE', *, *, #1382, .T. ) ;
#601 = CARTESIAN_POINT ( 'NONE',  ( 0.000000000000000000, 0.000000000000000000, 16.00000000000000000 ) ) ;
#602 = PLANE ( 'NONE',  #2067 ) ;
#603 = EDGE_CURVE ( 'NONE', #692, #8, #1262, .T. ) ;
#604 = ORIENTED_EDGE ( 'NONE', *, *, #291, .F. ) ;
#605 = DIRECTION ( 'NONE',  ( 1.000000000000000000, 0.000000000000000000, 0.000000000000000000 ) ) ;
#606 = PERSON_AND_ORGANIZATION ( #1539, #426 ) ;
#607 = LINE ( 'NONE', #1386, #1848 ) ;
#608 = ADVANCED_FACE ( 'NONE', ( #1726 ), #2081, .T. ) ;
#609 = EDGE_LOOP ( 'NONE', ( #113, #1427, #1983, #1424 ) ) ;
#610 = FACE_OUTER_BOUND ( 'NONE', #581, .T. ) ;
#611 = CARTESIAN_POINT ( 'NONE',  ( -2.793185071074505422E-14, -7.999999999999996447, 0.000000000000000000 ) ) ;
#612 = ORIENTED_EDGE ( 'NONE', *, *, #269, .F. ) ;
#613 = DIRECTION ( 'NONE',  ( -1.000000000000000000, 0.000000000000000000, 0.000000000000000000 ) ) ;
#614 = APPROVAL_ROLE ( '' ) ;
#615 = CARTESIAN_POINT ( 'NONE',  ( -2.070552360820199223, -7.727406610312535840, 0.000000000000000000 ) ) ;
#616 = CIRCLE ( 'NONE', #1797, 7.999999999999996447 ) ;
#617 = CIRCLE ( 'NONE', #53, 7.999999999999996447 ) ;
#618 = EDGE_CURVE ( 'NONE', #1365, #988, #1566, .T. ) ;
#619 = VECTOR ( 'NONE', #191, 1000.000000000000000 ) ;
#620 = ORIENTED_EDGE ( 'NONE', *, *, #1470, .T. ) ;
#621 = DIRECTION ( 'NONE',  ( 0.8660254037844413721, 0.4999999999999952816, 0.000000000000000000 ) ) ;
#622 = DIRECTION ( 'NONE',  ( 0.7071067811865453523, -0.7071067811865496822, 0.000000000000000000 ) ) ;
#623 = ORIENTED_EDGE ( 'NONE', *, *, #1557, .T. ) ;
#624 = LINE ( 'NONE', #1245, #1156 ) ;
#625 = DIRECTION ( 'NONE',  ( -0.000000000000000000, -0.000000000000000000, -1.000000000000000000 ) ) ;
#626 = EDGE_CURVE ( 'NONE', #641, #892, #1745, .T. ) ;
#627 = FACE_OUTER_BOUND ( 'NONE', #1160, .T. ) ;
#628 = VERTEX_POINT ( 'NONE', #1589 ) ;
#629 = CARTESIAN_POINT ( 'NONE',  ( 7.727406610312542945, 2.070552360820171689, 16.00000000000000000 ) ) ;
#630 = CARTESIAN_POINT ( 'NONE',  ( 0.000000000000000000, 0.000000000000000000, 16.00000000000000000 ) ) ;
#631 = ORIENTED_EDGE ( 'NONE', *, *, #232, .T. ) ;
#632 = EDGE_CURVE ( 'NONE', #433, #982, #1425, .T. ) ;
#633 = FACE_OUTER_BOUND ( 'NONE', #1591, .T. ) ;
#634 = CARTESIAN_POINT ( 'NONE',  ( -2.070552360820090421, 7.727406610312562485, 16.00000000000000000 ) ) ;
#635 = DIRECTION ( 'NONE',  ( 0.4999999999999975575, -0.8660254037844400399, 0.000000000000000000 ) ) ;
#636 = DIRECTION ( 'NONE',  ( -0.8660254037844378194, 0.5000000000000014433, 0.000000000000000000 ) ) ;
#637 = ORIENTED_EDGE ( 'NONE', *, *, #1007, .T. ) ;
#638 = ORIENTED_EDGE ( 'NONE', *, *, #2010, .T. ) ;
#639 = PLANE ( 'NONE',  #452 ) ;
#640 = CARTESIAN_POINT ( 'NONE',  ( -7.727406610312557156, -2.070552360820117954, 0.000000000000000000 ) ) ;
#641 = VERTEX_POINT ( 'NONE', #1737 ) ;
#642 = ADVANCED_FACE ( 'NONE', ( #932 ), #121, .F. ) ;
#643 = CYLINDRICAL_SURFACE ( 'NONE', #1756, 7.999999999999996447 ) ;
#644 = LINE ( 'NONE', #492, #436 ) ;
#645 = APPLICATION_CONTEXT ( 'configuration controlled 3d designs of mechanical parts and assemblies' ) ;
#646 = DIRECTION ( 'NONE',  ( 1.000000000000000000, 0.000000000000000000, 0.000000000000000000 ) ) ;
#647 = DIRECTION ( 'NONE',  ( -1.000000000000000000, 6.982962677686262766E-15, 0.000000000000000000 ) ) ;
#648 = ORIENTED_EDGE ( 'NONE', *, *, #151, .T. ) ;
#649 = AXIS2_PLACEMENT_3D ( 'NONE', #1369, #1817, #368 ) ;
#650 = AXIS2_PLACEMENT_3D ( 'NONE', #504, #1785, #1279 ) ;
#651 = CIRCLE ( 'NONE', #2030, 8.599999999999999645 ) ;
#652 = ORIENTED_EDGE ( 'NONE', *, *, #1237, .F. ) ;
#653 = CIRCLE ( 'NONE', #722, 8.600000000000001421 ) ;
#654 = FACE_OUTER_BOUND ( 'NONE', #1621, .T. ) ;
#655 = VECTOR ( 'NONE', #65, 1000.000000000000000 ) ;
#656 = DIRECTION ( 'NONE',  ( 1.000000000000000000, 0.000000000000000000, 0.000000000000000000 ) ) ;
#657 = ORIENTED_EDGE ( 'NONE', *, *, #1174, .T. ) ;
#658 = VECTOR ( 'NONE', #1135, 1000.000000000000000 ) ;
#659 = CARTESIAN_POINT ( 'NONE',  ( -8.306962106085972408, 2.225843787881741420, 16.00000000000000000 ) ) ;
#660 = DIRECTION ( 'NONE',  ( -1.000000000000000000, 0.000000000000000000, 0.000000000000000000 ) ) ;
#661 = ADVANCED_FACE ( 'NONE', ( #610 ), #639, .F. ) ;
#662 = LINE ( 'NONE', #685, #1255 ) ;
#663 = DIRECTION ( 'NONE',  ( 0.9659258262890680902, -0.2588190451025214056, 0.000000000000000000 ) ) ;
#664 = ORIENTED_EDGE ( 'NONE', *, *, #1831, .T. ) ;
#665 = EDGE_CURVE ( 'NONE', #281, #961, #312, .T. ) ;
#666 = VERTEX_POINT ( 'NONE', #1695 ) ;
#667 = CYLINDRICAL_SURFACE ( 'NONE', #827, 5.000000000000000000 ) ;
#668 = PLANE ( 'NONE',  #2002 ) ;
#669 = ORIENTED_EDGE ( 'NONE', *, *, #1031, .T. ) ;
#670 = ADVANCED_FACE ( 'NONE', ( #911 ), #667, .F. ) ;
#671 = CARTESIAN_POINT ( 'NONE',  ( -7.727406610312555379, -2.070552360820117066, 16.00000000000000000 ) ) ;
#672 = CIRCLE ( 'NONE', #1981, 8.599999999999999645 ) ;
#673 = DIRECTION ( 'NONE',  ( 3.491481338843130989E-15, 1.000000000000000000, 0.000000000000000000 ) ) ;
#674 = DIRECTION ( 'NONE',  ( -0.000000000000000000, -0.000000000000000000, -1.000000000000000000 ) ) ;
#675 = CARTESIAN_POINT ( 'NONE',  ( 0.000000000000000000, 0.000000000000000000, 0.000000000000000000 ) ) ;
#676 = ORIENTED_EDGE ( 'NONE', *, *, #1056, .F. ) ;
#677 = EDGE_CURVE ( 'NONE', #577, #1085, #759, .T. ) ;
#678 = DIRECTION ( 'NONE',  ( -1.000000000000000000, 0.000000000000000000, 0.000000000000000000 ) ) ;
#679 = AXIS2_PLACEMENT_3D ( 'NONE', #762, #2024, #582 ) ;
#680 = LINE ( 'NONE', #1201, #1190 ) ;
#681 = ORIENTED_EDGE ( 'NONE', *, *, #1237, .T. ) ;
#682 = LINE ( 'NONE', #659, #1526 ) ;
#683 = ORIENTED_EDGE ( 'NONE', *, *, #632, .F. ) ;
#684 = DIRECTION ( 'NONE',  ( -0.000000000000000000, -0.000000000000000000, -1.000000000000000000 ) ) ;
#685 = CARTESIAN_POINT ( 'NONE',  ( -7.999999999999996447, 5.586370142149010844E-14, 0.000000000000000000 ) ) ;
#686 = CARTESIAN_POINT ( 'NONE',  ( -3.002673951405094686E-14, -8.599999999999999645, 16.00000000000000000 ) ) ;
#687 = VERTEX_POINT ( 'NONE', #1310 ) ;
#688 = FACE_OUTER_BOUND ( 'NONE', #818, .T. ) ;
#689 = EDGE_CURVE ( 'NONE', #1239, #1949, #1342, .T. ) ;
#690 = CARTESIAN_POINT ( 'NONE',  ( 7.447818472546226864, 4.299999999999905675, 0.000000000000000000 ) ) ;
#691 = AXIS2_PLACEMENT_3D ( 'NONE', #905, #898, #613 ) ;
#692 = VERTEX_POINT ( 'NONE', #1779 ) ;
#693 = CARTESIAN_POINT ( 'NONE',  ( 2.070552360820248960, 7.727406610312519852, 0.000000000000000000 ) ) ;
#694 = ORIENTED_EDGE ( 'NONE', *, *, #1423, .F. ) ;
#695 = DIRECTION ( 'NONE',  ( -0.000000000000000000, -0.000000000000000000, -1.000000000000000000 ) ) ;
#696 = DIRECTION ( 'NONE',  ( -0.000000000000000000, -0.000000000000000000, -1.000000000000000000 ) ) ;
#697 = DIRECTION ( 'NONE',  ( 0.8660254037844351549, -0.5000000000000058842, 0.000000000000000000 ) ) ;
#698 = CARTESIAN_POINT ( 'NONE',  ( 7.727406610312543833, -2.070552360820168580, 0.000000000000000000 ) ) ;
#699 = EDGE_CURVE ( 'NONE', #2006, #1996, #1971, .T. ) ;
#700 = FACE_OUTER_BOUND ( 'NONE', #734, .T. ) ;
#701 = AXIS2_PLACEMENT_3D ( 'NONE', #1738, #445, #770 ) ;
#702 = ORIENTED_EDGE ( 'NONE', *, *, #1352, .T. ) ;
#703 = CARTESIAN_POINT ( 'NONE',  ( -8.306962106086002606, -2.225843787881627289, 16.00000000000000000 ) ) ;
#704 = EDGE_CURVE ( 'NONE', #184, #1692, #499, .T. ) ;
#705 = DIRECTION ( 'NONE',  ( 1.000000000000000000, 0.000000000000000000, 0.000000000000000000 ) ) ;
#706 = LINE ( 'NONE', #206, #944 ) ;
#707 = VECTOR ( 'NONE', #1177, 1000.000000000000000 ) ;
#708 = DIRECTION ( 'NONE',  ( -0.8660254037844435926, -0.4999999999999913958, 0.000000000000000000 ) ) ;
#709 = FACE_OUTER_BOUND ( 'NONE', #1076, .T. ) ;
#710 = EDGE_LOOP ( 'NONE', ( #22, #873, #1960, #1052 ) ) ;
#711 = CARTESIAN_POINT ( 'NONE',  ( -4.000000000000031086, -6.928203230275488345, 16.00000000000000000 ) ) ;
#712 = ORIENTED_EDGE ( 'NONE', *, *, #595, .F. ) ;
#713 = DIRECTION ( 'NONE',  ( 0.000000000000000000, 0.000000000000000000, 1.000000000000000000 ) ) ;
#714 = VECTOR ( 'NONE', #875, 1000.000000000000000 ) ;
#715 = EDGE_CURVE ( 'NONE', #1334, #1881, #1837, .T. ) ;
#716 = DIRECTION ( 'NONE',  ( -0.000000000000000000, -0.000000000000000000, -1.000000000000000000 ) ) ;
#717 = CARTESIAN_POINT ( 'NONE',  ( -6.928203230275474134, 4.000000000000057732, 16.00000000000000000 ) ) ;
#718 = ORIENTED_EDGE ( 'NONE', *, *, #1174, .F. ) ;
#719 = APPLICATION_CONTEXT ( 'configuration controlled 3d designs of mechanical parts and assemblies' ) ;
#720 = VERTEX_POINT ( 'NONE', #520 ) ;
#721 = CARTESIAN_POINT ( 'NONE',  ( 0.000000000000000000, 0.000000000000000000, 16.00000000000000000 ) ) ;
#722 = AXIS2_PLACEMENT_3D ( 'NONE', #804, #18, #1915 ) ;
#723 = VERTEX_POINT ( 'NONE', #1936 ) ;
#724 = DIRECTION ( 'NONE',  ( 1.000000000000000000, 0.000000000000000000, -0.000000000000000000 ) ) ;
#725 = AXIS2_PLACEMENT_3D ( 'NONE', #1333, #1322, #1972 ) ;
#726 = CYLINDRICAL_SURFACE ( 'NONE', #983, 7.999999999999996447 ) ;
#727 = AXIS2_PLACEMENT_3D ( 'NONE', #1603, #272, #463 ) ;
#728 = AXIS2_PLACEMENT_3D ( 'NONE', #82, #1046, #849 ) ;
#729 = DIRECTION ( 'NONE',  ( -0.4999999999999913403, 0.8660254037844435926, 0.000000000000000000 ) ) ;
#730 = LINE ( 'NONE', #533, #707 ) ;
#731 = ADVANCED_FACE ( 'NONE', ( #1811 ), #844, .F. ) ;
#732 = ORIENTED_EDGE ( 'NONE', *, *, #583, .T. ) ;
#733 = CARTESIAN_POINT ( 'NONE',  ( 0.000000000000000000, 0.000000000000000000, 16.00000000000000000 ) ) ;
#734 = EDGE_LOOP ( 'NONE', ( #514, #1552, #1095, #1588 ) ) ;
#735 = ADVANCED_FACE ( 'NONE', ( #1471 ), #508, .F. ) ;
#736 = DIRECTION ( 'NONE',  ( 0.000000000000000000, 0.000000000000000000, 1.000000000000000000 ) ) ;
#737 = APPROVAL_ROLE ( '' ) ;
#738 = EDGE_LOOP ( 'NONE', ( #1055, #227, #1650, #1387 ) ) ;
#739 = VECTOR ( 'NONE', #478, 1000.000000000000114 ) ;
#740 = ADVANCED_FACE ( 'NONE', ( #854 ), #1169, .T. ) ;
#741 = EDGE_LOOP ( 'NONE', ( #1534, #1674, #1397, #1748 ) ) ;
#742 = DIRECTION ( 'NONE',  ( -3.491481338843131383E-15, -1.000000000000000000, 0.000000000000000000 ) ) ;
#743 = EDGE_LOOP ( 'NONE', ( #418, #1951, #1875, #117 ) ) ;
#744 = LINE ( 'NONE', #586, #1592 ) ;
#745 = CARTESIAN_POINT ( 'NONE',  ( 8.306962106085986619, -2.225843787881681912, 16.00000000000000000 ) ) ;
#746 = LINE ( 'NONE', #1229, #467 ) ;
#747 = ORIENTED_EDGE ( 'NONE', *, *, #963, .F. ) ;
#748 = ADVANCED_FACE ( 'NONE', ( #700 ), #186, .T. ) ;
#749 = CARTESIAN_POINT ( 'NONE',  ( -6.081118318204340234, -6.081118318204278950, 16.00000000000000000 ) ) ;
#750 = ORIENTED_EDGE ( 'NONE', *, *, #704, .T. ) ;
#751 = CIRCLE ( 'NONE', #1051, 7.999999999999996447 ) ;
#752 = ADVANCED_FACE ( 'NONE', ( #1495 ), #44, .T. ) ;
#753 = DIRECTION ( 'NONE',  ( -3.491481338843131383E-15, -1.000000000000000000, 0.000000000000000000 ) ) ;
#754 = CALENDAR_DATE ( 2023, 3, 12 ) ;
#755 = VECTOR ( 'NONE', #531, 1000.000000000000114 ) ;
#756 = LINE ( 'NONE', #1080, #233 ) ;
#757 = AXIS2_PLACEMENT_3D ( 'NONE', #1350, #561, #1184 ) ;
#758 = LOCAL_TIME ( 17, 38, 58.00000000000000000, #1235 ) ;
#759 = CIRCLE ( 'NONE', #2005, 8.599999999999999645 ) ;
#760 = ORIENTED_EDGE ( 'NONE', *, *, #1571, .T. ) ;
#761 = FACE_OUTER_BOUND ( 'NONE', #1114, .T. ) ;
#762 = CARTESIAN_POINT ( 'NONE',  ( 0.000000000000000000, 0.000000000000000000, 16.00000000000000000 ) ) ;
#763 = ORIENTED_EDGE ( 'NONE', *, *, #618, .T. ) ;
#764 = ADVANCED_FACE ( 'NONE', ( #688 ), #1332, .T. ) ;
#765 = CARTESIAN_POINT ( 'NONE',  ( 0.000000000000000000, 0.000000000000000000, 16.00000000000000000 ) ) ;
#766 = COORDINATED_UNIVERSAL_TIME_OFFSET ( 1, 0, .AHEAD. ) ;
#767 = DIRECTION ( 'NONE',  ( -0.5000000000000111022, -0.8660254037844322683, 0.000000000000000000 ) ) ;
#768 = VERTEX_POINT ( 'NONE', #1008 ) ;
#769 = DIRECTION ( 'NONE',  ( 0.000000000000000000, 0.000000000000000000, 1.000000000000000000 ) ) ;
#770 = DIRECTION ( 'NONE',  ( 1.000000000000000000, 0.000000000000000000, -0.000000000000000000 ) ) ;
#771 = VERTEX_POINT ( 'NONE', #58 ) ;
#772 = CARTESIAN_POINT ( 'NONE',  ( -4.000000000000031086, -6.928203230275488345, 16.00000000000000000 ) ) ;
#773 = APPROVAL ( #587, 'UNSPECIFIED' ) ;
#774 = APPROVAL_STATUS ( 'not_yet_approved' ) ;
#775 = DIRECTION ( 'NONE',  ( 1.000000000000000000, 0.000000000000000000, 0.000000000000000000 ) ) ;
#776 = EDGE_CURVE ( 'NONE', #961, #194, #1125, .T. ) ;
#777 = OPEN_SHELL ( 'NONE', ( #1855, #1496, #1033, #116, #1422, #87 ) ) ;
#778 = ORIENTED_EDGE ( 'NONE', *, *, #1939, .F. ) ;
#779 = DIRECTION ( 'NONE',  ( 0.9659258262890706437, 0.2588190451025119132, -0.000000000000000000 ) ) ;
#780 = CARTESIAN_POINT ( 'NONE',  ( -7.447818472546138047, 4.300000000000062883, 0.000000000000000000 ) ) ;
#781 = ORIENTED_EDGE ( 'NONE', *, *, #409, .F. ) ;
#782 = FACE_OUTER_BOUND ( 'NONE', #1899, .T. ) ;
#783 = PLANE ( 'NONE',  #1274 ) ;
#784 = AXIS2_PLACEMENT_3D ( 'NONE', #2076, #1153, #1798 ) ;
#785 = AXIS2_PLACEMENT_3D ( 'NONE', #510, #1769, #1624 ) ;
#786 = ADVANCED_FACE ( 'NONE', ( #654 ), #962, .T. ) ;
#787 = ORIENTED_EDGE ( 'NONE', *, *, #1535, .T. ) ;
#788 = PLANE ( 'NONE',  #1061 ) ;
#789 = CARTESIAN_POINT ( 'NONE',  ( 0.000000000000000000, 0.000000000000000000, 16.00000000000000000 ) ) ;
#790 = ORIENTED_EDGE ( 'NONE', *, *, #384, .F. ) ;
#791 = CARTESIAN_POINT ( 'NONE',  ( 0.000000000000000000, 0.000000000000000000, 16.00000000000000000 ) ) ;
#792 = DIRECTION ( 'NONE',  ( -0.000000000000000000, -0.000000000000000000, -1.000000000000000000 ) ) ;
#793 = DIRECTION ( 'NONE',  ( 0.000000000000000000, 0.000000000000000000, 1.000000000000000000 ) ) ;
#794 = DIRECTION ( 'NONE',  ( 0.000000000000000000, 0.000000000000000000, 1.000000000000000000 ) ) ;
#795 = ORIENTED_EDGE ( 'NONE', *, *, #960, .F. ) ;
#796 = VERTEX_POINT ( 'NONE', #1300 ) ;
#797 = DIRECTION ( 'NONE',  ( 0.000000000000000000, 0.000000000000000000, 1.000000000000000000 ) ) ;
#798 = EDGE_CURVE ( 'NONE', #554, #1789, #1178, .T. ) ;
#799 = AXIS2_PLACEMENT_3D ( 'NONE', #1543, #1586, #1880 ) ;
#800 = DIRECTION ( 'NONE',  ( 0.5000000000000042188, 0.8660254037844362651, 0.000000000000000000 ) ) ;
#801 = ORIENTED_EDGE ( 'NONE', *, *, #1833, .F. ) ;
#802 = DIRECTION ( 'NONE',  ( -0.000000000000000000, -0.000000000000000000, -1.000000000000000000 ) ) ;
#803 = DIRECTION ( 'NONE',  ( -0.2588190451025146332, 0.9659258262890699775, 0.000000000000000000 ) ) ;
#804 = CARTESIAN_POINT ( 'NONE',  ( 0.000000000000000000, 0.000000000000000000, 0.000000000000000000 ) ) ;
#805 = CARTESIAN_POINT ( 'NONE',  ( -5.656854249492330844, 5.656854249492424103, 16.00000000000000000 ) ) ;
#806 = ORIENTED_EDGE ( 'NONE', *, *, #96, .F. ) ;
#807 = VERTEX_POINT ( 'NONE', #1670 ) ;
#808 = DIRECTION ( 'NONE',  ( 0.000000000000000000, 0.000000000000000000, 1.000000000000000000 ) ) ;
#809 = EDGE_CURVE ( 'NONE', #1296, #1287, #1673, .T. ) ;
#810 = DIRECTION ( 'NONE',  ( 0.9659258262890699775, 0.2588190451025146332, -0.000000000000000000 ) ) ;
#811 = EDGE_CURVE ( 'NONE', #771, #577, #1773, .T. ) ;
#812 = ORIENTED_EDGE ( 'NONE', *, *, #1522, .T. ) ;
#813 = DIRECTION ( 'NONE',  ( -1.000000000000000000, 0.000000000000000000, 0.000000000000000000 ) ) ;
#814 = EDGE_CURVE ( 'NONE', #1045, #1477, #1467, .T. ) ;
#815 = DIRECTION ( 'NONE',  ( -0.2588190451025319527, -0.9659258262890653146, -0.000000000000000000 ) ) ;
#816 = FACE_OUTER_BOUND ( 'NONE', #562, .T. ) ;
#817 = CARTESIAN_POINT ( 'NONE',  ( 0.000000000000000000, 0.000000000000000000, 16.00000000000000000 ) ) ;
#818 = EDGE_LOOP ( 'NONE', ( #1724, #454, #507, #868 ) ) ;
#819 = CIRCLE ( 'NONE', #250, 8.599999999999999645 ) ;
#820 = AXIS2_PLACEMENT_3D ( 'NONE', #183, #957, #1154 ) ;
#821 = ORIENTED_EDGE ( 'NONE', *, *, #1066, .T. ) ;
#822 = ADVANCED_FACE ( 'NONE', ( #956 ), #840, .F. ) ;
#823 = DIRECTION ( 'NONE',  ( -1.000000000000000000, 0.000000000000000000, 0.000000000000000000 ) ) ;
#824 = VECTOR ( 'NONE', #1900, 1000.000000000000114 ) ;
#825 = CARTESIAN_POINT ( 'NONE',  ( 0.000000000000000000, 0.000000000000000000, 16.00000000000000000 ) ) ;
#826 = ORIENTED_EDGE ( 'NONE', *, *, #73, .F. ) ;
#827 = AXIS2_PLACEMENT_3D ( 'NONE', #362, #534, #823 ) ;
#828 = FACE_OUTER_BOUND ( 'NONE', #1323, .T. ) ;
#829 = CARTESIAN_POINT ( 'NONE',  ( -8.306962106086002606, -2.225843787881627289, 0.000000000000000000 ) ) ;
#830 = EDGE_CURVE ( 'NONE', #1239, #1507, #424, .T. ) ;
#831 = CARTESIAN_POINT ( 'NONE',  ( 3.999999999999982681, -6.928203230275514990, 0.000000000000000000 ) ) ;
#832 = FACE_OUTER_BOUND ( 'NONE', #1337, .T. ) ;
#833 = VERTEX_POINT ( 'NONE', #359 ) ;
#834 = DIRECTION ( 'NONE',  ( -0.000000000000000000, -0.000000000000000000, -1.000000000000000000 ) ) ;
#835 = DIRECTION ( 'NONE',  ( -0.000000000000000000, -0.000000000000000000, -1.000000000000000000 ) ) ;
#836 = ORIENTED_EDGE ( 'NONE', *, *, #1888, .F. ) ;
#837 = DIRECTION ( 'NONE',  ( -0.000000000000000000, -0.000000000000000000, -1.000000000000000000 ) ) ;
#838 = ORIENTED_EDGE ( 'NONE', *, *, #882, .F. ) ;
#839 = CARTESIAN_POINT ( 'NONE',  ( 9.008021854215284057E-14, 8.599999999999997868, 16.00000000000000000 ) ) ;
#840 = CYLINDRICAL_SURFACE ( 'NONE', #1562, 7.999999999999996447 ) ;
#841 = DIRECTION ( 'NONE',  ( 1.000000000000000000, 0.000000000000000000, -0.000000000000000000 ) ) ;
#842 = ADVANCED_FACE ( 'NONE', ( #994 ), #1608, .T. ) ;
#843 = EDGE_LOOP ( 'NONE', ( #1210, #123, #1710, #2015 ) ) ;
#844 = CYLINDRICAL_SURFACE ( 'NONE', #284, 5.000000000000000000 ) ;
#845 = CARTESIAN_POINT ( 'NONE',  ( 8.000000000000000000, 9.797174393178825657E-16, 16.00000000000000000 ) ) ;
#846 = EDGE_LOOP ( 'NONE', ( #2072, #435, #1790, #934 ) ) ;
#847 = CARTESIAN_POINT ( 'NONE',  ( -2.070552360820090421, 7.727406610312562485, 16.00000000000000000 ) ) ;
#848 = ORIENTED_EDGE ( 'NONE', *, *, #1643, .F. ) ;
#849 = DIRECTION ( 'NONE',  ( 1.000000000000000000, 0.000000000000000000, 0.000000000000000000 ) ) ;
#850 = CARTESIAN_POINT ( 'NONE',  ( 7.727406610312542057, 2.070552360820171245, 16.00000000000000000 ) ) ;
#851 = CARTESIAN_POINT ( 'NONE',  ( -7.727406610312529622, 2.070552360820224536, 16.00000000000000000 ) ) ;
#852 = CARTESIAN_POINT ( 'NONE',  ( -2.070552360820199223, -7.727406610312535840, 16.00000000000000000 ) ) ;
#853 = PRODUCT_DEFINITION_SHAPE ( 'NONE', 'NONE',  #176 ) ;
#854 = FACE_OUTER_BOUND ( 'NONE', #1181, .T. ) ;
#855 = ADVANCED_FACE ( 'NONE', ( #516 ), #1316, .T. ) ;
#856 = ORIENTED_EDGE ( 'NONE', *, *, #1031, .F. ) ;
#857 = VECTOR ( 'NONE', #835, 1000.000000000000000 ) ;
#858 = LINE ( 'NONE', #847, #1516 ) ;
#859 = EDGE_LOOP ( 'NONE', ( #787, #1354, #801, #67 ) ) ;
#860 = CARTESIAN_POINT ( 'NONE',  ( 8.379555213223516266E-14, 7.999999999999994671, 0.000000000000000000 ) ) ;
#861 = CARTESIAN_POINT ( 'NONE',  ( -7.727406610312528734, 2.070552360820225868, 16.00000000000000000 ) ) ;
#862 = CARTESIAN_POINT ( 'NONE',  ( 0.000000000000000000, 0.000000000000000000, 16.00000000000000000 ) ) ;
#863 = CARTESIAN_POINT ( 'NONE',  ( 2.070552360820249405, 7.727406610312521629, 16.00000000000000000 ) ) ;
#864 = EDGE_CURVE ( 'NONE', #1692, #529, #653, .T. ) ;
#865 = VERTEX_POINT ( 'NONE', #980 ) ;
#866 = EDGE_CURVE ( 'NONE', #720, #641, #1363, .T. ) ;
#867 = DIRECTION ( 'NONE',  ( -0.000000000000000000, -0.000000000000000000, -1.000000000000000000 ) ) ;
#868 = ORIENTED_EDGE ( 'NONE', *, *, #384, .T. ) ;
#869 = DIRECTION ( 'NONE',  ( 0.000000000000000000, 0.000000000000000000, 1.000000000000000000 ) ) ;
#870 = CARTESIAN_POINT ( 'NONE',  ( -5.656854249492330844, 5.656854249492424103, 0.000000000000000000 ) ) ;
#871 = PLANE ( 'NONE',  #279 ) ;
#872 = ORIENTED_EDGE ( 'NONE', *, *, #151, .F. ) ;
#873 = ORIENTED_EDGE ( 'NONE', *, *, #473, .F. ) ;
#874 = CIRCLE ( 'NONE', #1143, 8.599999999999999645 ) ;
#875 = DIRECTION ( 'NONE',  ( -0.000000000000000000, -0.000000000000000000, -1.000000000000000000 ) ) ;
#876 = PRODUCT_RELATED_PRODUCT_CATEGORY ( 'detail', '', ( #1450 ) ) ;
#877 = ORIENTED_EDGE ( 'NONE', *, *, #1934, .F. ) ;
#878 = DIRECTION ( 'NONE',  ( -1.000000000000000000, 0.000000000000000000, 0.000000000000000000 ) ) ;
#879 = OPEN_SHELL ( 'NONE', ( #748, #752, #2055, #1727, #1335, #564 ) ) ;
#880 = SHELL_BASED_SURFACE_MODEL ( 'NONE', ( #76, #1883, #1047, #1247, #1691, #879, #343, #243, #417, #1410, #512, #777, #1954 ) );
#881 = CARTESIAN_POINT ( 'NONE',  ( 2.225843787881769398, 8.306962106085963526, 0.000000000000000000 ) ) ;
#882 = EDGE_CURVE ( 'NONE', #1556, #388, #1293, .T. ) ;
#883 = LINE ( 'NONE', #84, #1297 ) ;
#884 = DIRECTION ( 'NONE',  ( -0.000000000000000000, -0.000000000000000000, -1.000000000000000000 ) ) ;
#885 = ORIENTED_EDGE ( 'NONE', *, *, #1934, .T. ) ;
#886 = DIRECTION ( 'NONE',  ( -0.000000000000000000, -0.000000000000000000, -1.000000000000000000 ) ) ;
#887 = VECTOR ( 'NONE', #83, 1000.000000000000000 ) ;
#888 = EDGE_LOOP ( 'NONE', ( #1938, #915, #1149, #338 ) ) ;
#889 = AXIS2_PLACEMENT_3D ( 'NONE', #805, #1609, #1142 ) ;
#890 = CARTESIAN_POINT ( 'NONE',  ( 0.000000000000000000, 0.000000000000000000, 0.000000000000000000 ) ) ;
#891 = PERSON_AND_ORGANIZATION_ROLE ( 'creator' ) ;
#892 = VERTEX_POINT ( 'NONE', #41 ) ;
#893 = EDGE_CURVE ( 'NONE', #1287, #768, #662, .T. ) ;
#894 = ORIENTED_EDGE ( 'NONE', *, *, #45, .T. ) ;
#895 = VECTOR ( 'NONE', #1053, 1000.000000000000000 ) ;
#896 = DIRECTION ( 'NONE',  ( 1.000000000000000000, 0.000000000000000000, -0.000000000000000000 ) ) ;
#897 = ORIENTED_EDGE ( 'NONE', *, *, #1081, .F. ) ;
#898 = DIRECTION ( 'NONE',  ( -0.000000000000000000, -0.000000000000000000, -1.000000000000000000 ) ) ;
#899 = DIRECTION ( 'NONE',  ( 0.000000000000000000, 0.000000000000000000, 1.000000000000000000 ) ) ;
#900 = EDGE_CURVE ( 'NONE', #1694, #1639, #1890, .T. ) ;
#901 = AXIS2_PLACEMENT_3D ( 'NONE', #1278, #1152, #660 ) ;
#902 = ORIENTED_EDGE ( 'NONE', *, *, #907, .T. ) ;
#903 = CARTESIAN_POINT ( 'NONE',  ( 7.727406610312543833, -2.070552360820168580, 16.00000000000000000 ) ) ;
#904 = ORIENTED_EDGE ( 'NONE', *, *, #864, .T. ) ;
#905 = CARTESIAN_POINT ( 'NONE',  ( 0.000000000000000000, 0.000000000000000000, 16.00000000000000000 ) ) ;
#906 = CALENDAR_DATE ( 2023, 3, 12 ) ;
#907 = EDGE_CURVE ( 'NONE', #1265, #1789, #192, .T. ) ;
#908 = AXIS2_PLACEMENT_3D ( 'NONE', #1453, #1324, #978 ) ;
#909 = CARTESIAN_POINT ( 'NONE',  ( 0.000000000000000000, 0.000000000000000000, 0.000000000000000000 ) ) ;
#910 = ORIENTED_EDGE ( 'NONE', *, *, #1401, .F. ) ;
#911 = FACE_OUTER_BOUND ( 'NONE', #1488, .T. ) ;
#912 = EDGE_CURVE ( 'NONE', #692, #1017, #1166, .T. ) ;
#913 = LINE ( 'NONE', #1232, #377 ) ;
#914 = VECTOR ( 'NONE', #2009, 1000.000000000000000 ) ;
#915 = ORIENTED_EDGE ( 'NONE', *, *, #912, .F. ) ;
#916 = DIRECTION ( 'NONE',  ( 1.000000000000000000, 0.000000000000000000, 0.000000000000000000 ) ) ;
#917 = DIRECTION ( 'NONE',  ( 0.000000000000000000, 0.000000000000000000, 1.000000000000000000 ) ) ;
#918 = CARTESIAN_POINT ( 'NONE',  ( 6.928203230275501667, -4.000000000000006217, 0.000000000000000000 ) ) ;
#919 = CC_DESIGN_APPROVAL ( #268, ( #1060 ) ) ;
#920 = CIRCLE ( 'NONE', #1869, 7.999999999999998224 ) ;
#921 = AXIS2_PLACEMENT_3D ( 'NONE', #1658, #1623, #173 ) ;
#922 = ORIENTED_EDGE ( 'NONE', *, *, #509, .F. ) ;
#923 = DIRECTION ( 'NONE',  ( 0.000000000000000000, 0.000000000000000000, 1.000000000000000000 ) ) ;
#924 = DIRECTION ( 'NONE',  ( -0.000000000000000000, -0.000000000000000000, -1.000000000000000000 ) ) ;
#925 = EDGE_CURVE ( 'NONE', #1996, #1334, #1431, .T. ) ;
#926 = ORIENTED_EDGE ( 'NONE', *, *, #269, .T. ) ;
#927 = DIRECTION ( 'NONE',  ( -0.000000000000000000, -0.000000000000000000, -1.000000000000000000 ) ) ;
#928 = PERSON_AND_ORGANIZATION ( #1539, #426 ) ;
#929 = FACE_OUTER_BOUND ( 'NONE', #1825, .T. ) ;
#930 = CIRCLE ( 'NONE', #1402, 8.000000000000000000 ) ;
#931 = ORIENTED_EDGE ( 'NONE', *, *, #68, .T. ) ;
#932 = FACE_OUTER_BOUND ( 'NONE', #843, .T. ) ;
#933 = DIRECTION ( 'NONE',  ( -0.000000000000000000, -0.000000000000000000, -1.000000000000000000 ) ) ;
#934 = ORIENTED_EDGE ( 'NONE', *, *, #465, .T. ) ;
#935 = CARTESIAN_POINT ( 'NONE',  ( -5.656854249492332620, 5.656854249492423214, 16.00000000000000000 ) ) ;
#936 = CARTESIAN_POINT ( 'NONE',  ( -2.225843787881598423, 8.306962106086007935, 0.000000000000000000 ) ) ;
#937 = ADVANCED_FACE ( 'NONE', ( #332 ), #147, .T. ) ;
#938 = EDGE_LOOP ( 'NONE', ( #367, #2050, #144, #1092 ) ) ;
#939 = CARTESIAN_POINT ( 'NONE',  ( 7.447818472546226864, 4.299999999999905675, 16.00000000000000000 ) ) ;
#940 = DIRECTION ( 'NONE',  ( 0.2588190451025184080, -0.9659258262890689783, 0.000000000000000000 ) ) ;
#941 = VERTEX_POINT ( 'NONE', #321 ) ;
#942 = CARTESIAN_POINT ( 'NONE',  ( -6.928203230275529201, -3.999999999999957367, 0.000000000000000000 ) ) ;
#943 = DIRECTION ( 'NONE',  ( 1.000000000000000000, 0.000000000000000000, 0.000000000000000000 ) ) ;
#944 = VECTOR ( 'NONE', #1348, 1000.000000000000000 ) ;
#945 = DIRECTION ( 'NONE',  ( -0.2588190451025214056, -0.9659258262890680902, 0.000000000000000000 ) ) ;
#946 = ADVANCED_FACE ( 'NONE', ( #1931 ), #493, .F. ) ;
#947 = ORIENTED_EDGE ( 'NONE', *, *, #1117, .F. ) ;
#948 = AXIS2_PLACEMENT_3D ( 'NONE', #303, #1126, #987 ) ;
#949 = SECURITY_CLASSIFICATION ( '', '', #266 ) ;
#950 = ORIENTED_EDGE ( 'NONE', *, *, #316, .T. ) ;
#951 = DIRECTION ( 'NONE',  ( -0.9659258262890675351, 0.2588190451025237926, 0.000000000000000000 ) ) ;
#952 = FACE_OUTER_BOUND ( 'NONE', #2061, .T. ) ;
#953 = ORIENTED_EDGE ( 'NONE', *, *, #1557, .F. ) ;
#954 = CARTESIAN_POINT ( 'NONE',  ( -6.928203230275529201, -3.999999999999957367, 0.000000000000000000 ) ) ;
#955 = DIRECTION ( 'NONE',  ( 1.000000000000000000, 0.000000000000000000, 0.000000000000000000 ) ) ;
#956 = FACE_OUTER_BOUND ( 'NONE', #710, .T. ) ;
#957 = DIRECTION ( 'NONE',  ( 0.000000000000000000, 0.000000000000000000, 1.000000000000000000 ) ) ;
#958 = ORIENTED_EDGE ( 'NONE', *, *, #465, .F. ) ;
#959 = ADVANCED_FACE ( 'NONE', ( #816 ), #1818, .F. ) ;
#960 = EDGE_CURVE ( 'NONE', #1877, #1652, #1037, .T. ) ;
#961 = VERTEX_POINT ( 'NONE', #2011 ) ;
#962 = PLANE ( 'NONE',  #490 ) ;
#963 = EDGE_CURVE ( 'NONE', #628, #1445, #1861, .T. ) ;
#964 = DIRECTION ( 'NONE',  ( -0.9659258262890689783, -0.2588190451025184080, 0.000000000000000000 ) ) ;
#965 = ORIENTED_EDGE ( 'NONE', *, *, #1096, .T. ) ;
#966 = CARTESIAN_POINT ( 'NONE',  ( 4.300000000000086864, 7.447818472546122059, 16.00000000000000000 ) ) ;
#967 = DIRECTION ( 'NONE',  ( -0.4999999999999913403, 0.8660254037844435926, 0.000000000000000000 ) ) ;
#968 = CARTESIAN_POINT ( 'NONE',  ( 0.000000000000000000, 0.000000000000000000, 16.00000000000000000 ) ) ;
#969 = ADVANCED_FACE ( 'NONE', ( #578 ), #726, .F. ) ;
#970 = FACE_OUTER_BOUND ( 'NONE', #1346, .T. ) ;
#971 = VECTOR ( 'NONE', #742, 1000.000000000000000 ) ;
#972 = ORIENTED_EDGE ( 'NONE', *, *, #509, .T. ) ;
#973 = ORIENTED_EDGE ( 'NONE', *, *, #247, .F. ) ;
#974 = DIRECTION ( 'NONE',  ( -0.000000000000000000, -0.000000000000000000, -1.000000000000000000 ) ) ;
#975 = DIRECTION ( 'NONE',  ( -0.000000000000000000, -0.000000000000000000, -1.000000000000000000 ) ) ;
#976 = ORIENTED_EDGE ( 'NONE', *, *, #247, .T. ) ;
#977 = ADVANCED_FACE ( 'NONE', ( #1207 ), #559, .T. ) ;
#978 = DIRECTION ( 'NONE',  ( 1.000000000000000000, 0.000000000000000000, 0.000000000000000000 ) ) ;
#979 = CARTESIAN_POINT ( 'NONE',  ( -3.002673951405094686E-14, -8.599999999999999645, 0.000000000000000000 ) ) ;
#980 = CARTESIAN_POINT ( 'NONE',  ( -2.070552360820199223, -7.727406610312535840, 16.00000000000000000 ) ) ;
#981 = DIRECTION ( 'NONE',  ( 0.000000000000000000, 0.000000000000000000, 1.000000000000000000 ) ) ;
#982 = VERTEX_POINT ( 'NONE', #850 ) ;
#983 = AXIS2_PLACEMENT_3D ( 'NONE', #1998, #570, #413 ) ;
#984 = VECTOR ( 'NONE', #995, 1000.000000000000000 ) ;
#985 = VERTEX_POINT ( 'NONE', #1852 ) ;
#986 = DIRECTION ( 'NONE',  ( -0.000000000000000000, -0.000000000000000000, -1.000000000000000000 ) ) ;
#987 = DIRECTION ( 'NONE',  ( -1.000000000000000000, 0.000000000000000000, 0.000000000000000000 ) ) ;
#988 = VERTEX_POINT ( 'NONE', #881 ) ;
#989 = CC_DESIGN_PERSON_AND_ORGANIZATION_ASSIGNMENT ( #1088, #1246, ( #176 ) ) ;
#990 = EDGE_CURVE ( 'NONE', #1002, #720, #382, .T. ) ;
#991 = CARTESIAN_POINT ( 'NONE',  ( 8.599999999999999645, 0.000000000000000000, 0.000000000000000000 ) ) ;
#992 = EDGE_LOOP ( 'NONE', ( #1223, #1172, #1134, #1195 ) ) ;
#993 = CARTESIAN_POINT ( 'NONE',  ( -2.793185071074505422E-14, -7.999999999999996447, 16.00000000000000000 ) ) ;
#994 = FACE_OUTER_BOUND ( 'NONE', #846, .T. ) ;
#995 = DIRECTION ( 'NONE',  ( -0.000000000000000000, -0.000000000000000000, -1.000000000000000000 ) ) ;
#996 = ORIENTED_EDGE ( 'NONE', *, *, #30, .F. ) ;
#997 = DIRECTION ( 'NONE',  ( 0.000000000000000000, -0.000000000000000000, 1.000000000000000000 ) ) ;
#998 = CARTESIAN_POINT ( 'NONE',  ( 5.656854249492367259, -5.656854249492388576, 16.00000000000000000 ) ) ;
#999 = ORIENTED_EDGE ( 'NONE', *, *, #2045, .T. ) ;
#1000 = CARTESIAN_POINT ( 'NONE',  ( -2.793185071074505422E-14, -7.999999999999996447, 0.000000000000000000 ) ) ;
#1001 = CIRCLE ( 'NONE', #799, 7.999999999999996447 ) ;
#1002 = VERTEX_POINT ( 'NONE', #1339 ) ;
#1003 = CARTESIAN_POINT ( 'NONE',  ( 9.008021854215284057E-14, 8.599999999999997868, 0.000000000000000000 ) ) ;
#1004 = CARTESIAN_POINT ( 'NONE',  ( 7.999999999999996447, 0.000000000000000000, 0.000000000000000000 ) ) ;
#1005 = FACE_OUTER_BOUND ( 'NONE', #743, .T. ) ;
#1006 = ORIENTED_EDGE ( 'NONE', *, *, #1780, .F. ) ;
#1007 = EDGE_CURVE ( 'NONE', #292, #1871, #2028, .T. ) ;
#1008 = CARTESIAN_POINT ( 'NONE',  ( -8.599999999999999645, 6.005347902810189371E-14, 0.000000000000000000 ) ) ;
#1009 = CIRCLE ( 'NONE', #2084, 7.999999999999996447 ) ;
#1010 = AXIS2_PLACEMENT_3D ( 'NONE', #526, #1161, #428 ) ;
#1011 = ORIENTED_EDGE ( 'NONE', *, *, #297, .T. ) ;
#1012 = DIRECTION ( 'NONE',  ( 0.000000000000000000, 0.000000000000000000, 1.000000000000000000 ) ) ;
#1013 = ORIENTED_EDGE ( 'NONE', *, *, #442, .F. ) ;
#1014 = LINE ( 'NONE', #50, #89 ) ;
#1015 = DIRECTION ( 'NONE',  ( 1.000000000000000000, 0.000000000000000000, -0.000000000000000000 ) ) ;
#1016 = DIRECTION ( 'NONE',  ( -0.000000000000000000, -0.000000000000000000, -1.000000000000000000 ) ) ;
#1017 = VERTEX_POINT ( 'NONE', #1696 ) ;
#1018 = ADVANCED_FACE ( 'NONE', ( #1532 ), #248, .F. ) ;
#1019 = CIRCLE ( 'NONE', #1415, 5.000000000000000000 ) ;
#1020 = CARTESIAN_POINT ( 'NONE',  ( 7.447818472546226864, 4.299999999999905675, 16.00000000000000000 ) ) ;
#1021 = VECTOR ( 'NONE', #1399, 1000.000000000000114 ) ;
#1022 = ORIENTED_EDGE ( 'NONE', *, *, #603, .T. ) ;
#1023 = AXIS2_PLACEMENT_3D ( 'NONE', #24, #1264, #800 ) ;
#1024 = CARTESIAN_POINT ( 'NONE',  ( 0.000000000000000000, 0.000000000000000000, 0.000000000000000000 ) ) ;
#1025 = AXIS2_PLACEMENT_3D ( 'NONE', #545, #1822, #1942 ) ;
#1026 = ORIENTED_EDGE ( 'NONE', *, *, #1202, .F. ) ;
#1027 = CYLINDRICAL_SURFACE ( 'NONE', #36, 7.999999999999996447 ) ;
#1028 = CARTESIAN_POINT ( 'NONE',  ( 0.000000000000000000, 0.000000000000000000, 16.00000000000000000 ) ) ;
#1029 = LINE ( 'NONE', #1340, #395 ) ;
#1030 = EDGE_LOOP ( 'NONE', ( #400, #1460, #1510, #224 ) ) ;
#1031 = EDGE_CURVE ( 'NONE', #1766, #892, #616, .T. ) ;
#1032 = EDGE_LOOP ( 'NONE', ( #1519, #623, #511, #1022 ) ) ;
#1033 = ADVANCED_FACE ( 'NONE', ( #421 ), #72, .F. ) ;
#1034 = DIRECTION ( 'NONE',  ( -0.000000000000000000, -0.000000000000000000, -1.000000000000000000 ) ) ;
#1035 = ORIENTED_EDGE ( 'NONE', *, *, #963, .T. ) ;
#1036 = CARTESIAN_POINT ( 'NONE',  ( 7.727406610312542057, 2.070552360820171245, 16.00000000000000000 ) ) ;
#1037 = LINE ( 'NONE', #861, #1759 ) ;
#1038 = DIRECTION ( 'NONE',  ( -0.5000000000000059952, -0.8660254037844352659, 0.000000000000000000 ) ) ;
#1039 = LINE ( 'NONE', #698, #1585 ) ;
#1040 = EDGE_CURVE ( 'NONE', #1155, #62, #706, .T. ) ;
#1041 = VECTOR ( 'NONE', #815, 1000.000000000000000 ) ;
#1042 = EDGE_LOOP ( 'NONE', ( #604, #1121, #1372, #838 ) ) ;
#1043 = CARTESIAN_POINT ( 'NONE',  ( -4.300000000000035350, -7.447818472546153146, 0.000000000000000000 ) ) ;
#1044 = EDGE_CURVE ( 'NONE', #941, #1124, #1990, .T. ) ;
#1045 = VERTEX_POINT ( 'NONE', #550 ) ;
#1046 = DIRECTION ( 'NONE',  ( -0.000000000000000000, -0.000000000000000000, -1.000000000000000000 ) ) ;
#1047 = OPEN_SHELL ( 'NONE', ( #178, #740, #1593, #1834, #1133, #1945 ) ) ;
#1048 = CARTESIAN_POINT ( 'NONE',  ( -5.656854249492330844, 5.656854249492424103, 16.00000000000000000 ) ) ;
#1049 = PLANE ( 'NONE',  #217 ) ;
#1050 = DIRECTION ( 'NONE',  ( 1.000000000000000000, 0.000000000000000000, 0.000000000000000000 ) ) ;
#1051 = AXIS2_PLACEMENT_3D ( 'NONE', #1428, #1626, #1128 ) ;
#1052 = ORIENTED_EDGE ( 'NONE', *, *, #259, .T. ) ;
#1053 = DIRECTION ( 'NONE',  ( -0.000000000000000000, -0.000000000000000000, -1.000000000000000000 ) ) ;
#1054 = VECTOR ( 'NONE', #1118, 1000.000000000000000 ) ;
#1055 = ORIENTED_EDGE ( 'NONE', *, *, #1373, .F. ) ;
#1056 = EDGE_CURVE ( 'NONE', #1976, #388, #541, .T. ) ;
#1057 = CIRCLE ( 'NONE', #88, 5.000000000000000000 ) ;
#1058 = ADVANCED_FACE ( 'NONE', ( #1827 ), #394, .T. ) ;
#1059 = LINE ( 'NONE', #1234, #484 ) ;
#1060 = PRODUCT_DEFINITION_FORMATION_WITH_SPECIFIED_SOURCE ( 'ANY', '', #1450, .NOT_KNOWN. ) ;
#1061 = AXIS2_PLACEMENT_3D ( 'NONE', #293, #797, #1395 ) ;
#1062 = APPLICATION_PROTOCOL_DEFINITION ( 'international standard', 'config_control_design', 1994, #645 ) ;
#1063 = CARTESIAN_POINT ( 'NONE',  ( 0.000000000000000000, 0.000000000000000000, 16.00000000000000000 ) ) ;
#1064 = ORIENTED_EDGE ( 'NONE', *, *, #1344, .T. ) ;
#1065 = DIRECTION ( 'NONE',  ( 0.2588190451025119132, -0.9659258262890706437, -0.000000000000000000 ) ) ;
#1066 = EDGE_CURVE ( 'NONE', #1302, #1766, #229, .T. ) ;
#1067 = ORIENTED_EDGE ( 'NONE', *, *, #1821, .T. ) ;
#1068 = CARTESIAN_POINT ( 'NONE',  ( -8.599999999999999645, 6.005347902810189371E-14, 16.00000000000000000 ) ) ;
#1069 = PERSON_AND_ORGANIZATION_ROLE ( 'design_owner' ) ;
#1070 = DIRECTION ( 'NONE',  ( -0.8660254037844322683, 0.5000000000000111022, 0.000000000000000000 ) ) ;
#1071 = AXIS2_PLACEMENT_3D ( 'NONE', #1762, #1927, #955 ) ;
#1072 = EDGE_CURVE ( 'NONE', #988, #1446, #1198, .T. ) ;
#1073 = VERTEX_POINT ( 'NONE', #100 ) ;
#1074 = DIRECTION ( 'NONE',  ( 0.2588190451025237371, 0.9659258262890674240, -0.000000000000000000 ) ) ;
#1075 = CIRCLE ( 'NONE', #1010, 8.600000000000001421 ) ;
#1076 = EDGE_LOOP ( 'NONE', ( #1282, #376, #188, #600 ) ) ;
#1077 = DIRECTION ( 'NONE',  ( 0.000000000000000000, 0.000000000000000000, 1.000000000000000000 ) ) ;
#1078 = DATE_AND_TIME ( #906, #591 ) ;
#1079 = VECTOR ( 'NONE', #1276, 999.9999999999998863 ) ;
#1080 = CARTESIAN_POINT ( 'NONE',  ( 8.379555213223516266E-14, 7.999999999999994671, 0.000000000000000000 ) ) ;
#1081 = EDGE_CURVE ( 'NONE', #1436, #1045, #288, .T. ) ;
#1082 = EDGE_LOOP ( 'NONE', ( #1667, #129, #49, #1806 ) ) ;
#1083 = DIRECTION ( 'NONE',  ( 0.4999999999999952816, -0.8660254037844413721, 0.000000000000000000 ) ) ;
#1084 = CARTESIAN_POINT ( 'NONE',  ( -6.928203230275529201, -3.999999999999957367, 16.00000000000000000 ) ) ;
#1085 = VERTEX_POINT ( 'NONE', #118 ) ;
#1086 = AXIS2_PLACEMENT_3D ( 'NONE', #216, #1216, #64 ) ;
#1087 = DIRECTION ( 'NONE',  ( -0.4999999999999885647, 0.8660254037844452579, 0.000000000000000000 ) ) ;
#1088 = PERSON_AND_ORGANIZATION ( #1539, #426 ) ;
#1089 = AXIS2_PLACEMENT_3D ( 'NONE', #1809, #219, #1491 ) ;
#1090 = DIRECTION ( 'NONE',  ( -0.2588190451025184080, 0.9659258262890689783, -0.000000000000000000 ) ) ;
#1091 = AXIS2_PLACEMENT_3D ( 'NONE', #1521, #1662, #724 ) ;
#1092 = ORIENTED_EDGE ( 'NONE', *, *, #17, .F. ) ;
#1093 = DIRECTION ( 'NONE',  ( 0.000000000000000000, 0.000000000000000000, 1.000000000000000000 ) ) ;
#1094 = CARTESIAN_POINT ( 'NONE',  ( 0.000000000000000000, 0.000000000000000000, 0.000000000000000000 ) ) ;
#1095 = ORIENTED_EDGE ( 'NONE', *, *, #1292, .T. ) ;
#1096 = EDGE_CURVE ( 'NONE', #666, #519, #1712, .T. ) ;
#1097 = DIRECTION ( 'NONE',  ( 1.000000000000000000, 0.000000000000000000, 0.000000000000000000 ) ) ;
#1098 = DIRECTION ( 'NONE',  ( -0.000000000000000000, -0.000000000000000000, -1.000000000000000000 ) ) ;
#1099 = EDGE_CURVE ( 'NONE', #1685, #768, #1385, .T. ) ;
#1100 = AXIS2_PLACEMENT_3D ( 'NONE', #909, #1400, #1863 ) ;
#1101 = EDGE_LOOP ( 'NONE', ( #92, #391, #856, #104 ) ) ;
#1102 = DIRECTION ( 'NONE',  ( 1.000000000000000000, 0.000000000000000000, 0.000000000000000000 ) ) ;
#1103 = DIRECTION ( 'NONE',  ( -0.000000000000000000, -0.000000000000000000, -1.000000000000000000 ) ) ;
#1104 = VERTEX_POINT ( 'NONE', #1409 ) ;
#1105 = AXIS2_PLACEMENT_3D ( 'NONE', #1267, #4, #943 ) ;
#1106 = EDGE_CURVE ( 'NONE', #529, #1652, #744, .T. ) ;
#1107 = CARTESIAN_POINT ( 'NONE',  ( -6.081118318204257633, 6.081118318204358886, 0.000000000000000000 ) ) ;
#1108 = LINE ( 'NONE', #1641, #374 ) ;
#1109 = CARTESIAN_POINT ( 'NONE',  ( 4.000000000000079048, 6.928203230275460811, 16.00000000000000000 ) ) ;
#1110 = EDGE_LOOP ( 'NONE', ( #546, #462, #1860, #472 ) ) ;
#1111 = ORIENTED_EDGE ( 'NONE', *, *, #3, .F. ) ;
#1112 = CARTESIAN_POINT ( 'NONE',  ( 0.000000000000000000, 0.000000000000000000, 0.000000000000000000 ) ) ;
#1113 = LINE ( 'NONE', #1590, #1390 ) ;
#1114 = EDGE_LOOP ( 'NONE', ( #1132, #1676, #1, #950 ) ) ;
#1115 = CARTESIAN_POINT ( 'NONE',  ( 0.000000000000000000, 0.000000000000000000, 0.000000000000000000 ) ) ;
#1116 = CARTESIAN_POINT ( 'NONE',  ( -7.727406610312557156, -2.070552360820117954, 16.00000000000000000 ) ) ;
#1117 = EDGE_CURVE ( 'NONE', #628, #1002, #2057, .T. ) ;
#1118 = DIRECTION ( 'NONE',  ( 1.000000000000000000, 0.000000000000000000, 0.000000000000000000 ) ) ;
#1119 = VECTOR ( 'NONE', #2042, 1000.000000000000000 ) ;
#1120 = DIRECTION ( 'NONE',  ( 0.5000000000000014433, 0.8660254037844378194, -0.000000000000000000 ) ) ;
#1121 = ORIENTED_EDGE ( 'NONE', *, *, #907, .F. ) ;
#1122 = VECTOR ( 'NONE', #647, 1000.000000000000000 ) ;
#1123 = VECTOR ( 'NONE', #387, 1000.000000000000000 ) ;
#1124 = VERTEX_POINT ( 'NONE', #1266 ) ;
#1125 = LINE ( 'NONE', #1768, #1392 ) ;
#1126 = DIRECTION ( 'NONE',  ( -0.000000000000000000, -0.000000000000000000, -1.000000000000000000 ) ) ;
#1127 = ORIENTED_EDGE ( 'NONE', *, *, #1273, .T. ) ;
#1128 = DIRECTION ( 'NONE',  ( 1.000000000000000000, 0.000000000000000000, 0.000000000000000000 ) ) ;
#1129 = LINE ( 'NONE', #1941, #260 ) ;
#1130 = CARTESIAN_POINT ( 'NONE',  ( 5.656854249492447195, 5.656854249492311304, 16.00000000000000000 ) ) ;
#1131 = DIRECTION ( 'NONE',  ( 0.2588190451025217942, -0.9659258262890680902, 0.000000000000000000 ) ) ;
#1132 = ORIENTED_EDGE ( 'NONE', *, *, #1361, .T. ) ;
#1133 = ADVANCED_FACE ( 'NONE', ( #265 ), #275, .F. ) ;
#1134 = ORIENTED_EDGE ( 'NONE', *, *, #297, .F. ) ;
#1135 = DIRECTION ( 'NONE',  ( -0.000000000000000000, -0.000000000000000000, -1.000000000000000000 ) ) ;
#1136 = AXIS2_PLACEMENT_3D ( 'NONE', #258, #1070, #767 ) ;
#1137 = CARTESIAN_POINT ( 'NONE',  ( 2.070552360820145044, -7.727406610312550050, 16.00000000000000000 ) ) ;
#1138 = ORIENTED_EDGE ( 'NONE', *, *, #1412, .T. ) ;
#1139 = DIRECTION ( 'NONE',  ( -0.000000000000000000, -0.000000000000000000, -1.000000000000000000 ) ) ;
#1140 = CARTESIAN_POINT ( 'NONE',  ( -2.225843787881710778, -8.306962106085981290, 16.00000000000000000 ) ) ;
#1141 = CARTESIAN_POINT ( 'NONE',  ( 0.000000000000000000, 0.000000000000000000, 16.00000000000000000 ) ) ;
#1142 = DIRECTION ( 'NONE',  ( -0.7071067811865416886, 0.7071067811865533459, 0.000000000000000000 ) ) ;
#1143 = AXIS2_PLACEMENT_3D ( 'NONE', #1094, #294, #1876 ) ;
#1144 = ORIENTED_EDGE ( 'NONE', *, *, #1382, .F. ) ;
#1145 = ORIENTED_EDGE ( 'NONE', *, *, #1099, .T. ) ;
#1146 = DIRECTION ( 'NONE',  ( 0.000000000000000000, 1.000000000000000000, 0.000000000000000000 ) ) ;
#1147 = EDGE_CURVE ( 'NONE', #519, #482, #1904, .T. ) ;
#1148 = DIRECTION ( 'NONE',  ( 0.000000000000000000, 0.000000000000000000, 1.000000000000000000 ) ) ;
#1149 = ORIENTED_EDGE ( 'NONE', *, *, #432, .F. ) ;
#1150 = CARTESIAN_POINT ( 'NONE',  ( -5.656854249492407227, -5.656854249492349496, 16.00000000000000000 ) ) ;
#1151 = ORIENTED_EDGE ( 'NONE', *, *, #1412, .F. ) ;
#1152 = DIRECTION ( 'NONE',  ( -0.000000000000000000, -0.000000000000000000, -1.000000000000000000 ) ) ;
#1153 = DIRECTION ( 'NONE',  ( -0.000000000000000000, -0.000000000000000000, -1.000000000000000000 ) ) ;
#1154 = DIRECTION ( 'NONE',  ( 1.000000000000000000, 0.000000000000000000, 0.000000000000000000 ) ) ;
#1155 = VERTEX_POINT ( 'NONE', #1873 ) ;
#1156 = VECTOR ( 'NONE', #753, 1000.000000000000000 ) ;
#1157 = AXIS2_PLACEMENT_3D ( 'NONE', #1828, #532, #230 ) ;
#1158 = CARTESIAN_POINT ( 'NONE',  ( -6.928203230275474134, 4.000000000000057732, 0.000000000000000000 ) ) ;
#1159 = DIRECTION ( 'NONE',  ( 0.000000000000000000, 0.000000000000000000, 1.000000000000000000 ) ) ;
#1160 = EDGE_LOOP ( 'NONE', ( #1844, #631, #2038, #1329 ) ) ;
#1161 = DIRECTION ( 'NONE',  ( 0.000000000000000000, 0.000000000000000000, 1.000000000000000000 ) ) ;
#1162 = EDGE_CURVE ( 'NONE', #1312, #1917, #1059, .T. ) ;
#1163 = ORIENTED_EDGE ( 'NONE', *, *, #1147, .T. ) ;
#1164 = CARTESIAN_POINT ( 'NONE',  ( 0.000000000000000000, 0.000000000000000000, 16.00000000000000000 ) ) ;
#1165 = APPROVAL ( #276, 'UNSPECIFIED' ) ;
#1166 = LINE ( 'NONE', #5, #588 ) ;
#1167 = FACE_OUTER_BOUND ( 'NONE', #1680, .T. ) ;
#1168 = CARTESIAN_POINT ( 'NONE',  ( 7.447818472546167357, -4.300000000000008704, 16.00000000000000000 ) ) ;
#1169 = CYLINDRICAL_SURFACE ( 'NONE', #398, 8.599999999999999645 ) ;
#1170 = VERTEX_POINT ( 'NONE', #1577 ) ;
#1171 = DIRECTION ( 'NONE',  ( -0.5000000000000042188, -0.8660254037844362651, 0.000000000000000000 ) ) ;
#1172 = ORIENTED_EDGE ( 'NONE', *, *, #1571, .F. ) ;
#1173 = CARTESIAN_POINT ( 'NONE',  ( -7.727406610312557156, -2.070552360820117954, 16.00000000000000000 ) ) ;
#1174 = EDGE_CURVE ( 'NONE', #1283, #554, #1391, .T. ) ;
#1175 = DIRECTION ( 'NONE',  ( -0.000000000000000000, -0.000000000000000000, -1.000000000000000000 ) ) ;
#1176 = DIRECTION ( 'NONE',  ( 0.000000000000000000, 0.000000000000000000, 1.000000000000000000 ) ) ;
#1177 = DIRECTION ( 'NONE',  ( -0.000000000000000000, -0.000000000000000000, -1.000000000000000000 ) ) ;
#1178 = LINE ( 'NONE', #1020, #1123 ) ;
#1179 = ORIENTED_EDGE ( 'NONE', *, *, #1349, .F. ) ;
#1180 = FACE_OUTER_BOUND ( 'NONE', #2068, .T. ) ;
#1181 = EDGE_LOOP ( 'NONE', ( #1434, #429, #826, #620 ) ) ;
#1182 = CARTESIAN_POINT ( 'NONE',  ( 8.379555213223516266E-14, 7.999999999999994671, 16.00000000000000000 ) ) ;
#1183 = CARTESIAN_POINT ( 'NONE',  ( 5.656854249492445419, 5.656854249492310416, 16.00000000000000000 ) ) ;
#1184 = DIRECTION ( 'NONE',  ( 1.000000000000000000, 0.000000000000000000, 0.000000000000000000 ) ) ;
#1185 = ADVANCED_FACE ( 'NONE', ( #782 ), #1878, .F. ) ;
#1186 = DIRECTION ( 'NONE',  ( 0.2588190451025320082, 0.9659258262890653146, 0.000000000000000000 ) ) ;
#1187 = CIRCLE ( 'NONE', #1289, 7.999999999999996447 ) ;
#1188 = EDGE_CURVE ( 'NONE', #985, #2025, #624, .T. ) ;
#1189 = AXIS2_PLACEMENT_3D ( 'NONE', #1553, #1087, #1704 ) ;
#1190 = VECTOR ( 'NONE', #1845, 1000.000000000000227 ) ;
#1191 = ORIENTED_EDGE ( 'NONE', *, *, #1888, .T. ) ;
#1192 = AXIS2_PLACEMENT_3D ( 'NONE', #1437, #951, #444 ) ;
#1193 = DIRECTION ( 'NONE',  ( -1.000000000000000000, 0.000000000000000000, 0.000000000000000000 ) ) ;
#1194 = AXIS2_PLACEMENT_3D ( 'NONE', #1637, #1146, #997 ) ;
#1195 = ORIENTED_EDGE ( 'NONE', *, *, #340, .T. ) ;
#1196 = CARTESIAN_POINT ( 'NONE',  ( 0.000000000000000000, 0.000000000000000000, 16.00000000000000000 ) ) ;
#1197 = EDGE_CURVE ( 'NONE', #242, #1902, #1256, .T. ) ;
#1198 = LINE ( 'NONE', #1418, #1119 ) ;
#1199 = CARTESIAN_POINT ( 'NONE',  ( 7.999999999999996447, 0.000000000000000000, 16.00000000000000000 ) ) ;
#1200 = ORIENTED_EDGE ( 'NONE', *, *, #1859, .F. ) ;
#1201 = CARTESIAN_POINT ( 'NONE',  ( 5.656854249492370812, -5.656854249492385911, 16.00000000000000000 ) ) ;
#1202 = EDGE_CURVE ( 'NONE', #1312, #771, #1731, .T. ) ;
#1203 = ORIENTED_EDGE ( 'NONE', *, *, #1707, .T. ) ;
#1204 = DIRECTION ( 'NONE',  ( -0.000000000000000000, -0.000000000000000000, -1.000000000000000000 ) ) ;
#1205 = EDGE_LOOP ( 'NONE', ( #763, #1144, #1469, #1935 ) ) ;
#1206 = DIRECTION ( 'NONE',  ( -0.000000000000000000, -0.000000000000000000, -1.000000000000000000 ) ) ;
#1207 = FACE_OUTER_BOUND ( 'NONE', #476, .T. ) ;
#1208 = CIRCLE ( 'NONE', #296, 8.599999999999999645 ) ;
#1209 = PLANE ( 'NONE',  #1494 ) ;
#1210 = ORIENTED_EDGE ( 'NONE', *, *, #677, .F. ) ;
#1211 = CIRCLE ( 'NONE', #299, 8.599999999999999645 ) ;
#1212 = EDGE_LOOP ( 'NONE', ( #1254, #1602, #162, #234 ) ) ;
#1213 = EDGE_CURVE ( 'NONE', #411, #723, #393, .T. ) ;
#1214 = CARTESIAN_POINT ( 'NONE',  ( -8.000000000000000000, 0.000000000000000000, 16.00000000000000000 ) ) ;
#1215 = ORIENTED_EDGE ( 'NONE', *, *, #1162, .T. ) ;
#1216 = DIRECTION ( 'NONE',  ( 0.000000000000000000, 0.000000000000000000, 1.000000000000000000 ) ) ;
#1217 = COORDINATED_UNIVERSAL_TIME_OFFSET ( 1, 0, .AHEAD. ) ;
#1218 = DIRECTION ( 'NONE',  ( -0.000000000000000000, -0.000000000000000000, -1.000000000000000000 ) ) ;
#1219 = EDGE_CURVE ( 'NONE', #1902, #1124, #556, .T. ) ;
#1220 = VERTEX_POINT ( 'NONE', #125 ) ;
#1221 = PLANE ( 'NONE',  #701 ) ;
#1222 = VECTOR ( 'NONE', #182, 1000.000000000000114 ) ;
#1223 = ORIENTED_EDGE ( 'NONE', *, *, #496, .T. ) ;
#1224 = AXIS2_PLACEMENT_3D ( 'NONE', #1281, #794, #29 ) ;
#1225 = DIRECTION ( 'NONE',  ( 0.000000000000000000, 0.000000000000000000, 1.000000000000000000 ) ) ;
#1226 = EDGE_CURVE ( 'NONE', #2025, #687, #819, .T. ) ;
#1227 = CIRCLE ( 'NONE', #727, 7.999999999999996447 ) ;
#1228 = APPROVAL_DATE_TIME ( #1542, #773 ) ;
#1229 = CARTESIAN_POINT ( 'NONE',  ( 4.000000000000079048, 6.928203230275460811, 16.00000000000000000 ) ) ;
#1230 = AXIS2_PLACEMENT_3D ( 'NONE', #273, #1253, #1858 ) ;
#1231 = ORIENTED_EDGE ( 'NONE', *, *, #356, .F. ) ;
#1232 = CARTESIAN_POINT ( 'NONE',  ( -2.793185071074505422E-14, -7.999999999999996447, 16.00000000000000000 ) ) ;
#1233 = VERTEX_POINT ( 'NONE', #430 ) ;
#1234 = CARTESIAN_POINT ( 'NONE',  ( 3.999999999999982681, -6.928203230275514990, 16.00000000000000000 ) ) ;
#1235 = COORDINATED_UNIVERSAL_TIME_OFFSET ( 1, 0, .AHEAD. ) ;
#1236 = LINE ( 'NONE', #2021, #124 ) ;
#1237 = EDGE_CURVE ( 'NONE', #720, #1766, #298, .T. ) ;
#1238 = VECTOR ( 'NONE', #425, 1000.000000000000000 ) ;
#1239 = VERTEX_POINT ( 'NONE', #1150 ) ;
#1240 = DIRECTION ( 'NONE',  ( 1.000000000000000000, 0.000000000000000000, 0.000000000000000000 ) ) ;
#1241 = AXIS2_PLACEMENT_3D ( 'NONE', #469, #515, #27 ) ;
#1242 = DIRECTION ( 'NONE',  ( 0.000000000000000000, 0.000000000000000000, 1.000000000000000000 ) ) ;
#1243 = CIRCLE ( 'NONE', #1481, 7.999999999999996447 ) ;
#1244 = ORIENTED_EDGE ( 'NONE', *, *, #1672, .F. ) ;
#1245 = CARTESIAN_POINT ( 'NONE',  ( -2.793185071074505422E-14, -7.999999999999996447, 16.00000000000000000 ) ) ;
#1246 = PERSON_AND_ORGANIZATION_ROLE ( 'creator' ) ;
#1247 = OPEN_SHELL ( 'NONE', ( #1284, #1989, #642, #1928, #1475, #1715 ) ) ;
#1248 = PLANE ( 'NONE',  #196 ) ;
#1249 = CC_DESIGN_DATE_AND_TIME_ASSIGNMENT ( #1078, #109, ( #949 ) ) ;
#1250 = ADVANCED_FACE ( 'NONE', ( #1783 ), #643, .F. ) ;
#1251 = VERTEX_POINT ( 'NONE', #179 ) ;
#1252 = FACE_OUTER_BOUND ( 'NONE', #1528, .T. ) ;
#1253 = DIRECTION ( 'NONE',  ( 0.000000000000000000, 0.000000000000000000, 1.000000000000000000 ) ) ;
#1254 = ORIENTED_EDGE ( 'NONE', *, *, #1483, .T. ) ;
#1255 = VECTOR ( 'NONE', #1305, 1000.000000000000000 ) ;
#1256 = LINE ( 'NONE', #447, #1294 ) ;
#1257 = COORDINATED_UNIVERSAL_TIME_OFFSET ( 1, 0, .AHEAD. ) ;
#1258 = AXIS2_PLACEMENT_3D ( 'NONE', #74, #708, #571 ) ;
#1259 = ADVANCED_FACE ( 'NONE', ( #477 ), #1288, .F. ) ;
#1260 = DIRECTION ( 'NONE',  ( 0.8660254037844378194, -0.5000000000000014433, 0.000000000000000000 ) ) ;
#1261 = ORIENTED_EDGE ( 'NONE', *, *, #232, .F. ) ;
#1262 = LINE ( 'NONE', #283, #824 ) ;
#1263 = EDGE_CURVE ( 'NONE', #35, #985, #751, .T. ) ;
#1264 = DIRECTION ( 'NONE',  ( 0.8660254037844362651, -0.5000000000000042188, 0.000000000000000000 ) ) ;
#1265 = VERTEX_POINT ( 'NONE', #1594 ) ;
#1266 = CARTESIAN_POINT ( 'NONE',  ( 5.000000000000000000, 6.123233995736766282E-16, 0.000000000000000000 ) ) ;
#1267 = CARTESIAN_POINT ( 'NONE',  ( 0.000000000000000000, 0.000000000000000000, 0.000000000000000000 ) ) ;
#1268 = FACE_OUTER_BOUND ( 'NONE', #2047, .T. ) ;
#1269 = AXIS2_PLACEMENT_3D ( 'NONE', #1116, #803, #1784 ) ;
#1270 = ORIENTED_EDGE ( 'NONE', *, *, #1777, .T. ) ;
#1271 = CARTESIAN_POINT ( 'NONE',  ( 0.000000000000000000, 0.000000000000000000, 16.00000000000000000 ) ) ;
#1272 = FACE_OUTER_BOUND ( 'NONE', #992, .T. ) ;
#1273 = EDGE_CURVE ( 'NONE', #1124, #1902, #1019, .T. ) ;
#1274 = AXIS2_PLACEMENT_3D ( 'NONE', #993, #1628, #673 ) ;
#1275 = VERTEX_POINT ( 'NONE', #942 ) ;
#1276 = DIRECTION ( 'NONE',  ( -0.8660254037844413721, -0.4999999999999952816, 0.000000000000000000 ) ) ;
#1277 = CALENDAR_DATE ( 2023, 3, 12 ) ;
#1278 = CARTESIAN_POINT ( 'NONE',  ( 0.000000000000000000, 0.000000000000000000, 16.00000000000000000 ) ) ;
#1279 = DIRECTION ( 'NONE',  ( -1.000000000000000000, 0.000000000000000000, 0.000000000000000000 ) ) ;
#1280 = AXIS2_PLACEMENT_3D ( 'NONE', #721, #410, #1336 ) ;
#1281 = CARTESIAN_POINT ( 'NONE',  ( 0.000000000000000000, 0.000000000000000000, 16.00000000000000000 ) ) ;
#1282 = ORIENTED_EDGE ( 'NONE', *, *, #1072, .T. ) ;
#1283 = VERTEX_POINT ( 'NONE', #1303 ) ;
#1284 = ADVANCED_FACE ( 'NONE', ( #828 ), #156, .T. ) ;
#1285 = CARTESIAN_POINT ( 'NONE',  ( -2.225843787881710778, -8.306962106085981290, 16.00000000000000000 ) ) ;
#1286 = CARTESIAN_POINT ( 'NONE',  ( 2.225843787881656599, -8.306962106085993724, 16.00000000000000000 ) ) ;
#1287 = VERTEX_POINT ( 'NONE', #1464 ) ;
#1288 = PLANE ( 'NONE',  #1665 ) ;
#1289 = AXIS2_PLACEMENT_3D ( 'NONE', #355, #1749, #502 ) ;
#1290 = FACE_OUTER_BOUND ( 'NONE', #43, .T. ) ;
#1291 = EDGE_CURVE ( 'NONE', #723, #529, #682, .T. ) ;
#1292 = EDGE_CURVE ( 'NONE', #865, #1436, #1864, .T. ) ;
#1293 = LINE ( 'NONE', #1630, #1222 ) ;
#1294 = VECTOR ( 'NONE', #437, 1000.000000000000000 ) ;
#1295 = PLANE ( 'NONE',  #451 ) ;
#1296 = VERTEX_POINT ( 'NONE', #189 ) ;
#1297 = VECTOR ( 'NONE', #729, 1000.000000000000114 ) ;
#1298 = VECTOR ( 'NONE', #1573, 1000.000000000000000 ) ;
#1299 = EDGE_LOOP ( 'NONE', ( #286, #1538, #1151, #1987 ) ) ;
#1300 = CARTESIAN_POINT ( 'NONE',  ( -4.000000000000031086, -6.928203230275488345, 0.000000000000000000 ) ) ;
#1301 = FACE_OUTER_BOUND ( 'NONE', #1605, .T. ) ;
#1302 = VERTEX_POINT ( 'NONE', #1107 ) ;
#1303 = CARTESIAN_POINT ( 'NONE',  ( 6.928203230275557623, 3.999999999999910738, 16.00000000000000000 ) ) ;
#1304 = DIRECTION ( 'NONE',  ( -0.000000000000000000, -0.000000000000000000, -1.000000000000000000 ) ) ;
#1305 = DIRECTION ( 'NONE',  ( -1.000000000000000000, 6.982962677686262766E-15, 0.000000000000000000 ) ) ;
#1306 = CARTESIAN_POINT ( 'NONE',  ( 8.306962106085986619, -2.225843787881681912, 16.00000000000000000 ) ) ;
#1307 = EDGE_CURVE ( 'NONE', #62, #1017, #1187, .T. ) ;
#1308 = EDGE_LOOP ( 'NONE', ( #1309, #1918, #326, #1646 ) ) ;
#1309 = ORIENTED_EDGE ( 'NONE', *, *, #291, .T. ) ;
#1310 = CARTESIAN_POINT ( 'NONE',  ( 2.225843787881656599, -8.306962106085993724, 16.00000000000000000 ) ) ;
#1311 = CYLINDRICAL_SURFACE ( 'NONE', #1560, 8.599999999999999645 ) ;
#1312 = VERTEX_POINT ( 'NONE', #1950 ) ;
#1313 = LINE ( 'NONE', #1476, #205 ) ;
#1314 = VERTEX_POINT ( 'NONE', #966 ) ;
#1315 = LINE ( 'NONE', #1597, #336 ) ;
#1316 = CYLINDRICAL_SURFACE ( 'NONE', #650, 8.000000000000000000 ) ;
#1317 = LINE ( 'NONE', #1799, #486 ) ;
#1318 = ORIENTED_EDGE ( 'NONE', *, *, #632, .T. ) ;
#1319 = AXIS2_PLACEMENT_3D ( 'NONE', #1487, #1034, #226 ) ;
#1320 = CARTESIAN_POINT ( 'NONE',  ( 0.000000000000000000, 0.000000000000000000, 16.00000000000000000 ) ) ;
#1321 = EDGE_CURVE ( 'NONE', #211, #548, #1723, .T. ) ;
#1322 = DIRECTION ( 'NONE',  ( -0.000000000000000000, -0.000000000000000000, -1.000000000000000000 ) ) ;
#1323 = EDGE_LOOP ( 'NONE', ( #976, #213, #372, #1215 ) ) ;
#1324 = DIRECTION ( 'NONE',  ( -0.000000000000000000, -0.000000000000000000, -1.000000000000000000 ) ) ;
#1325 = ORIENTED_EDGE ( 'NONE', *, *, #603, .F. ) ;
#1326 = DIRECTION ( 'NONE',  ( 1.000000000000000000, 0.000000000000000000, 0.000000000000000000 ) ) ;
#1327 = DIRECTION ( 'NONE',  ( 0.000000000000000000, 0.000000000000000000, 1.000000000000000000 ) ) ;
#1328 = CYLINDRICAL_SURFACE ( 'NONE', #1925, 7.999999999999998224 ) ;
#1329 = ORIENTED_EDGE ( 'NONE', *, *, #1188, .T. ) ;
#1330 = AXIS2_PLACEMENT_3D ( 'NONE', #1358, #696, #404 ) ;
#1331 = AXIS2_PLACEMENT_3D ( 'NONE', #1879, #917, #1379 ) ;
#1332 = PLANE ( 'NONE',  #1732 ) ;
#1333 = CARTESIAN_POINT ( 'NONE',  ( 0.000000000000000000, 0.000000000000000000, 16.00000000000000000 ) ) ;
#1334 = VERTEX_POINT ( 'NONE', #991 ) ;
#1335 = ADVANCED_FACE ( 'NONE', ( #633 ), #2, .F. ) ;
#1336 = DIRECTION ( 'NONE',  ( 1.000000000000000000, 0.000000000000000000, -0.000000000000000000 ) ) ;
#1337 = EDGE_LOOP ( 'NONE', ( #1458, #246 ) ) ;
#1338 = LINE ( 'NONE', #1173, #1865 ) ;
#1339 = CARTESIAN_POINT ( 'NONE',  ( -6.081118318204257633, 6.081118318204358886, 16.00000000000000000 ) ) ;
#1340 = CARTESIAN_POINT ( 'NONE',  ( 8.306962106085986619, 2.225843787881685465, 16.00000000000000000 ) ) ;
#1341 = DIRECTION ( 'NONE',  ( 0.000000000000000000, 0.000000000000000000, 1.000000000000000000 ) ) ;
#1342 = LINE ( 'NONE', #373, #658 ) ;
#1343 = EDGE_LOOP ( 'NONE', ( #59, #732 ) ) ;
#1344 = EDGE_CURVE ( 'NONE', #1374, #1681, #1362, .T. ) ;
#1345 = DIRECTION ( 'NONE',  ( -0.000000000000000000, -0.000000000000000000, -1.000000000000000000 ) ) ;
#1346 = EDGE_LOOP ( 'NONE', ( #539, #806, #2022, #361 ) ) ;
#1347 = CARTESIAN_POINT ( 'NONE',  ( 0.000000000000000000, 0.000000000000000000, 16.00000000000000000 ) ) ;
#1348 = DIRECTION ( 'NONE',  ( -0.000000000000000000, -0.000000000000000000, -1.000000000000000000 ) ) ;
#1349 = EDGE_CURVE ( 'NONE', #1374, #1296, #26, .T. ) ;
#1350 = CARTESIAN_POINT ( 'NONE',  ( 0.000000000000000000, 0.000000000000000000, 0.000000000000000000 ) ) ;
#1351 = DIRECTION ( 'NONE',  ( 0.9659258262890653146, -0.2588190451025320082, 0.000000000000000000 ) ) ;
#1352 = EDGE_CURVE ( 'NONE', #1507, #2013, #1313, .T. ) ;
#1353 = CIRCLE ( 'NONE', #103, 8.599999999999997868 ) ;
#1354 = ORIENTED_EDGE ( 'NONE', *, *, #1831, .F. ) ;
#1355 = CARTESIAN_POINT ( 'NONE',  ( 0.000000000000000000, 0.000000000000000000, 16.00000000000000000 ) ) ;
#1356 = ORIENTED_EDGE ( 'NONE', *, *, #496, .F. ) ;
#1357 = DIRECTION ( 'NONE',  ( 1.000000000000000000, 0.000000000000000000, 0.000000000000000000 ) ) ;
#1358 = CARTESIAN_POINT ( 'NONE',  ( 0.000000000000000000, 0.000000000000000000, 16.00000000000000000 ) ) ;
#1359 = FACE_OUTER_BOUND ( 'NONE', #1730, .T. ) ;
#1360 = ORIENTED_EDGE ( 'NONE', *, *, #1213, .F. ) ;
#1361 = EDGE_CURVE ( 'NONE', #1275, #75, #305, .T. ) ;
#1362 = CIRCLE ( 'NONE', #908, 7.999999999999996447 ) ;
#1363 = CIRCLE ( 'NONE', #784, 7.999999999999996447 ) ;
#1364 = CIRCLE ( 'NONE', #785, 8.599999999999999645 ) ;
#1365 = VERTEX_POINT ( 'NONE', #1923 ) ;
#1366 = VECTOR ( 'NONE', #1908, 1000.000000000000114 ) ;
#1367 = CARTESIAN_POINT ( 'NONE',  ( -4.299999999999930544, 7.447818472546210877, 0.000000000000000000 ) ) ;
#1368 = ORIENTED_EDGE ( 'NONE', *, *, #1520, .F. ) ;
#1369 = CARTESIAN_POINT ( 'NONE',  ( 0.000000000000000000, 0.000000000000000000, 0.000000000000000000 ) ) ;
#1370 = DIRECTION ( 'NONE',  ( 1.000000000000000000, 0.000000000000000000, -0.000000000000000000 ) ) ;
#1371 = FACE_OUTER_BOUND ( 'NONE', #2041, .T. ) ;
#1372 = ORIENTED_EDGE ( 'NONE', *, *, #422, .F. ) ;
#1373 = EDGE_CURVE ( 'NONE', #482, #201, #1353, .T. ) ;
#1374 = VERTEX_POINT ( 'NONE', #1660 ) ;
#1375 = CARTESIAN_POINT ( 'NONE',  ( -8.000000000000000000, 0.000000000000000000, 0.000000000000000000 ) ) ;
#1376 = EDGE_LOOP ( 'NONE', ( #904, #25, #1360, #1770 ) ) ;
#1377 = DIRECTION ( 'NONE',  ( 0.7071067811865416886, -0.7071067811865532349, -0.000000000000000000 ) ) ;
#1378 = CIRCLE ( 'NONE', #1743, 8.599999999999997868 ) ;
#1379 = DIRECTION ( 'NONE',  ( 1.000000000000000000, 0.000000000000000000, 0.000000000000000000 ) ) ;
#1380 = CARTESIAN_POINT ( 'NONE',  ( -2.070552360820090421, 7.727406610312562485, 0.000000000000000000 ) ) ;
#1381 = EDGE_LOOP ( 'NONE', ( #1758, #1800, #947, #1035 ) ) ;
#1382 = EDGE_CURVE ( 'NONE', #1170, #988, #212, .T. ) ;
#1383 = FACE_BOUND ( 'NONE', #165, .T. ) ;
#1384 = VERTEX_POINT ( 'NONE', #1000 ) ;
#1385 = LINE ( 'NONE', #1068, #140 ) ;
#1386 = CARTESIAN_POINT ( 'NONE',  ( -6.928203230275474134, 4.000000000000057732, 16.00000000000000000 ) ) ;
#1387 = ORIENTED_EDGE ( 'NONE', *, *, #1522, .F. ) ;
#1388 = CARTESIAN_POINT ( 'NONE',  ( -2.070552360820090421, 7.727406610312562485, 0.000000000000000000 ) ) ;
#1389 = ORIENTED_EDGE ( 'NONE', *, *, #1040, .F. ) ;
#1390 = VECTOR ( 'NONE', #1757, 1000.000000000000000 ) ;
#1391 = LINE ( 'NONE', #2035, #1021 ) ;
#1392 = VECTOR ( 'NONE', #163, 1000.000000000000114 ) ;
#1393 = DIRECTION ( 'NONE',  ( 0.7071067811865517916, 0.7071067811865431318, -0.000000000000000000 ) ) ;
#1394 = EDGE_LOOP ( 'NONE', ( #1517, #408, #712, #149 ) ) ;
#1395 = DIRECTION ( 'NONE',  ( 1.000000000000000000, 0.000000000000000000, -0.000000000000000000 ) ) ;
#1396 = CARTESIAN_POINT ( 'NONE',  ( 0.000000000000000000, 0.000000000000000000, 0.000000000000000000 ) ) ;
#1397 = ORIENTED_EDGE ( 'NONE', *, *, #1506, .F. ) ;
#1398 = ADVANCED_FACE ( 'NONE', ( #61 ), #1500, .F. ) ;
#1399 = DIRECTION ( 'NONE',  ( 0.8660254037844452579, 0.4999999999999885647, 0.000000000000000000 ) ) ;
#1400 = DIRECTION ( 'NONE',  ( -0.000000000000000000, -0.000000000000000000, -1.000000000000000000 ) ) ;
#1401 = EDGE_CURVE ( 'NONE', #1073, #833, #858, .T. ) ;
#1402 = AXIS2_PLACEMENT_3D ( 'NONE', #1706, #899, #2053 ) ;
#1403 = ORIENTED_EDGE ( 'NONE', *, *, #798, .F. ) ;
#1404 = DIRECTION ( 'NONE',  ( 0.000000000000000000, 0.000000000000000000, 1.000000000000000000 ) ) ;
#1405 = DIRECTION ( 'NONE',  ( 0.000000000000000000, 0.000000000000000000, 1.000000000000000000 ) ) ;
#1406 = ADVANCED_FACE ( 'NONE', ( #1651 ), #538, .T. ) ;
#1407 = ORIENTED_EDGE ( 'NONE', *, *, #1656, .T. ) ;
#1408 = VECTOR ( 'NONE', #1345, 1000.000000000000000 ) ;
#1409 = CARTESIAN_POINT ( 'NONE',  ( 2.070552360820248960, 7.727406610312519852, 16.00000000000000000 ) ) ;
#1410 = OPEN_SHELL ( 'NONE', ( #1576, #1751, #1903, #969, #1975, #764 ) ) ;
#1411 = LINE ( 'NONE', #634, #1648 ) ;
#1412 = EDGE_CURVE ( 'NONE', #1446, #1233, #1787, .T. ) ;
#1413 = ORIENTED_EDGE ( 'NONE', *, *, #1636, .F. ) ;
#1414 = DIRECTION ( 'NONE',  ( -0.2588190451025119132, 0.9659258262890706437, 0.000000000000000000 ) ) ;
#1415 = AXIS2_PLACEMENT_3D ( 'NONE', #1115, #1640, #317 ) ;
#1416 = DIRECTION ( 'NONE',  ( -1.000000000000000000, 0.000000000000000000, 0.000000000000000000 ) ) ;
#1417 = VERTEX_POINT ( 'NONE', #703 ) ;
#1418 = CARTESIAN_POINT ( 'NONE',  ( 2.070552360820249405, 7.727406610312521629, 0.000000000000000000 ) ) ;
#1419 = AXIS2_PLACEMENT_3D ( 'NONE', #308, #945, #663 ) ;
#1420 = CARTESIAN_POINT ( 'NONE',  ( 6.081118318204381978, 6.081118318204238093, 16.00000000000000000 ) ) ;
#1421 = FACE_OUTER_BOUND ( 'NONE', #458, .T. ) ;
#1422 = ADVANCED_FACE ( 'NONE', ( #1180 ), #202, .F. ) ;
#1423 = EDGE_CURVE ( 'NONE', #2025, #292, #235, .T. ) ;
#1424 = ORIENTED_EDGE ( 'NONE', *, *, #1349, .T. ) ;
#1425 = LINE ( 'NONE', #629, #1366 ) ;
#1426 = DIRECTION ( 'NONE',  ( 1.000000000000000000, 0.000000000000000000, 0.000000000000000000 ) ) ;
#1427 = ORIENTED_EDGE ( 'NONE', *, *, #222, .F. ) ;
#1428 = CARTESIAN_POINT ( 'NONE',  ( 0.000000000000000000, 0.000000000000000000, 16.00000000000000000 ) ) ;
#1429 = SHAPE_DEFINITION_REPRESENTATION ( #853, #2062 ) ;
#1430 = LINE ( 'NONE', #1772, #198 ) ;
#1431 = LINE ( 'NONE', #1004, #1054 ) ;
#1432 = EDGE_CURVE ( 'NONE', #1881, #574, #555, .T. ) ;
#1433 = PLANE ( 'NONE',  #252 ) ;
#1434 = ORIENTED_EDGE ( 'NONE', *, *, #1716, .T. ) ;
#1435 = AXIS2_PLACEMENT_3D ( 'NONE', #358, #1796, #1905 ) ;
#1436 = VERTEX_POINT ( 'NONE', #711 ) ;
#1437 = CARTESIAN_POINT ( 'NONE',  ( -2.070552360820195670, -7.727406610312537616, 16.00000000000000000 ) ) ;
#1438 = CYLINDRICAL_SURFACE ( 'NONE', #1544, 8.600000000000001421 ) ;
#1439 = EDGE_LOOP ( 'NONE', ( #638, #747, #790, #236 ) ) ;
#1440 = EDGE_CURVE ( 'NONE', #796, #1477, #245, .T. ) ;
#1441 = DIRECTION ( 'NONE',  ( 1.000000000000000000, 0.000000000000000000, 0.000000000000000000 ) ) ;
#1442 = CARTESIAN_POINT ( 'NONE',  ( -7.447818472546197555, -4.299999999999956302, 16.00000000000000000 ) ) ;
#1443 = DIRECTION ( 'NONE',  ( 1.000000000000000000, 0.000000000000000000, 0.000000000000000000 ) ) ;
#1444 = PLANE ( 'NONE',  #313 ) ;
#1445 = VERTEX_POINT ( 'NONE', #1367 ) ;
#1446 = VERTEX_POINT ( 'NONE', #693 ) ;
#1447 = CARTESIAN_POINT ( 'NONE',  ( 0.000000000000000000, 0.000000000000000000, 16.00000000000000000 ) ) ;
#1448 = CARTESIAN_POINT ( 'NONE',  ( -5.656854249492332620, 5.656854249492423214, 0.000000000000000000 ) ) ;
#1449 = ORIENTED_EDGE ( 'NONE', *, *, #1361, .F. ) ;
#1450 = PRODUCT ( 'Pièce1_PignonDents_Défaut_sldprt', 'Pièce1_PignonDents_Défaut_sldprt', '', ( #1569 ) ) ;
#1451 = CIRCLE ( 'NONE', #649, 7.999999999999998224 ) ;
#1452 = EDGE_CURVE ( 'NONE', #1220, #184, #1815, .T. ) ;
#1453 = CARTESIAN_POINT ( 'NONE',  ( 0.000000000000000000, 0.000000000000000000, 16.00000000000000000 ) ) ;
#1454 = CARTESIAN_POINT ( 'NONE',  ( 5.656854249492445419, 5.656854249492310416, 0.000000000000000000 ) ) ;
#1455 = VECTOR ( 'NONE', #2019, 1000.000000000000000 ) ;
#1456 = CARTESIAN_POINT ( 'NONE',  ( -4.300000000000035350, -7.447818472546153146, 16.00000000000000000 ) ) ;
#1457 = DIRECTION ( 'NONE',  ( 0.000000000000000000, 0.000000000000000000, 1.000000000000000000 ) ) ;
#1458 = ORIENTED_EDGE ( 'NONE', *, *, #1564, .F. ) ;
#1459 = AXIS2_PLACEMENT_3D ( 'NONE', #1447, #1647, #33 ) ;
#1460 = ORIENTED_EDGE ( 'NONE', *, *, #1804, .T. ) ;
#1461 = DIRECTION ( 'NONE',  ( -1.000000000000000000, 0.000000000000000000, 0.000000000000000000 ) ) ;
#1462 = FACE_OUTER_BOUND ( 'NONE', #1394, .T. ) ;
#1463 = ORIENTED_EDGE ( 'NONE', *, *, #1044, .T. ) ;
#1464 = CARTESIAN_POINT ( 'NONE',  ( -7.999999999999996447, 5.586370142149010844E-14, 0.000000000000000000 ) ) ;
#1465 = DATE_AND_TIME ( #1277, #527 ) ;
#1466 = LINE ( 'NONE', #306, #337 ) ;
#1467 = LINE ( 'NONE', #1456, #1700 ) ;
#1468 = FACE_BOUND ( 'NONE', #1474, .T. ) ;
#1469 = ORIENTED_EDGE ( 'NONE', *, *, #1821, .F. ) ;
#1470 = EDGE_CURVE ( 'NONE', #8, #523, #1986, .T. ) ;
#1471 = FACE_OUTER_BOUND ( 'NONE', #1933, .T. ) ;
#1472 = VECTOR ( 'NONE', #1260, 1000.000000000000114 ) ;
#1473 = DIRECTION ( 'NONE',  ( -0.000000000000000000, -0.000000000000000000, -1.000000000000000000 ) ) ;
#1474 = EDGE_LOOP ( 'NONE', ( #1708, #1127 ) ) ;
#1475 = ADVANCED_FACE ( 'NONE', ( #390 ), #1995, .F. ) ;
#1476 = CARTESIAN_POINT ( 'NONE',  ( -6.928203230275529201, -3.999999999999957367, 16.00000000000000000 ) ) ;
#1477 = VERTEX_POINT ( 'NONE', #1043 ) ;
#1478 = FACE_OUTER_BOUND ( 'NONE', #1921, .T. ) ;
#1479 = CARTESIAN_POINT ( 'NONE',  ( 0.000000000000000000, 0.000000000000000000, 16.00000000000000000 ) ) ;
#1480 = FACE_OUTER_BOUND ( 'NONE', #738, .T. ) ;
#1481 = AXIS2_PLACEMENT_3D ( 'NONE', #1024, #886, #1693 ) ;
#1482 = ORIENTED_EDGE ( 'NONE', *, *, #814, .F. ) ;
#1483 = EDGE_CURVE ( 'NONE', #1949, #1275, #1243, .T. ) ;
#1484 = CARTESIAN_POINT ( 'NONE',  ( 0.000000000000000000, 0.000000000000000000, 16.00000000000000000 ) ) ;
#1485 = DIRECTION ( 'NONE',  ( 1.000000000000000000, 0.000000000000000000, 0.000000000000000000 ) ) ;
#1486 = ORIENTED_EDGE ( 'NONE', *, *, #1470, .F. ) ;
#1487 = CARTESIAN_POINT ( 'NONE',  ( 0.000000000000000000, 0.000000000000000000, 0.000000000000000000 ) ) ;
#1488 = EDGE_LOOP ( 'NONE', ( #972, #1463, #2001, #1530 ) ) ;
#1489 = CARTESIAN_POINT ( 'NONE',  ( 4.000000000000079048, 6.928203230275460811, 16.00000000000000000 ) ) ;
#1490 = DIRECTION ( 'NONE',  ( 0.000000000000000000, 0.000000000000000000, 1.000000000000000000 ) ) ;
#1491 = DIRECTION ( 'NONE',  ( -1.000000000000000000, 0.000000000000000000, 0.000000000000000000 ) ) ;
#1492 = DIRECTION ( 'NONE',  ( 0.000000000000000000, 0.000000000000000000, 1.000000000000000000 ) ) ;
#1493 = AXIS2_PLACEMENT_3D ( 'NONE', #1130, #1619, #169 ) ;
#1494 = AXIS2_PLACEMENT_3D ( 'NONE', #717, #1038, #697 ) ;
#1495 = FACE_OUTER_BOUND ( 'NONE', #741, .T. ) ;
#1496 = ADVANCED_FACE ( 'NONE', ( #1529 ), #91, .T. ) ;
#1497 = LOCAL_TIME ( 17, 38, 58.00000000000000000, #766 ) ;
#1498 = AXIS2_PLACEMENT_3D ( 'NONE', #40, #684, #1963 ) ;
#1499 = ORIENTED_EDGE ( 'NONE', *, *, #1483, .F. ) ;
#1500 = PLANE ( 'NONE',  #1911 ) ;
#1501 = VERTEX_POINT ( 'NONE', #366 ) ;
#1502 = CYLINDRICAL_SURFACE ( 'NONE', #1498, 8.000000000000000000 ) ;
#1503 = DIRECTION ( 'NONE',  ( 1.000000000000000000, 0.000000000000000000, 0.000000000000000000 ) ) ;
#1504 = LINE ( 'NONE', #1991, #655 ) ;
#1505 = EDGE_LOOP ( 'NONE', ( #506, #161, #536, #256 ) ) ;
#1506 = EDGE_CURVE ( 'NONE', #1045, #281, #1075, .T. ) ;
#1507 = VERTEX_POINT ( 'NONE', #1084 ) ;
#1508 = CIRCLE ( 'NONE', #573, 7.999999999999996447 ) ;
#1509 = DIRECTION ( 'NONE',  ( 0.2588190451025119132, -0.9659258262890706437, -0.000000000000000000 ) ) ;
#1510 = ORIENTED_EDGE ( 'NONE', *, *, #900, .T. ) ;
#1511 = DIRECTION ( 'NONE',  ( -1.000000000000000000, 0.000000000000000000, 0.000000000000000000 ) ) ;
#1512 = DIRECTION ( 'NONE',  ( 0.7071067811865416886, -0.7071067811865532349, -0.000000000000000000 ) ) ;
#1513 = FACE_OUTER_BOUND ( 'NONE', #1838, .T. ) ;
#1514 = ORIENTED_EDGE ( 'NONE', *, *, #665, .T. ) ;
#1515 = AXIS2_PLACEMENT_3D ( 'NONE', #412, #1206, #1851 ) ;
#1516 = VECTOR ( 'NONE', #1509, 1000.000000000000114 ) ;
#1517 = ORIENTED_EDGE ( 'NONE', *, *, #105, .T. ) ;
#1518 = CARTESIAN_POINT ( 'NONE',  ( 7.727406610312542945, 2.070552360820171689, 0.000000000000000000 ) ) ;
#1519 = ORIENTED_EDGE ( 'NONE', *, *, #73, .T. ) ;
#1520 = EDGE_CURVE ( 'NONE', #281, #865, #1550, .T. ) ;
#1521 = CARTESIAN_POINT ( 'NONE',  ( 0.000000000000000000, 0.000000000000000000, 16.00000000000000000 ) ) ;
#1522 = EDGE_CURVE ( 'NONE', #201, #211, #576, .T. ) ;
#1523 = DIRECTION ( 'NONE',  ( -0.000000000000000000, -0.000000000000000000, -1.000000000000000000 ) ) ;
#1524 = LINE ( 'NONE', #851, #1668 ) ;
#1525 = ORIENTED_EDGE ( 'NONE', *, *, #96, .T. ) ;
#1526 = VECTOR ( 'NONE', #837, 1000.000000000000000 ) ;
#1527 = AXIS2_PLACEMENT_3D ( 'NONE', #239, #1490, #1370 ) ;
#1528 = EDGE_LOOP ( 'NONE', ( #1356, #1449, #1499, #1703 ) ) ;
#1529 = FACE_OUTER_BOUND ( 'NONE', #1205, .T. ) ;
#1530 = ORIENTED_EDGE ( 'NONE', *, *, #1197, .F. ) ;
#1531 = AXIS2_PLACEMENT_3D ( 'NONE', #1702, #933, #98 ) ;
#1532 = FACE_OUTER_BOUND ( 'NONE', #1082, .T. ) ;
#1533 = PERSON_AND_ORGANIZATION_ROLE ( 'design_supplier' ) ;
#1534 = ORIENTED_EDGE ( 'NONE', *, *, #2003, .T. ) ;
#1535 = EDGE_CURVE ( 'NONE', #1085, #557, #2017, .T. ) ;
#1536 = VERTEX_POINT ( 'NONE', #1214 ) ;
#1537 = LINE ( 'NONE', #749, #895 ) ;
#1538 = ORIENTED_EDGE ( 'NONE', *, *, #127, .F. ) ;
#1539 = PERSON ( 'UNSPECIFIED', 'UNSPECIFIED', 'UNSPECIFIED', ('UNSPECIFIED'), ('UNSPECIFIED'), ('UNSPECIFIED') ) ;
#1540 = DIRECTION ( 'NONE',  ( -0.000000000000000000, -0.000000000000000000, -1.000000000000000000 ) ) ;
#1541 = VECTOR ( 'NONE', #385, 1000.000000000000000 ) ;
#1542 = DATE_AND_TIME ( #448, #1497 ) ;
#1543 = CARTESIAN_POINT ( 'NONE',  ( 0.000000000000000000, 0.000000000000000000, 0.000000000000000000 ) ) ;
#1544 = AXIS2_PLACEMENT_3D ( 'NONE', #789, #975, #1416 ) ;
#1545 = VECTOR ( 'NONE', #1607, 1000.000000000000000 ) ;
#1546 = ADVANCED_FACE ( 'NONE', ( #1718 ), #263, .F. ) ;
#1547 = AXIS2_PLACEMENT_3D ( 'NONE', #1396, #341, #1426 ) ;
#1548 = VECTOR ( 'NONE', #1065, 1000.000000000000114 ) ;
#1549 = ORIENTED_EDGE ( 'NONE', *, *, #776, .T. ) ;
#1550 = LINE ( 'NONE', #2040, #378 ) ;
#1551 = VECTOR ( 'NONE', #1171, 1000.000000000000114 ) ;
#1552 = ORIENTED_EDGE ( 'NONE', *, *, #1520, .T. ) ;
#1553 = CARTESIAN_POINT ( 'NONE',  ( 6.928203230275557623, 3.999999999999910738, 16.00000000000000000 ) ) ;
#1554 = PERSON_AND_ORGANIZATION ( #1539, #426 ) ;
#1555 = DIRECTION ( 'NONE',  ( -0.7071067811865431318, 0.7071067811865519026, 0.000000000000000000 ) ) ;
#1556 = VERTEX_POINT ( 'NONE', #285 ) ;
#1557 = EDGE_CURVE ( 'NONE', #1946, #1155, #1893, .T. ) ;
#1558 = AXIS2_PLACEMENT_3D ( 'NONE', #1028, #716, #1678 ) ;
#1559 = PLANE ( 'NONE',  #1192 ) ;
#1560 = AXIS2_PLACEMENT_3D ( 'NONE', #351, #1103, #2083 ) ;
#1561 = FACE_OUTER_BOUND ( 'NONE', #1343, .T. ) ;
#1562 = AXIS2_PLACEMENT_3D ( 'NONE', #346, #480, #28 ) ;
#1563 = ORIENTED_EDGE ( 'NONE', *, *, #1452, .T. ) ;
#1564 = EDGE_CURVE ( 'NONE', #1639, #1694, #253, .T. ) ;
#1565 = VECTOR ( 'NONE', #46, 1000.000000000000000 ) ;
#1566 = CIRCLE ( 'NONE', #1926, 8.599999999999999645 ) ;
#1567 = CARTESIAN_POINT ( 'NONE',  ( 0.000000000000000000, 0.000000000000000000, 0.000000000000000000 ) ) ;
#1568 = VECTOR ( 'NONE', #635, 1000.000000000000000 ) ;
#1569 = MECHANICAL_CONTEXT ( 'NONE', #645, 'mechanical' ) ;
#1570 = DIRECTION ( 'NONE',  ( 1.000000000000000000, 0.000000000000000000, -0.000000000000000000 ) ) ;
#1571 = EDGE_CURVE ( 'NONE', #1575, #1622, #1537, .T. ) ;
#1572 = EDGE_LOOP ( 'NONE', ( #1823, #926, #894, #657 ) ) ;
#1573 = DIRECTION ( 'NONE',  ( -0.000000000000000000, -0.000000000000000000, -1.000000000000000000 ) ) ;
#1574 = CYLINDRICAL_SURFACE ( 'NONE', #1531, 7.999999999999996447 ) ;
#1575 = VERTEX_POINT ( 'NONE', #255 ) ;
#1576 = ADVANCED_FACE ( 'NONE', ( #2032 ), #602, .F. ) ;
#1577 = CARTESIAN_POINT ( 'NONE',  ( 2.225843787881769398, 8.306962106085963526, 16.00000000000000000 ) ) ;
#1578 =( LENGTH_UNIT ( ) NAMED_UNIT ( * ) SI_UNIT ( .MILLI., .METRE. ) );
#1579 = PLANE ( 'NONE',  #2016 ) ;
#1580 = ORIENTED_EDGE ( 'NONE', *, *, #225, .F. ) ;
#1581 = CARTESIAN_POINT ( 'NONE',  ( -2.070552360820090421, 7.727406610312562485, 16.00000000000000000 ) ) ;
#1582 = LINE ( 'NONE', #133, #238 ) ;
#1583 = ORIENTED_EDGE ( 'NONE', *, *, #409, .T. ) ;
#1584 = CARTESIAN_POINT ( 'NONE',  ( 8.379555213223516266E-14, 7.999999999999994671, 16.00000000000000000 ) ) ;
#1585 = VECTOR ( 'NONE', #66, 1000.000000000000114 ) ;
#1586 = DIRECTION ( 'NONE',  ( -0.000000000000000000, -0.000000000000000000, -1.000000000000000000 ) ) ;
#1587 = ADVANCED_FACE ( 'NONE', ( #1884 ), #1574, .F. ) ;
#1588 = ORIENTED_EDGE ( 'NONE', *, *, #1081, .T. ) ;
#1589 = CARTESIAN_POINT ( 'NONE',  ( -4.299999999999930544, 7.447818472546210877, 16.00000000000000000 ) ) ;
#1590 = CARTESIAN_POINT ( 'NONE',  ( -6.081118318204257633, 6.081118318204358886, 16.00000000000000000 ) ) ;
#1591 = EDGE_LOOP ( 'NONE', ( #1813, #1231, #13, #7 ) ) ;
#1592 = VECTOR ( 'NONE', #2063, 1000.000000000000000 ) ;
#1593 = ADVANCED_FACE ( 'NONE', ( #122 ), #1221, .F. ) ;
#1594 = CARTESIAN_POINT ( 'NONE',  ( 6.928203230275557623, 3.999999999999910738, 0.000000000000000000 ) ) ;
#1595 = APPROVAL_ROLE ( '' ) ;
#1596 = APPROVAL_PERSON_ORGANIZATION ( #2052, #773, #614 ) ;
#1597 = CARTESIAN_POINT ( 'NONE',  ( -4.000000000000031086, -6.928203230275488345, 16.00000000000000000 ) ) ;
#1598 = CC_DESIGN_SECURITY_CLASSIFICATION ( #949, ( #1060 ) ) ;
#1599 = FACE_OUTER_BOUND ( 'NONE', #97, .T. ) ;
#1600 = EDGE_LOOP ( 'NONE', ( #1782, #781, #1816, #1163 ) ) ;
#1601 = EDGE_CURVE ( 'NONE', #985, #1384, #913, .T. ) ;
#1602 = ORIENTED_EDGE ( 'NONE', *, *, #316, .F. ) ;
#1603 = CARTESIAN_POINT ( 'NONE',  ( 0.000000000000000000, 0.000000000000000000, 16.00000000000000000 ) ) ;
#1604 = DIRECTION ( 'NONE',  ( -0.7071067811865496822, -0.7071067811865453523, 0.000000000000000000 ) ) ;
#1605 = EDGE_LOOP ( 'NONE', ( #1910, #139, #1261, #254 ) ) ;
#1606 = DIRECTION ( 'NONE',  ( -0.9659258262890666469, 0.2588190451025268457, 0.000000000000000000 ) ) ;
#1607 = DIRECTION ( 'NONE',  ( -0.000000000000000000, -0.000000000000000000, -1.000000000000000000 ) ) ;
#1608 = CYLINDRICAL_SURFACE ( 'NONE', #111, 8.599999999999999645 ) ;
#1609 = DIRECTION ( 'NONE',  ( 0.7071067811865533459, 0.7071067811865416886, -0.000000000000000000 ) ) ;
#1610 = ORIENTED_EDGE ( 'NONE', *, *, #325, .T. ) ;
#1611 = AXIS2_PLACEMENT_3D ( 'NONE', #863, #1351, #1186 ) ;
#1612 = EDGE_LOOP ( 'NONE', ( #323, #1857, #848, #1413 ) ) ;
#1613 = CARTESIAN_POINT ( 'NONE',  ( 0.000000000000000000, 0.000000000000000000, 16.00000000000000000 ) ) ;
#1614 = EDGE_CURVE ( 'NONE', #1384, #292, #2049, .T. ) ;
#1615 = DIRECTION ( 'NONE',  ( 1.000000000000000000, 0.000000000000000000, -0.000000000000000000 ) ) ;
#1616 = ORIENTED_EDGE ( 'NONE', *, *, #960, .T. ) ;
#1617 = CARTESIAN_POINT ( 'NONE',  ( 0.000000000000000000, 0.000000000000000000, 16.00000000000000000 ) ) ;
#1618 = LINE ( 'NONE', #168, #1041 ) ;
#1619 = DIRECTION ( 'NONE',  ( 0.7071067811865403563, -0.7071067811865547892, 0.000000000000000000 ) ) ;
#1620 = CARTESIAN_POINT ( 'NONE',  ( 3.999999999999982681, -6.928203230275514990, 16.00000000000000000 ) ) ;
#1621 = EDGE_LOOP ( 'NONE', ( #1011, #1775, #483, #702 ) ) ;
#1622 = VERTEX_POINT ( 'NONE', #457 ) ;
#1623 = DIRECTION ( 'NONE',  ( 0.000000000000000000, 0.000000000000000000, 1.000000000000000000 ) ) ;
#1624 = DIRECTION ( 'NONE',  ( 1.000000000000000000, 0.000000000000000000, 0.000000000000000000 ) ) ;
#1625 = ORIENTED_EDGE ( 'NONE', *, *, #195, .T. ) ;
#1626 = DIRECTION ( 'NONE',  ( -0.000000000000000000, -0.000000000000000000, -1.000000000000000000 ) ) ;
#1627 = EDGE_CURVE ( 'NONE', #1445, #1302, #874, .T. ) ;
#1628 = DIRECTION ( 'NONE',  ( 1.000000000000000000, -3.491481338843130989E-15, 0.000000000000000000 ) ) ;
#1629 = CIRCLE ( 'NONE', #218, 8.599999999999999645 ) ;
#1630 = CARTESIAN_POINT ( 'NONE',  ( 5.656854249492447195, 5.656854249492311304, 0.000000000000000000 ) ) ;
#1631 = CIRCLE ( 'NONE', #725, 7.999999999999996447 ) ;
#1632 = FACE_OUTER_BOUND ( 'NONE', #353, .T. ) ;
#1633 = ORIENTED_EDGE ( 'NONE', *, *, #809, .F. ) ;
#1634 = VECTOR ( 'NONE', #485, 1000.000000000000000 ) ;
#1635 = ORIENTED_EDGE ( 'NONE', *, *, #150, .T. ) ;
#1636 = EDGE_CURVE ( 'NONE', #1871, #95, #1582, .T. ) ;
#1637 = CARTESIAN_POINT ( 'NONE',  ( 7.999999999999996447, 0.000000000000000000, 16.00000000000000000 ) ) ;
#1638 = FACE_OUTER_BOUND ( 'NONE', #1376, .T. ) ;
#1639 = VERTEX_POINT ( 'NONE', #1375 ) ;
#1640 = DIRECTION ( 'NONE',  ( 0.000000000000000000, 0.000000000000000000, 1.000000000000000000 ) ) ;
#1641 = CARTESIAN_POINT ( 'NONE',  ( 2.070552360820248960, 7.727406610312519852, 16.00000000000000000 ) ) ;
#1642 = ADVANCED_FACE ( 'NONE', ( #1561, #1383 ), #115, .T. ) ;
#1643 = EDGE_CURVE ( 'NONE', #95, #1384, #37, .T. ) ;
#1644 = CARTESIAN_POINT ( 'NONE',  ( 0.000000000000000000, 0.000000000000000000, 0.000000000000000000 ) ) ;
#1645 = DIRECTION ( 'NONE',  ( 1.000000000000000000, 0.000000000000000000, 0.000000000000000000 ) ) ;
#1646 = ORIENTED_EDGE ( 'NONE', *, *, #798, .T. ) ;
#1647 = DIRECTION ( 'NONE',  ( 0.000000000000000000, 0.000000000000000000, 1.000000000000000000 ) ) ;
#1648 = VECTOR ( 'NONE', #792, 1000.000000000000000 ) ;
#1649 = DIRECTION ( 'NONE',  ( -0.000000000000000000, -0.000000000000000000, -1.000000000000000000 ) ) ;
#1650 = ORIENTED_EDGE ( 'NONE', *, *, #1321, .F. ) ;
#1651 = FACE_OUTER_BOUND ( 'NONE', #1717, .T. ) ;
#1652 = VERTEX_POINT ( 'NONE', #488 ) ;
#1653 = DIRECTION ( 'NONE',  ( -0.000000000000000000, -0.000000000000000000, -1.000000000000000000 ) ) ;
#1654 = CARTESIAN_POINT ( 'NONE',  ( 0.000000000000000000, 0.000000000000000000, 0.000000000000000000 ) ) ;
#1655 = CARTESIAN_POINT ( 'NONE',  ( 0.000000000000000000, 0.000000000000000000, 0.000000000000000000 ) ) ;
#1656 = EDGE_CURVE ( 'NONE', #1685, #1417, #1211, .T. ) ;
#1657 = CARTESIAN_POINT ( 'NONE',  ( -7.447818472546197555, -4.299999999999956302, 0.000000000000000000 ) ) ;
#1658 = CARTESIAN_POINT ( 'NONE',  ( 0.000000000000000000, 0.000000000000000000, 0.000000000000000000 ) ) ;
#1659 = ORIENTED_EDGE ( 'NONE', *, *, #1213, .T. ) ;
#1660 = CARTESIAN_POINT ( 'NONE',  ( -7.727406610312555379, -2.070552360820117066, 16.00000000000000000 ) ) ;
#1661 = ORIENTED_EDGE ( 'NONE', *, *, #626, .F. ) ;
#1662 = DIRECTION ( 'NONE',  ( 0.000000000000000000, 0.000000000000000000, 1.000000000000000000 ) ) ;
#1663 = ADVANCED_FACE ( 'NONE', ( #1638 ), #1438, .T. ) ;
#1664 = CARTESIAN_POINT ( 'NONE',  ( 0.000000000000000000, 0.000000000000000000, 0.000000000000000000 ) ) ;
#1665 = AXIS2_PLACEMENT_3D ( 'NONE', #1771, #167, #1606 ) ;
#1666 = DIRECTION ( 'NONE',  ( -1.000000000000000000, 0.000000000000000000, 0.000000000000000000 ) ) ;
#1667 = ORIENTED_EDGE ( 'NONE', *, *, #715, .F. ) ;
#1668 = VECTOR ( 'NONE', #1979, 1000.000000000000000 ) ;
#1669 = AXIS2_PLACEMENT_3D ( 'NONE', #1271, #923, #1891 ) ;
#1670 = CARTESIAN_POINT ( 'NONE',  ( 8.599999999999999645, 0.000000000000000000, 16.00000000000000000 ) ) ;
#1671 = ADVANCED_FACE ( 'NONE', ( #1272 ), #1937, .T. ) ;
#1672 = EDGE_CURVE ( 'NONE', #687, #1871, #1948, .T. ) ;
#1673 = CIRCLE ( 'NONE', #1025, 7.999999999999996447 ) ;
#1674 = ORIENTED_EDGE ( 'NONE', *, *, #665, .F. ) ;
#1675 = DIRECTION ( 'NONE',  ( -0.000000000000000000, -0.000000000000000000, -1.000000000000000000 ) ) ;
#1676 = ORIENTED_EDGE ( 'NONE', *, *, #340, .F. ) ;
#1677 = DIRECTION ( 'NONE',  ( -0.000000000000000000, -0.000000000000000000, -1.000000000000000000 ) ) ;
#1678 = DIRECTION ( 'NONE',  ( -1.000000000000000000, 0.000000000000000000, 0.000000000000000000 ) ) ;
#1679 = CARTESIAN_POINT ( 'NONE',  ( 0.000000000000000000, 0.000000000000000000, 16.00000000000000000 ) ) ;
#1680 = EDGE_LOOP ( 'NONE', ( #2018, #120, #1200, #203 ) ) ;
#1681 = VERTEX_POINT ( 'NONE', #164 ) ;
#1682 = ADVANCED_FACE ( 'NONE', ( #1462 ), #1901, .F. ) ;
#1683 = VECTOR ( 'NONE', #1218, 1000.000000000000000 ) ;
#1684 = DIRECTION ( 'NONE',  ( -1.000000000000000000, 1.047444401652939533E-14, 0.000000000000000000 ) ) ;
#1685 = VERTEX_POINT ( 'NONE', #314 ) ;
#1686 = DIRECTION ( 'NONE',  ( -0.000000000000000000, -0.000000000000000000, -1.000000000000000000 ) ) ;
#1687 = CIRCLE ( 'NONE', #1105, 7.999999999999998224 ) ;
#1688 = DIRECTION ( 'NONE',  ( 0.000000000000000000, 0.000000000000000000, 1.000000000000000000 ) ) ;
#1689 = PLANE ( 'NONE',  #1258 ) ;
#1690 = DIRECTION ( 'NONE',  ( 1.000000000000000000, 0.000000000000000000, 0.000000000000000000 ) ) ;
#1691 = OPEN_SHELL ( 'NONE', ( #1739, #441, #1697, #440, #307, #1847 ) ) ;
#1692 = VERTEX_POINT ( 'NONE', #780 ) ;
#1693 = DIRECTION ( 'NONE',  ( 1.000000000000000000, 0.000000000000000000, 0.000000000000000000 ) ) ;
#1694 = VERTEX_POINT ( 'NONE', #1792 ) ;
#1695 = CARTESIAN_POINT ( 'NONE',  ( 8.379555213223516266E-14, 7.999999999999994671, 16.00000000000000000 ) ) ;
#1696 = CARTESIAN_POINT ( 'NONE',  ( 6.928203230275501667, -4.000000000000006217, 0.000000000000000000 ) ) ;
#1697 = ADVANCED_FACE ( 'NONE', ( #1301 ), #1920, .F. ) ;
#1698 = CARTESIAN_POINT ( 'NONE',  ( 0.000000000000000000, 0.000000000000000000, 0.000000000000000000 ) ) ;
#1699 = CARTESIAN_POINT ( 'NONE',  ( 0.000000000000000000, 0.000000000000000000, 16.00000000000000000 ) ) ;
#1700 = VECTOR ( 'NONE', #1953, 1000.000000000000000 ) ;
#1701 = ORIENTED_EDGE ( 'NONE', *, *, #677, .T. ) ;
#1702 = CARTESIAN_POINT ( 'NONE',  ( 0.000000000000000000, 0.000000000000000000, 16.00000000000000000 ) ) ;
#1703 = ORIENTED_EDGE ( 'NONE', *, *, #195, .F. ) ;
#1704 = DIRECTION ( 'NONE',  ( -0.8660254037844452579, -0.4999999999999885647, 0.000000000000000000 ) ) ;
#1705 = PERSON_AND_ORGANIZATION ( #1539, #426 ) ;
#1706 = CARTESIAN_POINT ( 'NONE',  ( 0.000000000000000000, 0.000000000000000000, 16.00000000000000000 ) ) ;
#1707 = EDGE_CURVE ( 'NONE', #1002, #1302, #1113, .T. ) ;
#1708 = ORIENTED_EDGE ( 'NONE', *, *, #1219, .T. ) ;
#1709 = DIRECTION ( 'NONE',  ( -0.7071067811865453523, 0.7071067811865496822, -0.000000000000000000 ) ) ;
#1710 = ORIENTED_EDGE ( 'NONE', *, *, #209, .F. ) ;
#1711 = CIRCLE ( 'NONE', #1071, 8.599999999999999645 ) ;
#1712 = LINE ( 'NONE', #1584, #1964 ) ;
#1713 = APPLICATION_PROTOCOL_DEFINITION ( 'international standard', 'config_control_design', 1994, #719 ) ;
#1714 = LINE ( 'NONE', #2037, #542 ) ;
#1715 = ADVANCED_FACE ( 'NONE', ( #2060 ), #1781, .F. ) ;
#1716 = EDGE_CURVE ( 'NONE', #523, #310, #1364, .T. ) ;
#1717 = EDGE_LOOP ( 'NONE', ( #1659, #31, #566, #648 ) ) ;
#1718 = FACE_OUTER_BOUND ( 'NONE', #1042, .T. ) ;
#1719 = ORIENTED_EDGE ( 'NONE', *, *, #1765, .T. ) ;
#1720 = DIRECTION ( 'NONE',  ( 1.047444401652939533E-14, 1.000000000000000000, 0.000000000000000000 ) ) ;
#1721 = PERSON_AND_ORGANIZATION ( #1539, #426 ) ;
#1722 = DIRECTION ( 'NONE',  ( -0.8660254037844352659, 0.5000000000000059952, 0.000000000000000000 ) ) ;
#1723 = CIRCLE ( 'NONE', #389, 7.999999999999996447 ) ;
#1724 = ORIENTED_EDGE ( 'NONE', *, *, #1117, .T. ) ;
#1725 = AXIS2_PLACEMENT_3D ( 'NONE', #1567, #257, #1097 ) ;
#1726 = FACE_OUTER_BOUND ( 'NONE', #1572, .T. ) ;
#1727 = ADVANCED_FACE ( 'NONE', ( #952 ), #154, .F. ) ;
#1728 = AXIS2_PLACEMENT_3D ( 'NONE', #11, #1604, #622 ) ;
#1729 = CARTESIAN_POINT ( 'NONE',  ( 5.656854249492370812, -5.656854249492385911, 0.000000000000000000 ) ) ;
#1730 = EDGE_LOOP ( 'NONE', ( #1701, #1111, #973, #1525 ) ) ;
#1731 = LINE ( 'NONE', #1896, #278 ) ;
#1732 = AXIS2_PLACEMENT_3D ( 'NONE', #1320, #327, #1957 ) ;
#1733 = CALENDAR_DATE ( 2023, 3, 12 ) ;
#1734 = CARTESIAN_POINT ( 'NONE',  ( -5.000000000000000000, 0.000000000000000000, 16.00000000000000000 ) ) ;
#1735 = UNCERTAINTY_MEASURE_WITH_UNIT (LENGTH_MEASURE( 1.000000000000000082E-05 ), #1578, 'distance_accuracy_value', 'NONE');
#1736 = ORIENTED_EDGE ( 'NONE', *, *, #2029, .T. ) ;
#1737 = CARTESIAN_POINT ( 'NONE',  ( -3.999999999999934275, 6.928203230275541635, 16.00000000000000000 ) ) ;
#1738 = CARTESIAN_POINT ( 'NONE',  ( 0.000000000000000000, 0.000000000000000000, 0.000000000000000000 ) ) ;
#1739 = ADVANCED_FACE ( 'NONE', ( #328 ), #668, .F. ) ;
#1740 = ORIENTED_EDGE ( 'NONE', *, *, #1601, .F. ) ;
#1741 = DIRECTION ( 'NONE',  ( 1.000000000000000000, 0.000000000000000000, 0.000000000000000000 ) ) ;
#1742 = CARTESIAN_POINT ( 'NONE',  ( 5.656854249492367259, -5.656854249492388576, 16.00000000000000000 ) ) ;
#1743 = AXIS2_PLACEMENT_3D ( 'NONE', #1820, #1341, #1050 ) ;
#1744 = ORIENTED_EDGE ( 'NONE', *, *, #1226, .F. ) ;
#1745 = LINE ( 'NONE', #302, #1298 ) ;
#1746 = LINE ( 'NONE', #640, #1892 ) ;
#1747 = AXIS2_PLACEMENT_3D ( 'NONE', #1849, #1805, #2007 ) ;
#1748 = ORIENTED_EDGE ( 'NONE', *, *, #814, .T. ) ;
#1749 = DIRECTION ( 'NONE',  ( -0.000000000000000000, -0.000000000000000000, -1.000000000000000000 ) ) ;
#1750 = FACE_OUTER_BOUND ( 'NONE', #1778, .T. ) ;
#1751 = ADVANCED_FACE ( 'NONE', ( #174 ), #1311, .T. ) ;
#1752 = PLANE ( 'NONE',  #1419 ) ;
#1753 = ORIENTED_EDGE ( 'NONE', *, *, #494, .T. ) ;
#1754 = EDGE_LOOP ( 'NONE', ( #637, #1244, #1744, #261 ) ) ;
#1755 = CARTESIAN_POINT ( 'NONE',  ( 5.656854249492367259, -5.656854249492388576, 0.000000000000000000 ) ) ;
#1756 = AXIS2_PLACEMENT_3D ( 'NONE', #791, #1940, #813 ) ;
#1757 = DIRECTION ( 'NONE',  ( -0.000000000000000000, -0.000000000000000000, -1.000000000000000000 ) ) ;
#1758 = ORIENTED_EDGE ( 'NONE', *, *, #1627, .T. ) ;
#1759 = VECTOR ( 'NONE', #1523, 1000.000000000000000 ) ;
#1760 = DIRECTION ( 'NONE',  ( 1.000000000000000000, 0.000000000000000000, 0.000000000000000000 ) ) ;
#1761 = AXIS2_PLACEMENT_3D ( 'NONE', #1655, #1853, #396 ) ;
#1762 = CARTESIAN_POINT ( 'NONE',  ( 0.000000000000000000, 0.000000000000000000, 16.00000000000000000 ) ) ;
#1763 = DIRECTION ( 'NONE',  ( 1.000000000000000000, 0.000000000000000000, -0.000000000000000000 ) ) ;
#1764 = DIRECTION ( 'NONE',  ( 1.000000000000000000, 0.000000000000000000, -0.000000000000000000 ) ) ;
#1765 = EDGE_CURVE ( 'NONE', #342, #1296, #1746, .T. ) ;
#1766 = VERTEX_POINT ( 'NONE', #1448 ) ;
#1767 = ORIENTED_EDGE ( 'NONE', *, *, #2085, .T. ) ;
#1768 = CARTESIAN_POINT ( 'NONE',  ( -2.070552360820195670, -7.727406610312537616, 0.000000000000000000 ) ) ;
#1769 = DIRECTION ( 'NONE',  ( 0.000000000000000000, 0.000000000000000000, 1.000000000000000000 ) ) ;
#1770 = ORIENTED_EDGE ( 'NONE', *, *, #1786, .T. ) ;
#1771 = CARTESIAN_POINT ( 'NONE',  ( -7.727406610312529622, 2.070552360820224536, 16.00000000000000000 ) ) ;
#1772 = CARTESIAN_POINT ( 'NONE',  ( -6.928203230275529201, -3.999999999999957367, 16.00000000000000000 ) ) ;
#1773 = LINE ( 'NONE', #831, #1568 ) ;
#1774 = CARTESIAN_POINT ( 'NONE',  ( -7.727406610312528734, 2.070552360820225868, 16.00000000000000000 ) ) ;
#1775 = ORIENTED_EDGE ( 'NONE', *, *, #1780, .T. ) ;
#1776 = AXIS2_PLACEMENT_3D ( 'NONE', #1699, #1492, #1810 ) ;
#1777 = EDGE_CURVE ( 'NONE', #833, #666, #617, .T. ) ;
#1778 = EDGE_LOOP ( 'NONE', ( #1793, #694, #335, #1889 ) ) ;
#1779 = CARTESIAN_POINT ( 'NONE',  ( 6.928203230275501667, -4.000000000000006217, 16.00000000000000000 ) ) ;
#1780 = EDGE_CURVE ( 'NONE', #1575, #1239, #187, .T. ) ;
#1781 = PLANE ( 'NONE',  #1728 ) ;
#1782 = ORIENTED_EDGE ( 'NONE', *, *, #1373, .T. ) ;
#1783 = FACE_OUTER_BOUND ( 'NONE', #1212, .T. ) ;
#1784 = DIRECTION ( 'NONE',  ( -0.9659258262890699775, -0.2588190451025146332, 0.000000000000000000 ) ) ;
#1785 = DIRECTION ( 'NONE',  ( -0.000000000000000000, -0.000000000000000000, -1.000000000000000000 ) ) ;
#1786 = EDGE_CURVE ( 'NONE', #411, #1692, #199, .T. ) ;
#1787 = CIRCLE ( 'NONE', #1319, 7.999999999999996447 ) ;
#1788 = CARTESIAN_POINT ( 'NONE',  ( 0.000000000000000000, 0.000000000000000000, 16.00000000000000000 ) ) ;
#1789 = VERTEX_POINT ( 'NONE', #690 ) ;
#1790 = ORIENTED_EDGE ( 'NONE', *, *, #399, .F. ) ;
#1791 = CARTESIAN_POINT ( 'NONE',  ( 0.000000000000000000, 0.000000000000000000, 16.00000000000000000 ) ) ;
#1792 = CARTESIAN_POINT ( 'NONE',  ( 8.000000000000000000, 9.797174393178825657E-16, 0.000000000000000000 ) ) ;
#1793 = ORIENTED_EDGE ( 'NONE', *, *, #1614, .T. ) ;
#1794 = EDGE_CURVE ( 'NONE', #172, #1312, #1631, .T. ) ;
#1795 = DIRECTION ( 'NONE',  ( -0.000000000000000000, -0.000000000000000000, -1.000000000000000000 ) ) ;
#1796 = DIRECTION ( 'NONE',  ( 0.000000000000000000, 0.000000000000000000, 1.000000000000000000 ) ) ;
#1797 = AXIS2_PLACEMENT_3D ( 'NONE', #890, #1175, #93 ) ;
#1798 = DIRECTION ( 'NONE',  ( 1.000000000000000000, 0.000000000000000000, 0.000000000000000000 ) ) ;
#1799 = CARTESIAN_POINT ( 'NONE',  ( -8.000000000000000000, 0.000000000000000000, 16.00000000000000000 ) ) ;
#1800 = ORIENTED_EDGE ( 'NONE', *, *, #1707, .F. ) ;
#1801 = DIRECTION ( 'NONE',  ( -1.000000000000000000, 0.000000000000000000, 0.000000000000000000 ) ) ;
#1802 = LINE ( 'NONE', #998, #1565 ) ;
#1803 = ORIENTED_EDGE ( 'NONE', *, *, #60, .T. ) ;
#1804 = EDGE_CURVE ( 'NONE', #1251, #1694, #535, .T. ) ;
#1805 = DIRECTION ( 'NONE',  ( -0.000000000000000000, -0.000000000000000000, -1.000000000000000000 ) ) ;
#1806 = ORIENTED_EDGE ( 'NONE', *, *, #1432, .F. ) ;
#1807 = FACE_OUTER_BOUND ( 'NONE', #594, .T. ) ;
#1808 = DIRECTION ( 'NONE',  ( -0.000000000000000000, -0.000000000000000000, -1.000000000000000000 ) ) ;
#1809 = CARTESIAN_POINT ( 'NONE',  ( 0.000000000000000000, 0.000000000000000000, 16.00000000000000000 ) ) ;
#1810 = DIRECTION ( 'NONE',  ( 1.000000000000000000, 0.000000000000000000, 0.000000000000000000 ) ) ;
#1811 = FACE_OUTER_BOUND ( 'NONE', #1894, .T. ) ;
#1812 = VECTOR ( 'NONE', #1690, 1000.000000000000000 ) ;
#1813 = ORIENTED_EDGE ( 'NONE', *, *, #479, .T. ) ;
#1814 = VECTOR ( 'NONE', #500, 1000.000000000000000 ) ;
#1815 = LINE ( 'NONE', #379, #415 ) ;
#1816 = ORIENTED_EDGE ( 'NONE', *, *, #60, .F. ) ;
#1817 = DIRECTION ( 'NONE',  ( -0.000000000000000000, -0.000000000000000000, -1.000000000000000000 ) ) ;
#1818 = PLANE ( 'NONE',  #1527 ) ;
#1819 = FACE_OUTER_BOUND ( 'NONE', #568, .T. ) ;
#1820 = CARTESIAN_POINT ( 'NONE',  ( 0.000000000000000000, 0.000000000000000000, 16.00000000000000000 ) ) ;
#1821 = EDGE_CURVE ( 'NONE', #1314, #1170, #651, .T. ) ;
#1822 = DIRECTION ( 'NONE',  ( -0.000000000000000000, -0.000000000000000000, -1.000000000000000000 ) ) ;
#1823 = ORIENTED_EDGE ( 'NONE', *, *, #138, .T. ) ;
#1824 = CARTESIAN_POINT ( 'NONE',  ( 8.379555213223516266E-14, 7.999999999999994671, 16.00000000000000000 ) ) ;
#1825 = EDGE_LOOP ( 'NONE', ( #1625, #427, #1006, #760 ) ) ;
#1826 = DIRECTION ( 'NONE',  ( 0.9659258262890699775, 0.2588190451025146332, -0.000000000000000000 ) ) ;
#1827 = FACE_OUTER_BOUND ( 'NONE', #1308, .T. ) ;
#1828 = CARTESIAN_POINT ( 'NONE',  ( 0.000000000000000000, 0.000000000000000000, 0.000000000000000000 ) ) ;
#1829 = AXIS2_PLACEMENT_3D ( 'NONE', #459, #1077, #916 ) ;
#1830 = CARTESIAN_POINT ( 'NONE',  ( 2.070552360820141047, -7.727406610312550050, 0.000000000000000000 ) ) ;
#1831 = EDGE_CURVE ( 'NONE', #172, #557, #1802, .T. ) ;
#1832 = AXIS2_PLACEMENT_3D ( 'NONE', #1788, #981, #1764 ) ;
#1833 = EDGE_CURVE ( 'NONE', #1956, #172, #680, .T. ) ;
#1834 = ADVANCED_FACE ( 'NONE', ( #148 ), #1932, .F. ) ;
#1835 = AXIS2_PLACEMENT_3D ( 'NONE', #1164, #713, #1357 ) ;
#1836 = APPROVAL_PERSON_ORGANIZATION ( #928, #268, #737 ) ;
#1837 = CIRCLE ( 'NONE', #921, 8.599999999999999645 ) ;
#1838 = EDGE_LOOP ( 'NONE', ( #348, #70, #443, #39 ) ) ;
#1839 = DIRECTION ( 'NONE',  ( -0.9659258262890679791, -0.2588190451025217387, -0.000000000000000000 ) ) ;
#1840 = ORIENTED_EDGE ( 'NONE', *, *, #1786, .F. ) ;
#1841 = FACE_OUTER_BOUND ( 'NONE', #90, .T. ) ;
#1842 = CARTESIAN_POINT ( 'NONE',  ( -4.299999999999930544, 7.447818472546210877, 16.00000000000000000 ) ) ;
#1843 = CARTESIAN_POINT ( 'NONE',  ( 5.656854249492445419, 5.656854249492310416, 16.00000000000000000 ) ) ;
#1844 = ORIENTED_EDGE ( 'NONE', *, *, #1226, .T. ) ;
#1845 = DIRECTION ( 'NONE',  ( -0.7071067811865453523, 0.7071067811865496822, -0.000000000000000000 ) ) ;
#1846 = ORIENTED_EDGE ( 'NONE', *, *, #1859, .T. ) ;
#1847 = ADVANCED_FACE ( 'NONE', ( #627 ), #333, .T. ) ;
#1848 = VECTOR ( 'NONE', #1722, 999.9999999999998863 ) ;
#1849 = CARTESIAN_POINT ( 'NONE',  ( 0.000000000000000000, 0.000000000000000000, 16.00000000000000000 ) ) ;
#1850 = ORIENTED_EDGE ( 'NONE', *, *, #356, .T. ) ;
#1851 = DIRECTION ( 'NONE',  ( 1.000000000000000000, 0.000000000000000000, 0.000000000000000000 ) ) ;
#1852 = CARTESIAN_POINT ( 'NONE',  ( -2.793185071074505422E-14, -7.999999999999996447, 16.00000000000000000 ) ) ;
#1853 = DIRECTION ( 'NONE',  ( 0.000000000000000000, 0.000000000000000000, 1.000000000000000000 ) ) ;
#1854 = ORIENTED_EDGE ( 'NONE', *, *, #77, .F. ) ;
#1855 = ADVANCED_FACE ( 'NONE', ( #1599 ), #347, .T. ) ;
#1856 = VECTOR ( 'NONE', #79, 1000.000000000000000 ) ;
#1857 = ORIENTED_EDGE ( 'NONE', *, *, #1614, .F. ) ;
#1858 = DIRECTION ( 'NONE',  ( 1.000000000000000000, 0.000000000000000000, -0.000000000000000000 ) ) ;
#1859 = EDGE_CURVE ( 'NONE', #1681, #1685, #193, .T. ) ;
#1860 = ORIENTED_EDGE ( 'NONE', *, *, #479, .F. ) ;
#1861 = LINE ( 'NONE', #1842, #1455 ) ;
#1862 = DIRECTION ( 'NONE',  ( -0.000000000000000000, -0.000000000000000000, -1.000000000000000000 ) ) ;
#1863 = DIRECTION ( 'NONE',  ( 1.000000000000000000, 0.000000000000000000, 0.000000000000000000 ) ) ;
#1864 = CIRCLE ( 'NONE', #585, 7.999999999999998224 ) ;
#1865 = VECTOR ( 'NONE', #1826, 999.9999999999998863 ) ;
#1866 = AXIS2_PLACEMENT_3D ( 'NONE', #108, #2051, #605 ) ;
#1867 = VECTOR ( 'NONE', #521, 1000.000000000000114 ) ;
#1868 = ORIENTED_EDGE ( 'NONE', *, *, #456, .T. ) ;
#1869 = AXIS2_PLACEMENT_3D ( 'NONE', #569, #1997, #403 ) ;
#1870 = DIRECTION ( 'NONE',  ( -0.2588190451025184080, 0.9659258262890689783, -0.000000000000000000 ) ) ;
#1871 = VERTEX_POINT ( 'NONE', #495 ) ;
#1872 = ADVANCED_FACE ( 'NONE', ( #1632 ), #1433, .F. ) ;
#1873 = CARTESIAN_POINT ( 'NONE',  ( 7.727406610312542057, -2.070552360820171689, 16.00000000000000000 ) ) ;
#1874 = LINE ( 'NONE', #589, #32 ) ;
#1875 = ORIENTED_EDGE ( 'NONE', *, *, #369, .F. ) ;
#1876 = DIRECTION ( 'NONE',  ( 1.000000000000000000, 0.000000000000000000, 0.000000000000000000 ) ) ;
#1877 = VERTEX_POINT ( 'NONE', #1774 ) ;
#1878 = PLANE ( 'NONE',  #1189 ) ;
#1879 = CARTESIAN_POINT ( 'NONE',  ( 0.000000000000000000, 0.000000000000000000, 0.000000000000000000 ) ) ;
#1880 = DIRECTION ( 'NONE',  ( 1.000000000000000000, 0.000000000000000000, 0.000000000000000000 ) ) ;
#1881 = VERTEX_POINT ( 'NONE', #2077 ) ;
#1882 = FACE_OUTER_BOUND ( 'NONE', #471, .T. ) ;
#1883 = OPEN_SHELL ( 'NONE', ( #735, #1018, #842, #1872, #1682, #937 ) ) ;
#1884 = FACE_OUTER_BOUND ( 'NONE', #609, .T. ) ;
#1885 = ORIENTED_EDGE ( 'NONE', *, *, #990, .F. ) ;
#1886 = CARTESIAN_POINT ( 'NONE',  ( 9.008021854215284057E-14, 8.599999999999997868, 16.00000000000000000 ) ) ;
#1887 = DIRECTION ( 'NONE',  ( -0.7071067811865519026, -0.7071067811865431318, 0.000000000000000000 ) ) ;
#1888 = EDGE_CURVE ( 'NONE', #768, #342, #177, .T. ) ;
#1889 = ORIENTED_EDGE ( 'NONE', *, *, #1601, .T. ) ;
#1890 = CIRCLE ( 'NONE', #85, 8.000000000000000000 ) ;
#1891 = DIRECTION ( 'NONE',  ( 1.000000000000000000, 0.000000000000000000, -0.000000000000000000 ) ) ;
#1892 = VECTOR ( 'NONE', #810, 999.9999999999998863 ) ;
#1893 = LINE ( 'NONE', #903, #2065 ) ;
#1894 = EDGE_LOOP ( 'NONE', ( #380, #501, #1973, #244 ) ) ;
#1895 = CC_DESIGN_APPROVAL ( #773, ( #176 ) ) ;
#1896 = CARTESIAN_POINT ( 'NONE',  ( 3.999999999999982681, -6.928203230275514990, 16.00000000000000000 ) ) ;
#1897 = DATE_AND_TIME ( #754, #1929 ) ;
#1898 = CARTESIAN_POINT ( 'NONE',  ( -6.928203230275474134, 4.000000000000057732, 0.000000000000000000 ) ) ;
#1899 = EDGE_LOOP ( 'NONE', ( #902, #1403, #718, #999 ) ) ;
#1900 = DIRECTION ( 'NONE',  ( 0.8660254037844378194, -0.5000000000000014433, 0.000000000000000000 ) ) ;
#1901 = CYLINDRICAL_SURFACE ( 'NONE', #948, 7.999999999999996447 ) ;
#1902 = VERTEX_POINT ( 'NONE', #20 ) ;
#1903 = ADVANCED_FACE ( 'NONE', ( #1268 ), #1906, .F. ) ;
#1904 = LINE ( 'NONE', #1886, #522 ) ;
#1905 = DIRECTION ( 'NONE',  ( 1.000000000000000000, 0.000000000000000000, 0.000000000000000000 ) ) ;
#1906 = PLANE ( 'NONE',  #889 ) ;
#1907 = EDGE_LOOP ( 'NONE', ( #231, #795, #185, #274 ) ) ;
#1908 = DIRECTION ( 'NONE',  ( -0.9659258262890679791, -0.2588190451025217387, -0.000000000000000000 ) ) ;
#1909 = DIRECTION ( 'NONE',  ( -0.000000000000000000, -0.000000000000000000, -1.000000000000000000 ) ) ;
#1910 = ORIENTED_EDGE ( 'NONE', *, *, #1636, .T. ) ;
#1911 = AXIS2_PLACEMENT_3D ( 'NONE', #1824, #1684, #1974 ) ;
#1912 = ADVANCED_FACE ( 'NONE', ( #832, #1468 ), #1295, .F. ) ;
#1913 = CARTESIAN_POINT ( 'NONE',  ( 0.000000000000000000, 0.000000000000000000, 0.000000000000000000 ) ) ;
#1914 = FACE_OUTER_BOUND ( 'NONE', #1600, .T. ) ;
#1915 = DIRECTION ( 'NONE',  ( 1.000000000000000000, 0.000000000000000000, 0.000000000000000000 ) ) ;
#1916 = CARTESIAN_POINT ( 'NONE',  ( -7.999999999999996447, 5.586370142149010844E-14, 16.00000000000000000 ) ) ;
#1917 = VERTEX_POINT ( 'NONE', #470 ) ;
#1918 = ORIENTED_EDGE ( 'NONE', *, *, #325, .F. ) ;
#1919 = CARTESIAN_POINT ( 'NONE',  ( 7.727406610312542057, 2.070552360820171245, 0.000000000000000000 ) ) ;
#1920 = PLANE ( 'NONE',  #14 ) ;
#1921 = EDGE_LOOP ( 'NONE', ( #402, #301, #397, #55 ) ) ;
#1922 = VECTOR ( 'NONE', #1512, 1000.000000000000114 ) ;
#1923 = CARTESIAN_POINT ( 'NONE',  ( 4.300000000000086864, 7.447818472546122059, 0.000000000000000000 ) ) ;
#1924 = EDGE_CURVE ( 'NONE', #1536, #1639, #1317, .T. ) ;
#1925 = AXIS2_PLACEMENT_3D ( 'NONE', #1679, #1016, #1666 ) ;
#1926 = AXIS2_PLACEMENT_3D ( 'NONE', #2039, #1093, #1240 ) ;
#1927 = DIRECTION ( 'NONE',  ( 0.000000000000000000, 0.000000000000000000, 1.000000000000000000 ) ) ;
#1928 = ADVANCED_FACE ( 'NONE', ( #970 ), #1444, .F. ) ;
#1929 = LOCAL_TIME ( 17, 38, 58.00000000000000000, #1257 ) ;
#1930 = VECTOR ( 'NONE', #1947, 999.9999999999998863 ) ;
#1931 = FACE_OUTER_BOUND ( 'NONE', #21, .T. ) ;
#1932 = PLANE ( 'NONE',  #112 ) ;
#1933 = EDGE_LOOP ( 'NONE', ( #78, #958, #996, #175 ) ) ;
#1934 = EDGE_CURVE ( 'NONE', #446, #1233, #1955, .T. ) ;
#1935 = ORIENTED_EDGE ( 'NONE', *, *, #287, .T. ) ;
#1936 = CARTESIAN_POINT ( 'NONE',  ( -8.306962106085972408, 2.225843787881741420, 16.00000000000000000 ) ) ;
#1937 = CYLINDRICAL_SURFACE ( 'NONE', #2079, 8.599999999999999645 ) ;
#1938 = ORIENTED_EDGE ( 'NONE', *, *, #1307, .T. ) ;
#1939 = EDGE_CURVE ( 'NONE', #941, #242, #1057, .T. ) ;
#1940 = DIRECTION ( 'NONE',  ( -0.000000000000000000, -0.000000000000000000, -1.000000000000000000 ) ) ;
#1941 = CARTESIAN_POINT ( 'NONE',  ( 4.300000000000086864, 7.447818472546122059, 16.00000000000000000 ) ) ;
#1942 = DIRECTION ( 'NONE',  ( 1.000000000000000000, 0.000000000000000000, 0.000000000000000000 ) ) ;
#1943 = CARTESIAN_POINT ( 'NONE',  ( -5.656854249492407227, -5.656854249492349496, 0.000000000000000000 ) ) ;
#1944 = ORIENTED_EDGE ( 'NONE', *, *, #1643, .T. ) ;
#1945 = ADVANCED_FACE ( 'NONE', ( #1421 ), #1752, .F. ) ;
#1946 = VERTEX_POINT ( 'NONE', #1306 ) ;
#1947 = DIRECTION ( 'NONE',  ( -0.8660254037844352659, 0.5000000000000059952, 0.000000000000000000 ) ) ;
#1948 = LINE ( 'NONE', #1286, #1814 ) ;
#1949 = VERTEX_POINT ( 'NONE', #1943 ) ;
#1950 = CARTESIAN_POINT ( 'NONE',  ( 3.999999999999982681, -6.928203230275514990, 16.00000000000000000 ) ) ;
#1951 = ORIENTED_EDGE ( 'NONE', *, *, #704, .F. ) ;
#1952 = DIRECTION ( 'NONE',  ( -0.000000000000000000, -0.000000000000000000, -1.000000000000000000 ) ) ;
#1953 = DIRECTION ( 'NONE',  ( -0.000000000000000000, -0.000000000000000000, -1.000000000000000000 ) ) ;
#1954 = OPEN_SHELL ( 'NONE', ( #608, #1058, #1546, #1185, #2023, #946 ) ) ;
#1955 = LINE ( 'NONE', #1109, #984 ) ;
#1956 = VERTEX_POINT ( 'NONE', #505 ) ;
#1957 = DIRECTION ( 'NONE',  ( 1.000000000000000000, 0.000000000000000000, -0.000000000000000000 ) ) ;
#1958 = EDGE_CURVE ( 'NONE', #723, #1877, #1524, .T. ) ;
#1959 = CARTESIAN_POINT ( 'NONE',  ( -7.447818472546138047, 4.300000000000062883, 16.00000000000000000 ) ) ;
#1960 = ORIENTED_EDGE ( 'NONE', *, *, #1777, .F. ) ;
#1961 = DIRECTION ( 'NONE',  ( -1.000000000000000000, 0.000000000000000000, 0.000000000000000000 ) ) ;
#1962 = ORIENTED_EDGE ( 'NONE', *, *, #1794, .F. ) ;
#1963 = DIRECTION ( 'NONE',  ( -1.000000000000000000, 0.000000000000000000, 0.000000000000000000 ) ) ;
#1964 = VECTOR ( 'NONE', #1720, 1000.000000000000000 ) ;
#1965 = CARTESIAN_POINT ( 'NONE',  ( 6.928203230275557623, 3.999999999999910738, 0.000000000000000000 ) ) ;
#1966 =( GEOMETRIC_REPRESENTATION_CONTEXT ( 3 ) GLOBAL_UNCERTAINTY_ASSIGNED_CONTEXT ( ( #1735 ) ) GLOBAL_UNIT_ASSIGNED_CONTEXT ( ( #1578, #423, #94 ) ) REPRESENTATION_CONTEXT ( 'NONE', 'WORKASPACE' ) );
#1967 = FACE_OUTER_BOUND ( 'NONE', #1110, .T. ) ;
#1968 = CARTESIAN_POINT ( 'NONE',  ( 7.727406610312542057, -2.070552360820171689, 0.000000000000000000 ) ) ;
#1969 = CIRCLE ( 'NONE', #280, 8.000000000000000000 ) ;
#1970 = ADVANCED_FACE ( 'NONE', ( #1371 ), #1209, .F. ) ;
#1971 = LINE ( 'NONE', #350, #221 ) ;
#1972 = DIRECTION ( 'NONE',  ( 1.000000000000000000, 0.000000000000000000, 0.000000000000000000 ) ) ;
#1973 = ORIENTED_EDGE ( 'NONE', *, *, #1197, .T. ) ;
#1974 = DIRECTION ( 'NONE',  ( -1.047444401652939533E-14, -1.000000000000000000, 0.000000000000000000 ) ) ;
#1975 = ADVANCED_FACE ( 'NONE', ( #240 ), #1689, .F. ) ;
#1976 = VERTEX_POINT ( 'NONE', #1843 ) ;
#1977 = CARTESIAN_POINT ( 'NONE',  ( 0.000000000000000000, 0.000000000000000000, 16.00000000000000000 ) ) ;
#1978 = CARTESIAN_POINT ( 'NONE',  ( 5.000000000000000000, 6.123233995736766282E-16, 16.00000000000000000 ) ) ;
#1979 = DIRECTION ( 'NONE',  ( 0.9659258262890666469, -0.2588190451025268457, -0.000000000000000000 ) ) ;
#1980 = CARTESIAN_POINT ( 'NONE',  ( 7.999999999999996447, 0.000000000000000000, 16.00000000000000000 ) ) ;
#1981 = AXIS2_PLACEMENT_3D ( 'NONE', #1063, #119, #439 ) ;
#1982 = CARTESIAN_POINT ( 'NONE',  ( 0.000000000000000000, 0.000000000000000000, 16.00000000000000000 ) ) ;
#1983 = ORIENTED_EDGE ( 'NONE', *, *, #1344, .F. ) ;
#1984 = CC_DESIGN_PERSON_AND_ORGANIZATION_ASSIGNMENT ( #2020, #1533, ( #1060 ) ) ;
#1985 = VECTOR ( 'NONE', #1304, 1000.000000000000000 ) ;
#1986 = LINE ( 'NONE', #547, #1856 ) ;
#1987 = ORIENTED_EDGE ( 'NONE', *, *, #1072, .F. ) ;
#1988 = CARTESIAN_POINT ( 'NONE',  ( 8.306962106085986619, 2.225843787881685465, 16.00000000000000000 ) ) ;
#1989 = ADVANCED_FACE ( 'NONE', ( #1359 ), #1999, .T. ) ;
#1990 = LINE ( 'NONE', #1978, #51 ) ;
#1991 = CARTESIAN_POINT ( 'NONE',  ( 6.928203230275557623, 3.999999999999910738, 16.00000000000000000 ) ) ;
#1992 = CARTESIAN_POINT ( 'NONE',  ( 6.081118318204300266, -6.081118318204318918, 16.00000000000000000 ) ) ;
#1993 = VECTOR ( 'NONE', #802, 1000.000000000000000 ) ;
#1994 = EDGE_LOOP ( 'NONE', ( #669, #1661, #2031, #681 ) ) ;
#1995 = CYLINDRICAL_SURFACE ( 'NONE', #1747, 7.999999999999996447 ) ;
#1996 = VERTEX_POINT ( 'NONE', #405 ) ;
#1997 = DIRECTION ( 'NONE',  ( -0.000000000000000000, -0.000000000000000000, -1.000000000000000000 ) ) ;
#1998 = CARTESIAN_POINT ( 'NONE',  ( 0.000000000000000000, 0.000000000000000000, 16.00000000000000000 ) ) ;
#1999 = CYLINDRICAL_SURFACE ( 'NONE', #1089, 8.599999999999999645 ) ;
#2000 = AXIS2_PLACEMENT_3D ( 'NONE', #1664, #736, #1503 ) ;
#2001 = ORIENTED_EDGE ( 'NONE', *, *, #1219, .F. ) ;
#2002 = AXIS2_PLACEMENT_3D ( 'NONE', #142, #464, #1615 ) ;
#2003 = EDGE_CURVE ( 'NONE', #1477, #961, #590, .T. ) ;
#2004 = AXIS2_PLACEMENT_3D ( 'NONE', #1112, #769, #2048 ) ;
#2005 = AXIS2_PLACEMENT_3D ( 'NONE', #23, #197, #210 ) ;
#2006 = VERTEX_POINT ( 'NONE', #1199 ) ;
#2007 = DIRECTION ( 'NONE',  ( -1.000000000000000000, 0.000000000000000000, 0.000000000000000000 ) ) ;
#2008 = ORIENTED_EDGE ( 'NONE', *, *, #1263, .F. ) ;
#2009 = DIRECTION ( 'NONE',  ( -0.000000000000000000, -0.000000000000000000, -1.000000000000000000 ) ) ;
#2010 = EDGE_CURVE ( 'NONE', #892, #1445, #883, .T. ) ;
#2011 = CARTESIAN_POINT ( 'NONE',  ( -2.225843787881710778, -8.306962106085981290, 0.000000000000000000 ) ) ;
#2012 = DIRECTION ( 'NONE',  ( -1.000000000000000000, 0.000000000000000000, 0.000000000000000000 ) ) ;
#2013 = VERTEX_POINT ( 'NONE', #383 ) ;
#2014 = ADVANCED_FACE ( 'NONE', ( #1005 ), #54, .F. ) ;
#2015 = ORIENTED_EDGE ( 'NONE', *, *, #1535, .F. ) ;
#2016 = AXIS2_PLACEMENT_3D ( 'NONE', #2027, #300, #1570 ) ;
#2017 = LINE ( 'NONE', #1729, #375 ) ;
#2018 = ORIENTED_EDGE ( 'NONE', *, *, #893, .T. ) ;
#2019 = DIRECTION ( 'NONE',  ( -0.000000000000000000, -0.000000000000000000, -1.000000000000000000 ) ) ;
#2020 = PERSON_AND_ORGANIZATION ( #1539, #426 ) ;
#2021 = CARTESIAN_POINT ( 'NONE',  ( 4.299999999999982947, -7.447818472546181567, 16.00000000000000000 ) ) ;
#2022 = ORIENTED_EDGE ( 'NONE', *, *, #1162, .F. ) ;
#2023 = ADVANCED_FACE ( 'NONE', ( #1513 ), #42, .F. ) ;
#2024 = DIRECTION ( 'NONE',  ( 0.000000000000000000, 0.000000000000000000, 1.000000000000000000 ) ) ;
#2025 = VERTEX_POINT ( 'NONE', #686 ) ;
#2026 = DIRECTION ( 'NONE',  ( -0.000000000000000000, -0.000000000000000000, -1.000000000000000000 ) ) ;
#2027 = CARTESIAN_POINT ( 'NONE',  ( 0.000000000000000000, 0.000000000000000000, 16.00000000000000000 ) ) ;
#2028 = CIRCLE ( 'NONE', #2000, 8.599999999999999645 ) ;
#2029 = EDGE_CURVE ( 'NONE', #433, #1881, #1029, .T. ) ;
#2030 = AXIS2_PLACEMENT_3D ( 'NONE', #34, #1159, #1485 ) ;
#2031 = ORIENTED_EDGE ( 'NONE', *, *, #866, .F. ) ;
#2032 = FACE_OUTER_BOUND ( 'NONE', #1101, .T. ) ;
#2033 = ORIENTED_EDGE ( 'NONE', *, *, #30, .T. ) ;
#2034 = ADVANCED_FACE ( 'NONE', ( #1480 ), #1049, .F. ) ;
#2035 = CARTESIAN_POINT ( 'NONE',  ( 6.928203230275557623, 3.999999999999910738, 16.00000000000000000 ) ) ;
#2036 = ADVANCED_FACE ( 'NONE', ( #1819 ), #1328, .F. ) ;
#2037 = CARTESIAN_POINT ( 'NONE',  ( 2.070552360820145044, -7.727406610312550050, 16.00000000000000000 ) ) ;
#2038 = ORIENTED_EDGE ( 'NONE', *, *, #1263, .T. ) ;
#2039 = CARTESIAN_POINT ( 'NONE',  ( 0.000000000000000000, 0.000000000000000000, 0.000000000000000000 ) ) ;
#2040 = CARTESIAN_POINT ( 'NONE',  ( -2.070552360820195670, -7.727406610312537616, 16.00000000000000000 ) ) ;
#2041 = EDGE_LOOP ( 'NONE', ( #750, #1840, #872, #1563 ) ) ;
#2042 = DIRECTION ( 'NONE',  ( -0.2588190451025319527, -0.9659258262890653146, -0.000000000000000000 ) ) ;
#2043 = CC_DESIGN_PERSON_AND_ORGANIZATION_ASSIGNMENT ( #606, #1069, ( #1450 ) ) ;
#2044 = PLANE ( 'NONE',  #1136 ) ;
#2045 = EDGE_CURVE ( 'NONE', #1283, #1265, #1504, .T. ) ;
#2046 = CIRCLE ( 'NONE', #1515, 7.999999999999996447 ) ;
#2047 = EDGE_LOOP ( 'NONE', ( #821, #652, #1885, #1203 ) ) ;
#2048 = DIRECTION ( 'NONE',  ( 1.000000000000000000, 0.000000000000000000, -0.000000000000000000 ) ) ;
#2049 = LINE ( 'NONE', #611, #971 ) ;
#2050 = ORIENTED_EDGE ( 'NONE', *, *, #150, .F. ) ;
#2051 = DIRECTION ( 'NONE',  ( 0.000000000000000000, 0.000000000000000000, 1.000000000000000000 ) ) ;
#2052 = PERSON_AND_ORGANIZATION ( #1539, #426 ) ;
#2053 = DIRECTION ( 'NONE',  ( 1.000000000000000000, 0.000000000000000000, 0.000000000000000000 ) ) ;
#2054 = CIRCLE ( 'NONE', #728, 7.999999999999996447 ) ;
#2055 = ADVANCED_FACE ( 'NONE', ( #1967 ), #551, .F. ) ;
#2056 = ORIENTED_EDGE ( 'NONE', *, *, #912, .T. ) ;
#2057 = CIRCLE ( 'NONE', #1866, 8.599999999999999645 ) ;
#2058 = FACE_OUTER_BOUND ( 'NONE', #315, .T. ) ;
#2059 = AXIS2_PLACEMENT_3D ( 'NONE', #862, #543, #2012 ) ;
#2060 = FACE_OUTER_BOUND ( 'NONE', #859, .T. ) ;
#2061 = EDGE_LOOP ( 'NONE', ( #592, #1482, #897, #1850 ) ) ;
#2062 = MANIFOLD_SURFACE_SHAPE_REPRESENTATION ( 'PiÞce1_PignonDents_DÚfaut_sldprt', ( #880, #1331 ), #1966 ) ;
#2063 = DIRECTION ( 'NONE',  ( 0.9659258262890666469, -0.2588190451025268457, -0.000000000000000000 ) ) ;
#2064 = DIRECTION ( 'NONE',  ( -0.000000000000000000, -0.000000000000000000, -1.000000000000000000 ) ) ;
#2065 = VECTOR ( 'NONE', #434, 1000.000000000000114 ) ;
#2066 = CARTESIAN_POINT ( 'NONE',  ( 7.727406610312542945, 2.070552360820171689, 16.00000000000000000 ) ) ;
#2067 = AXIS2_PLACEMENT_3D ( 'NONE', #593, #1242, #896 ) ;
#2068 = EDGE_LOOP ( 'NONE', ( #1138, #877, #1013, #264 ) ) ;
#2069 = CARTESIAN_POINT ( 'NONE',  ( 0.000000000000000000, 0.000000000000000000, 0.000000000000000000 ) ) ;
#2070 = ADVANCED_FACE ( 'NONE', ( #1167 ), #871, .F. ) ;
#2071 = CARTESIAN_POINT ( 'NONE',  ( 0.000000000000000000, 0.000000000000000000, 16.00000000000000000 ) ) ;
#2072 = ORIENTED_EDGE ( 'NONE', *, *, #715, .T. ) ;
#2073 = DIRECTION ( 'NONE',  ( 1.000000000000000000, 0.000000000000000000, -0.000000000000000000 ) ) ;
#2074 = LINE ( 'NONE', #1420, #1545 ) ;
#2075 = CIRCLE ( 'NONE', #1435, 8.599999999999999645 ) ;
#2076 = CARTESIAN_POINT ( 'NONE',  ( 0.000000000000000000, 0.000000000000000000, 16.00000000000000000 ) ) ;
#2077 = CARTESIAN_POINT ( 'NONE',  ( 8.306962106085986619, 2.225843787881685465, 0.000000000000000000 ) ) ;
#2078 = ORIENTED_EDGE ( 'NONE', *, *, #369, .T. ) ;
#2079 = AXIS2_PLACEMENT_3D ( 'NONE', #2071, #1909, #475 ) ;
#2080 = ORIENTED_EDGE ( 'NONE', *, *, #1401, .T. ) ;
#2081 = PLANE ( 'NONE',  #1669 ) ;
#2082 = AXIS2_PLACEMENT_3D ( 'NONE', #733, #1675, #1961 ) ;
#2083 = DIRECTION ( 'NONE',  ( -1.000000000000000000, 0.000000000000000000, 0.000000000000000000 ) ) ;
#2084 = AXIS2_PLACEMENT_3D ( 'NONE', #1347, #63, #705 ) ;
#2085 = EDGE_CURVE ( 'NONE', #1946, #310, #101, .T. ) ;
ENDSEC;
END-ISO-10303-21;
