ISO-10303-21;
HEADER;
FILE_DESCRIPTION (( 'STEP AP203' ),
    '1' );
FILE_NAME ('Pièce0_Bras_Défaut_sldprt.STEP',
    '2023-12-03T16:38:55',
    ( 'LIA INFO' ),
    ( '' ),
    'SwSTEP 2.0',
    'SolidWorks 2022',
    '' );
FILE_SCHEMA (( 'CONFIG_CONTROL_DESIGN' ));
ENDSEC;

DATA;
#1 = EDGE_CURVE ( 'NONE', #676, #4471, #6758, .T. ) ;
#2 = CARTESIAN_POINT ( 'NONE',  ( 3.759608614608201727, -9.066348570306418608, -1.999999999999998224 ) ) ;
#3 = AXIS2_PLACEMENT_3D ( 'NONE', #5965, #3304, #1216 ) ;
#4 = ORIENTED_EDGE ( 'NONE', *, *, #4877, .F. ) ;
#5 = DIRECTION ( 'NONE',  ( 1.665334536937734318E-16, -1.000000000000000000, -1.224646799147353947E-16 ) ) ;
#6 = CARTESIAN_POINT ( 'NONE',  ( -196.2999999999999261, 11.71397266480739852, 15.48307141271051712 ) ) ;
#7 = DIRECTION ( 'NONE',  ( -1.665334536937734564E-16, 1.000000000000000000, 1.224646799147353947E-16 ) ) ;
#8 = VECTOR ( 'NONE', #1480, 1000.000000000000000 ) ;
#9 = VECTOR ( 'NONE', #4650, 1000.000000000000000 ) ;
#10 = ORIENTED_EDGE ( 'NONE', *, *, #61, .F. ) ;
#11 = CARTESIAN_POINT ( 'NONE',  ( -196.2999999999999261, 12.27086438814572311, 12.10860814219400616 ) ) ;
#12 = CARTESIAN_POINT ( 'NONE',  ( -100.9999999999999716, -10.00000000000003197, 10.00000000000007638 ) ) ;
#13 = VECTOR ( 'NONE', #5997, 1000.000000000000114 ) ;
#14 = CARTESIAN_POINT ( 'NONE',  ( -196.2999999999999261, 12.17159578222624638, 16.91968523536752755 ) ) ;
#15 = FACE_OUTER_BOUND ( 'NONE', #4831, .T. ) ;
#16 = DIRECTION ( 'NONE',  ( -1.000000000000000000, -1.665334536937734318E-16, -3.081487911019576818E-32 ) ) ;
#17 = CARTESIAN_POINT ( 'NONE',  ( -196.2999999999999261, 11.91597152872883569, 13.36133718255377012 ) ) ;
#18 = LINE ( 'NONE', #1108, #4609 ) ;
#19 = ORIENTED_EDGE ( 'NONE', *, *, #2151, .F. ) ;
#20 = EDGE_CURVE ( 'NONE', #6099, #1509, #494, .T. ) ;
#21 = ADVANCED_FACE ( 'NONE', ( #5653, #1899 ), #3578, .F. ) ;
#22 = DIRECTION ( 'NONE',  ( -1.487627113681107992E-16, 0.8932902553120646294, 0.4494802773921301453 ) ) ;
#23 = CARTESIAN_POINT ( 'NONE',  ( -199.4999999999999147, 12.99999999999993605, 20.50000000000101252 ) ) ;
#24 = FACE_OUTER_BOUND ( 'NONE', #2343, .T. ) ;
#25 = CARTESIAN_POINT ( 'NONE',  ( -196.2999999999999261, 11.98429166585292371, 8.308843156067370117 ) ) ;
#26 = ORIENTED_EDGE ( 'NONE', *, *, #3336, .F. ) ;
#27 = CARTESIAN_POINT ( 'NONE',  ( -196.4999999999999147, 12.05109009949466703, 15.22170484676935587 ) ) ;
#28 = CARTESIAN_POINT ( 'NONE',  ( -196.2999999999999261, 12.04037788181462254, 14.59095949853482033 ) ) ;
#29 = VECTOR ( 'NONE', #206, 1000.000000000000000 ) ;
#30 = VERTEX_POINT ( 'NONE', #1970 ) ;
#31 = ORIENTED_EDGE ( 'NONE', *, *, #4747, .F. ) ;
#32 = CARTESIAN_POINT ( 'NONE',  ( -196.2999999999999261, 12.23304540195700163, 13.62393665050881175 ) ) ;
#33 = AXIS2_PLACEMENT_3D ( 'NONE', #3682, #5332, #3159 ) ;
#34 = CARTESIAN_POINT ( 'NONE',  ( -59.99999999999999289, -1.387778780781445676E-14, -13.99999999999992895 ) ) ;
#35 = CARTESIAN_POINT ( 'NONE',  ( 9.731492488754181380, -1.277257716615686878, -1.999999999999998224 ) ) ;
#36 = CARTESIAN_POINT ( 'NONE',  ( -196.2999999999999261, 11.89579884135908827, 11.97456693722655174 ) ) ;
#37 = CARTESIAN_POINT ( 'NONE',  ( -196.2999999999999261, 11.97699404580877136, 9.736688821128327120 ) ) ;
#38 = ORIENTED_EDGE ( 'NONE', *, *, #6072, .F. ) ;
#39 = DIRECTION ( 'NONE',  ( -0.8660254037844397068, 0.4999999999999981681, 6.123233995736747547E-17 ) ) ;
#40 = CARTESIAN_POINT ( 'NONE',  ( -202.2253310930673535, 17.74999999999993960, 3.632480703690174728 ) ) ;
#41 = ADVANCED_FACE ( 'NONE', ( #2915 ), #869, .T. ) ;
#42 = CARTESIAN_POINT ( 'NONE',  ( -196.7746689069325896, 18.49999999999994316, 15.63248070369018627 ) ) ;
#43 = PERSON_AND_ORGANIZATION ( #6735, #1106 ) ;
#44 = VERTEX_POINT ( 'NONE', #1375 ) ;
#45 = CARTESIAN_POINT ( 'NONE',  ( -196.2999999999999261, 12.00672786992736008, 11.95511830830781363 ) ) ;
#46 = DIRECTION ( 'NONE',  ( 2.220446049250312588E-16, -1.000000000000000000, -1.224646799147355919E-16 ) ) ;
#47 = CARTESIAN_POINT ( 'NONE',  ( 0.000000000000000000, 0.000000000000000000, -10.40000000000000036 ) ) ;
#48 = CARTESIAN_POINT ( 'NONE',  ( -196.7746689069325896, 17.74999999999994316, 15.63248070369018627 ) ) ;
#49 = DIRECTION ( 'NONE',  ( -1.000000000000000000, 0.000000000000000000, 0.000000000000000000 ) ) ;
#50 = CARTESIAN_POINT ( 'NONE',  ( -196.2999999999999261, 11.70523231307995360, 13.64362684883884214 ) ) ;
#51 = FACE_OUTER_BOUND ( 'NONE', #1712, .T. ) ;
#52 = ORIENTED_EDGE ( 'NONE', *, *, #6845, .T. ) ;
#53 = LINE ( 'NONE', #5888, #1201 ) ;
#54 = CARTESIAN_POINT ( 'NONE',  ( -196.2999999999999261, 12.29516186431838598, 7.774415433708456113 ) ) ;
#55 = ADVANCED_FACE ( 'NONE', ( #6174 ), #2984, .T. ) ;
#56 = EDGE_CURVE ( 'NONE', #6189, #3100, #5012, .T. ) ;
#57 = CARTESIAN_POINT ( 'NONE',  ( 12.00000000000000000, 8.000000000000000000, 20.00000000000000000 ) ) ;
#58 = CARTESIAN_POINT ( 'NONE',  ( -196.4999999999999147, 11.50141186431838491, 7.019621513436019811 ) ) ;
#59 = ORIENTED_EDGE ( 'NONE', *, *, #4276, .T. ) ;
#60 = LINE ( 'NONE', #2207, #434 ) ;
#61 = EDGE_CURVE ( 'NONE', #6282, #548, #246, .T. ) ;
#62 = DIRECTION ( 'NONE',  ( -1.000000000000000000, -1.665334536937734318E-16, -3.081487911019576818E-32 ) ) ;
#63 = EDGE_LOOP ( 'NONE', ( #5710, #2694, #3327, #1612 ) ) ;
#64 = ORIENTED_EDGE ( 'NONE', *, *, #1013, .F. ) ;
#65 = DIRECTION ( 'NONE',  ( 6.162975822039154730E-33, 1.224646799147353454E-16, -1.000000000000000000 ) ) ;
#66 = CARTESIAN_POINT ( 'NONE',  ( -196.2999999999999261, 11.48117998894379532, 8.704795433326342646 ) ) ;
#67 = DIRECTION ( 'NONE',  ( 1.000000000000000000, -6.600198957461524037E-13, -6.323078933086361904E-13 ) ) ;
#68 = EDGE_CURVE ( 'NONE', #6574, #1009, #5158, .T. ) ;
#69 = DIRECTION ( 'NONE',  ( -4.556540330232412644E-16, 1.000000000000000000, 1.224646799147353947E-16 ) ) ;
#70 = ADVANCED_FACE ( 'NONE', ( #4639 ), #4001, .F. ) ;
#71 = B_SPLINE_CURVE_WITH_KNOTS ( 'NONE', 3,
 ( #6546, #1812, #2333, #5000, #648, #1205, #5563, #6578, #4929, #3953, #225, #3986, #4021, #5037, #1744, #5597, #120, #3358, #6053, #5491, #2369, #4479, #683, #2830, #1244, #4443, #158 ),
 .UNSPECIFIED., .F., .F.,
 ( 4, 1, 1, 1, 1, 1, 1, 1, 1, 1, 1, 1, 1, 1, 1, 1, 1, 1, 1, 1, 1, 1, 1, 1, 4 ),
 ( 0.000000000000000000, 0.04291508210104996029, 0.08512997058469928824, 0.1264733185549985761, 0.1674530378853888168, 0.2079763328949881251, 0.2482493780637603231, 0.2887499869834431743, 0.3296698569108731380, 0.3705372867119745006, 0.4111285639171174400, 0.4518189126736376071, 0.4924058769342641861, 0.5334858617420230598, 0.5752630624415514538, 0.6174406128021904250, 0.6606716882923650003, 0.7039402042434883544, 0.7468675221598700675, 0.7890793003947227380, 0.8311040424574036578, 0.8732379898547744101, 0.9151657696593330504, 0.9573806581429823437, 1.000000000000000000 ),
 .UNSPECIFIED. ) ;
#72 = CARTESIAN_POINT ( 'NONE',  ( 12.00000000000000000, 8.000000000000000000, 20.00000000000000000 ) ) ;
#73 = ORIENTED_EDGE ( 'NONE', *, *, #5969, .F. ) ;
#74 = CARTESIAN_POINT ( 'NONE',  ( -196.2999999999999261, 11.77683598052174041, 12.27810148241363386 ) ) ;
#75 = CARTESIAN_POINT ( 'NONE',  ( -196.2999999999999261, 12.01467978705429296, 9.370446323129822730 ) ) ;
#76 = CIRCLE ( 'NONE', #1196, 5.000000000000000888 ) ;
#77 = CARTESIAN_POINT ( 'NONE',  ( -196.2999999999999261, 11.80710342893065956, 15.22811924255346661 ) ) ;
#78 = COORDINATED_UNIVERSAL_TIME_OFFSET ( 1, 0, .AHEAD. ) ;
#79 = AXIS2_PLACEMENT_3D ( 'NONE', #5617, #1865, #5684 ) ;
#80 = VERTEX_POINT ( 'NONE', #6236 ) ;
#81 = VECTOR ( 'NONE', #2374, 1000.000000000000000 ) ;
#82 = CARTESIAN_POINT ( 'NONE',  ( -196.2999999999999261, 12.29335292141873737, 12.16312140572126133 ) ) ;
#83 = CC_DESIGN_DATE_AND_TIME_ASSIGNMENT ( #1270, #2750, ( #1225 ) ) ;
#84 = FACE_OUTER_BOUND ( 'NONE', #5406, .T. ) ;
#85 = CARTESIAN_POINT ( 'NONE',  ( -63.00000000000000000, -1.322726650432315409E-14, 20.00000000000007461 ) ) ;
#86 = CARTESIAN_POINT ( 'NONE',  ( -196.4999999999999147, 11.70602205792521566, 15.84784188697589080 ) ) ;
#87 = CARTESIAN_POINT ( 'NONE',  ( -196.4999999999999147, 12.29342333340710880, 17.08393350051244752 ) ) ;
#88 = DIRECTION ( 'NONE',  ( -1.665334536937734318E-16, 1.000000000000000000, 1.224646799147353947E-16 ) ) ;
#89 = CC_DESIGN_APPROVAL ( #4551, ( #6216 ) ) ;
#90 = VERTEX_POINT ( 'NONE', #4105 ) ;
#91 = DIRECTION ( 'NONE',  ( 0.000000000000000000, -1.224646799147353700E-16, 1.000000000000000000 ) ) ;
#92 = DIRECTION ( 'NONE',  ( 6.162975822039154730E-33, 1.224646799147353454E-16, -1.000000000000000000 ) ) ;
#93 = PLANE ( 'NONE',  #4950 ) ;
#94 = CARTESIAN_POINT ( 'NONE',  ( -196.2999999999999261, 12.17601546358820741, 9.413228438646996210 ) ) ;
#95 = VERTEX_POINT ( 'NONE', #2524 ) ;
#96 = VECTOR ( 'NONE', #3597, 1000.000000000000000 ) ;
#97 = CARTESIAN_POINT ( 'NONE',  ( -196.2999999999999261, 12.29516186431838598, 10.52026253907704501 ) ) ;
#98 = CARTESIAN_POINT ( 'NONE',  ( -196.2999999999999261, 11.88862004475878464, 14.61293437674647500 ) ) ;
#99 = B_SPLINE_SURFACE_WITH_KNOTS ( 'NONE', 3, 1, ( 
 ( #966, #933 ),
 ( #2977, #3010 ),
 ( #5741, #6834 ),
 ( #6166, #1930 ),
 ( #5114, #4071 ),
 ( #1463, #5707 ),
 ( #1428, #3082 ),
 ( #6799, #6298 ),
 ( #5676, #5149 ),
 ( #339, #4129 ),
 ( #6262, #1365 ),
 ( #5644, #441 ),
 ( #1890, #3606 ),
 ( #5219, #403 ),
 ( #3115, #5252 ),
 ( #3512, #2548 ),
 ( #832, #2029 ),
 ( #4632, #6770 ),
 ( #4167, #1501 ),
 ( #1961, #4098 ),
 ( #3571, #5885 ),
 ( #4828, #6331 ),
 ( #2064, #3292 ),
 ( #1001, #4271 ),
 ( #615, #2725 ),
 ( #6368, #5849 ),
 ( #1070, #3188 ) ),
 .UNSPECIFIED., .F., .F., .F.,
 ( 4, 1, 1, 1, 1, 1, 1, 1, 1, 1, 1, 1, 1, 1, 1, 1, 1, 1, 1, 1, 1, 1, 1, 1, 4 ),
 ( 2, 2 ),
 ( 0.000000000000000000, 0.05485803544515401031, 0.1070587915426411407, 0.1569783545765237043, 0.2039922771829768555, 0.2484915357868489050, 0.2904833137405230525, 0.3304890042981893927, 0.3678859257629631396, 0.4038581313538707751, 0.4400093433074109828, 0.4762950107796835586, 0.5127922945733479621, 0.5504848246303716275, 0.5883811157748431997, 0.6276453271698536618, 0.6679794644543808335, 0.7084327575000841648, 0.7486023022886340028, 0.7890877771957819364, 0.8294612046317059173, 0.8703710453051781704, 0.9122142271494420029, 0.9555465749316859325, 1.000000000000000000 ),
 ( 0.000000000000000000, 1.000000000000000000 ),
 .UNSPECIFIED. ) ;
#100 = APPROVAL_PERSON_ORGANIZATION ( #3772, #4551, #5245 ) ;
#101 = VERTEX_POINT ( 'NONE', #1436 ) ;
#102 = VERTEX_POINT ( 'NONE', #5714 ) ;
#103 = LINE ( 'NONE', #6629, #2136 ) ;
#104 = FACE_OUTER_BOUND ( 'NONE', #1414, .T. ) ;
#105 = DIRECTION ( 'NONE',  ( -2.220446049250312588E-16, 1.000000000000000000, 1.224646799147356165E-16 ) ) ;
#106 = LINE ( 'NONE', #4954, #4899 ) ;
#107 = EDGE_CURVE ( 'NONE', #892, #2642, #4571, .T. ) ;
#108 = CARTESIAN_POINT ( 'NONE',  ( -196.2999999999999261, 11.73922207064793000, 8.332538967310485489 ) ) ;
#109 = EDGE_CURVE ( 'NONE', #5584, #4558, #4011, .T. ) ;
#110 = FACE_OUTER_BOUND ( 'NONE', #5234, .T. ) ;
#111 = CARTESIAN_POINT ( 'NONE',  ( -196.2999999999999261, 12.23410417201069222, 9.557331849974479709 ) ) ;
#112 = ORIENTED_EDGE ( 'NONE', *, *, #717, .F. ) ;
#113 = CARTESIAN_POINT ( 'NONE',  ( -196.4999999999999147, 12.29516186431838420, 15.94422087241037822 ) ) ;
#114 = AXIS2_PLACEMENT_3D ( 'NONE', #6640, #2721, #1837 ) ;
#115 = EDGE_LOOP ( 'NONE', ( #2864, #3574, #167, #398 ) ) ;
#116 = CARTESIAN_POINT ( 'NONE',  ( -196.2999999999999261, 12.00434280382159002, 16.94149651343601803 ) ) ;
#117 = ORIENTED_EDGE ( 'NONE', *, *, #1630, .F. ) ;
#118 = CARTESIAN_POINT ( 'NONE',  ( -199.4999999999995168, 8.499999999999937828, 4.000000000001006306 ) ) ;
#119 = ADVANCED_FACE ( 'NONE', ( #4834 ), #517, .T. ) ;
#120 = CARTESIAN_POINT ( 'NONE',  ( -196.2999999999999261, 11.61937663348440353, 8.912079491635969575 ) ) ;
#121 = VECTOR ( 'NONE', #5545, 1000.000000000000114 ) ;
#122 = CARTESIAN_POINT ( 'NONE',  ( -196.2999999999999261, 12.05096052208082291, 8.079970010358955790 ) ) ;
#123 = CIRCLE ( 'NONE', #6281, 2.999999999999999112 ) ;
#124 = CARTESIAN_POINT ( 'NONE',  ( -196.4999999999999147, 12.31551442842095057, 8.720332651256532230 ) ) ;
#125 = FACE_BOUND ( 'NONE', #4288, .T. ) ;
#126 = VERTEX_POINT ( 'NONE', #1003 ) ;
#127 = VECTOR ( 'NONE', #5890, 1000.000000000000000 ) ;
#128 = AXIS2_PLACEMENT_3D ( 'NONE', #4641, #1646, #3778 ) ;
#129 = DIRECTION ( 'NONE',  ( 1.650905733425803183E-16, -0.9913357927840351635, 0.1313519925438843550 ) ) ;
#130 = CARTESIAN_POINT ( 'NONE',  ( -200.9999999999999716, 5.999999999999936051, 4.000000000000071054 ) ) ;
#131 = DIRECTION ( 'NONE',  ( -0.1301338387963396348, -0.9914964367057141903, 0.000000000000000000 ) ) ;
#132 = CARTESIAN_POINT ( 'NONE',  ( -196.2999999999999261, 12.16429311016586823, 8.394277212445720338 ) ) ;
#133 = ORIENTED_EDGE ( 'NONE', *, *, #407, .T. ) ;
#134 = CARTESIAN_POINT ( 'NONE',  ( -196.2999999999999261, 11.77651856617114490, 14.37290402624158681 ) ) ;
#135 = CARTESIAN_POINT ( 'NONE',  ( -196.4999999999999147, 12.29516186431838420, 14.59077535958986438 ) ) ;
#136 = EDGE_CURVE ( 'NONE', #3088, #5470, #6928, .T. ) ;
#137 = VERTEX_POINT ( 'NONE', #3752 ) ;
#138 = ORIENTED_EDGE ( 'NONE', *, *, #3782, .F. ) ;
#139 = CARTESIAN_POINT ( 'NONE',  ( -100.9999999999999716, 9.999999999999971578, 7.459310946700270506E-14 ) ) ;
#140 = DIRECTION ( 'NONE',  ( 0.000000000000000000, 1.000000000000000000, 1.224646799147353454E-16 ) ) ;
#141 = FACE_OUTER_BOUND ( 'NONE', #1934, .T. ) ;
#142 = CARTESIAN_POINT ( 'NONE',  ( -196.2999999999999261, 11.73442281582431868, 12.86984533421172472 ) ) ;
#143 = CARTESIAN_POINT ( 'NONE',  ( -196.2999999999999261, 11.77654196540260756, 13.64446270377574955 ) ) ;
#144 = AXIS2_PLACEMENT_3D ( 'NONE', #1869, #6751, #1346 ) ;
#145 = CARTESIAN_POINT ( 'NONE',  ( -196.2999999999999261, 11.85005117355657944, 14.97533975151292474 ) ) ;
#146 = FACE_OUTER_BOUND ( 'NONE', #558, .T. ) ;
#147 = CARTESIAN_POINT ( 'NONE',  ( -196.4999999999999147, 11.88372641147693543, 12.79845243173841141 ) ) ;
#148 = EDGE_CURVE ( 'NONE', #2642, #892, #977, .T. ) ;
#149 = ORIENTED_EDGE ( 'NONE', *, *, #6497, .F. ) ;
#150 = CARTESIAN_POINT ( 'NONE',  ( -196.2999999999999261, 11.73435332064851444, 15.30216107673730264 ) ) ;
#151 = OPEN_SHELL ( 'NONE', ( #2109, #3591, #2476, #1838, #2264, #3632, #647 ) ) ;
#152 = EDGE_CURVE ( 'NONE', #6454, #1824, #53, .T. ) ;
#153 = EDGE_CURVE ( 'NONE', #154, #6828, #2170, .T. ) ;
#154 = VERTEX_POINT ( 'NONE', #3154 ) ;
#155 = CARTESIAN_POINT ( 'NONE',  ( -199.5000000000000000, 9.999999999999937828, 4.000000000000078160 ) ) ;
#156 = VERTEX_POINT ( 'NONE', #3854 ) ;
#157 = CARTESIAN_POINT ( 'NONE',  ( -196.2999999999999261, 11.77617147970300238, 12.25531862882063550 ) ) ;
#158 = CARTESIAN_POINT ( 'NONE',  ( -196.2999999999999261, 11.56246955662607689, 8.717470571929609946 ) ) ;
#159 = CARTESIAN_POINT ( 'NONE',  ( -196.2999999999999261, 11.95961095502725158, 8.105599153814800673 ) ) ;
#160 = CARTESIAN_POINT ( 'NONE',  ( -3.759608614608207056, 9.066348570306416832, -8.400000000000000355 ) ) ;
#161 = FACE_OUTER_BOUND ( 'NONE', #2052, .T. ) ;
#162 = EDGE_CURVE ( 'NONE', #95, #979, #2759, .T. ) ;
#163 = CARTESIAN_POINT ( 'NONE',  ( -196.2999999999999261, 11.72274599893377101, 11.09522247497448078 ) ) ;
#164 = CARTESIAN_POINT ( 'NONE',  ( -196.4999999999999147, 11.95541046659108275, 16.01533040610208047 ) ) ;
#165 = CARTESIAN_POINT ( 'NONE',  ( -196.4999999999999147, 11.89796885550428307, 9.136288180102685175 ) ) ;
#166 = DIRECTION ( 'NONE',  ( 1.000000000000000000, 0.000000000000000000, 0.000000000000000000 ) ) ;
#167 = ORIENTED_EDGE ( 'NONE', *, *, #2712, .T. ) ;
#168 = DIRECTION ( 'NONE',  ( 2.775557561562887900E-16, -1.000000000000000000, -1.224646799147354193E-16 ) ) ;
#169 = CARTESIAN_POINT ( 'NONE',  ( -196.2999999999999261, 11.79337751825846858, 15.72901036426898536 ) ) ;
#170 = ORIENTED_EDGE ( 'NONE', *, *, #6153, .F. ) ;
#171 = ORIENTED_EDGE ( 'NONE', *, *, #3319, .F. ) ;
#172 = CARTESIAN_POINT ( 'NONE',  ( -196.2999999999999261, 12.19494808714087597, 8.422568548462097127 ) ) ;
#173 = ADVANCED_FACE ( 'NONE', ( #4379 ), #3224, .F. ) ;
#174 = CARTESIAN_POINT ( 'NONE',  ( -196.4999999999999147, 12.26876300225611516, 8.917652143606472848 ) ) ;
#175 = SPHERICAL_SURFACE ( 'NONE', #1245, 4.000000000000000000 ) ;
#176 = CARTESIAN_POINT ( 'NONE',  ( -196.2999999999999261, 11.56246955662607689, 8.717470571929609946 ) ) ;
#177 = CARTESIAN_POINT ( 'NONE',  ( -196.4999999999999147, 11.78789372954883774, 9.047670395572517066 ) ) ;
#178 = CARTESIAN_POINT ( 'NONE',  ( -196.2999999999999261, 11.67186458867736043, 5.951111898051403948 ) ) ;
#179 = CARTESIAN_POINT ( 'NONE',  ( -203.1933420641508690, 17.74999999999993960, 3.632480703690174728 ) ) ;
#180 = CARTESIAN_POINT ( 'NONE',  ( -196.4999999999999147, 11.77617147970300238, 14.38152555991037929 ) ) ;
#181 = LINE ( 'NONE', #1839, #3152 ) ;
#182 = CARTESIAN_POINT ( 'NONE',  ( -196.2999999999999261, 12.08257297209082282, 9.373522755423199015 ) ) ;
#183 = VERTEX_POINT ( 'NONE', #1720 ) ;
#184 = CARTESIAN_POINT ( 'NONE',  ( -196.2999999999999261, 12.14781128456616699, 12.43737558650181896 ) ) ;
#185 = ORIENTED_EDGE ( 'NONE', *, *, #5777, .T. ) ;
#186 = CARTESIAN_POINT ( 'NONE',  ( -199.4999999999999432, 12.99999999999993960, -14.99999999999898925 ) ) ;
#187 = ORIENTED_EDGE ( 'NONE', *, *, #1097, .F. ) ;
#188 = CARTESIAN_POINT ( 'NONE',  ( -196.2999999999999261, 11.87474267474921952, 8.179237684806393460 ) ) ;
#189 = CARTESIAN_POINT ( 'NONE',  ( -196.2999999999999261, 11.80080048900062550, 12.88086860354151497 ) ) ;
#190 = CARTESIAN_POINT ( 'NONE',  ( -196.2999999999999261, 11.75113970153526388, 15.94689189946361552 ) ) ;
#191 = CARTESIAN_POINT ( 'NONE',  ( -196.4999999999999147, 12.30025652795808000, 17.11252942137045707 ) ) ;
#192 = VECTOR ( 'NONE', #6927, 1000.000000000000000 ) ;
#193 = EDGE_CURVE ( 'NONE', #1351, #6165, #2096, .T. ) ;
#194 = PLANE ( 'NONE',  #5132 ) ;
#195 = CARTESIAN_POINT ( 'NONE',  ( -196.4999999999999147, 11.72133715131369236, 15.90139031915753520 ) ) ;
#196 = EDGE_CURVE ( 'NONE', #3828, #5723, #4236, .T. ) ;
#197 = CARTESIAN_POINT ( 'NONE',  ( -196.2999999999999261, 11.77781130669000298, 12.45412724922473657 ) ) ;
#198 = VERTEX_POINT ( 'NONE', #551 ) ;
#199 = CARTESIAN_POINT ( 'NONE',  ( -196.2999999999999261, 11.70493750534402544, 15.42173239083986758 ) ) ;
#200 = CARTESIAN_POINT ( 'NONE',  ( -199.4999999999999147, 12.99999999999993427, 31.74492513199507471 ) ) ;
#201 = EDGE_LOOP ( 'NONE', ( #6333, #5052, #3257, #4032 ) ) ;
#202 = CARTESIAN_POINT ( 'NONE',  ( -196.2999999999999261, 12.30853281986863657, 8.635971184421162405 ) ) ;
#203 = CIRCLE ( 'NONE', #1555, 4.500000000000003553 ) ;
#204 = CARTESIAN_POINT ( 'NONE',  ( -196.2999999999999261, 11.70869622914046815, 14.43534184749032789 ) ) ;
#205 = CARTESIAN_POINT ( 'NONE',  ( -196.4999999999999147, 11.95291904832821039, 14.51888176412482423 ) ) ;
#206 = DIRECTION ( 'NONE',  ( -1.665334536937734318E-16, 1.000000000000000000, 1.224646799147353947E-16 ) ) ;
#207 = CARTESIAN_POINT ( 'NONE',  ( -196.2999999999999261, 11.82466782385364290, 12.76922087241037751 ) ) ;
#208 = CARTESIAN_POINT ( 'NONE',  ( -196.2999999999999261, 11.76952027372734300, 8.398384624204703996 ) ) ;
#209 = PERSON_AND_ORGANIZATION_ROLE ( 'classification_officer' ) ;
#210 =( GEOMETRIC_REPRESENTATION_CONTEXT ( 3 ) GLOBAL_UNCERTAINTY_ASSIGNED_CONTEXT ( ( #1584 ) ) GLOBAL_UNIT_ASSIGNED_CONTEXT ( ( #6394, #1604, #3740 ) ) REPRESENTATION_CONTEXT ( 'NONE', 'WORKASPACE' ) );
#211 = EDGE_CURVE ( 'NONE', #4591, #4477, #4900, .T. ) ;
#212 = CARTESIAN_POINT ( 'NONE',  ( -196.2999999999999261, 11.58283844946081231, 10.23845425699621359 ) ) ;
#213 = APPROVAL_PERSON_ORGANIZATION ( #1798, #3222, #1131 ) ;
#214 = CARTESIAN_POINT ( 'NONE',  ( -12.00000000000000178, 11.99999999999999645, 20.00000000000000000 ) ) ;
#215 = CARTESIAN_POINT ( 'NONE',  ( -10.16100823481774995, -4.213539088695613444, 0.000000000000000000 ) ) ;
#216 = CARTESIAN_POINT ( 'NONE',  ( 0.000000000000000000, 0.000000000000000000, -2.000000000000000000 ) ) ;
#217 = OPEN_SHELL ( 'NONE', ( #2639 ) ) ;
#218 = VERTEX_POINT ( 'NONE', #4310 ) ;
#219 = CARTESIAN_POINT ( 'NONE',  ( -196.2999999999999261, 12.17035692585502460, 12.41792902647678076 ) ) ;
#220 = EDGE_CURVE ( 'NONE', #3214, #6084, #1325, .T. ) ;
#221 = ORIENTED_EDGE ( 'NONE', *, *, #5448, .F. ) ;
#222 = DIRECTION ( 'NONE',  ( -1.000000000000000000, -1.665334536937734318E-16, -3.081487911019576818E-32 ) ) ;
#223 = VERTEX_POINT ( 'NONE', #3714 ) ;
#224 = CARTESIAN_POINT ( 'NONE',  ( -196.2999999999999261, 11.53353212118899407, 7.949758667455687267 ) ) ;
#225 = CARTESIAN_POINT ( 'NONE',  ( -196.2999999999999261, 11.71025500601846936, 9.008029006160848340 ) ) ;
#226 = CARTESIAN_POINT ( 'NONE',  ( -196.4999999999999147, 11.88714012075614868, 16.01013398766454543 ) ) ;
#227 = CARTESIAN_POINT ( 'NONE',  ( -3.393189584635162070, 8.182723972889281328, -10.39999999999999680 ) ) ;
#228 = VECTOR ( 'NONE', #1017, 1000.000000000000000 ) ;
#229 = OPEN_SHELL ( 'NONE', ( #4663, #736, #6635, #2336, #452, #959 ) ) ;
#230 = LINE ( 'NONE', #6688, #81 ) ;
#231 = CARTESIAN_POINT ( 'NONE',  ( -203.4999999999995168, 5.499999999999935163, 18.50000000000100542 ) ) ;
#232 = VECTOR ( 'NONE', #1011, 1000.000000000000000 ) ;
#233 = CARTESIAN_POINT ( 'NONE',  ( -196.2999999999999261, 11.79364194349940043, 15.98147369841009358 ) ) ;
#234 = EDGE_LOOP ( 'NONE', ( #4542, #2435, #6576, #2965, #4287, #762, #6509, #3134, #6499, #618, #5627, #1477, #5229 ) ) ;
#235 = CARTESIAN_POINT ( 'NONE',  ( -196.2999999999999261, 12.02547600804789241, 14.19399417989689383 ) ) ;
#236 = CARTESIAN_POINT ( 'NONE',  ( -196.2999999999999261, 11.50141186431838491, 7.019621513436019811 ) ) ;
#237 = EDGE_CURVE ( 'NONE', #4084, #5896, #6504, .T. ) ;
#238 = AXIS2_PLACEMENT_3D ( 'NONE', #438, #1530, #4374 ) ;
#239 = EDGE_CURVE ( 'NONE', #2259, #988, #2339, .T. ) ;
#240 = CIRCLE ( 'NONE', #3713, 2.750000000000002665 ) ;
#241 = ORIENTED_EDGE ( 'NONE', *, *, #2409, .T. ) ;
#242 = CARTESIAN_POINT ( 'NONE',  ( -196.2999999999999261, 12.20891438314799338, 7.828306524854564685 ) ) ;
#243 = CARTESIAN_POINT ( 'NONE',  ( -196.4999999999999147, 12.16354505886793724, 9.043888211341917227 ) ) ;
#244 = CARTESIAN_POINT ( 'NONE',  ( -196.2999999999999261, 11.89660500934381915, 14.51447591900033451 ) ) ;
#245 = CARTESIAN_POINT ( 'NONE',  ( -196.2999999999999261, 11.98262143127320911, 13.88796588447507396 ) ) ;
#246 = LINE ( 'NONE', #2385, #4349 ) ;
#247 = CARTESIAN_POINT ( 'NONE',  ( -196.4999999999999147, 11.63222932247492736, 8.930912611414015601 ) ) ;
#248 = DIRECTION ( 'NONE',  ( 2.220446049250312588E-16, -1.000000000000000000, -1.224646799147356165E-16 ) ) ;
#249 = B_SPLINE_CURVE_WITH_KNOTS ( 'NONE', 3,
 ( #4171, #6447, #1651, #4240, #1577, #3785, #3259, #5784, #5258, #4204, #5819, #5296, #1005, #484, #5432, #2903, #5007, #1211, #1721 ),
 .UNSPECIFIED., .F., .F.,
 ( 4, 1, 1, 1, 1, 1, 1, 1, 1, 1, 1, 1, 1, 1, 1, 1, 4 ),
 ( 0.000000000000000000, 0.08252970382206623046, 0.1587788549175703501, 0.2277380621151797180, 0.2899456527966765562, 0.3454988386981380777, 0.3938963373401241364, 0.4363737851900892362, 0.4721222744615228284, 0.5363836155048276044, 0.5990779017254963534, 0.6619482340244593477, 0.7263105423531570626, 0.7917711030502134761, 0.8586473037978573641, 0.9273053338076849839, 1.000000000000000000 ),
 .UNSPECIFIED. ) ;
#250 = CARTESIAN_POINT ( 'NONE',  ( -196.2999999999999261, 11.97227549967836779, 14.98760803173904499 ) ) ;
#251 = DIRECTION ( 'NONE',  ( 0.000000000000000000, 0.000000000000000000, -1.000000000000000000 ) ) ;
#252 = LINE ( 'NONE', #2397, #3386 ) ;
#253 = CARTESIAN_POINT ( 'NONE',  ( -196.2999999999999261, 12.23337497688892306, 9.576721189958533387 ) ) ;
#254 = ORIENTED_EDGE ( 'NONE', *, *, #3798, .T. ) ;
#255 = CARTESIAN_POINT ( 'NONE',  ( -196.2999999999999261, 12.31534883579966966, 9.568308199327974606 ) ) ;
#256 = AXIS2_PLACEMENT_3D ( 'NONE', #5416, #4470, #4366 ) ;
#257 = ORIENTED_EDGE ( 'NONE', *, *, #627, .T. ) ;
#258 = CARTESIAN_POINT ( 'NONE',  ( -189.9999999999999716, -14.00000000000005862, 0.5000000000000732747 ) ) ;
#259 = ORIENTED_EDGE ( 'NONE', *, *, #1668, .T. ) ;
#260 = FACE_OUTER_BOUND ( 'NONE', #5783, .T. ) ;
#261 = EDGE_CURVE ( 'NONE', #1537, #3618, #1852, .T. ) ;
#262 = VECTOR ( 'NONE', #486, 1000.000000000000000 ) ;
#263 = CARTESIAN_POINT ( 'NONE',  ( -196.2999999999999261, 11.80994182539409110, 12.86649170258434793 ) ) ;
#264 = DIRECTION ( 'NONE',  ( 6.162975822039154730E-33, 1.224646799147353454E-16, -1.000000000000000000 ) ) ;
#265 = CARTESIAN_POINT ( 'NONE',  ( -196.4999999999999147, 11.89796885550428307, 9.136288180102685175 ) ) ;
#266 = DIRECTION ( 'NONE',  ( -1.512102532755952720E-16, 0.9079872537420924372, 0.4189977888269733608 ) ) ;
#267 = DIRECTION ( 'NONE',  ( -3.608224830031766645E-16, -1.224646799147355919E-16, 1.000000000000000000 ) ) ;
#268 = CARTESIAN_POINT ( 'NONE',  ( -196.2999999999999261, 11.71165847062806975, 15.87554994545004661 ) ) ;
#269 = VERTEX_POINT ( 'NONE', #5568 ) ;
#270 = DIRECTION ( 'NONE',  ( 1.665334536937734318E-16, -1.000000000000000000, -1.224646799147353947E-16 ) ) ;
#271 = CYLINDRICAL_SURFACE ( 'NONE', #5722, 3.199999999999995737 ) ;
#272 = ORIENTED_EDGE ( 'NONE', *, *, #2497, .F. ) ;
#273 = CARTESIAN_POINT ( 'NONE',  ( -196.2999999999999261, 11.67683608704385989, 8.457819049161045655 ) ) ;
#274 = CARTESIAN_POINT ( 'NONE',  ( -196.2999999999999261, 12.00434280382159002, 13.42050292369242825 ) ) ;
#275 = PLANE ( 'NONE',  #1020 ) ;
#276 = CARTESIAN_POINT ( 'NONE',  ( -189.9999999999999716, -14.00000000000005862, 7.112366251504909087E-14 ) ) ;
#277 = CARTESIAN_POINT ( 'NONE',  ( -196.2999999999999261, 11.99934962682762141, 12.02656967946768418 ) ) ;
#278 = DIRECTION ( 'NONE',  ( -1.000000000000000000, -1.665334536937734318E-16, -3.081487911019576818E-32 ) ) ;
#279 = PLANE ( 'NONE',  #6714 ) ;
#280 = APPROVAL_STATUS ( 'not_yet_approved' ) ;
#281 = EDGE_CURVE ( 'NONE', #6219, #5218, #3989, .T. ) ;
#282 = CARTESIAN_POINT ( 'NONE',  ( -196.2999999999999261, 11.62188413965555789, 8.403748189196303287 ) ) ;
#283 = DIRECTION ( 'NONE',  ( 2.220446049250312588E-16, -1.000000000000000000, -1.224646799147356165E-16 ) ) ;
#284 = ADVANCED_FACE ( 'NONE', ( #3471 ), #759, .T. ) ;
#285 = CARTESIAN_POINT ( 'NONE',  ( -196.2999999999999261, 11.71169739659563014, 14.33247763764351745 ) ) ;
#286 = EDGE_CURVE ( 'NONE', #218, #3127, #1326, .T. ) ;
#287 = CARTESIAN_POINT ( 'NONE',  ( -196.2999999999999261, 11.92519262610166919, 10.29887369534481856 ) ) ;
#288 = ORIENTED_EDGE ( 'NONE', *, *, #2993, .F. ) ;
#289 = CARTESIAN_POINT ( 'NONE',  ( -196.2999999999999261, 12.11712230096777887, 9.796876530576648534 ) ) ;
#290 = B_SPLINE_CURVE_WITH_KNOTS ( 'NONE', 3,
 ( #2920, #777, #1306, #6709, #5518, #711, #2357, #5064, #3977, #5026, #3942, #5552, #1800, #5624, #2396, #4468, #6080, #6183, #4537 ),
 .UNSPECIFIED., .F., .F.,
 ( 4, 1, 1, 1, 1, 1, 1, 1, 1, 1, 1, 1, 1, 1, 1, 1, 4 ),
 ( 0.000000000000000000, 0.07834298519370028191, 0.1505633028794196304, 0.2161510566599759986, 0.2756797924514252651, 0.3287070503654610509, 0.3759044348322066464, 0.4173018977400317353, 0.4526927480535822279, 0.5172652917530113914, 0.5812165680623047059, 0.6453218939728022630, 0.7120244933797605924, 0.7801300447160444129, 0.8502182262116627642, 0.9226485217347331069, 1.000000000000000000 ),
 .UNSPECIFIED. ) ;
#291 = CARTESIAN_POINT ( 'NONE',  ( -5.971883874145982318, -7.789090853690733063, -8.400000000000000355 ) ) ;
#292 = VERTEX_POINT ( 'NONE', #792 ) ;
#293 = LINE ( 'NONE', #1952, #1316 ) ;
#294 = CARTESIAN_POINT ( 'NONE',  ( -196.2999999999999261, 11.82144478861688697, 14.88502925816486488 ) ) ;
#295 = CARTESIAN_POINT ( 'NONE',  ( -196.4999999999999147, 11.77617147970300060, 15.40933004708986509 ) ) ;
#296 = DIRECTION ( 'NONE',  ( -1.000000000000000000, 0.000000000000000000, 0.000000000000000000 ) ) ;
#297 = LINE ( 'NONE', #368, #3473 ) ;
#298 = EDGE_CURVE ( 'NONE', #6016, #6706, #230, .T. ) ;
#299 = LINE ( 'NONE', #6293, #3896 ) ;
#300 = CARTESIAN_POINT ( 'NONE',  ( -196.2999999999999261, 11.93203637480711699, 15.54553267816965878 ) ) ;
#301 = LINE ( 'NONE', #1854, #369 ) ;
#302 = EDGE_LOOP ( 'NONE', ( #4594, #3120 ) ) ;
#303 = CARTESIAN_POINT ( 'NONE',  ( -196.4999999999999147, 11.74784905502451338, 9.030576959871515541 ) ) ;
#304 = CARTESIAN_POINT ( 'NONE',  ( -199.4999999999999147, 12.99999999999993783, -0.4999999999989839239 ) ) ;
#305 = VECTOR ( 'NONE', #351, 1000.000000000000000 ) ;
#306 = AXIS2_PLACEMENT_3D ( 'NONE', #6521, #5294, #482 ) ;
#307 = ORIENTED_EDGE ( 'NONE', *, *, #4586, .F. ) ;
#308 = CARTESIAN_POINT ( 'NONE',  ( -196.2999999999999261, 11.56246955662607689, 8.717470571929609946 ) ) ;
#309 = CARTESIAN_POINT ( 'NONE',  ( -196.2999999999999261, 12.26876300225611516, 8.917652143606472848 ) ) ;
#310 = DIRECTION ( 'NONE',  ( 0.7071067811865475727, -0.7071067811865475727, 0.000000000000000000 ) ) ;
#311 = CARTESIAN_POINT ( 'NONE',  ( -196.2999999999999261, 12.29516186431838420, 13.13556702625653294 ) ) ;
#312 = CARTESIAN_POINT ( 'NONE',  ( -196.2999999999999261, 11.82772997696909378, 12.11064922371154218 ) ) ;
#313 = DIRECTION ( 'NONE',  ( -1.000000000000000000, 0.000000000000000000, 0.000000000000000000 ) ) ;
#314 = LINE ( 'NONE', #1377, #305 ) ;
#315 = CIRCLE ( 'NONE', #3684, 1.500000000000001332 ) ;
#316 = CARTESIAN_POINT ( 'NONE',  ( -196.2999999999999261, 11.48141981528780065, 8.686559294921615049 ) ) ;
#317 = FACE_OUTER_BOUND ( 'NONE', #5924, .T. ) ;
#318 = CARTESIAN_POINT ( 'NONE',  ( -196.2999999999999545, 11.58282212072864148, 7.655480137234096816 ) ) ;
#319 = DIRECTION ( 'NONE',  ( -0.000000000000000000, -0.000000000000000000, -1.000000000000000000 ) ) ;
#320 = VERTEX_POINT ( 'NONE', #692 ) ;
#321 = CARTESIAN_POINT ( 'NONE',  ( -196.4999999999999147, 11.48105930021582033, 12.69798689805140590 ) ) ;
#322 = EDGE_CURVE ( 'NONE', #4425, #2822, #1253, .T. ) ;
#323 = ADVANCED_FACE ( 'NONE', ( #1210 ), #4518, .T. ) ;
#324 = AXIS2_PLACEMENT_3D ( 'NONE', #2840, #168, #6064 ) ;
#325 = CARTESIAN_POINT ( 'NONE',  ( -196.2999999999999261, 11.86402808271172660, 13.11972703673465901 ) ) ;
#326 = ORIENTED_EDGE ( 'NONE', *, *, #1718, .F. ) ;
#327 = CARTESIAN_POINT ( 'NONE',  ( -196.2999999999999261, 12.03415061760665772, 13.35009518952198704 ) ) ;
#328 = CARTESIAN_POINT ( 'NONE',  ( -199.4999999999999716, 18.49999999999993960, 4.000000000000072831 ) ) ;
#329 = LINE ( 'NONE', #2473, #5031 ) ;
#330 = CC_DESIGN_APPROVAL ( #3312, ( #4255 ) ) ;
#331 = CARTESIAN_POINT ( 'NONE',  ( -199.4999999999999716, 18.49999999999993960, 3.632480703690174728 ) ) ;
#332 = ORIENTED_EDGE ( 'NONE', *, *, #5555, .T. ) ;
#333 = ADVANCED_FACE ( 'NONE', ( #5994 ), #5496, .F. ) ;
#334 = CARTESIAN_POINT ( 'NONE',  ( -196.2999999999999261, 11.77617147970300238, 14.38152555991037929 ) ) ;
#335 = CARTESIAN_POINT ( 'NONE',  ( 7.999999999999998224, 12.00000000000000000, 20.00000000000000000 ) ) ;
#336 = CARTESIAN_POINT ( 'NONE',  ( -196.4999999999999147, 11.78115635848825349, 14.42380278881997491 ) ) ;
#337 = ORIENTED_EDGE ( 'NONE', *, *, #4402, .F. ) ;
#338 = AXIS2_PLACEMENT_3D ( 'NONE', #3830, #2213, #4845 ) ;
#339 = CARTESIAN_POINT ( 'NONE',  ( -196.2999999999999261, 12.15267899223054293, 9.787938240132884715 ) ) ;
#340 = LINE ( 'NONE', #236, #3708 ) ;
#341 = AXIS2_PLACEMENT_3D ( 'NONE', #524, #4285, #1439 ) ;
#342 = VERTEX_POINT ( 'NONE', #1886 ) ;
#343 = CARTESIAN_POINT ( 'NONE',  ( -196.4999999999999147, 11.61942125565589023, 8.525657410945344239 ) ) ;
#344 = CARTESIAN_POINT ( 'NONE',  ( -196.2999999999999261, 12.13055987084113063, 9.068639878778080643 ) ) ;
#345 = ADVANCED_FACE ( 'NONE', ( #1179 ), #194, .T. ) ;
#346 = CARTESIAN_POINT ( 'NONE',  ( -196.2999999999999261, 11.77721029717653067, 15.38352610298431955 ) ) ;
#347 = CARTESIAN_POINT ( 'NONE',  ( -196.2999999999999261, 11.82244176215492359, 13.88861189805140484 ) ) ;
#348 = DIRECTION ( 'NONE',  ( 6.162975822039154730E-33, 1.224646799147353454E-16, -1.000000000000000000 ) ) ;
#349 = B_SPLINE_CURVE_WITH_KNOTS ( 'NONE', 3,
 ( #1294, #1857, #3994, #1331, #2943, #2415, #1400 ),
 .UNSPECIFIED., .F., .F.,
 ( 4, 1, 1, 1, 4 ),
 ( 0.000000000000000000, 0.2835948081386991393, 0.5433948405759713163, 0.7806456291745600407, 1.000000000000000000 ),
 .UNSPECIFIED. ) ;
#350 = CARTESIAN_POINT ( 'NONE',  ( -196.4999999999999147, 11.66562216403330687, 8.371111203525194000 ) ) ;
#351 = DIRECTION ( 'NONE',  ( 6.162975822039154730E-33, 1.224646799147353454E-16, -1.000000000000000000 ) ) ;
#352 = AXIS2_PLACEMENT_3D ( 'NONE', #1971, #2724, #6404 ) ;
#353 = VECTOR ( 'NONE', #3576, 1000.000000000000000 ) ;
#354 = CARTESIAN_POINT ( 'NONE',  ( -210.0000000000000000, 8.499999999999932498, 1.500000000000081046 ) ) ;
#355 = AXIS2_PLACEMENT_3D ( 'NONE', #6673, #3420, #3871 ) ;
#356 = CARTESIAN_POINT ( 'NONE',  ( -196.2999999999999261, 11.50511061910249211, 7.804514051802195596 ) ) ;
#357 = CARTESIAN_POINT ( 'NONE',  ( -196.2999999999999261, 11.50141186431838491, 9.299108692923198305 ) ) ;
#358 = VERTEX_POINT ( 'NONE', #1817 ) ;
#359 = DIRECTION ( 'NONE',  ( 0.000000000000000000, -1.224646799147353700E-16, 1.000000000000000000 ) ) ;
#360 = CARTESIAN_POINT ( 'NONE',  ( -196.4999999999999147, 11.92881571047223233, 10.14056001503858262 ) ) ;
#361 = ADVANCED_FACE ( 'NONE', ( #2274 ), #4418, .T. ) ;
#362 = ORIENTED_EDGE ( 'NONE', *, *, #1309, .F. ) ;
#363 = DIRECTION ( 'NONE',  ( 0.000000000000000000, -1.224646799147353700E-16, 1.000000000000000000 ) ) ;
#364 = CARTESIAN_POINT ( 'NONE',  ( -196.4999999999999147, 12.15267899223054293, 9.787938240132884715 ) ) ;
#365 = EDGE_CURVE ( 'NONE', #90, #3332, #4449, .T. ) ;
#366 = CARTESIAN_POINT ( 'NONE',  ( 2.081668171172168908E-15, -12.00000000000000178, 0.000000000000000000 ) ) ;
#367 = AXIS2_PLACEMENT_3D ( 'NONE', #990, #2644, #6896 ) ;
#368 = CARTESIAN_POINT ( 'NONE',  ( -196.2999999999999261, 11.50141186431838491, 5.879877923692430564 ) ) ;
#369 = VECTOR ( 'NONE', #3991, 1000.000000000000000 ) ;
#370 = DIRECTION ( 'NONE',  ( -3.330669073875469621E-16, 1.000000000000000000, 1.224646799147353947E-16 ) ) ;
#371 = DIRECTION ( 'NONE',  ( -6.162975822039154730E-33, -1.224646799147353454E-16, 1.000000000000000000 ) ) ;
#372 = ADVANCED_FACE ( 'NONE', ( #6058 ), #5672, .T. ) ;
#373 = LINE ( 'NONE', #6905, #4187 ) ;
#374 = EDGE_LOOP ( 'NONE', ( #2246, #4117, #851, #6486 ) ) ;
#375 = CARTESIAN_POINT ( 'NONE',  ( -196.4999999999999147, 11.76760848498089196, 9.039826483145047220 ) ) ;
#376 = CARTESIAN_POINT ( 'NONE',  ( -196.4999999999999147, 11.59716867280406483, 8.565700722536947254 ) ) ;
#377 = ORIENTED_EDGE ( 'NONE', *, *, #882, .F. ) ;
#378 = CARTESIAN_POINT ( 'NONE',  ( -196.2999999999999261, 12.29516186431838598, 6.474236397250122010 ) ) ;
#379 = CARTESIAN_POINT ( 'NONE',  ( -196.2999999999999261, 12.31448192903666516, 8.762703384662604122 ) ) ;
#380 = FACE_OUTER_BOUND ( 'NONE', #63, .T. ) ;
#381 = DIRECTION ( 'NONE',  ( -1.000000000000000000, 0.000000000000000000, 0.000000000000000000 ) ) ;
#382 = DIRECTION ( 'NONE',  ( 6.162975822039154730E-33, 1.224646799147353454E-16, -1.000000000000000000 ) ) ;
#383 = CARTESIAN_POINT ( 'NONE',  ( -196.2999999999999261, 11.87003488376393179, 12.52493252238410193 ) ) ;
#384 = CARTESIAN_POINT ( 'NONE',  ( -196.2999999999999261, 12.08543505141774510, 12.76922087241037751 ) ) ;
#385 = ADVANCED_FACE ( 'NONE', ( #3958 ), #2479, .F. ) ;
#386 = ORIENTED_EDGE ( 'NONE', *, *, #2869, .F. ) ;
#387 = DIRECTION ( 'NONE',  ( 6.162975822039154730E-33, 1.224646799147353454E-16, -1.000000000000000000 ) ) ;
#388 = CARTESIAN_POINT ( 'NONE',  ( -196.2999999999999261, 11.51704475560380736, 7.894564462974205554 ) ) ;
#389 = CARTESIAN_POINT ( 'NONE',  ( -196.4999999999999147, 11.79248106198219936, 17.08585790593490117 ) ) ;
#390 = ORIENTED_EDGE ( 'NONE', *, *, #6324, .F. ) ;
#391 = DIRECTION ( 'NONE',  ( -1.000000000000000000, 0.000000000000000000, 0.000000000000000000 ) ) ;
#392 = CARTESIAN_POINT ( 'NONE',  ( -196.2999999999999261, 11.48105930021582033, 12.69798689805140590 ) ) ;
#393 = EDGE_LOOP ( 'NONE', ( #5805, #6276, #5182, #6381 ) ) ;
#394 = CARTESIAN_POINT ( 'NONE',  ( -196.2999999999999261, 12.30533814636966738, 13.65169533154499426 ) ) ;
#395 = FACE_OUTER_BOUND ( 'NONE', #4767, .T. ) ;
#396 = DIRECTION ( 'NONE',  ( 1.000000000000000000, 0.000000000000000000, 0.000000000000000000 ) ) ;
#397 = CARTESIAN_POINT ( 'NONE',  ( -12.00000000000000178, 8.499999999999996447, 1.500000000000000000 ) ) ;
#398 = ORIENTED_EDGE ( 'NONE', *, *, #3807, .F. ) ;
#399 = CARTESIAN_POINT ( 'NONE',  ( -196.2999999999999261, 12.30533814636966738, 12.25563663763473699 ) ) ;
#400 = CARTESIAN_POINT ( 'NONE',  ( -196.2999999999999261, 11.81508305694751471, 10.38932051256066735 ) ) ;
#401 = CARTESIAN_POINT ( 'NONE',  ( -196.4999999999999147, 11.89660500934381915, 14.51447591900033451 ) ) ;
#402 = ORIENTED_EDGE ( 'NONE', *, *, #6158, .F. ) ;
#403 = CARTESIAN_POINT ( 'NONE',  ( -196.4999999999999147, 12.21434580088574506, 9.757740849327110055 ) ) ;
#404 = CARTESIAN_POINT ( 'NONE',  ( -196.4999999999999147, 11.83313691053144900, 8.379079219054833771 ) ) ;
#405 = EDGE_CURVE ( 'NONE', #2658, #4509, #5737, .T. ) ;
#406 = EDGE_CURVE ( 'NONE', #3148, #2222, #3539, .T. ) ;
#407 = EDGE_CURVE ( 'NONE', #5671, #3863, #6226, .T. ) ;
#408 = VERTEX_POINT ( 'NONE', #399 ) ;
#409 = CARTESIAN_POINT ( 'NONE',  ( -196.4999999999999147, 11.81146017414348215, 8.384317926157580203 ) ) ;
#410 = DIRECTION ( 'NONE',  ( 1.000000000000000000, 3.110937433585073727E-16, 4.851840871236884216E-32 ) ) ;
#411 = CARTESIAN_POINT ( 'NONE',  ( -21.99999999999999289, 3.199999999999992184, 7.325027296675305801E-14 ) ) ;
#412 = ORIENTED_EDGE ( 'NONE', *, *, #4226, .F. ) ;
#413 = CARTESIAN_POINT ( 'NONE',  ( -196.4999999999999147, 12.00020868923825645, 14.51954138523089100 ) ) ;
#414 = CARTESIAN_POINT ( 'NONE',  ( -196.2999999999999261, 11.80780482575909396, 12.48236265324754335 ) ) ;
#415 = AXIS2_PLACEMENT_3D ( 'NONE', #1302, #5548, #842 ) ;
#416 = CARTESIAN_POINT ( 'NONE',  ( -196.2999999999999261, 11.50141186431838491, 9.807922795487300505 ) ) ;
#417 = B_SPLINE_CURVE_WITH_KNOTS ( 'NONE', 3,
 ( #554, #6556, #6449, #3301, #5434, #1653, #1148, #6952, #2762, #592, #1753 ),
 .UNSPECIFIED., .F., .F.,
 ( 4, 1, 1, 1, 1, 1, 1, 1, 4 ),
 ( 0.000000000000000000, 0.08431861695858161587, 0.1792845142139038173, 0.2865825276465605587, 0.4051114834342783855, 0.5355928734189743246, 0.6781902099934140615, 0.8329758397604893894, 1.000000000000000000 ),
 .UNSPECIFIED. ) ;
#418 = VECTOR ( 'NONE', #6096, 1000.000000000000000 ) ;
#419 = EDGE_LOOP ( 'NONE', ( #6731, #5302, #5246, #2032 ) ) ;
#420 = ORIENTED_EDGE ( 'NONE', *, *, #5049, .F. ) ;
#421 = CARTESIAN_POINT ( 'NONE',  ( -22.00000000000000000, -5.204170427930421283E-15, 20.00000000000007461 ) ) ;
#422 = CARTESIAN_POINT ( 'NONE',  ( -196.2999999999999261, 11.79140812767901814, 8.315338700907185299 ) ) ;
#423 = CARTESIAN_POINT ( 'NONE',  ( -196.2999999999999261, 11.51133027008678944, 10.34578991721826569 ) ) ;
#424 = ORIENTED_EDGE ( 'NONE', *, *, #5365, .F. ) ;
#425 = PLANE ( 'NONE',  #430 ) ;
#426 = CARTESIAN_POINT ( 'NONE',  ( -196.2999999999999261, 12.23410417201069222, 13.65423940205781506 ) ) ;
#427 = ORIENTED_EDGE ( 'NONE', *, *, #1523, .T. ) ;
#428 = CARTESIAN_POINT ( 'NONE',  ( -196.2999999999999261, 11.92073615282284038, 15.23380378076062058 ) ) ;
#429 = CARTESIAN_POINT ( 'NONE',  ( -196.4999999999999147, 12.31448192903666516, 8.762703384662604122 ) ) ;
#430 = AXIS2_PLACEMENT_3D ( 'NONE', #3098, #3135, #4292 ) ;
#431 = ADVANCED_FACE ( 'NONE', ( #2579 ), #6794, .F. ) ;
#432 = CARTESIAN_POINT ( 'NONE',  ( -196.4999999999999147, 11.97836431995632900, 15.22440712715928157 ) ) ;
#433 = DATE_AND_TIME ( #5908, #3478 ) ;
#434 = VECTOR ( 'NONE', #4316, 1000.000000000000000 ) ;
#435 = VERTEX_POINT ( 'NONE', #4627 ) ;
#436 = CARTESIAN_POINT ( 'NONE',  ( -196.2999999999999261, 11.70493750534402544, 13.65392139324371179 ) ) ;
#437 = CARTESIAN_POINT ( 'NONE',  ( -196.2999999999999261, 12.01654770443641063, 12.55529639604886150 ) ) ;
#438 = CARTESIAN_POINT ( 'NONE',  ( 1.734723475976807094E-15, 0.000000000000000000, 20.00000000000000000 ) ) ;
#439 = CARTESIAN_POINT ( 'NONE',  ( 6.004232138755944526, 2.489818552411045882, -8.400000000000000355 ) ) ;
#440 = VERTEX_POINT ( 'NONE', #334 ) ;
#441 = CARTESIAN_POINT ( 'NONE',  ( -196.4999999999999147, 12.18458641056247060, 9.775302942918655091 ) ) ;
#442 = CARTESIAN_POINT ( 'NONE',  ( -196.4999999999999147, 11.56515164140338392, 8.672655242204097448 ) ) ;
#443 = ORIENTED_EDGE ( 'NONE', *, *, #407, .F. ) ;
#444 = CARTESIAN_POINT ( 'NONE',  ( -196.2999999999999261, 12.01735400359370054, 12.02671668731270138 ) ) ;
#445 = EDGE_CURVE ( 'NONE', #6712, #137, #2100, .T. ) ;
#446 = CARTESIAN_POINT ( 'NONE',  ( -196.2999999999999261, 12.28572287117323292, 8.881296191934618278 ) ) ;
#447 = CARTESIAN_POINT ( 'NONE',  ( -196.4999999999999147, 12.06397064249872919, 16.87533884485661773 ) ) ;
#448 = ORIENTED_EDGE ( 'NONE', *, *, #1072, .T. ) ;
#449 = CARTESIAN_POINT ( 'NONE',  ( -196.2999999999999261, 11.97768696810445554, 12.55476632276836746 ) ) ;
#450 = EDGE_CURVE ( 'NONE', #1393, #2327, #960, .T. ) ;
#451 = LINE ( 'NONE', #2595, #232 ) ;
#452 = ADVANCED_FACE ( 'NONE', ( #1957 ), #4125, .F. ) ;
#453 = VECTOR ( 'NONE', #6327, 1000.000000000000000 ) ;
#454 = ORIENTED_EDGE ( 'NONE', *, *, #1573, .T. ) ;
#455 = VERTEX_POINT ( 'NONE', #1496 ) ;
#456 = DIRECTION ( 'NONE',  ( -1.000000000000000000, -3.330669073875469621E-16, -4.314083075427408311E-32 ) ) ;
#457 = CARTESIAN_POINT ( 'NONE',  ( -196.4999999999999147, 11.58367513278220429, 8.441571474072352643 ) ) ;
#458 = VECTOR ( 'NONE', #569, 1000.000000000000000 ) ;
#459 = CARTESIAN_POINT ( 'NONE',  ( -196.2999999999999261, 11.90178496127351337, 8.301833051897556714 ) ) ;
#460 = CIRCLE ( 'NONE', #2142, 4.500000000000003553 ) ;
#461 = ORIENTED_EDGE ( 'NONE', *, *, #2904, .F. ) ;
#462 = DIRECTION ( 'NONE',  ( 0.6084474286424762512, 0.7935941825507283331, 0.000000000000000000 ) ) ;
#463 = EDGE_CURVE ( 'NONE', #5395, #1119, #828, .T. ) ;
#464 = VECTOR ( 'NONE', #3112, 1000.000000000000000 ) ;
#465 = VECTOR ( 'NONE', #3089, 1000.000000000000000 ) ;
#466 = CARTESIAN_POINT ( 'NONE',  ( -2.081668171172168513E-15, 11.99999999999999822, 20.00000000000000000 ) ) ;
#467 = VERTEX_POINT ( 'NONE', #436 ) ;
#468 = LINE ( 'NONE', #6319, #6176 ) ;
#469 = LINE ( 'NONE', #4193, #1949 ) ;
#470 = CARTESIAN_POINT ( 'NONE',  ( -196.2999999999999261, 12.28057022364129658, 9.418904462578886694 ) ) ;
#471 = CARTESIAN_POINT ( 'NONE',  ( -196.4999999999999147, 11.71511378739530862, 15.15047087241037893 ) ) ;
#472 = ORIENTED_EDGE ( 'NONE', *, *, #1668, .F. ) ;
#473 = EDGE_CURVE ( 'NONE', #1526, #6623, #5110, .T. ) ;
#474 = CARTESIAN_POINT ( 'NONE',  ( -199.4999999999999716, 15.99999999999994493, 16.00000000000008527 ) ) ;
#475 = CARTESIAN_POINT ( 'NONE',  ( -196.4999999999999147, 11.56246955662607689, 8.717470571929609946 ) ) ;
#476 = LINE ( 'NONE', #6904, #4395 ) ;
#477 = CARTESIAN_POINT ( 'NONE',  ( -196.4999999999999147, 11.84061256514654481, 14.49894955088520909 ) ) ;
#478 = ORIENTED_EDGE ( 'NONE', *, *, #1624, .T. ) ;
#479 = DIRECTION ( 'NONE',  ( -1.000000000000000000, 0.000000000000000000, 0.000000000000000000 ) ) ;
#480 = CARTESIAN_POINT ( 'NONE',  ( -193.0000000000000000, 8.499999999999937828, 1.500000000000081046 ) ) ;
#481 = AXIS2_PLACEMENT_3D ( 'NONE', #1733, #5442, #4357 ) ;
#482 = DIRECTION ( 'NONE',  ( -1.000000000000000000, 0.000000000000000000, 0.000000000000000000 ) ) ;
#483 = ORIENTED_EDGE ( 'NONE', *, *, #926, .T. ) ;
#484 = CARTESIAN_POINT ( 'NONE',  ( -196.2999999999999261, 11.79830163813430666, 14.46008602728584336 ) ) ;
#485 = CARTESIAN_POINT ( 'NONE',  ( -205.2499999999995168, 5.499999999999936051, 4.250000000000991207 ) ) ;
#486 = DIRECTION ( 'NONE',  ( -1.000000000000000000, -1.665334536937734318E-16, -3.081487911019576818E-32 ) ) ;
#487 = VERTEX_POINT ( 'NONE', #6258 ) ;
#488 = PLANE ( 'NONE',  #6370 ) ;
#489 = LINE ( 'NONE', #906, #5060 ) ;
#490 = VERTEX_POINT ( 'NONE', #1424 ) ;
#491 = EDGE_LOOP ( 'NONE', ( #5818, #4905, #5103, #6414 ) ) ;
#492 = CARTESIAN_POINT ( 'NONE',  ( -22.00000000000000000, -5.204170427930421283E-15, 7.285838599102589797E-14 ) ) ;
#493 = CARTESIAN_POINT ( 'NONE',  ( -196.2999999999999261, 12.01441301783471260, 13.13552386821752371 ) ) ;
#494 = CIRCLE ( 'NONE', #6901, 2.750000000000002665 ) ;
#495 = CARTESIAN_POINT ( 'NONE',  ( 9.731492488754181380, -1.277257716615686878, -10.40000000000000036 ) ) ;
#496 = FACE_BOUND ( 'NONE', #6421, .T. ) ;
#497 = EDGE_CURVE ( 'NONE', #2206, #5873, #299, .T. ) ;
#498 = EDGE_CURVE ( 'NONE', #516, #6539, #76, .T. ) ;
#499 = EDGE_CURVE ( 'NONE', #4616, #908, #3567, .T. ) ;
#500 = CARTESIAN_POINT ( 'NONE',  ( -196.2999999999999261, 11.70533334399393510, 13.00065284634011675 ) ) ;
#501 = EDGE_CURVE ( 'NONE', #3874, #292, #5247, .T. ) ;
#502 = VERTEX_POINT ( 'NONE', #1394 ) ;
#503 = CARTESIAN_POINT ( 'NONE',  ( -196.2999999999999261, 11.50141186431838491, 7.009445231384737518 ) ) ;
#504 = CARTESIAN_POINT ( 'NONE',  ( -196.4999999999999147, 11.77627939031432014, 12.97162727125194515 ) ) ;
#505 = DIRECTION ( 'NONE',  ( 2.220446049250312588E-16, -1.000000000000000000, -1.224646799147355919E-16 ) ) ;
#506 = ORIENTED_EDGE ( 'NONE', *, *, #3270, .F. ) ;
#507 = CARTESIAN_POINT ( 'NONE',  ( -196.2999999999999261, 12.30032839246574206, 12.19260119430113143 ) ) ;
#508 = CARTESIAN_POINT ( 'NONE',  ( -196.2999999999999261, 12.29516186431838598, 12.69798689805140590 ) ) ;
#509 = CARTESIAN_POINT ( 'NONE',  ( -196.2999999999999261, 11.84762157390361637, 10.26697745878872681 ) ) ;
#510 = CARTESIAN_POINT ( 'NONE',  ( -196.2999999999999261, 11.77617147970300238, 12.97735764124050739 ) ) ;
#511 = CARTESIAN_POINT ( 'NONE',  ( -5.158362186579739550, 3.954908286176098464, -8.400000000000000355 ) ) ;
#512 = ORIENTED_EDGE ( 'NONE', *, *, #4664, .F. ) ;
#513 = PLANE ( 'NONE',  #2011 ) ;
#514 = DIRECTION ( 'NONE',  ( 1.000000000000000000, 1.665334536937734318E-16, 2.655744192374251919E-32 ) ) ;
#515 = EDGE_CURVE ( 'NONE', #6199, #3863, #3666, .T. ) ;
#516 = VERTEX_POINT ( 'NONE', #2023 ) ;
#517 = PLANE ( 'NONE',  #3004 ) ;
#518 = EDGE_LOOP ( 'NONE', ( #4666, #4941, #6397, #6194 ) ) ;
#519 = CARTESIAN_POINT ( 'NONE',  ( -196.2999999999999261, 12.21833239744912092, 12.16677996271678097 ) ) ;
#520 = CARTESIAN_POINT ( 'NONE',  ( -196.2999999999999261, 11.98065114717094914, 14.91641638523089242 ) ) ;
#521 = CARTESIAN_POINT ( 'NONE',  ( -196.4999999999999147, 11.93819870912968462, 15.22998479419250195 ) ) ;
#522 = VERTEX_POINT ( 'NONE', #4691 ) ;
#523 = LINE ( 'NONE', #5369, #3361 ) ;
#524 = CARTESIAN_POINT ( 'NONE',  ( -22.00000000000000000, -5.204170427930421283E-15, 7.285838599102589797E-14 ) ) ;
#525 = EDGE_LOOP ( 'NONE', ( #4309, #1987, #1534, #2212 ) ) ;
#526 = EDGE_LOOP ( 'NONE', ( #2413, #6033, #5337, #1847, #3511, #5240, #5251, #6274, #610, #221 ) ) ;
#527 = CARTESIAN_POINT ( 'NONE',  ( -196.2999999999999261, 12.16781432326341061, 13.48945378138575002 ) ) ;
#528 = DIRECTION ( 'NONE',  ( 6.162975822039154730E-33, 1.224646799147353454E-16, -1.000000000000000000 ) ) ;
#529 = CARTESIAN_POINT ( 'NONE',  ( -196.2999999999999261, 11.50189267072186894, 10.23040623736583221 ) ) ;
#530 = LINE ( 'NONE', #5235, #4359 ) ;
#531 = VECTOR ( 'NONE', #2865, 1000.000000000000000 ) ;
#532 = CARTESIAN_POINT ( 'NONE',  ( -196.2999999999999261, 12.29923451339825746, 13.71924743001813418 ) ) ;
#533 = ORIENTED_EDGE ( 'NONE', *, *, #4086, .T. ) ;
#534 = CARTESIAN_POINT ( 'NONE',  ( -196.2999999999999261, 11.86560709949424997, 15.25530887756424292 ) ) ;
#535 = DIRECTION ( 'NONE',  ( -2.220446049250312588E-16, 1.000000000000000000, 1.224646799147355919E-16 ) ) ;
#536 = CARTESIAN_POINT ( 'NONE',  ( -196.4999999999999147, 11.77617147970300060, 15.40933004708986509 ) ) ;
#537 = EDGE_CURVE ( 'NONE', #2552, #6869, #1607, .T. ) ;
#538 = EDGE_CURVE ( 'NONE', #1099, #2632, #4787, .T. ) ;
#539 = VERTEX_POINT ( 'NONE', #4337 ) ;
#540 = CARTESIAN_POINT ( 'NONE',  ( -202.2499999999999716, 17.74999999999993960, 4.000000000000072831 ) ) ;
#541 = VECTOR ( 'NONE', #1237, 1000.000000000000000 ) ;
#542 = CARTESIAN_POINT ( 'NONE',  ( -196.2999999999999261, 12.29516186431838598, 7.528435616000122010 ) ) ;
#543 = CARTESIAN_POINT ( 'NONE',  ( -196.2999999999999261, 12.23703974743304812, 12.45033497918684695 ) ) ;
#544 = LINE ( 'NONE', #85, #3832 ) ;
#545 = LINE ( 'NONE', #5715, #6067 ) ;
#546 = CARTESIAN_POINT ( 'NONE',  ( 9.731492488754184933, -1.277257716615687766, -9.571572875253810508 ) ) ;
#547 = DIRECTION ( 'NONE',  ( 1.000000000000000000, 0.000000000000000000, 0.000000000000000000 ) ) ;
#548 = VERTEX_POINT ( 'NONE', #3287 ) ;
#549 = OPEN_SHELL ( 'NONE', ( #2815 ) ) ;
#550 = VECTOR ( 'NONE', #4307, 1000.000000000000000 ) ;
#551 = CARTESIAN_POINT ( 'NONE',  ( -5.999999999999999112, 0.000000000000000000, 0.000000000000000000 ) ) ;
#552 = CARTESIAN_POINT ( 'NONE',  ( -199.4999999999999432, 12.99999999999993960, -14.99999999999898925 ) ) ;
#553 = CARTESIAN_POINT ( 'NONE',  ( -196.2999999999999261, 11.98096915598505241, 16.01545484676935516 ) ) ;
#554 = CARTESIAN_POINT ( 'NONE',  ( -196.2999999999999261, 11.60508273771582211, 7.899392897650762357 ) ) ;
#555 = VERTEX_POINT ( 'NONE', #1102 ) ;
#556 = LINE ( 'NONE', #6415, #4811 ) ;
#557 = LINE ( 'NONE', #2176, #1926 ) ;
#558 = EDGE_LOOP ( 'NONE', ( #4771, #6530, #3570, #5756 ) ) ;
#559 = ORIENTED_EDGE ( 'NONE', *, *, #2857, .F. ) ;
#560 = CARTESIAN_POINT ( 'NONE',  ( -196.2999999999999261, 11.86963580831717024, 12.80688393580663131 ) ) ;
#561 = EDGE_CURVE ( 'NONE', #5186, #6282, #5880, .T. ) ;
#562 = DIRECTION ( 'NONE',  ( 0.000000000000000000, -1.224646799147353700E-16, 1.000000000000000000 ) ) ;
#563 = CARTESIAN_POINT ( 'NONE',  ( -2.081668171172168513E-15, 11.99999999999999822, 20.00000000000000000 ) ) ;
#564 = CARTESIAN_POINT ( 'NONE',  ( -196.2999999999999261, 11.71511378739530862, 15.15047087241037893 ) ) ;
#565 = AXIS2_PLACEMENT_3D ( 'NONE', #6749, #2463, #1944 ) ;
#566 = CARTESIAN_POINT ( 'NONE',  ( -196.2999999999999261, 12.08063101832262731, 9.732192895703034807 ) ) ;
#567 = CIRCLE ( 'NONE', #1585, 2.324755385772037108 ) ;
#568 = VERTEX_POINT ( 'NONE', #2650 ) ;
#569 = DIRECTION ( 'NONE',  ( -6.162975822039154730E-33, -1.224646799147353454E-16, 1.000000000000000000 ) ) ;
#570 = CARTESIAN_POINT ( 'NONE',  ( -196.2999999999999261, 11.97699404580877136, 9.370342667282171689 ) ) ;
#571 = CARTESIAN_POINT ( 'NONE',  ( -196.2999999999999261, 12.31533645486997486, 9.553671288666457428 ) ) ;
#572 = COORDINATED_UNIVERSAL_TIME_OFFSET ( 1, 0, .AHEAD. ) ;
#573 = AXIS2_PLACEMENT_3D ( 'NONE', #911, #3061, #1945 ) ;
#574 = AXIS2_PLACEMENT_3D ( 'NONE', #5752, #2653, #3614 ) ;
#575 = EDGE_CURVE ( 'NONE', #6869, #95, #3811, .T. ) ;
#576 = EDGE_LOOP ( 'NONE', ( #4927, #2884, #2527, #978 ) ) ;
#577 = CARTESIAN_POINT ( 'NONE',  ( -196.2999999999999261, 12.19345840109097345, 12.01924164347915358 ) ) ;
#578 = EDGE_CURVE ( 'NONE', #2540, #6016, #1528, .T. ) ;
#579 = FACE_OUTER_BOUND ( 'NONE', #681, .T. ) ;
#580 = CARTESIAN_POINT ( 'NONE',  ( -194.9999999999999147, 12.99999999999993605, 19.50000000000101252 ) ) ;
#581 = DIRECTION ( 'NONE',  ( -1.000000000000000000, -1.665334536937734318E-16, -3.081487911019576818E-32 ) ) ;
#582 = FACE_OUTER_BOUND ( 'NONE', #3627, .T. ) ;
#583 = CARTESIAN_POINT ( 'NONE',  ( -196.2999999999999261, 11.73865046586832328, 13.51048421447880266 ) ) ;
#584 = LINE ( 'NONE', #3852, #6389 ) ;
#585 = EDGE_CURVE ( 'NONE', #2128, #3929, #3787, .T. ) ;
#586 = ORIENTED_EDGE ( 'NONE', *, *, #6798, .F. ) ;
#587 = EDGE_CURVE ( 'NONE', #2629, #4748, #2194, .T. ) ;
#588 = CARTESIAN_POINT ( 'NONE',  ( -196.2999999999999261, 12.19706056674498384, 8.072142829065317216 ) ) ;
#589 = CARTESIAN_POINT ( 'NONE',  ( -196.2999999999999261, 12.12277166131168471, 12.05644785006340314 ) ) ;
#590 = EDGE_CURVE ( 'NONE', #2154, #4184, #4333, .T. ) ;
#591 = CARTESIAN_POINT ( 'NONE',  ( -196.2999999999999261, 11.82837916878387219, 14.58776062684828467 ) ) ;
#592 = CARTESIAN_POINT ( 'NONE',  ( -196.2999999999999261, 11.58286316538817218, 7.669155428429543342 ) ) ;
#593 = VERTEX_POINT ( 'NONE', #1136 ) ;
#594 = DIRECTION ( 'NONE',  ( -1.000000000000000000, -1.665334536937734318E-16, -3.081487911019576818E-32 ) ) ;
#595 = LINE ( 'NONE', #3231, #5166 ) ;
#596 = VECTOR ( 'NONE', #3833, 1000.000000000000000 ) ;
#597 = VERTEX_POINT ( 'NONE', #3216 ) ;
#598 = VERTEX_POINT ( 'NONE', #3703 ) ;
#599 = CARTESIAN_POINT ( 'NONE',  ( -196.2999999999999261, 11.78214050044128847, 12.92715867491429016 ) ) ;
#600 = AXIS2_PLACEMENT_3D ( 'NONE', #695, #795, #166 ) ;
#601 = DIRECTION ( 'NONE',  ( 6.162975822039154730E-33, 1.224646799147353454E-16, -1.000000000000000000 ) ) ;
#602 = CARTESIAN_POINT ( 'NONE',  ( -196.2999999999999261, 11.72859607713144214, 12.13449397414951569 ) ) ;
#603 = CARTESIAN_POINT ( 'NONE',  ( -196.2999999999999261, 11.99439775830725097, 13.42083401893184202 ) ) ;
#604 = ADVANCED_FACE ( 'NONE', ( #5421 ), #5285, .T. ) ;
#605 = CARTESIAN_POINT ( 'NONE',  ( -196.2999999999999261, 12.30506967740583235, 13.66321690425339241 ) ) ;
#606 = ORIENTED_EDGE ( 'NONE', *, *, #575, .T. ) ;
#607 = CARTESIAN_POINT ( 'NONE',  ( -196.2999999999999261, 11.77617147970300238, 12.25531862882063550 ) ) ;
#608 = FACE_OUTER_BOUND ( 'NONE', #6305, .T. ) ;
#609 = CARTESIAN_POINT ( 'NONE',  ( -196.2999999999999261, 11.58282212072864148, 10.08268241087191797 ) ) ;
#610 = ORIENTED_EDGE ( 'NONE', *, *, #5201, .F. ) ;
#611 = CARTESIAN_POINT ( 'NONE',  ( -196.2999999999999261, 12.30533814636966738, 12.25563663763473699 ) ) ;
#612 = PLANE ( 'NONE',  #758 ) ;
#613 = CARTESIAN_POINT ( 'NONE',  ( -196.2999999999999261, 11.48105930021582033, 8.713972474974481131 ) ) ;
#614 = CARTESIAN_POINT ( 'NONE',  ( -196.2999999999999261, 12.16587076405474654, 7.979073853471726707 ) ) ;
#615 = CARTESIAN_POINT ( 'NONE',  ( -196.2999999999999261, 12.31502182666111089, 9.582134112430029660 ) ) ;
#616 = CARTESIAN_POINT ( 'NONE',  ( -196.4999999999999147, 15.99999999999993783, 19.50000000000100897 ) ) ;
#617 = B_SPLINE_CURVE_WITH_KNOTS ( 'NONE', 3,
 ( #5082, #134, #6100, #4556, #2310, #6129, #1258, #1856, #1785, #730, #5010, #3859, #2378, #1330, #2908, #659, #235, #3476, #6000 ),
 .UNSPECIFIED., .F., .F.,
 ( 4, 1, 1, 1, 1, 1, 1, 1, 1, 1, 1, 1, 1, 1, 1, 1, 4 ),
 ( 0.000000000000000000, 0.06867706841303769516, 0.1368709585090955028, 0.2061143571452990209, 0.2775381819697277375, 0.3497719775548993049, 0.4212508361555708514, 0.4929107569233719399, 0.5670265889927410541, 0.6066141532413362736, 0.6497039535189885751, 0.6973031504846857187, 0.7490856597091368752, 0.8048806474593089844, 0.8654850057023365517, 0.9302371271531363339, 1.000000000000000000 ),
 .UNSPECIFIED. ) ;
#618 = ORIENTED_EDGE ( 'NONE', *, *, #6913, .F. ) ;
#619 = CARTESIAN_POINT ( 'NONE',  ( -196.2999999999999261, 12.21306383184503197, 8.055358936227708710 ) ) ;
#620 = CARTESIAN_POINT ( 'NONE',  ( -196.4999999999999147, 11.77088567006646969, 15.96565077672496358 ) ) ;
#621 = CARTESIAN_POINT ( 'NONE',  ( -3.759608614608207056, 9.066348570306416832, -10.40000000000000036 ) ) ;
#622 = CARTESIAN_POINT ( 'NONE',  ( -196.2999999999999261, 12.12511746734162976, 9.382795348120447798 ) ) ;
#623 = ORIENTED_EDGE ( 'NONE', *, *, #6286, .F. ) ;
#624 = CARTESIAN_POINT ( 'NONE',  ( -196.2999999999999261, 12.00434280382159002, 16.94149651343601803 ) ) ;
#625 = DIRECTION ( 'NONE',  ( -0.9914964367057140793, 0.1301338387963397458, 0.000000000000000000 ) ) ;
#626 = B_SPLINE_CURVE_WITH_KNOTS ( 'NONE', 3,
 ( #3602, #930, #2543, #3704, #4755, #1565, #4692, #5844, #6903, #4788, #3637, #14, #4228, #1036, #5774, #2580, #6363, #5808, #961 ),
 .UNSPECIFIED., .F., .F.,
 ( 4, 1, 1, 1, 1, 1, 1, 1, 1, 1, 1, 1, 1, 1, 1, 1, 4 ),
 ( 0.000000000000000000, 0.06461999134076792939, 0.1274334841444711153, 0.1890041265579409657, 0.2499300706860451415, 0.3106684537406730340, 0.3723289611368253982, 0.4349391099970086882, 0.4995755441940348263, 0.5641912077719251073, 0.6267352169294783115, 0.6881093335614022477, 0.7492936065367520326, 0.8103305278109450560, 0.8719011702244157114, 0.9350459146845312430, 1.000000000000000000 ),
 .UNSPECIFIED. ) ;
#627 = EDGE_CURVE ( 'NONE', #522, #5327, #3775, .T. ) ;
#628 = ADVANCED_FACE ( 'NONE', ( #5842 ), #612, .T. ) ;
#629 = VERTEX_POINT ( 'NONE', #6437 ) ;
#630 = VERTEX_POINT ( 'NONE', #5912 ) ;
#631 = CARTESIAN_POINT ( 'NONE',  ( -196.2999999999999261, 12.16429311016586823, 8.394277212445720338 ) ) ;
#632 = CARTESIAN_POINT ( 'NONE',  ( -196.2999999999999261, 11.48850271223911257, 8.632911045317609222 ) ) ;
#633 = DIRECTION ( 'NONE',  ( -0.6084474286424762512, -0.7935941825507284442, 0.000000000000000000 ) ) ;
#634 = CARTESIAN_POINT ( 'NONE',  ( -196.2999999999999261, 11.80547177885430976, 13.53743547434825878 ) ) ;
#635 = CARTESIAN_POINT ( 'NONE',  ( -196.2999999999999261, 11.85786121948277128, 13.19343993200580201 ) ) ;
#636 = CARTESIAN_POINT ( 'NONE',  ( -196.2999999999999261, 11.78007679297239818, 12.30037156966781176 ) ) ;
#637 = DIRECTION ( 'NONE',  ( -1.000000000000000000, -2.220446049250312588E-16, -1.035379938102577819E-30 ) ) ;
#638 = VECTOR ( 'NONE', #3101, 1000.000000000000000 ) ;
#639 = ORIENTED_EDGE ( 'NONE', *, *, #5124, .F. ) ;
#640 = CARTESIAN_POINT ( 'NONE',  ( -199.4999999999999147, 12.99999999999993427, 35.00000000000101608 ) ) ;
#641 = AXIS2_PLACEMENT_3D ( 'NONE', #5583, #248, #4534 ) ;
#642 = ORIENTED_EDGE ( 'NONE', *, *, #4574, .F. ) ;
#643 = AXIS2_PLACEMENT_3D ( 'NONE', #2410, #6656, #4936 ) ;
#644 = CARTESIAN_POINT ( 'NONE',  ( -196.2999999999999261, 11.80547177885430798, 17.05842906409185389 ) ) ;
#645 = VERTEX_POINT ( 'NONE', #5386 ) ;
#646 = DIRECTION ( 'NONE',  ( 1.000000000000000000, 3.330669073875469621E-16, 4.314083075427408311E-32 ) ) ;
#647 = ADVANCED_FACE ( 'NONE', ( #579 ), #2720, .F. ) ;
#648 = CARTESIAN_POINT ( 'NONE',  ( -196.2999999999999261, 11.83024875752022176, 9.058967241010806859 ) ) ;
#649 = CARTESIAN_POINT ( 'NONE',  ( -196.2999999999999261, 11.70530426793139966, 15.82880930723594481 ) ) ;
#650 = CARTESIAN_POINT ( 'NONE',  ( -196.2999999999999261, 12.06397064249872919, 16.87533884485661773 ) ) ;
#651 = PLANE ( 'NONE',  #6178 ) ;
#652 = AXIS2_PLACEMENT_3D ( 'NONE', #2867, #5455, #1715 ) ;
#653 = VERTEX_POINT ( 'NONE', #5036 ) ;
#654 = DIRECTION ( 'NONE',  ( -1.000000000000000000, -1.665334536937734318E-16, -2.655744192374251919E-32 ) ) ;
#655 = CARTESIAN_POINT ( 'NONE',  ( -196.2999999999999261, 12.16931713930567760, 13.82237152640107603 ) ) ;
#656 = DIRECTION ( 'NONE',  ( -1.042041300849240371E-32, -1.224646799147353454E-16, 1.000000000000000000 ) ) ;
#657 = CARTESIAN_POINT ( 'NONE',  ( -196.2999999999999261, 12.19494808714087597, 8.422568548462097127 ) ) ;
#658 = ORIENTED_EDGE ( 'NONE', *, *, #4145, .F. ) ;
#659 = CARTESIAN_POINT ( 'NONE',  ( -196.2999999999999261, 12.00104617744404756, 14.19528040917117728 ) ) ;
#660 = CARTESIAN_POINT ( 'NONE',  ( -196.2999999999999261, 11.98725506078721814, 14.59367848578940041 ) ) ;
#661 = CIRCLE ( 'NONE', #2905, 2.750000000000002665 ) ;
#662 = ORIENTED_EDGE ( 'NONE', *, *, #2427, .F. ) ;
#663 = EDGE_CURVE ( 'NONE', #2431, #3411, #5125, .T. ) ;
#664 = ORIENTED_EDGE ( 'NONE', *, *, #322, .F. ) ;
#665 = CARTESIAN_POINT ( 'NONE',  ( -196.2999999999999261, 11.90178496127351337, 8.301833051897556714 ) ) ;
#666 = EDGE_CURVE ( 'NONE', #3451, #6526, #3750, .T. ) ;
#667 = CARTESIAN_POINT ( 'NONE',  ( -196.2999999999999261, 12.00020868923825645, 14.51954138523089100 ) ) ;
#668 = EDGE_CURVE ( 'NONE', #6310, #2629, #1848, .T. ) ;
#669 = DIRECTION ( 'NONE',  ( -0.9237280213470682178, -0.3830490080632377725, 0.000000000000000000 ) ) ;
#670 = CARTESIAN_POINT ( 'NONE',  ( -199.4999999999999147, 15.99999999999993783, 4.000000000001011635 ) ) ;
#671 = CARTESIAN_POINT ( 'NONE',  ( -196.2999999999999261, 11.58458577253023414, 10.28909422850177791 ) ) ;
#672 = CARTESIAN_POINT ( 'NONE',  ( -196.2999999999999261, 12.29516186431838420, 15.15047087241037893 ) ) ;
#673 = EDGE_CURVE ( 'NONE', #4703, #6406, #4442, .T. ) ;
#674 = LINE ( 'NONE', #4436, #4850 ) ;
#675 = CIRCLE ( 'NONE', #3373, 3.000000000000002665 ) ;
#676 = VERTEX_POINT ( 'NONE', #157 ) ;
#677 = CARTESIAN_POINT ( 'NONE',  ( -199.4999999999999716, 15.99999999999993783, 4.000000000000072831 ) ) ;
#678 = VECTOR ( 'NONE', #6809, 1000.000000000000000 ) ;
#679 = VERTEX_POINT ( 'NONE', #2332 ) ;
#680 = CARTESIAN_POINT ( 'NONE',  ( -196.2999999999999261, 11.82813082625414580, 8.101063828854123017 ) ) ;
#681 = EDGE_LOOP ( 'NONE', ( #5336, #52 ) ) ;
#682 = CARTESIAN_POINT ( 'NONE',  ( -196.2999999999999261, 12.00911897683413088, 9.299100836439162521 ) ) ;
#683 = CARTESIAN_POINT ( 'NONE',  ( -196.2999999999999261, 11.56860205337793168, 8.785283295470797782 ) ) ;
#684 = AXIS2_PLACEMENT_3D ( 'NONE', #1679, #4893, #2688 ) ;
#685 = CARTESIAN_POINT ( 'NONE',  ( -196.4999999999999147, 11.81504869807821123, 15.99181028276992755 ) ) ;
#686 = VECTOR ( 'NONE', #382, 1000.000000000000000 ) ;
#687 = CARTESIAN_POINT ( 'NONE',  ( -196.2999999999999261, 12.00354778178633275, 16.87026253907704287 ) ) ;
#688 = DIRECTION ( 'NONE',  ( 0.000000000000000000, 0.000000000000000000, 1.000000000000000000 ) ) ;
#689 = ADVANCED_FACE ( 'NONE', ( #3356 ), #6577, .T. ) ;
#690 = VECTOR ( 'NONE', #1112, 1000.000000000000000 ) ;
#691 = CIRCLE ( 'NONE', #2469, 2.750000000000002665 ) ;
#692 = CARTESIAN_POINT ( 'NONE',  ( -196.2999999999999261, 11.72274599893377101, 11.09522247497448078 ) ) ;
#693 = CARTESIAN_POINT ( 'NONE',  ( -196.2999999999999261, 12.18836874745018051, 13.79889968629877472 ) ) ;
#694 = CARTESIAN_POINT ( 'NONE',  ( -196.4999999999999147, 12.30894908278305344, 9.621959169994154237 ) ) ;
#695 = CARTESIAN_POINT ( 'NONE',  ( -199.5000000000000000, 9.999999999999937828, 4.000000000000078160 ) ) ;
#696 = ORIENTED_EDGE ( 'NONE', *, *, #1731, .F. ) ;
#697 = CARTESIAN_POINT ( 'NONE',  ( -210.0000000000000000, 8.499999999999930722, 18.50000000000007816 ) ) ;
#698 = CARTESIAN_POINT ( 'NONE',  ( -196.2999999999999261, 11.77617147970300238, 15.80668206031101874 ) ) ;
#699 = ORIENTED_EDGE ( 'NONE', *, *, #5265, .F. ) ;
#700 = EDGE_LOOP ( 'NONE', ( #3160, #2309, #259, #1236, #6309, #3593, #3479, #2120 ) ) ;
#701 = CARTESIAN_POINT ( 'NONE',  ( -196.2999999999999261, 12.28597881275701376, 8.557777262862883205 ) ) ;
#702 = CARTESIAN_POINT ( 'NONE',  ( -196.2999999999999261, 12.29927828884560093, 8.843491005011475892 ) ) ;
#703 = CARTESIAN_POINT ( 'NONE',  ( -199.4999999999999147, 12.99999999999993783, 0.5000000000010169643 ) ) ;
#704 = CARTESIAN_POINT ( 'NONE',  ( -196.2999999999999261, 12.29516186431838598, 7.528435616000122010 ) ) ;
#705 = VECTOR ( 'NONE', #2010, 1000.000000000000114 ) ;
#706 = CARTESIAN_POINT ( 'NONE',  ( -196.4999999999999147, 11.60778208642411080, 8.892138850743130263 ) ) ;
#707 = CARTESIAN_POINT ( 'NONE',  ( -196.2999999999999261, 11.77617147970300238, 13.65487541968601803 ) ) ;
#708 = EDGE_LOOP ( 'NONE', ( #5501, #2946 ) ) ;
#709 = CIRCLE ( 'NONE', #2503, 3.199999999999995737 ) ;
#710 = CARTESIAN_POINT ( 'NONE',  ( -196.2999999999999261, 11.58618573310094035, 10.30536874119763269 ) ) ;
#711 = CARTESIAN_POINT ( 'NONE',  ( -196.2999999999999261, 11.90302297833538780, 15.94106148737829010 ) ) ;
#712 = LINE ( 'NONE', #6641, #3504 ) ;
#713 = DIRECTION ( 'NONE',  ( -2.220446049250312588E-16, 1.000000000000000000, 1.224646799147356165E-16 ) ) ;
#714 = ORIENTED_EDGE ( 'NONE', *, *, #3282, .F. ) ;
#715 = CARTESIAN_POINT ( 'NONE',  ( -196.2999999999999261, 12.03749944852627607, 12.48320016539826405 ) ) ;
#716 = EDGE_CURVE ( 'NONE', #3412, #4084, #5001, .T. ) ;
#717 = EDGE_CURVE ( 'NONE', #2071, #5218, #3464, .T. ) ;
#718 = ADVANCED_FACE ( 'NONE', ( #1713, #785, #84 ), #5562, .F. ) ;
#719 = ORIENTED_EDGE ( 'NONE', *, *, #3209, .F. ) ;
#720 = DIRECTION ( 'NONE',  ( 1.665334536937734318E-16, -1.000000000000000000, -1.224646799147353454E-16 ) ) ;
#721 = ORIENTED_EDGE ( 'NONE', *, *, #872, .F. ) ;
#722 = CARTESIAN_POINT ( 'NONE',  ( -196.2999999999999261, 11.99051018489942599, 9.299106000894962420 ) ) ;
#723 = CARTESIAN_POINT ( 'NONE',  ( -196.7499999999999716, 15.99999999999994493, 16.00000000000008527 ) ) ;
#724 = CARTESIAN_POINT ( 'NONE',  ( -196.4999999999999147, 11.92881571047223233, 10.14056001503858262 ) ) ;
#725 = CARTESIAN_POINT ( 'NONE',  ( -196.4999999999999147, 12.27131587391870937, 17.03019736980141374 ) ) ;
#726 = CARTESIAN_POINT ( 'NONE',  ( -196.2999999999999261, 12.29270808318084107, 7.842049355690421386 ) ) ;
#727 = CARTESIAN_POINT ( 'NONE',  ( -196.2999999999999261, 12.06768860413519384, 13.88184836004146483 ) ) ;
#728 = CARTESIAN_POINT ( 'NONE',  ( -196.2999999999999261, 11.72817384762746151, 12.37747264627367372 ) ) ;
#729 = VERTEX_POINT ( 'NONE', #2231 ) ;
#730 = CARTESIAN_POINT ( 'NONE',  ( -196.2999999999999261, 11.88650869520401976, 14.21713306807660615 ) ) ;
#731 = FACE_OUTER_BOUND ( 'NONE', #5701, .T. ) ;
#732 = VERTEX_POINT ( 'NONE', #4372 ) ;
#733 = CARTESIAN_POINT ( 'NONE',  ( -196.4999999999999147, 12.31516304961649588, 8.705948921773664750 ) ) ;
#734 = FACE_OUTER_BOUND ( 'NONE', #6953, .T. ) ;
#735 = CARTESIAN_POINT ( 'NONE',  ( -59.99999999999999289, 3.199999999999984635, 18.49999999999998934 ) ) ;
#736 = ADVANCED_FACE ( 'NONE', ( #3845 ), #2789, .F. ) ;
#737 = CARTESIAN_POINT ( 'NONE',  ( -196.2999999999999261, 11.82658708749327836, 13.80402703410135246 ) ) ;
#738 = CARTESIAN_POINT ( 'NONE',  ( -196.2999999999999261, 11.65612315237928343, 7.013738350375122721 ) ) ;
#739 = CARTESIAN_POINT ( 'NONE',  ( -196.2999999999999261, 11.56274414876470225, 8.694944770960056246 ) ) ;
#740 = ORIENTED_EDGE ( 'NONE', *, *, #2748, .T. ) ;
#741 = CARTESIAN_POINT ( 'NONE',  ( -196.2999999999999261, 11.89234326666573693, 8.301954299592466668 ) ) ;
#742 = DIRECTION ( 'NONE',  ( -1.000000000000000000, -2.220446049250312588E-16, -9.367723249499513438E-31 ) ) ;
#743 = DIRECTION ( 'NONE',  ( 6.162975822039154730E-33, 1.224646799147353454E-16, -1.000000000000000000 ) ) ;
#744 = CARTESIAN_POINT ( 'NONE',  ( -196.2999999999999261, 11.77654196540260756, 17.16545629351933755 ) ) ;
#745 = ORIENTED_EDGE ( 'NONE', *, *, #1787, .T. ) ;
#746 = DIRECTION ( 'NONE',  ( 1.000000000000000000, 0.000000000000000000, 0.000000000000000000 ) ) ;
#747 = ORIENTED_EDGE ( 'NONE', *, *, #1178, .F. ) ;
#748 = CARTESIAN_POINT ( 'NONE',  ( -196.2999999999999261, 11.89886200898808788, 8.108367286681719577 ) ) ;
#749 = VERTEX_POINT ( 'NONE', #6821 ) ;
#751 = AXIS2_PLACEMENT_3D ( 'NONE', #5527, #5453, #4410 ) ;
#750 = DIRECTION ( 'NONE',  ( -3.330669073875469621E-16, 1.000000000000000000, 1.224646799147353947E-16 ) ) ;
#752 = CARTESIAN_POINT ( 'NONE',  ( -196.2999999999999261, 11.88372641147693543, 12.79845243173841141 ) ) ;
#753 = EDGE_CURVE ( 'NONE', #988, #1000, #4005, .T. ) ;
#754 = AXIS2_PLACEMENT_3D ( 'NONE', #6923, #4185, #6316 ) ;
#755 = ADVANCED_FACE ( 'NONE', ( #260 ), #4089, .T. ) ;
#756 = CARTESIAN_POINT ( 'NONE',  ( -196.2999999999999261, 11.86777482930810201, 16.00696324097097190 ) ) ;
#757 = CARTESIAN_POINT ( 'NONE',  ( -196.4999999999999147, 12.06101779061057577, 8.331605474353874996 ) ) ;
#758 = AXIS2_PLACEMENT_3D ( 'NONE', #12, #1035, #4303 ) ;
#759 = PLANE ( 'NONE',  #2443 ) ;
#760 = CARTESIAN_POINT ( 'NONE',  ( -196.4999999999999147, 11.97227549967836779, 16.01541251891853435 ) ) ;
#761 = DIRECTION ( 'NONE',  ( -0.1899215467173104854, 6.534876077778871811E-17, -0.9817992697555363302 ) ) ;
#762 = ORIENTED_EDGE ( 'NONE', *, *, #4014, .F. ) ;
#763 = CARTESIAN_POINT ( 'NONE',  ( -190.0000000000000000, 9.999999999999937828, 19.50000000000007461 ) ) ;
#764 = CARTESIAN_POINT ( 'NONE',  ( -196.2999999999999261, 12.00720488314851231, 12.02635228266679057 ) ) ;
#765 = VERTEX_POINT ( 'NONE', #3535 ) ;
#766 = CARTESIAN_POINT ( 'NONE',  ( -196.2999999999999261, 12.21358712554539316, 7.729051737889499840 ) ) ;
#767 = VECTOR ( 'NONE', #2013, 1000.000000000000000 ) ;
#768 = CARTESIAN_POINT ( 'NONE',  ( -196.2999999999999261, 12.22280646469203624, 8.985012849882961561 ) ) ;
#769 = CARTESIAN_POINT ( 'NONE',  ( -196.2999999999999261, 11.70532324964515958, 15.41137306446024802 ) ) ;
#770 = DIRECTION ( 'NONE',  ( -1.000000000000000000, -1.665334536937734318E-16, -3.081487911019576818E-32 ) ) ;
#771 = CARTESIAN_POINT ( 'NONE',  ( -196.4999999999999147, 11.66047330837438878, 8.965328518172666961 ) ) ;
#772 = CARTESIAN_POINT ( 'NONE',  ( -196.2999999999999261, 11.56515164140338392, 8.672655242204097448 ) ) ;
#773 = AXIS2_PLACEMENT_3D ( 'NONE', #2458, #4601, #4078 ) ;
#774 = EDGE_CURVE ( 'NONE', #3214, #5589, #3594, .T. ) ;
#775 = CARTESIAN_POINT ( 'NONE',  ( -196.2999999999999261, 11.58282212072864148, 10.23151053587191761 ) ) ;
#776 = CC_DESIGN_APPROVAL ( #3222, ( #1225 ) ) ;
#777 = CARTESIAN_POINT ( 'NONE',  ( -196.2999999999999261, 11.97323058843870847, 15.94420320966403004 ) ) ;
#778 = LINE ( 'NONE', #2921, #5396 ) ;
#779 = CARTESIAN_POINT ( 'NONE',  ( -196.2999999999999261, 11.90917925272592903, 10.37371327143141109 ) ) ;
#780 = ORIENTED_EDGE ( 'NONE', *, *, #947, .F. ) ;
#781 = DIRECTION ( 'NONE',  ( -1.000000000000000000, 8.213492753276320356E-15, 5.321014214151152842E-12 ) ) ;
#782 = ORIENTED_EDGE ( 'NONE', *, *, #1324, .T. ) ;
#783 = CARTESIAN_POINT ( 'NONE',  ( 0.000000000000000000, 0.000000000000000000, -10.40000000000000036 ) ) ;
#784 = VERTEX_POINT ( 'NONE', #5073 ) ;
#785 = FACE_BOUND ( 'NONE', #5772, .T. ) ;
#786 = B_SPLINE_CURVE_WITH_KNOTS ( 'NONE', 3,
 ( #1972, #3018, #974, #2037, #3056, #4107, #3685, #3615, #4704, #840, #350, #5263, #5683, #2494, #4209, #6307, #5197, #870, #6778, #3580, #2593, #5227, #5754, #6338, #6238, #5716, #6808 ),
 .UNSPECIFIED., .F., .F.,
 ( 4, 1, 1, 1, 1, 1, 1, 1, 1, 1, 1, 1, 1, 1, 1, 1, 1, 1, 1, 1, 1, 1, 1, 1, 4 ),
 ( 0.000000000000000000, 0.04320898617133667186, 0.08587287163061858852, 0.1281200066967028983, 0.1701519644541991672, 0.2119176209878612382, 0.2537530026191242016, 0.2960064088559506423, 0.3384433571447836853, 0.3810153681620339072, 0.4228204794407605660, 0.4640890557943131434, 0.5051258486836861517, 0.5459749706852408124, 0.5869852111338598188, 0.6283385916346628797, 0.6700838015912059520, 0.7119916023637221647, 0.7530391548630192000, 0.7940493953116379844, 0.8348855427015819952, 0.8754983129295135225, 0.9165472998303793029, 0.9580037786449605575, 1.000000000000000000 ),
 .UNSPECIFIED. ) ;
#787 = CARTESIAN_POINT ( 'NONE',  ( -196.2999999999999261, 11.89843671225935040, 12.79109253633497012 ) ) ;
#788 = CARTESIAN_POINT ( 'NONE',  ( -202.4999999999999432, 9.999999999999936051, 0.5000000000010135226 ) ) ;
#789 = CARTESIAN_POINT ( 'NONE',  ( -196.4999999999999147, 12.24791926910824280, 8.486490572574997060 ) ) ;
#790 = AXIS2_PLACEMENT_3D ( 'NONE', #4279, #6411, #1505 ) ;
#791 = EDGE_CURVE ( 'NONE', #4486, #5466, #4547, .T. ) ;
#792 = CARTESIAN_POINT ( 'NONE',  ( -196.4999999999999147, 11.50141186431838491, 9.807922795487300505 ) ) ;
#793 = DIRECTION ( 'NONE',  ( -0.000000000000000000, -0.000000000000000000, -1.000000000000000000 ) ) ;
#794 = AXIS2_PLACEMENT_3D ( 'NONE', #1185, #1626, #6528 ) ;
#795 = DIRECTION ( 'NONE',  ( -3.330669073875469621E-16, 1.000000000000000000, 1.224646799147353947E-16 ) ) ;
#796 = EDGE_LOOP ( 'NONE', ( #1033, #658, #326, #740, #2683, #6864 ) ) ;
#797 = CARTESIAN_POINT ( 'NONE',  ( -196.4999999999999147, 11.89011829923635055, 9.064963239050447541 ) ) ;
#798 = CARTESIAN_POINT ( 'NONE',  ( -196.2999999999999261, 12.15269391560043744, 11.39033465446166105 ) ) ;
#799 = EDGE_CURVE ( 'NONE', #5648, #5521, #3628, .T. ) ;
#800 = AXIS2_PLACEMENT_3D ( 'NONE', #6081, #3904, #5553 ) ;
#801 = VECTOR ( 'NONE', #1202, 1000.000000000000000 ) ;
#802 = EDGE_CURVE ( 'NONE', #6858, #5414, #2437, .T. ) ;
#803 = ADVANCED_FACE ( 'NONE', ( #5104 ), #6155, .F. ) ;
#804 = ORIENTED_EDGE ( 'NONE', *, *, #3390, .T. ) ;
#805 = FACE_OUTER_BOUND ( 'NONE', #6718, .T. ) ;
#806 = CARTESIAN_POINT ( 'NONE',  ( -196.4999999999999147, 12.31448192903666516, 8.762703384662604122 ) ) ;
#807 = CARTESIAN_POINT ( 'NONE',  ( -196.4999999999999147, 11.79830163813430666, 14.46008602728584336 ) ) ;
#808 = DIRECTION ( 'NONE',  ( 0.000000000000000000, -1.224646799147353700E-16, 1.000000000000000000 ) ) ;
#809 = CARTESIAN_POINT ( 'NONE',  ( -196.2999999999999261, 11.79270514236172041, 12.16779355740867175 ) ) ;
#810 = CARTESIAN_POINT ( 'NONE',  ( 12.00000000000000178, 2.602085213965211036E-15, 0.000000000000000000 ) ) ;
#811 = CARTESIAN_POINT ( 'NONE',  ( -196.2999999999999261, 11.73006603565384154, 8.418508045213599189 ) ) ;
#812 = LINE ( 'NONE', #179, #5512 ) ;
#813 = FACE_OUTER_BOUND ( 'NONE', #5930, .T. ) ;
#814 = DIRECTION ( 'NONE',  ( 2.220446049250312588E-16, -1.000000000000000000, -1.224646799147356165E-16 ) ) ;
#815 = CARTESIAN_POINT ( 'NONE',  ( -196.2999999999999261, 12.18551614682162487, 9.680286419687202937 ) ) ;
#816 = ORIENTED_EDGE ( 'NONE', *, *, #4120, .T. ) ;
#817 = ADVANCED_FACE ( 'NONE', ( #2405 ), #6683, .F. ) ;
#818 = CARTESIAN_POINT ( 'NONE',  ( -196.4999999999999147, 11.92881571047223233, 10.08268241087191797 ) ) ;
#819 = VECTOR ( 'NONE', #105, 1000.000000000000000 ) ;
#820 = CARTESIAN_POINT ( 'NONE',  ( -196.4999999999999147, 11.77617147970300060, 17.17586900942961137 ) ) ;
#821 = ORIENTED_EDGE ( 'NONE', *, *, #6459, .F. ) ;
#822 = CARTESIAN_POINT ( 'NONE',  ( -196.2999999999999261, 12.19539593303542802, 13.41684839852217870 ) ) ;
#823 = CARTESIAN_POINT ( 'NONE',  ( -196.4999999999999147, 12.09586461522864020, 9.089652747945278222 ) ) ;
#824 = LINE ( 'NONE', #2439, #4621 ) ;
#825 = CARTESIAN_POINT ( 'NONE',  ( -201.1000000000000227, 9.999999999999936051, 16.00000000000007816 ) ) ;
#826 = CARTESIAN_POINT ( 'NONE',  ( -196.2999999999999261, 11.50626731830706895, 7.815861048945879297 ) ) ;
#827 = OPEN_SHELL ( 'NONE', ( #6273, #5837 ) ) ;
#828 = LINE ( 'NONE', #2512, #6583 ) ;
#829 = CARTESIAN_POINT ( 'NONE',  ( -196.2999999999999261, 12.29516186431838420, 13.13556702625653294 ) ) ;
#830 = FACE_BOUND ( 'NONE', #6028, .T. ) ;
#831 = ORIENTED_EDGE ( 'NONE', *, *, #1811, .T. ) ;
#832 = CARTESIAN_POINT ( 'NONE',  ( -196.2999999999999261, 12.25489841454928808, 9.721775532391276897 ) ) ;
#833 = CARTESIAN_POINT ( 'NONE',  ( -196.2999999999999261, 11.84467427348226032, 15.66615840414654137 ) ) ;
#834 = ORIENTED_EDGE ( 'NONE', *, *, #4145, .T. ) ;
#835 = CARTESIAN_POINT ( 'NONE',  ( -196.4999999999999147, 11.58782031832974724, 8.586474986539323950 ) ) ;
#836 = CARTESIAN_POINT ( 'NONE',  ( -196.2999999999999261, 11.74066618674914153, 14.50911127572306114 ) ) ;
#837 = CARTESIAN_POINT ( 'NONE',  ( -196.4999999999999147, 11.77697799280603874, 14.40311881751598833 ) ) ;
#838 = DIRECTION ( 'NONE',  ( 0.000000000000000000, 0.000000000000000000, 1.000000000000000000 ) ) ;
#839 = CARTESIAN_POINT ( 'NONE',  ( -196.2999999999999261, 11.81397928862475055, 12.12889015204781629 ) ) ;
#840 = CARTESIAN_POINT ( 'NONE',  ( -196.4999999999999147, 11.68934574267832183, 8.356764329205731201 ) ) ;
#841 = EDGE_CURVE ( 'NONE', #3100, #6189, #4897, .T. ) ;
#842 = DIRECTION ( 'NONE',  ( 1.000000000000000000, 0.000000000000000000, 0.000000000000000000 ) ) ;
#843 = EDGE_CURVE ( 'NONE', #4690, #2452, #293, .T. ) ;
#844 = CARTESIAN_POINT ( 'NONE',  ( -196.2999999999999261, 11.50239852183019806, 8.581224898280574109 ) ) ;
#845 = PLANE ( 'NONE',  #565 ) ;
#846 = CARTESIAN_POINT ( 'NONE',  ( -196.2999999999999261, 11.50827870806516451, 7.837496146629733929 ) ) ;
#847 = CARTESIAN_POINT ( 'NONE',  ( -196.4999999999999147, 12.02040224893376852, 16.74814715446165891 ) ) ;
#848 = ORIENTED_EDGE ( 'NONE', *, *, #3584, .F. ) ;
#849 = CARTESIAN_POINT ( 'NONE',  ( -203.4999999999995168, 5.499999999999935163, 17.50000000000100187 ) ) ;
#850 = DIRECTION ( 'NONE',  ( -0.000000000000000000, 0.000000000000000000, 1.000000000000000000 ) ) ;
#851 = ORIENTED_EDGE ( 'NONE', *, *, #2860, .T. ) ;
#852 = CARTESIAN_POINT ( 'NONE',  ( -196.2999999999999261, 12.12016634805082660, 13.37089380385362070 ) ) ;
#853 = DIRECTION ( 'NONE',  ( -0.000000000000000000, -0.000000000000000000, -1.000000000000000000 ) ) ;
#854 = CARTESIAN_POINT ( 'NONE',  ( -199.4999999999999716, 5.999999999999936051, 4.000000000000071054 ) ) ;
#855 = CARTESIAN_POINT ( 'NONE',  ( -196.2999999999999261, 12.03396089633505639, 13.42177005942906298 ) ) ;
#856 = ORIENTED_EDGE ( 'NONE', *, *, #3078, .T. ) ;
#857 = EDGE_CURVE ( 'NONE', #4441, #3792, #5743, .T. ) ;
#858 = DIRECTION ( 'NONE',  ( -1.000000000000000000, 0.000000000000000000, 0.000000000000000000 ) ) ;
#859 = CARTESIAN_POINT ( 'NONE',  ( -21.99999999999999289, -1.734723475976807094E-15, -13.99999999999992895 ) ) ;
#860 = CARTESIAN_POINT ( 'NONE',  ( -196.4999999999999147, 11.81035728286878594, 14.47541013663369114 ) ) ;
#861 = VERTEX_POINT ( 'NONE', #6756 ) ;
#862 = CARTESIAN_POINT ( 'NONE',  ( -196.4999999999999147, 11.56256165799441504, 8.725109038314458942 ) ) ;
#863 = VECTOR ( 'NONE', #4823, 1000.000000000000000 ) ;
#864 = CARTESIAN_POINT ( 'NONE',  ( -196.2999999999999261, 12.01269098387110645, 15.61963050281675436 ) ) ;
#865 = VERTEX_POINT ( 'NONE', #4617 ) ;
#866 = CARTESIAN_POINT ( 'NONE',  ( -196.4999999999999147, 11.58014568379393516, 8.607622718376791937 ) ) ;
#867 = CARTESIAN_POINT ( 'NONE',  ( -196.2999999999999261, 11.50141186431838491, 5.894824337955250293 ) ) ;
#868 = CARTESIAN_POINT ( 'NONE',  ( -196.2999999999999261, 11.81592258146582175, 14.19390035958986473 ) ) ;
#869 = CYLINDRICAL_SURFACE ( 'NONE', #2394, 11.00000000000000000 ) ;
#870 = CARTESIAN_POINT ( 'NONE',  ( -196.4999999999999147, 11.53615037001387300, 8.507485154943248418 ) ) ;
#871 = CARTESIAN_POINT ( 'NONE',  ( -203.4999999999995168, 8.499999999999936051, 18.50000000000100542 ) ) ;
#872 = EDGE_CURVE ( 'NONE', #5671, #4792, #5236, .T. ) ;
#873 = AXIS2_PLACEMENT_3D ( 'NONE', #5177, #5598, #4156 ) ;
#874 = EDGE_CURVE ( 'NONE', #2714, #490, #3561, .T. ) ;
#875 = CARTESIAN_POINT ( 'NONE',  ( -196.4999999999999147, 12.03396089633505639, 13.42177005942906298 ) ) ;
#876 = CARTESIAN_POINT ( 'NONE',  ( -196.2999999999999261, 11.50151223287104152, 7.702652346704610409 ) ) ;
#877 = CARTESIAN_POINT ( 'NONE',  ( -199.4999999999999147, 12.99999999999993960, -17.94870560657918190 ) ) ;
#878 = ORIENTED_EDGE ( 'NONE', *, *, #3553, .T. ) ;
#879 = CARTESIAN_POINT ( 'NONE',  ( -196.2999999999999261, 12.07663222278527293, 9.803025195588594087 ) ) ;
#880 = VECTOR ( 'NONE', #4062, 1000.000000000000000 ) ;
#881 = CARTESIAN_POINT ( 'NONE',  ( -196.2999999999999261, 12.29516186431838420, 15.94422087241037822 ) ) ;
#882 = EDGE_CURVE ( 'NONE', #729, #4371, #6464, .T. ) ;
#883 = VERTEX_POINT ( 'NONE', #5905 ) ;
#884 = CARTESIAN_POINT ( 'NONE',  ( -196.2999999999999261, 12.06397064249872919, 13.35434525511303328 ) ) ;
#885 = DIRECTION ( 'NONE',  ( -1.000000000000000000, 0.000000000000000000, 0.000000000000000000 ) ) ;
#886 = CARTESIAN_POINT ( 'NONE',  ( -196.2999999999999261, 12.29516186431838598, 10.43217409757063407 ) ) ;
#887 = CARTESIAN_POINT ( 'NONE',  ( -190.0000000000000000, -10.00000000000000711, 19.50000000000007105 ) ) ;
#888 = VERTEX_POINT ( 'NONE', #1028 ) ;
#889 = CARTESIAN_POINT ( 'NONE',  ( -199.4999999999999716, 18.49999999999994316, 16.00000000000008527 ) ) ;
#890 = DIRECTION ( 'NONE',  ( -1.650838479901307779E-16, 0.9912954083909876202, 0.1316564214269289324 ) ) ;
#891 = LINE ( 'NONE', #2482, #6763 ) ;
#892 = VERTEX_POINT ( 'NONE', #1558 ) ;
#893 = AXIS2_PLACEMENT_3D ( 'NONE', #47, #251, #1344 ) ;
#894 = CARTESIAN_POINT ( 'NONE',  ( -196.4999999999999147, 11.78789372954883774, 9.047670395572517066 ) ) ;
#895 = CARTESIAN_POINT ( 'NONE',  ( -196.2999999999999261, 11.70493750534402544, 15.81908440406102123 ) ) ;
#896 = EDGE_CURVE ( 'NONE', #6662, #6946, #5939, .T. ) ;
#897 = VECTOR ( 'NONE', #6379, 1000.000000000000000 ) ;
#898 = EDGE_LOOP ( 'NONE', ( #5864, #5540, #1858, #3201 ) ) ;
#899 = CARTESIAN_POINT ( 'NONE',  ( -196.4999999999999147, 11.56515164140338392, 8.672655242204097448 ) ) ;
#900 = DIRECTION ( 'NONE',  ( 6.162975822039154730E-33, 1.224646799147353454E-16, -1.000000000000000000 ) ) ;
#901 = CARTESIAN_POINT ( 'NONE',  ( -196.2999999999999261, 12.31551442842094879, 9.561306960150762535 ) ) ;
#902 = DIRECTION ( 'NONE',  ( 2.220446049250312588E-16, -1.000000000000000000, -1.224646799147355919E-16 ) ) ;
#903 = CARTESIAN_POINT ( 'NONE',  ( -199.4999999999999432, 12.99999999999993960, -14.99999999999898925 ) ) ;
#904 = CARTESIAN_POINT ( 'NONE',  ( -196.2999999999999261, 12.29516186431838420, 14.91641638523089242 ) ) ;
#905 = VECTOR ( 'NONE', #4920, 1000.000000000000000 ) ;
#906 = CARTESIAN_POINT ( 'NONE',  ( -196.2999999999999261, 11.50141186431838491, 7.019621513436019811 ) ) ;
#907 = VECTOR ( 'NONE', #5693, 1000.000000000000000 ) ;
#908 = VERTEX_POINT ( 'NONE', #6391 ) ;
#909 = AXIS2_PLACEMENT_3D ( 'NONE', #2069, #5820, #1007 ) ;
#910 = LINE ( 'NONE', #4080, #3723 ) ;
#911 = CARTESIAN_POINT ( 'NONE',  ( -196.2999999999999261, 12.27797865914003950, 13.78320767444804851 ) ) ;
#912 = CARTESIAN_POINT ( 'NONE',  ( -196.4999999999999147, 11.91688419244598407, 16.95873330436870674 ) ) ;
#913 = EDGE_LOOP ( 'NONE', ( #2107, #3665, #2097, #831, #3605, #2845 ) ) ;
#914 = DIRECTION ( 'NONE',  ( -3.330669073875469621E-16, 1.000000000000000000, 1.224646799147353947E-16 ) ) ;
#915 = B_SPLINE_CURVE_WITH_KNOTS ( 'NONE', 3,
 ( #6621, #4450, #6554, #1750, #6024, #6586, #1781, #5534, #2871, #1686, #2340, #4484, #1290, #1818, #3437, #3819, #3472, #6766, #1958 ),
 .UNSPECIFIED., .F., .F.,
 ( 4, 1, 1, 1, 1, 1, 1, 1, 1, 1, 1, 1, 1, 1, 1, 1, 4 ),
 ( 0.000000000000000000, 0.06421684263142916904, 0.1270637656931270232, 0.1887445383478289496, 0.2491321028350412525, 0.3094525327106276702, 0.3698266762476820624, 0.4306501418384682256, 0.4923519318794690736, 0.5540721062625157955, 0.6156897837449740729, 0.6767977025065380348, 0.7384390482469417316, 0.8013169100648931398, 0.8651845117115416484, 0.9316413244190756560, 1.000000000000000000 ),
 .UNSPECIFIED. ) ;
#916 = CARTESIAN_POINT ( 'NONE',  ( -196.2999999999999261, 12.23410417201069222, 12.25531862882063550 ) ) ;
#917 = ORIENTED_EDGE ( 'NONE', *, *, #5265, .T. ) ;
#918 = CARTESIAN_POINT ( 'NONE',  ( -196.2999999999999261, 12.23825458120174225, 13.46000652262244479 ) ) ;
#919 = CARTESIAN_POINT ( 'NONE',  ( -196.2999999999999261, 11.83657674241329616, 14.89537465095807178 ) ) ;
#920 = ADVANCED_FACE ( 'NONE', ( #4749 ), #1060, .F. ) ;
#921 = APPLICATION_CONTEXT ( 'configuration controlled 3d designs of mechanical parts and assemblies' ) ;
#922 = CARTESIAN_POINT ( 'NONE',  ( -196.2999999999999261, 11.72274599893377101, 11.09522247497448078 ) ) ;
#923 = CIRCLE ( 'NONE', #1727, 5.000000000000000888 ) ;
#924 = CARTESIAN_POINT ( 'NONE',  ( -199.4999999999999147, 12.99999999999993605, 20.50000000000101252 ) ) ;
#925 = EDGE_CURVE ( 'NONE', #5484, #1654, #4604, .T. ) ;
#926 = EDGE_CURVE ( 'NONE', #3038, #490, #3698, .T. ) ;
#927 = ORIENTED_EDGE ( 'NONE', *, *, #4109, .F. ) ;
#928 = VECTOR ( 'NONE', #6198, 1000.000000000000000 ) ;
#929 = DIRECTION ( 'NONE',  ( 6.162975822039154730E-33, 1.224646799147353454E-16, -1.000000000000000000 ) ) ;
#930 = CARTESIAN_POINT ( 'NONE',  ( -196.2999999999999261, 12.30506002265862797, 17.16244547461585057 ) ) ;
#931 = CARTESIAN_POINT ( 'NONE',  ( -196.2999999999999261, 11.97699404580877136, 9.736688821128327120 ) ) ;
#932 = EDGE_LOOP ( 'NONE', ( #5450, #1876, #1674, #3355 ) ) ;
#933 = CARTESIAN_POINT ( 'NONE',  ( -196.4999999999999147, 11.98081015157800167, 9.807922795487300505 ) ) ;
#934 = CARTESIAN_POINT ( 'NONE',  ( -196.4999999999999147, 11.89366892391305619, 8.373154186229049500 ) ) ;
#935 = EDGE_LOOP ( 'NONE', ( #2976, #3498, #5367, #4088 ) ) ;
#936 = CARTESIAN_POINT ( 'NONE',  ( -196.2999999999999261, 11.79024342769315403, 8.390636715064882623 ) ) ;
#937 = EDGE_CURVE ( 'NONE', #3560, #3534, #5013, .T. ) ;
#938 = CARTESIAN_POINT ( 'NONE',  ( -202.4999999999999432, 15.99999999999993427, 19.50000000000100897 ) ) ;
#939 = CARTESIAN_POINT ( 'NONE',  ( -196.4999999999999147, 12.12016634805082660, 16.89188739359720870 ) ) ;
#940 = VERTEX_POINT ( 'NONE', #5313 ) ;
#941 = DIRECTION ( 'NONE',  ( 0.000000000000000000, 1.000000000000000000, 1.224646799147353454E-16 ) ) ;
#942 = CARTESIAN_POINT ( 'NONE',  ( -196.2999999999999261, 12.29516186431838598, 11.38286144733024940 ) ) ;
#943 = DIRECTION ( 'NONE',  ( 0.000000000000000000, 0.000000000000000000, -1.000000000000000000 ) ) ;
#944 = EDGE_LOOP ( 'NONE', ( #3647, #4935, #4734, #945 ) ) ;
#945 = ORIENTED_EDGE ( 'NONE', *, *, #1574, .T. ) ;
#946 = DIRECTION ( 'NONE',  ( 0.000000000000000000, -1.224646799147353700E-16, 1.000000000000000000 ) ) ;
#947 = EDGE_CURVE ( 'NONE', #1009, #1397, #1600, .T. ) ;
#948 = CARTESIAN_POINT ( 'NONE',  ( -196.4999999999999147, 11.89234326666573693, 8.301954299592466668 ) ) ;
#949 = CARTESIAN_POINT ( 'NONE',  ( -196.2999999999999261, 11.80547177885430798, 17.05842906409185389 ) ) ;
#950 = VERTEX_POINT ( 'NONE', #503 ) ;
#951 = CARTESIAN_POINT ( 'NONE',  ( 1.734723475976807094E-15, 0.000000000000000000, 0.000000000000000000 ) ) ;
#952 = CARTESIAN_POINT ( 'NONE',  ( -196.2999999999999261, 11.88133455202908806, 13.12470794150554987 ) ) ;
#953 = VERTEX_POINT ( 'NONE', #2115 ) ;
#954 = DIRECTION ( 'NONE',  ( 1.000000000000000000, 3.330669073875469621E-16, 4.314083075427408311E-32 ) ) ;
#955 = CARTESIAN_POINT ( 'NONE',  ( -196.4999999999999147, 11.77649294262598190, 12.96028701710267761 ) ) ;
#956 = DIRECTION ( 'NONE',  ( 0.6084474286424761402, 0.7935941825507283331, 0.000000000000000000 ) ) ;
#957 = EDGE_CURVE ( 'NONE', #95, #1981, #4853, .T. ) ;
#958 = ORIENTED_EDGE ( 'NONE', *, *, #6323, .F. ) ;
#959 = ADVANCED_FACE ( 'NONE', ( #6859, #2188, #2678 ), #5278, .T. ) ;
#960 = LINE ( 'NONE', #6765, #6130 ) ;
#961 = CARTESIAN_POINT ( 'NONE',  ( -196.2999999999999261, 12.00354778178633275, 16.87026253907704287 ) ) ;
#962 = EDGE_CURVE ( 'NONE', #5327, #6682, #468, .T. ) ;
#963 = CARTESIAN_POINT ( 'NONE',  ( -202.2253310930673535, 15.99999999999994138, 15.63248070369018627 ) ) ;
#964 = LINE ( 'NONE', #3569, #5084 ) ;
#965 = ORIENTED_EDGE ( 'NONE', *, *, #5942, .F. ) ;
#966 = CARTESIAN_POINT ( 'NONE',  ( -196.2999999999999261, 11.98081015157800167, 9.807922795487300505 ) ) ;
#967 = CARTESIAN_POINT ( 'NONE',  ( -196.4999999999999147, 11.79024342769315403, 8.390636715064882623 ) ) ;
#968 = VERTEX_POINT ( 'NONE', #5801 ) ;
#969 = LINE ( 'NONE', #2098, #2028 ) ;
#970 = CARTESIAN_POINT ( 'NONE',  ( -196.2999999999999261, 12.16354505886793724, 9.043888211341917227 ) ) ;
#971 = VECTOR ( 'NONE', #363, 1000.000000000000000 ) ;
#972 = PLANE ( 'NONE',  #6651 ) ;
#973 = ORIENTED_EDGE ( 'NONE', *, *, #1965, .F. ) ;
#974 = CARTESIAN_POINT ( 'NONE',  ( -196.4999999999999147, 11.87357898865620065, 8.302195265388313317 ) ) ;
#975 = AXIS2_PLACEMENT_3D ( 'NONE', #951, #4358, #5377 ) ;
#976 = DIRECTION ( 'NONE',  ( 6.162975822039154730E-33, 1.224646799147353454E-16, -1.000000000000000000 ) ) ;
#977 = CIRCLE ( 'NONE', #306, 1.599999999999990319 ) ;
#978 = ORIENTED_EDGE ( 'NONE', *, *, #2409, .F. ) ;
#979 = VERTEX_POINT ( 'NONE', #6895 ) ;
#980 = LINE ( 'NONE', #2989, #3395 ) ;
#981 = CARTESIAN_POINT ( 'NONE',  ( -196.4999999999999147, 11.60223383699920596, 8.422154887394093237 ) ) ;
#982 = DIRECTION ( 'NONE',  ( 2.220446049250312588E-16, -1.000000000000000000, -1.224646799147356165E-16 ) ) ;
#983 = VERTEX_POINT ( 'NONE', #2082 ) ;
#984 = DIRECTION ( 'NONE',  ( 1.000000000000000000, 0.000000000000000000, 0.000000000000000000 ) ) ;
#985 = ADVANCED_FACE ( 'NONE', ( #5415 ), #2324, .T. ) ;
#986 = VECTOR ( 'NONE', #3495, 1000.000000000000000 ) ;
#987 = LINE ( 'NONE', #5206, #6520 ) ;
#988 = VERTEX_POINT ( 'NONE', #215 ) ;
#989 = CARTESIAN_POINT ( 'NONE',  ( -196.2999999999999261, 11.77617147970300060, 15.40933004708986509 ) ) ;
#990 = CARTESIAN_POINT ( 'NONE',  ( -199.4999999999999716, 15.99999999999994493, 16.00000000000008527 ) ) ;
#991 = VECTOR ( 'NONE', #3177, 1000.000000000000000 ) ;
#992 = DIRECTION ( 'NONE',  ( -1.665334536937734564E-16, 1.000000000000000000, 1.224646799147353947E-16 ) ) ;
#993 = PERSON_AND_ORGANIZATION ( #6735, #1106 ) ;
#994 = AXIS2_PLACEMENT_3D ( 'NONE', #3825, #1725, #5823 ) ;
#995 = CARTESIAN_POINT ( 'NONE',  ( -196.4999999999999147, 12.09170839024821653, 13.43801484891942799 ) ) ;
#996 = CARTESIAN_POINT ( 'NONE',  ( -196.2999999999999261, 12.03595215538625318, 12.55485662037945715 ) ) ;
#997 = CARTESIAN_POINT ( 'NONE',  ( -196.4999999999999147, 11.77617147970300238, 14.38152555991037929 ) ) ;
#998 = B_SPLINE_CURVE_WITH_KNOTS ( 'NONE', 3,
 ( #4104, #5821, #2070, #1047, #6235, #1435, #5749, #4702, #4173, #6304, #1508, #5260, #2101, #939, #1580, #447, #4242, #3718, #5857 ),
 .UNSPECIFIED., .F., .F.,
 ( 4, 1, 1, 1, 1, 1, 1, 1, 1, 1, 1, 1, 1, 1, 1, 1, 4 ),
 ( 0.000000000000000000, 0.06461999134076792939, 0.1274334841444711153, 0.1890041265579409657, 0.2499300706860451415, 0.3106684537406730340, 0.3723289611368253982, 0.4349391099970086882, 0.4995755441940348263, 0.5641912077719251073, 0.6267352169294783115, 0.6881093335614022477, 0.7492936065367520326, 0.8103305278109450560, 0.8719011702244157114, 0.9350459146845312430, 1.000000000000000000 ),
 .UNSPECIFIED. ) ;
#999 = CARTESIAN_POINT ( 'NONE',  ( -196.2999999999999261, 11.80049915398184623, 12.47601674580781506 ) ) ;
#1000 = VERTEX_POINT ( 'NONE', #2223 ) ;
#1001 = CARTESIAN_POINT ( 'NONE',  ( -196.2999999999999261, 12.31282148418338807, 9.602463000913875391 ) ) ;
#1002 = DIRECTION ( 'NONE',  ( 1.000000000000000000, 3.110937433585073727E-16, 4.851840871236884216E-32 ) ) ;
#1003 = CARTESIAN_POINT ( 'NONE',  ( -196.2999999999999261, 12.29516186431838598, 5.879877923692430564 ) ) ;
#1004 = ORIENTED_EDGE ( 'NONE', *, *, #3515, .F. ) ;
#1005 = CARTESIAN_POINT ( 'NONE',  ( -196.2999999999999261, 11.81035728286878594, 14.47541013663369114 ) ) ;
#1006 = VECTOR ( 'NONE', #1267, 1000.000000000000000 ) ;
#1007 = DIRECTION ( 'NONE',  ( -1.000000000000000000, 0.000000000000000000, 0.000000000000000000 ) ) ;
#1008 = CARTESIAN_POINT ( 'NONE',  ( -196.4999999999999147, 12.05109009949466703, 15.22170484676935587 ) ) ;
#1009 = VERTEX_POINT ( 'NONE', #2780 ) ;
#1010 = CARTESIAN_POINT ( 'NONE',  ( -196.2999999999999261, 11.98081015157800167, 9.299108692923198305 ) ) ;
#1011 = DIRECTION ( 'NONE',  ( -6.162975822039154730E-33, -1.224646799147353454E-16, 1.000000000000000000 ) ) ;
#1012 = EDGE_CURVE ( 'NONE', #679, #676, #6436, .T. ) ;
#1013 = EDGE_CURVE ( 'NONE', #1654, #4616, #1277, .T. ) ;
#1014 = VECTOR ( 'NONE', #4008, 999.9999999999998863 ) ;
#1015 = VERTEX_POINT ( 'NONE', #2746 ) ;
#1016 = ORIENTED_EDGE ( 'NONE', *, *, #450, .F. ) ;
#1017 = DIRECTION ( 'NONE',  ( -2.220446049250312588E-16, 1.000000000000000000, 1.224646799147355919E-16 ) ) ;
#1018 = B_SPLINE_CURVE_WITH_KNOTS ( 'NONE', 3,
 ( #3462, #1911, #6681, #1875, #5594, #2827, #2433, #4965, #3397, #1808, #5071, #3430, #4016, #1350, #6612 ),
 .UNSPECIFIED., .F., .F.,
 ( 4, 1, 1, 1, 1, 1, 1, 1, 1, 1, 1, 1, 4 ),
 ( 0.000000000000000000, 0.08592051741176728874, 0.1695934351247421756, 0.2524755148685392525, 0.3362444769570505088, 0.4195045210415733750, 0.5020359066440908125, 0.5847746476768730384, 0.6698464747058013868, 0.7541848663887871229, 0.8366582383293275083, 0.9180097257088053464, 1.000000000000000000 ),
 .UNSPECIFIED. ) ;
#1019 = CARTESIAN_POINT ( 'NONE',  ( -196.2999999999999261, 11.90024558130689414, 13.12945661060880198 ) ) ;
#1020 = AXIS2_PLACEMENT_3D ( 'NONE', #6136, #310, #1372 ) ;
#1021 = CARTESIAN_POINT ( 'NONE',  ( -196.2999999999999261, 11.97458514921122585, 16.94248721958847881 ) ) ;
#1022 = VECTOR ( 'NONE', #2311, 1000.000000000000000 ) ;
#1023 = CARTESIAN_POINT ( 'NONE',  ( -196.2999999999999261, 11.56246955662607689, 8.717470571929609946 ) ) ;
#1024 = AXIS2_PLACEMENT_3D ( 'NONE', #1722, #6484, #3786 ) ;
#1025 = CIRCLE ( 'NONE', #4952, 1.500000000000001332 ) ;
#1026 = CARTESIAN_POINT ( 'NONE',  ( -202.2253310930673535, 17.74999999999993960, 4.367519296309970933 ) ) ;
#1027 = ORIENTED_EDGE ( 'NONE', *, *, #3403, .F. ) ;
#1028 = CARTESIAN_POINT ( 'NONE',  ( 5.971883874145976101, 7.789090853690734839, -1.999999999999998224 ) ) ;
#1029 = ADVANCED_FACE ( 'NONE', ( #110 ), #5169, .T. ) ;
#1030 = CARTESIAN_POINT ( 'NONE',  ( -196.4999999999999147, 12.28572287117323292, 8.881296191934618278 ) ) ;
#1031 = CARTESIAN_POINT ( 'NONE',  ( -196.4999999999999147, 11.88650869520401976, 15.24493755525609551 ) ) ;
#1032 = CARTESIAN_POINT ( 'NONE',  ( -196.2999999999999261, 11.71368274773184837, 10.51008625702576360 ) ) ;
#1033 = ORIENTED_EDGE ( 'NONE', *, *, #5778, .T. ) ;
#1034 = CARTESIAN_POINT ( 'NONE',  ( -196.2999999999999261, 12.25530423711638939, 12.08371013306441455 ) ) ;
#1035 = DIRECTION ( 'NONE',  ( 3.330669073875469621E-16, -1.000000000000000000, -1.224646799147353947E-16 ) ) ;
#1036 = CARTESIAN_POINT ( 'NONE',  ( -196.2999999999999261, 12.12016634805082660, 16.89188739359720870 ) ) ;
#1037 = CARTESIAN_POINT ( 'NONE',  ( -203.4999999999995168, 8.499999999999936051, 17.50000000000100187 ) ) ;
#1038 = ORIENTED_EDGE ( 'NONE', *, *, #3553, .F. ) ;
#1039 = CARTESIAN_POINT ( 'NONE',  ( -196.2999999999999261, 11.70581351137850312, 13.62333168367418956 ) ) ;
#1040 = CARTESIAN_POINT ( 'NONE',  ( -196.4999999999999147, 11.56256137995136868, 8.709937967536061976 ) ) ;
#1041 = VECTOR ( 'NONE', #4887, 1000.000000000000000 ) ;
#1042 = ORIENTED_EDGE ( 'NONE', *, *, #2002, .F. ) ;
#1043 = CARTESIAN_POINT ( 'NONE',  ( -196.2999999999999261, 12.09521559050040196, 8.141567681839806170 ) ) ;
#1044 = ORIENTED_EDGE ( 'NONE', *, *, #1706, .F. ) ;
#1045 = PLANE ( 'NONE',  #790 ) ;
#1046 = LINE ( 'NONE', #3195, #690 ) ;
#1047 = CARTESIAN_POINT ( 'NONE',  ( -196.4999999999999147, 12.30025652795808000, 17.11252942137045707 ) ) ;
#1048 = ORIENTED_EDGE ( 'NONE', *, *, #5128, .F. ) ;
#1049 = LINE ( 'NONE', #4385, #3582 ) ;
#1050 = LINE ( 'NONE', #5335, #5392 ) ;
#1051 = VERTEX_POINT ( 'NONE', #4365 ) ;
#1052 = ORIENTED_EDGE ( 'NONE', *, *, #957, .F. ) ;
#1053 = CARTESIAN_POINT ( 'NONE',  ( -196.2999999999999261, 12.23374945295397787, 13.64408709050737478 ) ) ;
#1054 = EDGE_CURVE ( 'NONE', #6219, #44, #6044, .T. ) ;
#1055 = CARTESIAN_POINT ( 'NONE',  ( -196.2999999999999261, 11.97767918659614850, 13.13516841287801284 ) ) ;
#1056 = EDGE_CURVE ( 'NONE', #5327, #3702, #712, .T. ) ;
#1057 = DIRECTION ( 'NONE',  ( 6.162975822039154730E-33, 1.224646799147353454E-16, -1.000000000000000000 ) ) ;
#1058 = CARTESIAN_POINT ( 'NONE',  ( -196.2999999999999261, 11.77088567006646969, 14.93784628954547955 ) ) ;
#1059 = ORIENTED_EDGE ( 'NONE', *, *, #5002, .F. ) ;
#1060 = PLANE ( 'NONE',  #1088 ) ;
#1061 = CARTESIAN_POINT ( 'NONE',  ( -196.2999999999999261, 11.82135303253940073, 15.59781302124998703 ) ) ;
#1062 = CARTESIAN_POINT ( 'NONE',  ( -196.2999999999999261, 12.30441881033333829, 9.474979639498025463 ) ) ;
#1063 = CARTESIAN_POINT ( 'NONE',  ( -196.2999999999999261, 12.23304540195700163, 13.62393665050881175 ) ) ;
#1064 = ORIENTED_EDGE ( 'NONE', *, *, #4360, .F. ) ;
#1065 = CARTESIAN_POINT ( 'NONE',  ( -196.2999999999999261, 11.94537402037247809, 16.94894363819734195 ) ) ;
#1066 = CARTESIAN_POINT ( 'NONE',  ( -196.4999999999999147, 12.23304540195700163, 13.62393665050881175 ) ) ;
#1067 = CARTESIAN_POINT ( 'NONE',  ( -196.2999999999999261, 12.14479925382197223, 12.52309195874858716 ) ) ;
#1068 = CARTESIAN_POINT ( 'NONE',  ( -196.7499999999999716, 15.99999999999993783, 4.000000000000072831 ) ) ;
#1069 = FACE_OUTER_BOUND ( 'NONE', #2402, .T. ) ;
#1070 = CARTESIAN_POINT ( 'NONE',  ( -196.2999999999999261, 12.31551442842094879, 9.561306960150762535 ) ) ;
#1071 = CARTESIAN_POINT ( 'NONE',  ( -196.2999999999999261, 12.06953461071261557, 15.61857984676935374 ) ) ;
#1072 = EDGE_CURVE ( 'NONE', #765, #1092, #3601, .T. ) ;
#1073 = EDGE_LOOP ( 'NONE', ( #5691, #6455 ) ) ;
#1074 = CARTESIAN_POINT ( 'NONE',  ( -196.2999999999999261, 12.29516186431838420, 16.01545484676935516 ) ) ;
#1075 = LINE ( 'NONE', #2134, #2806 ) ;
#1076 = CARTESIAN_POINT ( 'NONE',  ( -196.2999999999999261, 11.84502038795620749, 14.57853202024691619 ) ) ;
#1077 = CARTESIAN_POINT ( 'NONE',  ( -196.2999999999999261, 12.28597881275701376, 8.557777262862883205 ) ) ;
#1078 = VERTEX_POINT ( 'NONE', #4992 ) ;
#1079 = CARTESIAN_POINT ( 'NONE',  ( 0.000000000000000000, 0.000000000000000000, -10.40000000000000036 ) ) ;
#1080 = DIRECTION ( 'NONE',  ( 1.665334536937734318E-16, -1.000000000000000000, -1.224646799147353947E-16 ) ) ;
#1081 = ORIENTED_EDGE ( 'NONE', *, *, #4068, .F. ) ;
#1082 = VERTEX_POINT ( 'NONE', #1801 ) ;
#1083 = CARTESIAN_POINT ( 'NONE',  ( -196.2999999999999261, 12.29516186431838420, 15.94422087241037822 ) ) ;
#1084 = CARTESIAN_POINT ( 'NONE',  ( -196.4999999999999147, 11.87357898865620065, 8.302195265388313317 ) ) ;
#1085 = LINE ( 'NONE', #2249, #5638 ) ;
#1086 = DIRECTION ( 'NONE',  ( 0.000000000000000000, 0.000000000000000000, -1.000000000000000000 ) ) ;
#1087 = ADVANCED_FACE ( 'NONE', ( #146 ), #3872, .F. ) ;
#1088 = AXIS2_PLACEMENT_3D ( 'NONE', #4258, #4778, #5874 ) ;
#1089 = B_SPLINE_CURVE_WITH_KNOTS ( 'NONE', 3,
 ( #2221, #5872, #4361, #3836, #5975, #1162, #3313, #1058, #5345, #4399, #1232, #145, #6639, #3975, #1766, #5480, #3903, #250, #5025 ),
 .UNSPECIFIED., .F., .F.,
 ( 4, 1, 1, 1, 1, 1, 1, 1, 1, 1, 1, 1, 1, 1, 1, 1, 4 ),
 ( 0.000000000000000000, 0.07560433049574774578, 0.1479650154827389097, 0.2187969985237026571, 0.2894704453213781115, 0.3597242180875001583, 0.4297077387530455761, 0.5004965198485866740, 0.5744290198679500303, 0.6139472962286702806, 0.6571552698261118319, 0.7039727697209376966, 0.7549389848168011063, 0.8097066112894879542, 0.8688329536985497370, 0.9323854739325982965, 1.000000000000000000 ),
 .UNSPECIFIED. ) ;
#1090 = EDGE_CURVE ( 'NONE', #3234, #749, #181, .T. ) ;
#1091 = CARTESIAN_POINT ( 'NONE',  ( -196.2999999999999261, 12.20391049138446427, 13.88057942232011577 ) ) ;
#1092 = VERTEX_POINT ( 'NONE', #3838 ) ;
#1093 = CARTESIAN_POINT ( 'NONE',  ( -196.2999999999999261, 11.90500834861819968, 15.23824772273208872 ) ) ;
#1094 = DIRECTION ( 'NONE',  ( -9.152019095728144774E-31, -1.224646799147356165E-16, 1.000000000000000000 ) ) ;
#1095 = CARTESIAN_POINT ( 'NONE',  ( -196.2999999999999261, 12.02040224893376852, 16.22915676984627709 ) ) ;
#1096 = PERSON_AND_ORGANIZATION_ROLE ( 'design_owner' ) ;
#1097 = EDGE_CURVE ( 'NONE', #2782, #2891, #1592, .T. ) ;
#1098 = EDGE_CURVE ( 'NONE', #593, #1315, #2257, .T. ) ;
#1099 = VERTEX_POINT ( 'NONE', #1736 ) ;
#1100 = DIRECTION ( 'NONE',  ( -1.445602896647339163E-16, 1.000000000000000000, 0.000000000000000000 ) ) ;
#1101 = VECTOR ( 'NONE', #5424, 1000.000000000000000 ) ;
#1102 = CARTESIAN_POINT ( 'NONE',  ( -196.2999999999999261, 11.70493750534402544, 15.81908440406102123 ) ) ;
#1103 = CARTESIAN_POINT ( 'NONE',  ( -196.2999999999999261, 11.73303498107171627, 10.43805769876779621 ) ) ;
#1104 = CARTESIAN_POINT ( 'NONE',  ( -196.2999999999999261, 12.29516186431838420, 15.61857984676935374 ) ) ;
#1105 = CARTESIAN_POINT ( 'NONE',  ( -196.4999999999999147, 11.71511378739530862, 13.95984587241037822 ) ) ;
#1106 = ORGANIZATION ( 'UNSPECIFIED', 'UNSPECIFIED', '' ) ;
#1107 = CARTESIAN_POINT ( 'NONE',  ( -196.2999999999999261, 11.86297238916046481, 13.38387736993570520 ) ) ;
#1108 = CARTESIAN_POINT ( 'NONE',  ( 5.971883874145976101, 7.789090853690734839, -8.400000000000000355 ) ) ;
#1109 = ORIENTED_EDGE ( 'NONE', *, *, #1465, .F. ) ;
#1110 = CARTESIAN_POINT ( 'NONE',  ( -196.2999999999999261, 12.17954622080084270, 8.088057660100071544 ) ) ;
#1111 = DIRECTION ( 'NONE',  ( -1.000000000000000000, 0.000000000000000000, 0.000000000000000000 ) ) ;
#1112 = DIRECTION ( 'NONE',  ( 0.000000000000000000, 0.000000000000000000, 1.000000000000000000 ) ) ;
#1113 = ADVANCED_FACE ( 'NONE', ( #1194, #3529 ), #4569, .T. ) ;
#1114 = CARTESIAN_POINT ( 'NONE',  ( -196.2999999999999261, 12.29924791704229214, 8.595993910369969626 ) ) ;
#1115 = ORIENTED_EDGE ( 'NONE', *, *, #3378, .F. ) ;
#1116 = DIRECTION ( 'NONE',  ( 0.6084474286424761402, 0.7935941825507283331, 0.000000000000000000 ) ) ;
#1117 = LINE ( 'NONE', #3860, #5619 ) ;
#1118 = EDGE_LOOP ( 'NONE', ( #1995, #6063, #586, #2739 ) ) ;
#1119 = VERTEX_POINT ( 'NONE', #5130 ) ;
#1120 = CARTESIAN_POINT ( 'NONE',  ( -196.2999999999999261, 12.21768216203531132, 13.56553715882501265 ) ) ;
#1121 = CARTESIAN_POINT ( 'NONE',  ( -196.4999999999999147, 11.51197932506562260, 8.556129568671254404 ) ) ;
#1122 = FACE_OUTER_BOUND ( 'NONE', #6491, .T. ) ;
#1123 = DIRECTION ( 'NONE',  ( -1.000000000000000000, -1.665334536937734318E-16, -3.081487911019576818E-32 ) ) ;
#1124 = VECTOR ( 'NONE', #2284, 1000.000000000000000 ) ;
#1125 = CARTESIAN_POINT ( 'NONE',  ( -196.2999999999999261, 12.22163102161310988, 13.86490394492606626 ) ) ;
#1126 = VECTOR ( 'NONE', #4140, 1000.000000000000000 ) ;
#1127 = ORIENTED_EDGE ( 'NONE', *, *, #1507, .F. ) ;
#1128 = DIRECTION ( 'NONE',  ( -3.330669073875469621E-16, 1.000000000000000000, 1.224646799147353947E-16 ) ) ;
#1129 = LINE ( 'NONE', #1195, #5744 ) ;
#1130 = FACE_OUTER_BOUND ( 'NONE', #5524, .T. ) ;
#1131 = APPROVAL_ROLE ( '' ) ;
#1132 = VECTOR ( 'NONE', #743, 1000.000000000000000 ) ;
#1133 = VECTOR ( 'NONE', #4370, 1000.000000000000114 ) ;
#1134 = VERTEX_POINT ( 'NONE', #318 ) ;
#1135 = CARTESIAN_POINT ( 'NONE',  ( -196.2999999999999261, 12.30451877622762602, 12.22360869377301285 ) ) ;
#1136 = CARTESIAN_POINT ( 'NONE',  ( -196.2999999999999261, 12.04075481303633488, 6.831360295487301393 ) ) ;
#1137 = CARTESIAN_POINT ( 'NONE',  ( -196.2999999999999261, 11.71784651049347659, 12.16196404406844955 ) ) ;
#1138 = CARTESIAN_POINT ( 'NONE',  ( -60.00000000000000000, -1.322726650432315409E-14, 20.00000000000007461 ) ) ;
#1139 = EDGE_CURVE ( 'NONE', #6706, #3412, #6687, .T. ) ;
#1140 = ADVANCED_FACE ( 'NONE', ( #6710 ), #6676, .T. ) ;
#1141 = CARTESIAN_POINT ( 'NONE',  ( -196.2999999999999261, 12.21375160790812942, 7.599669590359096283 ) ) ;
#1142 = FACE_BOUND ( 'NONE', #1738, .T. ) ;
#1143 = DIRECTION ( 'NONE',  ( 0.000000000000000000, -1.224646799147353700E-16, 1.000000000000000000 ) ) ;
#1144 = ORIENTED_EDGE ( 'NONE', *, *, #3028, .T. ) ;
#1145 = CARTESIAN_POINT ( 'NONE',  ( -196.2999999999999261, 11.90830414196261700, 8.179717667282172755 ) ) ;
#1146 = CARTESIAN_POINT ( 'NONE',  ( -196.4999999999999147, 11.90821545513909818, 16.01245140930053523 ) ) ;
#1147 = LINE ( 'NONE', #6375, #127 ) ;
#1148 = CARTESIAN_POINT ( 'NONE',  ( -196.2999999999999261, 11.58581742448674667, 7.768502953346643203 ) ) ;
#1149 = ORIENTED_EDGE ( 'NONE', *, *, #445, .F. ) ;
#1150 = LINE ( 'NONE', #3790, #6604 ) ;
#1151 = CARTESIAN_POINT ( 'NONE',  ( 6.000000000000002665, 7.347880794884120722E-16, 0.000000000000000000 ) ) ;
#1152 = VECTOR ( 'NONE', #1420, 1000.000000000000000 ) ;
#1153 = ORIENTED_EDGE ( 'NONE', *, *, #3336, .T. ) ;
#1154 = ORIENTED_EDGE ( 'NONE', *, *, #1872, .F. ) ;
#1155 = CARTESIAN_POINT ( 'NONE',  ( -196.2999999999999261, 12.29924791704229214, 8.595993910369969626 ) ) ;
#1156 = VECTOR ( 'NONE', #4726, 1000.000000000000000 ) ;
#1157 = CARTESIAN_POINT ( 'NONE',  ( -196.2999999999999261, 11.51197932506562260, 8.556129568671254404 ) ) ;
#1158 = DIRECTION ( 'NONE',  ( -1.000000000000000000, -1.665334536937734318E-16, -3.081487911019576818E-32 ) ) ;
#1159 = CARTESIAN_POINT ( 'NONE',  ( -196.2999999999999261, 11.79248106198219936, 13.56486431619131139 ) ) ;
#1160 = EDGE_CURVE ( 'NONE', #6883, #5694, #3596, .T. ) ;
#1161 = B_SPLINE_SURFACE_WITH_KNOTS ( 'NONE', 3, 1, ( 
 ( #510, #5882 ),
 ( #5357, #2164 ),
 ( #6440, #5914 ),
 ( #3253, #6156 ),
 ( #4968, #2269 ),
 ( #6616, #2897 ),
 ( #5529, #1286 ),
 ( #189, #3880 ),
 ( #263, #5454 ),
 ( #3323, #3465 ),
 ( #1777, #6122 ),
 ( #2791, #2299 ),
 ( #6018, #1319 ),
 ( #4412, #5074 ),
 ( #752, #1849 ),
 ( #787, #4548 ),
 ( #2406, #6684 ),
 ( #1879, #6652 ),
 ( #3433, #3915 ) ),
 .UNSPECIFIED., .F., .F., .F.,
 ( 4, 1, 1, 1, 1, 1, 1, 1, 1, 1, 1, 1, 1, 1, 1, 1, 4 ),
 ( 2, 2 ),
 ( 0.000000000000000000, 0.06401997539918675983, 0.1266938772026800775, 0.1890843947192399621, 0.2503626319435294234, 0.3125164793751674663, 0.3742426024152418207, 0.4378501622567364526, 0.5026573259791423665, 0.5677454391232089614, 0.6305759140874039881, 0.6927720900845494301, 0.7542675456219435359, 0.8151205536325724088, 0.8760513585553990623, 0.9379817981186490128, 0.9999999999999998890 ),
 ( 0.000000000000000000, 1.000000000000000000 ),
 .UNSPECIFIED. ) ;
#1162 = CARTESIAN_POINT ( 'NONE',  ( -196.2999999999999261, 11.73454370817875692, 14.89750652602884173 ) ) ;
#1163 = CARTESIAN_POINT ( 'NONE',  ( -196.2999999999999261, 11.98389154227684017, 12.48363999659729195 ) ) ;
#1164 = CARTESIAN_POINT ( 'NONE',  ( -196.4999999999999147, 11.84353842402882506, 12.82743229340252000 ) ) ;
#1165 = ORIENTED_EDGE ( 'NONE', *, *, #1385, .T. ) ;
#1166 = CARTESIAN_POINT ( 'NONE',  ( -196.2999999999999261, 12.18950588994133710, 12.39539806503388242 ) ) ;
#1167 = ORIENTED_EDGE ( 'NONE', *, *, #1222, .T. ) ;
#1168 = CARTESIAN_POINT ( 'NONE',  ( -196.2999999999999261, 11.77617147970300060, 17.17586900942961137 ) ) ;
#1169 = ORIENTED_EDGE ( 'NONE', *, *, #802, .T. ) ;
#1170 = CARTESIAN_POINT ( 'NONE',  ( -196.2999999999999261, 11.72252823324339133, 8.144528902523360259 ) ) ;
#1171 = CARTESIAN_POINT ( 'NONE',  ( -196.2999999999999261, 12.29516186431838598, 5.951111898051403948 ) ) ;
#1172 = CARTESIAN_POINT ( 'NONE',  ( -196.4999999999999147, 11.71165847062806975, 15.87554994545004661 ) ) ;
#1173 = CARTESIAN_POINT ( 'NONE',  ( -196.4999999999999147, 11.90178496127351337, 8.301833051897556714 ) ) ;
#1174 = DIRECTION ( 'NONE',  ( 5.473822126268816683E-48, -1.224646799147353947E-16, 1.000000000000000000 ) ) ;
#1175 = EDGE_CURVE ( 'NONE', #1351, #6390, #5504, .T. ) ;
#1176 = ORIENTED_EDGE ( 'NONE', *, *, #4540, .T. ) ;
#1177 = EDGE_CURVE ( 'NONE', #5299, #539, #3586, .T. ) ;
#1178 = EDGE_CURVE ( 'NONE', #156, #5405, #3023, .T. ) ;
#1179 = FACE_OUTER_BOUND ( 'NONE', #1513, .T. ) ;
#1180 = CARTESIAN_POINT ( 'NONE',  ( -196.4999999999999147, 11.70530426793139966, 15.82880930723594481 ) ) ;
#1181 = DIRECTION ( 'NONE',  ( -0.000000000000000000, -0.000000000000000000, -1.000000000000000000 ) ) ;
#1182 = LINE ( 'NONE', #6027, #4524 ) ;
#1183 = VERTEX_POINT ( 'NONE', #4047 ) ;
#1184 = CARTESIAN_POINT ( 'NONE',  ( -196.4999999999999147, 11.87486068928641103, 9.064782789857705581 ) ) ;
#1185 = CARTESIAN_POINT ( 'NONE',  ( -196.2999999999999261, 12.99999999999993783, 10.00000000000101075 ) ) ;
#1186 = ADVANCED_FACE ( 'NONE', ( #1381 ), #5164, .F. ) ;
#1187 = EDGE_LOOP ( 'NONE', ( #2876, #3719, #59, #6142 ) ) ;
#1188 = ORIENTED_EDGE ( 'NONE', *, *, #148, .F. ) ;
#1189 = CARTESIAN_POINT ( 'NONE',  ( -196.2999999999999261, 12.19355804821261557, 7.917678404461661046 ) ) ;
#1190 = DIRECTION ( 'NONE',  ( -3.330669073875469621E-16, 1.000000000000000000, 1.224646799147353947E-16 ) ) ;
#1191 = LINE ( 'NONE', #176, #596 ) ;
#1192 = CARTESIAN_POINT ( 'NONE',  ( -196.2999999999999261, 11.58282212072864148, 7.599669590359096283 ) ) ;
#1193 = CARTESIAN_POINT ( 'NONE',  ( -196.2999999999999261, 11.71400719044138228, 8.343909967954063589 ) ) ;
#1194 = FACE_OUTER_BOUND ( 'NONE', #5919, .T. ) ;
#1195 = CARTESIAN_POINT ( 'NONE',  ( -196.2999999999999261, 11.50141186431838491, 9.370342667282171689 ) ) ;
#1196 = AXIS2_PLACEMENT_3D ( 'NONE', #6728, #5773, #1923 ) ;
#1197 = ORIENTED_EDGE ( 'NONE', *, *, #3282, .T. ) ;
#1198 = EDGE_CURVE ( 'NONE', #5204, #1230, #1307, .T. ) ;
#1199 = CARTESIAN_POINT ( 'NONE',  ( -196.2999999999999261, 11.73911903998134854, 15.29519563202981480 ) ) ;
#1200 = EDGE_LOOP ( 'NONE', ( #2187, #5593, #4966, #31 ) ) ;
#1201 = VECTOR ( 'NONE', #2659, 1000.000000000000000 ) ;
#1202 = DIRECTION ( 'NONE',  ( -3.330669073875469621E-16, 1.000000000000000000, 1.224646799147353947E-16 ) ) ;
#1203 = EDGE_LOOP ( 'NONE', ( #1549, #5976, #6315, #5795 ) ) ;
#1204 = CARTESIAN_POINT ( 'NONE',  ( -196.2999999999999261, 11.60360915825837935, 8.062113673589509588 ) ) ;
#1205 = CARTESIAN_POINT ( 'NONE',  ( -196.2999999999999261, 11.80878035934076387, 9.054031769723273726 ) ) ;
#1206 = DIRECTION ( 'NONE',  ( -1.000000000000000000, -1.665334536937734318E-16, -3.081487911019576818E-32 ) ) ;
#1207 = CARTESIAN_POINT ( 'NONE',  ( -196.4999999999999147, 11.94357467078421386, 8.302870538366041941 ) ) ;
#1208 = CARTESIAN_POINT ( 'NONE',  ( -196.2999999999999261, 12.29516186431838420, 14.51954138523089100 ) ) ;
#1209 = VECTOR ( 'NONE', #1881, 1000.000000000000000 ) ;
#1210 = FACE_OUTER_BOUND ( 'NONE', #4015, .T. ) ;
#1211 = CARTESIAN_POINT ( 'NONE',  ( -196.2999999999999261, 11.77644538730993951, 14.38885905206877069 ) ) ;
#1212 = CARTESIAN_POINT ( 'NONE',  ( -196.2999999999999261, 11.71511378739530862, 13.95984587241037822 ) ) ;
#1213 = CARTESIAN_POINT ( 'NONE',  ( -196.2999999999999261, 11.50141186431838491, 7.009445231384737518 ) ) ;
#1214 = EDGE_LOOP ( 'NONE', ( #2278, #6492, #2769, #170, #5284 ) ) ;
#1215 = CARTESIAN_POINT ( 'NONE',  ( -196.2999999999999261, 11.71511378739530862, 13.95984587241037822 ) ) ;
#1216 = DIRECTION ( 'NONE',  ( -1.000000000000000000, 0.000000000000000000, 0.000000000000000000 ) ) ;
#1217 = B_SPLINE_SURFACE_WITH_KNOTS ( 'NONE', 3, 1, ( 
 ( #2302, #1778 ),
 ( #649, #4444 ),
 ( #5530, #86 ),
 ( #3850, #1172 ),
 ( #2792, #5004 ),
 ( #6579, #1745 ),
 ( #190, #6019 ),
 ( #3916, #3359 ),
 ( #5492, #2334 ),
 ( #1287, #685 ),
 ( #4480, #2831 ),
 ( #6617, #1813 ),
 ( #756, #2898 ),
 ( #5039, #226 ),
 ( #2371, #4515 ),
 ( #1954, #6253 ),
 ( #6791, #3537 ),
 ( #4022, #1919 ),
 ( #3072, #6159 ) ),
 .UNSPECIFIED., .F., .F., .F.,
 ( 4, 1, 1, 1, 1, 1, 1, 1, 1, 1, 1, 1, 1, 1, 1, 1, 4 ),
 ( 2, 2 ),
 ( 0.000000000000000000, 0.07560433049574792619, 0.1479650154827348851, 0.2187969985236987713, 0.2894704453213783335, 0.3597242180875005468, 0.4297077387530461312, 0.5004965198485848976, 0.5744290198679483650, 0.6139472962286703916, 0.6571552698261107217, 0.7039727697209368085, 0.7549389848168003292, 0.8097066112894872880, 0.8688329536985491819, 0.9323854739325980745, 1.000000000000000000 ),
 ( 0.000000000000000000, 1.000000000000000000 ),
 .UNSPECIFIED. ) ;
#1218 = AXIS2_PLACEMENT_3D ( 'NONE', #4341, #2093, #1613 ) ;
#1219 = EDGE_LOOP ( 'NONE', ( #5576, #5618, #856, #2470 ) ) ;
#1220 = ORIENTED_EDGE ( 'NONE', *, *, #774, .T. ) ;
#1221 = DIRECTION ( 'NONE',  ( 6.162975822039154730E-33, 1.224646799147353454E-16, -1.000000000000000000 ) ) ;
#1222 = EDGE_CURVE ( 'NONE', #1099, #6623, #5720, .T. ) ;
#1223 = CARTESIAN_POINT ( 'NONE',  ( -196.2999999999999261, 11.52314213769921025, 8.531437870853434191 ) ) ;
#1224 = CARTESIAN_POINT ( 'NONE',  ( 6.000000000000002665, 7.347880794884120722E-16, 20.00000000000000000 ) ) ;
#1225 = SECURITY_CLASSIFICATION ( '', '', #4004 ) ;
#1226 = CARTESIAN_POINT ( 'NONE',  ( -196.2999999999999261, 11.78789372954883774, 9.047670395572517066 ) ) ;
#1227 = EDGE_CURVE ( 'NONE', #5317, #3531, #778, .T. ) ;
#1228 = CARTESIAN_POINT ( 'NONE',  ( -199.4999999999999716, 18.49999999999994316, 16.36751929630997893 ) ) ;
#1229 = EDGE_CURVE ( 'NONE', #6682, #3984, #252, .T. ) ;
#1230 = VERTEX_POINT ( 'NONE', #1868 ) ;
#1231 = OPEN_SHELL ( 'NONE', ( #6257, #4428, #2623, #1634 ) ) ;
#1232 = CARTESIAN_POINT ( 'NONE',  ( -196.2999999999999261, 11.83394796106349744, 14.97101693587115534 ) ) ;
#1233 = CARTESIAN_POINT ( 'NONE',  ( -196.2999999999999261, 11.87908291338336042, 12.44629452894655941 ) ) ;
#1234 = CARTESIAN_POINT ( 'NONE',  ( -196.4999999999999147, 11.89843671225935040, 12.79109253633497012 ) ) ;
#1235 = VECTOR ( 'NONE', #267, 1000.000000000000000 ) ;
#1236 = ORIENTED_EDGE ( 'NONE', *, *, #5262, .T. ) ;
#1237 = DIRECTION ( 'NONE',  ( -1.000000000000000000, -1.665334536937734318E-16, -3.081487911019576818E-32 ) ) ;
#1238 = AXIS2_PLACEMENT_3D ( 'NONE', #6408, #6581, #2304 ) ;
#1239 = ORIENTED_EDGE ( 'NONE', *, *, #3488, .F. ) ;
#1240 = CARTESIAN_POINT ( 'NONE',  ( -196.2999999999999261, 11.60508273771582211, 7.899392897650762357 ) ) ;
#1241 = EDGE_CURVE ( 'NONE', #137, #4989, #1345, .T. ) ;
#1242 = ORIENTED_EDGE ( 'NONE', *, *, #4169, .F. ) ;
#1243 = CARTESIAN_POINT ( 'NONE',  ( -196.2999999999999261, 12.29516186431838598, 10.52026253907704501 ) ) ;
#1244 = CARTESIAN_POINT ( 'NONE',  ( -196.2999999999999261, 11.56274498669813511, 8.740313482787481547 ) ) ;
#1245 = AXIS2_PLACEMENT_3D ( 'NONE', #6532, #140, #2316 ) ;
#1246 = CARTESIAN_POINT ( 'NONE',  ( -196.2999999999999261, 12.00739136485413283, 8.096101306384605678 ) ) ;
#1247 = VECTOR ( 'NONE', #1641, 1000.000000000000000 ) ;
#1248 = CARTESIAN_POINT ( 'NONE',  ( -196.2999999999999261, 12.12016634805082660, 16.89188739359720870 ) ) ;
#1249 = LINE ( 'NONE', #2833, #2149 ) ;
#1250 = CIRCLE ( 'NONE', #909, 2.750000000000002665 ) ;
#1251 = EDGE_CURVE ( 'NONE', #3411, #1550, #2959, .T. ) ;
#1252 = VECTOR ( 'NONE', #6847, 1000.000000000000114 ) ;
#1253 = LINE ( 'NONE', #2797, #4903 ) ;
#1254 = LINE ( 'NONE', #5497, #4603 ) ;
#1255 = CARTESIAN_POINT ( 'NONE',  ( -196.4999999999999147, 12.02140560004904657, 9.120001607891758511 ) ) ;
#1256 = CARTESIAN_POINT ( 'NONE',  ( -196.2999999999999261, 11.71048026966240840, 12.31911357722245981 ) ) ;
#1257 = ORIENTED_EDGE ( 'NONE', *, *, #6892, .T. ) ;
#1258 = CARTESIAN_POINT ( 'NONE',  ( -196.2999999999999261, 11.82347849410305507, 14.26173787375609159 ) ) ;
#1259 = CARTESIAN_POINT ( 'NONE',  ( -196.2999999999999261, 11.79815655830268994, 15.63660480342236880 ) ) ;
#1260 = ORIENTED_EDGE ( 'NONE', *, *, #3079, .F. ) ;
#1261 = ORIENTED_EDGE ( 'NONE', *, *, #5657, .F. ) ;
#1262 = CARTESIAN_POINT ( 'NONE',  ( -196.4999999999999147, 12.31447038845767139, 8.677594762087643687 ) ) ;
#1263 = CARTESIAN_POINT ( 'NONE',  ( -196.4999999999999147, 11.98169753138254201, 9.129309120385867615 ) ) ;
#1264 = CYLINDRICAL_SURFACE ( 'NONE', #3712, 6.000000000000000888 ) ;
#1265 = LINE ( 'NONE', #276, #1272 ) ;
#1266 = CIRCLE ( 'NONE', #2281, 2.750000000000002665 ) ;
#1267 = DIRECTION ( 'NONE',  ( 2.168404344971008868E-16, -1.000000000000000000, 0.000000000000000000 ) ) ;
#1268 = CARTESIAN_POINT ( 'NONE',  ( -196.2999999999999261, 11.94537402037247809, 13.42795004845375040 ) ) ;
#1269 = ORIENTED_EDGE ( 'NONE', *, *, #5002, .T. ) ;
#1270 = DATE_AND_TIME ( #5023, #5152 ) ;
#1271 = B_SPLINE_CURVE_WITH_KNOTS ( 'NONE', 3,
 ( #6211, #2389, #739, #772, #6177, #1409, #4602, #3418, #3552, #3019, #2495, #5093, #4003, #4643, #5059, #6141, #4108, #811, #5021, #208, #1340, #6669, #2355, #4498, #6636, #1832, #3971 ),
 .UNSPECIFIED., .F., .F.,
 ( 4, 1, 1, 1, 1, 1, 1, 1, 1, 1, 1, 1, 1, 1, 1, 1, 1, 1, 1, 1, 1, 1, 1, 1, 4 ),
 ( 0.000000000000000000, 0.04202332852592357421, 0.08364491116871133891, 0.1249837954173943083, 0.1662474611728949614, 0.2077015560969877606, 0.2496310707996491907, 0.2917417703321310007, 0.3347428753531980772, 0.3774601685508653937, 0.4195563188419397238, 0.4610441763330334619, 0.5020962839443966486, 0.5428907140755997451, 0.5838008186265049027, 0.6248635833101933157, 0.6662246890691707613, 0.7073991864779365368, 0.7485566775366934156, 0.7896545909521800466, 0.8307397264898324085, 0.8720701422586049079, 0.9139933952421329666, 0.9564981300675882148, 1.000000000000000000 ),
 .UNSPECIFIED. ) ;
#1272 = VECTOR ( 'NONE', #5681, 1000.000000000000000 ) ;
#1273 = EDGE_CURVE ( 'NONE', #3494, #3643, #3204, .T. ) ;
#1274 = PLANE ( 'NONE',  #355 ) ;
#1275 = EDGE_CURVE ( 'NONE', #4946, #1627, #4846, .T. ) ;
#1276 = DIRECTION ( 'NONE',  ( 6.162975822039154730E-33, 1.224646799147353454E-16, -1.000000000000000000 ) ) ;
#1277 = LINE ( 'NONE', #6606, #905 ) ;
#1278 = CARTESIAN_POINT ( 'NONE',  ( -196.4999999999999147, 11.92443932891287339, 12.78174479462465563 ) ) ;
#1279 = ORIENTED_EDGE ( 'NONE', *, *, #6767, .T. ) ;
#1280 = FACE_OUTER_BOUND ( 'NONE', #4648, .T. ) ;
#1281 = VERTEX_POINT ( 'NONE', #5868 ) ;
#1282 = DIRECTION ( 'NONE',  ( -0.9237280213470681067, -0.3830490080632377170, 0.000000000000000000 ) ) ;
#1283 = ORIENTED_EDGE ( 'NONE', *, *, #585, .F. ) ;
#1284 = CARTESIAN_POINT ( 'NONE',  ( -196.4999999999999147, 11.72274599893377101, 11.09522247497448078 ) ) ;
#1286 = CARTESIAN_POINT ( 'NONE',  ( -196.4999999999999147, 11.79333239249219467, 12.89591092009841233 ) ) ;
#1285 = B_SPLINE_SURFACE_WITH_KNOTS ( 'NONE', 3, 1, ( 
 ( #4647, #6782 ),
 ( #744, #2359 ),
 ( #5066, #2398 ),
 ( #6677, #3170 ),
 ( #2567, #389 ),
 ( #949, #6425 ),
 ( #4712, #6346 ),
 ( #6960, #6314 ),
 ( #2045, #3692 ),
 ( #3587, #5829 ),
 ( #5721, #912 ),
 ( #6922, #1481 ),
 ( #1021, #6851 ),
 ( #1593, #4252 ),
 ( #5340, #5309 ) ),
 .UNSPECIFIED., .F., .F., .F.,
 ( 4, 1, 1, 1, 1, 1, 1, 1, 1, 1, 1, 1, 4 ),
 ( 2, 2 ),
 ( 0.000000000000000000, 0.08592051741176728874, 0.1695934351247421756, 0.2524755148685392525, 0.3362444769570505088, 0.4195045210415733750, 0.5020359066440908125, 0.5847746476768730384, 0.6698464747058013868, 0.7541848663887871229, 0.8366582383293275083, 0.9180097257088053464, 1.000000000000000000 ),
 ( 0.000000000000000000, 1.000000000000000000 ),
 .UNSPECIFIED. ) ;
#1287 = CARTESIAN_POINT ( 'NONE',  ( -196.2999999999999261, 11.81504869807821123, 15.99181028276992755 ) ) ;
#1288 = CARTESIAN_POINT ( 'NONE',  ( -196.4999999999999147, 12.09705347911470419, 8.348696801544763346 ) ) ;
#1289 = CARTESIAN_POINT ( 'NONE',  ( -196.2999999999999261, 12.29516186431838598, 7.774415433708456113 ) ) ;
#1290 = CARTESIAN_POINT ( 'NONE',  ( -196.2999999999999261, 11.62567939134190453, 10.49304436645340388 ) ) ;
#1291 = LINE ( 'NONE', #2939, #3065 ) ;
#1292 = ORIENTED_EDGE ( 'NONE', *, *, #5647, .T. ) ;
#1293 = CARTESIAN_POINT ( 'NONE',  ( -196.2999999999999261, 12.29516186431838420, 14.51954138523089100 ) ) ;
#1294 = CARTESIAN_POINT ( 'NONE',  ( -196.2999999999999261, 11.81592258146582175, 14.19390035958986473 ) ) ;
#1295 = ADVANCED_FACE ( 'NONE', ( #5307 ), #3654, .F. ) ;
#1296 = VERTEX_POINT ( 'NONE', #4711 ) ;
#1297 = CARTESIAN_POINT ( 'NONE',  ( -196.4999999999999147, 11.94357467078421386, 8.302870538366041941 ) ) ;
#1298 = DIRECTION ( 'NONE',  ( -1.000000000000000000, 0.000000000000000000, 0.000000000000000000 ) ) ;
#1299 = CARTESIAN_POINT ( 'NONE',  ( -196.2999999999999261, 11.72082179300340421, 15.33047812202823756 ) ) ;
#1300 = LINE ( 'NONE', #2914, #2163 ) ;
#1301 = CARTESIAN_POINT ( 'NONE',  ( -196.2999999999999261, 11.72118838547871889, 12.89820500578935025 ) ) ;
#1302 = CARTESIAN_POINT ( 'NONE',  ( -199.4999999999999716, 15.99999999999994493, 16.00000000000008527 ) ) ;
#1303 = ORIENTED_EDGE ( 'NONE', *, *, #3608, .T. ) ;
#1304 = PERSON_AND_ORGANIZATION_ROLE ( 'design_supplier' ) ;
#1305 = CARTESIAN_POINT ( 'NONE',  ( -196.2999999999999261, 11.58804720404942756, 10.32012692556141253 ) ) ;
#1306 = CARTESIAN_POINT ( 'NONE',  ( -196.2999999999999261, 11.95896940309870438, 15.94416926455175698 ) ) ;
#1307 = LINE ( 'NONE', #3491, #2816 ) ;
#1308 = CYLINDRICAL_SURFACE ( 'NONE', #3732, 4.500000000000003553 ) ;
#1309 = EDGE_CURVE ( 'NONE', #5896, #2540, #6279, .T. ) ;
#1310 = ORIENTED_EDGE ( 'NONE', *, *, #5024, .T. ) ;
#1311 = LINE ( 'NONE', #5663, #4131 ) ;
#1312 = EDGE_CURVE ( 'NONE', #3982, #6301, #6921, .T. ) ;
#1313 = ORIENTED_EDGE ( 'NONE', *, *, #3745, .F. ) ;
#1314 = CARTESIAN_POINT ( 'NONE',  ( -196.2999999999999261, 11.85386661664111685, 8.105264253047732126 ) ) ;
#1315 = VERTEX_POINT ( 'NONE', #1591 ) ;
#1317 = CARTESIAN_POINT ( 'NONE',  ( -196.2999999999999261, 11.90830414196261700, 8.179717667282172755 ) ) ;
#1316 = VECTOR ( 'NONE', #6250, 1000.000000000000000 ) ;
#1318 = EDGE_CURVE ( 'NONE', #5999, #5963, #6341, .T. ) ;
#1319 = CARTESIAN_POINT ( 'NONE',  ( -196.4999999999999147, 11.85630078199258541, 12.81665127697415940 ) ) ;
#1320 = AXIS2_PLACEMENT_3D ( 'NONE', #4216, #5900, #391 ) ;
#1321 = CARTESIAN_POINT ( 'NONE',  ( -199.4999999999999716, 17.74999999999993960, 4.000000000000072831 ) ) ;
#1322 = CARTESIAN_POINT ( 'NONE',  ( -196.2999999999999261, 12.14641297402201658, 16.90454659047189168 ) ) ;
#1323 = ADVANCED_FACE ( 'NONE', ( #6885 ), #5095, .T. ) ;
#1324 = EDGE_CURVE ( 'NONE', #4018, #3751, #6037, .T. ) ;
#1325 = CIRCLE ( 'NONE', #3458, 3.200000000000003730 ) ;
#1326 = LINE ( 'NONE', #2902, #3116 ) ;
#1327 = CARTESIAN_POINT ( 'NONE',  ( -196.2999999999999261, 11.81035728286878417, 15.50321462381318227 ) ) ;
#1328 = CARTESIAN_POINT ( 'NONE',  ( -59.99999999999999289, -1.908195823574487804E-14, 20.00000000000007461 ) ) ;
#1329 = VERTEX_POINT ( 'NONE', #3795 ) ;
#1330 = CARTESIAN_POINT ( 'NONE',  ( -196.2999999999999261, 11.95744989325059926, 14.19934230566224898 ) ) ;
#1331 = CARTESIAN_POINT ( 'NONE',  ( -196.2999999999999261, 11.76793693343638481, 14.23275881311922575 ) ) ;
#1332 = ORIENTED_EDGE ( 'NONE', *, *, #1229, .F. ) ;
#1333 = LINE ( 'NONE', #4595, #5276 ) ;
#1334 = CIRCLE ( 'NONE', #2229, 5.000000000000000888 ) ;
#1335 = LINE ( 'NONE', #5054, #1596 ) ;
#1336 = CARTESIAN_POINT ( 'NONE',  ( -196.2999999999999261, 12.19355804821261557, 7.917678404461661046 ) ) ;
#1337 = CARTESIAN_POINT ( 'NONE',  ( -196.4999999999999147, 11.77651856617114490, 15.40070851342107439 ) ) ;
#1338 = CARTESIAN_POINT ( 'NONE',  ( -196.2999999999999261, 11.98389168160476359, 12.02699748318313233 ) ) ;
#1339 = CARTESIAN_POINT ( 'NONE',  ( -196.4999999999999147, 11.56514854921325153, 8.762921355714444971 ) ) ;
#1340 = CARTESIAN_POINT ( 'NONE',  ( -196.2999999999999261, 11.79024342769315403, 8.390636715064882623 ) ) ;
#1341 = ORIENTED_EDGE ( 'NONE', *, *, #673, .T. ) ;
#1342 = VECTOR ( 'NONE', #3035, 1000.000000000000000 ) ;
#1343 = CARTESIAN_POINT ( 'NONE',  ( -196.2999999999999261, 11.81829832480663711, 8.309305767168304158 ) ) ;
#1344 = DIRECTION ( 'NONE',  ( -0.9237280213470681067, -0.3830490080632377170, 0.000000000000000000 ) ) ;
#1345 = LINE ( 'NONE', #5625, #3496 ) ;
#1346 = DIRECTION ( 'NONE',  ( 2.775557561562887900E-16, -1.000000000000000000, -1.224646799147354193E-16 ) ) ;
#1347 = ORIENTED_EDGE ( 'NONE', *, *, #3956, .F. ) ;
#1348 = LINE ( 'NONE', #4543, #3573 ) ;
#1349 = VERTEX_POINT ( 'NONE', #1732 ) ;
#1350 = CARTESIAN_POINT ( 'NONE',  ( -196.4999999999999147, 11.99439775830725097, 16.94182760867543180 ) ) ;
#1351 = VERTEX_POINT ( 'NONE', #735 ) ;
#1352 = CARTESIAN_POINT ( 'NONE',  ( -196.2999999999999261, 12.29342333340710880, 13.56293991076885774 ) ) ;
#1353 = CARTESIAN_POINT ( 'NONE',  ( -196.4999999999999147, 11.89796885550428307, 9.136288180102685175 ) ) ;
#1354 = CARTESIAN_POINT ( 'NONE',  ( -196.2999999999999261, 11.58282212072864148, 7.655480137234096816 ) ) ;
#1355 = LINE ( 'NONE', #5699, #6716 ) ;
#1356 = AXIS2_PLACEMENT_3D ( 'NONE', #3421, #283, #742 ) ;
#1357 = EDGE_CURVE ( 'NONE', #2552, #2632, #3899, .T. ) ;
#1358 = DIRECTION ( 'NONE',  ( 1.665334536937734564E-16, -1.000000000000000000, -1.224646799147353947E-16 ) ) ;
#1359 = AXIS2_PLACEMENT_3D ( 'NONE', #3769, #2053, #4192 ) ;
#1360 = CARTESIAN_POINT ( 'NONE',  ( -196.2999999999999261, 11.79830163813430843, 15.48789051446533271 ) ) ;
#1361 = EDGE_CURVE ( 'NONE', #1966, #5133, #1492, .T. ) ;
#1362 = VECTOR ( 'NONE', #5293, 1000.000000000000000 ) ;
#1363 = CARTESIAN_POINT ( 'NONE',  ( -196.2999999999999261, 11.73454370817875692, 15.92531101320832754 ) ) ;
#1364 = VERTEX_POINT ( 'NONE', #6458 ) ;
#1365 = CARTESIAN_POINT ( 'NONE',  ( -196.4999999999999147, 12.16904963545119500, 9.782433346203102786 ) ) ;
#1366 = CYLINDRICAL_SURFACE ( 'NONE', #6515, 6.000000000000000888 ) ;
#1367 = AXIS2_PLACEMENT_3D ( 'NONE', #3122, #6774, #2522 ) ;
#1368 = AXIS2_PLACEMENT_3D ( 'NONE', #2000, #4864, #6270 ) ;
#1369 = ORIENTED_EDGE ( 'NONE', *, *, #1708, .F. ) ;
#1370 = CARTESIAN_POINT ( 'NONE',  ( -60.00000000000000000, -1.322726650432315409E-14, 7.285838599102589797E-14 ) ) ;
#1371 = DIRECTION ( 'NONE',  ( 6.162975822039154730E-33, 1.224646799147353454E-16, -1.000000000000000000 ) ) ;
#1372 = DIRECTION ( 'NONE',  ( 0.7071067811865474617, 0.7071067811865474617, 0.000000000000000000 ) ) ;
#1373 = ADVANCED_FACE ( 'NONE', ( #1794 ), #1264, .F. ) ;
#1374 = CARTESIAN_POINT ( 'NONE',  ( -196.2999999999999261, 11.79318924409282054, 15.33390818875995265 ) ) ;
#1375 = CARTESIAN_POINT ( 'NONE',  ( -196.2999999999999261, 12.29516186431838598, 10.94766638523089064 ) ) ;
#1376 = CARTESIAN_POINT ( 'NONE',  ( -196.4999999999999147, 11.56246955662607689, 8.717470571929609946 ) ) ;
#1377 = CARTESIAN_POINT ( 'NONE',  ( -196.2999999999999261, 12.29516186431838420, 15.61857984676935374 ) ) ;
#1378 = ORIENTED_EDGE ( 'NONE', *, *, #3798, .F. ) ;
#1379 = CARTESIAN_POINT ( 'NONE',  ( -196.2999999999999261, 12.09170839024821653, 13.43801484891942799 ) ) ;
#1380 = FACE_OUTER_BOUND ( 'NONE', #5207, .T. ) ;
#1381 = FACE_OUTER_BOUND ( 'NONE', #234, .T. ) ;
#1382 = CARTESIAN_POINT ( 'NONE',  ( -196.2999999999999261, 12.10022246127351409, 9.728579596368710725 ) ) ;
#1383 = EDGE_LOOP ( 'NONE', ( #664, #6229, #2139, #5811 ) ) ;
#1384 = CARTESIAN_POINT ( 'NONE',  ( -196.2999999999999261, 12.30375237903644070, 9.640666996363703944 ) ) ;
#1385 = EDGE_CURVE ( 'NONE', #2273, #3013, #4275, .T. ) ;
#1386 = VECTOR ( 'NONE', #5203, 1000.000000000000000 ) ;
#1387 = LINE ( 'NONE', #2468, #907 ) ;
#1388 = VERTEX_POINT ( 'NONE', #4881 ) ;
#1389 = CARTESIAN_POINT ( 'NONE',  ( -196.2999999999999261, 12.17159578222624638, 13.39869164562393422 ) ) ;
#1390 = CARTESIAN_POINT ( 'NONE',  ( -196.4999999999999147, 12.31534883579966966, 9.568308199327974606 ) ) ;
#1391 = LINE ( 'NONE', #886, #4473 ) ;
#1392 = DIRECTION ( 'NONE',  ( 1.488355898481383335E-16, -0.8937278759727251831, 0.4486095002441221058 ) ) ;
#1393 = VERTEX_POINT ( 'NONE', #4394 ) ;
#1394 = CARTESIAN_POINT ( 'NONE',  ( -202.2253310930673535, 17.74999999999994316, 15.63248070369018627 ) ) ;
#1395 = LINE ( 'NONE', #3540, #3030 ) ;
#1396 = CARTESIAN_POINT ( 'NONE',  ( -196.2999999999999261, 11.85005117355657944, 16.00314423869241054 ) ) ;
#1397 = VERTEX_POINT ( 'NONE', #2215 ) ;
#1398 = ADVANCED_FACE ( 'NONE', ( #104 ), #175, .T. ) ;
#1399 = CARTESIAN_POINT ( 'NONE',  ( -196.4999999999999147, 11.59707457293379740, 8.871559418378939910 ) ) ;
#1400 = CARTESIAN_POINT ( 'NONE',  ( -196.2999999999999261, 11.73435332064851444, 14.27435658955781506 ) ) ;
#1401 = EDGE_CURVE ( 'NONE', #4798, #953, #6494, .T. ) ;
#1402 = ADVANCED_FACE ( 'NONE', ( #6563 ), #4035, .T. ) ;
#1403 = VERTEX_POINT ( 'NONE', #2982 ) ;
#1404 = CARTESIAN_POINT ( 'NONE',  ( -7.441729550223791456, 0.9767264891766993529, -10.40000000000000036 ) ) ;
#1405 = DIRECTION ( 'NONE',  ( -0.7071067811865477948, 0.7071067811865473507, 0.000000000000000000 ) ) ;
#1406 = CARTESIAN_POINT ( 'NONE',  ( -196.2999999999999261, 11.77631689738025322, 13.66294424877791158 ) ) ;
#1407 = CARTESIAN_POINT ( 'NONE',  ( -196.2999999999999261, 11.96115291750972531, 12.03027912700239632 ) ) ;
#1408 = LINE ( 'NONE', #1655, #2460 ) ;
#1409 = CARTESIAN_POINT ( 'NONE',  ( -196.2999999999999261, 11.57347726468277394, 8.628951073289259810 ) ) ;
#1410 = EDGE_CURVE ( 'NONE', #1230, #1388, #3041, .T. ) ;
#1411 = DIRECTION ( 'NONE',  ( 3.330669073875469621E-16, -1.000000000000000000, -1.224646799147353947E-16 ) ) ;
#1412 = CARTESIAN_POINT ( 'NONE',  ( -196.2999999999999261, 11.72981638960181172, 14.28385089687482434 ) ) ;
#1413 = CARTESIAN_POINT ( 'NONE',  ( -196.2999999999999261, 11.92852652196290109, 10.25315002345294246 ) ) ;
#1414 = EDGE_LOOP ( 'NONE', ( #848, #4898, #3114 ) ) ;
#1415 = PLANE ( 'NONE',  #5368 ) ;
#1416 = CARTESIAN_POINT ( 'NONE',  ( -199.4999999999995168, 8.499999999999937828, 5.500000000001005418 ) ) ;
#1417 = ORIENTED_EDGE ( 'NONE', *, *, #6507, .T. ) ;
#1418 = DIRECTION ( 'NONE',  ( 1.000000000000000000, 0.000000000000000000, 0.000000000000000000 ) ) ;
#1419 = EDGE_CURVE ( 'NONE', #2367, #6572, #1587, .T. ) ;
#1420 = DIRECTION ( 'NONE',  ( -1.665334536937734318E-16, 1.000000000000000000, 1.224646799147353947E-16 ) ) ;
#1421 = CARTESIAN_POINT ( 'NONE',  ( -196.2999999999999261, 12.08543505141774510, 12.76922087241037751 ) ) ;
#1422 = DIRECTION ( 'NONE',  ( 0.000000000000000000, -1.224646799147353700E-16, 1.000000000000000000 ) ) ;
#1423 = VERTEX_POINT ( 'NONE', #4164 ) ;
#1424 = CARTESIAN_POINT ( 'NONE',  ( -9.731492488754186709, 1.277257716615685990, -1.999999999999998224 ) ) ;
#1425 = CARTESIAN_POINT ( 'NONE',  ( -196.2999999999999261, 11.78115635848825349, 15.45160727599946426 ) ) ;
#1426 = FACE_BOUND ( 'NONE', #3793, .T. ) ;
#1427 = ORIENTED_EDGE ( 'NONE', *, *, #874, .F. ) ;
#1428 = CARTESIAN_POINT ( 'NONE',  ( -196.2999999999999261, 12.09745889818514186, 9.800113946655381270 ) ) ;
#1429 = VECTOR ( 'NONE', #2966, 1000.000000000000000 ) ;
#1430 = LINE ( 'NONE', #3572, #5283 ) ;
#1431 = B_SPLINE_CURVE_WITH_KNOTS ( 'NONE', 3,
 ( #4218, #500, #2641, #3173, #4256, #2676, #2153, #5444, #5832, #1598, #2186, #635, #4919, #6427, #3696, #4328, #6462, #4776, #5937 ),
 .UNSPECIFIED., .F., .F.,
 ( 4, 1, 1, 1, 1, 1, 1, 1, 1, 1, 1, 1, 1, 1, 1, 1, 4 ),
 ( 0.000000000000000000, 0.07722855323349456236, 0.1511549072635842150, 0.2234536379509625137, 0.2954972249195532141, 0.3669198573541561093, 0.4367940850066767688, 0.5066964308522667881, 0.5778638467408528934, 0.6159118097672329206, 0.6580480255185120475, 0.7037759860580362625, 0.7540801428690663277, 0.8089794210802185859, 0.8679131928433448939, 0.9317018161757268935, 1.000000000000000000 ),
 .UNSPECIFIED. ) ;
#1432 = VERTEX_POINT ( 'NONE', #2913 ) ;
#1433 = CARTESIAN_POINT ( 'NONE',  ( -196.4999999999999147, 11.66099519520907712, 8.473093332850620385 ) ) ;
#1434 = CARTESIAN_POINT ( 'NONE',  ( -196.4999999999999147, 11.92976973691454035, 12.78019217649691619 ) ) ;
#1435 = CARTESIAN_POINT ( 'NONE',  ( -196.4999999999999147, 12.28392081025451077, 17.05643015992664502 ) ) ;
#1436 = CARTESIAN_POINT ( 'NONE',  ( -197.9999999999999716, 5.999999999999936051, 4.000000000000071054 ) ) ;
#1437 = LINE ( 'NONE', #3810, #1594 ) ;
#1438 = CARTESIAN_POINT ( 'NONE',  ( -196.4999999999999147, 12.29516186431838598, 7.308532521048198838 ) ) ;
#1439 = DIRECTION ( 'NONE',  ( 1.000000000000000000, 0.000000000000000000, 0.000000000000000000 ) ) ;
#1440 = VECTOR ( 'NONE', #4115, 1000.000000000000000 ) ;
#1441 = CARTESIAN_POINT ( 'NONE',  ( -196.2999999999999261, 11.48117998894379532, 8.704795433326342646 ) ) ;
#1442 = EDGE_CURVE ( 'NONE', #1281, #6882, #5119, .T. ) ;
#1443 = CARTESIAN_POINT ( 'NONE',  ( -196.2999999999999261, 12.06953461071261557, 14.59077535958986438 ) ) ;
#1444 = ADVANCED_FACE ( 'NONE', ( #6867 ), #275, .T. ) ;
#1445 = CARTESIAN_POINT ( 'NONE',  ( -196.2999999999999261, 11.80278287899189138, 10.49311429060080236 ) ) ;
#1446 = VERTEX_POINT ( 'NONE', #1336 ) ;
#1447 = CARTESIAN_POINT ( 'NONE',  ( -196.2999999999999261, 12.03102074477636663, 9.806777385149192838 ) ) ;
#1448 =( BOUNDED_CURVE ( )  B_SPLINE_CURVE ( 3, ( #1404, #2553, #2947, #5649 ),
 .UNSPECIFIED., .F., .F. ) 
 B_SPLINE_CURVE_WITH_KNOTS ( ( 4, 4 ),
 ( 4.712388980384689674, 6.283185307179586232 ),
 .UNSPECIFIED. ) 
 CURVE ( )  GEOMETRIC_REPRESENTATION_ITEM ( )  RATIONAL_B_SPLINE_CURVE ( ( 1.000000000000000000, 0.8047378541243649375, 0.8047378541243649375, 1.000000000000000000 ) ) 
 REPRESENTATION_ITEM ( '' )  );
#1449 = OPEN_SHELL ( 'NONE', ( #2388 ) ) ;
#1450 = VECTOR ( 'NONE', #1882, 1000.000000000000000 ) ;
#1451 = CARTESIAN_POINT ( 'NONE',  ( -196.2999999999999261, 11.80416539923763253, 13.07603580507754515 ) ) ;
#1452 = VERTEX_POINT ( 'NONE', #3146 ) ;
#1453 = DIRECTION ( 'NONE',  ( -1.000000000000000000, -2.220446049250312588E-16, -1.035379938102577819E-30 ) ) ;
#1454 = CARTESIAN_POINT ( 'NONE',  ( -196.4999999999999147, 12.22840346561515368, 9.747033982192052193 ) ) ;
#1455 = CARTESIAN_POINT ( 'NONE',  ( -21.99999999999999289, 3.199999999999993960, -13.99999999999992895 ) ) ;
#1456 = DIRECTION ( 'NONE',  ( 1.734723475976807094E-16, -1.000000000000000000, 0.000000000000000000 ) ) ;
#1457 = ORIENTED_EDGE ( 'NONE', *, *, #1897, .F. ) ;
#1458 = DIRECTION ( 'NONE',  ( 6.162975822039154730E-33, 1.224646799147353454E-16, -1.000000000000000000 ) ) ;
#1459 = CARTESIAN_POINT ( 'NONE',  ( -202.2499999999999716, 15.99999999999993783, 4.000000000000072831 ) ) ;
#1460 = CARTESIAN_POINT ( 'NONE',  ( -59.99999999999999289, 3.199999999999989964, -13.99999999999992895 ) ) ;
#1461 = ORIENTED_EDGE ( 'NONE', *, *, #5515, .F. ) ;
#1462 = VECTOR ( 'NONE', #890, 1000.000000000000114 ) ;
#1463 = CARTESIAN_POINT ( 'NONE',  ( -196.2999999999999261, 12.07663222278527293, 9.803025195588594087 ) ) ;
#1464 = CARTESIAN_POINT ( 'NONE',  ( -196.4999999999999147, 11.56858288408081847, 8.650658857210324015 ) ) ;
#1465 = EDGE_CURVE ( 'NONE', #1616, #2143, #3482, .T. ) ;
#1466 = ORIENTED_EDGE ( 'NONE', *, *, #2730, .T. ) ;
#1467 = CARTESIAN_POINT ( 'NONE',  ( -196.4999999999999147, 11.57347726468277394, 8.628951073289259810 ) ) ;
#1468 = LINE ( 'NONE', #485, #2152 ) ;
#1469 = DIRECTION ( 'NONE',  ( -1.512222053972972395E-16, 0.9080590238365500166, 0.4188422247446070279 ) ) ;
#1470 = CARTESIAN_POINT ( 'NONE',  ( -196.2999999999999261, 11.78531100817421340, 12.18853103455991693 ) ) ;
#1471 = CYLINDRICAL_SURFACE ( 'NONE', #1368, 3.199999999999995737 ) ;
#1472 = EDGE_CURVE ( 'NONE', #502, #2431, #4597, .T. ) ;
#1473 = CARTESIAN_POINT ( 'NONE',  ( -196.2999999999999261, 11.70603031337660838, 12.95847662399624234 ) ) ;
#1474 = VECTOR ( 'NONE', #2009, 1000.000000000000227 ) ;
#1475 = DIRECTION ( 'NONE',  ( -2.775557561562887900E-16, 1.000000000000000000, 1.224646799147354193E-16 ) ) ;
#1476 = AXIS2_PLACEMENT_3D ( 'NONE', #5631, #3911, #6049 ) ;
#1477 = ORIENTED_EDGE ( 'NONE', *, *, #3067, .F. ) ;
#1478 = EDGE_LOOP ( 'NONE', ( #5506, #6046, #2796, #4403 ) ) ;
#1479 = DIRECTION ( 'NONE',  ( -1.000000000000000000, -1.665334536937734318E-16, -3.081487911019576818E-32 ) ) ;
#1480 = DIRECTION ( 'NONE',  ( -1.000000000000000000, -1.665334536937734318E-16, -3.081487911019576818E-32 ) ) ;
#1481 = CARTESIAN_POINT ( 'NONE',  ( -196.4999999999999147, 11.94537402037247809, 16.94894363819734195 ) ) ;
#1482 = VERTEX_POINT ( 'NONE', #5249 ) ;
#1483 = CARTESIAN_POINT ( 'NONE',  ( 5.158362186579737774, -3.954908286176098464, -8.400000000000000355 ) ) ;
#1484 = EDGE_CURVE ( 'NONE', #5261, #2329, #6855, .T. ) ;
#1485 = EDGE_CURVE ( 'NONE', #6264, #126, #5422, .T. ) ;
#1486 = DIRECTION ( 'NONE',  ( -3.330669073875469621E-16, 1.000000000000000000, 1.224646799147353947E-16 ) ) ;
#1487 = EDGE_LOOP ( 'NONE', ( #2633, #6614, #1586, #4585 ) ) ;
#1488 = CARTESIAN_POINT ( 'NONE',  ( 0.000000000000000000, 0.000000000000000000, 0.000000000000000000 ) ) ;
#1489 = CARTESIAN_POINT ( 'NONE',  ( -196.4999999999999147, 11.80994182539409110, 12.86649170258434793 ) ) ;
#1490 = CARTESIAN_POINT ( 'NONE',  ( -196.4999999999999147, 11.92073615282284038, 15.23380378076062058 ) ) ;
#1491 = VECTOR ( 'NONE', #838, 1000.000000000000000 ) ;
#1492 =( BOUNDED_CURVE ( )  B_SPLINE_CURVE ( 3, ( #3831, #5408, #3341, #5474 ),
 .UNSPECIFIED., .F., .F. ) 
 B_SPLINE_CURVE_WITH_KNOTS ( ( 4, 4 ),
 ( 4.712388980384689674, 6.283185307179586232 ),
 .UNSPECIFIED. ) 
 CURVE ( )  GEOMETRIC_REPRESENTATION_ITEM ( )  RATIONAL_B_SPLINE_CURVE ( ( 1.000000000000000000, 0.8047378541243649375, 0.8047378541243649375, 1.000000000000000000 ) ) 
 REPRESENTATION_ITEM ( '' )  );
#1493 = DIRECTION ( 'NONE',  ( -1.000000000000000000, -1.665334536937734318E-16, -3.081487911019576818E-32 ) ) ;
#1494 = ORIENTED_EDGE ( 'NONE', *, *, #5600, .F. ) ;
#1495 = VECTOR ( 'NONE', #4233, 1000.000000000000000 ) ;
#1496 = CARTESIAN_POINT ( 'NONE',  ( -196.2999999999999261, 12.31551442842094879, 9.561306960150762535 ) ) ;
#1497 = CARTESIAN_POINT ( 'NONE',  ( -196.2999999999999261, 11.92881571047223233, 10.22864845654499355 ) ) ;
#1498 = CARTESIAN_POINT ( 'NONE',  ( -196.4999999999999147, 11.89660500934381915, 14.51447591900033451 ) ) ;
#1499 = CARTESIAN_POINT ( 'NONE',  ( -196.4999999999999147, 9.999999999999936051, 19.50000000000100897 ) ) ;
#1500 = ORIENTED_EDGE ( 'NONE', *, *, #1624, .F. ) ;
#1501 = CARTESIAN_POINT ( 'NONE',  ( -196.4999999999999147, 12.27851173841736632, 9.692041638147523841 ) ) ;
#1502 = CARTESIAN_POINT ( 'NONE',  ( -196.4999999999999147, 11.69347137166341533, 8.443398947224435958 ) ) ;
#1503 = OPEN_SHELL ( 'NONE', ( #431, #4962, #6137, #1087, #817, #2559, #1941, #6163, #3052, #3884, #5237, #2777, #3164, #6548, #333 ) ) ;
#1504 = EDGE_LOOP ( 'NONE', ( #3210, #307, #2666, #1657 ) ) ;
#1505 = DIRECTION ( 'NONE',  ( -1.000000000000000000, -1.665334536937734318E-16, -3.081487911019576818E-32 ) ) ;
#1506 = CARTESIAN_POINT ( 'NONE',  ( -196.2999999999999261, 12.09586461522864020, 9.089652747945278222 ) ) ;
#1507 = EDGE_CURVE ( 'NONE', #1710, #2154, #6475, .T. ) ;
#1508 = CARTESIAN_POINT ( 'NONE',  ( -196.4999999999999147, 12.19539593303542802, 16.93784198826577025 ) ) ;
#1509 = VERTEX_POINT ( 'NONE', #5949 ) ;
#1510 = CARTESIAN_POINT ( 'NONE',  ( -196.2999999999999261, 11.89549097391973653, 12.53605930103644361 ) ) ;
#1511 = LINE ( 'NONE', #6308, #3599 ) ;
#1512 = VERTEX_POINT ( 'NONE', #1104 ) ;
#1513 = EDGE_LOOP ( 'NONE', ( #112, #2910, #804, #6567 ) ) ;
#1514 = CARTESIAN_POINT ( 'NONE',  ( -194.9999999999999147, 12.99999999999993960, -17.94870560657918190 ) ) ;
#1515 = CARTESIAN_POINT ( 'NONE',  ( -196.4999999999999147, 11.62188413965555789, 8.403748189196303287 ) ) ;
#1516 = DIRECTION ( 'NONE',  ( 6.162975822039154730E-33, 1.224646799147353454E-16, -1.000000000000000000 ) ) ;
#1517 = ORIENTED_EDGE ( 'NONE', *, *, #1823, .F. ) ;
#1518 = CARTESIAN_POINT ( 'NONE',  ( 5.389852040360461061, 7.029950366595457467, -10.39999999999999680 ) ) ;
#1519 = DIRECTION ( 'NONE',  ( 1.000000000000000000, 0.000000000000000000, 0.000000000000000000 ) ) ;
#1520 = ORIENTED_EDGE ( 'NONE', *, *, #6637, .F. ) ;
#1521 = CARTESIAN_POINT ( 'NONE',  ( -196.2999999999999261, 11.88650869520401976, 15.24493755525609551 ) ) ;
#1522 = CARTESIAN_POINT ( 'NONE',  ( -196.2999999999999261, 11.83685758736834437, 15.60339678236011984 ) ) ;
#1523 = EDGE_CURVE ( 'NONE', #223, #1820, #2618, .T. ) ;
#1524 = CARTESIAN_POINT ( 'NONE',  ( -196.4999999999999147, 11.77721029717653067, 15.38352610298431955 ) ) ;
#1525 = CARTESIAN_POINT ( 'NONE',  ( -196.2999999999999261, 12.20426494747509594, 13.53818499410921916 ) ) ;
#1526 = VERTEX_POINT ( 'NONE', #3290 ) ;
#1527 = EDGE_CURVE ( 'NONE', #6680, #4792, #6365, .T. ) ;
#1528 = LINE ( 'NONE', #542, #4225 ) ;
#1529 = LINE ( 'NONE', #1497, #453 ) ;
#1530 = DIRECTION ( 'NONE',  ( -0.000000000000000000, 0.000000000000000000, 1.000000000000000000 ) ) ;
#1531 = EDGE_CURVE ( 'NONE', #2128, #2075, #544, .T. ) ;
#1532 = EDGE_CURVE ( 'NONE', #1509, #269, #6403, .T. ) ;
#1533 = CARTESIAN_POINT ( 'NONE',  ( -196.4999999999999147, 11.93203637480711699, 14.51772819099016765 ) ) ;
#1534 = ORIENTED_EDGE ( 'NONE', *, *, #3299, .T. ) ;
#1535 = CARTESIAN_POINT ( 'NONE',  ( -196.2999999999999261, 11.77178973117337257, 13.46101499027523474 ) ) ;
#1536 = DIRECTION ( 'NONE',  ( 3.330669073875469621E-16, -1.000000000000000000, -1.224646799147353947E-16 ) ) ;
#1537 = VERTEX_POINT ( 'NONE', #2723 ) ;
#1538 = CARTESIAN_POINT ( 'NONE',  ( -196.2999999999999261, 12.17024783599712734, 12.09270936299255617 ) ) ;
#1539 = B_SPLINE_CURVE_WITH_KNOTS ( 'NONE', 3,
 ( #207, #4497, #2422, #1900, #3901, #142, #1301, #5582, #1473, #4642, #2557 ),
 .UNSPECIFIED., .F., .F.,
 ( 4, 1, 1, 1, 1, 1, 1, 1, 4 ),
 ( 0.000000000000000000, 0.1407235132503476815, 0.2739958912186155060, 0.4006841600587745522, 0.5225546790047672641, 0.6415337705510084643, 0.7599691428622660228, 0.8784045151735263568, 1.000000000000000000 ),
 .UNSPECIFIED. ) ;
#1540 = LINE ( 'NONE', #5259, #3048 ) ;
#1541 = VECTOR ( 'NONE', #4579, 1000.000000000000000 ) ;
#1542 = DIRECTION ( 'NONE',  ( -6.975124223950303970E-17, 0.4188422247446070279, -0.9080590238365500166 ) ) ;
#1543 = ORIENTED_EDGE ( 'NONE', *, *, #5326, .F. ) ;
#1544 = FACE_OUTER_BOUND ( 'NONE', #2132, .T. ) ;
#1545 = VECTOR ( 'NONE', #1123, 1000.000000000000000 ) ;
#1546 = CARTESIAN_POINT ( 'NONE',  ( -196.2999999999999261, 12.29516186431838420, 14.59077535958986438 ) ) ;
#1547 = AXIS2_PLACEMENT_3D ( 'NONE', #6139, #6776, #5615 ) ;
#1548 = CC_DESIGN_PERSON_AND_ORGANIZATION_ASSIGNMENT ( #2158, #1096, ( #4918 ) ) ;
#1549 = ORIENTED_EDGE ( 'NONE', *, *, #5427, .F. ) ;
#1550 = VERTEX_POINT ( 'NONE', #48 ) ;
#1551 = PLANE ( 'NONE',  #5051 ) ;
#1552 = CARTESIAN_POINT ( 'NONE',  ( -196.2999999999999261, 11.90178496127351337, 8.301833051897556714 ) ) ;
#1553 = CARTESIAN_POINT ( 'NONE',  ( -196.2999999999999261, 11.50141186431838491, 10.17029383915717311 ) ) ;
#1554 = CARTESIAN_POINT ( 'NONE',  ( -196.2999999999999261, 11.71511378739530862, 15.15047087241037893 ) ) ;
#1555 = AXIS2_PLACEMENT_3D ( 'NONE', #3700, #6290, #6393 ) ;
#1556 = CARTESIAN_POINT ( 'NONE',  ( -196.2999999999999261, 12.03737342373071684, 9.735690456614710442 ) ) ;
#1557 = ORIENTED_EDGE ( 'NONE', *, *, #6323, .T. ) ;
#1558 = CARTESIAN_POINT ( 'NONE',  ( -197.8999999999999488, 15.99999999999993783, 16.00000000000101252 ) ) ;
#1559 = CARTESIAN_POINT ( 'NONE',  ( -203.1933420641508690, 17.74999999999994316, 16.36751929630997893 ) ) ;
#1560 = CARTESIAN_POINT ( 'NONE',  ( -196.4999999999999147, 11.86560709949424997, 15.25530887756424292 ) ) ;
#1561 = CARTESIAN_POINT ( 'NONE',  ( -196.2999999999999261, 12.18765571203242182, 13.51257464875491898 ) ) ;
#1562 = AXIS2_PLACEMENT_3D ( 'NONE', #2140, #3720, #5964 ) ;
#1563 = VERTEX_POINT ( 'NONE', #6938 ) ;
#1564 = CARTESIAN_POINT ( 'NONE',  ( -196.2999999999999261, 12.29516186431838420, 13.95984587241037822 ) ) ;
#1565 = CARTESIAN_POINT ( 'NONE',  ( -196.2999999999999261, 12.28392081025451077, 17.05643015992664502 ) ) ;
#1566 = LOCAL_TIME ( 17, 38, 55.00000000000000000, #4368 ) ;
#1567 = LINE ( 'NONE', #3705, #3394 ) ;
#1568 = DIRECTION ( 'NONE',  ( -5.473822126268816683E-48, 1.224646799147353947E-16, -1.000000000000000000 ) ) ;
#1569 = VERTEX_POINT ( 'NONE', #2197 ) ;
#1570 = CARTESIAN_POINT ( 'NONE',  ( 9.731492488754181380, -1.277257716615686878, -8.400000000000000355 ) ) ;
#1571 = DIRECTION ( 'NONE',  ( 2.775557561562887900E-16, -1.000000000000000000, -1.224646799147354193E-16 ) ) ;
#1572 = EDGE_LOOP ( 'NONE', ( #1169, #2331, #3307, #332 ) ) ;
#1573 = EDGE_CURVE ( 'NONE', #3929, #2128, #5621, .T. ) ;
#1574 = EDGE_CURVE ( 'NONE', #2391, #5589, #5839, .T. ) ;
#1575 = DIRECTION ( 'NONE',  ( 0.000000000000000000, -1.000000000000000000, -1.224646799147364547E-16 ) ) ;
#1576 = ORIENTED_EDGE ( 'NONE', *, *, #1056, .T. ) ;
#1577 = CARTESIAN_POINT ( 'NONE',  ( -196.2999999999999261, 11.93203637480711699, 14.51772819099016765 ) ) ;
#1578 = AXIS2_PLACEMENT_3D ( 'NONE', #23, #2171, #4311 ) ;
#1579 = DIRECTION ( 'NONE',  ( 0.000000000000000000, 0.000000000000000000, 1.000000000000000000 ) ) ;
#1580 = CARTESIAN_POINT ( 'NONE',  ( -196.4999999999999147, 12.09265385737078624, 16.88213643691154786 ) ) ;
#1581 = EDGE_LOOP ( 'NONE', ( #4454, #1220, #1417, #2785 ) ) ;
#1582 = FACE_BOUND ( 'NONE', #5372, .T. ) ;
#1583 = DIRECTION ( 'NONE',  ( -1.512056121145330256E-16, 0.9079593845004517716, 0.4190581774617467836 ) ) ;
#1584 = UNCERTAINTY_MEASURE_WITH_UNIT (LENGTH_MEASURE( 1.000000000000000082E-05 ), #6394, 'distance_accuracy_value', 'NONE');
#1585 = AXIS2_PLACEMENT_3D ( 'NONE', #200, #4456, #3544 ) ;
#1586 = ORIENTED_EDGE ( 'NONE', *, *, #6845, .F. ) ;
#1587 = B_SPLINE_CURVE_WITH_KNOTS ( 'NONE', 3,
 ( #6106, #2949, #1299, #3445, #3638, #769, #5613 ),
 .UNSPECIFIED., .F., .F.,
 ( 4, 1, 1, 1, 4 ),
 ( 0.000000000000000000, 0.2537340756906626416, 0.5030351201318506993, 0.7500135973308739157, 1.000000000000000000 ),
 .UNSPECIFIED. ) ;
#1588 = ORIENTED_EDGE ( 'NONE', *, *, #896, .F. ) ;
#1589 = DIRECTION ( 'NONE',  ( -3.330669073875469621E-16, 1.000000000000000000, 1.224646799147353947E-16 ) ) ;
#1590 = ADVANCED_FACE ( 'NONE', ( #3813, #4825, #5289 ), #3218, .F. ) ;
#1591 = CARTESIAN_POINT ( 'NONE',  ( -196.2999999999999261, 12.29516186431838598, 6.710675950535378576 ) ) ;
#1592 = CIRCLE ( 'NONE', #3940, 3.199999999999995737 ) ;
#1593 = CARTESIAN_POINT ( 'NONE',  ( -196.2999999999999261, 11.99439775830725097, 16.94182760867543180 ) ) ;
#1594 = VECTOR ( 'NONE', #5354, 1000.000000000000000 ) ;
#1595 = LINE ( 'NONE', #1554, #1676 ) ;
#1596 = VECTOR ( 'NONE', #1860, 1000.000000000000000 ) ;
#1597 = VECTOR ( 'NONE', #1411, 1000.000000000000000 ) ;
#1598 = CARTESIAN_POINT ( 'NONE',  ( -196.2999999999999261, 11.82139968589587298, 13.18100635210439719 ) ) ;
#1599 = VERTEX_POINT ( 'NONE', #5321 ) ;
#1600 = LINE ( 'NONE', #5380, #458 ) ;
#1601 = CARTESIAN_POINT ( 'NONE',  ( -196.2999999999999261, 11.78164922438791962, 15.57683442215366831 ) ) ;
#1602 = EDGE_CURVE ( 'NONE', #3715, #645, #4789, .T. ) ;
#1603 = CARTESIAN_POINT ( 'NONE',  ( -196.4999999999999147, 12.29516186431838598, 7.308532521048198838 ) ) ;
#1604 =( NAMED_UNIT ( * ) PLANE_ANGLE_UNIT ( ) SI_UNIT ( $, .RADIAN. ) );
#1605 = ORIENTED_EDGE ( 'NONE', *, *, #5126, .F. ) ;
#1606 = CARTESIAN_POINT ( 'NONE',  ( -196.2999999999999261, 11.82180686733710573, 17.03287752210779260 ) ) ;
#1607 = LINE ( 'NONE', #2616, #6022 ) ;
#1608 = CARTESIAN_POINT ( 'NONE',  ( -196.2999999999999261, 12.06453154727042687, 12.55069655023362429 ) ) ;
#1609 = CIRCLE ( 'NONE', #6873, 1.500000000000001332 ) ;
#1610 = CARTESIAN_POINT ( 'NONE',  ( 3.759608614608201727, -9.066348570306420385, -9.571572875253810508 ) ) ;
#1611 = FACE_OUTER_BOUND ( 'NONE', #3097, .T. ) ;
#1612 = ORIENTED_EDGE ( 'NONE', *, *, #2178, .F. ) ;
#1613 = DIRECTION ( 'NONE',  ( 0.000000000000000000, 1.000000000000000000, 0.000000000000000000 ) ) ;
#1614 = CARTESIAN_POINT ( 'NONE',  ( -196.4999999999999147, 12.02040224893376852, 16.74814715446165891 ) ) ;
#1615 = CIRCLE ( 'NONE', #3964, 3.200000000000003730 ) ;
#1616 = VERTEX_POINT ( 'NONE', #3847 ) ;
#1617 = DIRECTION ( 'NONE',  ( -1.665334536937734318E-16, 1.000000000000000000, 1.224646799147353947E-16 ) ) ;
#1618 = CARTESIAN_POINT ( 'NONE',  ( -196.2999999999999261, 12.06716420372870147, 12.03332170351317032 ) ) ;
#1619 = EDGE_CURVE ( 'NONE', #749, #3545, #476, .T. ) ;
#1620 = CARTESIAN_POINT ( 'NONE',  ( -196.2999999999999261, 11.70493750534402544, 14.79127991688153188 ) ) ;
#1621 = CARTESIAN_POINT ( 'NONE',  ( -196.2999999999999261, 12.10450076770889360, 9.376979116017633231 ) ) ;
#1622 = EDGE_LOOP ( 'NONE', ( #4651, #4814 ) ) ;
#1623 = CARTESIAN_POINT ( 'NONE',  ( -202.2499999999999716, 15.99999999999994493, 16.00000000000008527 ) ) ;
#1624 = EDGE_CURVE ( 'NONE', #5895, #4159, #1567, .T. ) ;
#1625 = AXIS2_PLACEMENT_3D ( 'NONE', #6703, #2951, #4600 ) ;
#1626 = DIRECTION ( 'NONE',  ( -1.000000000000000000, -1.665334536937734318E-16, -2.655744192374251919E-32 ) ) ;
#1627 = VERTEX_POINT ( 'NONE', #5846 ) ;
#1628 = ORIENTED_EDGE ( 'NONE', *, *, #857, .F. ) ;
#1629 = CARTESIAN_POINT ( 'NONE',  ( -196.2999999999999261, 12.29516186431838420, 14.19390035958986473 ) ) ;
#1630 = EDGE_CURVE ( 'NONE', #5317, #1423, #5753, .T. ) ;
#1631 = CARTESIAN_POINT ( 'NONE',  ( -196.2999999999999261, 11.73922207064793000, 8.332538967310485489 ) ) ;
#1632 = FACE_OUTER_BOUND ( 'NONE', #6900, .T. ) ;
#1633 = CARTESIAN_POINT ( 'NONE',  ( -199.4999999999995168, 5.499999999999936051, 16.00000000000100542 ) ) ;
#1634 = ADVANCED_FACE ( 'NONE', ( #15 ), #1161, .T. ) ;
#1635 = CARTESIAN_POINT ( 'NONE',  ( -196.2999999999999261, 12.06818289470870909, 9.733668482716964832 ) ) ;
#1636 = ORIENTED_EDGE ( 'NONE', *, *, #2993, .T. ) ;
#1637 = DIRECTION ( 'NONE',  ( 0.000000000000000000, -1.224646799147353700E-16, 1.000000000000000000 ) ) ;
#1638 = DIRECTION ( 'NONE',  ( 1.037150752354228897E-16, -0.6227882322439383112, 0.7823904509760267745 ) ) ;
#1639 = CARTESIAN_POINT ( 'NONE',  ( -196.2999999999999261, 11.50141186431838491, 6.490454846769353026 ) ) ;
#1640 = ORIENTED_EDGE ( 'NONE', *, *, #4189, .T. ) ;
#1641 = DIRECTION ( 'NONE',  ( -1.000000000000000000, -1.665334536937734318E-16, -3.081487911019576818E-32 ) ) ;
#1642 = EDGE_CURVE ( 'NONE', #3549, #3809, #71, .T. ) ;
#1643 = DIRECTION ( 'NONE',  ( -2.220446049250312588E-16, 1.000000000000000000, 1.224646799147356165E-16 ) ) ;
#1644 = CARTESIAN_POINT ( 'NONE',  ( -196.2999999999999261, 12.27086478998315577, 12.40219513432454690 ) ) ;
#1645 = DIRECTION ( 'NONE',  ( -0.000000000000000000, -0.000000000000000000, -1.000000000000000000 ) ) ;
#1646 = DIRECTION ( 'NONE',  ( 2.220446049250312588E-16, -1.000000000000000000, -1.224646799147356165E-16 ) ) ;
#1647 = CARTESIAN_POINT ( 'NONE',  ( 8.783041624995620467, -1.152773606293826969, -10.39999999999999680 ) ) ;
#1648 = CARTESIAN_POINT ( 'NONE',  ( -59.99999999999999289, -3.200000000000017497, -13.99999999999992895 ) ) ;
#1649 = EDGE_LOOP ( 'NONE', ( #2012, #1027, #4170, #4578 ) ) ;
#1650 = CARTESIAN_POINT ( 'NONE',  ( -196.2999999999999261, 11.96594239415271588, 8.176769967922529858 ) ) ;
#1651 = CARTESIAN_POINT ( 'NONE',  ( -196.2999999999999261, 11.97587739969332787, 14.51948871465905810 ) ) ;
#1652 = CARTESIAN_POINT ( 'NONE',  ( -196.2999999999999261, 11.77200450177129198, 14.63203657186333473 ) ) ;
#1653 = CARTESIAN_POINT ( 'NONE',  ( -196.2999999999999261, 11.58810508486251578, 7.800488461034409404 ) ) ;
#1654 = VERTEX_POINT ( 'NONE', #6092 ) ;
#1655 = CARTESIAN_POINT ( 'NONE',  ( -196.2999999999999261, 12.12614017962287249, 6.419220872410377865 ) ) ;
#1656 = PLANE ( 'NONE',  #6852 ) ;
#1657 = ORIENTED_EDGE ( 'NONE', *, *, #6872, .T. ) ;
#1658 = VECTOR ( 'NONE', #2686, 1000.000000000000000 ) ;
#1659 = ORIENTED_EDGE ( 'NONE', *, *, #3079, .T. ) ;
#1660 = CARTESIAN_POINT ( 'NONE',  ( -196.4999999999999147, 12.23410417201069222, 13.65423940205781506 ) ) ;
#1661 = CARTESIAN_POINT ( 'NONE',  ( 1.734723475976807094E-15, 0.000000000000000000, 20.00000000000000000 ) ) ;
#1662 = AXIS2_PLACEMENT_3D ( 'NONE', #6272, #3686, #4706 ) ;
#1663 = CARTESIAN_POINT ( 'NONE',  ( -196.2999999999999261, 11.50141186431838491, 10.17029383915717311 ) ) ;
#1664 = CARTESIAN_POINT ( 'NONE',  ( -196.2999999999999261, 11.80828900432932294, 12.02828545685042094 ) ) ;
#1665 = VECTOR ( 'NONE', #3484, 1000.000000000000000 ) ;
#1666 = EDGE_CURVE ( 'NONE', #3910, #3463, #4514, .T. ) ;
#1667 = DIRECTION ( 'NONE',  ( 2.220446049250312588E-16, -1.000000000000000000, -1.224646799147355919E-16 ) ) ;
#1668 = EDGE_CURVE ( 'NONE', #4908, #598, #3400, .T. ) ;
#1669 = VERTEX_POINT ( 'NONE', #295 ) ;
#1670 = CARTESIAN_POINT ( 'NONE',  ( -196.4999999999999147, 12.06953461071261557, 14.59077535958986438 ) ) ;
#1671 = CARTESIAN_POINT ( 'NONE',  ( -196.2999999999999261, 11.98372521266516166, 9.370332066416926509 ) ) ;
#1672 = PLANE ( 'NONE',  #3909 ) ;
#1673 = APPROVAL_ROLE ( '' ) ;
#1674 = ORIENTED_EDGE ( 'NONE', *, *, #3894, .F. ) ;
#1675 = CARTESIAN_POINT ( 'NONE',  ( -196.2999999999999261, 12.11897226226475688, 11.97567122316721111 ) ) ;
#1676 = VECTOR ( 'NONE', #2607, 1000.000000000000000 ) ;
#1677 = DIRECTION ( 'NONE',  ( -1.000000000000000000, -2.220446049250312588E-16, -1.035379938102577819E-30 ) ) ;
#1678 = LINE ( 'NONE', #5948, #4938 ) ;
#1679 = CARTESIAN_POINT ( 'NONE',  ( -59.99999999999999289, -1.734723475976807094E-14, 1.500000000000127898 ) ) ;
#1680 = DIRECTION ( 'NONE',  ( 1.000000000000000000, 0.000000000000000000, 0.000000000000000000 ) ) ;
#1681 = AXIS2_PLACEMENT_3D ( 'NONE', #1079, #4803, #3757 ) ;
#1682 = CARTESIAN_POINT ( 'NONE',  ( -196.2999999999999261, 12.29516186431838420, 13.95984587241037822 ) ) ;
#1683 = CARTESIAN_POINT ( 'NONE',  ( 8.000000000000003553, -12.00000000000000000, 20.00000000000000000 ) ) ;
#1684 = ORIENTED_EDGE ( 'NONE', *, *, #3514, .F. ) ;
#1685 = CARTESIAN_POINT ( 'NONE',  ( -196.2999999999999261, 12.11821562521535789, 8.129763512952663973 ) ) ;
#1686 = CARTESIAN_POINT ( 'NONE',  ( -196.2999999999999261, 11.58209077019236943, 10.46568172706851563 ) ) ;
#1687 = FACE_OUTER_BOUND ( 'NONE', #1219, .T. ) ;
#1688 = CARTESIAN_POINT ( 'NONE',  ( -197.9000000000000057, 9.999999999999936051, 16.00000000000007816 ) ) ;
#1689 = VERTEX_POINT ( 'NONE', #1916 ) ;
#1690 = CARTESIAN_POINT ( 'NONE',  ( -196.2999999999999261, 12.21375160790812942, 7.690779115599481131 ) ) ;
#1691 = DIRECTION ( 'NONE',  ( 6.162975822039154730E-33, 1.224646799147353454E-16, -1.000000000000000000 ) ) ;
#1692 = EDGE_CURVE ( 'NONE', #440, #6256, #824, .T. ) ;
#1693 = ORIENTED_EDGE ( 'NONE', *, *, #2926, .F. ) ;
#1694 = ORIENTED_EDGE ( 'NONE', *, *, #1527, .T. ) ;
#1695 = CARTESIAN_POINT ( 'NONE',  ( -196.2999999999999261, 12.23410417201069222, 13.65423940205781506 ) ) ;
#1696 = CARTESIAN_POINT ( 'NONE',  ( -196.2999999999999261, 11.84740545406197576, 10.08268241087191797 ) ) ;
#1697 = CARTESIAN_POINT ( 'NONE',  ( -199.4999999999999716, 17.74999999999994316, 16.00000000000008527 ) ) ;
#1698 = CARTESIAN_POINT ( 'NONE',  ( -196.2999999999999261, 11.80097616720300024, 12.03462051183345594 ) ) ;
#1699 = CIRCLE ( 'NONE', #4261, 3.000000000000002665 ) ;
#1700 = CARTESIAN_POINT ( 'NONE',  ( -210.0000000000000000, 9.999999999999930722, 19.50000000000007461 ) ) ;
#1701 = VERTEX_POINT ( 'NONE', #4582 ) ;
#1702 = DIRECTION ( 'NONE',  ( 0.1301338387963397736, 0.9914964367057141903, 0.000000000000000000 ) ) ;
#1703 = LINE ( 'NONE', #6011, #6760 ) ;
#1704 = ADVANCED_FACE ( 'NONE', ( #6722 ), #3914, .T. ) ;
#1705 = CARTESIAN_POINT ( 'NONE',  ( -196.2999999999999261, 11.92881571047223233, 10.08268241087191797 ) ) ;
#1706 = EDGE_CURVE ( 'NONE', #1315, #4839, #1335, .T. ) ;
#1707 = AXIS2_PLACEMENT_3D ( 'NONE', #34, #562, #4773 ) ;
#1708 = EDGE_CURVE ( 'NONE', #4301, #522, #5087, .T. ) ;
#1709 = AXIS2_PLACEMENT_3D ( 'NONE', #4615, #850, #6754 ) ;
#1710 = VERTEX_POINT ( 'NONE', #274 ) ;
#1711 = PLANE ( 'NONE',  #3603 ) ;
#1712 = EDGE_LOOP ( 'NONE', ( #3783, #3651, #1557, #1833 ) ) ;
#1713 = FACE_BOUND ( 'NONE', #1622, .T. ) ;
#1714 = DIRECTION ( 'NONE',  ( 0.8660254037844397068, -0.4999999999999981681, -6.123233995736747547E-17 ) ) ;
#1715 = DIRECTION ( 'NONE',  ( 1.000000000000000000, 0.000000000000000000, -0.000000000000000000 ) ) ;
#1716 = CARTESIAN_POINT ( 'NONE',  ( -196.4999999999999147, 12.13144677017491802, 8.369612139743940915 ) ) ;
#1717 = CARTESIAN_POINT ( 'NONE',  ( -196.2999999999999261, 11.70526356685441272, 13.66575957556691456 ) ) ;
#1718 = EDGE_CURVE ( 'NONE', #4989, #6611, #6400, .T. ) ;
#1719 = ORIENTED_EDGE ( 'NONE', *, *, #4985, .F. ) ;
#1720 = CARTESIAN_POINT ( 'NONE',  ( -2.874994822935686312, 6.933090083175497575, -10.40000000000000036 ) ) ;
#1721 = CARTESIAN_POINT ( 'NONE',  ( -196.2999999999999261, 11.77617147970300238, 14.38152555991037929 ) ) ;
#1722 = CARTESIAN_POINT ( 'NONE',  ( -199.4999999999999147, 12.99999999999993783, -0.4999999999989839239 ) ) ;
#1723 = LINE ( 'NONE', #1213, #1834 ) ;
#1724 = ORIENTED_EDGE ( 'NONE', *, *, #4297, .F. ) ;
#1725 = DIRECTION ( 'NONE',  ( 6.797399803719653698E-32, -3.265497947355361452E-16, 1.000000000000000000 ) ) ;
#1726 = LINE ( 'NONE', #135, #4945 ) ;
#1727 = AXIS2_PLACEMENT_3D ( 'NONE', #216, #5661, #3979 ) ;
#1728 = EDGE_LOOP ( 'NONE', ( #3789, #254 ) ) ;
#1729 = ORIENTED_EDGE ( 'NONE', *, *, #2941, .T. ) ;
#1730 = CARTESIAN_POINT ( 'NONE',  ( -196.4999999999999147, 12.22310729244763650, 8.453488908825551817 ) ) ;
#1731 = EDGE_CURVE ( 'NONE', #5694, #5113, #4343, .T. ) ;
#1732 = CARTESIAN_POINT ( 'NONE',  ( -196.2999999999999261, 11.50141186431838491, 9.370342667282171689 ) ) ;
#1733 = CARTESIAN_POINT ( 'NONE',  ( -199.4999999999999716, 5.999999999999939604, 16.00000000000008527 ) ) ;
#1734 = LINE ( 'NONE', #3867, #2440 ) ;
#1735 = DIRECTION ( 'NONE',  ( 1.665334536937734564E-16, -1.000000000000000000, -1.224646799147353947E-16 ) ) ;
#1736 = CARTESIAN_POINT ( 'NONE',  ( -11.99999999999999645, 9.999999999999996447, 20.00000000000007461 ) ) ;
#1737 = CARTESIAN_POINT ( 'NONE',  ( -196.2999999999999261, 12.23386063810753832, 9.563807430384949626 ) ) ;
#1738 = EDGE_LOOP ( 'NONE', ( #2728, #2297 ) ) ;
#1739 = LINE ( 'NONE', #1705, #541 ) ;
#1740 = ORIENTED_EDGE ( 'NONE', *, *, #6890, .F. ) ;
#1741 = FACE_OUTER_BOUND ( 'NONE', #1742, .T. ) ;
#1742 = EDGE_LOOP ( 'NONE', ( #6169, #5081, #1154, #4770 ) ) ;
#1743 = CARTESIAN_POINT ( 'NONE',  ( -196.2999999999999261, 11.56829403893858554, 8.018112715817956371 ) ) ;
#1744 = CARTESIAN_POINT ( 'NONE',  ( -196.2999999999999261, 11.64581889412404792, 8.948734406678392261 ) ) ;
#1745 = CARTESIAN_POINT ( 'NONE',  ( -196.4999999999999147, 11.73454370817875692, 15.92531101320832754 ) ) ;
#1746 = CARTESIAN_POINT ( 'NONE',  ( -196.2999999999999261, 12.30451155038579714, 17.14224494422160916 ) ) ;
#1747 = FACE_OUTER_BOUND ( 'NONE', #3155, .T. ) ;
#1748 = ADVANCED_FACE ( 'NONE', ( #734 ), #4596, .T. ) ;
#1749 = CARTESIAN_POINT ( 'NONE',  ( -210.0000000000000000, 1.547005383792455113, 18.50000000000007816 ) ) ;
#1750 = CARTESIAN_POINT ( 'NONE',  ( -196.2999999999999261, 11.52249867487255486, 10.38396962230959275 ) ) ;
#1751 = EDGE_CURVE ( 'NONE', #2042, #4690, #2014, .T. ) ;
#1752 = CARTESIAN_POINT ( 'NONE',  ( -196.2999999999999261, 12.00020868923825645, 15.54734587241037858 ) ) ;
#1753 = CARTESIAN_POINT ( 'NONE',  ( -196.2999999999999545, 11.58282212072864148, 7.655480137234096816 ) ) ;
#1754 = ORIENTED_EDGE ( 'NONE', *, *, #3357, .T. ) ;
#1755 = DIRECTION ( 'NONE',  ( 1.651010623546857733E-16, -0.9913987771987146091, 0.1308757600508723418 ) ) ;
#1756 = FACE_OUTER_BOUND ( 'NONE', #526, .T. ) ;
#1757 = EDGE_LOOP ( 'NONE', ( #3398, #1064, #6246, #2361 ) ) ;
#1758 = VERTEX_POINT ( 'NONE', #3051 ) ;
#1759 = CARTESIAN_POINT ( 'NONE',  ( -196.4999999999999147, 12.19494808714087597, 8.422568548462097127 ) ) ;
#1760 = CARTESIAN_POINT ( 'NONE',  ( -196.4999999999999147, 11.53615037001387300, 8.507485154943248418 ) ) ;
#1761 = CARTESIAN_POINT ( 'NONE',  ( -196.4999999999999147, 15.99999999999994138, 0.5000000000010135226 ) ) ;
#1762 = CARTESIAN_POINT ( 'NONE',  ( -196.4999999999999147, 11.56860205337793168, 8.785283295470797782 ) ) ;
#1763 = CARTESIAN_POINT ( 'NONE',  ( -196.2999999999999261, 11.50141186431838491, 9.299108692923198305 ) ) ;
#1764 = ORIENTED_EDGE ( 'NONE', *, *, #2086, .F. ) ;
#1765 = EDGE_CURVE ( 'NONE', #5414, #102, #3645, .T. ) ;
#1766 = CARTESIAN_POINT ( 'NONE',  ( -196.2999999999999261, 11.90821545513909818, 14.98464692212104943 ) ) ;
#1767 = B_SPLINE_CURVE_WITH_KNOTS ( 'NONE', 3,
 ( #4599, #1937, #245, #5581, #4496, #5056, #2384, #2491, #5546, #6666, #737, #2950, #5120, #2456, #5157, #6208, #4562, #1406, #3483 ),
 .UNSPECIFIED., .F., .F.,
 ( 4, 1, 1, 1, 1, 1, 1, 1, 1, 1, 1, 1, 1, 1, 1, 1, 4 ),
 ( 0.000000000000000000, 0.06563379967569031581, 0.1291880880571288637, 0.1912186831121892860, 0.2519128178811565477, 0.3125074743865508542, 0.3734944337751982535, 0.4351515996540489262, 0.4987414744066476779, 0.5620952169966316747, 0.6241865668116548527, 0.6854757184651957269, 0.7460968148060513894, 0.8076116364477843312, 0.8699665806571894588, 0.9339510189149071717, 1.000000000000000000 ),
 .UNSPECIFIED. ) ;
#1768 = CARTESIAN_POINT ( 'NONE',  ( -196.2999999999999261, 11.81397395654904159, 12.38143005855209999 ) ) ;
#1769 = CARTESIAN_POINT ( 'NONE',  ( -196.4999999999999147, 11.85630078199258541, 12.81665127697415940 ) ) ;
#1770 = AXIS2_PLACEMENT_3D ( 'NONE', #889, #5702, #3508 ) ;
#1771 = ORIENTED_EDGE ( 'NONE', *, *, #2775, .F. ) ;
#1772 = DIRECTION ( 'NONE',  ( 2.220446049250312588E-16, -1.000000000000000000, -1.224646799147355919E-16 ) ) ;
#1773 = ORIENTED_EDGE ( 'NONE', *, *, #6202, .T. ) ;
#1774 = DIRECTION ( 'NONE',  ( 1.665334536937734318E-16, -1.000000000000000000, -1.224646799147353947E-16 ) ) ;
#1775 = ORIENTED_EDGE ( 'NONE', *, *, #6822, .F. ) ;
#1776 = CARTESIAN_POINT ( 'NONE',  ( -196.2999999999999261, 11.53003265758761486, 7.940575039077045538 ) ) ;
#1777 = CARTESIAN_POINT ( 'NONE',  ( -196.2999999999999261, 11.83155348958869624, 12.83952612137649041 ) ) ;
#1778 = CARTESIAN_POINT ( 'NONE',  ( -196.4999999999999147, 11.70493750534402544, 15.81908440406101768 ) ) ;
#1779 = FACE_OUTER_BOUND ( 'NONE', #2267, .T. ) ;
#1780 = DIRECTION ( 'NONE',  ( -1.000000000000000000, -1.665334536937734318E-16, -3.081487911019576818E-32 ) ) ;
#1781 = CARTESIAN_POINT ( 'NONE',  ( -196.2999999999999261, 11.54702739241924014, 10.42865546572372182 ) ) ;
#1782 = CARTESIAN_POINT ( 'NONE',  ( -196.4999999999999147, 11.91224670494586135, 9.135936677548118112 ) ) ;
#1783 = CARTESIAN_POINT ( 'NONE',  ( -196.2999999999999261, 11.70493750534402544, 12.25563663763473699 ) ) ;
#1784 = VERTEX_POINT ( 'NONE', #5785 ) ;
#1785 = CARTESIAN_POINT ( 'NONE',  ( -196.2999999999999261, 11.86560709949425174, 14.22750439038475001 ) ) ;
#1786 = CARTESIAN_POINT ( 'NONE',  ( -196.4999999999999147, 12.29516186431838598, 5.879877923692430564 ) ) ;
#1787 = EDGE_CURVE ( 'NONE', #435, #861, #1250, .T. ) ;
#1788 = EDGE_CURVE ( 'NONE', #539, #6932, #2261, .T. ) ;
#1789 = AXIS2_PLACEMENT_3D ( 'NONE', #2764, #5403, #2736 ) ;
#1790 = ORIENTED_EDGE ( 'NONE', *, *, #2450, .T. ) ;
#1791 = VERTEX_POINT ( 'NONE', #1434 ) ;
#1792 = CARTESIAN_POINT ( 'NONE',  ( -196.2999999999999261, 12.26882990507477444, 8.521299930614654627 ) ) ;
#1793 = CARTESIAN_POINT ( 'NONE',  ( -196.2999999999999261, 12.02140560004904657, 9.120001607891758511 ) ) ;
#1794 = FACE_OUTER_BOUND ( 'NONE', #932, .T. ) ;
#1795 = CARTESIAN_POINT ( 'NONE',  ( -196.2999999999999261, 12.29516186431838598, 11.83300292369242968 ) ) ;
#1796 = CARTESIAN_POINT ( 'NONE',  ( -196.4999999999999147, 11.56274498669813511, 8.740313482787481547 ) ) ;
#1797 = DIRECTION ( 'NONE',  ( 2.220446049250312588E-16, -1.000000000000000000, -1.224646799147356165E-16 ) ) ;
#1798 = PERSON_AND_ORGANIZATION ( #6735, #1106 ) ;
#1799 = CARTESIAN_POINT ( 'NONE',  ( -196.4999999999999147, 11.98096915598505241, 16.01545484676935516 ) ) ;
#1800 = CARTESIAN_POINT ( 'NONE',  ( -196.2999999999999261, 11.80827289286105142, 15.89980034624502458 ) ) ;
#1801 = CARTESIAN_POINT ( 'NONE',  ( -196.2999999999999261, 12.00020868923825645, 14.51954138523089100 ) ) ;
#1802 = CARTESIAN_POINT ( 'NONE',  ( -196.4999999999999147, 11.86963580831717024, 12.80688393580663131 ) ) ;
#1803 = CIRCLE ( 'NONE', #5718, 2.324755385772064642 ) ;
#1804 = ORIENTED_EDGE ( 'NONE', *, *, #2818, .F. ) ;
#1805 = CARTESIAN_POINT ( 'NONE',  ( -196.2999999999999261, 12.01735445209121522, 12.48392153191312026 ) ) ;
#1806 = AXIS2_PLACEMENT_3D ( 'NONE', #4488, #2909, #6101 ) ;
#1807 = ORIENTED_EDGE ( 'NONE', *, *, #4934, .T. ) ;
#1808 = CARTESIAN_POINT ( 'NONE',  ( -196.4999999999999147, 11.88962951822149172, 16.97265579206299435 ) ) ;
#1809 = ORIENTED_EDGE ( 'NONE', *, *, #2362, .F. ) ;
#1810 = CARTESIAN_POINT ( 'NONE',  ( -196.2999999999999261, 12.14808278779595163, 9.313260085150764311 ) ) ;
#1811 = EDGE_CURVE ( 'NONE', #968, #1423, #1540, .T. ) ;
#1812 = CARTESIAN_POINT ( 'NONE',  ( -196.2999999999999261, 11.89011829923635055, 9.064963239050447541 ) ) ;
#1813 = CARTESIAN_POINT ( 'NONE',  ( -196.4999999999999147, 11.85005117355657944, 16.00314423869241054 ) ) ;
#1814 = AXIS2_PLACEMENT_3D ( 'NONE', #6510, #3843, #2121 ) ;
#1815 = CARTESIAN_POINT ( 'NONE',  ( -196.4999999999999147, 12.16429311016586823, 8.394277212445720338 ) ) ;
#1816 = CIRCLE ( 'NONE', #5176, 5.000000000000000888 ) ;
#1817 = CARTESIAN_POINT ( 'NONE',  ( -196.2999999999999261, 12.00640986111325681, 13.88861189805140484 ) ) ;
#1818 = CARTESIAN_POINT ( 'NONE',  ( -196.2999999999999261, 11.64185089501145143, 10.49920625155879428 ) ) ;
#1819 = PLANE ( 'NONE',  #3410 ) ;
#1820 = VERTEX_POINT ( 'NONE', #2034 ) ;
#1821 = FACE_OUTER_BOUND ( 'NONE', #5730, .T. ) ;
#1822 = DIRECTION ( 'NONE',  ( 3.330669073875469621E-16, -1.000000000000000000, -1.224646799147353947E-16 ) ) ;
#1823 = EDGE_CURVE ( 'NONE', #6539, #516, #1816, .T. ) ;
#1824 = VERTEX_POINT ( 'NONE', #6335 ) ;
#1825 = CARTESIAN_POINT ( 'NONE',  ( -196.4999999999999147, 12.09705347911470419, 8.348696801544763346 ) ) ;
#1826 = CARTESIAN_POINT ( 'NONE',  ( -196.4999999999999147, 12.09586461522864020, 9.089652747945278222 ) ) ;
#1827 = EDGE_CURVE ( 'NONE', #5133, #5317, #2590, .T. ) ;
#1828 = CARTESIAN_POINT ( 'NONE',  ( -196.2999999999999261, 11.82447879784266753, 14.48847471289868238 ) ) ;
#1829 = CARTESIAN_POINT ( 'NONE',  ( -196.2999999999999261, 11.80671923877841678, 15.31078631956931346 ) ) ;
#1830 = VECTOR ( 'NONE', #2821, 1000.000000000000000 ) ;
#1831 = CARTESIAN_POINT ( 'NONE',  ( -196.4999999999999147, 11.80878035934076387, 9.054031769723273726 ) ) ;
#1832 = CARTESIAN_POINT ( 'NONE',  ( -196.2999999999999261, 11.89366892391305619, 8.373154186229049500 ) ) ;
#1833 = ORIENTED_EDGE ( 'NONE', *, *, #5136, .F. ) ;
#1834 = VECTOR ( 'NONE', #5998, 1000.000000000000000 ) ;
#1835 = EDGE_CURVE ( 'NONE', #3234, #5648, #5712, .T. ) ;
#1836 = CARTESIAN_POINT ( 'NONE',  ( -196.2999999999999261, 11.59037050325318141, 10.33330577854420085 ) ) ;
#1837 = DIRECTION ( 'NONE',  ( 0.1301338387963395515, 0.9914964367057141903, 0.000000000000000000 ) ) ;
#1838 = ADVANCED_FACE ( 'NONE', ( #5193 ), #4241, .F. ) ;
#1839 = CARTESIAN_POINT ( 'NONE',  ( -196.2999999999999261, 12.29516186431838420, 16.01545484676935516 ) ) ;
#1840 = EDGE_CURVE ( 'NONE', #5085, #653, #1468, .T. ) ;
#1841 = DIRECTION ( 'NONE',  ( 1.000000000000000000, 0.000000000000000000, 0.000000000000000000 ) ) ;
#1842 = VERTEX_POINT ( 'NONE', #5747 ) ;
#1843 = CYLINDRICAL_SURFACE ( 'NONE', #6596, 4.500000000000003553 ) ;
#1844 = OPEN_SHELL ( 'NONE', ( #689, #2814, #3800, #323 ) ) ;
#1845 = VERTEX_POINT ( 'NONE', #2627 ) ;
#1846 = CARTESIAN_POINT ( 'NONE',  ( -196.2999999999999261, 11.90814513755556625, 8.108483692923199371 ) ) ;
#1847 = ORIENTED_EDGE ( 'NONE', *, *, #4322, .F. ) ;
#1848 = LINE ( 'NONE', #6512, #531 ) ;
#1849 = CARTESIAN_POINT ( 'NONE',  ( -196.4999999999999147, 11.88372641147693543, 12.79845243173841141 ) ) ;
#1850 = CARTESIAN_POINT ( 'NONE',  ( -196.2999999999999261, 11.93421928217766137, 8.108051778826224520 ) ) ;
#1851 = CARTESIAN_POINT ( 'NONE',  ( -196.4999999999999147, 12.23825458120174048, 16.98100011236603279 ) ) ;
#1852 = LINE ( 'NONE', #4972, #2220 ) ;
#1853 = LINE ( 'NONE', #3042, #1462 ) ;
#1854 = CARTESIAN_POINT ( 'NONE',  ( -196.2999999999999261, 12.02040224893376852, 16.74814715446165891 ) ) ;
#1855 = ORIENTED_EDGE ( 'NONE', *, *, #20, .F. ) ;
#1856 = CARTESIAN_POINT ( 'NONE',  ( -196.2999999999999261, 11.84318955082274627, 14.24313957028040889 ) ) ;
#1857 = CARTESIAN_POINT ( 'NONE',  ( -196.2999999999999261, 11.80710342893065956, 14.20031475537397903 ) ) ;
#1858 = ORIENTED_EDGE ( 'NONE', *, *, #3374, .F. ) ;
#1859 = CARTESIAN_POINT ( 'NONE',  ( -196.2999999999999261, 12.20283799604468555, 7.878878100427515463 ) ) ;
#1860 = DIRECTION ( 'NONE',  ( 6.162975822039154730E-33, 1.224646799147353454E-16, -1.000000000000000000 ) ) ;
#1861 = CARTESIAN_POINT ( 'NONE',  ( -196.2999999999999261, 11.77617147970300238, 14.38152555991037929 ) ) ;
#1862 = CARTESIAN_POINT ( 'NONE',  ( -196.4999999999999147, 11.79318924409282054, 15.33390818875995265 ) ) ;
#1863 = DIRECTION ( 'NONE',  ( 1.665334536937734318E-16, -1.000000000000000000, -1.224646799147353947E-16 ) ) ;
#1864 = CARTESIAN_POINT ( 'NONE',  ( -196.2999999999999261, 11.56860205337793168, 8.785283295470797782 ) ) ;
#1865 = DIRECTION ( 'NONE',  ( 0.000000000000000000, 0.000000000000000000, -1.000000000000000000 ) ) ;
#1866 = PLANE ( 'NONE',  #2487 ) ;
#1867 = CARTESIAN_POINT ( 'NONE',  ( -196.2999999999999261, 11.70517439427572448, 12.24475316218190990 ) ) ;
#1868 = CARTESIAN_POINT ( 'NONE',  ( -199.4999999999995168, 5.499999999999937828, 5.500000000001005418 ) ) ;
#1869 = CARTESIAN_POINT ( 'NONE',  ( -203.4999999999995168, 8.499999999999936051, 18.50000000000100542 ) ) ;
#1870 = ORIENTED_EDGE ( 'NONE', *, *, #4189, .F. ) ;
#1871 = DIRECTION ( 'NONE',  ( 1.000000000000000000, 0.000000000000000000, 0.000000000000000000 ) ) ;
#1872 = EDGE_CURVE ( 'NONE', #5352, #6518, #4765, .T. ) ;
#1873 = EDGE_CURVE ( 'NONE', #3306, #6310, #5680, .T. ) ;
#1874 = VERTEX_POINT ( 'NONE', #4701 ) ;
#1875 = CARTESIAN_POINT ( 'NONE',  ( -196.4999999999999147, 11.78298223433184866, 17.11473076948701078 ) ) ;
#1876 = ORIENTED_EDGE ( 'NONE', *, *, #2638, .T. ) ;
#1878 = VECTOR ( 'NONE', #6051, 1000.000000000000000 ) ;
#1877 = CARTESIAN_POINT ( 'NONE',  ( -196.2999999999999261, 12.28392081025451255, 13.53543657018305524 ) ) ;
#1879 = CARTESIAN_POINT ( 'NONE',  ( -196.2999999999999261, 11.92443932891287339, 12.78174479462465563 ) ) ;
#1880 = AXIS2_PLACEMENT_3D ( 'NONE', #6385, #3731, #5870 ) ;
#1881 = DIRECTION ( 'NONE',  ( -1.000000000000000000, -1.734723475976807094E-16, 0.000000000000000000 ) ) ;
#1882 = DIRECTION ( 'NONE',  ( -2.775557561562887900E-16, 1.000000000000000000, 1.224646799147354193E-16 ) ) ;
#1883 = AXIS2_PLACEMENT_3D ( 'NONE', #5533, #5006, #266 ) ;
#1884 = EDGE_CURVE ( 'NONE', #3009, #940, #6838, .T. ) ;
#1885 = B_SPLINE_CURVE_WITH_KNOTS ( 'NONE', 3,
 ( #2323, #3252, #4862, #3455, #5586, #6605, #1137, #3490, #3288, #1867, #4046 ),
 .UNSPECIFIED., .F., .F.,
 ( 4, 1, 1, 1, 1, 1, 1, 1, 4 ),
 ( 0.000000000000000000, 0.1284975211375139204, 0.2527129855154536808, 0.3748191325670450769, 0.4964364263727282234, 0.6179105567458504922, 0.7412876173092894927, 0.8687004007446080811, 1.000000000000000000 ),
 .UNSPECIFIED. ) ;
#1886 = CARTESIAN_POINT ( 'NONE',  ( -196.4999999999999147, 12.30533814636966738, 17.17268892128858582 ) ) ;
#1887 = FACE_OUTER_BOUND ( 'NONE', #525, .T. ) ;
#1888 = CARTESIAN_POINT ( 'NONE',  ( -196.2999999999999261, 11.98096915598505241, 16.01545484676935516 ) ) ;
#1889 = ORIENTED_EDGE ( 'NONE', *, *, #1602, .F. ) ;
#1890 = CARTESIAN_POINT ( 'NONE',  ( -196.2999999999999261, 12.19976164047859335, 9.767269172398169275 ) ) ;
#1891 = CARTESIAN_POINT ( 'NONE',  ( -196.2999999999999261, 11.82450177587255702, 15.68450527268006311 ) ) ;
#1892 = AXIS2_PLACEMENT_3D ( 'NONE', #1321, #6723, #5107 ) ;
#1893 = ORIENTED_EDGE ( 'NONE', *, *, #1484, .F. ) ;
#1894 = AXIS2_PLACEMENT_3D ( 'NONE', #670, #69, #6461 ) ;
#1895 = CARTESIAN_POINT ( 'NONE',  ( -196.2999999999999261, 11.72132218292143513, 14.47445617861108147 ) ) ;
#1896 = CARTESIAN_POINT ( 'NONE',  ( -196.2999999999999261, 11.78833633791126090, 14.44284902436056051 ) ) ;
#1897 = EDGE_CURVE ( 'NONE', #4486, #3234, #2276, .T. ) ;
#1898 = CARTESIAN_POINT ( 'NONE',  ( -196.2999999999999261, 11.78343653428150262, 15.35828440629468261 ) ) ;
#1899 = FACE_OUTER_BOUND ( 'NONE', #4149, .T. ) ;
#1900 = CARTESIAN_POINT ( 'NONE',  ( -196.2999999999999261, 11.77222098182751431, 12.81681474205673332 ) ) ;
#1901 = FACE_OUTER_BOUND ( 'NONE', #700, .T. ) ;
#1902 = VECTOR ( 'NONE', #5142, 1000.000000000000000 ) ;
#1903 = B_SPLINE_SURFACE_WITH_KNOTS ( 'NONE', 3, 1, ( 
 ( #5129, #4081 ),
 ( #3528, #5659 ),
 ( #2990, #4987 ),
 ( #6108, #2287 ),
 ( #2354, #2387 ),
 ( #4564, #1831 ),
 ( #1226, #177 ),
 ( #3417, #3382 ),
 ( #5513, #2916 ),
 ( #5654, #4002 ),
 ( #6039, #3523 ),
 ( #6140, #4043 ),
 ( #2882, #6175 ),
 ( #2318, #771 ),
 ( #2811, #5019 ),
 ( #3448, #247 ),
 ( #6668, #6634 ),
 ( #3935, #706 ),
 ( #3485, #6565 ),
 ( #2850, #4953 ),
 ( #6600, #4533 ),
 ( #5058, #4431 ),
 ( #1864, #1762 ),
 ( #6704, #1339 ),
 ( #4464, #1796 ),
 ( #2953, #5616 ),
 ( #3970, #1376 ) ),
 .UNSPECIFIED., .F., .F., .F.,
 ( 4, 1, 1, 1, 1, 1, 1, 1, 1, 1, 1, 1, 1, 1, 1, 1, 1, 1, 1, 1, 1, 1, 1, 1, 4 ),
 ( 2, 2 ),
 ( 0.000000000000000000, 0.04291508210104996029, 0.08512997058469928824, 0.1264733185549985761, 0.1674530378853888168, 0.2079763328949881251, 0.2482493780637603231, 0.2887499869834431743, 0.3296698569108731380, 0.3705372867119745006, 0.4111285639171174400, 0.4518189126736376071, 0.4924058769342641861, 0.5334858617420230598, 0.5752630624415514538, 0.6174406128021904250, 0.6606716882923650003, 0.7039402042434883544, 0.7468675221598700675, 0.7890793003947227380, 0.8311040424574036578, 0.8732379898547744101, 0.9151657696593330504, 0.9573806581429823437, 1.000000000000000000 ),
 ( 0.000000000000000000, 1.000000000000000000 ),
 .UNSPECIFIED. ) ;
#1904 = FACE_OUTER_BOUND ( 'NONE', #6589, .T. ) ;
#1905 = APPROVAL_PERSON_ORGANIZATION ( #43, #3312, #1673 ) ;
#1906 = CARTESIAN_POINT ( 'NONE',  ( -210.0000000000000000, 1.547005383792455113, 19.50000000000007105 ) ) ;
#1907 = DIRECTION ( 'NONE',  ( 2.220446049250312588E-16, -1.000000000000000000, -1.224646799147356165E-16 ) ) ;
#1908 = CARTESIAN_POINT ( 'NONE',  ( -196.2999999999999261, 12.21795315027934947, 9.632874970037638818 ) ) ;
#1909 = VERTEX_POINT ( 'NONE', #2698 ) ;
#1910 = CARTESIAN_POINT ( 'NONE',  ( -196.2999999999999261, 12.31502182666111089, 9.582134112430029660 ) ) ;
#1911 = CARTESIAN_POINT ( 'NONE',  ( -196.4999999999999147, 11.77654196540260756, 17.16545629351933755 ) ) ;
#1912 = EDGE_CURVE ( 'NONE', #4566, #2516, #6523, .T. ) ;
#1913 = VERTEX_POINT ( 'NONE', #4837 ) ;
#1914 = DIRECTION ( 'NONE',  ( 3.330669073875469621E-16, -1.000000000000000000, -1.224646799147353947E-16 ) ) ;
#1915 = CARTESIAN_POINT ( 'NONE',  ( -196.4999999999999147, 12.13055987084113063, 9.068639878778080643 ) ) ;
#1916 = CARTESIAN_POINT ( 'NONE',  ( -196.2999999999999261, 11.50141186431838491, 11.72758300181742896 ) ) ;
#1917 = ADVANCED_FACE ( 'NONE', ( #1687 ), #4059, .T. ) ;
#1918 = EDGE_CURVE ( 'NONE', #5113, #2027, #2861, .T. ) ;
#1919 = CARTESIAN_POINT ( 'NONE',  ( -196.4999999999999147, 11.97227549967836779, 16.01541251891853435 ) ) ;
#1920 = FACE_OUTER_BOUND ( 'NONE', #6048, .T. ) ;
#1921 = AXIS2_PLACEMENT_3D ( 'NONE', #6842, #1475, #943 ) ;
#1922 = ORIENTED_EDGE ( 'NONE', *, *, #6031, .T. ) ;
#1923 = DIRECTION ( 'NONE',  ( -0.9237280213470681067, -0.3830490080632377170, 0.000000000000000000 ) ) ;
#1924 = VECTOR ( 'NONE', #6328, 1000.000000000000000 ) ;
#1925 = LINE ( 'NONE', #335, #4049 ) ;
#1926 = VECTOR ( 'NONE', #62, 1000.000000000000000 ) ;
#1927 = EDGE_CURVE ( 'NONE', #5887, #6340, #1147, .T. ) ;
#1928 = CARTESIAN_POINT ( 'NONE',  ( -196.2999999999999261, 11.75113970153526388, 15.94689189946361552 ) ) ;
#1929 = VERTEX_POINT ( 'NONE', #5433 ) ;
#1930 = CARTESIAN_POINT ( 'NONE',  ( -196.4999999999999147, 12.03102074477636663, 9.806777385149192838 ) ) ;
#1931 = CARTESIAN_POINT ( 'NONE',  ( -196.2999999999999261, 11.83941324287059160, 15.60944602335886167 ) ) ;
#1932 = AXIS2_PLACEMENT_3D ( 'NONE', #2172, #656, #4939 ) ;
#1933 = CIRCLE ( 'NONE', #5958, 11.00000000000000000 ) ;
#1934 = EDGE_LOOP ( 'NONE', ( #4036, #1369, #2873, #506, #3202, #3137, #5851, #2535, #965, #3844, #5268, #623, #1332, #2192 ) ) ;
#1935 = CARTESIAN_POINT ( 'NONE',  ( -196.4999999999999147, 11.56858288408081847, 8.650658857210324015 ) ) ;
#1936 = DIRECTION ( 'NONE',  ( 2.220446049250312588E-16, -1.000000000000000000, -1.224646799147356165E-16 ) ) ;
#1937 = CARTESIAN_POINT ( 'NONE',  ( -196.2999999999999261, 11.99839574598024861, 13.88839426169570501 ) ) ;
#1938 = CARTESIAN_POINT ( 'NONE',  ( -196.2999999999999261, 11.93927248864217106, 12.03553443745880891 ) ) ;
#1939 = CARTESIAN_POINT ( 'NONE',  ( -196.2999999999999261, 12.29516186431838420, 15.15047087241037893 ) ) ;
#1940 = DIRECTION ( 'NONE',  ( 6.162975822039154730E-33, 1.224646799147353454E-16, -1.000000000000000000 ) ) ;
#1941 = ADVANCED_FACE ( 'NONE', ( #24 ), #93, .F. ) ;
#1942 = CARTESIAN_POINT ( 'NONE',  ( -21.99999999999999289, 3.199999999999992184, 1.500000000000129008 ) ) ;
#1943 = CIRCLE ( 'NONE', #256, 2.750000000000002665 ) ;
#1944 = DIRECTION ( 'NONE',  ( -1.000000000000000000, -1.665334536937734318E-16, -3.081487911019576818E-32 ) ) ;
#1945 = DIRECTION ( 'NONE',  ( -6.162975822039154730E-33, -1.224646799147353454E-16, 1.000000000000000000 ) ) ;
#1946 = CARTESIAN_POINT ( 'NONE',  ( -196.2999999999999261, 11.87251126256259326, 10.44107432704736915 ) ) ;
#1947 = ORIENTED_EDGE ( 'NONE', *, *, #1573, .F. ) ;
#1948 = FACE_OUTER_BOUND ( 'NONE', #1977, .T. ) ;
#1949 = VECTOR ( 'NONE', #4750, 1000.000000000000000 ) ;
#1950 = CARTESIAN_POINT ( 'NONE',  ( -5.999999999999999112, 0.000000000000000000, 20.00000000000000000 ) ) ;
#1951 = ORIENTED_EDGE ( 'NONE', *, *, #193, .F. ) ;
#1952 = CARTESIAN_POINT ( 'NONE',  ( -196.2999999999999261, 12.31551442842095057, 8.720332651256532230 ) ) ;
#1953 = CARTESIAN_POINT ( 'NONE',  ( -196.2999999999999261, 11.77638299746082318, 14.78621185749018707 ) ) ;
#1954 = CARTESIAN_POINT ( 'NONE',  ( -196.2999999999999261, 11.93096634306255233, 16.01416833942009887 ) ) ;
#1955 = CARTESIAN_POINT ( 'NONE',  ( -202.4999999999999432, 15.99999999999993783, 0.5000000000010117462 ) ) ;
#1956 = EDGE_LOOP ( 'NONE', ( #1269, #1605, #3442, #1922 ) ) ;
#1957 = FACE_OUTER_BOUND ( 'NONE', #1203, .T. ) ;
#1958 = CARTESIAN_POINT ( 'NONE',  ( -196.2999999999999261, 11.71368274773184837, 10.51008625702576360 ) ) ;
#1959 = CARTESIAN_POINT ( 'NONE',  ( -189.9999999999999716, -14.00000000000006217, 19.50000000000007105 ) ) ;
#1960 = ORIENTED_EDGE ( 'NONE', *, *, #5769, .T. ) ;
#1961 = CARTESIAN_POINT ( 'NONE',  ( -196.2999999999999261, 12.28844444721673312, 9.675726683464338507 ) ) ;
#1962 = CARTESIAN_POINT ( 'NONE',  ( -196.4999999999999147, 12.29516186431838598, 5.879877923692430564 ) ) ;
#1963 = ADVANCED_FACE ( 'NONE', ( #6448, #4902 ), #2240, .T. ) ;
#1964 = EDGE_CURVE ( 'NONE', #5352, #1929, #5856, .T. ) ;
#1965 = EDGE_CURVE ( 'NONE', #2144, #6539, #3330, .T. ) ;
#1966 = VERTEX_POINT ( 'NONE', #5922 ) ;
#1967 = CARTESIAN_POINT ( 'NONE',  ( -196.4999999999999147, 11.63234163853706526, 8.507058101865423438 ) ) ;
#1968 = DIRECTION ( 'NONE',  ( 0.000000000000000000, 0.000000000000000000, -1.000000000000000000 ) ) ;
#1969 = CARTESIAN_POINT ( 'NONE',  ( -196.2999999999999261, 12.29516186431838598, 7.308532521048198838 ) ) ;
#1970 = CARTESIAN_POINT ( 'NONE',  ( -196.4999999999999147, 11.90146695245941189, 8.373067026256531875 ) ) ;
#1971 = CARTESIAN_POINT ( 'NONE',  ( -9.731492488754186709, 1.277257716615685990, -10.40000000000000036 ) ) ;
#1972 = CARTESIAN_POINT ( 'NONE',  ( -196.4999999999999147, 11.90178496127351337, 8.301833051897556714 ) ) ;
#1973 = CARTESIAN_POINT ( 'NONE',  ( -196.2999999999999261, 12.04075481303633488, 7.191187268644353203 ) ) ;
#1974 = CARTESIAN_POINT ( 'NONE',  ( -196.2999999999999261, 11.53615037001387300, 8.507485154943248418 ) ) ;
#1975 = DIRECTION ( 'NONE',  ( 0.000000000000000000, -1.224646799147353700E-16, 1.000000000000000000 ) ) ;
#1976 = CARTESIAN_POINT ( 'NONE',  ( -196.2999999999999261, 12.29516186431838420, 14.51954138523089100 ) ) ;
#1977 = EDGE_LOOP ( 'NONE', ( #2588, #4526, #3760, #4219 ) ) ;
#1978 = CC_DESIGN_PERSON_AND_ORGANIZATION_ASSIGNMENT ( #2987, #209, ( #1225 ) ) ;
#1979 = CARTESIAN_POINT ( 'NONE',  ( -196.2999999999999261, 12.29684087475261833, 9.658586951752598182 ) ) ;
#1980 = CARTESIAN_POINT ( 'NONE',  ( -196.2999999999999261, 11.84051892899728919, 13.10815008476459731 ) ) ;
#1981 = VERTEX_POINT ( 'NONE', #3717 ) ;
#1982 = CARTESIAN_POINT ( 'NONE',  ( -196.2999999999999261, 12.25622526945217317, 13.48401693670535373 ) ) ;
#1983 = CARTESIAN_POINT ( 'NONE',  ( -196.2999999999999261, 11.85060802229075883, 14.90216640494952394 ) ) ;
#1984 = EDGE_CURVE ( 'NONE', #5133, #3038, #1046, .T. ) ;
#1985 = DIRECTION ( 'NONE',  ( 1.000000000000000000, 2.220446049250312588E-16, 9.367723249499513438E-31 ) ) ;
#1986 = CARTESIAN_POINT ( 'NONE',  ( 7.884036446060044945, -2.043355732742162534, -10.40000000000000036 ) ) ;
#1987 = ORIENTED_EDGE ( 'NONE', *, *, #4169, .T. ) ;
#1988 = CARTESIAN_POINT ( 'NONE',  ( -210.0000000000000000, 1.547005383792456668, 10.00000000000007638 ) ) ;
#1989 = CARTESIAN_POINT ( 'NONE',  ( -196.2999999999999261, 11.50141186431838491, 6.419220872410377865 ) ) ;
#1990 = FACE_BOUND ( 'NONE', #5033, .T. ) ;
#1991 = ORIENTED_EDGE ( 'NONE', *, *, #4921, .F. ) ;
#1992 = CARTESIAN_POINT ( 'NONE',  ( -196.4999999999999147, 11.63222932247492736, 8.930912611414015601 ) ) ;
#1993 = AXIS2_PLACEMENT_3D ( 'NONE', #1988, #3006, #4026 ) ;
#1994 = CARTESIAN_POINT ( 'NONE',  ( -196.4999999999999147, 11.73006603565384154, 8.418508045213599189 ) ) ;
#1995 = ORIENTED_EDGE ( 'NONE', *, *, #5815, .T. ) ;
#1996 = CARTESIAN_POINT ( 'NONE',  ( -196.2999999999999261, 11.76952027372734300, 8.398384624204703996 ) ) ;
#1997 = DIRECTION ( 'NONE',  ( 9.922391073483039115E-31, 1.224646799147355919E-16, -1.000000000000000000 ) ) ;
#1998 = CARTESIAN_POINT ( 'NONE',  ( -196.4999999999999147, 12.00104617744404756, 15.22308489635066664 ) ) ;
#1999 = VERTEX_POINT ( 'NONE', #3226 ) ;
#2000 = CARTESIAN_POINT ( 'NONE',  ( -21.99999999999999289, -1.734723475976807094E-15, -13.99999999999992895 ) ) ;
#2001 = CARTESIAN_POINT ( 'NONE',  ( -196.2999999999999261, 11.94930193580128730, 12.55106133930866719 ) ) ;
#2002 = EDGE_CURVE ( 'NONE', #4234, #6802, #3450, .T. ) ;
#2003 = DIRECTION ( 'NONE',  ( -1.000000000000000000, 0.000000000000000000, 0.000000000000000000 ) ) ;
#2004 = EDGE_CURVE ( 'NONE', #1397, #4946, #5668, .T. ) ;
#2005 = ORIENTED_EDGE ( 'NONE', *, *, #5092, .T. ) ;
#2006 = AXIS2_PLACEMENT_3D ( 'NONE', #3662, #505, #6897 ) ;
#2007 = ORIENTED_EDGE ( 'NONE', *, *, #4783, .F. ) ;
#2008 = CARTESIAN_POINT ( 'NONE',  ( -196.2999999999999261, 11.55053319736604323, 8.484252686674981447 ) ) ;
#2009 = DIRECTION ( 'NONE',  ( 0.1899215467173094585, -1.118661236330825448E-16, 0.9817992697555365522 ) ) ;
#2010 = DIRECTION ( 'NONE',  ( -0.7071067811865474617, -0.7071067811865474617, 0.000000000000000000 ) ) ;
#2011 = AXIS2_PLACEMENT_3D ( 'NONE', #6870, #3675, #4759 ) ;
#2012 = ORIENTED_EDGE ( 'NONE', *, *, #587, .T. ) ;
#2013 = DIRECTION ( 'NONE',  ( -0.000000000000000000, -0.000000000000000000, -1.000000000000000000 ) ) ;
#2014 = B_SPLINE_CURVE_WITH_KNOTS ( 'NONE', 3,
 ( #3015, #4172, #4637, #3086, #6912, #6303, #1506, #344, #970, #5156, #6234, #4135, #3547, #446, #2099, #4732, #379, #6876, #2490 ),
 .UNSPECIFIED., .F., .F.,
 ( 4, 1, 1, 1, 1, 1, 1, 1, 1, 1, 1, 1, 1, 1, 1, 1, 4 ),
 ( 0.000000000000000000, 0.06522650389227589718, 0.1285689957067288058, 0.1903203781044671417, 0.2513779886240631867, 0.3123875283336945419, 0.3737887042767237267, 0.4364311597804504950, 0.5005667553098540612, 0.5646867953847443111, 0.6271355178835134048, 0.6884554088949800255, 0.7492457464637474196, 0.8101551773646785692, 0.8716709256529237004, 0.9347734961077240889, 1.000000000000000000 ),
 .UNSPECIFIED. ) ;
#2015 = CARTESIAN_POINT ( 'NONE',  ( -4.618640106735341533, -1.915245040316188918, -2.000000000000000000 ) ) ;
#2016 = VERTEX_POINT ( 'NONE', #4090 ) ;
#2017 = DIRECTION ( 'NONE',  ( -1.000000000000000000, -1.665334536937734318E-16, -3.081487911019576818E-32 ) ) ;
#2018 = CARTESIAN_POINT ( 'NONE',  ( -196.4999999999999147, 11.78688135118424540, 12.91119246672243648 ) ) ;
#2019 = PLANE ( 'NONE',  #6252 ) ;
#2020 = CARTESIAN_POINT ( 'NONE',  ( -3.759608614608207056, 9.066348570306416832, -8.400000000000000355 ) ) ;
#2021 = ORIENTED_EDGE ( 'NONE', *, *, #2348, .F. ) ;
#2022 = EDGE_CURVE ( 'NONE', #4674, #1512, #5696, .T. ) ;
#2023 = CARTESIAN_POINT ( 'NONE',  ( -4.618640106735341533, -1.915245040316188474, -1.999999999999998224 ) ) ;
#2024 = CARTESIAN_POINT ( 'NONE',  ( -196.2999999999999261, 12.29334971270215604, 12.34783214022898079 ) ) ;
#2025 = DIRECTION ( 'NONE',  ( -2.775557561562887900E-16, 1.000000000000000000, 1.224646799147354193E-16 ) ) ;
#2026 = DIRECTION ( 'NONE',  ( -1.000000000000000000, -2.220446049250312588E-16, -1.035379938102577819E-30 ) ) ;
#2027 = VERTEX_POINT ( 'NONE', #5105 ) ;
#2028 = VECTOR ( 'NONE', #3121, 1000.000000000000000 ) ;
#2029 = CARTESIAN_POINT ( 'NONE',  ( -196.4999999999999147, 12.25489841454928808, 9.721775532391276897 ) ) ;
#2030 = CARTESIAN_POINT ( 'NONE',  ( -196.4999999999999147, 11.74951553710586793, 8.407856410007839898 ) ) ;
#2031 = VECTOR ( 'NONE', #3199, 1000.000000000000000 ) ;
#2032 = ORIENTED_EDGE ( 'NONE', *, *, #162, .F. ) ;
#2033 = CARTESIAN_POINT ( 'NONE',  ( -196.4999999999999147, 11.83313691053144900, 8.379079219054833771 ) ) ;
#2034 = CARTESIAN_POINT ( 'NONE',  ( -196.4999999999999147, 11.48105930021582033, 8.713972474974481131 ) ) ;
#2035 = DIRECTION ( 'NONE',  ( -1.000000000000000000, -1.665334536937734318E-16, -3.081487911019576818E-32 ) ) ;
#2036 = VERTEX_POINT ( 'NONE', #1752 ) ;
#2037 = CARTESIAN_POINT ( 'NONE',  ( -196.4999999999999147, 11.84571459897879819, 8.305096238501779027 ) ) ;
#2038 = VECTOR ( 'NONE', #581, 1000.000000000000000 ) ;
#2039 = LINE ( 'NONE', #3126, #6469 ) ;
#2040 = ORIENTED_EDGE ( 'NONE', *, *, #1531, .F. ) ;
#2041 = ADVANCED_FACE ( 'NONE', ( #395 ), #6790, .T. ) ;
#2042 = VERTEX_POINT ( 'NONE', #2438 ) ;
#2043 = CARTESIAN_POINT ( 'NONE',  ( -196.2999999999999261, 12.01422841741510439, 13.42092585485375444 ) ) ;
#2044 = CARTESIAN_POINT ( 'NONE',  ( -196.2999999999999261, 11.87357898865620065, 8.302195265388313317 ) ) ;
#2045 = CARTESIAN_POINT ( 'NONE',  ( -196.2999999999999261, 11.86420636104371873, 16.98973463055864030 ) ) ;
#2046 = EDGE_LOOP ( 'NONE', ( #3475, #4128, #5212, #4996 ) ) ;
#2047 = FACE_OUTER_BOUND ( 'NONE', #4329, .T. ) ;
#2048 = EDGE_CURVE ( 'NONE', #5873, #3910, #5867, .T. ) ;
#2049 = EDGE_CURVE ( 'NONE', #6628, #4499, #5775, .T. ) ;
#2050 = CARTESIAN_POINT ( 'NONE',  ( -196.2999999999999261, 11.89033664396582068, 13.12729879708986580 ) ) ;
#2051 = EDGE_CURVE ( 'NONE', #6844, #2452, #3360, .T. ) ;
#2052 = EDGE_LOOP ( 'NONE', ( #443, #4212, #4257, #4805 ) ) ;
#2053 = DIRECTION ( 'NONE',  ( 2.775557561562887900E-16, -1.000000000000000000, -1.224646799147354933E-16 ) ) ;
#2054 = CARTESIAN_POINT ( 'NONE',  ( -196.4999999999999147, 12.22280646469203624, 8.985012849882961561 ) ) ;
#2055 = LINE ( 'NONE', #5315, #4581 ) ;
#2056 = VECTOR ( 'NONE', #2292, 1000.000000000000114 ) ;
#2057 = DIRECTION ( 'NONE',  ( 1.000000000000000000, 0.000000000000000000, 0.000000000000000000 ) ) ;
#2058 = ORIENTED_EDGE ( 'NONE', *, *, #3566, .F. ) ;
#2059 = DIRECTION ( 'NONE',  ( 0.000000000000000000, 0.000000000000000000, 1.000000000000000000 ) ) ;
#2060 = CARTESIAN_POINT ( 'NONE',  ( -196.2999999999999261, 11.84659121423065642, 10.28469398411878544 ) ) ;
#2061 = CARTESIAN_POINT ( 'NONE',  ( -196.4999999999999147, 11.77644538730993951, 14.38885905206877069 ) ) ;
#2062 = LINE ( 'NONE', #2091, #1495 ) ;
#2063 = ORIENTED_EDGE ( 'NONE', *, *, #2533, .F. ) ;
#2064 = CARTESIAN_POINT ( 'NONE',  ( -196.2999999999999261, 12.30894908278305344, 9.621959169994154237 ) ) ;
#2065 = CARTESIAN_POINT ( 'NONE',  ( -196.2999999999999261, 11.74993913275692137, 15.68534224668372978 ) ) ;
#2066 = EDGE_CURVE ( 'NONE', #2516, #1078, #6860, .T. ) ;
#2067 = ORIENTED_EDGE ( 'NONE', *, *, #4327, .F. ) ;
#2068 = DIRECTION ( 'NONE',  ( -0.000000000000000000, -0.000000000000000000, -1.000000000000000000 ) ) ;
#2069 = CARTESIAN_POINT ( 'NONE',  ( -199.4999999999999716, 18.49999999999993960, 4.000000000000072831 ) ) ;
#2070 = CARTESIAN_POINT ( 'NONE',  ( -196.4999999999999147, 12.30451155038579714, 17.14224494422160916 ) ) ;
#2071 = VERTEX_POINT ( 'NONE', #4816 ) ;
#2072 = DIRECTION ( 'NONE',  ( -0.000000000000000000, -0.000000000000000000, -1.000000000000000000 ) ) ;
#2073 = DIRECTION ( 'NONE',  ( -1.000000000000000000, -3.330669073875469621E-16, -4.314083075427408311E-32 ) ) ;
#2074 = ORIENTED_EDGE ( 'NONE', *, *, #2991, .F. ) ;
#2075 = VERTEX_POINT ( 'NONE', #3629 ) ;
#2076 = CARTESIAN_POINT ( 'NONE',  ( -196.4999999999999147, 12.18765571203242182, 13.51257464875491898 ) ) ;
#2077 = CARTESIAN_POINT ( 'NONE',  ( -196.2999999999999261, 12.29516186431838598, 7.774415433708456113 ) ) ;
#2078 = PLANE ( 'NONE',  #6417 ) ;
#2079 = DIRECTION ( 'NONE',  ( 0.000000000000000000, 0.000000000000000000, -1.000000000000000000 ) ) ;
#2080 = CARTESIAN_POINT ( 'NONE',  ( -196.2999999999999261, 12.09742198102078525, 9.729259981926693612 ) ) ;
#2081 = ORIENTED_EDGE ( 'NONE', *, *, #4188, .T. ) ;
#2082 = CARTESIAN_POINT ( 'NONE',  ( -196.2999999999999261, 12.29516186431838598, 7.385967667282173466 ) ) ;
#2083 = CARTESIAN_POINT ( 'NONE',  ( -201.0999999999999091, 15.99999999999993783, 4.000000000001011635 ) ) ;
#2084 = CARTESIAN_POINT ( 'NONE',  ( -196.2999999999999261, 12.31498727139959115, 9.538690128527807843 ) ) ;
#2085 = EDGE_CURVE ( 'NONE', #6572, #4384, #3020, .T. ) ;
#2086 = EDGE_CURVE ( 'NONE', #6511, #4908, #4181, .T. ) ;
#2087 = ORIENTED_EDGE ( 'NONE', *, *, #5326, .T. ) ;
#2088 = DIRECTION ( 'NONE',  ( 0.000000000000000000, 1.224646799147353700E-16, -1.000000000000000000 ) ) ;
#2089 = CARTESIAN_POINT ( 'NONE',  ( -196.2999999999999261, 11.84852148679540385, 10.23479787631513638 ) ) ;
#2090 = DIRECTION ( 'NONE',  ( 0.1899215467173104854, 1.518640244168297259E-16, -0.9817992697555363302 ) ) ;
#2091 = CARTESIAN_POINT ( 'NONE',  ( -196.2999999999999261, 11.50141186431838491, 11.05245028947768660 ) ) ;
#2092 = VERTEX_POINT ( 'NONE', #2083 ) ;
#2093 = DIRECTION ( 'NONE',  ( 0.000000000000000000, -1.224646799147353700E-16, 1.000000000000000000 ) ) ;
#2094 = CYLINDRICAL_SURFACE ( 'NONE', #4270, 1.500000000000001332 ) ;
#2095 = EDGE_CURVE ( 'NONE', #5470, #3534, #469, .T. ) ;
#2096 = LINE ( 'NONE', #5431, #2549 ) ;
#2097 = ORIENTED_EDGE ( 'NONE', *, *, #6899, .T. ) ;
#2098 = CARTESIAN_POINT ( 'NONE',  ( -11.99999999999999822, -12.00000000000000355, 20.00000000000000000 ) ) ;
#2099 = CARTESIAN_POINT ( 'NONE',  ( -196.2999999999999261, 12.29927828884560093, 8.843491005011475892 ) ) ;
#2100 = CIRCLE ( 'NONE', #1770, 2.750000000000002665 ) ;
#2101 = CARTESIAN_POINT ( 'NONE',  ( -196.4999999999999147, 12.14641297402201658, 16.90454659047189168 ) ) ;
#2102 = ORIENTED_EDGE ( 'NONE', *, *, #5517, .F. ) ;
#2103 = LINE ( 'NONE', #624, #2682 ) ;
#2104 = CARTESIAN_POINT ( 'NONE',  ( -12.00000000000000178, 11.99999999999999645, 0.000000000000000000 ) ) ;
#2105 = AXIS2_PLACEMENT_3D ( 'NONE', #5090, #3054, #381 ) ;
#2106 = ORIENTED_EDGE ( 'NONE', *, *, #5748, .F. ) ;
#2107 = ORIENTED_EDGE ( 'NONE', *, *, #3467, .T. ) ;
#2108 = CARTESIAN_POINT ( 'NONE',  ( -203.9999999999999432, 12.99999999999993427, 20.50000000000101252 ) ) ;
#2109 = ADVANCED_FACE ( 'NONE', ( #6823 ), #2575, .T. ) ;
#2110 = CARTESIAN_POINT ( 'NONE',  ( -196.2999999999999261, 11.92502981947932739, 13.13253943383102396 ) ) ;
#2111 = CARTESIAN_POINT ( 'NONE',  ( -196.2999999999999261, 11.50151489949091577, 10.20124765640927222 ) ) ;
#2112 = FACE_OUTER_BOUND ( 'NONE', #3431, .T. ) ;
#2113 = CARTESIAN_POINT ( 'NONE',  ( -196.2999999999999261, 12.30533814636966738, 13.65169533154499426 ) ) ;
#2114 = ORIENTED_EDGE ( 'NONE', *, *, #1811, .F. ) ;
#2115 = CARTESIAN_POINT ( 'NONE',  ( -196.2999999999999261, 11.84851848491133453, 10.22801243891678880 ) ) ;
#2116 = CARTESIAN_POINT ( 'NONE',  ( -196.4999999999999147, 12.31551442842095057, 8.720332651256532230 ) ) ;
#2117 = CARTESIAN_POINT ( 'NONE',  ( -11.99999999999999822, -12.00000000000000355, 20.00000000000000000 ) ) ;
#2118 = DIRECTION ( 'NONE',  ( -2.775557561562887900E-16, 1.000000000000000000, 1.224646799147354193E-16 ) ) ;
#2119 = ADVANCED_FACE ( 'NONE', ( #4296 ), #6431, .T. ) ;
#2120 = ORIENTED_EDGE ( 'NONE', *, *, #1718, .T. ) ;
#2121 = DIRECTION ( 'NONE',  ( 0.7071067811865477948, -0.7071067811865473507, 0.000000000000000000 ) ) ;
#2122 = ADVANCED_FACE ( 'NONE', ( #4718 ), #5768, .F. ) ;
#2123 = DIRECTION ( 'NONE',  ( 1.665334536937734564E-16, -1.000000000000000000, -1.224646799147353947E-16 ) ) ;
#2124 = CARTESIAN_POINT ( 'NONE',  ( -196.2999999999999261, 11.80180041742203123, 10.40406211415766080 ) ) ;
#2125 = DIRECTION ( 'NONE',  ( 0.000000000000000000, -1.224646799147353700E-16, 1.000000000000000000 ) ) ;
#2127 = CARTESIAN_POINT ( 'NONE',  ( -196.2999999999999261, 12.17676601915866286, 7.959852175629694493 ) ) ;
#2126 = CARTESIAN_POINT ( 'NONE',  ( -196.2999999999999261, 11.92976973691454035, 12.78019217649691619 ) ) ;
#2128 = VERTEX_POINT ( 'NONE', #5906 ) ;
#2129 = CARTESIAN_POINT ( 'NONE',  ( -196.2999999999999261, 11.97352905329548989, 13.35011486644764567 ) ) ;
#2130 = CARTESIAN_POINT ( 'NONE',  ( -196.2999999999999261, 11.71122396946149813, 13.72292986591405750 ) ) ;
#2131 = B_SPLINE_CURVE_WITH_KNOTS ( 'NONE', 3,
 ( #6401, #437, #996, #1608, #3744, #5881, #1067, #3217, #5356, #6438, #543, #4824, #1644, #3776, #2024, #5913, #5215, #4162, #5387 ),
 .UNSPECIFIED., .F., .F.,
 ( 4, 1, 1, 1, 1, 1, 1, 1, 1, 1, 1, 1, 1, 1, 1, 1, 4 ),
 ( 0.000000000000000000, 0.06241602615881770844, 0.1233369785373296529, 0.1832651398530922293, 0.2431724430697094486, 0.3028983539197456221, 0.3637735975039105285, 0.4256053049523824683, 0.4896590425101848276, 0.5537845767921173445, 0.6162215328110728363, 0.6778544713083420881, 0.7395168974879383628, 0.8020965355763722826, 0.8658658412779726143, 0.9315077951965107239, 1.000000000000000000 ),
 .UNSPECIFIED. ) ;
#2132 = EDGE_LOOP ( 'NONE', ( #2735, #3424, #4507, #3316, #6727, #4980 ) ) ;
#2133 = CARTESIAN_POINT ( 'NONE',  ( -196.2999999999999261, 12.07109833374104291, 8.151690374722575072 ) ) ;
#2134 = CARTESIAN_POINT ( 'NONE',  ( -12.00000000000000178, 8.499999999999996447, 20.00000000000000000 ) ) ;
#2135 = EDGE_CURVE ( 'NONE', #2143, #1791, #3105, .T. ) ;
#2136 = VECTOR ( 'NONE', #3443, 1000.000000000000000 ) ;
#2137 = CARTESIAN_POINT ( 'NONE',  ( -196.2999999999999261, 11.72453361259393212, 14.69917671594538255 ) ) ;
#2138 = CARTESIAN_POINT ( 'NONE',  ( -196.2999999999999261, 12.21344287822280528, 9.467303657404304573 ) ) ;
#2139 = ORIENTED_EDGE ( 'NONE', *, *, #2338, .T. ) ;
#2140 = CARTESIAN_POINT ( 'NONE',  ( -199.4999999999995168, 5.499999999999937828, 4.000000000001006306 ) ) ;
#2141 = CARTESIAN_POINT ( 'NONE',  ( -196.4999999999999147, 12.23410417201069222, 13.65423940205781506 ) ) ;
#2142 = AXIS2_PLACEMENT_3D ( 'NONE', #304, #4593, #5150 ) ;
#2143 = VERTEX_POINT ( 'NONE', #3349 ) ;
#2144 = VERTEX_POINT ( 'NONE', #6045 ) ;
#2145 = DIRECTION ( 'NONE',  ( 0.000000000000000000, 0.000000000000000000, 1.000000000000000000 ) ) ;
#2146 = CARTESIAN_POINT ( 'NONE',  ( -196.2999999999999261, 11.95806309893428576, 13.13455921761446454 ) ) ;
#2147 = VECTOR ( 'NONE', #2529, 1000.000000000000000 ) ;
#2148 = CARTESIAN_POINT ( 'NONE',  ( -59.99999999999999289, 3.199999999999986411, 1.500000000000129008 ) ) ;
#2149 = VECTOR ( 'NONE', #4971, 1000.000000000000000 ) ;
#2150 = CARTESIAN_POINT ( 'NONE',  ( -196.2999999999999261, 12.00354778178633275, 13.34926894933345665 ) ) ;
#2151 = EDGE_CURVE ( 'NONE', #4063, #1526, #2716, .T. ) ;
#2152 = VECTOR ( 'NONE', #3611, 1000.000000000000227 ) ;
#2153 = CARTESIAN_POINT ( 'NONE',  ( -196.2999999999999261, 11.75486944440766557, 13.13104779968199409 ) ) ;
#2154 = VERTEX_POINT ( 'NONE', #2224 ) ;
#2155 = CARTESIAN_POINT ( 'NONE',  ( -196.2999999999999261, 11.80671923877841678, 15.31078631956931346 ) ) ;
#2156 = CARTESIAN_POINT ( 'NONE',  ( -196.2999999999999261, 11.70564368544858525, 15.44260315709353115 ) ) ;
#2157 = CARTESIAN_POINT ( 'NONE',  ( -196.2999999999999261, 12.15426840349345206, 9.315278639319087617 ) ) ;
#2158 = PERSON_AND_ORGANIZATION ( #6735, #1106 ) ;
#2159 = EDGE_LOOP ( 'NONE', ( #4073, #2751, #6249, #6337, #6593, #782 ) ) ;
#2160 = CARTESIAN_POINT ( 'NONE',  ( -196.2999999999999261, 11.91688419244598407, 16.95873330436870674 ) ) ;
#2161 = CARTESIAN_POINT ( 'NONE',  ( -196.4999999999999147, 12.03396089633505639, 13.42177005942906298 ) ) ;
#2162 = FACE_OUTER_BOUND ( 'NONE', #4422, .T. ) ;
#2163 = VECTOR ( 'NONE', #770, 1000.000000000000000 ) ;
#2164 = CARTESIAN_POINT ( 'NONE',  ( -196.4999999999999147, 11.77627939031432014, 12.97162727125194515 ) ) ;
#2165 = FACE_OUTER_BOUND ( 'NONE', #5931, .T. ) ;
#2166 = CARTESIAN_POINT ( 'NONE',  ( -196.2999999999999261, 11.79225047762374956, 13.43835121204192085 ) ) ;
#2167 = CARTESIAN_POINT ( 'NONE',  ( -196.2999999999999261, 11.81270973448623707, 13.88109663549361628 ) ) ;
#2168 = CIRCLE ( 'NONE', #6091, 3.200000000000003730 ) ;
#2169 = ORIENTED_EDGE ( 'NONE', *, *, #1442, .T. ) ;
#2170 = LINE ( 'NONE', #4762, #5242 ) ;
#2171 = DIRECTION ( 'NONE',  ( 6.162975822039154730E-33, 1.224646799147353454E-16, -1.000000000000000000 ) ) ;
#2172 = CARTESIAN_POINT ( 'NONE',  ( -199.4999999999999432, 12.99999999999993783, 0.5000000000010135226 ) ) ;
#2173 = CARTESIAN_POINT ( 'NONE',  ( -196.2999999999999261, 11.94357467078421386, 8.302870538366041941 ) ) ;
#2174 = ORIENTED_EDGE ( 'NONE', *, *, #4707, .T. ) ;
#2175 = DIRECTION ( 'NONE',  ( 0.000000000000000000, 1.000000000000000000, 1.224646799147353454E-16 ) ) ;
#2176 = CARTESIAN_POINT ( 'NONE',  ( -196.2999999999999261, 12.29516186431838598, 7.385967667282173466 ) ) ;
#2177 = B_SPLINE_CURVE_WITH_KNOTS ( 'NONE', 3,
 ( #536, #4855, #1524, #2190, #5907, #2680, #6356, #5838, #1560, #1031, #6930, #1490, #4298, #5244, #432, #6862, #3908, #6502, #2749 ),
 .UNSPECIFIED., .F., .F.,
 ( 4, 1, 1, 1, 1, 1, 1, 1, 1, 1, 1, 1, 1, 1, 1, 1, 4 ),
 ( 0.000000000000000000, 0.06867706841303325427, 0.1368709585090956971, 0.2061143571452994094, 0.2775381819697282926, 0.3497719775549000265, 0.4212508361555685754, 0.4929107569233698305, 0.5670265889927390557, 0.6066141532413342752, 0.6497039535189880199, 0.6973031504846852746, 0.7490856597091357649, 0.8048806474593086513, 0.8654850057023359966, 0.9302371271531362229, 1.000000000000000000 ),
 .UNSPECIFIED. ) ;
#2178 = EDGE_CURVE ( 'NONE', #1966, #5225, #3423, .T. ) ;
#2179 = EDGE_CURVE ( 'NONE', #4908, #6511, #1943, .T. ) ;
#2180 = ORIENTED_EDGE ( 'NONE', *, *, #3446, .F. ) ;
#2181 = VERTEX_POINT ( 'NONE', #3944 ) ;
#2182 = CARTESIAN_POINT ( 'NONE',  ( -196.4999999999999147, 12.20426494747509594, 13.53818499410921916 ) ) ;
#2183 = CARTESIAN_POINT ( 'NONE',  ( -205.2499999999995168, 5.499999999999934275, 15.75000000000098233 ) ) ;
#2184 = LINE ( 'NONE', #4986, #3620 ) ;
#2185 = FACE_OUTER_BOUND ( 'NONE', #3384, .T. ) ;
#2186 = CARTESIAN_POINT ( 'NONE',  ( -196.2999999999999261, 11.84102543902531757, 13.18862032138377849 ) ) ;
#2187 = ORIENTED_EDGE ( 'NONE', *, *, #6721, .T. ) ;
#2188 = FACE_OUTER_BOUND ( 'NONE', #2159, .T. ) ;
#2189 = LINE ( 'NONE', #4993, #1830 ) ;
#2190 = CARTESIAN_POINT ( 'NONE',  ( -196.4999999999999147, 11.78343653428150262, 15.35828440629468261 ) ) ;
#2191 = APPROVAL_STATUS ( 'not_yet_approved' ) ;
#2192 = ORIENTED_EDGE ( 'NONE', *, *, #962, .F. ) ;
#2193 = LINE ( 'NONE', #2228, #1133 ) ;
#2194 = LINE ( 'NONE', #6902, #6348 ) ;
#2195 = FACE_OUTER_BOUND ( 'NONE', #796, .T. ) ;
#2196 = EDGE_CURVE ( 'NONE', #4247, #6406, #674, .T. ) ;
#2197 = CARTESIAN_POINT ( 'NONE',  ( -201.8247553857719652, 12.99999999999993427, 31.74492513199507471 ) ) ;
#2198 = CYLINDRICAL_SURFACE ( 'NONE', #2262, 4.500000000000003553 ) ;
#2199 = CARTESIAN_POINT ( 'NONE',  ( -196.2999999999999261, 11.70493750534402544, 13.65392139324371179 ) ) ;
#2200 = CARTESIAN_POINT ( 'NONE',  ( -194.9999999999999147, 12.99999999999993605, 20.50000000000101252 ) ) ;
#2201 = ORIENTED_EDGE ( 'NONE', *, *, #5306, .F. ) ;
#2202 = CARTESIAN_POINT ( 'NONE',  ( -196.2999999999999261, 11.99359065051119444, 8.173101409626275071 ) ) ;
#2203 = DIRECTION ( 'NONE',  ( 0.000000000000000000, 0.000000000000000000, 1.000000000000000000 ) ) ;
#2204 = CARTESIAN_POINT ( 'NONE',  ( -196.2999999999999261, 11.70617653993196683, 14.75973718444260818 ) ) ;
#2205 = DIRECTION ( 'NONE',  ( 0.000000000000000000, -1.224646799147353700E-16, 1.000000000000000000 ) ) ;
#2206 = VERTEX_POINT ( 'NONE', #40 ) ;
#2207 = CARTESIAN_POINT ( 'NONE',  ( -196.2999999999999261, 12.29516186431838598, 6.632922795487302459 ) ) ;
#2208 = CARTESIAN_POINT ( 'NONE',  ( -196.2999999999999261, 11.77649264396744933, 14.76988099419329714 ) ) ;
#2209 = ORIENTED_EDGE ( 'NONE', *, *, #6203, .F. ) ;
#2210 = EDGE_CURVE ( 'NONE', #6511, #6611, #1703, .T. ) ;
#2211 = AXIS2_PLACEMENT_3D ( 'NONE', #3242, #1637, #4330 ) ;
#2212 = ORIENTED_EDGE ( 'NONE', *, *, #109, .T. ) ;
#2213 = DIRECTION ( 'NONE',  ( 0.000000000000000000, -1.224646799147353700E-16, 1.000000000000000000 ) ) ;
#2214 = ADVANCED_FACE ( 'NONE', ( #608 ), #3804, .T. ) ;
#2215 = CARTESIAN_POINT ( 'NONE',  ( -196.2999999999999261, 11.71511378739530862, 13.95984587241037822 ) ) ;
#2216 = AXIS2_PLACEMENT_3D ( 'NONE', #6601, #1797, #3937 ) ;
#2217 = EDGE_CURVE ( 'NONE', #6755, #5267, #2189, .T. ) ;
#2218 = DIRECTION ( 'NONE',  ( -1.000000000000000000, -1.665334536937734318E-16, -3.081487911019576818E-32 ) ) ;
#2219 = CARTESIAN_POINT ( 'NONE',  ( -196.2999999999999261, 11.82274026176425785, 12.01576644284219597 ) ) ;
#2220 = VECTOR ( 'NONE', #1780, 1000.000000000000000 ) ;
#2221 = CARTESIAN_POINT ( 'NONE',  ( -196.2999999999999261, 11.70493750534402544, 14.79127991688153188 ) ) ;
#2222 = VERTEX_POINT ( 'NONE', #6465 ) ;
#2223 = CARTESIAN_POINT ( 'NONE',  ( 10.16100823481774995, 4.213539088695615220, 0.000000000000000000 ) ) ;
#2224 = CARTESIAN_POINT ( 'NONE',  ( -196.4999999999999147, 12.00434280382159002, 13.42050292369242825 ) ) ;
#2225 = CARTESIAN_POINT ( 'NONE',  ( -196.2999999999999261, 12.21829284945932059, 12.34373673494327406 ) ) ;
#2226 = APPROVAL_DATE_TIME ( #5550, #3222 ) ;
#2227 = ORIENTED_EDGE ( 'NONE', *, *, #5126, .T. ) ;
#2228 = CARTESIAN_POINT ( 'NONE',  ( 5.711616196553300107, 5.806097980279306903, -10.40000000000000036 ) ) ;
#2229 = AXIS2_PLACEMENT_3D ( 'NONE', #2637, #2079, #5273 ) ;
#2230 = ORIENTED_EDGE ( 'NONE', *, *, #537, .T. ) ;
#2231 = CARTESIAN_POINT ( 'NONE',  ( -196.4999999999999147, 12.06953461071261557, 14.59077535958986438 ) ) ;
#2232 = DIRECTION ( 'NONE',  ( -1.000000000000000000, -3.330669073875469621E-16, -4.314083075427408311E-32 ) ) ;
#2233 = CARTESIAN_POINT ( 'NONE',  ( -196.2999999999999261, 12.10839100858291317, 8.044443157033963843 ) ) ;
#2234 = CARTESIAN_POINT ( 'NONE',  ( -196.2999999999999261, 12.03415061760665772, 16.87108877926557682 ) ) ;
#2235 = CARTESIAN_POINT ( 'NONE',  ( -196.2999999999999261, 11.73244112585016019, 13.78559049341686737 ) ) ;
#2236 = EDGE_CURVE ( 'NONE', #6820, #1015, #3273, .T. ) ;
#2237 = ORIENTED_EDGE ( 'NONE', *, *, #753, .T. ) ;
#2238 = DIRECTION ( 'NONE',  ( 0.000000000000000000, 1.224646799147353700E-16, -1.000000000000000000 ) ) ;
#2239 = CARTESIAN_POINT ( 'NONE',  ( -196.2999999999999261, 12.23297898205168543, 13.68504485980606411 ) ) ;
#2240 = PLANE ( 'NONE',  #1932 ) ;
#2241 = CARTESIAN_POINT ( 'NONE',  ( -196.2999999999999261, 12.23410417201069222, 9.557331849974479709 ) ) ;
#2242 = VERTEX_POINT ( 'NONE', #4922 ) ;
#2243 = LINE ( 'NONE', #4283, #4481 ) ;
#2244 = CARTESIAN_POINT ( 'NONE',  ( -210.0000000000000000, 1.547005383792455113, 19.50000000000007105 ) ) ;
#2245 = ORIENTED_EDGE ( 'NONE', *, *, #841, .T. ) ;
#2246 = ORIENTED_EDGE ( 'NONE', *, *, #2425, .F. ) ;
#2247 = CARTESIAN_POINT ( 'NONE',  ( -196.2999999999999261, 12.21108587400816958, 7.798343253974324263 ) ) ;
#2248 = CARTESIAN_POINT ( 'NONE',  ( -196.4999999999999147, 12.00020868923825645, 14.51954138523089100 ) ) ;
#2249 = CARTESIAN_POINT ( 'NONE',  ( 8.000000000000003553, -12.00000000000000000, 20.00000000000000000 ) ) ;
#2250 = CARTESIAN_POINT ( 'NONE',  ( -196.2999999999999261, 12.00672786992736008, 11.95511830830781363 ) ) ;
#2251 = VECTOR ( 'NONE', #3014, 1000.000000000000000 ) ;
#2252 = OPEN_SHELL ( 'NONE', ( #4822, #6764, #41 ) ) ;
#2253 = AXIS2_PLACEMENT_3D ( 'NONE', #1443, #6781, #5065 ) ;
#2254 = FACE_OUTER_BOUND ( 'NONE', #3858, .T. ) ;
#2255 = EDGE_CURVE ( 'NONE', #1349, #6820, #1129, .T. ) ;
#2256 = VECTOR ( 'NONE', #3221, 1000.000000000000000 ) ;
#2257 = LINE ( 'NONE', #4400, #4389 ) ;
#2258 = CARTESIAN_POINT ( 'NONE',  ( -189.9999999999999716, -14.00000000000006217, 10.00000000000007461 ) ) ;
#2259 = VERTEX_POINT ( 'NONE', #6607 ) ;
#2260 = CARTESIAN_POINT ( 'NONE',  ( -193.0000000000000000, -8.267949192431135685, 10.00000000000007638 ) ) ;
#2261 = CIRCLE ( 'NONE', #1367, 4.500000000000003553 ) ;
#2262 = AXIS2_PLACEMENT_3D ( 'NONE', #4340, #6476, #1680 ) ;
#2263 = EDGE_CURVE ( 'NONE', #4656, #630, #3280, .T. ) ;
#2264 = ADVANCED_FACE ( 'NONE', ( #6538 ), #3315, .F. ) ;
#2265 = ORIENTED_EDGE ( 'NONE', *, *, #153, .F. ) ;
#2266 = LINE ( 'NONE', #6575, #3388 ) ;
#2267 = EDGE_LOOP ( 'NONE', ( #5662, #5559, #2237, #6351 ) ) ;
#2268 = DIRECTION ( 'NONE',  ( 2.775557561562887900E-16, -1.000000000000000000, -1.224646799147354193E-16 ) ) ;
#2269 = CARTESIAN_POINT ( 'NONE',  ( -196.4999999999999147, 11.78214050044128847, 12.92715867491429016 ) ) ;
#2270 = LINE ( 'NONE', #724, #4697 ) ;
#2271 = CARTESIAN_POINT ( 'NONE',  ( -2.874994822935686312, 6.933090083175497575, -10.40000000000000036 ) ) ;
#2272 = CARTESIAN_POINT ( 'NONE',  ( -60.00000000000000000, -1.322726650432315409E-14, 7.285838599102589797E-14 ) ) ;
#2273 = VERTEX_POINT ( 'NONE', #2781 ) ;
#2274 = FACE_OUTER_BOUND ( 'NONE', #4142, .T. ) ;
#2275 = CARTESIAN_POINT ( 'NONE',  ( -196.4999999999999147, 11.86777482930810201, 16.00696324097097190 ) ) ;
#2276 = LINE ( 'NONE', #553, #3721 ) ;
#2277 = CARTESIAN_POINT ( 'NONE',  ( -196.2999999999999261, 12.13144677017491802, 8.369612139743940915 ) ) ;
#2278 = ORIENTED_EDGE ( 'NONE', *, *, #5816, .F. ) ;
#2279 = LINE ( 'NONE', #1293, #2568 ) ;
#2280 = CARTESIAN_POINT ( 'NONE',  ( -196.2999999999999261, 11.84467427348226032, 14.63835391696705557 ) ) ;
#2281 = AXIS2_PLACEMENT_3D ( 'NONE', #1697, #3548, #3447 ) ;
#2282 = ORIENTED_EDGE ( 'NONE', *, *, #6117, .F. ) ;
#2283 = ORIENTED_EDGE ( 'NONE', *, *, #4622, .F. ) ;
#2284 = DIRECTION ( 'NONE',  ( -1.000000000000000000, -3.330669073875469621E-16, -4.314083075427408311E-32 ) ) ;
#2285 = CARTESIAN_POINT ( 'NONE',  ( -196.4999999999999147, 11.99188716873256055, 14.51952337142020788 ) ) ;
#2286 = CARTESIAN_POINT ( 'NONE',  ( -196.2999999999999261, 11.73767070877429575, 12.86519292684601545 ) ) ;
#2287 = CARTESIAN_POINT ( 'NONE',  ( -196.4999999999999147, 11.85230439655089363, 9.062391907219680576 ) ) ;
#2288 = CARTESIAN_POINT ( 'NONE',  ( -196.2999999999999261, 12.29516186431838420, 15.15047087241037893 ) ) ;
#2289 = B_SPLINE_SURFACE_WITH_KNOTS ( 'NONE', 3, 1, ( 
 ( #6599, #6633 ),
 ( #6107, #1337 ),
 ( #346, #2420 ),
 ( #1898, #3416 ),
 ( #1374, #1862 ),
 ( #1829, #4000 ),
 ( #3969, #4041 ),
 ( #3520, #3577 ),
 ( #5713, #5786 ),
 ( #5298, #3196 ),
 ( #2591, #4766 ),
 ( #6376, #2523 ),
 ( #6805, #521 ),
 ( #6336, #3087 ),
 ( #5224, #6839 ),
 ( #4669, #1998 ),
 ( #3646, #4638 ),
 ( #4136, #3053 ),
 ( #4207, #1008 ) ),
 .UNSPECIFIED., .F., .F., .F.,
 ( 4, 1, 1, 1, 1, 1, 1, 1, 1, 1, 1, 1, 1, 1, 1, 1, 4 ),
 ( 2, 2 ),
 ( 0.000000000000000000, 0.06867706841303325427, 0.1368709585090956971, 0.2061143571452994094, 0.2775381819697282926, 0.3497719775549000265, 0.4212508361555685754, 0.4929107569233698305, 0.5670265889927390557, 0.6066141532413342752, 0.6497039535189880199, 0.6973031504846852746, 0.7490856597091357649, 0.8048806474593086513, 0.8654850057023359966, 0.9302371271531362229, 1.000000000000000000 ),
 ( 0.000000000000000000, 1.000000000000000000 ),
 .UNSPECIFIED. ) ;
#2290 = CARTESIAN_POINT ( 'NONE',  ( -196.2999999999999261, 11.59326228504604472, 10.34496929073205074 ) ) ;
#2291 = DIRECTION ( 'NONE',  ( 0.9914964367057140793, -0.1301338387963397458, -0.000000000000000000 ) ) ;
#2292 = DIRECTION ( 'NONE',  ( -0.3830490080632378280, 0.9237280213470681067, 0.000000000000000000 ) ) ;
#2293 = ORIENTED_EDGE ( 'NONE', *, *, #802, .F. ) ;
#2294 = PLANE ( 'NONE',  #3012 ) ;
#2295 = ORIENTED_EDGE ( 'NONE', *, *, #668, .F. ) ;
#2296 = CARTESIAN_POINT ( 'NONE',  ( -196.2999999999999261, 11.73526413396303703, 8.066552525478424940 ) ) ;
#2297 = ORIENTED_EDGE ( 'NONE', *, *, #2321, .F. ) ;
#2298 = CARTESIAN_POINT ( 'NONE',  ( -196.2999999999999261, 12.08229291702714470, 9.302363832800050858 ) ) ;
#2299 = CARTESIAN_POINT ( 'NONE',  ( -196.4999999999999147, 11.84353842402882506, 12.82743229340252000 ) ) ;
#2300 = EDGE_CURVE ( 'NONE', #2763, #4353, #6786, .T. ) ;
#2301 = ADVANCED_FACE ( 'NONE', ( #6642 ), #1308, .T. ) ;
#2302 = CARTESIAN_POINT ( 'NONE',  ( -196.2999999999999261, 11.70493750534402544, 15.81908440406101768 ) ) ;
#2303 = CARTESIAN_POINT ( 'NONE',  ( -196.4999999999999147, 12.31447038845767139, 8.677594762087643687 ) ) ;
#2304 = DIRECTION ( 'NONE',  ( 3.330669073875469621E-16, -1.000000000000000000, -1.224646799147353947E-16 ) ) ;
#2305 = CARTESIAN_POINT ( 'NONE',  ( 12.00000000000000178, 2.602085213965211036E-15, 20.00000000000000000 ) ) ;
#2306 = CARTESIAN_POINT ( 'NONE',  ( -196.2999999999999261, 12.09611260810792643, 13.87223807518784291 ) ) ;
#2307 = CARTESIAN_POINT ( 'NONE',  ( -196.2999999999999261, 11.79683873886836132, 14.85694632355925471 ) ) ;
#2308 = CARTESIAN_POINT ( 'NONE',  ( -5.971883874145982318, -7.789090853690733063, -1.999999999999998224 ) ) ;
#2309 = ORIENTED_EDGE ( 'NONE', *, *, #2179, .F. ) ;
#2310 = CARTESIAN_POINT ( 'NONE',  ( -196.2999999999999261, 11.79318924409282054, 14.30610370158046507 ) ) ;
#2311 = DIRECTION ( 'NONE',  ( -6.162975822039154730E-33, -1.224646799147353454E-16, 1.000000000000000000 ) ) ;
#2312 = ORIENTED_EDGE ( 'NONE', *, *, #1361, .F. ) ;
#2313 = VERTEX_POINT ( 'NONE', #6146 ) ;
#2314 = CARTESIAN_POINT ( 'NONE',  ( 0.000000000000000000, 0.000000000000000000, 0.000000000000000000 ) ) ;
#2315 = CARTESIAN_POINT ( 'NONE',  ( -196.4999999999999147, 11.94039000029382791, 9.135243825291247788 ) ) ;
#2316 = DIRECTION ( 'NONE',  ( -1.000000000000000000, 0.000000000000000000, 0.000000000000000000 ) ) ;
#2317 = DIRECTION ( 'NONE',  ( -0.000000000000000000, -0.000000000000000000, -1.000000000000000000 ) ) ;
#2318 = CARTESIAN_POINT ( 'NONE',  ( -196.2999999999999261, 11.66047330837438878, 8.965328518172666961 ) ) ;
#2319 = CARTESIAN_POINT ( 'NONE',  ( -196.2999999999999261, 12.29516186431838598, 7.308532521048198838 ) ) ;
#2320 = ORIENTED_EDGE ( 'NONE', *, *, #6891, .T. ) ;
#2321 = EDGE_CURVE ( 'NONE', #6561, #5295, #923, .T. ) ;
#2322 = CARTESIAN_POINT ( 'NONE',  ( -196.2999999999999261, 11.84571459897879819, 8.305096238501779027 ) ) ;
#2323 = CARTESIAN_POINT ( 'NONE',  ( -196.2999999999999261, 11.80097616720300024, 12.03462051183345594 ) ) ;
#2324 = PLANE ( 'NONE',  #5726 ) ;
#2325 = DIRECTION ( 'NONE',  ( -1.665334536937734564E-16, 1.000000000000000000, 1.224646799147353947E-16 ) ) ;
#2326 = AXIS2_PLACEMENT_3D ( 'NONE', #4861, #46, #1677 ) ;
#2327 = VERTEX_POINT ( 'NONE', #847 ) ;
#2328 = CARTESIAN_POINT ( 'NONE',  ( -196.2999999999999261, 12.23410417201069222, 12.25531862882063550 ) ) ;
#2329 = VERTEX_POINT ( 'NONE', #4048 ) ;
#2330 = LINE ( 'NONE', #258, #801 ) ;
#2331 = ORIENTED_EDGE ( 'NONE', *, *, #6850, .F. ) ;
#2332 = CARTESIAN_POINT ( 'NONE',  ( -196.2999999999999261, 12.00720488314851231, 12.48428497497448220 ) ) ;
#2333 = CARTESIAN_POINT ( 'NONE',  ( -196.2999999999999261, 11.87486068928641103, 9.064782789857705581 ) ) ;
#2334 = CARTESIAN_POINT ( 'NONE',  ( -196.4999999999999147, 11.79364194349940043, 15.98147369841009358 ) ) ;
#2335 = CARTESIAN_POINT ( 'NONE',  ( -196.4999999999999147, 12.12016634805082660, 16.89188739359720870 ) ) ;
#2336 = ADVANCED_FACE ( 'NONE', ( #3024 ), #4010, .F. ) ;
#2337 = AXIS2_PLACEMENT_3D ( 'NONE', #3171, #5341, #3657 ) ;
#2338 = EDGE_CURVE ( 'NONE', #1482, #5384, #3492, .T. ) ;
#2339 = LINE ( 'NONE', #3436, #418 ) ;
#2340 = CARTESIAN_POINT ( 'NONE',  ( -196.2999999999999261, 11.59566083578051199, 10.47632683343495685 ) ) ;
#2341 = AXIS2_PLACEMENT_3D ( 'NONE', #924, #3598, #6686 ) ;
#2342 = LINE ( 'NONE', #5045, #2727 ) ;
#2343 = EDGE_LOOP ( 'NONE', ( #6813, #2169, #2572, #3058 ) ) ;
#2344 = LINE ( 'NONE', #1215, #3917 ) ;
#2345 = CARTESIAN_POINT ( 'NONE',  ( -196.2999999999999261, 11.86749570334077397, 15.65100181918396061 ) ) ;
#2346 = AXIS2_PLACEMENT_3D ( 'NONE', #4978, #5502, #6692 ) ;
#2347 = B_SPLINE_CURVE_WITH_KNOTS ( 'NONE', 3,
 ( #4060, #3468, #4688, #2441, #2934, #4091, #4549, #3002, #6825, #6223, #1421 ),
 .UNSPECIFIED., .F., .F.,
 ( 4, 1, 1, 1, 1, 1, 1, 1, 4 ),
 ( 0.000000000000000000, 0.07599907819765111539, 0.1656113455724377848, 0.2690450272477352689, 0.3874479753729722642, 0.5188266584719700703, 0.6653935553138958792, 0.8250827975617818222, 1.000000000000000000 ),
 .UNSPECIFIED. ) ;
#2348 = EDGE_CURVE ( 'NONE', #4806, #1082, #3457, .T. ) ;
#2349 = ORIENTED_EDGE ( 'NONE', *, *, #5390, .T. ) ;
#2350 = CARTESIAN_POINT ( 'NONE',  ( -196.4999999999999147, 12.13144677017491802, 8.369612139743940915 ) ) ;
#2351 = CARTESIAN_POINT ( 'NONE',  ( -196.2999999999999261, 11.84502038795620749, 14.57853202024691619 ) ) ;
#2352 = CARTESIAN_POINT ( 'NONE',  ( -196.2999999999999261, 11.93203637480711699, 14.51772819099016765 ) ) ;
#2353 = CARTESIAN_POINT ( 'NONE',  ( -203.1933420641508690, 17.74999999999994316, 16.36751929630997893 ) ) ;
#2354 = CARTESIAN_POINT ( 'NONE',  ( -196.2999999999999261, 11.83024875752022176, 9.058967241010806859 ) ) ;
#2355 = CARTESIAN_POINT ( 'NONE',  ( -196.2999999999999261, 11.83313691053144900, 8.379079219054833771 ) ) ;
#2356 = CARTESIAN_POINT ( 'NONE',  ( -196.2999999999999261, 11.62727353172401479, 10.40387198568473082 ) ) ;
#2357 = CARTESIAN_POINT ( 'NONE',  ( -196.2999999999999261, 11.88799869951561483, 15.93919190917948292 ) ) ;
#2358 = DIRECTION ( 'NONE',  ( 1.000000000000000000, 1.665334536937734318E-16, 3.081487911019576818E-32 ) ) ;
#2359 = CARTESIAN_POINT ( 'NONE',  ( -196.4999999999999147, 11.77654196540260756, 17.16545629351933755 ) ) ;
#2360 = VECTOR ( 'NONE', #3550, 1000.000000000000000 ) ;
#2361 = ORIENTED_EDGE ( 'NONE', *, *, #791, .T. ) ;
#2362 = EDGE_CURVE ( 'NONE', #6949, #1403, #2519, .T. ) ;
#2363 = CARTESIAN_POINT ( 'NONE',  ( -196.2999999999999261, 12.27851173841736632, 9.692041638147523841 ) ) ;
#2364 = VECTOR ( 'NONE', #2485, 999.9999999999998863 ) ;
#2365 = ORIENTED_EDGE ( 'NONE', *, *, #716, .F. ) ;
#2366 = CARTESIAN_POINT ( 'NONE',  ( -196.2999999999999261, 12.29516186431838420, 13.95984587241037822 ) ) ;
#2367 = VERTEX_POINT ( 'NONE', #4541 ) ;
#2368 = CARTESIAN_POINT ( 'NONE',  ( -196.2999999999999261, 11.54045169216806066, 7.967917669991495977 ) ) ;
#2369 = CARTESIAN_POINT ( 'NONE',  ( -196.2999999999999261, 11.58010575764530081, 8.829027332104326220 ) ) ;
#2370 = VECTOR ( 'NONE', #528, 1000.000000000000000 ) ;
#2371 = CARTESIAN_POINT ( 'NONE',  ( -196.2999999999999261, 11.90821545513909818, 16.01245140930053523 ) ) ;
#2372 = AXIS2_PLACEMENT_3D ( 'NONE', #466, #6218, #3559 ) ;
#2373 = CARTESIAN_POINT ( 'NONE',  ( -3.759608614608207056, 9.066348570306418608, -9.571572875253808732 ) ) ;
#2374 = DIRECTION ( 'NONE',  ( -6.162975822039154730E-33, -1.224646799147353454E-16, 1.000000000000000000 ) ) ;
#2375 = CARTESIAN_POINT ( 'NONE',  ( -196.2999999999999261, 11.77617147970300060, 15.40933004708986509 ) ) ;
#2376 = CARTESIAN_POINT ( 'NONE',  ( -196.2999999999999261, 11.83394796106349744, 15.99882142305064292 ) ) ;
#2377 = ORIENTED_EDGE ( 'NONE', *, *, #5601, .T. ) ;
#2378 = CARTESIAN_POINT ( 'NONE',  ( -196.2999999999999261, 11.93819870912968462, 14.20218030701301792 ) ) ;
#2379 = FACE_OUTER_BOUND ( 'NONE', #1478, .T. ) ;
#2380 = VERTEX_POINT ( 'NONE', #357 ) ;
#2381 = CARTESIAN_POINT ( 'NONE',  ( -196.2999999999999261, 12.20604132220349314, 7.855132785721995248 ) ) ;
#2382 = CARTESIAN_POINT ( 'NONE',  ( -196.4999999999999147, 12.02140560004904657, 9.120001607891758511 ) ) ;
#2383 = CARTESIAN_POINT ( 'NONE',  ( -196.2999999999999261, 11.79830163813430666, 14.46008602728584336 ) ) ;
#2384 = CARTESIAN_POINT ( 'NONE',  ( -196.2999999999999261, 11.89600313412611143, 13.86251532251511698 ) ) ;
#2385 = CARTESIAN_POINT ( 'NONE',  ( -196.2999999999999261, 12.29516186431838420, 13.88861189805140484 ) ) ;
#2386 = VECTOR ( 'NONE', #5614, 1000.000000000000000 ) ;
#2387 = CARTESIAN_POINT ( 'NONE',  ( -196.4999999999999147, 11.83024875752022176, 9.058967241010806859 ) ) ;
#2388 = ADVANCED_FACE ( 'NONE', ( #2500 ), #1285, .T. ) ;
#2389 = CARTESIAN_POINT ( 'NONE',  ( -196.2999999999999261, 11.56256137995136868, 8.709937967536061976 ) ) ;
#2390 = EDGE_CURVE ( 'NONE', #3531, #80, #3730, .T. ) ;
#2391 = VERTEX_POINT ( 'NONE', #2148 ) ;
#2392 = PERSON_AND_ORGANIZATION_ROLE ( 'creator' ) ;
#2393 = VECTOR ( 'NONE', #4733, 1000.000000000000000 ) ;
#2394 = AXIS2_PLACEMENT_3D ( 'NONE', #5057, #6209, #3017 ) ;
#2395 = CARTESIAN_POINT ( 'NONE',  ( -196.2999999999999261, 11.58286999283193985, 10.25186793603426949 ) ) ;
#2396 = CARTESIAN_POINT ( 'NONE',  ( -196.2999999999999261, 11.78754196669081367, 15.86761750274571448 ) ) ;
#2397 = CARTESIAN_POINT ( 'NONE',  ( -196.2999999999999261, 11.48105930021582033, 12.76922087241037751 ) ) ;
#2398 = CARTESIAN_POINT ( 'NONE',  ( -196.4999999999999147, 11.77727324524534858, 17.14490324852616965 ) ) ;
#2399 = EDGE_LOOP ( 'NONE', ( #377, #5542, #2005, #5172 ) ) ;
#2400 = CARTESIAN_POINT ( 'NONE',  ( -196.2999999999999261, 12.13548128322879727, 9.792753672186929492 ) ) ;
#2401 = EDGE_CURVE ( 'NONE', #2592, #5447, #4028, .T. ) ;
#2402 = EDGE_LOOP ( 'NONE', ( #662, #1165, #241, #5630 ) ) ;
#2403 = CARTESIAN_POINT ( 'NONE',  ( -196.2999999999999261, 11.77967430564477347, 8.087249275746465571 ) ) ;
#2404 = ORIENTED_EDGE ( 'NONE', *, *, #3974, .F. ) ;
#2405 = FACE_OUTER_BOUND ( 'NONE', #4364, .T. ) ;
#2406 = CARTESIAN_POINT ( 'NONE',  ( -196.2999999999999261, 11.91378605600089813, 12.78484783376119083 ) ) ;
#2407 = CARTESIAN_POINT ( 'NONE',  ( -199.4999999999995168, 5.499999999999936051, 17.50000000000100897 ) ) ;
#2408 = CARTESIAN_POINT ( 'NONE',  ( -196.2999999999999261, 11.90814513755556625, 8.108483692923199371 ) ) ;
#2409 = EDGE_CURVE ( 'NONE', #3013, #539, #4774, .T. ) ;
#2410 = CARTESIAN_POINT ( 'NONE',  ( 0.000000000000000000, 0.000000000000000000, -10.40000000000000036 ) ) ;
#2411 = CARTESIAN_POINT ( 'NONE',  ( -196.2999999999999261, 11.99188716873256055, 15.54732785859969368 ) ) ;
#2412 = CARTESIAN_POINT ( 'NONE',  ( -196.2999999999999261, 11.77088567006646969, 15.96565077672496358 ) ) ;
#2413 = ORIENTED_EDGE ( 'NONE', *, *, #1485, .F. ) ;
#2414 = CARTESIAN_POINT ( 'NONE',  ( -196.2999999999999261, 11.98081015157800167, 9.807922795487300505 ) ) ;
#2415 = CARTESIAN_POINT ( 'NONE',  ( -196.2999999999999261, 11.73911903998134854, 14.26739114485032722 ) ) ;
#2416 = EDGE_LOOP ( 'NONE', ( #4355, #5780, #4738, #5277, #3895, #6957, #5904 ) ) ;
#2417 = CARTESIAN_POINT ( 'NONE',  ( -196.4999999999999147, 11.74951553710586793, 8.407856410007839898 ) ) ;
#2418 = CARTESIAN_POINT ( 'NONE',  ( -196.4999999999999147, 12.31551442842095057, 8.720332651256532230 ) ) ;
#2419 = CARTESIAN_POINT ( 'NONE',  ( -196.4999999999999147, 11.86947882781902130, 14.50972285949169560 ) ) ;
#2420 = CARTESIAN_POINT ( 'NONE',  ( -196.4999999999999147, 11.77721029717653067, 15.38352610298431955 ) ) ;
#2421 = DIRECTION ( 'NONE',  ( 1.000000000000000000, 0.000000000000000000, 0.000000000000000000 ) ) ;
#2422 = CARTESIAN_POINT ( 'NONE',  ( -196.2999999999999261, 11.79650093046964265, 12.79175580132441503 ) ) ;
#2423 = CARTESIAN_POINT ( 'NONE',  ( -203.1933420641508690, 17.74999999999994316, 15.63248070369018627 ) ) ;
#2424 = EDGE_CURVE ( 'NONE', #2670, #4806, #3062, .T. ) ;
#2425 = EDGE_CURVE ( 'NONE', #1701, #4178, #3205, .T. ) ;
#2426 = DIRECTION ( 'NONE',  ( 2.220446049250312588E-16, -1.000000000000000000, -1.224646799147355919E-16 ) ) ;
#2427 = EDGE_CURVE ( 'NONE', #2273, #6932, #4810, .T. ) ;
#2428 = CARTESIAN_POINT ( 'NONE',  ( -196.4999999999999147, 12.02040224893376852, 16.22915676984627709 ) ) ;
#2429 = CARTESIAN_POINT ( 'NONE',  ( -196.7746689069325896, 15.99999999999994493, 15.63248070369018627 ) ) ;
#2430 = CARTESIAN_POINT ( 'NONE',  ( -196.2999999999999261, 12.13895289345831863, 9.714500236761091756 ) ) ;
#2431 = VERTEX_POINT ( 'NONE', #4677 ) ;
#2432 = CARTESIAN_POINT ( 'NONE',  ( -196.2999999999999261, 12.16904963545119500, 9.782433346203102786 ) ) ;
#2433 = CARTESIAN_POINT ( 'NONE',  ( -196.4999999999999147, 11.82180686733710573, 17.03287752210779260 ) ) ;
#2434 = EDGE_CURVE ( 'NONE', #1599, #1364, #1609, .T. ) ;
#2435 = ORIENTED_EDGE ( 'NONE', *, *, #3390, .F. ) ;
#2437 = LINE ( 'NONE', #6789, #1541 ) ;
#2436 = AXIS2_PLACEMENT_3D ( 'NONE', #5731, #4056, #6288 ) ;
#2438 = CARTESIAN_POINT ( 'NONE',  ( -196.2999999999999261, 11.89796885550428307, 9.136288180102685175 ) ) ;
#2439 = CARTESIAN_POINT ( 'NONE',  ( -196.2999999999999261, 11.77617147970300238, 14.38152555991037929 ) ) ;
#2440 = VECTOR ( 'NONE', #3383, 1000.000000000000000 ) ;
#2441 = CARTESIAN_POINT ( 'NONE',  ( -196.2999999999999261, 11.95591495973456375, 12.77523945831309504 ) ) ;
#2442 = DIRECTION ( 'NONE',  ( 1.665334536937734318E-16, -1.000000000000000000, -1.224646799147353454E-16 ) ) ;
#2443 = AXIS2_PLACEMENT_3D ( 'NONE', #3920, #654, #6023 ) ;
#2444 = CARTESIAN_POINT ( 'NONE',  ( -11.99999999999999645, -10.00000000000000000, 7.285838599102589797E-14 ) ) ;
#2445 = CARTESIAN_POINT ( 'NONE',  ( 12.00000000000000355, -8.000000000000000000, 20.00000000000000000 ) ) ;
#2446 = CARTESIAN_POINT ( 'NONE',  ( -196.2999999999999261, 11.70530426793139966, 15.82880930723594481 ) ) ;
#2447 = ORIENTED_EDGE ( 'NONE', *, *, #5515, .T. ) ;
#2448 = CARTESIAN_POINT ( 'NONE',  ( -196.4999999999999147, 11.67619742648780345, 8.980619777385117075 ) ) ;
#2449 = CARTESIAN_POINT ( 'NONE',  ( -196.2999999999999261, 11.96399360917167343, 15.62352126127561291 ) ) ;
#2450 = EDGE_CURVE ( 'NONE', #6858, #3306, #6280, .T. ) ;
#2451 = CIRCLE ( 'NONE', #6707, 2.324755385772064642 ) ;
#2452 = VERTEX_POINT ( 'NONE', #3096 ) ;
#2453 = CARTESIAN_POINT ( 'NONE',  ( -196.2999999999999261, 11.58014568379393516, 8.607622718376791937 ) ) ;
#2454 = CARTESIAN_POINT ( 'NONE',  ( -196.2999999999999261, 11.83685758736834437, 14.57559229518063049 ) ) ;
#2455 = CARTESIAN_POINT ( 'NONE',  ( -3.759608614608208388, 9.066348570306416832, -8.400000000000000355 ) ) ;
#2456 = CARTESIAN_POINT ( 'NONE',  ( -196.2999999999999261, 11.79234374072799874, 13.74585869265060012 ) ) ;
#2457 = DIRECTION ( 'NONE',  ( -1.000000000000000000, 0.000000000000000000, 0.000000000000000000 ) ) ;
#2458 = CARTESIAN_POINT ( 'NONE',  ( 0.000000000000000000, 0.000000000000000000, 20.00000000000000000 ) ) ;
#2459 = LINE ( 'NONE', #1973, #3670 ) ;
#2460 = VECTOR ( 'NONE', #4906, 1000.000000000000000 ) ;
#2461 = LINE ( 'NONE', #4567, #1252 ) ;
#2462 = LOCAL_TIME ( 17, 38, 55.00000000000000000, #6863 ) ;
#2463 = DIRECTION ( 'NONE',  ( -1.042041300849240371E-32, -1.224646799147353454E-16, 1.000000000000000000 ) ) ;
#2464 = CARTESIAN_POINT ( 'NONE',  ( -196.2999999999999261, 11.70493750534402544, 14.39392790366038000 ) ) ;
#2465 = CARTESIAN_POINT ( 'NONE',  ( -196.2999999999999261, 11.74489578095929865, 10.50910305162386393 ) ) ;
#2466 = ORIENTED_EDGE ( 'NONE', *, *, #6822, .T. ) ;
#2467 = CARTESIAN_POINT ( 'NONE',  ( -196.2999999999999261, 12.05109009949466881, 14.19390035958986473 ) ) ;
#2468 = CARTESIAN_POINT ( 'NONE',  ( -196.2999999999999261, 12.08543505141774510, 12.76922087241037751 ) ) ;
#2469 = AXIS2_PLACEMENT_3D ( 'NONE', #5686, #2426, #5792 ) ;
#2470 = ORIENTED_EDGE ( 'NONE', *, *, #4538, .T. ) ;
#2471 = CARTESIAN_POINT ( 'NONE',  ( -196.2999999999999261, 12.00354778178633275, 13.34926894933345665 ) ) ;
#2472 = CARTESIAN_POINT ( 'NONE',  ( -196.4999999999999147, 12.07663222278527293, 9.803025195588594087 ) ) ;
#2473 = CARTESIAN_POINT ( 'NONE',  ( -12.00000000000000000, -1.734723475976807094E-15, 20.00000000000000000 ) ) ;
#2474 = DIRECTION ( 'NONE',  ( 0.3830490080632378280, -0.9237280213470681067, 0.000000000000000000 ) ) ;
#2475 = EDGE_CURVE ( 'NONE', #1432, #2242, #3133, .T. ) ;
#2476 = ADVANCED_FACE ( 'NONE', ( #4742 ), #2078, .F. ) ;
#2477 = VECTOR ( 'NONE', #1002, 1000.000000000000000 ) ;
#2478 = ORIENTED_EDGE ( 'NONE', *, *, #6418, .F. ) ;
#2479 = PLANE ( 'NONE',  #1993 ) ;
#2480 = AXIS2_PLACEMENT_3D ( 'NONE', #703, #601, #2848 ) ;
#2481 = LINE ( 'NONE', #2974, #6057 ) ;
#2482 = CARTESIAN_POINT ( 'NONE',  ( -9.731492488754188486, 1.277257716615684213, -8.400000000000000355 ) ) ;
#2483 = EDGE_LOOP ( 'NONE', ( #3996, #6103, #2648, #3817 ) ) ;
#2484 = CARTESIAN_POINT ( 'NONE',  ( -196.4999999999999147, 11.69265588746359619, 8.994990133124268539 ) ) ;
#2485 = DIRECTION ( 'NONE',  ( 1.512102532755952966E-16, -0.9079872537420925482, -0.4189977888269734163 ) ) ;
#2486 = VECTOR ( 'NONE', #1371, 1000.000000000000000 ) ;
#2487 = AXIS2_PLACEMENT_3D ( 'NONE', #6079, #5551, #4955 ) ;
#2488 = EDGE_LOOP ( 'NONE', ( #4243, #5556, #4716, #5143 ) ) ;
#2489 = CARTESIAN_POINT ( 'NONE',  ( -196.2999999999999261, 11.63234163853706526, 8.507058101865423438 ) ) ;
#2490 = CARTESIAN_POINT ( 'NONE',  ( -196.2999999999999261, 12.31551442842095057, 8.720332651256532230 ) ) ;
#2491 = CARTESIAN_POINT ( 'NONE',  ( -196.2999999999999261, 11.87684795993555831, 13.85089306132302589 ) ) ;
#2492 = CARTESIAN_POINT ( 'NONE',  ( -199.4999999999999716, 15.99999999999993783, 4.000000000000072831 ) ) ;
#2493 = LINE ( 'NONE', #3254, #465 ) ;
#2494 = CARTESIAN_POINT ( 'NONE',  ( -196.4999999999999147, 11.60223383699920596, 8.422154887394093237 ) ) ;
#2495 = CARTESIAN_POINT ( 'NONE',  ( -196.2999999999999261, 11.61942125565589023, 8.525657410945344239 ) ) ;
#2496 = CARTESIAN_POINT ( 'NONE',  ( -196.2999999999999261, 12.00434280382159002, 13.42050292369242825 ) ) ;
#2497 = EDGE_CURVE ( 'NONE', #3332, #4369, #4463, .T. ) ;
#2498 = VECTOR ( 'NONE', #6384, 1000.000000000000000 ) ;
#2499 = DIRECTION ( 'NONE',  ( -1.000000000000000000, -1.665334536937734318E-16, -2.655744192374251919E-32 ) ) ;
#2500 = FACE_OUTER_BOUND ( 'NONE', #2961, .T. ) ;
#2501 = ORIENTED_EDGE ( 'NONE', *, *, #1666, .T. ) ;
#2502 = FACE_OUTER_BOUND ( 'NONE', #4626, .T. ) ;
#2503 = AXIS2_PLACEMENT_3D ( 'NONE', #3438, #4976, #4069 ) ;
#2504 = LINE ( 'NONE', #6857, #2596 ) ;
#2505 = ORIENTED_EDGE ( 'NONE', *, *, #5151, .F. ) ;
#2506 = CARTESIAN_POINT ( 'NONE',  ( -196.2999999999999261, 12.27131587391870937, 13.50920378005782219 ) ) ;
#2507 = CARTESIAN_POINT ( 'NONE',  ( -196.4999999999999147, 12.11712230096777887, 9.796876530576648534 ) ) ;
#2508 = LINE ( 'NONE', #1354, #3352 ) ;
#2509 = CARTESIAN_POINT ( 'NONE',  ( -190.0000000000000000, 9.999999999999939604, 10.00000000000007816 ) ) ;
#2510 = ORIENTED_EDGE ( 'NONE', *, *, #5879, .F. ) ;
#2511 = EDGE_CURVE ( 'NONE', #320, #2071, #2184, .T. ) ;
#2512 = CARTESIAN_POINT ( 'NONE',  ( -203.1933420641508690, 17.74999999999993960, 4.367519296309970933 ) ) ;
#2513 = LINE ( 'NONE', #5079, #3493 ) ;
#2514 = EDGE_CURVE ( 'NONE', #6518, #6186, #2849, .T. ) ;
#2515 = CARTESIAN_POINT ( 'NONE',  ( -196.7746689069325896, 17.74999999999994316, 16.36751929630997893 ) ) ;
#2516 = VERTEX_POINT ( 'NONE', #3866 ) ;
#2517 = CARTESIAN_POINT ( 'NONE',  ( -196.4999999999999147, 11.56246955662607689, 8.717470571929609946 ) ) ;
#2518 = CARTESIAN_POINT ( 'NONE',  ( -196.4999999999999147, 11.61942125565589023, 8.525657410945344239 ) ) ;
#2519 = B_SPLINE_CURVE_WITH_KNOTS ( 'NONE', 3,
 ( #2889, #5588, #2465, #5099, #1445, #6185, #4608, #1946, #4112, #4083, #779, #5165, #6245, #5554, #287, #5028, #1413, #2922, #4570 ),
 .UNSPECIFIED., .F., .F.,
 ( 4, 1, 1, 1, 1, 1, 1, 1, 1, 1, 1, 1, 1, 1, 1, 1, 4 ),
 ( 0.000000000000000000, 0.07878023558213925748, 0.1537206442085843061, 0.2267135303087806919, 0.2991911660659363204, 0.3711899968376687897, 0.4430064143534097054, 0.5166891732948789562, 0.5932172166234116473, 0.6338729178078458260, 0.6769891422899789735, 0.7228995063258263354, 0.7719586105061426728, 0.8242113233348349333, 0.8793786506272013304, 0.9379481193304168851, 1.000000000000000000 ),
 .UNSPECIFIED. ) ;
#2520 = ORIENTED_EDGE ( 'NONE', *, *, #3931, .F. ) ;
#2521 = CARTESIAN_POINT ( 'NONE',  ( -196.4999999999999147, 11.59716867280406483, 8.565700722536947254 ) ) ;
#2522 = DIRECTION ( 'NONE',  ( 1.000000000000000000, 0.000000000000000000, 0.000000000000000000 ) ) ;
#2523 = CARTESIAN_POINT ( 'NONE',  ( -196.4999999999999147, 11.92073615282284038, 15.23380378076062058 ) ) ;
#2524 = CARTESIAN_POINT ( 'NONE',  ( -189.9999999999998863, -10.00000000000005862, 0.5000000000000750511 ) ) ;
#2525 = CARTESIAN_POINT ( 'NONE',  ( -196.2999999999999261, 11.92188308684206355, 12.54483251176505298 ) ) ;
#2526 = CARTESIAN_POINT ( 'NONE',  ( -196.2999999999999261, 11.70493750534402544, 15.81908440406102123 ) ) ;
#2527 = ORIENTED_EDGE ( 'NONE', *, *, #1788, .F. ) ;
#2528 = CARTESIAN_POINT ( 'NONE',  ( -196.2999999999999261, 11.58367513278220429, 8.441571474072352643 ) ) ;
#2529 = DIRECTION ( 'NONE',  ( 0.000000000000000000, 1.224646799147353700E-16, -1.000000000000000000 ) ) ;
#2530 = CARTESIAN_POINT ( 'NONE',  ( -196.2999999999999261, 11.50560625969433204, 10.30185679824849743 ) ) ;
#2531 = ORIENTED_EDGE ( 'NONE', *, *, #561, .F. ) ;
#2532 = DIRECTION ( 'NONE',  ( 0.000000000000000000, -1.224646799147353700E-16, 1.000000000000000000 ) ) ;
#2533 = EDGE_CURVE ( 'NONE', #3084, #6712, #3765, .T. ) ;
#2534 = CARTESIAN_POINT ( 'NONE',  ( -196.4999999999999147, 12.29516186431838598, 11.01937737281101803 ) ) ;
#2535 = ORIENTED_EDGE ( 'NONE', *, *, #2647, .F. ) ;
#2536 = CARTESIAN_POINT ( 'NONE',  ( -196.2999999999999261, 12.30451155038579714, 13.62125135447801760 ) ) ;
#2537 = CARTESIAN_POINT ( 'NONE',  ( -196.2999999999999261, 12.29516186431838598, 10.01144843651294281 ) ) ;
#2538 = DIRECTION ( 'NONE',  ( 2.220446049250312588E-16, -1.000000000000000000, -1.224646799147355919E-16 ) ) ;
#2539 = DIRECTION ( 'NONE',  ( -1.000000000000000000, -4.556540330232412644E-16, -6.622193831454191068E-32 ) ) ;
#2540 = VERTEX_POINT ( 'NONE', #704 ) ;
#2541 = AXIS2_PLACEMENT_3D ( 'NONE', #6473, #2059, #3668 ) ;
#2542 = DIRECTION ( 'NONE',  ( 1.000000000000000000, 0.000000000000000000, 0.000000000000000000 ) ) ;
#2543 = CARTESIAN_POINT ( 'NONE',  ( -196.2999999999999261, 12.30451155038579714, 17.14224494422160916 ) ) ;
#2544 = AXIS2_PLACEMENT_3D ( 'NONE', #2986, #6240, #4079 ) ;
#2545 = LINE ( 'NONE', #4693, #6423 ) ;
#2546 = VERTEX_POINT ( 'NONE', #6006 ) ;
#2547 = ADVANCED_FACE ( 'NONE', ( #1632 ), #3310, .T. ) ;
#2548 = CARTESIAN_POINT ( 'NONE',  ( -196.4999999999999147, 12.24184938084057883, 9.734911904594010679 ) ) ;
#2549 = VECTOR ( 'NONE', #5328, 1000.000000000000000 ) ;
#2550 = CARTESIAN_POINT ( 'NONE',  ( -196.4999999999999147, 11.90146695245941189, 8.373067026256531875 ) ) ;
#2551 = EDGE_CURVE ( 'NONE', #3809, #6128, #1191, .T. ) ;
#2552 = VERTEX_POINT ( 'NONE', #5935 ) ;
#2553 = CARTESIAN_POINT ( 'NONE',  ( -8.783041624995624019, 1.152773606293824304, -10.39999999999999680 ) ) ;
#2554 = CARTESIAN_POINT ( 'NONE',  ( -202.4999999999999432, 9.999999999999936051, 0.5000000000010117462 ) ) ;
#2555 = LINE ( 'NONE', #901, #262 ) ;
#2556 = ORIENTED_EDGE ( 'NONE', *, *, #1385, .F. ) ;
#2557 = CARTESIAN_POINT ( 'NONE',  ( -196.2999999999999261, 11.70493750534402544, 12.98991898939755885 ) ) ;
#2558 = DIRECTION ( 'NONE',  ( 2.220446049250312588E-16, -1.000000000000000000, -1.224646799147355919E-16 ) ) ;
#2559 = ADVANCED_FACE ( 'NONE', ( #3343 ), #6460, .F. ) ;
#2560 = EDGE_CURVE ( 'NONE', #4763, #4178, #1085, .T. ) ;
#2561 = EDGE_CURVE ( 'NONE', #80, #5419, #6533, .T. ) ;
#2562 = VERTEX_POINT ( 'NONE', #4396 ) ;
#2563 = AXIS2_PLACEMENT_3D ( 'NONE', #6854, #6347, #984 ) ;
#2564 = ORIENTED_EDGE ( 'NONE', *, *, #3664, .F. ) ;
#2565 = DIRECTION ( 'NONE',  ( 1.000000000000000000, 0.000000000000000000, 0.000000000000000000 ) ) ;
#2566 = CARTESIAN_POINT ( 'NONE',  ( -196.4999999999999147, 11.71400719044138228, 8.343909967954063589 ) ) ;
#2567 = CARTESIAN_POINT ( 'NONE',  ( -196.2999999999999261, 11.79248106198219936, 17.08585790593490117 ) ) ;
#2568 = VECTOR ( 'NONE', #4942, 1000.000000000000000 ) ;
#2569 = VERTEX_POINT ( 'NONE', #3237 ) ;
#2570 = CARTESIAN_POINT ( 'NONE',  ( 4.566734727288098483, 5.956363593998799111, -10.40000000000000036 ) ) ;
#2571 = DIRECTION ( 'NONE',  ( -1.000000000000000000, -1.665334536937734318E-16, -3.081487911019576818E-32 ) ) ;
#2572 = ORIENTED_EDGE ( 'NONE', *, *, #6387, .T. ) ;
#2573 = CARTESIAN_POINT ( 'NONE',  ( -196.2999999999999261, 11.93819870912968462, 15.22998479419250195 ) ) ;
#2574 = PRODUCT_RELATED_PRODUCT_CATEGORY ( 'detail', '', ( #4918 ) ) ;
#2575 = CYLINDRICAL_SURFACE ( 'NONE', #5412, 2.750000000000002665 ) ;
#2576 = LINE ( 'NONE', #1095, #5254 ) ;
#2577 = APPROVAL_DATE_TIME ( #433, #4551 ) ;
#2578 = ORIENTED_EDGE ( 'NONE', *, *, #578, .F. ) ;
#2579 = FACE_OUTER_BOUND ( 'NONE', #5884, .T. ) ;
#2580 = CARTESIAN_POINT ( 'NONE',  ( -196.2999999999999261, 12.06397064249872919, 16.87533884485661773 ) ) ;
#2581 = CARTESIAN_POINT ( 'NONE',  ( -196.4999999999999147, 11.85574391732328436, 14.50546158208656955 ) ) ;
#2582 = PLANE ( 'NONE',  #4299 ) ;
#2583 = ORIENTED_EDGE ( 'NONE', *, *, #4250, .F. ) ;
#2584 = VECTOR ( 'NONE', #793, 1000.000000000000000 ) ;
#2585 = CARTESIAN_POINT ( 'NONE',  ( -196.4999999999999147, 11.57345708878561297, 8.807368363771860942 ) ) ;
#2586 = CARTESIAN_POINT ( 'NONE',  ( -196.4999999999999147, 11.57347726468277394, 8.628951073289259810 ) ) ;
#2587 = VECTOR ( 'NONE', #1822, 1000.000000000000000 ) ;
#2588 = ORIENTED_EDGE ( 'NONE', *, *, #4707, .F. ) ;
#2589 = CARTESIAN_POINT ( 'NONE',  ( -196.2999999999999261, 11.87825161058563417, 8.373326508322762152 ) ) ;
#2590 = LINE ( 'NONE', #4103, #4284 ) ;
#2591 = CARTESIAN_POINT ( 'NONE',  ( -196.2999999999999261, 11.90500834861819968, 15.23824772273208872 ) ) ;
#2592 = VERTEX_POINT ( 'NONE', #1663 ) ;
#2593 = CARTESIAN_POINT ( 'NONE',  ( -196.4999999999999147, 11.50239852183019806, 8.581224898280574109 ) ) ;
#2594 = VECTOR ( 'NONE', #5776, 1000.000000000000114 ) ;
#2595 = CARTESIAN_POINT ( 'NONE',  ( -196.2999999999999261, 11.50141186431838491, 10.01144843651294281 ) ) ;
#2596 = VECTOR ( 'NONE', #3066, 1000.000000000000000 ) ;
#2597 = B_SPLINE_CURVE_WITH_KNOTS ( 'NONE', 3,
 ( #2906, #2446, #4590, #268, #6730, #1363, #1928, #2412, #233, #6588, #2376, #1396, #4520, #5112, #6690, #3510, #6658, #3541, #1888 ),
 .UNSPECIFIED., .F., .F.,
 ( 4, 1, 1, 1, 1, 1, 1, 1, 1, 1, 1, 1, 1, 1, 1, 1, 4 ),
 ( 0.000000000000000000, 0.07560433049574792619, 0.1479650154827348851, 0.2187969985236987713, 0.2894704453213783335, 0.3597242180875005468, 0.4297077387530461312, 0.5004965198485848976, 0.5744290198679483650, 0.6139472962286703916, 0.6571552698261107217, 0.7039727697209368085, 0.7549389848168003292, 0.8097066112894872880, 0.8688329536985491819, 0.9323854739325980745, 1.000000000000000000 ),
 .UNSPECIFIED. ) ;
#2598 = ORIENTED_EDGE ( 'NONE', *, *, #1531, .T. ) ;
#2599 = B_SPLINE_CURVE_WITH_KNOTS ( 'NONE', 3,
 ( #3794, #5932, #4739, #3761, #599, #6456, #2740, #3130, #4321, #4249, #6884, #6343, #4880, #560, #5897, #5269, #5304, #2634, #4289 ),
 .UNSPECIFIED., .F., .F.,
 ( 4, 1, 1, 1, 1, 1, 1, 1, 1, 1, 1, 1, 1, 1, 1, 1, 4 ),
 ( 0.000000000000000000, 0.06401997539918675983, 0.1266938772026800775, 0.1890843947192399621, 0.2503626319435294234, 0.3125164793751674663, 0.3742426024152418207, 0.4378501622567364526, 0.5026573259791423665, 0.5677454391232089614, 0.6305759140874039881, 0.6927720900845494301, 0.7542675456219435359, 0.8151205536325724088, 0.8760513585553990623, 0.9379817981186490128, 0.9999999999999998890 ),
 .UNSPECIFIED. ) ;
#2600 = ORIENTED_EDGE ( 'NONE', *, *, #4961, .T. ) ;
#2601 = CARTESIAN_POINT ( 'NONE',  ( -196.4999999999999147, 12.23304540195700163, 13.62393665050881175 ) ) ;
#2602 = EDGE_CURVE ( 'NONE', #597, #342, #5375, .T. ) ;
#2603 = CARTESIAN_POINT ( 'NONE',  ( -196.2999999999999261, 11.56649323088654491, 8.462312927684935815 ) ) ;
#2604 = EDGE_CURVE ( 'NONE', #4248, #568, #2709, .T. ) ;
#2605 = DIRECTION ( 'NONE',  ( -1.000000000000000000, -1.665334536937734318E-16, -3.081487911019576818E-32 ) ) ;
#2606 = ORIENTED_EDGE ( 'NONE', *, *, #6275, .F. ) ;
#2607 = DIRECTION ( 'NONE',  ( -6.162975822039154730E-33, -1.224646799147353454E-16, 1.000000000000000000 ) ) ;
#2608 = CARTESIAN_POINT ( 'NONE',  ( -7.441729550223791456, 0.9767264891766993529, -10.40000000000000036 ) ) ;
#2609 = VERTEX_POINT ( 'NONE', #4847 ) ;
#2610 = CARTESIAN_POINT ( 'NONE',  ( -9.731492488754186709, 1.277257716615685990, -10.40000000000000036 ) ) ;
#2611 = CARTESIAN_POINT ( 'NONE',  ( -196.2999999999999261, 11.70517456236030895, 15.42873848113286073 ) ) ;
#2612 = CARTESIAN_POINT ( 'NONE',  ( -196.2999999999999261, 12.24515577354722318, 9.371502327649128716 ) ) ;
#2613 = VECTOR ( 'NONE', #1158, 1000.000000000000000 ) ;
#2614 = APPLICATION_PROTOCOL_DEFINITION ( 'international standard', 'config_control_design', 1994, #921 ) ;
#2615 = ORIENTED_EDGE ( 'NONE', *, *, #6239, .T. ) ;
#2616 = CARTESIAN_POINT ( 'NONE',  ( -189.9999999999998863, -10.00000000000006217, 10.00000000000007638 ) ) ;
#2617 = CARTESIAN_POINT ( 'NONE',  ( -196.2999999999999261, 11.84298409281576880, 10.31599819767418680 ) ) ;
#2618 = LINE ( 'NONE', #613, #2038 ) ;
#2619 = CARTESIAN_POINT ( 'NONE',  ( -196.4999999999999147, 11.82447879784266753, 14.48847471289868238 ) ) ;
#2620 = ORIENTED_EDGE ( 'NONE', *, *, #1227, .T. ) ;
#2621 = DIRECTION ( 'NONE',  ( 2.220446049250312588E-16, -1.000000000000000000, -1.224646799147355919E-16 ) ) ;
#2622 = CARTESIAN_POINT ( 'NONE',  ( -196.4999999999999147, 11.60773069683075498, 8.545368508344523661 ) ) ;
#2623 = ADVANCED_FACE ( 'NONE', ( #141 ), #4324, .T. ) ;
#2624 = DIRECTION ( 'NONE',  ( -6.162975822039154730E-33, -1.224646799147353454E-16, 1.000000000000000000 ) ) ;
#2625 = ORIENTED_EDGE ( 'NONE', *, *, #6239, .F. ) ;
#2626 = CARTESIAN_POINT ( 'NONE',  ( -196.2999999999999261, 12.23410417201069222, 12.25531862882063550 ) ) ;
#2627 = CARTESIAN_POINT ( 'NONE',  ( -196.2999999999999261, 12.21375160790812942, 7.599669590359096283 ) ) ;
#2628 = CYLINDRICAL_SURFACE ( 'NONE', #33, 2.000000000000000000 ) ;
#2629 = VERTEX_POINT ( 'NONE', #1761 ) ;
#2630 = CARTESIAN_POINT ( 'NONE',  ( -210.0000000000000000, 8.499999999999932498, 1.500000000000081046 ) ) ;
#2631 = LINE ( 'NONE', #416, #678 ) ;
#2632 = VERTEX_POINT ( 'NONE', #3900 ) ;
#2633 = ORIENTED_EDGE ( 'NONE', *, *, #5473, .F. ) ;
#2634 = CARTESIAN_POINT ( 'NONE',  ( -196.2999999999999261, 11.92443932891287339, 12.78174479462465563 ) ) ;
#2635 = CARTESIAN_POINT ( 'NONE',  ( -196.2999999999999261, 11.99930685759974658, 13.13544131423389416 ) ) ;
#2636 = CARTESIAN_POINT ( 'NONE',  ( -196.2999999999999261, 11.50297542639141568, 10.25690095400694801 ) ) ;
#2637 = CARTESIAN_POINT ( 'NONE',  ( 0.000000000000000000, 0.000000000000000000, -2.000000000000000000 ) ) ;
#2638 = EDGE_CURVE ( 'NONE', #2329, #4426, #6038, .T. ) ;
#2639 = ADVANCED_FACE ( 'NONE', ( #1122, #3274 ), #5971, .T. ) ;
#2640 = EDGE_CURVE ( 'NONE', #1550, #598, #1266, .T. ) ;
#2641 = CARTESIAN_POINT ( 'NONE',  ( -196.2999999999999261, 11.70610809571351929, 13.02166159353013519 ) ) ;
#2642 = VERTEX_POINT ( 'NONE', #5652 ) ;
#2643 = CARTESIAN_POINT ( 'NONE',  ( -196.2999999999999261, 12.04234263884380418, 15.22173688731413499 ) ) ;
#2644 = DIRECTION ( 'NONE',  ( 2.220446049250312588E-16, -1.000000000000000000, -1.224646799147356165E-16 ) ) ;
#2645 = DIRECTION ( 'NONE',  ( 1.512222053972972149E-16, -0.9080590238365500166, -0.4188422247446069724 ) ) ;
#2646 = DATE_AND_TIME ( #6468, #4017 ) ;
#2647 = EDGE_CURVE ( 'NONE', #6002, #5999, #5018, .T. ) ;
#2648 = ORIENTED_EDGE ( 'NONE', *, *, #6609, .T. ) ;
#2649 = CARTESIAN_POINT ( 'NONE',  ( -196.2999999999999261, 12.14479922831382197, 11.98754531583333005 ) ) ;
#2650 = CARTESIAN_POINT ( 'NONE',  ( -11.99999999999999822, -12.00000000000000355, 0.000000000000000000 ) ) ;
#2651 = CARTESIAN_POINT ( 'NONE',  ( -196.2999999999999261, 11.83748339468280264, 10.34181649601352504 ) ) ;
#2652 = CARTESIAN_POINT ( 'NONE',  ( 3.759608614608201727, -9.066348570306418608, -8.400000000000000355 ) ) ;
#2654 = CARTESIAN_POINT ( 'NONE',  ( -196.2999999999999261, 12.18596391732083539, 7.939241643806576931 ) ) ;
#2653 = DIRECTION ( 'NONE',  ( 6.162975822039154730E-33, 1.224646799147353454E-16, -1.000000000000000000 ) ) ;
#2655 = ORIENTED_EDGE ( 'NONE', *, *, #2255, .F. ) ;
#2656 = CARTESIAN_POINT ( 'NONE',  ( -210.0000000000000000, 8.499999999999932498, 1.500000000000081046 ) ) ;
#2657 = DIRECTION ( 'NONE',  ( -0.3830490080632378280, 0.9237280213470681067, -0.000000000000000000 ) ) ;
#2658 = VERTEX_POINT ( 'NONE', #1795 ) ;
#2659 = DIRECTION ( 'NONE',  ( -1.000000000000000000, -1.665334536937734318E-16, -3.081487911019576818E-32 ) ) ;
#2660 = ORIENTED_EDGE ( 'NONE', *, *, #5094, .F. ) ;
#2661 = CARTESIAN_POINT ( 'NONE',  ( -196.2999999999999261, 11.85543807625034418, 8.375760454126297105 ) ) ;
#2662 = CARTESIAN_POINT ( 'NONE',  ( -196.2999999999999261, 11.95896940309870438, 14.91636477737226585 ) ) ;
#2663 = AXIS2_PLACEMENT_3D ( 'NONE', #6865, #2973, #858 ) ;
#2664 = EDGE_CURVE ( 'NONE', #4301, #5938, #1300, .T. ) ;
#2665 = CARTESIAN_POINT ( 'NONE',  ( -196.2999999999999261, 12.14369835162947986, 9.390918245668924413 ) ) ;
#2666 = ORIENTED_EDGE ( 'NONE', *, *, #5448, .T. ) ;
#2667 = CARTESIAN_POINT ( 'NONE',  ( -196.2999999999999261, 11.95934455662607832, 7.153662228580250471 ) ) ;
#2668 = LINE ( 'NONE', #384, #2031 ) ;
#2669 = ORIENTED_EDGE ( 'NONE', *, *, #4665, .T. ) ;
#2670 = VERTEX_POINT ( 'NONE', #4076 ) ;
#2671 = CARTESIAN_POINT ( 'NONE',  ( -100.9999999999999716, -10.00000000000003197, 7.285838599102589797E-14 ) ) ;
#2672 = CARTESIAN_POINT ( 'NONE',  ( -196.2999999999999261, 11.76510983293403001, 8.323228953955908338 ) ) ;
#2673 = CARTESIAN_POINT ( 'NONE',  ( -196.2999999999999261, 11.50144714899781562, 10.18089405937364589 ) ) ;
#2674 = CARTESIAN_POINT ( 'NONE',  ( -203.9999999999999432, 12.99999999999993427, 19.50000000000101252 ) ) ;
#2675 = AXIS2_PLACEMENT_3D ( 'NONE', #2996, #359, #5692 ) ;
#2676 = CARTESIAN_POINT ( 'NONE',  ( -196.2999999999999261, 11.73702757108578254, 13.10727505587231612 ) ) ;
#2677 = EDGE_LOOP ( 'NONE', ( #5371, #3951, #3862, #5571 ) ) ;
#2678 = FACE_BOUND ( 'NONE', #708, .T. ) ;
#2679 = DIRECTION ( 'NONE',  ( 1.665334536937734564E-16, -1.000000000000000000, -1.224646799147353947E-16 ) ) ;
#2680 = CARTESIAN_POINT ( 'NONE',  ( -196.4999999999999147, 11.80671923877841678, 15.31078631956931346 ) ) ;
#2681 = CARTESIAN_POINT ( 'NONE',  ( -199.4999999999995168, 8.499999999999937828, 4.000000000001006306 ) ) ;
#2682 = VECTOR ( 'NONE', #594, 1000.000000000000000 ) ;
#2683 = ORIENTED_EDGE ( 'NONE', *, *, #5262, .F. ) ;
#2684 = CARTESIAN_POINT ( 'NONE',  ( -196.2999999999999261, 11.99439775830725097, 16.94182760867543180 ) ) ;
#2685 = B_SPLINE_CURVE_WITH_KNOTS ( 'NONE', 3,
 ( #3658, #2080, #6350, #566, #1635, #5378, #1556, #2713, #3767, #5902, #37 ),
 .UNSPECIFIED., .F., .F.,
 ( 4, 1, 1, 1, 1, 1, 1, 1, 4 ),
 ( 0.000000000000000000, 0.06983510391543784612, 0.1556207549116656597, 0.2578015566582769202, 0.3738112340663726774, 0.5064024926743723176, 0.6555644581431053775, 0.8200792824038540818, 1.000000000000000000 ),
 .UNSPECIFIED. ) ;
#2686 = DIRECTION ( 'NONE',  ( -1.000000000000000000, -3.330669073875469621E-16, -4.314083075427408311E-32 ) ) ;
#2687 = CARTESIAN_POINT ( 'NONE',  ( -196.2999999999999261, 11.84852730530170817, 10.24794998659043266 ) ) ;
#2688 = DIRECTION ( 'NONE',  ( 0.000000000000000000, 1.000000000000000000, 3.388131789017197412E-16 ) ) ;
#2689 = EDGE_CURVE ( 'NONE', #292, #6628, #6138, .T. ) ;
#2690 = EDGE_CURVE ( 'NONE', #5858, #516, #3934, .T. ) ;
#2691 = CARTESIAN_POINT ( 'NONE',  ( -196.7499999999999716, 15.99999999999994493, 16.00000000000008527 ) ) ;
#2692 = CARTESIAN_POINT ( 'NONE',  ( 7.441729550223787015, -0.9767264891767029056, -10.40000000000000036 ) ) ;
#2693 = DIRECTION ( 'NONE',  ( -1.000000000000000000, -1.665334536937734318E-16, -3.081487911019576818E-32 ) ) ;
#2694 = ORIENTED_EDGE ( 'NONE', *, *, #5192, .F. ) ;
#2695 = CARTESIAN_POINT ( 'NONE',  ( -196.2999999999999261, 11.50141186431838491, 11.06262657152896800 ) ) ;
#2696 = DIRECTION ( 'NONE',  ( -2.889981336085087771E-16, 1.000000000000000000, 1.224646799147353454E-16 ) ) ;
#2697 = VECTOR ( 'NONE', #4338, 1000.000000000000000 ) ;
#2698 = CARTESIAN_POINT ( 'NONE',  ( -196.2999999999999261, 11.70493750534402544, 12.98991898939755885 ) ) ;
#2699 = CARTESIAN_POINT ( 'NONE',  ( -196.2999999999999261, 12.31447038845767139, 8.677594762087643687 ) ) ;
#2700 = ORIENTED_EDGE ( 'NONE', *, *, #6810, .T. ) ;
#2701 = DIRECTION ( 'NONE',  ( -1.000000000000000000, 0.000000000000000000, 0.000000000000000000 ) ) ;
#2702 = FACE_OUTER_BOUND ( 'NONE', #3031, .T. ) ;
#2703 = VECTOR ( 'NONE', #3926, 1000.000000000000000 ) ;
#2704 = ORIENTED_EDGE ( 'NONE', *, *, #4232, .F. ) ;
#2705 = ORIENTED_EDGE ( 'NONE', *, *, #3232, .F. ) ;
#2706 = CARTESIAN_POINT ( 'NONE',  ( -196.4999999999999147, 12.16781432326341061, 13.48945378138575002 ) ) ;
#2707 = CARTESIAN_POINT ( 'NONE',  ( -196.2999999999999261, 11.58282212072864148, 10.23151053587191761 ) ) ;
#2708 = AXIS2_PLACEMENT_3D ( 'NONE', #4505, #1702, #2291 ) ;
#2709 = LINE ( 'NONE', #4951, #5305 ) ;
#2710 = CARTESIAN_POINT ( 'NONE',  ( -196.2999999999999261, 11.94946152682539342, 11.95957868004216351 ) ) ;
#2711 = VECTOR ( 'NONE', #5106, 1000.000000000000000 ) ;
#2712 = EDGE_CURVE ( 'NONE', #3534, #3560, #6300, .T. ) ;
#2713 = CARTESIAN_POINT ( 'NONE',  ( -196.2999999999999261, 12.01897514748001150, 9.736287599909607238 ) ) ;
#2714 = VERTEX_POINT ( 'NONE', #6075 ) ;
#2715 = CARTESIAN_POINT ( 'NONE',  ( -5.971883874145982318, -7.789090853690733063, -1.999999999999998224 ) ) ;
#2716 = LINE ( 'NONE', #4854, #2834 ) ;
#2717 = CARTESIAN_POINT ( 'NONE',  ( -196.2999999999999261, 12.21650349786544254, 9.346477756218211752 ) ) ;
#2718 = EDGE_LOOP ( 'NONE', ( #1188, #3650 ) ) ;
#2719 = CARTESIAN_POINT ( 'NONE',  ( -196.2999999999999261, 12.09224358559120738, 11.96641115130899458 ) ) ;
#2720 = PLANE ( 'NONE',  #2326 ) ;
#2721 = DIRECTION ( 'NONE',  ( -0.9914964367057143013, 0.1301338387963396348, 0.000000000000000000 ) ) ;
#2722 = AXIS2_PLACEMENT_3D ( 'NONE', #6501, #5446, #637 ) ;
#2723 = CARTESIAN_POINT ( 'NONE',  ( -196.2999999999999261, 12.04075481303633488, 7.191187268644353203 ) ) ;
#2724 = DIRECTION ( 'NONE',  ( 0.7935941825507284442, -0.6084474286424762512, -0.000000000000000000 ) ) ;
#2725 = CARTESIAN_POINT ( 'NONE',  ( -196.4999999999999147, 12.31502182666111089, 9.582134112430029660 ) ) ;
#2726 = DIRECTION ( 'NONE',  ( 0.000000000000000000, 1.224646799147353700E-16, -1.000000000000000000 ) ) ;
#2727 = VECTOR ( 'NONE', #3960, 1000.000000000000114 ) ;
#2728 = ORIENTED_EDGE ( 'NONE', *, *, #3808, .F. ) ;
#2729 = EDGE_CURVE ( 'NONE', #358, #1296, #1767, .T. ) ;
#2730 = EDGE_CURVE ( 'NONE', #979, #1874, #1265, .T. ) ;
#2731 = CARTESIAN_POINT ( 'NONE',  ( -196.2999999999999261, 12.22768969961125762, 8.037596096974031212 ) ) ;
#2732 = CARTESIAN_POINT ( 'NONE',  ( -12.00000000000000178, 8.499999999999996447, 1.500000000000000000 ) ) ;
#2733 = CARTESIAN_POINT ( 'NONE',  ( -196.2999999999999261, 11.81276309859619467, 14.59803529811298084 ) ) ;
#2734 = CARTESIAN_POINT ( 'NONE',  ( -196.2999999999999261, 11.90178496127351337, 8.301833051897556714 ) ) ;
#2735 = ORIENTED_EDGE ( 'NONE', *, *, #2514, .T. ) ;
#2736 = DIRECTION ( 'NONE',  ( 1.000000000000000000, 0.000000000000000000, 0.000000000000000000 ) ) ;
#2737 = CARTESIAN_POINT ( 'NONE',  ( -196.2999999999999261, 12.00672786992736008, 12.55551894933345558 ) ) ;
#2738 = ORIENTED_EDGE ( 'NONE', *, *, #6592, .F. ) ;
#2739 = ORIENTED_EDGE ( 'NONE', *, *, #3467, .F. ) ;
#2740 = CARTESIAN_POINT ( 'NONE',  ( -196.2999999999999261, 11.79333239249219467, 12.89591092009841233 ) ) ;
#2741 = CARTESIAN_POINT ( 'NONE',  ( -196.2999999999999261, 11.55053319736604323, 8.484252686674981447 ) ) ;
#2742 = CARTESIAN_POINT ( 'NONE',  ( -210.0000000000000000, 1.547005383792456668, 10.00000000000007638 ) ) ;
#2743 = DIRECTION ( 'NONE',  ( 1.650782195379674340E-16, -0.9912616106642335723, -0.1319106486351628582 ) ) ;
#2744 = CARTESIAN_POINT ( 'NONE',  ( -202.4999999999999432, 15.99999999999993427, 19.50000000000101608 ) ) ;
#2745 = VERTEX_POINT ( 'NONE', #868 ) ;
#2746 = CARTESIAN_POINT ( 'NONE',  ( -196.2999999999999261, 12.08257297209082282, 9.373522755423199015 ) ) ;
#2747 = CARTESIAN_POINT ( 'NONE',  ( -196.2999999999999261, 11.99893665398184694, 13.20680100061550633 ) ) ;
#2748 = EDGE_CURVE ( 'NONE', #4989, #3084, #6702, .T. ) ;
#2749 = CARTESIAN_POINT ( 'NONE',  ( -196.4999999999999147, 12.05109009949466703, 15.22170484676935587 ) ) ;
#2750 = DATE_TIME_ROLE ( 'classification_date' ) ;
#2751 = ORIENTED_EDGE ( 'NONE', *, *, #1840, .T. ) ;
#2752 = CARTESIAN_POINT ( 'NONE',  ( -196.2999999999999261, 12.06453154776549397, 11.95994070707885726 ) ) ;
#2753 = CARTESIAN_POINT ( 'NONE',  ( -196.4999999999999147, 12.23374945295397787, 13.64408709050737478 ) ) ;
#2754 = DIRECTION ( 'NONE',  ( -2.220446049250312588E-16, 1.000000000000000000, 1.224646799147355919E-16 ) ) ;
#2755 = LINE ( 'NONE', #5987, #1101 ) ;
#2756 = CARTESIAN_POINT ( 'NONE',  ( 10.16100823481774995, 4.213539088695615220, -2.000000000000000000 ) ) ;
#2757 = CARTESIAN_POINT ( 'NONE',  ( -196.2999999999999261, 11.76918691807052575, 13.84130804009931026 ) ) ;
#2758 = ORIENTED_EDGE ( 'NONE', *, *, #6284, .T. ) ;
#2759 = LINE ( 'NONE', #3818, #3676 ) ;
#2760 = CARTESIAN_POINT ( 'NONE',  ( -196.4999999999999147, 11.79364194349940043, 15.98147369841009358 ) ) ;
#2761 = DIRECTION ( 'NONE',  ( -0.9914964367057140793, 0.1301338387963396070, 0.000000000000000000 ) ) ;
#2762 = CARTESIAN_POINT ( 'NONE',  ( -196.2999999999999261, 11.58294224720032339, 7.695503967356934538 ) ) ;
#2763 = VERTEX_POINT ( 'NONE', #3016 ) ;
#2764 = CARTESIAN_POINT ( 'NONE',  ( -22.00000000000000000, -5.204170427930421283E-15, 7.285838599102589797E-14 ) ) ;
#2765 = ADVANCED_FACE ( 'NONE', ( #2881 ), #2289, .T. ) ;
#2766 = DIRECTION ( 'NONE',  ( 1.000000000000000000, 1.665334536937734318E-16, 3.081487911019576818E-32 ) ) ;
#2767 = ORIENTED_EDGE ( 'NONE', *, *, #497, .T. ) ;
#2768 = VECTOR ( 'NONE', #5596, 1000.000000000000000 ) ;
#2769 = ORIENTED_EDGE ( 'NONE', *, *, #5430, .F. ) ;
#2770 = CARTESIAN_POINT ( 'NONE',  ( -196.2999999999999261, 12.02351390985499791, 8.318074427323912445 ) ) ;
#2771 = EDGE_CURVE ( 'NONE', #455, #4499, #2555, .T. ) ;
#2772 = CARTESIAN_POINT ( 'NONE',  ( -196.2999999999999261, 11.48432818738014127, 8.659490735747528589 ) ) ;
#2773 = VECTOR ( 'NONE', #5123, 999.9999999999998863 ) ;
#2774 = DIRECTION ( 'NONE',  ( 1.445602896647339163E-16, -1.000000000000000000, 0.000000000000000000 ) ) ;
#2775 = EDGE_CURVE ( 'NONE', #6772, #5895, #6775, .T. ) ;
#2776 = CARTESIAN_POINT ( 'NONE',  ( -196.2999999999999261, 11.97779319950877763, 11.95587742173423784 ) ) ;
#2777 = ADVANCED_FACE ( 'NONE', ( #380 ), #2628, .T. ) ;
#2778 = AXIS2_PLACEMENT_3D ( 'NONE', #2305, #6553, #2835 ) ;
#2779 = CARTESIAN_POINT ( 'NONE',  ( -199.4999999999999716, 5.999999999999936051, 4.000000000000071054 ) ) ;
#2780 = CARTESIAN_POINT ( 'NONE',  ( -196.2999999999999261, 11.71511378739530862, 13.88861189805140484 ) ) ;
#2781 = CARTESIAN_POINT ( 'NONE',  ( -203.9999999999999432, 12.99999999999993783, 0.5000000000010169643 ) ) ;
#2782 = VERTEX_POINT ( 'NONE', #411 ) ;
#2783 = CARTESIAN_POINT ( 'NONE',  ( -199.4999999999999716, 18.49999999999993960, 4.000000000000072831 ) ) ;
#2784 = VECTOR ( 'NONE', #1206, 1000.000000000000000 ) ;
#2785 = ORIENTED_EDGE ( 'NONE', *, *, #3071, .F. ) ;
#2786 = CARTESIAN_POINT ( 'NONE',  ( -196.2999999999999261, 12.01654770439333753, 11.95534086162101595 ) ) ;
#2787 = CIRCLE ( 'NONE', #641, 2.750000000000002665 ) ;
#2788 = ORIENTED_EDGE ( 'NONE', *, *, #6811, .F. ) ;
#2789 = CYLINDRICAL_SURFACE ( 'NONE', #3000, 1.499999999999999556 ) ;
#2791 = CARTESIAN_POINT ( 'NONE',  ( -196.2999999999999261, 11.84353842402882506, 12.82743229340252000 ) ) ;
#2790 = PRODUCT_DEFINITION_SHAPE ( 'NONE', 'NONE',  #6216 ) ;
#2792 = CARTESIAN_POINT ( 'NONE',  ( -196.2999999999999261, 11.72133715131369236, 15.90139031915753520 ) ) ;
#2793 = CIRCLE ( 'NONE', #1562, 1.499999999999999556 ) ;
#2794 = CARTESIAN_POINT ( 'NONE',  ( -196.4999999999999147, 12.29924791704229214, 8.595993910369969626 ) ) ;
#2795 = CARTESIAN_POINT ( 'NONE',  ( -196.2999999999999261, 11.50311124495591208, 10.26048278705948746 ) ) ;
#2796 = ORIENTED_EDGE ( 'NONE', *, *, #3807, .T. ) ;
#2797 = CARTESIAN_POINT ( 'NONE',  ( -19.00000000000000000, -4.836776388186215050E-15, 20.00000000000007461 ) ) ;
#2798 = CARTESIAN_POINT ( 'NONE',  ( -196.4999999999999147, 11.85005117355657944, 16.00314423869241054 ) ) ;
#2799 = CARTESIAN_POINT ( 'NONE',  ( -196.2999999999999261, 11.70535324591384096, 14.78069619816590752 ) ) ;
#2800 = CARTESIAN_POINT ( 'NONE',  ( -196.2999999999999261, 12.16082323372094010, 9.400543721430032917 ) ) ;
#2801 = ORIENTED_EDGE ( 'NONE', *, *, #5109, .F. ) ;
#2802 = CARTESIAN_POINT ( 'NONE',  ( -196.4999999999999147, 11.83024875752022176, 9.058967241010806859 ) ) ;
#2803 = CARTESIAN_POINT ( 'NONE',  ( -196.2999999999999261, 11.92417251907424003, 14.60216971682202036 ) ) ;
#2804 = B_SPLINE_CURVE_WITH_KNOTS ( 'NONE', 3,
 ( #4793, #5359, #2129, #3709, #17, #5292, #1107, #3255, #4201, #2166, #1535, #5393, #583, #5812, #4865, #6477, #1039, #50, #2199 ),
 .UNSPECIFIED., .F., .F.,
 ( 4, 1, 1, 1, 1, 1, 1, 1, 1, 1, 1, 1, 1, 1, 1, 1, 4 ),
 ( 0.000000000000000000, 0.06377453230563187581, 0.1260788099895057135, 0.1869040927472076508, 0.2475739349176197812, 0.3080033561644470730, 0.3691318984609784914, 0.4320332277442051616, 0.4967907944370913431, 0.5616108232295670133, 0.6249138657484627490, 0.6867263492419251047, 0.7480788332577724686, 0.8095822911398964372, 0.8716307425688281096, 0.9348858208285549809, 1.000000000000000000 ),
 .UNSPECIFIED. ) ;
#2805 = ORIENTED_EDGE ( 'NONE', *, *, #68, .F. ) ;
#2806 = VECTOR ( 'NONE', #2068, 1000.000000000000000 ) ;
#2807 = ORIENTED_EDGE ( 'NONE', *, *, #5879, .T. ) ;
#2808 = CARTESIAN_POINT ( 'NONE',  ( -196.2999999999999261, 12.21375160790812942, 7.690779115599481131 ) ) ;
#2809 = CARTESIAN_POINT ( 'NONE',  ( -196.4999999999999147, 11.48105930021582033, 8.713972474974481131 ) ) ;
#2810 = CARTESIAN_POINT ( 'NONE',  ( -196.2999999999999261, 12.30533814636966738, 17.17268892128858582 ) ) ;
#2811 = CARTESIAN_POINT ( 'NONE',  ( -196.2999999999999261, 11.64581889412404792, 8.948734406678392261 ) ) ;
#2812 = CARTESIAN_POINT ( 'NONE',  ( -196.2999999999999261, 11.84609642365855109, 11.99948535296247520 ) ) ;
#2813 = CIRCLE ( 'NONE', #1921, 1.499999999999999556 ) ;
#2814 = ADVANCED_FACE ( 'NONE', ( #6268 ), #972, .T. ) ;
#2815 = ADVANCED_FACE ( 'NONE', ( #3612 ), #3123, .T. ) ;
#2816 = VECTOR ( 'NONE', #5202, 1000.000000000000000 ) ;
#2817 = FACE_OUTER_BOUND ( 'NONE', #2483, .T. ) ;
#2818 = EDGE_CURVE ( 'NONE', #342, #6840, #998, .T. ) ;
#2819 = AXIS2_PLACEMENT_3D ( 'NONE', #783, #5525, #1282 ) ;
#2820 = CARTESIAN_POINT ( 'NONE',  ( -199.5000000000000000, 8.499999999999934275, 4.000000000000078160 ) ) ;
#2821 = DIRECTION ( 'NONE',  ( -1.000000000000000000, -1.665334536937734318E-16, -3.081487911019576818E-32 ) ) ;
#2822 = VERTEX_POINT ( 'NONE', #3755 ) ;
#2823 = DIRECTION ( 'NONE',  ( -2.220446049250312588E-16, 1.000000000000000000, 1.224646799147355919E-16 ) ) ;
#2824 = VECTOR ( 'NONE', #1579, 1000.000000000000000 ) ;
#2825 = VECTOR ( 'NONE', #1735, 1000.000000000000000 ) ;
#2826 = VERTEX_POINT ( 'NONE', #4801 ) ;
#2827 = CARTESIAN_POINT ( 'NONE',  ( -196.4999999999999147, 11.80547177885430798, 17.05842906409185389 ) ) ;
#2828 = ORIENTED_EDGE ( 'NONE', *, *, #6204, .T. ) ;
#2829 = CARTESIAN_POINT ( 'NONE',  ( -196.2999999999999261, 12.03583387171653563, 9.299976596416238195 ) ) ;
#2830 = CARTESIAN_POINT ( 'NONE',  ( -196.2999999999999261, 11.56514854921325153, 8.762921355714444971 ) ) ;
#2831 = CARTESIAN_POINT ( 'NONE',  ( -196.4999999999999147, 11.83394796106349744, 15.99882142305064292 ) ) ;
#2832 = CARTESIAN_POINT ( 'NONE',  ( -196.2999999999999261, 12.28392081025451077, 17.05643015992664502 ) ) ;
#2833 = CARTESIAN_POINT ( 'NONE',  ( -11.99999999999999645, -10.00000000000000355, 20.00000000000007461 ) ) ;
#2834 = VECTOR ( 'NONE', #2856, 1000.000000000000000 ) ;
#2835 = DIRECTION ( 'NONE',  ( -2.168404344971008868E-16, 1.000000000000000000, 0.000000000000000000 ) ) ;
#2836 = CARTESIAN_POINT ( 'NONE',  ( -196.2999999999999261, 12.22724555224411525, 13.71530685248599468 ) ) ;
#2837 = CARTESIAN_POINT ( 'NONE',  ( -196.4999999999999147, 12.30375237903644070, 9.640666996363703944 ) ) ;
#2838 = DIRECTION ( 'NONE',  ( -1.000000000000000000, -1.665334536937734318E-16, -3.081487911019576818E-32 ) ) ;
#2839 = ORIENTED_EDGE ( 'NONE', *, *, #2602, .F. ) ;
#2840 = CARTESIAN_POINT ( 'NONE',  ( -199.4999999999995168, 8.499999999999937828, 4.000000000001006306 ) ) ;
#2841 = CARTESIAN_POINT ( 'NONE',  ( -196.2999999999999261, 11.77649264396744933, 15.79768548137278472 ) ) ;
#2842 = EDGE_CURVE ( 'NONE', #3876, #1134, #417, .T. ) ;
#2843 = VECTOR ( 'NONE', #4383, 1000.000000000000000 ) ;
#2844 = ORIENTED_EDGE ( 'NONE', *, *, #5667, .F. ) ;
#2845 = ORIENTED_EDGE ( 'NONE', *, *, #2178, .T. ) ;
#2846 = CARTESIAN_POINT ( 'NONE',  ( -196.4999999999999147, 12.26882990507477444, 8.521299930614654627 ) ) ;
#2847 = CARTESIAN_POINT ( 'NONE',  ( -196.2999999999999261, 12.31551442842095057, 8.720332651256532230 ) ) ;
#2848 = DIRECTION ( 'NONE',  ( 1.000000000000000000, 0.000000000000000000, 0.000000000000000000 ) ) ;
#2849 = LINE ( 'NONE', #563, #3846 ) ;
#2850 = CARTESIAN_POINT ( 'NONE',  ( -196.2999999999999261, 11.58790086329207725, 8.850442502910157216 ) ) ;
#2851 = CARTESIAN_POINT ( 'NONE',  ( -196.2999999999999261, 11.84156475247650420, 13.48904804630112686 ) ) ;
#2852 = ORIENTED_EDGE ( 'NONE', *, *, #5629, .T. ) ;
#2853 = CARTESIAN_POINT ( 'NONE',  ( -196.2999999999999261, 11.58350813701312276, 10.27122109870066780 ) ) ;
#2854 = CARTESIAN_POINT ( 'NONE',  ( -210.0000000000000000, 8.499999999999930722, 18.50000000000007816 ) ) ;
#2855 = DIRECTION ( 'NONE',  ( 1.000000000000000000, 0.000000000000000000, 0.000000000000000000 ) ) ;
#2856 = DIRECTION ( 'NONE',  ( 0.000000000000000000, 1.224646799147353700E-16, -1.000000000000000000 ) ) ;
#2857 = EDGE_CURVE ( 'NONE', #950, #1999, #1723, .T. ) ;
#2858 = ORIENTED_EDGE ( 'NONE', *, *, #6609, .F. ) ;
#2859 = DIRECTION ( 'NONE',  ( -3.330669073875469621E-16, 1.000000000000000000, 1.224646799147353947E-16 ) ) ;
#2860 = EDGE_CURVE ( 'NONE', #1758, #4763, #1182, .T. ) ;
#2861 = B_SPLINE_CURVE_WITH_KNOTS ( 'NONE', 3,
 ( #1076, #5331, #591, #2733, #5961, #4382, #1652, #4348, #3856, #3261, #2137, #3821, #2204, #2799, #1620 ),
 .UNSPECIFIED., .F., .F.,
 ( 4, 1, 1, 1, 1, 1, 1, 1, 1, 1, 1, 1, 4 ),
 ( 0.000000000000000000, 0.07176606415834242692, 0.1412255357663718403, 0.2091158524974642552, 0.2748396534685282888, 0.3394829303752235905, 0.4024762667353996015, 0.4649418891713273938, 0.5268326406463865741, 0.6474148160608268476, 0.7655615117859504437, 0.8816150870393308914, 1.000000000000000000 ),
 .UNSPECIFIED. ) ;
#2862 = ORIENTED_EDGE ( 'NONE', *, *, #498, .F. ) ;
#2863 = DIRECTION ( 'NONE',  ( 1.000000000000000000, 0.000000000000000000, 0.000000000000000000 ) ) ;
#2864 = ORIENTED_EDGE ( 'NONE', *, *, #4474, .F. ) ;
#2865 = DIRECTION ( 'NONE',  ( -1.665334536937734564E-16, 1.000000000000000000, 1.224646799147353947E-16 ) ) ;
#2866 = DIRECTION ( 'NONE',  ( 2.220446049250312588E-16, -1.000000000000000000, -1.224646799147355919E-16 ) ) ;
#2867 = CARTESIAN_POINT ( 'NONE',  ( -22.00000000000000000, -5.204170427930421283E-15, 20.00000000000007461 ) ) ;
#2868 = CARTESIAN_POINT ( 'NONE',  ( -196.4999999999999147, 12.21771051048599510, 16.95853210263673105 ) ) ;
#2869 = EDGE_CURVE ( 'NONE', #1015, #2763, #4030, .T. ) ;
#2870 = CARTESIAN_POINT ( 'NONE',  ( -196.2999999999999261, 12.28950441918157388, 7.873218549725568671 ) ) ;
#2871 = CARTESIAN_POINT ( 'NONE',  ( -196.2999999999999261, 11.56915608292301556, 10.45439196450975494 ) ) ;
#2872 = CARTESIAN_POINT ( 'NONE',  ( -196.2999999999999261, 11.74193564712643578, 12.40432777042099133 ) ) ;
#2873 = ORIENTED_EDGE ( 'NONE', *, *, #5216, .F. ) ;
#2874 = CARTESIAN_POINT ( 'NONE',  ( -196.4999999999999147, 11.98081015157800167, 9.807922795487300505 ) ) ;
#2875 = CARTESIAN_POINT ( 'NONE',  ( -196.2999999999999261, 11.77200450177129198, 15.65984105904281698 ) ) ;
#2876 = ORIENTED_EDGE ( 'NONE', *, *, #2689, .F. ) ;
#2877 = CARTESIAN_POINT ( 'NONE',  ( -196.2999999999999261, 12.09705347911470419, 8.348696801544763346 ) ) ;
#2878 = EDGE_CURVE ( 'NONE', #2562, #3741, #6413, .T. ) ;
#2879 = CARTESIAN_POINT ( 'NONE',  ( -196.2999999999999261, 12.31516648533545322, 8.734611210585946139 ) ) ;
#2880 = CARTESIAN_POINT ( 'NONE',  ( -196.4999999999999147, 11.52314213769921025, 8.531437870853434191 ) ) ;
#2881 = FACE_OUTER_BOUND ( 'NONE', #6014, .T. ) ;
#2882 = CARTESIAN_POINT ( 'NONE',  ( -196.2999999999999261, 11.67619742648780345, 8.980619777385117075 ) ) ;
#2883 = CARTESIAN_POINT ( 'NONE',  ( -195.4999999999995168, 5.499999999999938716, 1.500000000001007416 ) ) ;
#2884 = ORIENTED_EDGE ( 'NONE', *, *, #2427, .T. ) ;
#2885 =( BOUNDED_CURVE ( )  B_SPLINE_CURVE ( 3, ( #2271, #227, #2373, #160 ),
 .UNSPECIFIED., .F., .F. ) 
 B_SPLINE_CURVE_WITH_KNOTS ( ( 4, 4 ),
 ( 1.570796326794896558, 3.141592653589793116 ),
 .UNSPECIFIED. ) 
 CURVE ( )  GEOMETRIC_REPRESENTATION_ITEM ( )  RATIONAL_B_SPLINE_CURVE ( ( 1.000000000000000000, 0.8047378541243649375, 0.8047378541243649375, 1.000000000000000000 ) ) 
 REPRESENTATION_ITEM ( '' )  );
#2886 = CARTESIAN_POINT ( 'NONE',  ( -196.2999999999999261, 11.71352374332479584, 10.43885228266678844 ) ) ;
#2887 = CYLINDRICAL_SURFACE ( 'NONE', #114, 2.000000000000000888 ) ;
#2888 = DIRECTION ( 'NONE',  ( -1.000000000000000000, -1.665334536937734318E-16, -3.081487911019576818E-32 ) ) ;
#2889 = CARTESIAN_POINT ( 'NONE',  ( -196.2999999999999261, 11.71368274773184837, 10.51008625702576360 ) ) ;
#2890 = AXIS2_PLACEMENT_3D ( 'NONE', #4721, #5183, #3040 ) ;
#2891 = VERTEX_POINT ( 'NONE', #6525 ) ;
#2892 = CARTESIAN_POINT ( 'NONE',  ( -196.2999999999999261, 11.79020508718275195, 15.24040983982277808 ) ) ;
#2893 = ORIENTED_EDGE ( 'NONE', *, *, #4317, .F. ) ;
#2894 = CARTESIAN_POINT ( 'NONE',  ( -196.2999999999999261, 11.84502038795620749, 14.57853202024691619 ) ) ;
#2895 = ORIENTED_EDGE ( 'NONE', *, *, #4231, .F. ) ;
#2896 = CARTESIAN_POINT ( 'NONE',  ( -196.2999999999999261, 11.50141186431838491, 7.019621513436019811 ) ) ;
#2897 = CARTESIAN_POINT ( 'NONE',  ( -196.4999999999999147, 11.78688135118424540, 12.91119246672243648 ) ) ;
#2898 = CARTESIAN_POINT ( 'NONE',  ( -196.4999999999999147, 11.86777482930810201, 16.00696324097097190 ) ) ;
#2899 = CARTESIAN_POINT ( 'NONE',  ( -196.4999999999999147, 12.19494808714087597, 8.422568548462097127 ) ) ;
#2900 = CIRCLE ( 'NONE', #6036, 4.000000000000003553 ) ;
#2901 = EDGE_CURVE ( 'NONE', #4690, #1432, #6445, .T. ) ;
#2902 = CARTESIAN_POINT ( 'NONE',  ( -11.99999999999999822, -8.500000000000003553, 20.00000000000000000 ) ) ;
#2903 = CARTESIAN_POINT ( 'NONE',  ( -196.2999999999999261, 11.78115635848825349, 14.42380278881997491 ) ) ;
#2904 = EDGE_CURVE ( 'NONE', #6390, #1351, #2168, .T. ) ;
#2905 = AXIS2_PLACEMENT_3D ( 'NONE', #5324, #2621, #479 ) ;
#2906 = CARTESIAN_POINT ( 'NONE',  ( -196.2999999999999261, 11.70493750534402544, 15.81908440406102123 ) ) ;
#2907 = VERTEX_POINT ( 'NONE', #6485 ) ;
#2908 = CARTESIAN_POINT ( 'NONE',  ( -196.2999999999999261, 11.97836431995632900, 14.19660263997979754 ) ) ;
#2909 = DIRECTION ( 'NONE',  ( 0.000000000000000000, -1.224646799147353700E-16, 1.000000000000000000 ) ) ;
#2910 = ORIENTED_EDGE ( 'NONE', *, *, #2511, .F. ) ;
#2911 = CARTESIAN_POINT ( 'NONE',  ( -196.4999999999999147, 12.24791926910824280, 8.486490572574997060 ) ) ;
#2912 = CARTESIAN_POINT ( 'NONE',  ( -196.2999999999999261, 12.13055987084113063, 9.068639878778080643 ) ) ;
#2913 = CARTESIAN_POINT ( 'NONE',  ( -196.2999999999999261, 11.90178496127351337, 8.301833051897556714 ) ) ;
#2914 = CARTESIAN_POINT ( 'NONE',  ( -196.2999999999999261, 12.29516186431838598, 12.76922087241037751 ) ) ;
#2915 = FACE_OUTER_BOUND ( 'NONE', #5632, .T. ) ;
#2916 = CARTESIAN_POINT ( 'NONE',  ( -196.4999999999999147, 11.74784905502451338, 9.030576959871515541 ) ) ;
#2917 = DIRECTION ( 'NONE',  ( -3.608224830031766645E-16, -1.224646799147355919E-16, 1.000000000000000000 ) ) ;
#2918 = VERTEX_POINT ( 'NONE', #1688 ) ;
#2919 = CARTESIAN_POINT ( 'NONE',  ( -21.99999999999999289, -3.200000000000001066, 18.49999999999998934 ) ) ;
#2920 = CARTESIAN_POINT ( 'NONE',  ( -196.2999999999999261, 11.98065114717094914, 15.94422087241037822 ) ) ;
#2921 = CARTESIAN_POINT ( 'NONE',  ( 9.731492488754183157, -1.277257716615685545, -8.400000000000000355 ) ) ;
#2922 = CARTESIAN_POINT ( 'NONE',  ( -196.2999999999999261, 11.92871747664307236, 10.23697134165321110 ) ) ;
#2923 = VECTOR ( 'NONE', #4356, 1000.000000000000000 ) ;
#2924 = ORIENTED_EDGE ( 'NONE', *, *, #5990, .F. ) ;
#2925 = CARTESIAN_POINT ( 'NONE',  ( -196.2999999999999261, 12.31282148418338807, 9.602463000913875391 ) ) ;
#2926 = EDGE_CURVE ( 'NONE', #6526, #2380, #3823, .T. ) ;
#2927 = VECTOR ( 'NONE', #5755, 1000.000000000000000 ) ;
#2928 = VERTEX_POINT ( 'NONE', #6622 ) ;
#2929 = CARTESIAN_POINT ( 'NONE',  ( -196.2999999999999261, 12.23410417201069222, 13.65423940205781506 ) ) ;
#2930 = ORIENTED_EDGE ( 'NONE', *, *, #2425, .T. ) ;
#2931 = CARTESIAN_POINT ( 'NONE',  ( -196.2999999999999261, 11.64616446019004847, 8.100128089318809899 ) ) ;
#2932 = CARTESIAN_POINT ( 'NONE',  ( -196.7746689069325896, 15.99999999999994138, 3.632480703690174728 ) ) ;
#2933 = VECTOR ( 'NONE', #5339, 1000.000000000000000 ) ;
#2934 = CARTESIAN_POINT ( 'NONE',  ( -196.2999999999999261, 11.97203633338603801, 12.77334856515209438 ) ) ;
#2935 = AXIS2_PLACEMENT_3D ( 'NONE', #155, #6647, #2863 ) ;
#2936 = CARTESIAN_POINT ( 'NONE',  ( 2.081668171172168908E-15, -12.00000000000000178, 20.00000000000000000 ) ) ;
#2937 = DIRECTION ( 'NONE',  ( -0.000000000000000000, -0.000000000000000000, -1.000000000000000000 ) ) ;
#2938 = DIRECTION ( 'NONE',  ( 2.775557561562887900E-16, -1.000000000000000000, -1.224646799147354193E-16 ) ) ;
#2939 = CARTESIAN_POINT ( 'NONE',  ( -202.2253310930673535, 15.99999999999993783, 4.367519296309970933 ) ) ;
#2940 = ORIENTED_EDGE ( 'NONE', *, *, #5709, .F. ) ;
#2941 = EDGE_CURVE ( 'NONE', #861, #5395, #1291, .T. ) ;
#2942 = CARTESIAN_POINT ( 'NONE',  ( -196.2999999999999261, 12.29516186431838420, 15.54734587241037858 ) ) ;
#2943 = CARTESIAN_POINT ( 'NONE',  ( -196.2999999999999261, 11.74903929836303185, 14.25289196719932860 ) ) ;
#2944 = ADVANCED_FACE ( 'NONE', ( #5080, #830, #6098 ), #1819, .T. ) ;
#2945 = EDGE_CURVE ( 'NONE', #5549, #5190, #4031, .T. ) ;
#2946 = ORIENTED_EDGE ( 'NONE', *, *, #6419, .T. ) ;
#2947 = CARTESIAN_POINT ( 'NONE',  ( -9.731492488754184933, 1.277257716615684657, -9.571572875253808732 ) ) ;
#2948 = CARTESIAN_POINT ( 'NONE',  ( -196.2999999999999261, 12.05944791773193181, 9.106712811811060959 ) ) ;
#2949 = CARTESIAN_POINT ( 'NONE',  ( -196.2999999999999261, 11.72981638960181172, 15.31165538405431370 ) ) ;
#2950 = CARTESIAN_POINT ( 'NONE',  ( -196.2999999999999261, 11.81289734004614544, 13.78574934363657789 ) ) ;
#2951 = DIRECTION ( 'NONE',  ( -1.042041300849240371E-32, -1.224646799147353454E-16, 1.000000000000000000 ) ) ;
#2952 = VECTOR ( 'NONE', #1516, 1000.000000000000000 ) ;
#2953 = CARTESIAN_POINT ( 'NONE',  ( -196.2999999999999261, 11.56256165799441504, 8.725109038314458942 ) ) ;
#2954 = FACE_OUTER_BOUND ( 'NONE', #898, .T. ) ;
#2955 = SHAPE_DEFINITION_REPRESENTATION ( #2790, #4217 ) ;
#2956 = EDGE_CURVE ( 'NONE', #4558, #5584, #709, .T. ) ;
#2957 = CARTESIAN_POINT ( 'NONE',  ( -196.2999999999999261, 11.76510983293403001, 8.323228953955908338 ) ) ;
#2958 = PLANE ( 'NONE',  #1356 ) ;
#2959 = LINE ( 'NONE', #2429, #5061 ) ;
#2960 = CARTESIAN_POINT ( 'NONE',  ( -24.99999999999999645, -5.204170427930421283E-15, 20.00000000000007461 ) ) ;
#2961 = EDGE_LOOP ( 'NONE', ( #2801, #5841, #4335, #4391 ) ) ;
#2962 = LINE ( 'NONE', #4611, #1440 ) ;
#2963 = AXIS2_PLACEMENT_3D ( 'NONE', #4532, #5195, #2421 ) ;
#2964 = LINE ( 'NONE', #291, #5288 ) ;
#2965 = ORIENTED_EDGE ( 'NONE', *, *, #1927, .F. ) ;
#2966 = DIRECTION ( 'NONE',  ( 1.665334536937734318E-16, -1.000000000000000000, -1.224646799147353947E-16 ) ) ;
#2967 = EDGE_CURVE ( 'NONE', #6165, #3302, #1615, .T. ) ;
#2968 = CARTESIAN_POINT ( 'NONE',  ( -196.4999999999999147, 12.31282148418338807, 9.602463000913875391 ) ) ;
#2970 = DIRECTION ( 'NONE',  ( -1.000000000000000000, -1.665334536937734318E-16, -3.081487911019576818E-32 ) ) ;
#2969 = B_SPLINE_SURFACE_WITH_KNOTS ( 'NONE', 3, 1, ( 
 ( #308, #5086 ),
 ( #5711, #3575 ),
 ( #4700, #3517 ),
 ( #5154, #899 ),
 ( #5679, #1935 ),
 ( #3546, #1467 ),
 ( #2453, #866 ),
 ( #3050, #835 ),
 ( #4134, #2521 ),
 ( #6699, #4037 ),
 ( #2980, #343 ),
 ( #2489, #1967 ),
 ( #5191, #5117 ),
 ( #3610, #1433 ),
 ( #273, #4636 ),
 ( #4667, #6773 ),
 ( #3480, #6233 ),
 ( #5222, #6803 ),
 ( #5746, #2417 ),
 ( #1996, #6170 ),
 ( #936, #3085 ),
 ( #6134, #409 ),
 ( #6837, #2033 ),
 ( #2661, #3716 ),
 ( #2589, #5921 ),
 ( #4799, #4731 ),
 ( #3194, #4764 ) ),
 .UNSPECIFIED., .F., .F., .F.,
 ( 4, 1, 1, 1, 1, 1, 1, 1, 1, 1, 1, 1, 1, 1, 1, 1, 1, 1, 1, 1, 1, 1, 1, 1, 4 ),
 ( 2, 2 ),
 ( 0.000000000000000000, 0.04202332852592357421, 0.08364491116871133891, 0.1249837954173943083, 0.1662474611728949614, 0.2077015560969877606, 0.2496310707996491907, 0.2917417703321310007, 0.3347428753531980772, 0.3774601685508653937, 0.4195563188419397238, 0.4610441763330334619, 0.5020962839443966486, 0.5428907140755997451, 0.5838008186265049027, 0.6248635833101933157, 0.6662246890691707613, 0.7073991864779365368, 0.7485566775366934156, 0.7896545909521800466, 0.8307397264898324085, 0.8720701422586049079, 0.9139933952421329666, 0.9564981300675882148, 1.000000000000000000 ),
 ( 0.000000000000000000, 1.000000000000000000 ),
 .UNSPECIFIED. ) ;
#2971 = CARTESIAN_POINT ( 'NONE',  ( -210.0000000000000000, 1.547005383792455113, 18.50000000000007816 ) ) ;
#2972 = CARTESIAN_POINT ( 'NONE',  ( -196.2999999999999261, 12.01422841741510439, 13.42092585485375444 ) ) ;
#2973 = DIRECTION ( 'NONE',  ( 0.000000000000000000, 1.000000000000000000, 1.224646799147353454E-16 ) ) ;
#2974 = CARTESIAN_POINT ( 'NONE',  ( -199.4999999999995168, 8.499999999999937828, 2.500000000001006750 ) ) ;
#2975 = DIRECTION ( 'NONE',  ( 0.000000000000000000, -1.224646799147353700E-16, 1.000000000000000000 ) ) ;
#2976 = ORIENTED_EDGE ( 'NONE', *, *, #4373, .F. ) ;
#2977 = CARTESIAN_POINT ( 'NONE',  ( -196.2999999999999261, 11.98945031966102093, 9.807865164614387510 ) ) ;
#2978 = DIRECTION ( 'NONE',  ( 0.000000000000000000, -1.224646799147353700E-16, 1.000000000000000000 ) ) ;
#2979 = ORIENTED_EDGE ( 'NONE', *, *, #4876, .T. ) ;
#2980 = CARTESIAN_POINT ( 'NONE',  ( -196.2999999999999261, 11.61942125565589023, 8.525657410945344239 ) ) ;
#2981 = CARTESIAN_POINT ( 'NONE',  ( -196.2999999999999261, 11.76592467436629796, 14.53717606671474449 ) ) ;
#2982 = CARTESIAN_POINT ( 'NONE',  ( -196.2999999999999261, 11.92881571047223233, 10.22864845654499355 ) ) ;
#2983 = CARTESIAN_POINT ( 'NONE',  ( -21.99999999999999289, -6.938893903907228378E-15, 20.00000000000007461 ) ) ;
#2984 = PLANE ( 'NONE',  #1625 ) ;
#2985 = FACE_BOUND ( 'NONE', #6069, .T. ) ;
#2986 = CARTESIAN_POINT ( 'NONE',  ( -199.5000000000000000, 9.999999999999936051, 16.00000000000007816 ) ) ;
#2987 = PERSON_AND_ORGANIZATION ( #6735, #1106 ) ;
#2988 = EDGE_CURVE ( 'NONE', #5435, #2016, #4856, .T. ) ;
#2989 = CARTESIAN_POINT ( 'NONE',  ( -21.99999999999999289, -3.199999999999997513, -13.99999999999992895 ) ) ;
#2990 = CARTESIAN_POINT ( 'NONE',  ( -196.2999999999999261, 11.87486068928641103, 9.064782789857705581 ) ) ;
#2991 = EDGE_CURVE ( 'NONE', #1423, #1966, #2342, .T. ) ;
#2992 = CARTESIAN_POINT ( 'NONE',  ( -196.2999999999999261, 11.51216877104714342, 7.867540992919752618 ) ) ;
#2993 = EDGE_CURVE ( 'NONE', #1569, #5671, #3474, .T. ) ;
#2994 = CARTESIAN_POINT ( 'NONE',  ( -196.2999999999999261, 12.10699793153004755, 9.726535630903219598 ) ) ;
#2995 = ORIENTED_EDGE ( 'NONE', *, *, #6041, .F. ) ;
#2996 = CARTESIAN_POINT ( 'NONE',  ( -59.99999999999999289, -1.387778780781445676E-14, -13.99999999999992895 ) ) ;
#2997 = LINE ( 'NONE', #3136, #5623 ) ;
#2998 = ORIENTED_EDGE ( 'NONE', *, *, #2236, .F. ) ;
#3000 = AXIS2_PLACEMENT_3D ( 'NONE', #118, #2268, #6545 ) ;
#2999 = CARTESIAN_POINT ( 'NONE',  ( -196.2999999999999261, 12.09265385737078802, 13.36114284716795275 ) ) ;
#3001 = CARTESIAN_POINT ( 'NONE',  ( -196.4999999999999147, 12.16904963545119500, 9.782433346203102786 ) ) ;
#3002 = CARTESIAN_POINT ( 'NONE',  ( -196.2999999999999261, 12.03380205804609915, 12.76971321806429849 ) ) ;
#3003 = CARTESIAN_POINT ( 'NONE',  ( -196.2999999999999261, 12.06321184856645168, 13.42783673476574791 ) ) ;
#3004 = AXIS2_PLACEMENT_3D ( 'NONE', #1074, #1617, #5920 ) ;
#3005 = ORIENTED_EDGE ( 'NONE', *, *, #6418, .T. ) ;
#3006 = DIRECTION ( 'NONE',  ( 0.4999999999999981681, 0.8660254037844397068, 1.060575238724908640E-16 ) ) ;
#3007 = CARTESIAN_POINT ( 'NONE',  ( -196.4999999999999147, 12.29516186431838598, 12.69798689805140590 ) ) ;
#3008 = DIRECTION ( 'NONE',  ( -0.6084474286424761402, -0.7935941825507283331, -0.000000000000000000 ) ) ;
#3009 = VERTEX_POINT ( 'NONE', #3923 ) ;
#3010 = CARTESIAN_POINT ( 'NONE',  ( -196.4999999999999147, 11.98945031966102093, 9.807865164614387510 ) ) ;
#3011 = DIRECTION ( 'NONE',  ( -1.000000000000000000, -1.665334536937734318E-16, -3.081487911019576818E-32 ) ) ;
#3012 = AXIS2_PLACEMENT_3D ( 'NONE', #2783, #1772, #5485 ) ;
#3013 = VERTEX_POINT ( 'NONE', #5605 ) ;
#3014 = DIRECTION ( 'NONE',  ( -1.665334536937734318E-16, 1.000000000000000000, 1.224646799147353947E-16 ) ) ;
#3015 = CARTESIAN_POINT ( 'NONE',  ( -196.2999999999999261, 11.89796885550428307, 9.136288180102685175 ) ) ;
#3016 = CARTESIAN_POINT ( 'NONE',  ( -196.2999999999999261, 12.23410417201069222, 9.557331849974479709 ) ) ;
#3017 = DIRECTION ( 'NONE',  ( 0.9237280213470682178, 0.3830490080632377725, 0.000000000000000000 ) ) ;
#3018 = CARTESIAN_POINT ( 'NONE',  ( -196.4999999999999147, 11.89234326666573693, 8.301954299592466668 ) ) ;
#3019 = CARTESIAN_POINT ( 'NONE',  ( -196.2999999999999261, 11.60773069683075498, 8.545368508344523661 ) ) ;
#3020 = B_SPLINE_CURVE_WITH_KNOTS ( 'NONE', 3,
 ( #4221, #2611, #2156, #3102, #6, #3139, #3737, #3770, #6392, #3212, #1601, #3243, #1061, #1522, #5348 ),
 .UNSPECIFIED., .F., .F.,
 ( 4, 1, 1, 1, 1, 1, 1, 1, 1, 1, 1, 1, 4 ),
 ( 0.000000000000000000, 0.08415201884431580681, 0.1665323202984593520, 0.2488363311465266181, 0.3312461454872610012, 0.4129571090216154206, 0.4904942776695639384, 0.5661557919819220075, 0.6399873346864657364, 0.7167654882718497156, 0.8021439047100965558, 0.8958332007101921235, 1.000000000000000000 ),
 .UNSPECIFIED. ) ;
#3021 = AXIS2_PLACEMENT_3D ( 'NONE', #2936, #1456, #4689 ) ;
#3022 = CARTESIAN_POINT ( 'NONE',  ( -196.2999999999999261, 11.48850271223911257, 8.632911045317609222 ) ) ;
#3023 = LINE ( 'NONE', #5098, #6626 ) ;
#3024 = FACE_OUTER_BOUND ( 'NONE', #5610, .T. ) ;
#3025 = ORIENTED_EDGE ( 'NONE', *, *, #6592, .T. ) ;
#3026 = CARTESIAN_POINT ( 'NONE',  ( -196.2999999999999261, 12.24184938084057883, 9.734911904594010679 ) ) ;
#3027 = EDGE_CURVE ( 'NONE', #555, #4486, #2597, .T. ) ;
#3028 = EDGE_CURVE ( 'NONE', #1393, #1784, #301, .T. ) ;
#3029 = DIRECTION ( 'NONE',  ( 2.220446049250312588E-16, -1.000000000000000000, -1.224646799147356165E-16 ) ) ;
#3030 = VECTOR ( 'NONE', #6259, 1000.000000000000114 ) ;
#3031 = EDGE_LOOP ( 'NONE', ( #337, #4457, #257, #1576 ) ) ;
#3032 = CARTESIAN_POINT ( 'NONE',  ( -199.4999999999999147, 12.99999999999993605, 20.50000000000101252 ) ) ;
#3033 = DIRECTION ( 'NONE',  ( 2.220446049250312588E-16, -1.000000000000000000, -1.224646799147355919E-16 ) ) ;
#3034 = CARTESIAN_POINT ( 'NONE',  ( -59.99999999999999289, -3.200000000000022826, 20.00000000000007461 ) ) ;
#3035 = DIRECTION ( 'NONE',  ( -6.162975822039154730E-33, -1.224646799147353454E-16, 1.000000000000000000 ) ) ;
#3036 = AXIS2_PLACEMENT_3D ( 'NONE', #4736, #976, #4176 ) ;
#3037 = SHELL_BASED_SURFACE_MODEL ( 'NONE', ( #4752, #5155, #5986, #3526, #1844, #3182, #827, #3077, #5763, #5423, #5933, #217, #1231, #6313, #3248, #3305, #549, #1449, #5038, #229, #151, #6541, #6886, #4388, #6278, #3861, #2252, #1503 ) );
#3038 = VERTEX_POINT ( 'NONE', #2308 ) ;
#3039 = EDGE_CURVE ( 'NONE', #1842, #6330, #4858, .T. ) ;
#3040 = DIRECTION ( 'NONE',  ( 0.9237280213470681067, 0.3830490080632377170, 0.000000000000000000 ) ) ;
#3041 = CIRCLE ( 'NONE', #3272, 1.499999999999999556 ) ;
#3042 = CARTESIAN_POINT ( 'NONE',  ( -196.2999999999999261, 11.50141186431838491, 11.72758300181742896 ) ) ;
#3043 = CIRCLE ( 'NONE', #1476, 1.499999999999999556 ) ;
#3044 = CARTESIAN_POINT ( 'NONE',  ( -196.4999999999999147, 11.77617147970300238, 14.38152555991037929 ) ) ;
#3045 = EDGE_LOOP ( 'NONE', ( #3659, #4282, #73, #3487 ) ) ;
#3046 = CARTESIAN_POINT ( 'NONE',  ( -196.4999999999999147, 11.71025500601846936, 9.008029006160848340 ) ) ;
#3047 = DIRECTION ( 'NONE',  ( -1.000000000000000000, -1.734723475976807094E-16, 0.000000000000000000 ) ) ;
#3048 = VECTOR ( 'NONE', #6804, 999.9999999999998863 ) ;
#3049 = ORIENTED_EDGE ( 'NONE', *, *, #5151, .T. ) ;
#3050 = CARTESIAN_POINT ( 'NONE',  ( -196.2999999999999261, 11.58782031832974724, 8.586474986539323950 ) ) ;
#3051 = CARTESIAN_POINT ( 'NONE',  ( 12.00000000000000355, -8.000000000000000000, 20.00000000000000000 ) ) ;
#3052 = ADVANCED_FACE ( 'NONE', ( #5810 ), #5147, .T. ) ;
#3053 = CARTESIAN_POINT ( 'NONE',  ( -196.4999999999999147, 12.04234263884380418, 15.22173688731413499 ) ) ;
#3054 = DIRECTION ( 'NONE',  ( -4.556540330232412644E-16, 1.000000000000000000, 1.224646799147353947E-16 ) ) ;
#3055 = LINE ( 'NONE', #3219, #686 ) ;
#3056 = CARTESIAN_POINT ( 'NONE',  ( -196.4999999999999147, 11.81829832480663711, 8.309305767168304158 ) ) ;
#3057 = LINE ( 'NONE', #2526, #4827 ) ;
#3058 = ORIENTED_EDGE ( 'NONE', *, *, #5567, .T. ) ;
#3059 = DIRECTION ( 'NONE',  ( -0.000000000000000000, -0.000000000000000000, -1.000000000000000000 ) ) ;
#3060 = VECTOR ( 'NONE', #5475, 1000.000000000000000 ) ;
#3061 = DIRECTION ( 'NONE',  ( 1.000000000000000000, 1.665334536937734318E-16, 2.655744192374251919E-32 ) ) ;
#3062 = LINE ( 'NONE', #3655, #6086 ) ;
#3063 = ORIENTED_EDGE ( 'NONE', *, *, #5216, .T. ) ;
#3064 = FACE_OUTER_BOUND ( 'NONE', #3516, .T. ) ;
#3065 = VECTOR ( 'NONE', #5535, 1000.000000000000000 ) ;
#3066 = DIRECTION ( 'NONE',  ( -1.665334536937734318E-16, 1.000000000000000000, 1.224646799147353947E-16 ) ) ;
#3067 = EDGE_CURVE ( 'NONE', #1452, #4591, #2062, .T. ) ;
#3068 = ORIENTED_EDGE ( 'NONE', *, *, #237, .F. ) ;
#3069 = DIRECTION ( 'NONE',  ( 0.6084474286424761402, 0.7935941825507283331, 0.000000000000000000 ) ) ;
#3070 = CARTESIAN_POINT ( 'NONE',  ( -196.4999999999999147, 12.19976164047859335, 9.767269172398169275 ) ) ;
#3071 = EDGE_CURVE ( 'NONE', #6084, #2391, #4659, .T. ) ;
#3072 = CARTESIAN_POINT ( 'NONE',  ( -196.2999999999999261, 11.98096915598505241, 16.01545484676935516 ) ) ;
#3073 = CARTESIAN_POINT ( 'NONE',  ( -196.2999999999999261, 11.77617147970300060, 14.77887757313153472 ) ) ;
#3074 = ORIENTED_EDGE ( 'NONE', *, *, #220, .F. ) ;
#3075 = CARTESIAN_POINT ( 'NONE',  ( -196.2999999999999261, 12.29516186431838598, 11.83300292369242968 ) ) ;
#3076 = DIRECTION ( 'NONE',  ( -1.504816890990867755E-16, 0.9036123719369735241, -0.4283511191562787146 ) ) ;
#3077 = OPEN_SHELL ( 'NONE', ( #1323, #1704, #5700 ) ) ;
#3078 = EDGE_CURVE ( 'NONE', #5459, #6932, #373, .T. ) ;
#3079 = EDGE_CURVE ( 'NONE', #6869, #6602, #5250, .T. ) ;
#3080 = CARTESIAN_POINT ( 'NONE',  ( 12.00000000000000178, 2.602085213965211036E-15, 20.00000000000000000 ) ) ;
#3081 = VERTEX_POINT ( 'NONE', #1499 ) ;
#3082 = CARTESIAN_POINT ( 'NONE',  ( -196.4999999999999147, 12.09745889818514186, 9.800113946655381270 ) ) ;
#3083 = CARTESIAN_POINT ( 'NONE',  ( -196.4999999999999147, 11.66099519520907712, 8.473093332850620385 ) ) ;
#3084 = VERTEX_POINT ( 'NONE', #2515 ) ;
#3085 = CARTESIAN_POINT ( 'NONE',  ( -196.4999999999999147, 11.79024342769315403, 8.390636715064882623 ) ) ;
#3086 = CARTESIAN_POINT ( 'NONE',  ( -196.2999999999999261, 11.98169753138254201, 9.129309120385867615 ) ) ;
#3087 = CARTESIAN_POINT ( 'NONE',  ( -196.4999999999999147, 11.95744989325059926, 15.22714679284173656 ) ) ;
#3088 = VERTEX_POINT ( 'NONE', #6796 ) ;
#3089 = DIRECTION ( 'NONE',  ( 0.000000000000000000, -1.224646799147353700E-16, 1.000000000000000000 ) ) ;
#3090 = CARTESIAN_POINT ( 'NONE',  ( -196.2999999999999261, 11.84573703952260892, 12.51104834713411407 ) ) ;
#3091 = LINE ( 'NONE', #6917, #897 ) ;
#3092 = ORIENTED_EDGE ( 'NONE', *, *, #4065, .F. ) ;
#3093 = EDGE_LOOP ( 'NONE', ( #461, #2174, #2852, #1951 ) ) ;
#3094 = CARTESIAN_POINT ( 'NONE',  ( -196.2999999999999261, 11.48105930021582033, 8.713972474974481131 ) ) ;
#3095 = CARTESIAN_POINT ( 'NONE',  ( -196.2999999999999261, 12.02231030181838634, 13.13556702625653294 ) ) ;
#3096 = CARTESIAN_POINT ( 'NONE',  ( -196.4999999999999147, 12.31551442842095057, 8.720332651256532230 ) ) ;
#3097 = EDGE_LOOP ( 'NONE', ( #1773, #2807, #1048 ) ) ;
#3098 = CARTESIAN_POINT ( 'NONE',  ( -196.2999999999999261, 12.99999999999993783, 10.00000000000101075 ) ) ;
#3099 = CARTESIAN_POINT ( 'NONE',  ( -196.2999999999999261, 11.78251205309882188, 13.03194450564200757 ) ) ;
#3100 = VERTEX_POINT ( 'NONE', #6228 ) ;
#3101 = DIRECTION ( 'NONE',  ( 0.000000000000000000, 0.000000000000000000, 1.000000000000000000 ) ) ;
#3102 = CARTESIAN_POINT ( 'NONE',  ( -196.2999999999999261, 11.70869622914046815, 15.46314633466981725 ) ) ;
#3103 = CARTESIAN_POINT ( 'NONE',  ( -196.2999999999999261, 12.29006738802690357, 9.436675092046900915 ) ) ;
#3104 = CARTESIAN_POINT ( 'NONE',  ( -196.2999999999999261, 12.23374945295397787, 13.64408709050737478 ) ) ;
#3105 = B_SPLINE_CURVE_WITH_KNOTS ( 'NONE', 3,
 ( #3176, #504, #955, #6320, #5243, #2018, #4155, #6289, #1489, #5802, #5279, #1164, #1769, #1802, #147, #1234, #6571, #1278, #3905 ),
 .UNSPECIFIED., .F., .F.,
 ( 4, 1, 1, 1, 1, 1, 1, 1, 1, 1, 1, 1, 1, 1, 1, 1, 4 ),
 ( 0.000000000000000000, 0.06401997539918675983, 0.1266938772026800775, 0.1890843947192399621, 0.2503626319435294234, 0.3125164793751674663, 0.3742426024152418207, 0.4378501622567364526, 0.5026573259791423665, 0.5677454391232089614, 0.6305759140874039881, 0.6927720900845494301, 0.7542675456219435359, 0.8151205536325724088, 0.8760513585553990623, 0.9379817981186490128, 0.9999999999999998890 ),
 .UNSPECIFIED. ) ;
#3106 = ORIENTED_EDGE ( 'NONE', *, *, #3346, .T. ) ;
#3107 = VECTOR ( 'NONE', #370, 1000.000000000000000 ) ;
#3108 = B_SPLINE_CURVE_WITH_KNOTS ( 'NONE', 3,
 ( #1168, #3320, #3250, #5385, #5451, #644, #1606, #3774, #3742, #5878, #2160, #1065, #4926, #2684, #116 ),
 .UNSPECIFIED., .F., .F.,
 ( 4, 1, 1, 1, 1, 1, 1, 1, 1, 1, 1, 1, 4 ),
 ( 0.000000000000000000, 0.08592051741176728874, 0.1695934351247421756, 0.2524755148685392525, 0.3362444769570505088, 0.4195045210415733750, 0.5020359066440908125, 0.5847746476768730384, 0.6698464747058013868, 0.7541848663887871229, 0.8366582383293275083, 0.9180097257088053464, 1.000000000000000000 ),
 .UNSPECIFIED. ) ;
#3109 = DIRECTION ( 'NONE',  ( 1.000000000000000000, 2.220446049250312588E-16, 1.035379938102577819E-30 ) ) ;
#3110 = CARTESIAN_POINT ( 'NONE',  ( -196.2999999999999261, 11.84044341603308048, 10.32958570388694319 ) ) ;
#3111 = CIRCLE ( 'NONE', #79, 11.00000000000000000 ) ;
#3112 = DIRECTION ( 'NONE',  ( -2.220446049250312588E-16, 1.000000000000000000, 1.224646799147356165E-16 ) ) ;
#3113 = DIRECTION ( 'NONE',  ( -0.3830490080632378835, 0.9237280213470682178, 0.000000000000000000 ) ) ;
#3114 = ORIENTED_EDGE ( 'NONE', *, *, #4540, .F. ) ;
#3115 = CARTESIAN_POINT ( 'NONE',  ( -196.2999999999999261, 12.22840346561515368, 9.747033982192052193 ) ) ;
#3116 = VECTOR ( 'NONE', #5602, 1000.000000000000000 ) ;
#3117 = LINE ( 'NONE', #5708, #3497 ) ;
#3118 = EDGE_CURVE ( 'NONE', #3912, #4566, #964, .T. ) ;
#3119 = ADVANCED_FACE ( 'NONE', ( #1426, #1990, #6329 ), #2582, .T. ) ;
#3120 = ORIENTED_EDGE ( 'NONE', *, *, #5765, .T. ) ;
#3121 = DIRECTION ( 'NONE',  ( -0.000000000000000000, -0.000000000000000000, -1.000000000000000000 ) ) ;
#3122 = CARTESIAN_POINT ( 'NONE',  ( -199.4999999999999147, 12.99999999999993783, -0.4999999999989839239 ) ) ;
#3123 = PLANE ( 'NONE',  #4640 ) ;
#3124 = ORIENTED_EDGE ( 'NONE', *, *, #925, .T. ) ;
#3125 = CARTESIAN_POINT ( 'NONE',  ( -22.00000000000000000, -5.204170427930421283E-15, 20.00000000000007461 ) ) ;
#3126 = CARTESIAN_POINT ( 'NONE',  ( -12.00000000000000178, 8.499999999999996447, 18.50000000000000000 ) ) ;
#3127 = VERTEX_POINT ( 'NONE', #6366 ) ;
#3128 = CIRCLE ( 'NONE', #754, 1.600000000000018074 ) ;
#3129 = ORIENTED_EDGE ( 'NONE', *, *, #3131, .T. ) ;
#3130 = CARTESIAN_POINT ( 'NONE',  ( -196.2999999999999261, 11.80080048900062550, 12.88086860354151497 ) ) ;
#3131 = EDGE_CURVE ( 'NONE', #6882, #2714, #891, .T. ) ;
#3132 = CARTESIAN_POINT ( 'NONE',  ( -196.4999999999999147, 11.84571459897879819, 8.305096238501779027 ) ) ;
#3133 = LINE ( 'NONE', #459, #4411 ) ;
#3134 = ORIENTED_EDGE ( 'NONE', *, *, #5996, .F. ) ;
#3135 = DIRECTION ( 'NONE',  ( 1.000000000000000000, 1.665334536937734318E-16, 2.655744192374251919E-32 ) ) ;
#3136 = CARTESIAN_POINT ( 'NONE',  ( -196.2999999999999261, 11.71511378739530862, 14.19390035958986473 ) ) ;
#3137 = ORIENTED_EDGE ( 'NONE', *, *, #5308, .F. ) ;
#3138 = CARTESIAN_POINT ( 'NONE',  ( -196.2999999999999261, 12.02547600804789241, 15.22179866707637963 ) ) ;
#3139 = CARTESIAN_POINT ( 'NONE',  ( -196.2999999999999261, 11.72132218292143335, 15.50226066579056905 ) ) ;
#3140 = EDGE_CURVE ( 'NONE', #4843, #6256, #4614, .T. ) ;
#3141 = CARTESIAN_POINT ( 'NONE',  ( -196.2999999999999261, 11.80097616720300024, 12.03462051183345594 ) ) ;
#3142 = CALENDAR_DATE ( 2023, 3, 12 ) ;
#3143 = ORIENTED_EDGE ( 'NONE', *, *, #3078, .F. ) ;
#3144 = CARTESIAN_POINT ( 'NONE',  ( -196.4999999999999147, 12.18765571203242182, 13.51257464875491898 ) ) ;
#3145 = CARTESIAN_POINT ( 'NONE',  ( -196.2999999999999261, 11.78661179435708561, 10.41651670078753611 ) ) ;
#3146 = CARTESIAN_POINT ( 'NONE',  ( -196.2999999999999261, 11.50141186431838491, 11.05245028947768660 ) ) ;
#3147 = DIRECTION ( 'NONE',  ( 0.000000000000000000, -1.224646799147353700E-16, 1.000000000000000000 ) ) ;
#3148 = VERTEX_POINT ( 'NONE', #931 ) ;
#3149 = VECTOR ( 'NONE', #371, 1000.000000000000000 ) ;
#3150 = LINE ( 'NONE', #1682, #550 ) ;
#3151 = CARTESIAN_POINT ( 'NONE',  ( -196.4999999999999147, 11.64618884637529028, 8.489522430823646104 ) ) ;
#3152 = VECTOR ( 'NONE', #3978, 1000.000000000000000 ) ;
#3153 = AXIS2_PLACEMENT_3D ( 'NONE', #3363, #88, #2693 ) ;
#3154 = CARTESIAN_POINT ( 'NONE',  ( -196.2999999999999261, 11.71511378739530862, 14.12266638523089135 ) ) ;
#3155 = EDGE_LOOP ( 'NONE', ( #4409, #1870, #3961, #4224 ) ) ;
#3156 = DIRECTION ( 'NONE',  ( -1.000000000000000000, -4.336808689942013792E-16, 0.000000000000000000 ) ) ;
#3157 = EDGE_CURVE ( 'NONE', #5352, #1758, #6832, .T. ) ;
#3158 = DIRECTION ( 'NONE',  ( -0.9237280213470681067, -0.3830490080632377170, 0.000000000000000000 ) ) ;
#3159 = DIRECTION ( 'NONE',  ( 0.000000000000000000, 0.000000000000000000, 1.000000000000000000 ) ) ;
#3160 = ORIENTED_EDGE ( 'NONE', *, *, #2210, .F. ) ;
#3161 = CARTESIAN_POINT ( 'NONE',  ( 10.16100823481774995, 4.213539088695615220, -2.000000000000000000 ) ) ;
#3162 = EDGE_CURVE ( 'NONE', #435, #861, #2545, .T. ) ;
#3163 = CARTESIAN_POINT ( 'NONE',  ( -196.4999999999999147, 11.92881571047223233, 10.22864845654499355 ) ) ;
#3164 = ADVANCED_FACE ( 'NONE', ( #4165 ), #4791, .T. ) ;
#3165 = AXIS2_PLACEMENT_3D ( 'NONE', #4151, #1486, #1519 ) ;
#3166 = EDGE_LOOP ( 'NONE', ( #5291, #4262 ) ) ;
#3167 = VERTEX_POINT ( 'NONE', #1037 ) ;
#3168 = LINE ( 'NONE', #6920, #2923 ) ;
#3169 = CARTESIAN_POINT ( 'NONE',  ( -196.4999999999999147, 11.64319768714010550, 8.386958025275911055 ) ) ;
#3170 = CARTESIAN_POINT ( 'NONE',  ( -196.4999999999999147, 11.78298223433184866, 17.11473076948701078 ) ) ;
#3171 = CARTESIAN_POINT ( 'NONE',  ( -196.2999999999999261, 11.77117724068560989, 14.23016136495748540 ) ) ;
#3172 = EDGE_CURVE ( 'NONE', #3980, #6264, #6405, .T. ) ;
#3173 = CARTESIAN_POINT ( 'NONE',  ( -196.2999999999999261, 11.71223434462575419, 13.05225078239315906 ) ) ;
#3174 = ORIENTED_EDGE ( 'NONE', *, *, #3848, .T. ) ;
#3175 = DIRECTION ( 'NONE',  ( -0.3830490080632378280, 0.9237280213470681067, 0.000000000000000000 ) ) ;
#3176 = CARTESIAN_POINT ( 'NONE',  ( -196.4999999999999147, 11.77617147970300238, 12.97735764124050739 ) ) ;
#3177 = DIRECTION ( 'NONE',  ( -1.650905733425802936E-16, 0.9913357927840350525, -0.1313519925438843550 ) ) ;
#3178 = AXIS2_PLACEMENT_3D ( 'NONE', #2286, #6564, #3796 ) ;
#3179 = ORIENTED_EDGE ( 'NONE', *, *, #5901, .T. ) ;
#3180 = CARTESIAN_POINT ( 'NONE',  ( -196.2999999999999261, 12.30506119651315622, 12.24481108517467298 ) ) ;
#3181 = EDGE_CURVE ( 'NONE', #1446, #6906, #5953, .T. ) ;
#3182 = OPEN_SHELL ( 'NONE', ( #6935 ) ) ;
#3183 = DIRECTION ( 'NONE',  ( 6.162975822039154730E-33, 1.224646799147353454E-16, -1.000000000000000000 ) ) ;
#3184 = PLANE ( 'NONE',  #6962 ) ;
#3185 = DIRECTION ( 'NONE',  ( 3.330669073875469621E-16, -1.000000000000000000, -1.224646799147353947E-16 ) ) ;
#3186 = CARTESIAN_POINT ( 'NONE',  ( -196.2999999999999261, 12.19355804821261557, 7.917678404461661046 ) ) ;
#3187 = ORIENTED_EDGE ( 'NONE', *, *, #1692, .T. ) ;
#3188 = CARTESIAN_POINT ( 'NONE',  ( -196.4999999999999147, 12.31551442842094879, 9.561306960150762535 ) ) ;
#3189 = CARTESIAN_POINT ( 'NONE',  ( -196.2999999999999261, 11.95934455662607832, 7.153662228580250471 ) ) ;
#3190 = B_SPLINE_CURVE_WITH_KNOTS ( 'NONE', 3,
 ( #6388, #1091, #1125, #3277, #3240, #4813, #5413, #532, #6925, #605, #2113 ),
 .UNSPECIFIED., .F., .F.,
 ( 4, 1, 1, 1, 1, 1, 1, 1, 4 ),
 ( 0.000000000000000000, 0.1342983790141685230, 0.2620849753823029094, 0.3862699121345000708, 0.5071645966227991131, 0.6273002357255096362, 0.7481449416029971600, 0.8723701771613527889, 1.000000000000000000 ),
 .UNSPECIFIED. ) ;
#3191 = VERTEX_POINT ( 'NONE', #4969 ) ;
#3192 = CARTESIAN_POINT ( 'NONE',  ( -196.2999999999999261, 12.16054719728292888, 8.102897767805902873 ) ) ;
#3193 = ORIENTED_EDGE ( 'NONE', *, *, #4961, .F. ) ;
#3194 = CARTESIAN_POINT ( 'NONE',  ( -196.2999999999999261, 11.90146695245941189, 8.373067026256531875 ) ) ;
#3195 = CARTESIAN_POINT ( 'NONE',  ( -5.971883874145982318, -7.789090853690733063, -10.40000000000000036 ) ) ;
#3196 = CARTESIAN_POINT ( 'NONE',  ( -196.4999999999999147, 11.88650869520401976, 15.24493755525609551 ) ) ;
#3197 = ORIENTED_EDGE ( 'NONE', *, *, #463, .T. ) ;
#3198 = FACE_OUTER_BOUND ( 'NONE', #6643, .T. ) ;
#3199 = DIRECTION ( 'NONE',  ( -1.000000000000000000, -1.665334536937734318E-16, -3.081487911019576818E-32 ) ) ;
#3200 = B_SPLINE_CURVE_WITH_KNOTS ( 'NONE', 3,
 ( #707, #143, #5972, #4916, #1159, #634, #3311, #2851, #4432, #6496, #5443, #1268, #6566, #603, #5936 ),
 .UNSPECIFIED., .F., .F.,
 ( 4, 1, 1, 1, 1, 1, 1, 1, 1, 1, 1, 1, 4 ),
 ( 0.000000000000000000, 0.08592051741176756630, 0.1695934351247427307, 0.2524755148685378092, 0.3362444769570492875, 0.4195045210415704329, 0.5020359066440881479, 0.5847746476768705959, 0.6698464747058006097, 0.7541848663887855686, 0.8366582383293270642, 0.9180097257088051244, 1.000000000000000000 ),
 .UNSPECIFIED. ) ;
#3201 = ORIENTED_EDGE ( 'NONE', *, *, #1472, .F. ) ;
#3202 = ORIENTED_EDGE ( 'NONE', *, *, #5646, .F. ) ;
#3203 = CARTESIAN_POINT ( 'NONE',  ( -202.2499999999999716, 15.99999999999993783, 4.000000000000072831 ) ) ;
#3204 = LINE ( 'NONE', #2707, #2370 ) ;
#3205 = LINE ( 'NONE', #5794, #705 ) ;
#3206 = DIRECTION ( 'NONE',  ( -1.665334536937734564E-16, 1.000000000000000000, 1.224646799147353947E-16 ) ) ;
#3207 = ADVANCED_FACE ( 'NONE', ( #6653 ), #6123, .T. ) ;
#3208 = CARTESIAN_POINT ( 'NONE',  ( -24.99999999999999645, -5.204170427930421283E-15, 7.285838599102589797E-14 ) ) ;
#3209 = EDGE_CURVE ( 'NONE', #5267, #3689, #2270, .T. ) ;
#3210 = ORIENTED_EDGE ( 'NONE', *, *, #4490, .F. ) ;
#3211 = CARTESIAN_POINT ( 'NONE',  ( -210.0000000000000000, 1.547005383792458444, 0.5000000000000750511 ) ) ;
#3212 = CARTESIAN_POINT ( 'NONE',  ( -196.2999999999999261, 11.76592467436629619, 15.56498055389423207 ) ) ;
#3213 = CARTESIAN_POINT ( 'NONE',  ( -196.2999999999999261, 12.16650421858533804, 9.319271557205428991 ) ) ;
#3214 = VERTEX_POINT ( 'NONE', #3291 ) ;
#3215 = DIRECTION ( 'NONE',  ( -1.000000000000000000, -1.665334536937734318E-16, -3.081487911019576818E-32 ) ) ;
#3216 = CARTESIAN_POINT ( 'NONE',  ( -196.2999999999999261, 12.30533814636966738, 17.17268892128858582 ) ) ;
#3217 = CARTESIAN_POINT ( 'NONE',  ( -196.2999999999999261, 12.16961177660713744, 12.50860246354008076 ) ) ;
#3218 = PLANE ( 'NONE',  #4612 ) ;
#3219 = CARTESIAN_POINT ( 'NONE',  ( -196.2999999999999261, 11.92881571047223233, 10.14056001503858262 ) ) ;
#3220 = CARTESIAN_POINT ( 'NONE',  ( -196.7746689069325896, 18.49999999999994316, 16.36751929630997893 ) ) ;
#3221 = DIRECTION ( 'NONE',  ( -1.000000000000000000, -1.665334536937734318E-16, -3.081487911019576818E-32 ) ) ;
#3222 = APPROVAL ( #280, 'UNSPECIFIED' ) ;
#3223 = VERTEX_POINT ( 'NONE', #4375 ) ;
#3224 = CYLINDRICAL_SURFACE ( 'NONE', #6697, 3.199999999999995737 ) ;
#3225 = CARTESIAN_POINT ( 'NONE',  ( -199.4999999999999716, 5.999999999999939604, 16.00000000000008527 ) ) ;
#3226 = CARTESIAN_POINT ( 'NONE',  ( -196.2999999999999261, 11.50141186431838491, 7.019621513436019811 ) ) ;
#3227 = VECTOR ( 'NONE', #3183, 1000.000000000000000 ) ;
#3228 = CARTESIAN_POINT ( 'NONE',  ( -196.2999999999999261, 12.26882990507477444, 8.521299930614654627 ) ) ;
#3229 = ORIENTED_EDGE ( 'NONE', *, *, #3725, .F. ) ;
#3230 = CARTESIAN_POINT ( 'NONE',  ( -59.99999999999999289, -3.200000000000022826, 18.49999999999998934 ) ) ;
#3231 = CARTESIAN_POINT ( 'NONE',  ( 3.759608614608201727, -9.066348570306418608, -1.999999999999998224 ) ) ;
#3232 = EDGE_CURVE ( 'NONE', #5405, #6602, #2755, .T. ) ;
#3233 = EDGE_LOOP ( 'NONE', ( #6638, #2556 ) ) ;
#3234 = VERTEX_POINT ( 'NONE', #3401 ) ;
#3235 = CARTESIAN_POINT ( 'NONE',  ( -209.9999999999999716, -14.00000000000006573, 0.5000000000000732747 ) ) ;
#3236 = CARTESIAN_POINT ( 'NONE',  ( -196.2999999999999261, 11.71400719044138228, 8.343909967954063589 ) ) ;
#3237 = CARTESIAN_POINT ( 'NONE',  ( -199.4999999999999147, 12.99999999999993427, 39.00000000000102318 ) ) ;
#3238 = LINE ( 'NONE', #6818, #767 ) ;
#3239 = VECTOR ( 'NONE', #7, 1000.000000000000000 ) ;
#3240 = CARTESIAN_POINT ( 'NONE',  ( -196.2999999999999261, 12.26391759793795266, 13.81097219389750741 ) ) ;
#3241 = ORIENTED_EDGE ( 'NONE', *, *, #4912, .T. ) ;
#3242 = CARTESIAN_POINT ( 'NONE',  ( -21.99999999999999289, -6.938893903907228378E-15, 20.00000000000007461 ) ) ;
#3243 = CARTESIAN_POINT ( 'NONE',  ( -196.2999999999999261, 11.79998808083571049, 15.58773801772868062 ) ) ;
#3244 = CARTESIAN_POINT ( 'NONE',  ( -196.2999999999999261, 12.31298639770986192, 9.516615245412584301 ) ) ;
#3245 = PERSON_AND_ORGANIZATION ( #6735, #1106 ) ;
#3246 = EDGE_CURVE ( 'NONE', #2042, #6844, #4894, .T. ) ;
#3247 = ADVANCED_FACE ( 'NONE', ( #5564 ), #1217, .T. ) ;
#3248 = OPEN_SHELL ( 'NONE', ( #1140, #4720, #1402, #3762 ) ) ;
#3249 = ORIENTED_EDGE ( 'NONE', *, *, #5667, .T. ) ;
#3250 = CARTESIAN_POINT ( 'NONE',  ( -196.2999999999999261, 11.77727324524534858, 17.14490324852616965 ) ) ;
#3251 = CARTESIAN_POINT ( 'NONE',  ( -196.4999999999999147, 12.21768216203531132, 13.56553715882501265 ) ) ;
#3252 = CARTESIAN_POINT ( 'NONE',  ( -196.2999999999999261, 11.79327113633657653, 12.04197938872685825 ) ) ;
#3253 = CARTESIAN_POINT ( 'NONE',  ( -196.2999999999999261, 11.77863695175911651, 12.94347115896269784 ) ) ;
#3254 = CARTESIAN_POINT ( 'NONE',  ( -190.0000000000000000, 9.999999999999939604, 10.00000000000007816 ) ) ;
#3255 = CARTESIAN_POINT ( 'NONE',  ( -196.2999999999999261, 11.83816111920171998, 13.39928248967079227 ) ) ;
#3256 = PLANE ( 'NONE',  #3153 ) ;
#3257 = ORIENTED_EDGE ( 'NONE', *, *, #1410, .F. ) ;
#3258 = CARTESIAN_POINT ( 'NONE',  ( -199.5000000000000000, 8.499999999999934275, 16.00000000000007816 ) ) ;
#3259 = CARTESIAN_POINT ( 'NONE',  ( -196.2999999999999261, 11.89660500934381915, 14.51447591900033451 ) ) ;
#3260 = CIRCLE ( 'NONE', #5162, 2.999999999999999112 ) ;
#3261 = CARTESIAN_POINT ( 'NONE',  ( -196.2999999999999261, 11.73761941622434968, 14.67563349962730435 ) ) ;
#3262 = CARTESIAN_POINT ( 'NONE',  ( -196.2999999999999261, 12.31551442842095057, 8.720332651256532230 ) ) ;
#3263 = ORIENTED_EDGE ( 'NONE', *, *, #5687, .T. ) ;
#3264 = CARTESIAN_POINT ( 'NONE',  ( -196.4999999999999147, 12.29516186431838598, 10.52026253907704501 ) ) ;
#3265 = DIRECTION ( 'NONE',  ( -1.488524603934127419E-16, 0.8938291802146071108, -0.4484076232591093780 ) ) ;
#3266 = AXIS2_PLACEMENT_3D ( 'NONE', #2795, #514, #4932 ) ;
#3267 = EDGE_LOOP ( 'NONE', ( #5072, #2180, #3707, #3197, #3339, #1494 ) ) ;
#3268 = ORIENTED_EDGE ( 'NONE', *, *, #1602, .T. ) ;
#3269 = CARTESIAN_POINT ( 'NONE',  ( -196.4999999999999147, 12.23374945295397787, 13.64408709050737478 ) ) ;
#3270 = EDGE_CURVE ( 'NONE', #4867, #6943, #2347, .T. ) ;
#3271 = CARTESIAN_POINT ( 'NONE',  ( -196.4999999999999147, 11.48432818738014127, 8.659490735747528589 ) ) ;
#3272 = AXIS2_PLACEMENT_3D ( 'NONE', #3968, #2025, #3999 ) ;
#3273 = B_SPLINE_CURVE_WITH_KNOTS ( 'NONE', 3,
 ( #570, #1671, #4957, #75, #4401, #3391, #4331, #5978, #3839, #5940, #182 ),
 .UNSPECIFIED., .F., .F.,
 ( 4, 1, 1, 1, 1, 1, 1, 1, 4 ),
 ( 0.000000000000000000, 0.1910785917157197533, 0.3626045563099695168, 0.5160987502785586711, 0.6500380260398394006, 0.7659767209867905935, 0.8623740257993882663, 0.9408420582211745042, 0.9999999999999998890 ),
 .UNSPECIFIED. ) ;
#3274 = FACE_BOUND ( 'NONE', #4852, .T. ) ;
#3275 = VECTOR ( 'NONE', #4054, 1000.000000000000000 ) ;
#3276 = LINE ( 'NONE', #1228, #4006 ) ;
#3277 = CARTESIAN_POINT ( 'NONE',  ( -196.2999999999999261, 12.24478180001726102, 13.83872354852896258 ) ) ;
#3278 = ORIENTED_EDGE ( 'NONE', *, *, #4100, .F. ) ;
#3279 = CARTESIAN_POINT ( 'NONE',  ( -196.2999999999999261, 11.89813965505523896, 12.45818190880524767 ) ) ;
#3280 = LINE ( 'NONE', #2747, #1041 ) ;
#3281 = DIRECTION ( 'NONE',  ( 0.000000000000000000, 0.000000000000000000, 1.000000000000000000 ) ) ;
#3282 = EDGE_CURVE ( 'NONE', #5299, #5459, #2451, .T. ) ;
#3283 = VERTEX_POINT ( 'NONE', #2407 ) ;
#3284 = B_SPLINE_CURVE_WITH_KNOTS ( 'NONE', 3,
 ( #2328, #6610, #6540, #5979, #2225, #5449, #1166, #219, #184, #3805, #4959, #4472, #715, #1805, #5030 ),
 .UNSPECIFIED., .F., .F.,
 ( 4, 1, 1, 1, 1, 1, 1, 1, 1, 1, 1, 1, 4 ),
 ( 0.000000000000000000, 0.08560569497352712998, 0.1689832639222359489, 0.2509075823297909347, 0.3337080961143239488, 0.4160049842563385836, 0.4976595675743801794, 0.5798932856419647397, 0.6639023210428561805, 0.7484662538082589300, 0.8317908864798557733, 0.9152519088316870555, 1.000000000000000000 ),
 .UNSPECIFIED. ) ;
#3285 = CARTESIAN_POINT ( 'NONE',  ( -196.2999999999999261, 12.28340440074603990, 12.13517491998560871 ) ) ;
#3286 = EDGE_CURVE ( 'NONE', #2609, #6755, #1391, .T. ) ;
#3287 = CARTESIAN_POINT ( 'NONE',  ( -196.2999999999999261, 12.19483008346902686, 13.88861189805140484 ) ) ;
#3288 = CARTESIAN_POINT ( 'NONE',  ( -196.2999999999999261, 11.70564115959945717, 12.22330839096916044 ) ) ;
#3289 = AXIS2_PLACEMENT_3D ( 'NONE', #2983, #808, #6173 ) ;
#3290 = CARTESIAN_POINT ( 'NONE',  ( -11.99999999999999645, -10.00000000000000000, 7.285838599102589797E-14 ) ) ;
#3291 = CARTESIAN_POINT ( 'NONE',  ( -59.99999999999999289, -3.200000000000019273, 7.246649901529873792E-14 ) ) ;
#3292 = CARTESIAN_POINT ( 'NONE',  ( -196.4999999999999147, 12.30894908278305344, 9.621959169994154237 ) ) ;
#3293 = LINE ( 'NONE', #1648, #6736 ) ;
#3294 = VECTOR ( 'NONE', #5089, 1000.000000000000000 ) ;
#3295 = ORIENTED_EDGE ( 'NONE', *, *, #2967, .F. ) ;
#3296 = ADVANCED_FACE ( 'NONE', ( #3505 ), #2019, .T. ) ;
#3297 = DIRECTION ( 'NONE',  ( 0.000000000000000000, -1.224646799147353700E-16, 1.000000000000000000 ) ) ;
#3298 = CARTESIAN_POINT ( 'NONE',  ( -196.4999999999999147, 11.70493750534402544, 15.81908440406102123 ) ) ;
#3299 = EDGE_CURVE ( 'NONE', #2782, #5584, #4583, .T. ) ;
#3300 = DIRECTION ( 'NONE',  ( -1.665334536937734318E-16, 1.000000000000000000, 1.224646799147353947E-16 ) ) ;
#3301 = CARTESIAN_POINT ( 'NONE',  ( -196.2999999999999261, 11.59505891052723214, 7.855487364639720305 ) ) ;
#3302 = VERTEX_POINT ( 'NONE', #3034 ) ;
#3303 = CARTESIAN_POINT ( 'NONE',  ( -199.4999999999999147, 12.99999999999993427, 35.00000000000101608 ) ) ;
#3304 = DIRECTION ( 'NONE',  ( -0.000000000000000000, -0.000000000000000000, -1.000000000000000000 ) ) ;
#3305 = OPEN_SHELL ( 'NONE', ( #119, #2765, #985, #5478, #3247 ) ) ;
#3306 = VERTEX_POINT ( 'NONE', #788 ) ;
#3307 = ORIENTED_EDGE ( 'NONE', *, *, #587, .F. ) ;
#3308 = CARTESIAN_POINT ( 'NONE',  ( -196.2999999999999261, 12.31447038845767139, 8.677594762087643687 ) ) ;
#3309 = CARTESIAN_POINT ( 'NONE',  ( -196.2999999999999261, 11.50239852183019806, 8.581224898280574109 ) ) ;
#3310 = PLANE ( 'NONE',  #481 ) ;
#3311 = CARTESIAN_POINT ( 'NONE',  ( -196.2999999999999261, 11.82180686733710751, 13.51188393236420637 ) ) ;
#3312 = APPROVAL ( #2191, 'UNSPECIFIED' ) ;
#3313 = CARTESIAN_POINT ( 'NONE',  ( -196.2999999999999261, 11.75113970153526388, 14.91908741228412438 ) ) ;
#3314 = DIRECTION ( 'NONE',  ( 0.000000000000000000, 1.224646799147353700E-16, -1.000000000000000000 ) ) ;
#3315 = PLANE ( 'NONE',  #2722 ) ;
#3316 = ORIENTED_EDGE ( 'NONE', *, *, #2860, .F. ) ;
#3317 = DIRECTION ( 'NONE',  ( -1.000000000000000000, 0.000000000000000000, 0.000000000000000000 ) ) ;
#3318 = VERTEX_POINT ( 'NONE', #825 ) ;
#3319 = EDGE_CURVE ( 'NONE', #6147, #2092, #6360, .T. ) ;
#3320 = CARTESIAN_POINT ( 'NONE',  ( -196.2999999999999261, 11.77654196540260756, 17.16545629351933755 ) ) ;
#3321 = ORIENTED_EDGE ( 'NONE', *, *, #5578, .T. ) ;
#3322 = CARTESIAN_POINT ( 'NONE',  ( -100.9999999999999716, 8.499999999999968026, 10.00000000000007816 ) ) ;
#3323 = CARTESIAN_POINT ( 'NONE',  ( -196.2999999999999261, 11.82019838336701767, 12.85252491911760409 ) ) ;
#3324 = CARTESIAN_POINT ( 'NONE',  ( -196.2999999999999261, 12.14000624431902509, 8.014097886420090688 ) ) ;
#3325 = CARTESIAN_POINT ( 'NONE',  ( -196.2999999999999261, 12.30025652795808000, 17.11252942137045707 ) ) ;
#3326 = FACE_BOUND ( 'NONE', #1214, .T. ) ;
#3327 = ORIENTED_EDGE ( 'NONE', *, *, #5815, .F. ) ;
#3328 = CARTESIAN_POINT ( 'NONE',  ( -196.2999999999999261, 12.27869848846371426, 7.929492575086222850 ) ) ;
#3329 = CARTESIAN_POINT ( 'NONE',  ( -196.2999999999999261, 12.21777298547544000, 13.74467446012051042 ) ) ;
#3330 = LINE ( 'NONE', #5463, #2824 ) ;
#3331 = CARTESIAN_POINT ( 'NONE',  ( -196.2999999999999261, 12.19001078484636835, 9.428423883254401616 ) ) ;
#3332 = VERTEX_POINT ( 'NONE', #2971 ) ;
#3333 = CARTESIAN_POINT ( 'NONE',  ( -196.4999999999999147, 11.89780985109723233, 9.065054205743711790 ) ) ;
#3334 = LINE ( 'NONE', #5370, #1022 ) ;
#3335 = EDGE_CURVE ( 'NONE', #1134, #3906, #2508, .T. ) ;
#3336 = EDGE_CURVE ( 'NONE', #4178, #568, #6685, .T. ) ;
#3337 = ORIENTED_EDGE ( 'NONE', *, *, #6671, .F. ) ;
#3338 = AXIS2_PLACEMENT_3D ( 'NONE', #4119, #5767, #1453 ) ;
#3339 = ORIENTED_EDGE ( 'NONE', *, *, #6767, .F. ) ;
#3340 = DIRECTION ( 'NONE',  ( -1.000000000000000000, -1.665334536937734318E-16, -3.081487911019576818E-32 ) ) ;
#3341 = CARTESIAN_POINT ( 'NONE',  ( -5.971883874145984095, -7.789090853690733063, -9.571572875253810508 ) ) ;
#3342 = CIRCLE ( 'NONE', #2544, 1.600000000000018074 ) ;
#3343 = FACE_OUTER_BOUND ( 'NONE', #2488, .T. ) ;
#3344 = CARTESIAN_POINT ( 'NONE',  ( -196.2999999999999261, 11.99701768898378873, 11.95537305904873016 ) ) ;
#3345 = AXIS2_PLACEMENT_3D ( 'NONE', #3784, #91, #4346 ) ;
#3346 = EDGE_CURVE ( 'NONE', #5395, #5067, #4911, .T. ) ;
#3347 = CARTESIAN_POINT ( 'NONE',  ( -196.2999999999999261, 11.68934574267832183, 8.356764329205731201 ) ) ;
#3348 = CARTESIAN_POINT ( 'NONE',  ( -196.2999999999999261, 11.84353874601070267, 12.41675611005237556 ) ) ;
#3349 = CARTESIAN_POINT ( 'NONE',  ( -196.4999999999999147, 11.77617147970300238, 12.97735764124050739 ) ) ;
#3350 = ORIENTED_EDGE ( 'NONE', *, *, #5748, .T. ) ;
#3351 = CYLINDRICAL_SURFACE ( 'NONE', #4917, 2.750000000000002665 ) ;
#3352 = VECTOR ( 'NONE', #264, 1000.000000000000000 ) ;
#3353 = ORIENTED_EDGE ( 'NONE', *, *, #6479, .T. ) ;
#3354 = CARTESIAN_POINT ( 'NONE',  ( -196.2999999999999261, 11.88062522074761063, 8.108138605589966019 ) ) ;
#3355 = ORIENTED_EDGE ( 'NONE', *, *, #3764, .F. ) ;
#3356 = FACE_OUTER_BOUND ( 'NONE', #2046, .T. ) ;
#3357 = EDGE_CURVE ( 'NONE', #101, #5980, #315, .T. ) ;
#3358 = CARTESIAN_POINT ( 'NONE',  ( -196.2999999999999261, 11.60778208642411080, 8.892138850743130263 ) ) ;
#3360 = B_SPLINE_CURVE_WITH_KNOTS ( 'NONE', 3,
 ( #165, #1782, #6061, #6720, #1255, #5634, #823, #1915, #3536, #6929, #2054, #3661, #5381, #1030, #4259, #5875, #429, #4686, #2116 ),
 .UNSPECIFIED., .F., .F.,
 ( 4, 1, 1, 1, 1, 1, 1, 1, 1, 1, 1, 1, 1, 1, 1, 1, 4 ),
 ( 0.000000000000000000, 0.06522650389227589718, 0.1285689957067288058, 0.1903203781044671417, 0.2513779886240631867, 0.3123875283336945419, 0.3737887042767237267, 0.4364311597804504950, 0.5005667553098540612, 0.5646867953847443111, 0.6271355178835134048, 0.6884554088949800255, 0.7492457464637474196, 0.8101551773646785692, 0.8716709256529237004, 0.9347734961077240889, 1.000000000000000000 ),
 .UNSPECIFIED. ) ;
#3359 = CARTESIAN_POINT ( 'NONE',  ( -196.4999999999999147, 11.77088567006646969, 15.96565077672496358 ) ) ;
#3361 = VECTOR ( 'NONE', #5926, 1000.000000000000000 ) ;
#3362 = CARTESIAN_POINT ( 'NONE',  ( -196.2999999999999261, 12.01384433290461651, 16.87054053371738149 ) ) ;
#3363 = CARTESIAN_POINT ( 'NONE',  ( -196.2999999999999261, 12.29516186431838420, 14.59077535958986438 ) ) ;
#3364 = B_SPLINE_CURVE_WITH_KNOTS ( 'NONE', 3,
 ( #2886, #4467, #6110, #6042, #3941, #4536, #2356, #3387, #6536, #5516, #2290, #1836, #1305, #710, #671, #2853, #2395, #212, #775 ),
 .UNSPECIFIED., .F., .F.,
 ( 4, 1, 1, 1, 1, 1, 1, 1, 1, 1, 1, 1, 1, 1, 1, 1, 4 ),
 ( 0.000000000000000000, 0.06881429582430920178, 0.1363648245522141311, 0.2040193535112466983, 0.2730637386246113629, 0.3429133195614889051, 0.4109654441389576363, 0.4791687665134454766, 0.5493080065097827314, 0.5876515764176508672, 0.6306466687627917400, 0.6788787856966477241, 0.7319342992295823080, 0.7911114229480482596, 0.8552831895130769135, 0.9250859386773863102, 1.000000000000000000 ),
 .UNSPECIFIED. ) ;
#3365 = DIRECTION ( 'NONE',  ( -0.8660254037844397068, 0.4999999999999981681, -2.713910702717140056E-17 ) ) ;
#3366 = CARTESIAN_POINT ( 'NONE',  ( -196.2999999999999261, 11.89033664396582068, 13.12729879708986580 ) ) ;
#3367 = CARTESIAN_POINT ( 'NONE',  ( -196.2999999999999261, 12.06953461071261557, 15.61857984676935374 ) ) ;
#3368 = DIRECTION ( 'NONE',  ( -0.7071067811865474617, -0.7071067811865474617, 0.000000000000000000 ) ) ;
#3369 = ORIENTED_EDGE ( 'NONE', *, *, #5558, .T. ) ;
#3370 = CYLINDRICAL_SURFACE ( 'NONE', #324, 1.499999999999999556 ) ;
#3371 = CARTESIAN_POINT ( 'NONE',  ( -196.2999999999999261, 11.84502038795620749, 15.60633650742640555 ) ) ;
#3372 = ORIENTED_EDGE ( 'NONE', *, *, #1873, .F. ) ;
#3373 = AXIS2_PLACEMENT_3D ( 'NONE', #1370, #6738, #6206 ) ;
#3374 = EDGE_CURVE ( 'NONE', #2431, #3411, #5141, .T. ) ;
#3375 = ORIENTED_EDGE ( 'NONE', *, *, #3162, .F. ) ;
#3376 = DIRECTION ( 'NONE',  ( 1.000000000000000000, 0.000000000000000000, 0.000000000000000000 ) ) ;
#3377 = CARTESIAN_POINT ( 'NONE',  ( -196.4999999999999147, 12.22280646469203624, 8.985012849882961561 ) ) ;
#3378 = EDGE_CURVE ( 'NONE', #6186, #3407, #329, .T. ) ;
#3379 = CARTESIAN_POINT ( 'NONE',  ( -196.4999999999999147, 11.49463319183015564, 8.606841398792244746 ) ) ;
#3380 = EDGE_CURVE ( 'NONE', #3100, #3283, #6759, .T. ) ;
#3381 = DIRECTION ( 'NONE',  ( -1.000000000000000000, -1.734723475976807094E-16, 0.000000000000000000 ) ) ;
#3382 = CARTESIAN_POINT ( 'NONE',  ( -196.4999999999999147, 11.76760848498089196, 9.039826483145047220 ) ) ;
#3383 = DIRECTION ( 'NONE',  ( -1.665334536937734318E-16, 1.000000000000000000, 1.224646799147353947E-16 ) ) ;
#3384 = EDGE_LOOP ( 'NONE', ( #1149, #4923 ) ) ;
#3385 = VECTOR ( 'NONE', #5886, 1000.000000000000000 ) ;
#3386 = VECTOR ( 'NONE', #4539, 1000.000000000000000 ) ;
#3387 = CARTESIAN_POINT ( 'NONE',  ( -196.2999999999999261, 11.61456283808418455, 10.38951241030576966 ) ) ;
#3388 = VECTOR ( 'NONE', #1774, 1000.000000000000000 ) ;
#3389 = CARTESIAN_POINT ( 'NONE',  ( -196.2999999999999261, 11.79262347944078293, 12.34261260805564930 ) ) ;
#3390 = EDGE_CURVE ( 'NONE', #320, #6219, #5734, .T. ) ;
#3391 = CARTESIAN_POINT ( 'NONE',  ( -196.2999999999999261, 12.04505179319846242, 9.371059898223364826 ) ) ;
#3392 = ORIENTED_EDGE ( 'NONE', *, *, #3725, .T. ) ;
#3393 = CARTESIAN_POINT ( 'NONE',  ( -209.9999999999999716, -14.00000000000006928, 19.50000000000007105 ) ) ;
#3394 = VECTOR ( 'NONE', #2125, 1000.000000000000000 ) ;
#3395 = VECTOR ( 'NONE', #946, 1000.000000000000000 ) ;
#3396 = ORIENTED_EDGE ( 'NONE', *, *, #925, .F. ) ;
#3397 = CARTESIAN_POINT ( 'NONE',  ( -196.4999999999999147, 11.86420636104371873, 16.98973463055864030 ) ) ;
#3398 = ORIENTED_EDGE ( 'NONE', *, *, #5928, .F. ) ;
#3399 = CARTESIAN_POINT ( 'NONE',  ( -196.2999999999999261, 11.75059460007132550, 8.155290790297806680 ) ) ;
#3400 = LINE ( 'NONE', #723, #2711 ) ;
#3401 = CARTESIAN_POINT ( 'NONE',  ( -196.2999999999999261, 12.29516186431838420, 16.01545484676935516 ) ) ;
#3402 = CARTESIAN_POINT ( 'NONE',  ( -196.2999999999999261, 12.29342333340710880, 17.08393350051244752 ) ) ;
#3403 = EDGE_CURVE ( 'NONE', #3081, #4748, #2055, .T. ) ;
#3404 = VECTOR ( 'NONE', #5409, 1000.000000000000000 ) ;
#3405 = CARTESIAN_POINT ( 'NONE',  ( -196.4999999999999147, 11.73454370817875692, 15.92531101320832754 ) ) ;
#3406 = CARTESIAN_POINT ( 'NONE',  ( -196.2999999999999261, 11.71790690408557545, 12.34894613483658610 ) ) ;
#3407 = VERTEX_POINT ( 'NONE', #2117 ) ;
#3408 = DIRECTION ( 'NONE',  ( -1.000000000000000000, -3.330669073875469621E-16, -1.020425574104004492E-16 ) ) ;
#3409 = CARTESIAN_POINT ( 'NONE',  ( -196.2999999999999261, 11.78454795849018844, 15.64795191167004162 ) ) ;
#3410 = AXIS2_PLACEMENT_3D ( 'NONE', #4453, #4554, #5641 ) ;
#3411 = VERTEX_POINT ( 'NONE', #42 ) ;
#3412 = VERTEX_POINT ( 'NONE', #4260 ) ;
#3413 = CARTESIAN_POINT ( 'NONE',  ( -196.4999999999999147, 12.30853281986863657, 8.635971184421162405 ) ) ;
#3414 = CARTESIAN_POINT ( 'NONE',  ( -196.2999999999999261, 11.82135303253940251, 14.57000853407049767 ) ) ;
#3415 = CARTESIAN_POINT ( 'NONE',  ( -196.2999999999999261, 11.53615037001387300, 8.507485154943248418 ) ) ;
#3416 = CARTESIAN_POINT ( 'NONE',  ( -196.4999999999999147, 11.78343653428150262, 15.35828440629468261 ) ) ;
#3417 = CARTESIAN_POINT ( 'NONE',  ( -196.2999999999999261, 11.76760848498089196, 9.039826483145047220 ) ) ;
#3418 = CARTESIAN_POINT ( 'NONE',  ( -196.2999999999999261, 11.58782031832974724, 8.586474986539323950 ) ) ;
#3419 = ORIENTED_EDGE ( 'NONE', *, *, #1012, .F. ) ;
#3420 = DIRECTION ( 'NONE',  ( 1.000000000000000000, 5.627494197047132110E-13, 7.058846337077042180E-13 ) ) ;
#3421 = CARTESIAN_POINT ( 'NONE',  ( -199.4999999999999716, 17.74999999999994316, 16.00000000000008527 ) ) ;
#3422 = CARTESIAN_POINT ( 'NONE',  ( -196.2999999999999261, 11.80230410899917715, 12.36242882233771212 ) ) ;
#3423 = LINE ( 'NONE', #5520, #2056 ) ;
#3424 = ORIENTED_EDGE ( 'NONE', *, *, #3378, .T. ) ;
#3425 = CARTESIAN_POINT ( 'NONE',  ( -196.2999999999999261, 11.76793693343638481, 15.26056330029871511 ) ) ;
#3426 = EDGE_CURVE ( 'NONE', #6380, #629, #3630, .T. ) ;
#3427 = EDGE_CURVE ( 'NONE', #1784, #6225, #2576, .T. ) ;
#3428 = EDGE_CURVE ( 'NONE', #3013, #2273, #203, .T. ) ;
#3429 = ORIENTED_EDGE ( 'NONE', *, *, #2561, .T. ) ;
#3430 = CARTESIAN_POINT ( 'NONE',  ( -196.4999999999999147, 11.94537402037247809, 16.94894363819734195 ) ) ;
#3431 = EDGE_LOOP ( 'NONE', ( #3802, #878, #747, #5439, #1807, #2102, #2007, #5489 ) ) ;
#3432 = DIRECTION ( 'NONE',  ( 6.978720559132285620E-17, -0.4190581774617467836, 0.9079593845004517716 ) ) ;
#3433 = CARTESIAN_POINT ( 'NONE',  ( -196.2999999999999261, 11.92976973691454035, 12.78019217649691619 ) ) ;
#3434 = CARTESIAN_POINT ( 'NONE',  ( -196.2999999999999261, 12.02977719190594996, 8.089007768416294653 ) ) ;
#3435 = CARTESIAN_POINT ( 'NONE',  ( -196.4999999999999147, 12.22310729244763650, 8.453488908825551817 ) ) ;
#3436 = CARTESIAN_POINT ( 'NONE',  ( -10.16100823481774995, -4.213539088695613444, -2.000000000000000000 ) ) ;
#3437 = CARTESIAN_POINT ( 'NONE',  ( -196.2999999999999261, 11.65869240398743756, 10.50416786340002773 ) ) ;
#3438 = CARTESIAN_POINT ( 'NONE',  ( -21.99999999999999289, -3.469446951953614189E-15, 1.500000000000127898 ) ) ;
#3439 = ORIENTED_EDGE ( 'NONE', *, *, #5427, .T. ) ;
#3440 = FACE_OUTER_BOUND ( 'NONE', #302, .T. ) ;
#3441 = LINE ( 'NONE', #1786, #2703 ) ;
#3442 = ORIENTED_EDGE ( 'NONE', *, *, #2514, .F. ) ;
#3443 = DIRECTION ( 'NONE',  ( -1.000000000000000000, -1.665334536937734318E-16, -3.081487911019576818E-32 ) ) ;
#3444 = DIRECTION ( 'NONE',  ( -3.330669073875469621E-16, 1.000000000000000000, 1.224646799147353947E-16 ) ) ;
#3445 = CARTESIAN_POINT ( 'NONE',  ( -196.2999999999999261, 11.71169739659562836, 15.36028212482300148 ) ) ;
#3446 = EDGE_CURVE ( 'NONE', #5067, #2206, #5472, .T. ) ;
#3447 = DIRECTION ( 'NONE',  ( -1.000000000000000000, 0.000000000000000000, 0.000000000000000000 ) ) ;
#3448 = CARTESIAN_POINT ( 'NONE',  ( -196.2999999999999261, 11.63222932247492736, 8.930912611414015601 ) ) ;
#3449 = LINE ( 'NONE', #4044, #2773 ) ;
#3450 = B_SPLINE_CURVE_WITH_KNOTS ( 'NONE', 3,
 ( #520, #5364, #2662, #4800, #3754, #6412, #4313, #5400, #4870, #1983, #919, #294, #3889, #2307, #4121, #6025, #6221, #1953, #3922 ),
 .UNSPECIFIED., .F., .F.,
 ( 4, 1, 1, 1, 1, 1, 1, 1, 1, 1, 1, 1, 1, 1, 1, 1, 4 ),
 ( 0.000000000000000000, 0.07834298519370071212, 0.1505633028794202410, 0.2161510566599773031, 0.2756797924514269305, 0.3287070503654629383, 0.3759044348322087559, 0.4173018977400340668, 0.4526927480535847259, 0.5172652917530141670, 0.5812165680623078146, 0.6453218939728014858, 0.7120244933797650333, 0.7801300447160437468, 0.8502182262116682043, 0.9226485217347387691, 1.000000000000000000 ),
 .UNSPECIFIED. ) ;
#3451 = VERTEX_POINT ( 'NONE', #5803 ) ;
#3452 = AXIS2_PLACEMENT_3D ( 'NONE', #474, #1643, #4264 ) ;
#3453 = AXIS2_PLACEMENT_3D ( 'NONE', #1483, #462, #4744 ) ;
#3454 = CARTESIAN_POINT ( 'NONE',  ( -196.2999999999999261, 11.77617147970300238, 15.80668206031101874 ) ) ;
#3455 = CARTESIAN_POINT ( 'NONE',  ( -196.2999999999999261, 11.75872028280431358, 12.08079707288831273 ) ) ;
#3456 = CARTESIAN_POINT ( 'NONE',  ( -196.2999999999999261, 11.50141186431838491, 7.688712058307814345 ) ) ;
#3457 = LINE ( 'NONE', #1976, #6645 ) ;
#3458 = AXIS2_PLACEMENT_3D ( 'NONE', #4797, #2238, #1575 ) ;
#3459 = EDGE_LOOP ( 'NONE', ( #3588, #6788, #5428, #4535 ) ) ;
#3460 = DIRECTION ( 'NONE',  ( 6.162975822039154730E-33, 1.224646799147353454E-16, -1.000000000000000000 ) ) ;
#3461 = VERTEX_POINT ( 'NONE', #3141 ) ;
#3462 = CARTESIAN_POINT ( 'NONE',  ( -196.4999999999999147, 11.77617147970300060, 17.17586900942961137 ) ) ;
#3463 = VERTEX_POINT ( 'NONE', #5770 ) ;
#3464 = LINE ( 'NONE', #1284, #2768 ) ;
#3465 = CARTESIAN_POINT ( 'NONE',  ( -196.4999999999999147, 11.82019838336701767, 12.85252491911760409 ) ) ;
#3466 = EDGE_CURVE ( 'NONE', #6301, #3618, #4719, .T. ) ;
#3467 = EDGE_CURVE ( 'NONE', #5225, #183, #5876, .T. ) ;
#3468 = CARTESIAN_POINT ( 'NONE',  ( -196.2999999999999261, 11.93362984542608451, 12.77929877067714237 ) ) ;
#3469 = CARTESIAN_POINT ( 'NONE',  ( -196.4999999999999147, 12.02351390985499791, 8.318074427323912445 ) ) ;
#3470 = AXIS2_PLACEMENT_3D ( 'NONE', #6573, #5522, #3317 ) ;
#3471 = FACE_OUTER_BOUND ( 'NONE', #4133, .T. ) ;
#3472 = CARTESIAN_POINT ( 'NONE',  ( -196.2999999999999261, 11.69476262009460221, 10.50976435130935371 ) ) ;
#3473 = VECTOR ( 'NONE', #4655, 1000.000000000000000 ) ;
#3474 = LINE ( 'NONE', #5570, #5528 ) ;
#3475 = ORIENTED_EDGE ( 'NONE', *, *, #2878, .F. ) ;
#3476 = CARTESIAN_POINT ( 'NONE',  ( -196.2999999999999261, 12.04234263884380418, 14.19393240013464563 ) ) ;
#3477 = CARTESIAN_POINT ( 'NONE',  ( -196.2999999999999261, 12.29516186431838598, 10.08268241087191797 ) ) ;
#3478 = LOCAL_TIME ( 17, 38, 55.00000000000000000, #6433 ) ;
#3479 = ORIENTED_EDGE ( 'NONE', *, *, #1241, .T. ) ;
#3480 = CARTESIAN_POINT ( 'NONE',  ( -196.2999999999999261, 11.71137653266795731, 8.430411024243985807 ) ) ;
#3481 = CARTESIAN_POINT ( 'NONE',  ( -196.4999999999999147, 12.29927828884560093, 8.843491005011475892 ) ) ;
#3482 = LINE ( 'NONE', #4725, #1924 ) ;
#3483 = CARTESIAN_POINT ( 'NONE',  ( -196.2999999999999261, 11.77617147970300238, 13.65487541968601803 ) ) ;
#3484 = DIRECTION ( 'NONE',  ( 1.665334536937734318E-16, -1.000000000000000000, -1.224646799147353947E-16 ) ) ;
#3485 = CARTESIAN_POINT ( 'NONE',  ( -196.2999999999999261, 11.59707457293379740, 8.871559418378939910 ) ) ;
#3486 = CARTESIAN_POINT ( 'NONE',  ( -11.99999999999999645, -10.00000000000000355, 20.00000000000007461 ) ) ;
#3487 = ORIENTED_EDGE ( 'NONE', *, *, #6939, .F. ) ;
#3488 = EDGE_CURVE ( 'NONE', #455, #3451, #5020, .T. ) ;
#3489 = CARTESIAN_POINT ( 'NONE',  ( -196.2999999999999261, 11.79140812767901814, 8.315338700907185299 ) ) ;
#3490 = CARTESIAN_POINT ( 'NONE',  ( -196.2999999999999261, 11.71046111688706937, 12.19194947942745166 ) ) ;
#3491 = CARTESIAN_POINT ( 'NONE',  ( -199.4999999999995168, 8.499999999999937828, 5.500000000001005418 ) ) ;
#3492 = LINE ( 'NONE', #2960, #5077 ) ;
#3493 = VECTOR ( 'NONE', #3076, 1000.000000000000114 ) ;
#3494 = VERTEX_POINT ( 'NONE', #5349 ) ;
#3495 = DIRECTION ( 'NONE',  ( 1.665334536937734318E-16, -1.000000000000000000, -1.224646799147353947E-16 ) ) ;
#3496 = VECTOR ( 'NONE', #814, 1000.000000000000000 ) ;
#3497 = VECTOR ( 'NONE', #6332, 1000.000000000000000 ) ;
#3498 = ORIENTED_EDGE ( 'NONE', *, *, #4206, .F. ) ;
#3499 = CARTESIAN_POINT ( 'NONE',  ( -196.2999999999999261, 11.80341612837023924, 8.094989671484624338 ) ) ;
#3500 = ORIENTED_EDGE ( 'NONE', *, *, #6364, .T. ) ;
#3501 = CARTESIAN_POINT ( 'NONE',  ( -196.2999999999999261, 12.21771051048599510, 13.43753851289314305 ) ) ;
#3502 = CARTESIAN_POINT ( 'NONE',  ( -196.4999999999999147, 12.29684087475261833, 9.658586951752598182 ) ) ;
#3503 = CARTESIAN_POINT ( 'NONE',  ( -196.2999999999999261, 11.91224670494586135, 9.135936677548118112 ) ) ;
#3504 = VECTOR ( 'NONE', #2888, 1000.000000000000000 ) ;
#3505 = FACE_OUTER_BOUND ( 'NONE', #1649, .T. ) ;
#3506 = VECTOR ( 'NONE', #2571, 1000.000000000000000 ) ;
#3507 = CARTESIAN_POINT ( 'NONE',  ( -196.2999999999999261, 12.00434280382159002, 13.42050292369242825 ) ) ;
#3508 = DIRECTION ( 'NONE',  ( -1.000000000000000000, 0.000000000000000000, 0.000000000000000000 ) ) ;
#3509 = CARTESIAN_POINT ( 'NONE',  ( -196.2999999999999261, 12.02231030181838634, 13.13556702625653294 ) ) ;
#3510 = CARTESIAN_POINT ( 'NONE',  ( -196.2999999999999261, 11.93096634306255233, 16.01416833942009887 ) ) ;
#3511 = ORIENTED_EDGE ( 'NONE', *, *, #3426, .F. ) ;
#3512 = CARTESIAN_POINT ( 'NONE',  ( -196.2999999999999261, 12.24184938084057883, 9.734911904594010679 ) ) ;
#3513 = CARTESIAN_POINT ( 'NONE',  ( -210.0000000000000000, 8.499999999999930722, 18.50000000000007816 ) ) ;
#3514 = EDGE_CURVE ( 'NONE', #1669, #6542, #2177, .T. ) ;
#3515 = EDGE_CURVE ( 'NONE', #645, #90, #4995, .T. ) ;
#3516 = EDGE_LOOP ( 'NONE', ( #1693, #6874, #1239, #3229, #5469, #2283, #5877, #4101, #3965, #386, #2998, #2655, #2404 ) ) ;
#3517 = CARTESIAN_POINT ( 'NONE',  ( -196.4999999999999147, 11.56274414876470225, 8.694944770960056246 ) ) ;
#3518 = CARTESIAN_POINT ( 'NONE',  ( -196.2999999999999261, 11.71397266480739674, 14.45526692553103132 ) ) ;
#3519 = CARTESIAN_POINT ( 'NONE',  ( -196.2999999999999261, 11.85574391732328436, 14.50546158208656955 ) ) ;
#3520 = CARTESIAN_POINT ( 'NONE',  ( -196.2999999999999261, 11.84318955082274805, 15.27094405745989647 ) ) ;
#3521 = CARTESIAN_POINT ( 'NONE',  ( -196.2999999999999261, 11.80225257122194904, 12.14791960580709507 ) ) ;
#3522 = AXIS2_PLACEMENT_3D ( 'NONE', #2258, #6083, #5483 ) ;
#3523 = CARTESIAN_POINT ( 'NONE',  ( -196.4999999999999147, 11.71025500601846936, 9.008029006160848340 ) ) ;
#3524 = LINE ( 'NONE', #871, #4229 ) ;
#3525 = ORIENTED_EDGE ( 'NONE', *, *, #3584, .T. ) ;
#3526 = OPEN_SHELL ( 'NONE', ( #4406, #6584 ) ) ;
#3527 = CARTESIAN_POINT ( 'NONE',  ( -196.2999999999999261, 11.77617147970300060, 17.17586900942961137 ) ) ;
#3528 = CARTESIAN_POINT ( 'NONE',  ( -196.2999999999999261, 11.89011829923635055, 9.064963239050447541 ) ) ;
#3529 = FACE_BOUND ( 'NONE', #3045, .T. ) ;
#3530 = CARTESIAN_POINT ( 'NONE',  ( -196.2999999999999261, 12.17165946154411316, 9.693317072766985731 ) ) ;
#3531 = VERTEX_POINT ( 'NONE', #4438 ) ;
#3532 = CARTESIAN_POINT ( 'NONE',  ( -196.4999999999999147, 12.29516186431838598, 7.385967667282173466 ) ) ;
#3533 = CYLINDRICAL_SURFACE ( 'NONE', #5728, 2.000000000000000000 ) ;
#3534 = VERTEX_POINT ( 'NONE', #4924 ) ;
#3535 = CARTESIAN_POINT ( 'NONE',  ( -201.1000000000000227, 8.499999999999934275, 4.000000000000078160 ) ) ;
#3536 = CARTESIAN_POINT ( 'NONE',  ( -196.4999999999999147, 12.16354505886793724, 9.043888211341917227 ) ) ;
#3537 = CARTESIAN_POINT ( 'NONE',  ( -196.4999999999999147, 11.95541046659108275, 16.01533040610208047 ) ) ;
#3538 = FACE_OUTER_BOUND ( 'NONE', #5070, .T. ) ;
#3539 = LINE ( 'NONE', #6161, #3781 ) ;
#3540 = CARTESIAN_POINT ( 'NONE',  ( 5.971883874145976101, 7.789090853690734839, -1.999999999999998224 ) ) ;
#3541 = CARTESIAN_POINT ( 'NONE',  ( -196.2999999999999261, 11.97227549967836779, 16.01541251891853435 ) ) ;
#3542 = EDGE_LOOP ( 'NONE', ( #4407, #2615, #272, #6878, #1004, #1889, #6089, #1052 ) ) ;
#3543 = CARTESIAN_POINT ( 'NONE',  ( -196.4999999999999147, 11.56274498669813511, 8.740313482787481547 ) ) ;
#3544 = DIRECTION ( 'NONE',  ( 1.000000000000000000, 0.000000000000000000, 0.000000000000000000 ) ) ;
#3545 = VERTEX_POINT ( 'NONE', #113 ) ;
#3546 = CARTESIAN_POINT ( 'NONE',  ( -196.2999999999999261, 11.57347726468277394, 8.628951073289259810 ) ) ;
#3547 = CARTESIAN_POINT ( 'NONE',  ( -196.2999999999999261, 12.26876300225611516, 8.917652143606472848 ) ) ;
#3548 = DIRECTION ( 'NONE',  ( 2.220446049250312588E-16, -1.000000000000000000, -1.224646799147356165E-16 ) ) ;
#3549 = VERTEX_POINT ( 'NONE', #6467 ) ;
#3550 = DIRECTION ( 'NONE',  ( 1.000000000000000000, 3.330669073875469621E-16, 4.314083075427408311E-32 ) ) ;
#3551 = EDGE_CURVE ( 'NONE', #4878, #2367, #4113, .T. ) ;
#3552 = CARTESIAN_POINT ( 'NONE',  ( -196.2999999999999261, 11.59716867280406483, 8.565700722536947254 ) ) ;
#3553 = EDGE_CURVE ( 'NONE', #4369, #5405, #6085, .T. ) ;
#3554 = CARTESIAN_POINT ( 'NONE',  ( -196.2999999999999261, 11.98065114717094914, 15.94422087241037822 ) ) ;
#3555 = CARTESIAN_POINT ( 'NONE',  ( -196.2999999999999261, 11.72082179300340421, 14.30267363484874821 ) ) ;
#3556 = CARTESIAN_POINT ( 'NONE',  ( -196.2999999999999261, 12.19803718477565901, 9.666007098888968585 ) ) ;
#3557 = ORIENTED_EDGE ( 'NONE', *, *, #5342, .T. ) ;
#3558 = CARTESIAN_POINT ( 'NONE',  ( -196.2999999999999261, 12.05445972446561242, 9.805222315539861455 ) ) ;
#3559 = DIRECTION ( 'NONE',  ( 1.000000000000000000, 1.734723475976807094E-16, 0.000000000000000000 ) ) ;
#3560 = VERTEX_POINT ( 'NONE', #4404 ) ;
#3561 = LINE ( 'NONE', #2610, #638 ) ;
#3562 = CARTESIAN_POINT ( 'NONE',  ( -60.00000000000000000, -1.322726650432315409E-14, 20.00000000000007461 ) ) ;
#3563 = CARTESIAN_POINT ( 'NONE',  ( -196.4999999999999147, 15.99999999999994138, 0.5000000000010117462 ) ) ;
#3564 = CARTESIAN_POINT ( 'NONE',  ( -199.4999999999999147, 12.99999999999993427, 35.00000000000101608 ) ) ;
#3565 = ORIENTED_EDGE ( 'NONE', *, *, #239, .F. ) ;
#3566 = EDGE_CURVE ( 'NONE', #5312, #679, #3284, .T. ) ;
#3567 = LINE ( 'NONE', #4066, #5797 ) ;
#3568 = CARTESIAN_POINT ( 'NONE',  ( -196.2999999999999261, 11.77644538730993951, 15.41666353924825827 ) ) ;
#3569 = CARTESIAN_POINT ( 'NONE',  ( -196.2999999999999261, 11.92881571047223233, 10.08268241087191797 ) ) ;
#3570 = ORIENTED_EDGE ( 'NONE', *, *, #4226, .T. ) ;
#3571 = CARTESIAN_POINT ( 'NONE',  ( -196.2999999999999261, 12.29684087475261833, 9.658586951752598182 ) ) ;
#3572 = CARTESIAN_POINT ( 'NONE',  ( 2.081668171172168908E-15, -12.00000000000000178, 20.00000000000000000 ) ) ;
#3573 = VECTOR ( 'NONE', #6217, 1000.000000000000000 ) ;
#3574 = ORIENTED_EDGE ( 'NONE', *, *, #2095, .T. ) ;
#3575 = CARTESIAN_POINT ( 'NONE',  ( -196.4999999999999147, 11.56256137995136868, 8.709937967536061976 ) ) ;
#3576 = DIRECTION ( 'NONE',  ( 1.665334536937734318E-16, -1.000000000000000000, -1.224646799147353947E-16 ) ) ;
#3577 = CARTESIAN_POINT ( 'NONE',  ( -196.4999999999999147, 11.84318955082274805, 15.27094405745989647 ) ) ;
#3578 = PLANE ( 'NONE',  #2963 ) ;
#3579 = DIRECTION ( 'NONE',  ( 1.000000000000000000, 0.000000000000000000, 0.000000000000000000 ) ) ;
#3580 = CARTESIAN_POINT ( 'NONE',  ( -196.4999999999999147, 11.51197932506562260, 8.556129568671254404 ) ) ;
#3581 = CARTESIAN_POINT ( 'NONE',  ( -196.2999999999999261, 12.10022246127351409, 9.728579596368710725 ) ) ;
#3582 = VECTOR ( 'NONE', #5893, 1000.000000000000000 ) ;
#3583 = EDGE_CURVE ( 'NONE', #2918, #3318, #6487, .T. ) ;
#3584 = EDGE_CURVE ( 'NONE', #2569, #6680, #2900, .T. ) ;
#3585 = CARTESIAN_POINT ( 'NONE',  ( -196.2999999999999261, 11.90146695245941189, 8.373067026256531875 ) ) ;
#3586 = LINE ( 'NONE', #6750, #1474 ) ;
#3587 = CARTESIAN_POINT ( 'NONE',  ( -196.2999999999999261, 11.88962951822149172, 16.97265579206299435 ) ) ;
#3588 = ORIENTED_EDGE ( 'NONE', *, *, #2051, .F. ) ;
#3589 = CARTESIAN_POINT ( 'NONE',  ( -210.0000000000000000, 1.547005383792458444, 1.500000000000079492 ) ) ;
#3590 = CARTESIAN_POINT ( 'NONE',  ( -196.2999999999999261, 11.79137206799105009, 13.05549846178856477 ) ) ;
#3591 = ADVANCED_FACE ( 'NONE', ( #1130 ), #2294, .F. ) ;
#3592 = VECTOR ( 'NONE', #65, 1000.000000000000000 ) ;
#3593 = ORIENTED_EDGE ( 'NONE', *, *, #445, .T. ) ;
#3594 = LINE ( 'NONE', #4019, #971 ) ;
#3595 = CARTESIAN_POINT ( 'NONE',  ( -196.4999999999999147, 12.24184938084057883, 9.734911904594010679 ) ) ;
#3596 = B_SPLINE_CURVE_WITH_KNOTS ( 'NONE', 3,
 ( #4676, #1412, #3555, #285, #5587, #4082, #2464 ),
 .UNSPECIFIED., .F., .F.,
 ( 4, 1, 1, 1, 4 ),
 ( 0.000000000000000000, 0.2537340756906627526, 0.5030351201318642440, 0.7500135973308875714, 1.000000000000000000 ),
 .UNSPECIFIED. ) ;
#3597 = DIRECTION ( 'NONE',  ( 2.775557561562887900E-16, -1.000000000000000000, -1.224646799147354193E-16 ) ) ;
#3598 = DIRECTION ( 'NONE',  ( 6.162975822039154730E-33, 1.224646799147353454E-16, -1.000000000000000000 ) ) ;
#3599 = VECTOR ( 'NONE', #5789, 1000.000000000000000 ) ;
#3600 = DIRECTION ( 'NONE',  ( -1.000000000000000000, -1.665334536937734318E-16, -3.081487911019576818E-32 ) ) ;
#3601 = CIRCLE ( 'NONE', #5282, 1.600000000000018074 ) ;
#3602 = CARTESIAN_POINT ( 'NONE',  ( -196.2999999999999261, 12.30533814636966738, 17.17268892128858582 ) ) ;
#3603 = AXIS2_PLACEMENT_3D ( 'NONE', #6543, #4860, #1100 ) ;
#3604 = CARTESIAN_POINT ( 'NONE',  ( -196.4999999999999147, 11.79830163813430666, 14.46008602728584336 ) ) ;
#3605 = ORIENTED_EDGE ( 'NONE', *, *, #2991, .T. ) ;
#3606 = CARTESIAN_POINT ( 'NONE',  ( -196.4999999999999147, 12.19976164047859335, 9.767269172398169275 ) ) ;
#3607 = CARTESIAN_POINT ( 'NONE',  ( -196.2999999999999261, 11.73761941622434790, 15.70343798680679015 ) ) ;
#3608 = EDGE_CURVE ( 'NONE', #3912, #3689, #1739, .T. ) ;
#3609 = ORIENTED_EDGE ( 'NONE', *, *, #2690, .F. ) ;
#3610 = CARTESIAN_POINT ( 'NONE',  ( -196.2999999999999261, 11.66099519520907712, 8.473093332850620385 ) ) ;
#3611 = DIRECTION ( 'NONE',  ( 0.7071067811865490160, 2.828571629590218839E-16, -0.7071067811865460184 ) ) ;
#3612 = FACE_OUTER_BOUND ( 'NONE', #3640, .T. ) ;
#3613 = CARTESIAN_POINT ( 'NONE',  ( -196.2999999999999261, 11.89819147546285549, 12.05248606794676114 ) ) ;
#3614 = DIRECTION ( 'NONE',  ( 1.000000000000000000, 0.000000000000000000, 0.000000000000000000 ) ) ;
#3615 = CARTESIAN_POINT ( 'NONE',  ( -196.4999999999999147, 11.73922207064793000, 8.332538967310485489 ) ) ;
#3616 = CARTESIAN_POINT ( 'NONE',  ( -196.2999999999999261, 12.29516186431838598, 6.490454846769353026 ) ) ;
#3617 = ORIENTED_EDGE ( 'NONE', *, *, #1178, .T. ) ;
#3618 = VERTEX_POINT ( 'NONE', #4332 ) ;
#3619 = LINE ( 'NONE', #5758, #5178 ) ;
#3620 = VECTOR ( 'NONE', #2218, 1000.000000000000000 ) ;
#3621 = B_SPLINE_CURVE_WITH_KNOTS ( 'NONE', 3,
 ( #5503, #2208, #4874, #4318, #4352, #6489, #6416, #2280, #4842, #98, #4424, #2803, #6559, #4979, #660, #3826, #28, #6453, #4943 ),
 .UNSPECIFIED., .F., .F.,
 ( 4, 1, 1, 1, 1, 1, 1, 1, 1, 1, 1, 1, 1, 1, 1, 1, 4 ),
 ( 0.000000000000000000, 0.06815824415599869290, 0.1347066022023574727, 0.2018649976035990223, 0.2707882662774627747, 0.3400242943604923629, 0.4080827390537222765, 0.4768131952581438071, 0.5473460643070945375, 0.5856397954238957704, 0.6288649531777643631, 0.6771532033637919223, 0.7308028113651058311, 0.7898066155325024207, 0.8543250087420142247, 0.9243651340575437247, 1.000000000000000000 ),
 .UNSPECIFIED. ) ;
#3622 = CARTESIAN_POINT ( 'NONE',  ( -196.2999999999999261, 11.89234326666573693, 8.301954299592466668 ) ) ;
#3623 = CARTESIAN_POINT ( 'NONE',  ( -202.4999999999999432, 15.99999999999993783, 0.5000000000010117462 ) ) ;
#3624 = VERTEX_POINT ( 'NONE', #3875 ) ;
#3625 = FACE_OUTER_BOUND ( 'NONE', #3841, .T. ) ;
#3626 = DIRECTION ( 'NONE',  ( 0.3830490080632378280, -0.9237280213470681067, -0.000000000000000000 ) ) ;
#3627 = EDGE_LOOP ( 'NONE', ( #4378, #3129, #4678, #3353 ) ) ;
#3628 = LINE ( 'NONE', #4154, #1429 ) ;
#3629 = CARTESIAN_POINT ( 'NONE',  ( -63.00000000000000000, -1.322726650432315409E-14, 7.285838599102589797E-14 ) ) ;
#3630 = LINE ( 'NONE', #1639, #3239 ) ;
#3631 = CARTESIAN_POINT ( 'NONE',  ( -203.4999999999995168, 8.499999999999936051, 17.50000000000100187 ) ) ;
#3632 = ADVANCED_FACE ( 'NONE', ( #1280 ), #3351, .T. ) ;
#3633 = ADVANCED_FACE ( 'NONE', ( #5557 ), #1672, .T. ) ;
#3634 = ORIENTED_EDGE ( 'NONE', *, *, #6798, .T. ) ;
#3635 = B_SPLINE_CURVE_WITH_KNOTS ( 'NONE', 3,
 ( #4197, #2089, #2687, #509, #2060, #6294, #2617, #3110, #2651, #5287, #6937, #400, #2124, #3145, #4304, #5248, #1103, #4265, #3669 ),
 .UNSPECIFIED., .F., .F.,
 ( 4, 1, 1, 1, 1, 1, 1, 1, 1, 1, 1, 1, 1, 1, 1, 1, 4 ),
 ( 0.000000000000000000, 0.07166814967960360994, 0.1389132862742030738, 0.2011845700265578740, 0.2591244282905456608, 0.3122550414262349472, 0.3606815096231094642, 0.4050861433286450097, 0.4451016585907102141, 0.5187777804882589550, 0.5894615790331956262, 0.6584622419857159015, 0.7272832183683672902, 0.7963224869047189625, 0.8631748932078804337, 0.9309493809878562898, 1.000000000000000000 ),
 .UNSPECIFIED. ) ;
#3636 = DIRECTION ( 'NONE',  ( -1.000000000000000000, -1.665334536937734318E-16, -3.081487911019576818E-32 ) ) ;
#3637 = CARTESIAN_POINT ( 'NONE',  ( -196.2999999999999261, 12.19539593303542802, 16.93784198826577025 ) ) ;
#3638 = CARTESIAN_POINT ( 'NONE',  ( -196.2999999999999261, 11.70609009683454893, 15.39077905880716024 ) ) ;
#3639 = CARTESIAN_POINT ( 'NONE',  ( -196.4999999999999147, 11.77697799280603874, 14.40311881751598833 ) ) ;
#3640 = EDGE_LOOP ( 'NONE', ( #6078, #1016, #1144, #5272 ) ) ;
#3641 = CARTESIAN_POINT ( 'NONE',  ( -196.4999999999999147, 11.80878035934076387, 9.054031769723273726 ) ) ;
#3642 = CARTESIAN_POINT ( 'NONE',  ( -196.4999999999999147, 11.58014568379393516, 8.607622718376791937 ) ) ;
#3643 = VERTEX_POINT ( 'NONE', #609 ) ;
#3644 = CARTESIAN_POINT ( 'NONE',  ( -196.2999999999999261, 12.00720488314851231, 12.02635228266679057 ) ) ;
#3645 = LINE ( 'NONE', #938, #353 ) ;
#3646 = CARTESIAN_POINT ( 'NONE',  ( -196.2999999999999261, 12.02547600804789241, 15.22179866707637963 ) ) ;
#3647 = ORIENTED_EDGE ( 'NONE', *, *, #774, .F. ) ;
#3648 = CARTESIAN_POINT ( 'NONE',  ( -196.2999999999999261, 11.99696462423978183, 12.55526592419977483 ) ) ;
#3649 = LINE ( 'NONE', #5861, #5951 ) ;
#3650 = ORIENTED_EDGE ( 'NONE', *, *, #107, .F. ) ;
#3651 = ORIENTED_EDGE ( 'NONE', *, *, #5689, .T. ) ;
#3652 = LINE ( 'NONE', #354, #1597 ) ;
#3653 = ADVANCED_FACE ( 'NONE', ( #4367 ), #5134, .T. ) ;
#3654 = CYLINDRICAL_SURFACE ( 'NONE', #1707, 3.200000000000003730 ) ;
#3655 = CARTESIAN_POINT ( 'NONE',  ( -196.2999999999999261, 12.29516186431838420, 14.59077535958986438 ) ) ;
#3656 = EDGE_LOOP ( 'NONE', ( #2510, #1197, #6034 ) ) ;
#3657 = DIRECTION ( 'NONE',  ( 3.771111394772199519E-13, -1.224646799146725323E-16, 1.000000000000000000 ) ) ;
#3658 = CARTESIAN_POINT ( 'NONE',  ( -196.2999999999999261, 12.10022246127351409, 9.728579596368710725 ) ) ;
#3659 = ORIENTED_EDGE ( 'NONE', *, *, #3938, .F. ) ;
#3660 = DIRECTION ( 'NONE',  ( -6.162975822039154730E-33, -1.224646799147353454E-16, 1.000000000000000000 ) ) ;
#3661 = CARTESIAN_POINT ( 'NONE',  ( -196.4999999999999147, 12.24750770971315461, 8.952076700088788641 ) ) ;
#3662 = CARTESIAN_POINT ( 'NONE',  ( -199.4999999999999716, 17.74999999999993960, 4.000000000000072831 ) ) ;
#3663 = CARTESIAN_POINT ( 'NONE',  ( -196.2999999999999261, 12.22701794099492822, 13.59430128256975046 ) ) ;
#3664 = EDGE_CURVE ( 'NONE', #1563, #154, #4013, .T. ) ;
#3665 = ORIENTED_EDGE ( 'NONE', *, *, #5049, .T. ) ;
#3666 = CIRCLE ( 'NONE', #5910, 4.500000000000003553 ) ;
#3667 = ADVANCED_FACE ( 'NONE', ( #2502 ), #1843, .T. ) ;
#3668 = DIRECTION ( 'NONE',  ( 1.000000000000000000, 0.000000000000000000, 0.000000000000000000 ) ) ;
#3669 = CARTESIAN_POINT ( 'NONE',  ( -196.2999999999999261, 11.71352374332479584, 10.43885228266678844 ) ) ;
#3670 = VECTOR ( 'NONE', #1940, 1000.000000000000000 ) ;
#3671 = ADVANCED_FACE ( 'NONE', ( #1948 ), #3981, .F. ) ;
#3672 = CARTESIAN_POINT ( 'NONE',  ( -196.2999999999999261, 11.81035728286878594, 14.47541013663369114 ) ) ;
#3673 = CARTESIAN_POINT ( 'NONE',  ( -196.2999999999999261, 11.79286036862498754, 12.46864675764556374 ) ) ;
#3674 = ORIENTED_EDGE ( 'NONE', *, *, #2640, .T. ) ;
#3675 = DIRECTION ( 'NONE',  ( -0.000000000000000000, 0.000000000000000000, -1.000000000000000000 ) ) ;
#3676 = VECTOR ( 'NONE', #5398, 1000.000000000000000 ) ;
#3677 = DIRECTION ( 'NONE',  ( -6.162975822039154730E-33, -1.224646799147353454E-16, 1.000000000000000000 ) ) ;
#3678 = VERTEX_POINT ( 'NONE', #2467 ) ;
#3679 = CARTESIAN_POINT ( 'NONE',  ( -202.2253310930673535, 18.49999999999993960, 3.632480703690174728 ) ) ;
#3680 = EDGE_CURVE ( 'NONE', #6310, #3081, #1348, .T. ) ;
#3681 = DIRECTION ( 'NONE',  ( 0.9914964367057140793, -0.1301338387963397458, -0.000000000000000000 ) ) ;
#3682 = CARTESIAN_POINT ( 'NONE',  ( -6.004232138755948966, -2.489818552411047659, -8.400000000000000355 ) ) ;
#3683 = ORIENTED_EDGE ( 'NONE', *, *, #2401, .F. ) ;
#3684 = AXIS2_PLACEMENT_3D ( 'NONE', #854, #2538, #296 ) ;
#3685 = CARTESIAN_POINT ( 'NONE',  ( -196.4999999999999147, 11.76510983293403001, 8.323228953955908338 ) ) ;
#3686 = DIRECTION ( 'NONE',  ( 0.000000000000000000, 1.224646799147353700E-16, -1.000000000000000000 ) ) ;
#3687 = ORIENTED_EDGE ( 'NONE', *, *, #2771, .T. ) ;
#3688 = AXIS2_PLACEMENT_3D ( 'NONE', #1633, #3766, #1086 ) ;
#3689 = VERTEX_POINT ( 'NONE', #818 ) ;
#3690 = LINE ( 'NONE', #1629, #3592 ) ;
#3691 = CARTESIAN_POINT ( 'NONE',  ( -196.2999999999999261, 12.29516186431838598, 7.308532521048198838 ) ) ;
#3692 = CARTESIAN_POINT ( 'NONE',  ( -196.4999999999999147, 11.86420636104371873, 16.98973463055864030 ) ) ;
#3693 = VECTOR ( 'NONE', #1493, 1000.000000000000000 ) ;
#3694 = CARTESIAN_POINT ( 'NONE',  ( 4.566734727288098483, 5.956363593998799111, -10.40000000000000036 ) ) ;
#3695 = EDGE_CURVE ( 'NONE', #6340, #320, #2962, .T. ) ;
#3696 = CARTESIAN_POINT ( 'NONE',  ( -196.2999999999999261, 11.91998504224726574, 13.20345989538622256 ) ) ;
#3697 = ORIENTED_EDGE ( 'NONE', *, *, #4877, .T. ) ;
#3698 = LINE ( 'NONE', #2715, #4344 ) ;
#3699 = DIRECTION ( 'NONE',  ( 1.000000000000000000, 0.000000000000000000, 0.000000000000000000 ) ) ;
#3700 = CARTESIAN_POINT ( 'NONE',  ( -199.4999999999999147, 12.99999999999993783, 0.5000000000010169643 ) ) ;
#3701 = CONICAL_SURFACE ( 'NONE', #1578, 4.500000000000003553, 0.1910822382529155927 ) ;
#3702 = VERTEX_POINT ( 'NONE', #321 ) ;
#3703 = CARTESIAN_POINT ( 'NONE',  ( -196.7499999999999716, 17.74999999999994316, 16.00000000000008527 ) ) ;
#3704 = CARTESIAN_POINT ( 'NONE',  ( -196.2999999999999261, 12.30025652795808000, 17.11252942137045707 ) ) ;
#3705 = CARTESIAN_POINT ( 'NONE',  ( -193.0000000000000000, 8.499999999999937828, 1.500000000000081046 ) ) ;
#3706 = DIRECTION ( 'NONE',  ( -0.6084474286424762512, -0.7935941825507284442, 0.000000000000000000 ) ) ;
#3707 = ORIENTED_EDGE ( 'NONE', *, *, #3346, .F. ) ;
#3708 = VECTOR ( 'NONE', #3011, 1000.000000000000000 ) ;
#3709 = CARTESIAN_POINT ( 'NONE',  ( -196.2999999999999261, 11.94421049143084090, 13.35429979308999116 ) ) ;
#3710 = DIRECTION ( 'NONE',  ( 0.000000000000000000, 0.000000000000000000, 1.000000000000000000 ) ) ;
#3711 = EDGE_LOOP ( 'NONE', ( #3697, #5706, #642, #2738 ) ) ;
#3712 = AXIS2_PLACEMENT_3D ( 'NONE', #1661, #4913, #5934 ) ;
#3713 = AXIS2_PLACEMENT_3D ( 'NONE', #5171, #3029, #5664 ) ;
#3714 = CARTESIAN_POINT ( 'NONE',  ( -196.2999999999999261, 11.48105930021582033, 8.713972474974481131 ) ) ;
#3715 = VERTEX_POINT ( 'NONE', #3589 ) ;
#3716 = CARTESIAN_POINT ( 'NONE',  ( -196.4999999999999147, 11.85543807625034418, 8.375760454126297105 ) ) ;
#3717 = CARTESIAN_POINT ( 'NONE',  ( -210.0000000000000000, 1.547005383792458444, 0.5000000000000750511 ) ) ;
#3718 = CARTESIAN_POINT ( 'NONE',  ( -196.4999999999999147, 12.01384433290461651, 16.87054053371738149 ) ) ;
#3719 = ORIENTED_EDGE ( 'NONE', *, *, #501, .F. ) ;
#3720 = DIRECTION ( 'NONE',  ( -2.775557561562887900E-16, 1.000000000000000000, 1.224646799147354193E-16 ) ) ;
#3721 = VECTOR ( 'NONE', #3300, 1000.000000000000000 ) ;
#3722 = LINE ( 'NONE', #3616, #4500 ) ;
#3723 = VECTOR ( 'NONE', #3059, 1000.000000000000000 ) ;
#3724 = ADVANCED_FACE ( 'NONE', ( #3064 ), #1415, .F. ) ;
#3725 = EDGE_CURVE ( 'NONE', #6560, #455, #3868, .T. ) ;
#3726 = ORIENTED_EDGE ( 'NONE', *, *, #2560, .F. ) ;
#3727 = ORIENTED_EDGE ( 'NONE', *, *, #5855, .F. ) ;
#3728 = DIRECTION ( 'NONE',  ( 1.000000000000000000, 0.000000000000000000, -0.000000000000000000 ) ) ;
#3729 = CARTESIAN_POINT ( 'NONE',  ( -196.4999999999999147, 11.71511378739530862, 13.95984587241037822 ) ) ;
#3730 = LINE ( 'NONE', #495, #2498 ) ;
#3731 = DIRECTION ( 'NONE',  ( -1.000000000000000000, -3.330669073875469621E-16, -4.314083075427408311E-32 ) ) ;
#3732 = AXIS2_PLACEMENT_3D ( 'NONE', #877, #6214, #1841 ) ;
#3733 = CARTESIAN_POINT ( 'NONE',  ( -199.4999999999995168, 8.499999999999937828, 14.50000000000100719 ) ) ;
#3734 = ORIENTED_EDGE ( 'NONE', *, *, #6116, .T. ) ;
#3735 = CARTESIAN_POINT ( 'NONE',  ( -196.2999999999999261, 11.79318924409282054, 15.33390818875995265 ) ) ;
#3736 = CC_DESIGN_PERSON_AND_ORGANIZATION_ASSIGNMENT ( #3973, #1304, ( #4255 ) ) ;
#3737 = CARTESIAN_POINT ( 'NONE',  ( -196.2999999999999261, 11.73022277084658604, 15.52034017698416868 ) ) ;
#3738 = DIRECTION ( 'NONE',  ( -1.000000000000000000, -1.665334536937734318E-16, -3.081487911019576818E-32 ) ) ;
#3739 = VECTOR ( 'NONE', #5217, 1000.000000000000000 ) ;
#3740 =( NAMED_UNIT ( * ) SI_UNIT ( $, .STERADIAN. ) SOLID_ANGLE_UNIT ( ) );
#3741 = VERTEX_POINT ( 'NONE', #3532 ) ;
#3742 = CARTESIAN_POINT ( 'NONE',  ( -196.2999999999999261, 11.86420636104371873, 16.98973463055864030 ) ) ;
#3743 = DIRECTION ( 'NONE',  ( 0.000000000000000000, 1.224646799147353700E-16, -1.000000000000000000 ) ) ;
#3744 = CARTESIAN_POINT ( 'NONE',  ( -196.2999999999999261, 12.09224358741514749, 12.54422610754360434 ) ) ;
#3745 = EDGE_CURVE ( 'NONE', #2928, #6342, #1311, .T. ) ;
#3746 = CARTESIAN_POINT ( 'NONE',  ( 3.393189584635155853, -8.182723972889283104, -10.40000000000000391 ) ) ;
#3747 = DIRECTION ( 'NONE',  ( -6.162975822039154730E-33, -1.224646799147353454E-16, 1.000000000000000000 ) ) ;
#3748 = ORIENTED_EDGE ( 'NONE', *, *, #4745, .F. ) ;
#3749 = CARTESIAN_POINT ( 'NONE',  ( -196.2999999999999261, 11.72021340754839969, 13.75505281001004221 ) ) ;
#3751 = VERTEX_POINT ( 'NONE', #849 ) ;
#3750 = B_SPLINE_CURVE_WITH_KNOTS ( 'NONE', 3,
 ( #1810, #4967, #4512, #6615, #6121, #2298, #6650, #2829, #682, #722, #5490 ),
 .UNSPECIFIED., .F., .F.,
 ( 4, 1, 1, 1, 1, 1, 1, 1, 4 ),
 ( 0.000000000000000000, 0.07812986515842761104, 0.1694654174977330841, 0.2743352908540843127, 0.3921101633539200160, 0.5236873298575188684, 0.6683654211389631339, 0.8271319021257831361, 1.000000000000000000 ),
 .UNSPECIFIED. ) ;
#3752 = CARTESIAN_POINT ( 'NONE',  ( -202.2253310930673535, 18.49999999999994316, 16.36751929630997893 ) ) ;
#3753 = CARTESIAN_POINT ( 'NONE',  ( -196.2999999999999261, 12.03749810984505508, 12.02743996239308011 ) ) ;
#3754 = CARTESIAN_POINT ( 'NONE',  ( -196.2999999999999261, 11.91984414832507078, 14.91460289149061857 ) ) ;
#3755 = CARTESIAN_POINT ( 'NONE',  ( -19.00000000000000000, -4.836776388186215050E-15, 7.285838599102589797E-14 ) ) ;
#3756 = EDGE_LOOP ( 'NONE', ( #4730, #5745, #3375, #1543 ) ) ;
#3757 = DIRECTION ( 'NONE',  ( -0.9237280213470682178, -0.3830490080632377725, 0.000000000000000000 ) ) ;
#3758 = CARTESIAN_POINT ( 'NONE',  ( -196.4999999999999147, 12.29516186431838420, 14.59077535958986438 ) ) ;
#3759 = ORIENTED_EDGE ( 'NONE', *, *, #5647, .F. ) ;
#3760 = ORIENTED_EDGE ( 'NONE', *, *, #193, .T. ) ;
#3761 = CARTESIAN_POINT ( 'NONE',  ( -196.2999999999999261, 11.77863695175911651, 12.94347115896269784 ) ) ;
#3762 = ADVANCED_FACE ( 'NONE', ( #5310 ), #4714, .T. ) ;
#3763 = CARTESIAN_POINT ( 'NONE',  ( -196.2999999999999261, 11.62188413965555789, 8.403748189196303287 ) ) ;
#3764 = EDGE_CURVE ( 'NONE', #5261, #198, #3238, .T. ) ;
#3765 = LINE ( 'NONE', #5511, #819 ) ;
#3766 = DIRECTION ( 'NONE',  ( -2.775557561562887900E-16, 1.000000000000000000, 1.224646799147354193E-16 ) ) ;
#3767 = CARTESIAN_POINT ( 'NONE',  ( -196.2999999999999261, 11.99861955101034283, 9.736563605590619730 ) ) ;
#3768 = EDGE_LOOP ( 'NONE', ( #1640, #2230, #606, #5402, #3759, #19 ) ) ;
#3769 = CARTESIAN_POINT ( 'NONE',  ( -199.4999999999995168, 5.499999999999936939, 10.00000000000100897 ) ) ;
#3770 = CARTESIAN_POINT ( 'NONE',  ( -196.2999999999999261, 11.74066618674914153, 15.53691576290254517 ) ) ;
#3771 = CARTESIAN_POINT ( 'NONE',  ( -196.2999999999999261, 12.31551442842094879, 9.561306960150762535 ) ) ;
#3772 = PERSON_AND_ORGANIZATION ( #6735, #1106 ) ;
#3773 = ORIENTED_EDGE ( 'NONE', *, *, #590, .F. ) ;
#3774 = CARTESIAN_POINT ( 'NONE',  ( -196.2999999999999261, 11.84156475247650420, 17.01004163604472197 ) ) ;
#3775 = LINE ( 'NONE', #508, #863 ) ;
#3776 = CARTESIAN_POINT ( 'NONE',  ( -196.2999999999999261, 12.28343697709578919, 12.37574208813546583 ) ) ;
#3777 = DIRECTION ( 'NONE',  ( -1.000000000000000000, -1.665334536937734318E-16, -3.081487911019576818E-32 ) ) ;
#3778 = DIRECTION ( 'NONE',  ( -1.000000000000000000, -2.220446049250312588E-16, -9.367723249499513438E-31 ) ) ;
#3779 = LINE ( 'NONE', #2756, #6043 ) ;
#3780 = DIRECTION ( 'NONE',  ( 0.000000000000000000, 0.000000000000000000, 1.000000000000000000 ) ) ;
#3781 = VECTOR ( 'NONE', #1358, 1000.000000000000000 ) ;
#3782 = EDGE_CURVE ( 'NONE', #3897, #5022, #1595, .T. ) ;
#3783 = ORIENTED_EDGE ( 'NONE', *, *, #957, .T. ) ;
#3784 = CARTESIAN_POINT ( 'NONE',  ( -21.99999999999999289, -5.204170427930421283E-15, 18.49999999999998934 ) ) ;
#3785 = CARTESIAN_POINT ( 'NONE',  ( -196.2999999999999261, 11.91325364997346625, 14.51639456662855743 ) ) ;
#3786 = DIRECTION ( 'NONE',  ( -1.000000000000000000, 0.000000000000000000, 0.000000000000000000 ) ) ;
#3787 = CIRCLE ( 'NONE', #2541, 3.000000000000002665 ) ;
#3788 = CARTESIAN_POINT ( 'NONE',  ( -196.2999999999999261, 12.22924041881530854, 9.511911614531088688 ) ) ;
#3789 = ORIENTED_EDGE ( 'NONE', *, *, #3894, .T. ) ;
#3790 = CARTESIAN_POINT ( 'NONE',  ( -3.759608614608207056, 9.066348570306416832, -10.40000000000000036 ) ) ;
#3791 = CARTESIAN_POINT ( 'NONE',  ( -19.00000000000000000, -4.836776388186215050E-15, 20.00000000000007461 ) ) ;
#3792 = VERTEX_POINT ( 'NONE', #2150 ) ;
#3793 = EDGE_LOOP ( 'NONE', ( #4141, #3074 ) ) ;
#3794 = CARTESIAN_POINT ( 'NONE',  ( -196.2999999999999261, 11.77617147970300238, 12.97735764124050739 ) ) ;
#3795 = CARTESIAN_POINT ( 'NONE',  ( -196.2999999999999261, 11.98096915598505241, 14.98765035958986580 ) ) ;
#3796 = DIRECTION ( 'NONE',  ( 2.309367043953917382E-13, -1.224646799146968884E-16, 1.000000000000000000 ) ) ;
#3797 = LINE ( 'NONE', #2288, #1545 ) ;
#3798 = EDGE_CURVE ( 'NONE', #4426, #198, #5591, .T. ) ;
#3799 = VECTOR ( 'NONE', #4268, 1000.000000000000000 ) ;
#3800 = ADVANCED_FACE ( 'NONE', ( #2047, #496 ), #425, .T. ) ;
#3801 = DIRECTION ( 'NONE',  ( -1.000000000000000000, 0.000000000000000000, 0.000000000000000000 ) ) ;
#3802 = ORIENTED_EDGE ( 'NONE', *, *, #2497, .T. ) ;
#3803 = CARTESIAN_POINT ( 'NONE',  ( -196.2999999999999261, 11.84318955082274805, 15.27094405745989647 ) ) ;
#3804 = PLANE ( 'NONE',  #3522 ) ;
#3805 = CARTESIAN_POINT ( 'NONE',  ( -196.2999999999999261, 12.12273841642294059, 12.45400660047206109 ) ) ;
#3806 = CARTESIAN_POINT ( 'NONE',  ( -196.2999999999999261, 12.23410417201069222, 13.65423940205781506 ) ) ;
#3807 = EDGE_CURVE ( 'NONE', #3088, #3560, #530, .T. ) ;
#3808 = EDGE_CURVE ( 'NONE', #5295, #6561, #1334, .T. ) ;
#3809 = VERTEX_POINT ( 'NONE', #1023 ) ;
#3810 = CARTESIAN_POINT ( 'NONE',  ( -2.081668171172168513E-15, 11.99999999999999822, 0.000000000000000000 ) ) ;
#3811 = LINE ( 'NONE', #6326, #6924 ) ;
#3812 = DIRECTION ( 'NONE',  ( 1.000000000000000000, 0.000000000000000000, 0.000000000000000000 ) ) ;
#3813 = FACE_BOUND ( 'NONE', #3166, .T. ) ;
#3814 = LINE ( 'NONE', #5950, #5063 ) ;
#3815 = CARTESIAN_POINT ( 'NONE',  ( -196.2999999999999261, 11.92881571047223233, 10.14056001503858262 ) ) ;
#3816 = LINE ( 'NONE', #1614, #3385 ) ;
#3817 = ORIENTED_EDGE ( 'NONE', *, *, #6725, .T. ) ;
#3818 = CARTESIAN_POINT ( 'NONE',  ( -189.9999999999998863, -10.00000000000006217, 10.00000000000007638 ) ) ;
#3819 = CARTESIAN_POINT ( 'NONE',  ( -196.2999999999999261, 11.67635647038807178, 10.50766631411451080 ) ) ;
#3820 = AXIS2_PLACEMENT_3D ( 'NONE', #4427, #1221, #3376 ) ;
#3821 = CARTESIAN_POINT ( 'NONE',  ( -196.2999999999999261, 11.71318787618481672, 14.72886027052864577 ) ) ;
#3822 = CC_DESIGN_PERSON_AND_ORGANIZATION_ASSIGNMENT ( #3245, #5804, ( #6216 ) ) ;
#3823 = LINE ( 'NONE', #5962, #928 ) ;
#3824 = VERTEX_POINT ( 'NONE', #2570 ) ;
#3825 = CARTESIAN_POINT ( 'NONE',  ( -59.99999999999999289, -1.734723475976807094E-14, 1.500000000000127898 ) ) ;
#3826 = CARTESIAN_POINT ( 'NONE',  ( -196.2999999999999261, 12.01269098387110645, 14.59182601563726855 ) ) ;
#3827 = CIRCLE ( 'NONE', #3036, 4.500000000000003553 ) ;
#3828 = VERTEX_POINT ( 'NONE', #4775 ) ;
#3829 = ORIENTED_EDGE ( 'NONE', *, *, #1472, .T. ) ;
#3830 = CARTESIAN_POINT ( 'NONE',  ( -59.99999999999999289, -1.908195823574487804E-14, 20.00000000000007461 ) ) ;
#3831 = CARTESIAN_POINT ( 'NONE',  ( -4.566734727288104700, -5.956363593998797334, -10.40000000000000036 ) ) ;
#3832 = VECTOR ( 'NONE', #1645, 1000.000000000000000 ) ;
#3833 = DIRECTION ( 'NONE',  ( -1.000000000000000000, -1.665334536937734318E-16, -3.081487911019576818E-32 ) ) ;
#3834 = CIRCLE ( 'NONE', #1709, 6.000000000000000888 ) ;
#3835 = CARTESIAN_POINT ( 'NONE',  ( -56.99999999999999289, -1.285987246457894707E-14, 20.00000000000007461 ) ) ;
#3836 = CARTESIAN_POINT ( 'NONE',  ( -196.2999999999999261, 11.71165847062806797, 14.84774545827055903 ) ) ;
#3837 = ORIENTED_EDGE ( 'NONE', *, *, #5488, .T. ) ;
#3838 = CARTESIAN_POINT ( 'NONE',  ( -197.9000000000000057, 8.499999999999934275, 4.000000000000078160 ) ) ;
#3839 = CARTESIAN_POINT ( 'NONE',  ( -196.2999999999999261, 12.07570466301247691, 9.372571637539932610 ) ) ;
#3840 = CARTESIAN_POINT ( 'NONE',  ( -196.2999999999999261, 11.81592258146582175, 15.22170484676935409 ) ) ;
#3841 = EDGE_LOOP ( 'NONE', ( #3748, #5561, #3005, #6836 ) ) ;
#3842 = EDGE_CURVE ( 'NONE', #1092, #765, #3128, .T. ) ;
#3843 = DIRECTION ( 'NONE',  ( -0.7071067811865473507, -0.7071067811865477948, 0.000000000000000000 ) ) ;
#3844 = ORIENTED_EDGE ( 'NONE', *, *, #2263, .F. ) ;
#3845 = FACE_OUTER_BOUND ( 'NONE', #201, .T. ) ;
#3846 = VECTOR ( 'NONE', #3381, 1000.000000000000000 ) ;
#3847 = CARTESIAN_POINT ( 'NONE',  ( -196.2999999999999261, 11.77617147970300238, 12.97735764124050739 ) ) ;
#3848 = EDGE_CURVE ( 'NONE', #1281, #3824, #5344, .T. ) ;
#3849 = EDGE_CURVE ( 'NONE', #784, #5938, #5796, .T. ) ;
#3850 = CARTESIAN_POINT ( 'NONE',  ( -196.2999999999999261, 11.71165847062806975, 15.87554994545004661 ) ) ;
#3851 = CARTESIAN_POINT ( 'NONE',  ( -196.2999999999999261, 12.17159578222624638, 16.91968523536752755 ) ) ;
#3852 = CARTESIAN_POINT ( 'NONE',  ( -210.0000000000000000, 8.499999999999932498, 1.500000000000081046 ) ) ;
#3853 = ORIENTED_EDGE ( 'NONE', *, *, #3842, .T. ) ;
#3854 = CARTESIAN_POINT ( 'NONE',  ( -210.0000000000000000, 9.999999999999934275, 0.5000000000000768274 ) ) ;
#3855 = CARTESIAN_POINT ( 'NONE',  ( -196.4999999999999147, 11.93096634306255233, 16.01416833942009887 ) ) ;
#3856 = CARTESIAN_POINT ( 'NONE',  ( -196.2999999999999261, 11.74993913275692137, 14.65753775950424576 ) ) ;
#3857 = CARTESIAN_POINT ( 'NONE',  ( -196.2999999999999261, 12.22243835225954101, 9.489366559483586983 ) ) ;
#3858 = EDGE_LOOP ( 'NONE', ( #5757, #5675, #64, #3396, #4191, #1520, #1081, #4294, #6287, #4802, #4859, #4114, #1457, #4998, #6444, #6853, #6529, #6752, #6297, #138 ) ) ;
#3859 = CARTESIAN_POINT ( 'NONE',  ( -196.2999999999999261, 11.92073615282284038, 14.20599929358113300 ) ) ;
#3860 = CARTESIAN_POINT ( 'NONE',  ( -196.2999999999999261, 11.72401803419018051, 11.68544683394883954 ) ) ;
#3861 = OPEN_SHELL ( 'NONE', ( #3886, #3207, #6358, #5643 ) ) ;
#3862 = ORIENTED_EDGE ( 'NONE', *, *, #2901, .T. ) ;
#3863 = VERTEX_POINT ( 'NONE', #2674 ) ;
#3864 = CARTESIAN_POINT ( 'NONE',  ( -196.2999999999999261, 12.19884714560536487, 7.899464632226189664 ) ) ;
#3865 = CARTESIAN_POINT ( 'NONE',  ( -196.4999999999999147, 11.48141981528780065, 8.686559294921615049 ) ) ;
#3866 = CARTESIAN_POINT ( 'NONE',  ( -196.2999999999999261, 12.29516186431838598, 10.01144843651294281 ) ) ;
#3867 = CARTESIAN_POINT ( 'NONE',  ( -196.2999999999999261, 11.58282212072864148, 7.599669590359096283 ) ) ;
#3868 = B_SPLINE_CURVE_WITH_KNOTS ( 'NONE', 3,
 ( #5724, #5101, #6247, #1447, #3558, #879, #6115, #289, #2400, #6148, #2432, #5069, #5205, #4573, #4649, #3026, #5168, #6187, #2363, #6784, #1979, #1384, #6713, #2925, #1910, #255, #4508 ),
 .UNSPECIFIED., .F., .F.,
 ( 4, 1, 1, 1, 1, 1, 1, 1, 1, 1, 1, 1, 1, 1, 1, 1, 1, 1, 1, 1, 1, 1, 1, 1, 4 ),
 ( 0.000000000000000000, 0.05485803544515401031, 0.1070587915426411407, 0.1569783545765237043, 0.2039922771829768555, 0.2484915357868489050, 0.2904833137405230525, 0.3304890042981893927, 0.3678859257629631396, 0.4038581313538707751, 0.4400093433074109828, 0.4762950107796835586, 0.5127922945733479621, 0.5504848246303716275, 0.5883811157748431997, 0.6276453271698536618, 0.6679794644543808335, 0.7084327575000841648, 0.7486023022886340028, 0.7890877771957819364, 0.8294612046317059173, 0.8703710453051781704, 0.9122142271494420029, 0.9555465749316859325, 1.000000000000000000 ),
 .UNSPECIFIED. ) ;
#3869 = ADVANCED_FACE ( 'NONE', ( #2112 ), #4679, .T. ) ;
#3870 = B_SPLINE_CURVE_WITH_KNOTS ( 'NONE', 3,
 ( #611, #3180, #1135, #507, #82, #3285, #11, #1034, #5318, #6472, #577, #4336, #2649, #1675, #2719, #2752, #6398, #2786, #45 ),
 .UNSPECIFIED., .F., .F.,
 ( 4, 1, 1, 1, 1, 1, 1, 1, 1, 1, 1, 1, 1, 1, 1, 1, 4 ),
 ( 0.000000000000000000, 0.06874226160548990716, 0.1346351922242764176, 0.1983241870671472451, 0.2608250125604216207, 0.3227135881590244004, 0.3845545346076192916, 0.4469128577247565293, 0.5109576325148287301, 0.5749307010013356978, 0.6366845377960932417, 0.6974831152940624834, 0.7571338075238542853, 0.8169656636752642420, 0.8768183516571964597, 0.9376625803840031859, 1.000000000000000000 ),
 .UNSPECIFIED. ) ;
#3871 = DIRECTION ( 'NONE',  ( -7.058846337077041170E-13, -1.224646799148529103E-16, 1.000000000000000000 ) ) ;
#3872 = PLANE ( 'NONE',  #2708 ) ;
#3873 = DIRECTION ( 'NONE',  ( -1.302941839380666872E-16, 0.7823904509760265524, 0.6227882322439384222 ) ) ;
#3874 = VERTEX_POINT ( 'NONE', #4812 ) ;
#3875 = CARTESIAN_POINT ( 'NONE',  ( -196.2999999999999261, 12.29516186431838420, 14.19390035958986473 ) ) ;
#3876 = VERTEX_POINT ( 'NONE', #6961 ) ;
#3877 = PLANE ( 'NONE',  #1814 ) ;
#3878 = VERTEX_POINT ( 'NONE', #4150 ) ;
#3879 = CARTESIAN_POINT ( 'NONE',  ( -196.2999999999999261, 11.62380603303427407, 8.082072607313472545 ) ) ;
#3880 = CARTESIAN_POINT ( 'NONE',  ( -196.4999999999999147, 11.80080048900062550, 12.88086860354151497 ) ) ;
#3881 = CARTESIAN_POINT ( 'NONE',  ( -196.2999999999999261, 12.12490889507241043, 8.029842284225505722 ) ) ;
#3882 = CARTESIAN_POINT ( 'NONE',  ( -196.2999999999999261, 12.09265385737078624, 16.88213643691154786 ) ) ;
#3883 = CARTESIAN_POINT ( 'NONE',  ( -196.2999999999999261, 11.79380250868696578, 13.86649610506375652 ) ) ;
#3884 = ADVANCED_FACE ( 'NONE', ( #6283 ), #6426, .T. ) ;
#3885 = EDGE_CURVE ( 'NONE', #3283, #865, #5798, .T. ) ;
#3886 = ADVANCED_FACE ( 'NONE', ( #3625 ), #6889, .T. ) ;
#3887 = CARTESIAN_POINT ( 'NONE',  ( -196.2999999999999261, 12.29506423391102032, 7.786132490554464880 ) ) ;
#3888 = CARTESIAN_POINT ( 'NONE',  ( -196.2999999999999261, 12.23410417201069222, 13.65423940205781506 ) ) ;
#3889 = CARTESIAN_POINT ( 'NONE',  ( -196.2999999999999261, 11.80827289286105142, 14.87199585906553523 ) ) ;
#3890 = CARTESIAN_POINT ( 'NONE',  ( -196.2999999999999261, 11.91585172777115353, 8.302182278538936089 ) ) ;
#3891 = ORIENTED_EDGE ( 'NONE', *, *, #3950, .F. ) ;
#3892 = PLANE ( 'NONE',  #4363 ) ;
#3893 = FACE_OUTER_BOUND ( 'NONE', #6888, .T. ) ;
#3894 = EDGE_CURVE ( 'NONE', #198, #4426, #6696, .T. ) ;
#3895 = ORIENTED_EDGE ( 'NONE', *, *, #5175, .F. ) ;
#3896 = VECTOR ( 'NONE', #4587, 1000.000000000000000 ) ;
#3897 = VERTEX_POINT ( 'NONE', #564 ) ;
#3898 = CARTESIAN_POINT ( 'NONE',  ( -196.4999999999999147, 12.16429311016586823, 8.394277212445720338 ) ) ;
#3899 = LINE ( 'NONE', #6073, #4052 ) ;
#3900 = CARTESIAN_POINT ( 'NONE',  ( -190.0000000000000000, 9.999999999999937828, 20.00000000000007461 ) ) ;
#3901 = CARTESIAN_POINT ( 'NONE',  ( -196.2999999999999261, 11.75117558022829733, 12.84254831484027548 ) ) ;
#3902 = CARTESIAN_POINT ( 'NONE',  ( -196.7746689069325896, 18.49999999999993960, 3.632480703690174728 ) ) ;
#3903 = CARTESIAN_POINT ( 'NONE',  ( -196.2999999999999261, 11.95541046659108275, 14.98752591892259112 ) ) ;
#3904 = DIRECTION ( 'NONE',  ( -6.162975822039154730E-33, -1.224646799147353454E-16, 1.000000000000000000 ) ) ;
#3905 = CARTESIAN_POINT ( 'NONE',  ( -196.4999999999999147, 11.92976973691454035, 12.78019217649691619 ) ) ;
#3906 = VERTEX_POINT ( 'NONE', #1192 ) ;
#3907 = EDGE_CURVE ( 'NONE', #1281, #888, #106, .T. ) ;
#3908 = CARTESIAN_POINT ( 'NONE',  ( -196.4999999999999147, 12.02547600804789241, 15.22179866707637963 ) ) ;
#3909 = AXIS2_PLACEMENT_3D ( 'NONE', #5941, #3281, #5417 ) ;
#3910 = VERTEX_POINT ( 'NONE', #3902 ) ;
#3911 = DIRECTION ( 'NONE',  ( -2.775557561562887900E-16, 1.000000000000000000, 1.224646799147354193E-16 ) ) ;
#3912 = VERTEX_POINT ( 'NONE', #4848 ) ;
#3913 = CARTESIAN_POINT ( 'NONE',  ( -196.2999999999999261, 11.55350463907757153, 7.993772856716589992 ) ) ;
#3915 = CARTESIAN_POINT ( 'NONE',  ( -196.4999999999999147, 11.92976973691454035, 12.78019217649691619 ) ) ;
#3914 = B_SPLINE_SURFACE_WITH_KNOTS ( 'NONE', 3, 1, ( 
 ( #4058, #1353 ),
 ( #3503, #5635 ),
 ( #6739, #2315 ),
 ( #5612, #1263 ),
 ( #1793, #2382 ),
 ( #2948, #5544 ),
 ( #4528, #1826 ),
 ( #2912, #6105 ),
 ( #3932, #243 ),
 ( #3998, #3967 ),
 ( #768, #3377 ),
 ( #5509, #6207 ),
 ( #309, #174 ),
 ( #4560, #6664 ),
 ( #702, #3481 ),
 ( #5579, #6171 ),
 ( #5650, #806 ),
 ( #2879, #4461 ),
 ( #2847, #2418 ) ),
 .UNSPECIFIED., .F., .F., .F.,
 ( 4, 1, 1, 1, 1, 1, 1, 1, 1, 1, 1, 1, 1, 1, 1, 1, 4 ),
 ( 2, 2 ),
 ( 0.000000000000000000, 0.06522650389227589718, 0.1285689957067288058, 0.1903203781044671417, 0.2513779886240631867, 0.3123875283336945419, 0.3737887042767237267, 0.4364311597804504950, 0.5005667553098540612, 0.5646867953847443111, 0.6271355178835134048, 0.6884554088949800255, 0.7492457464637474196, 0.8101551773646785692, 0.8716709256529237004, 0.9347734961077240889, 1.000000000000000000 ),
 ( 0.000000000000000000, 1.000000000000000000 ),
 .UNSPECIFIED. ) ;
#3916 = CARTESIAN_POINT ( 'NONE',  ( -196.2999999999999261, 11.77088567006646969, 15.96565077672496358 ) ) ;
#3917 = VECTOR ( 'NONE', #3962, 1000.000000000000000 ) ;
#3918 = CARTESIAN_POINT ( 'NONE',  ( -196.2999999999999261, 12.30506002265862797, 17.16244547461585057 ) ) ;
#3919 = CYLINDRICAL_SURFACE ( 'NONE', #6745, 11.00000000000000000 ) ;
#3920 = CARTESIAN_POINT ( 'NONE',  ( -202.4999999999999432, 15.99999999999993783, 0.5000000000010117462 ) ) ;
#3921 = CARTESIAN_POINT ( 'NONE',  ( -196.2999999999999261, 12.20464229066255335, 13.77274763512774491 ) ) ;
#3922 = CARTESIAN_POINT ( 'NONE',  ( -196.2999999999999261, 11.77617147970300060, 14.77887757313153472 ) ) ;
#3923 = CARTESIAN_POINT ( 'NONE',  ( -196.2999999999999261, 11.50141186431838491, 5.894824337955250293 ) ) ;
#3924 = ORIENTED_EDGE ( 'NONE', *, *, #1177, .T. ) ;
#3925 = CARTESIAN_POINT ( 'NONE',  ( -196.2999999999999261, 11.82244176215492359, 13.88861189805140484 ) ) ;
#3926 = DIRECTION ( 'NONE',  ( 1.665334536937734564E-16, -1.000000000000000000, -1.224646799147353947E-16 ) ) ;
#3927 = VERTEX_POINT ( 'NONE', #5514 ) ;
#3928 = AXIS2_PLACEMENT_3D ( 'NONE', #3225, #5363, #1111 ) ;
#3929 = VERTEX_POINT ( 'NONE', #3835 ) ;
#3930 = CARTESIAN_POINT ( 'NONE',  ( -196.2999999999999261, 12.22310729244763650, 8.453488908825551817 ) ) ;
#3931 = EDGE_CURVE ( 'NONE', #908, #6662, #3797, .T. ) ;
#3932 = CARTESIAN_POINT ( 'NONE',  ( -196.2999999999999261, 12.16354505886793724, 9.043888211341917227 ) ) ;
#3933 = CARTESIAN_POINT ( 'NONE',  ( -196.4999999999999147, 11.50239852183019806, 8.581224898280574109 ) ) ;
#3934 = LINE ( 'NONE', #4531, #1491 ) ;
#3935 = CARTESIAN_POINT ( 'NONE',  ( -196.2999999999999261, 11.60778208642411080, 8.892138850743130263 ) ) ;
#3936 = EDGE_CURVE ( 'NONE', #2092, #6147, #5460, .T. ) ;
#3937 = DIRECTION ( 'NONE',  ( -1.000000000000000000, -2.220446049250312588E-16, -9.367723249499513438E-31 ) ) ;
#3938 = EDGE_CURVE ( 'NONE', #1296, #1710, #3200, .T. ) ;
#3939 = VECTOR ( 'NONE', #1080, 1000.000000000000000 ) ;
#3940 = AXIS2_PLACEMENT_3D ( 'NONE', #5977, #3314, #5445 ) ;
#3941 = CARTESIAN_POINT ( 'NONE',  ( -196.2999999999999261, 11.65849517109446687, 10.42616987300024078 ) ) ;
#3942 = CARTESIAN_POINT ( 'NONE',  ( -196.2999999999999261, 11.83657674241329616, 15.92317913813755936 ) ) ;
#3943 = CARTESIAN_POINT ( 'NONE',  ( -196.2999999999999261, 11.82772383593071019, 12.39967837971129505 ) ) ;
#3944 = CARTESIAN_POINT ( 'NONE',  ( -196.2999999999999261, 11.50141186431838491, 11.71724771535909682 ) ) ;
#3945 = EDGE_LOOP ( 'NONE', ( #6151, #5656, #1347, #2063 ) ) ;
#3946 = DIRECTION ( 'NONE',  ( -1.000000000000000000, -4.336808689942013792E-16, 0.000000000000000000 ) ) ;
#3947 = VECTOR ( 'NONE', #6951, 1000.000000000000000 ) ;
#3948 = ORIENTED_EDGE ( 'NONE', *, *, #2690, .T. ) ;
#3949 = CARTESIAN_POINT ( 'NONE',  ( -196.2999999999999261, 11.66178177731653243, 8.005792358148813292 ) ) ;
#3950 = EDGE_CURVE ( 'NONE', #6769, #3461, #5541, .T. ) ;
#3951 = ORIENTED_EDGE ( 'NONE', *, *, #843, .F. ) ;
#3952 = CARTESIAN_POINT ( 'NONE',  ( -196.2999999999999261, 11.81024639253016772, 8.171265504378787625 ) ) ;
#3953 = CARTESIAN_POINT ( 'NONE',  ( -196.2999999999999261, 11.72866427695491787, 9.019961523270675130 ) ) ;
#3954 = CARTESIAN_POINT ( 'NONE',  ( -196.2999999999999261, 11.98400316767765261, 8.101661090652489960 ) ) ;
#3955 = CARTESIAN_POINT ( 'NONE',  ( -196.4999999999999147, 12.30533814636966738, 17.17268892128858582 ) ) ;
#3956 = EDGE_CURVE ( 'NONE', #6712, #137, #3276, .T. ) ;
#3957 = AXIS2_PLACEMENT_3D ( 'NONE', #328, #3033, #5174 ) ;
#3958 = FACE_OUTER_BOUND ( 'NONE', #3542, .T. ) ;
#3959 = CARTESIAN_POINT ( 'NONE',  ( -196.2999999999999261, 12.14715945290658006, 13.84221889780005732 ) ) ;
#3960 = DIRECTION ( 'NONE',  ( -0.9914964367057140793, 0.1301338387963397458, 0.000000000000000000 ) ) ;
#3961 = ORIENTED_EDGE ( 'NONE', *, *, #4830, .T. ) ;
#3962 = DIRECTION ( 'NONE',  ( -1.665334536937734318E-16, 1.000000000000000000, 1.224646799147353947E-16 ) ) ;
#3963 = CARTESIAN_POINT ( 'NONE',  ( -196.2999999999999261, 11.76048471693182762, 15.67232819803946953 ) ) ;
#3964 = AXIS2_PLACEMENT_3D ( 'NONE', #1328, #2975, #6164 ) ;
#3965 = ORIENTED_EDGE ( 'NONE', *, *, #2300, .F. ) ;
#3966 = CARTESIAN_POINT ( 'NONE',  ( -196.2999999999999261, 11.94357467078421386, 8.302870538366041941 ) ) ;
#3967 = CARTESIAN_POINT ( 'NONE',  ( -196.4999999999999147, 12.19445882401687875, 9.015719871911150207 ) ) ;
#3968 = CARTESIAN_POINT ( 'NONE',  ( -199.4999999999995168, 5.499999999999937828, 4.000000000001006306 ) ) ;
#3969 = CARTESIAN_POINT ( 'NONE',  ( -196.2999999999999261, 11.82347849410305329, 15.28954236093557917 ) ) ;
#3970 = CARTESIAN_POINT ( 'NONE',  ( -196.2999999999999261, 11.56246955662607689, 8.717470571929609946 ) ) ;
#3971 = CARTESIAN_POINT ( 'NONE',  ( -196.2999999999999261, 11.90146695245941189, 8.373067026256531875 ) ) ;
#3972 = CARTESIAN_POINT ( 'NONE',  ( -21.99999999999999289, -3.469446951953614189E-15, 1.500000000000127898 ) ) ;
#3973 = PERSON_AND_ORGANIZATION ( #6735, #1106 ) ;
#3974 = EDGE_CURVE ( 'NONE', #2380, #1349, #6534, .T. ) ;
#3975 = CARTESIAN_POINT ( 'NONE',  ( -196.2999999999999261, 11.88714012075614690, 14.98232950048506140 ) ) ;
#3976 = EDGE_CURVE ( 'NONE', #3906, #1845, #1734, .T. ) ;
#3977 = CARTESIAN_POINT ( 'NONE',  ( -196.2999999999999261, 11.86332753665676520, 15.93421994725547819 ) ) ;
#3978 = DIRECTION ( 'NONE',  ( -1.000000000000000000, -1.665334536937734318E-16, -3.081487911019576818E-32 ) ) ;
#3979 = DIRECTION ( 'NONE',  ( -0.9237280213470681067, -0.3830490080632377170, 0.000000000000000000 ) ) ;
#3980 = VERTEX_POINT ( 'NONE', #178 ) ;
#3981 = CYLINDRICAL_SURFACE ( 'NONE', #2675, 3.200000000000003730 ) ;
#3982 = VERTEX_POINT ( 'NONE', #2319 ) ;
#3983 = CARTESIAN_POINT ( 'NONE',  ( -196.2999999999999261, 11.69556133162799050, 8.039039125235575511 ) ) ;
#3984 = VERTEX_POINT ( 'NONE', #6007 ) ;
#3985 = CARTESIAN_POINT ( 'NONE',  ( -196.2999999999999261, 11.84193150144031037, 8.176069263889417016 ) ) ;
#3986 = CARTESIAN_POINT ( 'NONE',  ( -196.2999999999999261, 11.69265588746359619, 8.994990133124268539 ) ) ;
#3987 = CARTESIAN_POINT ( 'NONE',  ( -196.2999999999999261, 12.07126665043145408, 8.069657785118016236 ) ) ;
#3988 = CARTESIAN_POINT ( 'NONE',  ( -196.2999999999999261, 12.19539593303542802, 16.93784198826577025 ) ) ;
#3989 = LINE ( 'NONE', #6125, #6132 ) ;
#3990 = CARTESIAN_POINT ( 'NONE',  ( -196.2999999999999261, 11.78833633791126090, 15.47065351154004809 ) ) ;
#3991 = DIRECTION ( 'NONE',  ( 6.162975822039154730E-33, 1.224646799147353454E-16, -1.000000000000000000 ) ) ;
#3992 = ORIENTED_EDGE ( 'NONE', *, *, #3446, .T. ) ;
#3993 = FACE_BOUND ( 'NONE', #6215, .T. ) ;
#3994 = CARTESIAN_POINT ( 'NONE',  ( -196.2999999999999261, 11.79020508718275373, 14.21260535264328873 ) ) ;
#3995 = ADVANCED_FACE ( 'NONE', ( #2185 ), #4465, .F. ) ;
#3996 = ORIENTED_EDGE ( 'NONE', *, *, #1275, .F. ) ;
#3997 = CARTESIAN_POINT ( 'NONE',  ( -196.2999999999999261, 12.13144677017491802, 8.369612139743940915 ) ) ;
#3998 = CARTESIAN_POINT ( 'NONE',  ( -196.2999999999999261, 12.19445882401687875, 9.015719871911150207 ) ) ;
#3999 = DIRECTION ( 'NONE',  ( 0.000000000000000000, 0.000000000000000000, -1.000000000000000000 ) ) ;
#4000 = CARTESIAN_POINT ( 'NONE',  ( -196.4999999999999147, 11.80671923877841678, 15.31078631956931346 ) ) ;
#4001 = CYLINDRICAL_SURFACE ( 'NONE', #1547, 3.200000000000003730 ) ;
#4002 = CARTESIAN_POINT ( 'NONE',  ( -196.4999999999999147, 11.72866427695491787, 9.019961523270675130 ) ) ;
#4003 = CARTESIAN_POINT ( 'NONE',  ( -196.2999999999999261, 11.64618884637529028, 8.489522430823646104 ) ) ;
#4004 = SECURITY_CLASSIFICATION_LEVEL ( 'unclassified' ) ;
#4005 = CIRCLE ( 'NONE', #4458, 11.00000000000000000 ) ;
#4006 = VECTOR ( 'NONE', #4398, 1000.000000000000000 ) ;
#4007 = CARTESIAN_POINT ( 'NONE',  ( -196.2999999999999261, 11.90178496127351337, 8.301833051897556714 ) ) ;
#4008 = DIRECTION ( 'NONE',  ( -1.302941839380666872E-16, 0.7823904509760265524, 0.6227882322439384222 ) ) ;
#4009 = CARTESIAN_POINT ( 'NONE',  ( -196.2999999999999261, 11.50170614439243444, 7.729584911338760023 ) ) ;
#4010 = PLANE ( 'NONE',  #144 ) ;
#4011 = CIRCLE ( 'NONE', #4685, 3.199999999999995737 ) ;
#4012 = ORIENTED_EDGE ( 'NONE', *, *, #6204, .F. ) ;
#4013 = LINE ( 'NONE', #5628, #986 ) ;
#4014 = EDGE_CURVE ( 'NONE', #4509, #4320, #6077, .T. ) ;
#4015 = EDGE_LOOP ( 'NONE', ( #3092, #4947, #6557, #2758 ) ) ;
#4016 = CARTESIAN_POINT ( 'NONE',  ( -196.4999999999999147, 11.97458514921122585, 16.94248721958847881 ) ) ;
#4017 = LOCAL_TIME ( 17, 38, 55.00000000000000000, #572 ) ;
#4018 = VERTEX_POINT ( 'NONE', #4883 ) ;
#4019 = CARTESIAN_POINT ( 'NONE',  ( -59.99999999999999289, -3.200000000000017497, -13.99999999999992895 ) ) ;
#4020 = ADVANCED_FACE ( 'NONE', ( #1901 ), #6744, .T. ) ;
#4021 = CARTESIAN_POINT ( 'NONE',  ( -196.2999999999999261, 11.67619742648780345, 8.980619777385117075 ) ) ;
#4022 = CARTESIAN_POINT ( 'NONE',  ( -196.2999999999999261, 11.97227549967836779, 16.01541251891853435 ) ) ;
#4023 = FACE_OUTER_BOUND ( 'NONE', #5230, .T. ) ;
#4024 = EDGE_CURVE ( 'NONE', #3318, #2918, #3342, .T. ) ;
#4025 = EDGE_CURVE ( 'NONE', #5595, #653, #6109, .T. ) ;
#4026 = DIRECTION ( 'NONE',  ( 0.000000000000000000, -1.224646799147353700E-16, 1.000000000000000000 ) ) ;
#4027 = CARTESIAN_POINT ( 'NONE',  ( -196.2999999999999261, 11.97587739969332610, 15.54729320183854746 ) ) ;
#4028 = B_SPLINE_CURVE_WITH_KNOTS ( 'NONE', 3,
 ( #1553, #2673, #2111, #529, #2636, #4183, #2530, #5233, #4291, #423, #5869 ),
 .UNSPECIFIED., .F., .F.,
 ( 4, 1, 1, 1, 1, 1, 1, 1, 4 ),
 ( 0.000000000000000000, 0.1762577548177968190, 0.3384344138804729063, 0.4848220507878368002, 0.6171575782663299981, 0.7346983606124748434, 0.8373851838323574936, 0.9263724209295842726, 1.000000000000000000 ),
 .UNSPECIFIED. ) ;
#4029 = AXIS2_PLACEMENT_3D ( 'NONE', #3125, #2072, #313 ) ;
#4030 = B_SPLINE_CURVE_WITH_KNOTS ( 'NONE', 3,
 ( #4904, #5500, #1621, #622, #2665, #2800, #94, #3331, #5465, #2138, #3857, #3788, #4281, #5891, #2241 ),
 .UNSPECIFIED., .F., .F.,
 ( 4, 1, 1, 1, 1, 1, 1, 1, 1, 1, 1, 1, 4 ),
 ( 0.000000000000000000, 0.08631500374059140890, 0.1677664659179401441, 0.2444326843848595443, 0.3181346623514529348, 0.3918841069799631205, 0.4700680503917541997, 0.5539041787139095119, 0.6443394983098198470, 0.7368746633345097941, 0.8261683643076468408, 0.9136785948895809195, 1.000000000000000000 ),
 .UNSPECIFIED. ) ;
#4031 = LINE ( 'NONE', #4485, #5751 ) ;
#4032 = ORIENTED_EDGE ( 'NONE', *, *, #1198, .F. ) ;
#4033 = CARTESIAN_POINT ( 'NONE',  ( -196.4999999999999147, 11.61937663348440353, 8.912079491635969575 ) ) ;
#4034 = CARTESIAN_POINT ( 'NONE',  ( -196.2999999999999261, 11.90759507935326589, 15.63425521882221680 ) ) ;
#4035 = B_SPLINE_SURFACE_WITH_KNOTS ( 'NONE', 3, 1, ( 
 ( #667, #2248 ),
 ( #4949, #2285 ),
 ( #4984, #4462 ),
 ( #4561, #205 ),
 ( #2352, #4495 ),
 ( #5055, #4198 ),
 ( #244, #1498 ),
 ( #5651, #6631 ),
 ( #5088, #2419 ),
 ( #3519, #2581 ),
 ( #6701, #6665 ),
 ( #1828, #6295 ),
 ( #3672, #5809 ),
 ( #2383, #807 ),
 ( #1896, #4040 ),
 ( #6831, #5580 ),
 ( #6172, #837 ),
 ( #4530, #2061 ),
 ( #1861, #997 ) ),
 .UNSPECIFIED., .F., .F., .F.,
 ( 4, 1, 1, 1, 1, 1, 1, 1, 1, 1, 1, 1, 1, 1, 1, 1, 4 ),
 ( 2, 2 ),
 ( 0.000000000000000000, 0.08252970382206623046, 0.1587788549175703501, 0.2277380621151797180, 0.2899456527966765562, 0.3454988386981380777, 0.3938963373401241364, 0.4363737851900892362, 0.4721222744615228284, 0.5363836155048276044, 0.5990779017254963534, 0.6619482340244593477, 0.7263105423531570626, 0.7917711030502134761, 0.8586473037978573641, 0.9273053338076849839, 1.000000000000000000 ),
 ( 0.000000000000000000, 1.000000000000000000 ),
 .UNSPECIFIED. ) ;
#4036 = ORIENTED_EDGE ( 'NONE', *, *, #627, .F. ) ;
#4037 = CARTESIAN_POINT ( 'NONE',  ( -196.4999999999999147, 11.60773069683075498, 8.545368508344523661 ) ) ;
#4038 = CC_DESIGN_PERSON_AND_ORGANIZATION_ASSIGNMENT ( #993, #2392, ( #4255 ) ) ;
#4039 = CARTESIAN_POINT ( 'NONE',  ( -196.2999999999999261, 11.73022277084658604, 14.49253568980468287 ) ) ;
#4040 = CARTESIAN_POINT ( 'NONE',  ( -196.4999999999999147, 11.78833633791126090, 14.44284902436056051 ) ) ;
#4041 = CARTESIAN_POINT ( 'NONE',  ( -196.4999999999999147, 11.82347849410305329, 15.28954236093557917 ) ) ;
#4042 = CARTESIAN_POINT ( 'NONE',  ( -196.2999999999999261, 11.77617147970300238, 12.25531862882063550 ) ) ;
#4043 = CARTESIAN_POINT ( 'NONE',  ( -196.4999999999999147, 11.69265588746359619, 8.994990133124268539 ) ) ;
#4044 = CARTESIAN_POINT ( 'NONE',  ( -196.4999999999999147, 11.95934455662607832, 7.153662228580250471 ) ) ;
#4045 = CARTESIAN_POINT ( 'NONE',  ( -196.2999999999999261, 12.06321184856645168, 13.42783673476574791 ) ) ;
#4046 = CARTESIAN_POINT ( 'NONE',  ( -196.2999999999999261, 11.70493750534402544, 12.25563663763473699 ) ) ;
#4047 = CARTESIAN_POINT ( 'NONE',  ( -56.99999999999999289, -1.285987246457894707E-14, 7.285838599102589797E-14 ) ) ;
#4048 = CARTESIAN_POINT ( 'NONE',  ( 6.000000000000002665, 7.347880794884120722E-16, 20.00000000000000000 ) ) ;
#4049 = VECTOR ( 'NONE', #5640, 1000.000000000000000 ) ;
#4050 = ORIENTED_EDGE ( 'NONE', *, *, #473, .F. ) ;
#4051 = DIRECTION ( 'NONE',  ( -1.000000000000000000, -3.330669073875469621E-16, -4.314083075427408311E-32 ) ) ;
#4052 = VECTOR ( 'NONE', #1190, 1000.000000000000000 ) ;
#4053 = AXIS2_PLACEMENT_3D ( 'NONE', #2272, #4415, #6517 ) ;
#4054 = DIRECTION ( 'NONE',  ( -1.000000000000000000, -1.665334536937734318E-16, -3.081487911019576818E-32 ) ) ;
#4055 = ORIENTED_EDGE ( 'NONE', *, *, #1787, .F. ) ;
#4056 = DIRECTION ( 'NONE',  ( -2.775557561562887900E-16, 1.000000000000000000, 1.224646799147354193E-16 ) ) ;
#4057 = CARTESIAN_POINT ( 'NONE',  ( -196.4999999999999147, 11.98945031966102093, 9.807865164614387510 ) ) ;
#4058 = CARTESIAN_POINT ( 'NONE',  ( -196.2999999999999261, 11.89796885550428307, 9.136288180102685175 ) ) ;
#4059 = CONICAL_SURFACE ( 'NONE', #1024, 4.500000000000003553, 0.1910822382529145103 ) ;
#4060 = CARTESIAN_POINT ( 'NONE',  ( -196.2999999999999261, 11.92976973691454035, 12.78019217649691619 ) ) ;
#4061 = VECTOR ( 'NONE', #4851, 1000.000000000000227 ) ;
#4062 = DIRECTION ( 'NONE',  ( 1.000000000000000000, 2.220446049250312588E-16, 1.035379938102577819E-30 ) ) ;
#4063 = VERTEX_POINT ( 'NONE', #3486 ) ;
#4064 = B_SPLINE_CURVE_WITH_KNOTS ( 'NONE', 3,
 ( #124, #5040, #2303, #5565, #2794, #6020, #6550, #789, #3435, #2899, #1815, #1716, #1288, #757, #3469, #6094, #1207, #4376, #1173 ),
 .UNSPECIFIED., .F., .F.,
 ( 4, 1, 1, 1, 1, 1, 1, 1, 1, 1, 1, 1, 1, 1, 1, 1, 4 ),
 ( 0.000000000000000000, 0.06581887684330729738, 0.1297465269068318883, 0.1920719544880064300, 0.2534594242982023959, 0.3145695877964205245, 0.3762798811880262995, 0.4390256536685597788, 0.5032670288290859162, 0.5674928228792950335, 0.6297047956052447271, 0.6909996492157557402, 0.7514516509174470338, 0.8120043642646945781, 0.8731496810680428045, 0.9356354837317855111, 1.000000000000000000 ),
 .UNSPECIFIED. ) ;
#4065 = EDGE_CURVE ( 'NONE', #1824, #6050, #3449, .T. ) ;
#4066 = CARTESIAN_POINT ( 'NONE',  ( -196.2999999999999261, 12.29516186431838420, 15.22170484676935409 ) ) ;
#4067 = DIRECTION ( 'NONE',  ( 0.000000000000000000, -1.000000000000000000, -1.224646799147364547E-16 ) ) ;
#4068 = EDGE_CURVE ( 'NONE', #1512, #2313, #314, .T. ) ;
#4069 = DIRECTION ( 'NONE',  ( 0.000000000000000000, 1.000000000000000000, 3.388131789017205794E-16 ) ) ;
#4070 = ORIENTED_EDGE ( 'NONE', *, *, #5429, .F. ) ;
#4071 = CARTESIAN_POINT ( 'NONE',  ( -196.4999999999999147, 12.05445972446561242, 9.805222315539861455 ) ) ;
#4072 = CARTESIAN_POINT ( 'NONE',  ( -196.2999999999999261, 11.82837916878387219, 15.61556511402776692 ) ) ;
#4073 = ORIENTED_EDGE ( 'NONE', *, *, #6032, .F. ) ;
#4074 = DIRECTION ( 'NONE',  ( 0.000000000000000000, 0.000000000000000000, -1.000000000000000000 ) ) ;
#4075 = CARTESIAN_POINT ( 'NONE',  ( -196.2999999999999261, 11.70564368544858525, 14.41479866991404357 ) ) ;
#4076 = CARTESIAN_POINT ( 'NONE',  ( -196.2999999999999261, 12.29516186431838420, 14.59077535958986438 ) ) ;
#4077 = CARTESIAN_POINT ( 'NONE',  ( -196.2999999999999261, 11.91820581620352648, 12.04277053190190827 ) ) ;
#4078 = DIRECTION ( 'NONE',  ( 1.000000000000000000, 0.000000000000000000, 0.000000000000000000 ) ) ;
#4079 = DIRECTION ( 'NONE',  ( -1.000000000000000000, 0.000000000000000000, 0.000000000000000000 ) ) ;
#4080 = CARTESIAN_POINT ( 'NONE',  ( -56.99999999999999289, -1.285987246457894707E-14, 20.00000000000007461 ) ) ;
#4081 = CARTESIAN_POINT ( 'NONE',  ( -196.4999999999999147, 11.89780985109723055, 9.065054205743711790 ) ) ;
#4082 = CARTESIAN_POINT ( 'NONE',  ( -196.2999999999999261, 11.70532324964515958, 14.38356857728076044 ) ) ;
#4083 = CARTESIAN_POINT ( 'NONE',  ( -196.2999999999999261, 11.90156086094853016, 10.39383238457689806 ) ) ;
#4084 = VERTEX_POINT ( 'NONE', #6779 ) ;
#4085 = CARTESIAN_POINT ( 'NONE',  ( -199.4999999999999147, 12.99999999999993960, -17.94870560657918190 ) ) ;
#4086 = EDGE_CURVE ( 'NONE', #2259, #6470, #3111, .T. ) ;
#4087 = FACE_OUTER_BOUND ( 'NONE', #1956, .T. ) ;
#4088 = ORIENTED_EDGE ( 'NONE', *, *, #6655, .T. ) ;
#4089 = PLANE ( 'NONE',  #3338 ) ;
#4090 = CARTESIAN_POINT ( 'NONE',  ( -197.9000000000000057, 9.999999999999937828, 4.000000000000078160 ) ) ;
#4091 = CARTESIAN_POINT ( 'NONE',  ( -196.2999999999999261, 11.99038116595523995, 12.77175005475897684 ) ) ;
#4092 = CARTESIAN_POINT ( 'NONE',  ( -203.9999999999999432, 12.99999999999993783, -0.4999999999989839239 ) ) ;
#4093 = VERTEX_POINT ( 'NONE', #5655 ) ;
#4094 = DIRECTION ( 'NONE',  ( 0.000000000000000000, 0.000000000000000000, 1.000000000000000000 ) ) ;
#4095 = CARTESIAN_POINT ( 'NONE',  ( -196.2999999999999261, 11.82447879784266931, 15.51627920007816996 ) ) ;
#4096 = CARTESIAN_POINT ( 'NONE',  ( -196.4999999999999147, 11.77644538730993951, 14.38885905206877069 ) ) ;
#4097 = ORIENTED_EDGE ( 'NONE', *, *, #4274, .F. ) ;
#4098 = CARTESIAN_POINT ( 'NONE',  ( -196.4999999999999147, 12.28844444721673312, 9.675726683464338507 ) ) ;
#4099 = CARTESIAN_POINT ( 'NONE',  ( -196.4999999999999147, 11.71137653266795731, 8.430411024243985807 ) ) ;
#4100 = EDGE_CURVE ( 'NONE', #487, #3167, #3524, .T. ) ;
#4101 = ORIENTED_EDGE ( 'NONE', *, *, #5351, .F. ) ;
#4102 = LINE ( 'NONE', #4559, #2251 ) ;
#4103 = CARTESIAN_POINT ( 'NONE',  ( 3.759608614608202171, -9.066348570306418608, -8.400000000000000355 ) ) ;
#4104 = CARTESIAN_POINT ( 'NONE',  ( -196.4999999999999147, 12.30533814636966738, 17.17268892128858582 ) ) ;
#4105 = CARTESIAN_POINT ( 'NONE',  ( -193.0000000000000000, -8.267949192431135685, 18.50000000000007816 ) ) ;
#4106 = FACE_OUTER_BOUND ( 'NONE', #518, .T. ) ;
#4107 = CARTESIAN_POINT ( 'NONE',  ( -196.4999999999999147, 11.79140812767901814, 8.315338700907185299 ) ) ;
#4108 = CARTESIAN_POINT ( 'NONE',  ( -196.2999999999999261, 11.71137653266795731, 8.430411024243985807 ) ) ;
#4109 = EDGE_CURVE ( 'NONE', #1537, #593, #2459, .T. ) ;
#4110 = CARTESIAN_POINT ( 'NONE',  ( -196.4999999999999147, 12.11920865127857638, 13.45190367385953856 ) ) ;
#4111 = CARTESIAN_POINT ( 'NONE',  ( -196.2999999999999261, 11.52771130885381368, 7.933553822087203500 ) ) ;
#4112 = CARTESIAN_POINT ( 'NONE',  ( -196.2999999999999261, 11.88966531416801153, 10.41660831872739124 ) ) ;
#4113 = B_SPLINE_CURVE_WITH_KNOTS ( 'NONE', 3,
 ( #3840, #77, #2892, #3425, #6047, #1199, #150 ),
 .UNSPECIFIED., .F., .F.,
 ( 4, 1, 1, 1, 4 ),
 ( 0.000000000000000000, 0.2835948081386894803, 0.5433948405759611022, 0.7806456291745603737, 1.000000000000000000 ),
 .UNSPECIFIED. ) ;
#4114 = ORIENTED_EDGE ( 'NONE', *, *, #1835, .F. ) ;
#4115 = DIRECTION ( 'NONE',  ( 1.488029489376061448E-16, -0.8935318738493788215, -0.4489997666093132334 ) ) ;
#4116 = DIRECTION ( 'NONE',  ( -1.665334536937734318E-16, 1.000000000000000000, 1.224646799147353947E-16 ) ) ;
#4117 = ORIENTED_EDGE ( 'NONE', *, *, #6052, .F. ) ;
#4119 = CARTESIAN_POINT ( 'NONE',  ( -199.4999999999999716, 5.999999999999936051, 4.000000000000071054 ) ) ;
#4118 = VECTOR ( 'NONE', #5, 1000.000000000000000 ) ;
#4120 = EDGE_CURVE ( 'NONE', #3809, #5029, #1271, .T. ) ;
#4121 = CARTESIAN_POINT ( 'NONE',  ( -196.2999999999999261, 11.78754196669081367, 14.83981301556622689 ) ) ;
#4122 = CARTESIAN_POINT ( 'NONE',  ( -199.4999999999995168, 8.499999999999937828, 17.50000000000100897 ) ) ;
#4123 = LINE ( 'NONE', #4625, #6947 ) ;
#4124 = ORIENTED_EDGE ( 'NONE', *, *, #3515, .T. ) ;
#4125 = CYLINDRICAL_SURFACE ( 'NONE', #5685, 1.500000000000001332 ) ;
#4126 = CARTESIAN_POINT ( 'NONE',  ( -196.2999999999999261, 11.85574391732328436, 15.53326606926605535 ) ) ;
#4127 = CARTESIAN_POINT ( 'NONE',  ( -100.9999999999999716, -10.00000000000003197, 7.285838599102589797E-14 ) ) ;
#4128 = ORIENTED_EDGE ( 'NONE', *, *, #4529, .F. ) ;
#4129 = CARTESIAN_POINT ( 'NONE',  ( -196.4999999999999147, 12.15267899223054293, 9.787938240132884715 ) ) ;
#4130 = CARTESIAN_POINT ( 'NONE',  ( -196.4999999999999147, 11.85543807625034418, 8.375760454126297105 ) ) ;
#4131 = VECTOR ( 'NONE', #3460, 1000.000000000000000 ) ;
#4132 = VECTOR ( 'NONE', #6210, 1000.000000000000000 ) ;
#4133 = EDGE_LOOP ( 'NONE', ( #3263, #6325, #2293, #1790 ) ) ;
#4134 = CARTESIAN_POINT ( 'NONE',  ( -196.2999999999999261, 11.59716867280406483, 8.565700722536947254 ) ) ;
#4135 = CARTESIAN_POINT ( 'NONE',  ( -196.2999999999999261, 12.24750770971315461, 8.952076700088788641 ) ) ;
#4136 = CARTESIAN_POINT ( 'NONE',  ( -196.2999999999999261, 12.04234263884380418, 15.22173688731413499 ) ) ;
#4137 = CARTESIAN_POINT ( 'NONE',  ( -196.2999999999999261, 11.86069139054230526, 12.07786408854820692 ) ) ;
#4138 = CARTESIAN_POINT ( 'NONE',  ( -196.2999999999999261, 11.81592258146582175, 15.22170484676935409 ) ) ;
#4139 = CARTESIAN_POINT ( 'NONE',  ( -196.4999999999999147, 9.999999999999937828, 0.5000000000010135226 ) ) ;
#4140 = DIRECTION ( 'NONE',  ( -1.665334536937734318E-16, 1.000000000000000000, 1.224646799147353947E-16 ) ) ;
#4141 = ORIENTED_EDGE ( 'NONE', *, *, #6082, .F. ) ;
#4142 = EDGE_LOOP ( 'NONE', ( #2606, #6670, #5967, #4466 ) ) ;
#4143 = LINE ( 'NONE', #4605, #4286 ) ;
#4144 = B_SPLINE_CURVE_WITH_KNOTS ( 'NONE', 3,
 ( #4175, #414, #4672, #3090, #383, #1510, #2525, #2001, #449, #3648, #6271 ),
 .UNSPECIFIED., .F., .F.,
 ( 4, 1, 1, 1, 1, 1, 1, 1, 4 ),
 ( 0.000000000000000000, 0.1281572795931863740, 0.2538343627967353799, 0.3765056225222092046, 0.4985336856679110085, 0.6213677287324631537, 0.7445647449043580890, 0.8706337982552836419, 1.000000000000000000 ),
 .UNSPECIFIED. ) ;
#4145 = EDGE_CURVE ( 'NONE', #6611, #502, #2787, .T. ) ;
#4146 = CARTESIAN_POINT ( 'NONE',  ( -196.4999999999999147, 11.90178496127351337, 8.301833051897556714 ) ) ;
#4147 = ADVANCED_FACE ( 'NONE', ( #2954 ), #279, .F. ) ;
#4148 = DIRECTION ( 'NONE',  ( -1.000000000000000000, 0.000000000000000000, 0.000000000000000000 ) ) ;
#4149 = EDGE_LOOP ( 'NONE', ( #1153, #5790, #1059, #149, #6068, #2930 ) ) ;
#4150 = CARTESIAN_POINT ( 'NONE',  ( -199.4999999999995168, 8.499999999999937828, 2.500000000001006750 ) ) ;
#4151 = CARTESIAN_POINT ( 'NONE',  ( -199.5000000000000000, 8.499999999999934275, 16.00000000000007816 ) ) ;
#4152 = VECTOR ( 'NONE', #3340, 1000.000000000000000 ) ;
#4153 = VERTEX_POINT ( 'NONE', #6955 ) ;
#4154 = CARTESIAN_POINT ( 'NONE',  ( -196.2999999999999261, 12.29516186431838420, 15.94422087241037822 ) ) ;
#4155 = CARTESIAN_POINT ( 'NONE',  ( -196.4999999999999147, 11.79333239249219467, 12.89591092009841233 ) ) ;
#4156 = DIRECTION ( 'NONE',  ( -1.000000000000000000, 0.000000000000000000, 0.000000000000000000 ) ) ;
#4157 = LINE ( 'NONE', #3631, #1450 ) ;
#4158 = AXIS2_PLACEMENT_3D ( 'NONE', #5824, #2558, #2003 ) ;
#4159 = VERTEX_POINT ( 'NONE', #5717 ) ;
#4160 = CARTESIAN_POINT ( 'NONE',  ( -199.4999999999999147, 12.99999999999993605, 19.50000000000101252 ) ) ;
#4161 = VECTOR ( 'NONE', #3777, 1000.000000000000000 ) ;
#4162 = CARTESIAN_POINT ( 'NONE',  ( -196.2999999999999261, 12.30506212293500568, 12.26640941042071375 ) ) ;
#4163 = VECTOR ( 'NONE', #3215, 1000.000000000000000 ) ;
#4164 = CARTESIAN_POINT ( 'NONE',  ( 2.874994822935684979, -6.933090083175496687, -10.40000000000000036 ) ) ;
#4165 = FACE_OUTER_BOUND ( 'NONE', #1118, .T. ) ;
#4166 = EDGE_LOOP ( 'NONE', ( #4273, #4124, #4, #1500 ) ) ;
#4167 = CARTESIAN_POINT ( 'NONE',  ( -196.2999999999999261, 12.27851173841736632, 9.692041638147523841 ) ) ;
#4168 = CARTESIAN_POINT ( 'NONE',  ( -196.4999999999999147, 11.56246955662607689, 8.717470571929609946 ) ) ;
#4169 = EDGE_CURVE ( 'NONE', #2891, #2782, #5575, .T. ) ;
#4170 = ORIENTED_EDGE ( 'NONE', *, *, #3680, .F. ) ;
#4171 = CARTESIAN_POINT ( 'NONE',  ( -196.2999999999999261, 12.00020868923825645, 14.51954138523089100 ) ) ;
#4172 = CARTESIAN_POINT ( 'NONE',  ( -196.2999999999999261, 11.91224670494586135, 9.135936677548118112 ) ) ;
#4173 = CARTESIAN_POINT ( 'NONE',  ( -196.4999999999999147, 12.23825458120174048, 16.98100011236603279 ) ) ;
#4174 = ORIENTED_EDGE ( 'NONE', *, *, #5517, .T. ) ;
#4175 = CARTESIAN_POINT ( 'NONE',  ( -196.2999999999999261, 11.80049915398184623, 12.47601674580781506 ) ) ;
#4176 = DIRECTION ( 'NONE',  ( 1.000000000000000000, 0.000000000000000000, 0.000000000000000000 ) ) ;
#4177 = DESIGN_CONTEXT ( 'detailed design', #6026, 'design' ) ;
#4178 = VERTEX_POINT ( 'NONE', #5228 ) ;
#4179 = ORIENTED_EDGE ( 'NONE', *, *, #1532, .F. ) ;
#4180 = CARTESIAN_POINT ( 'NONE',  ( -196.2999999999999261, 11.48432818738014127, 8.659490735747528589 ) ) ;
#4181 = CIRCLE ( 'NONE', #367, 2.750000000000002665 ) ;
#4182 = CARTESIAN_POINT ( 'NONE',  ( -196.2999999999999261, 11.81829832480663711, 8.309305767168304158 ) ) ;
#4183 = CARTESIAN_POINT ( 'NONE',  ( -196.2999999999999261, 11.50390719442997600, 10.28071795328065541 ) ) ;
#4184 = VERTEX_POINT ( 'NONE', #2141 ) ;
#4185 = DIRECTION ( 'NONE',  ( -3.330669073875469621E-16, 1.000000000000000000, 1.224646799147353947E-16 ) ) ;
#4186 = EDGE_CURVE ( 'NONE', #218, #5199, #2039, .T. ) ;
#4187 = VECTOR ( 'NONE', #5779, 1000.000000000000227 ) ;
#4188 = EDGE_CURVE ( 'NONE', #4792, #5671, #3827, .T. ) ;
#4189 = EDGE_CURVE ( 'NONE', #4063, #2552, #3649, .T. ) ;
#4190 = CARTESIAN_POINT ( 'NONE',  ( -196.2999999999999261, 11.77645981696796618, 12.98703287420123864 ) ) ;
#4191 = ORIENTED_EDGE ( 'NONE', *, *, #5992, .F. ) ;
#4192 = DIRECTION ( 'NONE',  ( -3.608224830031766645E-16, -1.224646799147355919E-16, 1.000000000000000000 ) ) ;
#4193 = CARTESIAN_POINT ( 'NONE',  ( -21.99999999999999289, -3.199999999999997513, -13.99999999999992895 ) ) ;
#4194 = CARTESIAN_POINT ( 'NONE',  ( -196.2999999999999261, 12.23133536653076270, 9.358240835568579996 ) ) ;
#4195 = DATE_AND_TIME ( #3142, #2462 ) ;
#4196 = CARTESIAN_POINT ( 'NONE',  ( -196.4999999999999147, 12.01422841741510439, 13.42092585485375444 ) ) ;
#4197 = CARTESIAN_POINT ( 'NONE',  ( -196.2999999999999261, 11.84851848491133453, 10.22801243891678880 ) ) ;
#4198 = CARTESIAN_POINT ( 'NONE',  ( -196.4999999999999147, 11.91325364997346625, 14.51639456662855743 ) ) ;
#4199 = CARTESIAN_POINT ( 'NONE',  ( -196.4999999999999147, 11.85574391732328436, 14.50546158208656955 ) ) ;
#4200 = ORIENTED_EDGE ( 'NONE', *, *, #5871, .T. ) ;
#4201 = CARTESIAN_POINT ( 'NONE',  ( -196.2999999999999261, 11.81440091656300950, 13.41742968402213521 ) ) ;
#4202 = CARTESIAN_POINT ( 'NONE',  ( -196.2999999999999261, 11.70617653993196683, 15.78754167162210109 ) ) ;
#4203 = ORIENTED_EDGE ( 'NONE', *, *, #1357, .T. ) ;
#4204 = CARTESIAN_POINT ( 'NONE',  ( -196.2999999999999261, 11.85574391732328436, 14.50546158208656955 ) ) ;
#4205 = CARTESIAN_POINT ( 'NONE',  ( 0.000000000000000000, 0.000000000000000000, -1.999999999999998224 ) ) ;
#4206 = EDGE_CURVE ( 'NONE', #2670, #4371, #6881, .T. ) ;
#4207 = CARTESIAN_POINT ( 'NONE',  ( -196.2999999999999261, 12.05109009949466703, 15.22170484676935587 ) ) ;
#4208 = ORIENTED_EDGE ( 'NONE', *, *, #1139, .F. ) ;
#4209 = CARTESIAN_POINT ( 'NONE',  ( -196.4999999999999147, 11.58367513278220429, 8.441571474072352643 ) ) ;
#4210 = CARTESIAN_POINT ( 'NONE',  ( -196.2999999999999261, 11.98065114717094914, 14.91641638523089242 ) ) ;
#4211 = ORIENTED_EDGE ( 'NONE', *, *, #4620, .F. ) ;
#4212 = ORIENTED_EDGE ( 'NONE', *, *, #872, .T. ) ;
#4213 = FACE_OUTER_BOUND ( 'NONE', #5956, .T. ) ;
#4214 = CARTESIAN_POINT ( 'NONE',  ( -196.4999999999999147, 11.56649323088654491, 8.462312927684935815 ) ) ;
#4215 = CARTESIAN_POINT ( 'NONE',  ( -203.1933420641508690, 17.74999999999993960, 4.367519296309970933 ) ) ;
#4216 = CARTESIAN_POINT ( 'NONE',  ( -22.00000000000000000, -5.204170427930421283E-15, 20.00000000000007461 ) ) ;
#4217 = MANIFOLD_SURFACE_SHAPE_REPRESENTATION ( 'PiÞce0_Bras_DÚfaut_sldprt', ( #3037, #6150 ), #210 ) ;
#4218 = CARTESIAN_POINT ( 'NONE',  ( -196.2999999999999261, 11.70493750534402544, 12.98991898939755885 ) ) ;
#4219 = ORIENTED_EDGE ( 'NONE', *, *, #2967, .T. ) ;
#4220 = CARTESIAN_POINT ( 'NONE',  ( -196.4999999999999147, 12.29516186431838420, 15.15047087241037893 ) ) ;
#4221 = CARTESIAN_POINT ( 'NONE',  ( -196.2999999999999261, 11.70493750534402544, 15.42173239083986758 ) ) ;
#4222 = CARTESIAN_POINT ( 'NONE',  ( -196.2999999999999261, 12.20077552145562727, 9.336018198465175999 ) ) ;
#4223 = APPROVAL_STATUS ( 'not_yet_approved' ) ;
#4224 = ORIENTED_EDGE ( 'NONE', *, *, #538, .T. ) ;
#4225 = VECTOR ( 'NONE', #2123, 1000.000000000000000 ) ;
#4226 = EDGE_CURVE ( 'NONE', #5317, #5419, #1511, .T. ) ;
#4227 = CARTESIAN_POINT ( 'NONE',  ( -196.4999999999999147, 12.14474111689676938, 13.46929510482479664 ) ) ;
#4228 = CARTESIAN_POINT ( 'NONE',  ( -196.2999999999999261, 12.14641297402201658, 16.90454659047189168 ) ) ;
#4229 = VECTOR ( 'NONE', #2917, 1000.000000000000000 ) ;
#4230 = DIRECTION ( 'NONE',  ( 6.162975822039154730E-33, 1.224646799147353454E-16, -1.000000000000000000 ) ) ;
#4231 = EDGE_CURVE ( 'NONE', #1509, #6099, #5833, .T. ) ;
#4232 = EDGE_CURVE ( 'NONE', #1078, #2592, #451, .T. ) ;
#4233 = DIRECTION ( 'NONE',  ( -6.162975822039154730E-33, -1.224646799147353454E-16, 1.000000000000000000 ) ) ;
#4234 = VERTEX_POINT ( 'NONE', #4210 ) ;
#4235 = DIRECTION ( 'NONE',  ( 0.000000000000000000, 0.000000000000000000, 1.000000000000000000 ) ) ;
#4236 = CIRCLE ( 'NONE', #5464, 1.600000000000018074 ) ;
#4237 = CARTESIAN_POINT ( 'NONE',  ( -196.2999999999999261, 11.77617147970300060, 15.40933004708986509 ) ) ;
#4238 = DIRECTION ( 'NONE',  ( -3.330669073875469621E-16, 1.000000000000000000, 1.224646799147353947E-16 ) ) ;
#4239 = EDGE_LOOP ( 'NONE', ( #6367, #4743, #4392, #1991, #4351, #821, #4012, #1809, #2924, #3683, #2704 ) ) ;
#4240 = CARTESIAN_POINT ( 'NONE',  ( -196.2999999999999261, 11.95291904832821039, 14.51888176412482423 ) ) ;
#4241 = PLANE ( 'NONE',  #5733 ) ;
#4242 = CARTESIAN_POINT ( 'NONE',  ( -196.4999999999999147, 12.03415061760665772, 16.87108877926557682 ) ) ;
#4243 = ORIENTED_EDGE ( 'NONE', *, *, #2390, .F. ) ;
#4244 = VECTOR ( 'NONE', #956, 1000.000000000000114 ) ;
#4245 = CARTESIAN_POINT ( 'NONE',  ( 4.618640106735341533, 1.915245040316188918, -1.999999999999998224 ) ) ;
#4246 = CARTESIAN_POINT ( 'NONE',  ( -196.2999999999999261, 11.72401803419018051, 11.68544683394883954 ) ) ;
#4247 = VERTEX_POINT ( 'NONE', #3163 ) ;
#4248 = VERTEX_POINT ( 'NONE', #2104 ) ;
#4249 = CARTESIAN_POINT ( 'NONE',  ( -196.2999999999999261, 11.82019838336701767, 12.85252491911760409 ) ) ;
#4250 = EDGE_CURVE ( 'NONE', #3678, #3624, #6339, .T. ) ;
#4251 = CARTESIAN_POINT ( 'NONE',  ( -196.2999999999999261, 11.89033664396582068, 13.12729879708986580 ) ) ;
#4252 = CARTESIAN_POINT ( 'NONE',  ( -196.4999999999999147, 11.99439775830725097, 16.94182760867543180 ) ) ;
#4253 = VECTOR ( 'NONE', #270, 1000.000000000000000 ) ;
#4254 = CARTESIAN_POINT ( 'NONE',  ( -196.4999999999999147, 12.08543505141774510, 12.76922087241037751 ) ) ;
#4255 = PRODUCT_DEFINITION_FORMATION_WITH_SPECIFIED_SOURCE ( 'ANY', '', #4918, .NOT_KNOWN. ) ;
#4256 = CARTESIAN_POINT ( 'NONE',  ( -196.2999999999999261, 11.72270219218983556, 13.08081690938349873 ) ) ;
#4257 = ORIENTED_EDGE ( 'NONE', *, *, #5539, .T. ) ;
#4258 = CARTESIAN_POINT ( 'NONE',  ( -210.0000000000000000, 8.499999999999930722, 18.50000000000007816 ) ) ;
#4259 = CARTESIAN_POINT ( 'NONE',  ( -196.4999999999999147, 12.29927828884560093, 8.843491005011475892 ) ) ;
#4260 = CARTESIAN_POINT ( 'NONE',  ( -196.2999999999999261, 11.53003265758761486, 7.940575039077045538 ) ) ;
#4261 = AXIS2_PLACEMENT_3D ( 'NONE', #4973, #2203, #6522 ) ;
#4262 = ORIENTED_EDGE ( 'NONE', *, *, #3583, .F. ) ;
#4263 = CARTESIAN_POINT ( 'NONE',  ( -196.2999999999999261, 11.90146695245941189, 8.373067026256531875 ) ) ;
#4264 = DIRECTION ( 'NONE',  ( 1.000000000000000000, 0.000000000000000000, 0.000000000000000000 ) ) ;
#4265 = CARTESIAN_POINT ( 'NONE',  ( -196.2999999999999261, 11.72006780304264240, 10.43858577961079170 ) ) ;
#4266 = CARTESIAN_POINT ( 'NONE',  ( -196.2999999999999261, 12.00434280382159002, 13.42050292369242825 ) ) ;
#4268 = DIRECTION ( 'NONE',  ( -1.665334536937734318E-16, 1.000000000000000000, 1.224646799147353947E-16 ) ) ;
#4267 = DIRECTION ( 'NONE',  ( -0.9237280213470682178, -0.3830490080632377725, 0.000000000000000000 ) ) ;
#4269 = ORIENTED_EDGE ( 'NONE', *, *, #5539, .F. ) ;
#4270 = AXIS2_PLACEMENT_3D ( 'NONE', #6369, #1571, #3710 ) ;
#4271 = CARTESIAN_POINT ( 'NONE',  ( -196.4999999999999147, 12.31282148418338807, 9.602463000913875391 ) ) ;
#4272 = PLANE ( 'NONE',  #1238 ) ;
#4273 = ORIENTED_EDGE ( 'NONE', *, *, #4620, .T. ) ;
#4274 = EDGE_CURVE ( 'NONE', #1999, #983, #489, .T. ) ;
#4275 = CIRCLE ( 'NONE', #2480, 4.500000000000003553 ) ;
#4276 = EDGE_CURVE ( 'NONE', #3874, #6560, #2631, .T. ) ;
#4277 = AXIS2_PLACEMENT_3D ( 'NONE', #6441, #348, #3579 ) ;
#4278 = CARTESIAN_POINT ( 'NONE',  ( -196.2999999999999261, 12.14000596144163779, 8.116804663138609044 ) ) ;
#4279 = CARTESIAN_POINT ( 'NONE',  ( -196.2999999999999261, 11.92881571047223233, 10.14056001503858262 ) ) ;
#4280 = CARTESIAN_POINT ( 'NONE',  ( -196.2999999999999261, 12.29516186431838598, 10.08268241087191797 ) ) ;
#4281 = CARTESIAN_POINT ( 'NONE',  ( -196.2999999999999261, 12.23338581215681131, 9.534599933018059303 ) ) ;
#4282 = ORIENTED_EDGE ( 'NONE', *, *, #2729, .F. ) ;
#4283 = CARTESIAN_POINT ( 'NONE',  ( -9.731492488754186709, 1.277257716615685990, -1.999999999999998224 ) ) ;
#4284 = VECTOR ( 'NONE', #3681, 1000.000000000000114 ) ;
#4285 = DIRECTION ( 'NONE',  ( 0.000000000000000000, 0.000000000000000000, 1.000000000000000000 ) ) ;
#4286 = VECTOR ( 'NONE', #6277, 1000.000000000000000 ) ;
#4287 = ORIENTED_EDGE ( 'NONE', *, *, #4362, .F. ) ;
#4288 = EDGE_LOOP ( 'NONE', ( #3295, #4631 ) ) ;
#4289 = CARTESIAN_POINT ( 'NONE',  ( -196.2999999999999261, 11.92976973691454035, 12.78019217649691619 ) ) ;
#4290 = CARTESIAN_POINT ( 'NONE',  ( -196.2999999999999261, 11.91161066963428183, 13.13111446725694265 ) ) ;
#4291 = CARTESIAN_POINT ( 'NONE',  ( -196.2999999999999261, 11.50935600452137209, 10.33620916165500248 ) ) ;
#4292 = DIRECTION ( 'NONE',  ( -6.162975822039154730E-33, -1.224646799147353454E-16, 1.000000000000000000 ) ) ;
#4293 = LINE ( 'NONE', #6498, #4061 ) ;
#4294 = ORIENTED_EDGE ( 'NONE', *, *, #2022, .F. ) ;
#4295 = CARTESIAN_POINT ( 'NONE',  ( -196.2999999999999261, 12.05109009949466703, 15.22170484676935587 ) ) ;
#4296 = FACE_OUTER_BOUND ( 'NONE', #6434, .T. ) ;
#4297 = EDGE_CURVE ( 'NONE', #6943, #784, #2668, .T. ) ;
#4298 = CARTESIAN_POINT ( 'NONE',  ( -196.4999999999999147, 11.93819870912968462, 15.22998479419250195 ) ) ;
#4299 = AXIS2_PLACEMENT_3D ( 'NONE', #4127, #1568, #6296 ) ;
#4300 = APPLICATION_PROTOCOL_DEFINITION ( 'international standard', 'config_control_design', 1994, #6026 ) ;
#4301 = VERTEX_POINT ( 'NONE', #4769 ) ;
#4302 = CARTESIAN_POINT ( 'NONE',  ( -203.4999999999995168, 5.499999999999936939, 2.500000000001004086 ) ) ;
#4303 = DIRECTION ( 'NONE',  ( -1.000000000000000000, -3.330669073875469621E-16, -4.314083075427408311E-32 ) ) ;
#4304 = CARTESIAN_POINT ( 'NONE',  ( -196.2999999999999261, 11.76991214506711358, 10.42652462542569047 ) ) ;
#4305 = CARTESIAN_POINT ( 'NONE',  ( 2.874994822935684979, -6.933090083175496687, -10.40000000000000036 ) ) ;
#4306 = PLANE ( 'NONE',  #128 ) ;
#4307 = DIRECTION ( 'NONE',  ( -1.000000000000000000, -1.665334536937734318E-16, -3.081487911019576818E-32 ) ) ;
#4308 = CARTESIAN_POINT ( 'NONE',  ( -196.2999999999999261, 11.82244176215492359, 13.88861189805140484 ) ) ;
#4309 = ORIENTED_EDGE ( 'NONE', *, *, #5566, .F. ) ;
#4310 = CARTESIAN_POINT ( 'NONE',  ( -12.00000000000000178, -8.500000000000005329, 18.50000000000000000 ) ) ;
#4311 = DIRECTION ( 'NONE',  ( 1.000000000000000000, 0.000000000000000000, 0.000000000000000000 ) ) ;
#4312 = EDGE_CURVE ( 'NONE', #865, #3283, #2813, .T. ) ;
#4313 = CARTESIAN_POINT ( 'NONE',  ( -196.2999999999999261, 11.88799869951561483, 14.91138742199999534 ) ) ;
#4314 = CARTESIAN_POINT ( 'NONE',  ( -196.2999999999999261, 12.31516304961649588, 8.705948921773664750 ) ) ;
#4315 = ORIENTED_EDGE ( 'NONE', *, *, #5555, .F. ) ;
#4316 = DIRECTION ( 'NONE',  ( 1.504632820860625299E-16, -0.9035018415143108994, 0.4285842068721725240 ) ) ;
#4317 = EDGE_CURVE ( 'NONE', #983, #3982, #3091, .T. ) ;
#4318 = CARTESIAN_POINT ( 'NONE',  ( -196.2999999999999261, 11.78360753284102991, 14.72614573264143623 ) ) ;
#4319 = ORIENTED_EDGE ( 'NONE', *, *, #2434, .T. ) ;
#4320 = VERTEX_POINT ( 'NONE', #4246 ) ;
#4321 = CARTESIAN_POINT ( 'NONE',  ( -196.2999999999999261, 11.80994182539409110, 12.86649170258434793 ) ) ;
#4322 = EDGE_CURVE ( 'NONE', #629, #5800, #3722, .T. ) ;
#4323 = CARTESIAN_POINT ( 'NONE',  ( -196.2999999999999261, 11.49463319183015564, 8.606841398792244746 ) ) ;
#4324 = PLANE ( 'NONE',  #3178 ) ;
#4325 = EDGE_CURVE ( 'NONE', #5022, #4878, #1050, .T. ) ;
#4326 = CARTESIAN_POINT ( 'NONE',  ( -196.2999999999999261, 12.29516186431838598, 11.76145094051935303 ) ) ;
#4327 = EDGE_CURVE ( 'NONE', #5384, #2822, #5840, .T. ) ;
#4328 = CARTESIAN_POINT ( 'NONE',  ( -196.2999999999999261, 11.94458545352419954, 13.20536594268119401 ) ) ;
#4329 = EDGE_LOOP ( 'NONE', ( #559, #6646, #1044, #6797, #927, #424, #2893, #4097 ) ) ;
#4330 = DIRECTION ( 'NONE',  ( 0.000000000000000000, 1.000000000000000000, 0.000000000000000000 ) ) ;
#4331 = CARTESIAN_POINT ( 'NONE',  ( -196.2999999999999261, 12.05723988056859142, 9.371587704221509441 ) ) ;
#4332 = CARTESIAN_POINT ( 'NONE',  ( -196.4999999999999147, 12.04075481303633488, 7.191187268644353203 ) ) ;
#4333 = B_SPLINE_CURVE_WITH_KNOTS ( 'NONE', 3,
 ( #6399, #4196, #2161, #5807, #995, #4891, #4227, #5947, #3144, #6362, #3251, #5355, #1066, #2753, #5319 ),
 .UNSPECIFIED., .F., .F.,
 ( 4, 1, 1, 1, 1, 1, 1, 1, 1, 1, 1, 1, 4 ),
 ( 0.000000000000000000, 0.08158934893218340589, 0.1628588951679346419, 0.2454836892755789812, 0.3308071391580116871, 0.4164933737762850363, 0.4998932031606325155, 0.5830481559950204673, 0.6671578520621569419, 0.7513119292929152371, 0.8337847893576174618, 0.9162564885439812290, 1.000000000000000000 ),
 .UNSPECIFIED. ) ;
#4334 = CARTESIAN_POINT ( 'NONE',  ( 0.000000000000000000, 0.000000000000000000, 0.000000000000000000 ) ) ;
#4335 = ORIENTED_EDGE ( 'NONE', *, *, #5068, .T. ) ;
#4336 = CARTESIAN_POINT ( 'NONE',  ( -196.2999999999999261, 12.16961187450404758, 12.00203472908521540 ) ) ;
#4337 = CARTESIAN_POINT ( 'NONE',  ( -194.9999999999999147, 12.99999999999993783, -0.4999999999989839239 ) ) ;
#4338 = DIRECTION ( 'NONE',  ( -0.8660254037844397068, 0.4999999999999981681, 6.123233995736747547E-17 ) ) ;
#4339 = DIRECTION ( 'NONE',  ( 0.000000000000000000, 0.000000000000000000, 1.000000000000000000 ) ) ;
#4340 = CARTESIAN_POINT ( 'NONE',  ( -199.4999999999999147, 12.99999999999993960, -17.94870560657918190 ) ) ;
#4341 = CARTESIAN_POINT ( 'NONE',  ( -59.99999999999999289, -1.387778780781445676E-14, -13.99999999999992895 ) ) ;
#4342 = DIRECTION ( 'NONE',  ( -3.330669073875469621E-16, 1.000000000000000000, 1.224646799147353947E-16 ) ) ;
#4343 = B_SPLINE_CURVE_WITH_KNOTS ( 'NONE', 3,
 ( #6597, #5016, #4075, #204, #3518, #1895, #4039, #836, #4983, #2981, #5118, #6071, #3414, #2454, #2351 ),
 .UNSPECIFIED., .F., .F.,
 ( 4, 1, 1, 1, 1, 1, 1, 1, 1, 1, 1, 1, 4 ),
 ( 0.000000000000000000, 0.08415201884431564028, 0.1665323202984590190, 0.2488363311465328631, 0.3312461454872606681, 0.4129571090216211382, 0.4904942776695695450, 0.5661557919819274476, 0.6399873346864661805, 0.7167654882718498266, 0.8021439047100999975, 0.8958332007101923455, 1.000000000000000000 ),
 .UNSPECIFIED. ) ;
#4344 = VECTOR ( 'NONE', #3175, 1000.000000000000114 ) ;
#4345 = EDGE_LOOP ( 'NONE', ( #2466, #5035, #1167, #3350, #2979, #958, #3617, #5329 ) ) ;
#4346 = DIRECTION ( 'NONE',  ( 0.000000000000000000, 1.000000000000000000, 0.000000000000000000 ) ) ;
#4347 = CARTESIAN_POINT ( 'NONE',  ( -196.4999999999999147, 11.75113970153526388, 15.94689189946361552 ) ) ;
#4348 = CARTESIAN_POINT ( 'NONE',  ( -196.2999999999999261, 11.76048471693182762, 14.64452371085997839 ) ) ;
#4349 = VECTOR ( 'NONE', #1863, 1000.000000000000000 ) ;
#4350 = DIRECTION ( 'NONE',  ( 0.000000000000000000, 1.000000000000000000, 0.000000000000000000 ) ) ;
#4351 = ORIENTED_EDGE ( 'NONE', *, *, #3286, .F. ) ;
#4352 = CARTESIAN_POINT ( 'NONE',  ( -196.2999999999999261, 11.79337751825846681, 14.70120587708949778 ) ) ;
#4353 = VERTEX_POINT ( 'NONE', #3581 ) ;
#4354 = B_SPLINE_CURVE_WITH_KNOTS ( 'NONE', 3,
 ( #3298, #1180, #5960, #6059, #195, #3405, #4347, #620, #2760, #4901, #4380, #2798, #2275, #5569, #1146, #3855, #164, #760, #5044 ),
 .UNSPECIFIED., .F., .F.,
 ( 4, 1, 1, 1, 1, 1, 1, 1, 1, 1, 1, 1, 1, 1, 1, 1, 4 ),
 ( 0.000000000000000000, 0.07560433049574792619, 0.1479650154827348851, 0.2187969985236987713, 0.2894704453213783335, 0.3597242180875005468, 0.4297077387530461312, 0.5004965198485848976, 0.5744290198679483650, 0.6139472962286703916, 0.6571552698261107217, 0.7039727697209368085, 0.7549389848168003292, 0.8097066112894872880, 0.8688329536985491819, 0.9323854739325980745, 1.000000000000000000 ),
 .UNSPECIFIED. ) ;
#4355 = ORIENTED_EDGE ( 'NONE', *, *, #4960, .F. ) ;
#4356 = DIRECTION ( 'NONE',  ( -6.162975822039154730E-33, -1.224646799147353454E-16, 1.000000000000000000 ) ) ;
#4357 = DIRECTION ( 'NONE',  ( -1.000000000000000000, -2.220446049250312588E-16, -9.367723249499513438E-31 ) ) ;
#4358 = DIRECTION ( 'NONE',  ( -0.000000000000000000, 0.000000000000000000, 1.000000000000000000 ) ) ;
#4359 = VECTOR ( 'NONE', #2532, 1000.000000000000000 ) ;
#4360 = EDGE_CURVE ( 'NONE', #555, #3223, #3057, .T. ) ;
#4361 = CARTESIAN_POINT ( 'NONE',  ( -196.2999999999999261, 11.70602205792521566, 14.82003739979640144 ) ) ;
#4362 = EDGE_CURVE ( 'NONE', #4320, #5887, #1117, .T. ) ;
#4363 = AXIS2_PLACEMENT_3D ( 'NONE', #6558, #4455, #5607 ) ;
#4364 = EDGE_LOOP ( 'NONE', ( #412, #2620, #4546, #3429 ) ) ;
#4365 = CARTESIAN_POINT ( 'NONE',  ( -196.4999999999999147, 12.00434280382159002, 16.94149651343601803 ) ) ;
#4366 = DIRECTION ( 'NONE',  ( -1.000000000000000000, 0.000000000000000000, 0.000000000000000000 ) ) ;
#4367 = FACE_OUTER_BOUND ( 'NONE', #419, .T. ) ;
#4368 = COORDINATED_UNIVERSAL_TIME_OFFSET ( 1, 0, .AHEAD. ) ;
#4369 = VERTEX_POINT ( 'NONE', #2244 ) ;
#4370 = DIRECTION ( 'NONE',  ( 0.9914964367057140793, -0.1301338387963396070, -0.000000000000000000 ) ) ;
#4371 = VERTEX_POINT ( 'NONE', #3758 ) ;
#4372 = CARTESIAN_POINT ( 'NONE',  ( -196.2999999999999261, 11.65612315237928343, 7.013738350375122721 ) ) ;
#4373 = EDGE_CURVE ( 'NONE', #4371, #6087, #1726, .T. ) ;
#4374 = DIRECTION ( 'NONE',  ( 1.000000000000000000, 0.000000000000000000, 0.000000000000000000 ) ) ;
#4375 = CARTESIAN_POINT ( 'NONE',  ( -196.4999999999999147, 11.70493750534402544, 15.81908440406102123 ) ) ;
#4376 = CARTESIAN_POINT ( 'NONE',  ( -196.4999999999999147, 11.91585172777115353, 8.302182278538936089 ) ) ;
#4377 = CARTESIAN_POINT ( 'NONE',  ( -196.2999999999999261, 11.74869003405266632, 13.81443325615622797 ) ) ;
#4378 = ORIENTED_EDGE ( 'NONE', *, *, #6387, .F. ) ;
#4379 = FACE_OUTER_BOUND ( 'NONE', #115, .T. ) ;
#4380 = CARTESIAN_POINT ( 'NONE',  ( -196.4999999999999147, 11.83394796106349744, 15.99882142305064292 ) ) ;
#4381 = CIRCLE ( 'NONE', #893, 5.000000000000000888 ) ;
#4382 = CARTESIAN_POINT ( 'NONE',  ( -196.2999999999999261, 11.78454795849018844, 14.62014742449055404 ) ) ;
#4383 = DIRECTION ( 'NONE',  ( -1.512056121145330256E-16, 0.9079593845004517716, 0.4190581774617467836 ) ) ;
#4384 = VERTEX_POINT ( 'NONE', #3371 ) ;
#4385 = CARTESIAN_POINT ( 'NONE',  ( -195.4999999999995168, 5.499999999999936939, 18.50000000000100897 ) ) ;
#4386 = CARTESIAN_POINT ( 'NONE',  ( -196.2999999999999261, 11.78360753284102991, 15.75395021982092025 ) ) ;
#4387 = EDGE_CURVE ( 'NONE', #983, #3741, #557, .T. ) ;
#4388 = OPEN_SHELL ( 'NONE', ( #2547 ) ) ;
#4389 = VECTOR ( 'NONE', #6537, 999.9999999999998863 ) ;
#4390 = VECTOR ( 'NONE', #1536, 1000.000000000000000 ) ;
#4391 = ORIENTED_EDGE ( 'NONE', *, *, #6430, .T. ) ;
#4392 = ORIENTED_EDGE ( 'NONE', *, *, #3118, .F. ) ;
#4393 = CARTESIAN_POINT ( 'NONE',  ( -196.2999999999999261, 12.31516304961649588, 8.705948921773664750 ) ) ;
#4394 = CARTESIAN_POINT ( 'NONE',  ( -196.2999999999999261, 12.02040224893376852, 16.74814715446165891 ) ) ;
#4395 = VECTOR ( 'NONE', #4230, 1000.000000000000000 ) ;
#4396 = CARTESIAN_POINT ( 'NONE',  ( -196.4999999999999147, 11.50141186431838491, 7.019621513436019811 ) ) ;
#4397 = VECTOR ( 'NONE', #3747, 1000.000000000000000 ) ;
#4398 = DIRECTION ( 'NONE',  ( -1.000000000000000000, -2.220446049250312588E-16, -9.367723249499513438E-31 ) ) ;
#4399 = CARTESIAN_POINT ( 'NONE',  ( -196.2999999999999261, 11.81504869807821123, 14.96400579559044353 ) ) ;
#4400 = CARTESIAN_POINT ( 'NONE',  ( -196.2999999999999261, 12.04075481303633488, 6.831360295487301393 ) ) ;
#4401 = CARTESIAN_POINT ( 'NONE',  ( -196.2999999999999261, 12.03084336258923948, 9.370822644180682559 ) ) ;
#4402 = EDGE_CURVE ( 'NONE', #6003, #3702, #5404, .T. ) ;
#4403 = ORIENTED_EDGE ( 'NONE', *, *, #937, .T. ) ;
#4404 = CARTESIAN_POINT ( 'NONE',  ( -21.99999999999999289, 3.199999999999989075, 20.00000000000007461 ) ) ;
#4405 = EDGE_CURVE ( 'NONE', #5419, #3038, #595, .T. ) ;
#4406 = ADVANCED_FACE ( 'NONE', ( #1756 ), #6001, .F. ) ;
#4407 = ORIENTED_EDGE ( 'NONE', *, *, #575, .F. ) ;
#4408 = LINE ( 'NONE', #5946, #4163 ) ;
#4409 = ORIENTED_EDGE ( 'NONE', *, *, #1357, .F. ) ;
#4410 = DIRECTION ( 'NONE',  ( -1.000000000000000000, 0.000000000000000000, 0.000000000000000000 ) ) ;
#4411 = VECTOR ( 'NONE', #2605, 1000.000000000000000 ) ;
#4412 = CARTESIAN_POINT ( 'NONE',  ( -196.2999999999999261, 11.86963580831717024, 12.80688393580663131 ) ) ;
#4413 = CARTESIAN_POINT ( 'NONE',  ( -196.2999999999999261, 12.15375989120500577, 7.997241662777691218 ) ) ;
#4414 = FACE_OUTER_BOUND ( 'NONE', #4820, .T. ) ;
#4415 = DIRECTION ( 'NONE',  ( 0.000000000000000000, 0.000000000000000000, 1.000000000000000000 ) ) ;
#4416 = EDGE_CURVE ( 'NONE', #2181, #1689, #3334, .T. ) ;
#4417 = ORIENTED_EDGE ( 'NONE', *, *, #6939, .T. ) ;
#4418 = PLANE ( 'NONE',  #2778 ) ;
#4419 = CARTESIAN_POINT ( 'NONE',  ( -196.2999999999999261, 12.23372771590609176, 13.66454601964852067 ) ) ;
#4420 = CARTESIAN_POINT ( 'NONE',  ( -196.4999999999999147, 12.26721584205179383, 9.707406489411104289 ) ) ;
#4421 = CARTESIAN_POINT ( 'NONE',  ( -196.2999999999999261, 12.06101779061057577, 8.331605474353874996 ) ) ;
#4422 = EDGE_LOOP ( 'NONE', ( #1427, #6926, #4475, #483 ) ) ;
#4423 = CARTESIAN_POINT ( 'NONE',  ( -196.2999999999999261, 12.29516186431838598, 10.94766638523089064 ) ) ;
#4424 = CARTESIAN_POINT ( 'NONE',  ( -196.2999999999999261, 11.90759507935326589, 14.60645073164272745 ) ) ;
#4425 = VERTEX_POINT ( 'NONE', #3791 ) ;
#4426 = VERTEX_POINT ( 'NONE', #1151 ) ;
#4427 = CARTESIAN_POINT ( 'NONE',  ( -199.4999999999999147, 12.99999999999993605, 19.50000000000101252 ) ) ;
#4428 = ADVANCED_FACE ( 'NONE', ( #2702 ), #1656, .T. ) ;
#4429 = CARTESIAN_POINT ( 'NONE',  ( -196.4999999999999147, 11.48117998894379532, 8.704795433326342646 ) ) ;
#4430 = DIRECTION ( 'NONE',  ( -9.922391073483039115E-31, -1.224646799147355919E-16, 1.000000000000000000 ) ) ;
#4431 = CARTESIAN_POINT ( 'NONE',  ( -196.4999999999999147, 11.57345708878561297, 8.807368363771860942 ) ) ;
#4432 = CARTESIAN_POINT ( 'NONE',  ( -196.2999999999999261, 11.86420636104372051, 13.46874104081504875 ) ) ;
#4433 = VERTEX_POINT ( 'NONE', #2737 ) ;
#4434 = CARTESIAN_POINT ( 'NONE',  ( -196.2999999999999261, 11.66562216403330687, 8.371111203525194000 ) ) ;
#4435 = CARTESIAN_POINT ( 'NONE',  ( -196.2999999999999261, 11.93927053445841224, 12.47510593585886696 ) ) ;
#4436 = CARTESIAN_POINT ( 'NONE',  ( -196.4999999999999147, 11.92881571047223233, 10.22864845654499355 ) ) ;
#4437 = ORIENTED_EDGE ( 'NONE', *, *, #1251, .T. ) ;
#4438 = CARTESIAN_POINT ( 'NONE',  ( 9.731492488754181380, -1.277257716615686878, -8.400000000000000355 ) ) ;
#4439 = ORIENTED_EDGE ( 'NONE', *, *, #4598, .F. ) ;
#4440 = CARTESIAN_POINT ( 'NONE',  ( -196.2999999999999261, 11.63415859955621556, 7.967290505496693598 ) ) ;
#4441 = VERTEX_POINT ( 'NONE', #5927 ) ;
#4442 = LINE ( 'NONE', #1243, #1878 ) ;
#4443 = CARTESIAN_POINT ( 'NONE',  ( -196.2999999999999261, 11.56256165799441504, 8.725109038314458942 ) ) ;
#4444 = CARTESIAN_POINT ( 'NONE',  ( -196.4999999999999147, 11.70530426793139966, 15.82880930723594481 ) ) ;
#4445 = CARTESIAN_POINT ( 'NONE',  ( -196.2999999999999261, 12.30533814636966738, 17.17268892128858582 ) ) ;
#4446 = CYLINDRICAL_SURFACE ( 'NONE', #4277, 4.500000000000003553 ) ;
#4447 = EDGE_CURVE ( 'NONE', #6802, #1913, #3621, .T. ) ;
#4448 = ADVANCED_FACE ( 'NONE', ( #3893 ), #6030, .T. ) ;
#4449 = LINE ( 'NONE', #1749, #6353 ) ;
#4450 = CARTESIAN_POINT ( 'NONE',  ( -196.2999999999999261, 11.51365898400042198, 10.35593504007749210 ) ) ;
#4451 = EDGE_CURVE ( 'NONE', #5438, #4674, #5955, .T. ) ;
#4452 = CARTESIAN_POINT ( 'NONE',  ( -196.4999999999999147, 11.98081015157800167, 9.807922795487300505 ) ) ;
#4453 = CARTESIAN_POINT ( 'NONE',  ( -202.4999999999999432, 15.99999999999993783, 0.5000000000010117462 ) ) ;
#4454 = ORIENTED_EDGE ( 'NONE', *, *, #6082, .T. ) ;
#4455 = DIRECTION ( 'NONE',  ( -1.042041300849240371E-32, -1.224646799147353454E-16, 1.000000000000000000 ) ) ;
#4456 = DIRECTION ( 'NONE',  ( 6.162975822039154730E-33, 1.224646799147353454E-16, -1.000000000000000000 ) ) ;
#4457 = ORIENTED_EDGE ( 'NONE', *, *, #4687, .F. ) ;
#4458 = AXIS2_PLACEMENT_3D ( 'NONE', #1488, #4684, #5633 ) ;
#4459 = ORIENTED_EDGE ( 'NONE', *, *, #1788, .T. ) ;
#4460 = CARTESIAN_POINT ( 'NONE',  ( -196.4999999999999147, 12.31551442842095057, 8.720332651256532230 ) ) ;
#4461 = CARTESIAN_POINT ( 'NONE',  ( -196.4999999999999147, 12.31516648533545322, 8.734611210585946139 ) ) ;
#4462 = CARTESIAN_POINT ( 'NONE',  ( -196.4999999999999147, 11.97587739969332787, 14.51948871465905810 ) ) ;
#4463 = LINE ( 'NONE', #2742, #3060 ) ;
#4464 = CARTESIAN_POINT ( 'NONE',  ( -196.2999999999999261, 11.56274498669813511, 8.740313482787481547 ) ) ;
#4465 = PLANE ( 'NONE',  #2216 ) ;
#4466 = ORIENTED_EDGE ( 'NONE', *, *, #6052, .T. ) ;
#4467 = CARTESIAN_POINT ( 'NONE',  ( -196.2999999999999261, 11.70714050249681293, 10.43857965877707805 ) ) ;
#4468 = CARTESIAN_POINT ( 'NONE',  ( -196.2999999999999261, 11.78090258591898021, 15.84873425302798289 ) ) ;
#4469 = CARTESIAN_POINT ( 'NONE',  ( -196.2999999999999261, 11.96115345012261066, 12.48035728146110479 ) ) ;
#4470 = DIRECTION ( 'NONE',  ( 2.220446049250312588E-16, -1.000000000000000000, -1.224646799147356165E-16 ) ) ;
#4471 = VERTEX_POINT ( 'NONE', #764 ) ;
#4472 = CARTESIAN_POINT ( 'NONE',  ( -196.2999999999999261, 12.06715894731784644, 12.47730428431435179 ) ) ;
#4473 = VECTOR ( 'NONE', #5075, 999.9999999999998863 ) ;
#4474 = EDGE_CURVE ( 'NONE', #5470, #3088, #6060, .T. ) ;
#4475 = ORIENTED_EDGE ( 'NONE', *, *, #1984, .T. ) ;
#4476 = CARTESIAN_POINT ( 'NONE',  ( -196.2999999999999261, 11.71485923316269151, 8.053420875872722817 ) ) ;
#4477 = VERTEX_POINT ( 'NONE', #798 ) ;
#4478 = DIRECTION ( 'NONE',  ( 1.512056121145330010E-16, -0.9079593845004517716, -0.4190581774617467836 ) ) ;
#4479 = CARTESIAN_POINT ( 'NONE',  ( -196.2999999999999261, 11.57345708878561297, 8.807368363771860942 ) ) ;
#4480 = CARTESIAN_POINT ( 'NONE',  ( -196.2999999999999261, 11.83394796106349744, 15.99882142305064292 ) ) ;
#4481 = VECTOR ( 'NONE', #1116, 1000.000000000000114 ) ;
#4482 = CARTESIAN_POINT ( 'NONE',  ( -196.4999999999999147, 11.89780985109723233, 9.065054205743711790 ) ) ;
#4483 = CARTESIAN_POINT ( 'NONE',  ( -196.2999999999999261, 12.28472438804602795, 7.902356766998819282 ) ) ;
#4484 = CARTESIAN_POINT ( 'NONE',  ( -196.2999999999999261, 11.61033472349270745, 10.48530496837348380 ) ) ;
#4485 = CARTESIAN_POINT ( 'NONE',  ( -196.2999999999999261, 11.77617147970300060, 17.17586900942961137 ) ) ;
#4486 = VERTEX_POINT ( 'NONE', #6661 ) ;
#4487 = CARTESIAN_POINT ( 'NONE',  ( 4.618640106735341533, 1.915245040316189584, -2.000000000000000000 ) ) ;
#4488 = CARTESIAN_POINT ( 'NONE',  ( -21.99999999999999289, -5.204170427930421283E-15, 18.49999999999998934 ) ) ;
#4489 = ADVANCED_FACE ( 'NONE', ( #2379 ), #271, .F. ) ;
#4490 = EDGE_CURVE ( 'NONE', #4635, #4708, #3441, .T. ) ;
#4491 = VECTOR ( 'NONE', #278, 1000.000000000000000 ) ;
#4492 = ORIENTED_EDGE ( 'NONE', *, *, #5725, .T. ) ;
#4493 = CARTESIAN_POINT ( 'NONE',  ( -196.4999999999999147, 12.06101779061057577, 8.331605474353874996 ) ) ;
#4494 = CARTESIAN_POINT ( 'NONE',  ( -100.9999999999999716, -14.00000000000003197, 19.50000000000007105 ) ) ;
#4495 = CARTESIAN_POINT ( 'NONE',  ( -196.4999999999999147, 11.93203637480711699, 14.51772819099016765 ) ) ;
#4496 = CARTESIAN_POINT ( 'NONE',  ( -196.2999999999999261, 11.93729575638708518, 13.87948738807381055 ) ) ;
#4497 = CARTESIAN_POINT ( 'NONE',  ( -196.2999999999999261, 11.81511017077150427, 12.77686747474790430 ) ) ;
#4498 = CARTESIAN_POINT ( 'NONE',  ( -196.2999999999999261, 11.85543807625034418, 8.375760454126297105 ) ) ;
#4499 = VERTEX_POINT ( 'NONE', #5677 ) ;
#4500 = VECTOR ( 'NONE', #4804, 1000.000000000000000 ) ;
#4501 = AXIS2_PLACEMENT_3D ( 'NONE', #6112, #2499, #4646 ) ;
#4502 = LINE ( 'NONE', #6603, #2825 ) ;
#4503 = CIRCLE ( 'NONE', #2935, 1.600000000000018074 ) ;
#4504 = CARTESIAN_POINT ( 'NONE',  ( -199.4999999999999147, 12.99999999999993960, -11.74492513199304433 ) ) ;
#4505 = CARTESIAN_POINT ( 'NONE',  ( 3.759608614608201727, -9.066348570306418608, -10.40000000000000036 ) ) ;
#4506 = CARTESIAN_POINT ( 'NONE',  ( -196.2999999999999261, 12.23036747378044886, 9.595908719775465556 ) ) ;
#4507 = ORIENTED_EDGE ( 'NONE', *, *, #4665, .F. ) ;
#4508 = CARTESIAN_POINT ( 'NONE',  ( -196.2999999999999261, 12.31551442842094879, 9.561306960150762535 ) ) ;
#4509 = VERTEX_POINT ( 'NONE', #5645 ) ;
#4510 = CARTESIAN_POINT ( 'NONE',  ( -196.2999999999999261, 11.64700911176668541, 7.987369454790369971 ) ) ;
#4511 = ORIENTED_EDGE ( 'NONE', *, *, #1532, .T. ) ;
#4512 = CARTESIAN_POINT ( 'NONE',  ( -196.2999999999999261, 12.13469176188629639, 9.309539318627637172 ) ) ;
#4513 = ADVANCED_FACE ( 'NONE', ( #731 ), #1366, .F. ) ;
#4514 = LINE ( 'NONE', #2932, #5510 ) ;
#4515 = CARTESIAN_POINT ( 'NONE',  ( -196.4999999999999147, 11.90821545513909818, 16.01245140930053523 ) ) ;
#4516 = CARTESIAN_POINT ( 'NONE',  ( -196.4999999999999147, 12.30506002265862797, 17.16244547461585057 ) ) ;
#4517 = AXIS2_PLACEMENT_3D ( 'NONE', #602, #67, #6495 ) ;
#4518 = PLANE ( 'NONE',  #1883 ) ;
#4519 = CARTESIAN_POINT ( 'NONE',  ( -196.2999999999999261, 11.50141186431838491, 7.528435616000122010 ) ) ;
#4520 = CARTESIAN_POINT ( 'NONE',  ( -196.2999999999999261, 11.86777482930810201, 16.00696324097097190 ) ) ;
#4521 = EDGE_LOOP ( 'NONE', ( #1292, #1466, #2106, #4050 ) ) ;
#4522 = CARTESIAN_POINT ( 'NONE',  ( -11.99999999999999645, 10.00000000000000000, 7.459310946700270506E-14 ) ) ;
#4523 = CARTESIAN_POINT ( 'NONE',  ( -196.2999999999999261, 12.05957000583953587, 15.61864277810278878 ) ) ;
#4524 = VECTOR ( 'NONE', #3368, 1000.000000000000114 ) ;
#4525 = EDGE_CURVE ( 'NONE', #2745, #6883, #349, .T. ) ;
#4526 = ORIENTED_EDGE ( 'NONE', *, *, #1175, .F. ) ;
#4527 = CARTESIAN_POINT ( 'NONE',  ( -196.4999999999999147, 11.91585172777115353, 8.302182278538936089 ) ) ;
#4528 = CARTESIAN_POINT ( 'NONE',  ( -196.2999999999999261, 12.09586461522864020, 9.089652747945278222 ) ) ;
#4529 = EDGE_CURVE ( 'NONE', #1999, #2562, #340, .T. ) ;
#4530 = CARTESIAN_POINT ( 'NONE',  ( -196.2999999999999261, 11.77644538730993951, 14.38885905206877069 ) ) ;
#4531 = CARTESIAN_POINT ( 'NONE',  ( -4.618640106735341533, -1.915245040316188474, -10.40000000000000036 ) ) ;
#4532 = CARTESIAN_POINT ( 'NONE',  ( 0.000000000000000000, 0.000000000000000000, 0.000000000000000000 ) ) ;
#4533 = CARTESIAN_POINT ( 'NONE',  ( -196.4999999999999147, 11.58010575764530081, 8.829027332104326220 ) ) ;
#4534 = DIRECTION ( 'NONE',  ( -1.000000000000000000, 0.000000000000000000, 0.000000000000000000 ) ) ;
#4535 = ORIENTED_EDGE ( 'NONE', *, *, #843, .T. ) ;
#4536 = CARTESIAN_POINT ( 'NONE',  ( -196.2999999999999261, 11.64212929681956332, 10.41611822261372922 ) ) ;
#4537 = CARTESIAN_POINT ( 'NONE',  ( -196.2999999999999261, 11.77617147970300238, 15.80668206031101874 ) ) ;
#4538 = EDGE_CURVE ( 'NONE', #6932, #539, #460, .T. ) ;
#4539 = DIRECTION ( 'NONE',  ( -1.665334536937734564E-16, 1.000000000000000000, 1.224646799147353947E-16 ) ) ;
#4540 = EDGE_CURVE ( 'NONE', #6680, #1569, #567, .T. ) ;
#4541 = CARTESIAN_POINT ( 'NONE',  ( -196.2999999999999261, 11.73435332064851444, 15.30216107673730264 ) ) ;
#4542 = ORIENTED_EDGE ( 'NONE', *, *, #1054, .F. ) ;
#4543 = CARTESIAN_POINT ( 'NONE',  ( -196.4999999999999147, 9.999999999999937828, 0.5000000000010117462 ) ) ;
#4544 = ORIENTED_EDGE ( 'NONE', *, *, #2048, .T. ) ;
#4545 = CARTESIAN_POINT ( 'NONE',  ( -196.2999999999999261, 11.67788227041519100, 8.023078427600845330 ) ) ;
#4546 = ORIENTED_EDGE ( 'NONE', *, *, #2390, .T. ) ;
#4547 = LINE ( 'NONE', #5695, #6693 ) ;
#4548 = CARTESIAN_POINT ( 'NONE',  ( -196.4999999999999147, 11.89843671225935040, 12.79109253633497012 ) ) ;
#4549 = CARTESIAN_POINT ( 'NONE',  ( -196.2999999999999261, 12.01101667982420551, 12.77076964052517560 ) ) ;
#4550 = PLANE ( 'NONE',  #5704 ) ;
#4551 = APPROVAL ( #4223, 'UNSPECIFIED' ) ;
#4552 = CARTESIAN_POINT ( 'NONE',  ( -196.2999999999999261, 12.27147613104920865, 7.954672860092887099 ) ) ;
#4553 = CARTESIAN_POINT ( 'NONE',  ( -59.99999999999999289, -1.561251128379126385E-14, 7.285838599102589797E-14 ) ) ;
#4554 = DIRECTION ( 'NONE',  ( -4.556540330232412644E-16, 1.000000000000000000, 1.224646799147353947E-16 ) ) ;
#4555 = ORIENTED_EDGE ( 'NONE', *, *, #2551, .T. ) ;
#4556 = CARTESIAN_POINT ( 'NONE',  ( -196.2999999999999261, 11.78343653428150439, 14.33047991911519325 ) ) ;
#4557 = LINE ( 'NONE', #3513, #2587 ) ;
#4558 = VERTEX_POINT ( 'NONE', #6694 ) ;
#4559 = CARTESIAN_POINT ( 'NONE',  ( -196.2999999999999261, 11.58282212072864148, 10.08268241087191797 ) ) ;
#4560 = CARTESIAN_POINT ( 'NONE',  ( -196.2999999999999261, 12.28572287117323292, 8.881296191934618278 ) ) ;
#4561 = CARTESIAN_POINT ( 'NONE',  ( -196.2999999999999261, 11.95291904832821039, 14.51888176412482423 ) ) ;
#4562 = CARTESIAN_POINT ( 'NONE',  ( -196.2999999999999261, 11.77660318730472078, 13.67882969348386091 ) ) ;
#4563 = CARTESIAN_POINT ( 'NONE',  ( -196.2999999999999261, 11.77639023531484597, 12.24762206339588211 ) ) ;
#4564 = CARTESIAN_POINT ( 'NONE',  ( -196.2999999999999261, 11.80878035934076387, 9.054031769723273726 ) ) ;
#4565 = DIRECTION ( 'NONE',  ( 9.152019095728144774E-31, 1.224646799147356165E-16, -1.000000000000000000 ) ) ;
#4566 = VERTEX_POINT ( 'NONE', #3477 ) ;
#4567 = CARTESIAN_POINT ( 'NONE',  ( -3.759608614608207056, 9.066348570306416832, -1.999999999999998224 ) ) ;
#4568 = LINE ( 'NONE', #1906, #2697 ) ;
#4569 = PLANE ( 'NONE',  #573 ) ;
#4570 = CARTESIAN_POINT ( 'NONE',  ( -196.2999999999999261, 11.92881571047223233, 10.22864845654499355 ) ) ;
#4571 = CIRCLE ( 'NONE', #2105, 1.599999999999990319 ) ;
#4572 = ORIENTED_EDGE ( 'NONE', *, *, #5918, .T. ) ;
#4573 = CARTESIAN_POINT ( 'NONE',  ( -196.2999999999999261, 12.21434580088574506, 9.757740849327110055 ) ) ;
#4574 = EDGE_CURVE ( 'NONE', #6205, #3332, #4557, .T. ) ;
#4575 = EDGE_CURVE ( 'NONE', #4384, #555, #4875, .T. ) ;
#4576 = CARTESIAN_POINT ( 'NONE',  ( -5.971883874145982318, -7.789090853690733063, -8.400000000000000355 ) ) ;
#4577 = CC_DESIGN_SECURITY_CLASSIFICATION ( #1225, ( #4255 ) ) ;
#4578 = ORIENTED_EDGE ( 'NONE', *, *, #668, .T. ) ;
#4579 = DIRECTION ( 'NONE',  ( -6.162975822039154730E-33, -1.224646799147353454E-16, 1.000000000000000000 ) ) ;
#4580 = CARTESIAN_POINT ( 'NONE',  ( -196.4999999999999147, 12.31551442842094879, 9.561306960150762535 ) ) ;
#4581 = VECTOR ( 'NONE', #992, 1000.000000000000000 ) ;
#4582 = CARTESIAN_POINT ( 'NONE',  ( 12.00000000000000355, -8.000000000000000000, 0.000000000000000000 ) ) ;
#4583 = LINE ( 'NONE', #1455, #6934 ) ;
#4584 = CARTESIAN_POINT ( 'NONE',  ( -196.4999999999999147, 12.00354778178633275, 16.87026253907704287 ) ) ;
#4585 = ORIENTED_EDGE ( 'NONE', *, *, #497, .F. ) ;
#4586 = EDGE_CURVE ( 'NONE', #126, #4635, #3117, .T. ) ;
#4587 = DIRECTION ( 'NONE',  ( -2.220446049250312588E-16, 1.000000000000000000, 1.224646799147355919E-16 ) ) ;
#4588 = CARTESIAN_POINT ( 'NONE',  ( -196.2999999999999261, 11.89660500934381915, 15.54228040617982387 ) ) ;
#4589 = CIRCLE ( 'NONE', #1789, 2.999999999999999112 ) ;
#4590 = CARTESIAN_POINT ( 'NONE',  ( -196.2999999999999261, 11.70602205792521566, 15.84784188697589080 ) ) ;
#4591 = VERTEX_POINT ( 'NONE', #6299 ) ;
#4592 = CARTESIAN_POINT ( 'NONE',  ( -196.4999999999999147, 11.64581889412404792, 8.948734406678392261 ) ) ;
#4593 = DIRECTION ( 'NONE',  ( 6.162975822039154730E-33, 1.224646799147353454E-16, -1.000000000000000000 ) ) ;
#4594 = ORIENTED_EDGE ( 'NONE', *, *, #515, .T. ) ;
#4595 = CARTESIAN_POINT ( 'NONE',  ( -203.1933420641508690, 17.74999999999994316, 15.63248070369018627 ) ) ;
#4596 = PLANE ( 'NONE',  #6632 ) ;
#4597 = LINE ( 'NONE', #963, #464 ) ;
#4598 = EDGE_CURVE ( 'NONE', #6128, #30, #5620, .T. ) ;
#4599 = CARTESIAN_POINT ( 'NONE',  ( -196.2999999999999261, 12.00640986111325681, 13.88861189805140484 ) ) ;
#4600 = DIRECTION ( 'NONE',  ( -1.000000000000000000, -1.665334536937734318E-16, -3.081487911019576818E-32 ) ) ;
#4601 = DIRECTION ( 'NONE',  ( -0.000000000000000000, 0.000000000000000000, 1.000000000000000000 ) ) ;
#4602 = CARTESIAN_POINT ( 'NONE',  ( -196.2999999999999261, 11.58014568379393516, 8.607622718376791937 ) ) ;
#4603 = VECTOR ( 'NONE', #92, 1000.000000000000000 ) ;
#4604 = B_SPLINE_CURVE_WITH_KNOTS ( 'NONE', 3,
 ( #989, #5347, #6352, #5241, #3735, #2155, #6429, #3803, #534, #1521, #1093, #428, #2573, #5835, #4717, #4815, #3138, #2643, #4295 ),
 .UNSPECIFIED., .F., .F.,
 ( 4, 1, 1, 1, 1, 1, 1, 1, 1, 1, 1, 1, 1, 1, 1, 1, 4 ),
 ( 0.000000000000000000, 0.06867706841303325427, 0.1368709585090956971, 0.2061143571452994094, 0.2775381819697282926, 0.3497719775549000265, 0.4212508361555685754, 0.4929107569233698305, 0.5670265889927390557, 0.6066141532413342752, 0.6497039535189880199, 0.6973031504846852746, 0.7490856597091357649, 0.8048806474593086513, 0.8654850057023359966, 0.9302371271531362229, 1.000000000000000000 ),
 .UNSPECIFIED. ) ;
#4605 = CARTESIAN_POINT ( 'NONE',  ( -202.4999999999999432, 15.99999999999993783, 0.5000000000010117462 ) ) ;
#4606 = CARTESIAN_POINT ( 'NONE',  ( -196.2999999999999261, 12.29516186431838598, 5.951111898051403948 ) ) ;
#4607 = CARTESIAN_POINT ( 'NONE',  ( -59.99999999999999289, -1.908195823574487804E-14, 18.49999999999998934 ) ) ;
#4608 = CARTESIAN_POINT ( 'NONE',  ( -196.2999999999999261, 11.85201199859189281, 10.46201227074402418 ) ) ;
#4609 = VECTOR ( 'NONE', #2657, 1000.000000000000114 ) ;
#4610 = ORIENTED_EDGE ( 'NONE', *, *, #6158, .T. ) ;
#4611 = CARTESIAN_POINT ( 'NONE',  ( -196.2999999999999261, 12.29516186431838598, 11.38286144733024940 ) ) ;
#4612 = AXIS2_PLACEMENT_3D ( 'NONE', #4756, #3185, #2232 ) ;
#4613 = VECTOR ( 'NONE', #6941, 1000.000000000000000 ) ;
#4614 = B_SPLINE_CURVE_WITH_KNOTS ( 'NONE', 3,
 ( #6868, #6260, #5705, #5290, #1533, #5674, #401, #5739, #6768, #4199, #477, #2619, #860, #3604, #4757, #336, #3639, #4096, #3044 ),
 .UNSPECIFIED., .F., .F.,
 ( 4, 1, 1, 1, 1, 1, 1, 1, 1, 1, 1, 1, 1, 1, 1, 1, 4 ),
 ( 0.000000000000000000, 0.08252970382206623046, 0.1587788549175703501, 0.2277380621151797180, 0.2899456527966765562, 0.3454988386981380777, 0.3938963373401241364, 0.4363737851900892362, 0.4721222744615228284, 0.5363836155048276044, 0.5990779017254963534, 0.6619482340244593477, 0.7263105423531570626, 0.7917711030502134761, 0.8586473037978573641, 0.9273053338076849839, 1.000000000000000000 ),
 .UNSPECIFIED. ) ;
#4615 = CARTESIAN_POINT ( 'NONE',  ( 1.734723475976807094E-15, 0.000000000000000000, 20.00000000000000000 ) ) ;
#4616 = VERTEX_POINT ( 'NONE', #6871 ) ;
#4617 = CARTESIAN_POINT ( 'NONE',  ( -199.4999999999995168, 5.499999999999936051, 14.50000000000100719 ) ) ;
#4618 = CARTESIAN_POINT ( 'NONE',  ( -196.4999999999999147, 12.13548128322879727, 9.792753672186929492 ) ) ;
#4619 = B_SPLINE_CURVE_WITH_KNOTS ( 'NONE', 3,
 ( #1846, #748, #3354, #1314, #680, #3499, #2403, #4997, #2296, #4476, #3983, #4545, #3949, #4510, #4440, #6152, #6088, #5102, #1240 ),
 .UNSPECIFIED., .F., .F.,
 ( 4, 1, 1, 1, 1, 1, 1, 1, 1, 1, 1, 1, 1, 1, 1, 1, 4 ),
 ( 0.000000000000000000, 0.07015117599727865860, 0.1378126061901915611, 0.2032262471813945925, 0.2671740552944736891, 0.3300240034081792229, 0.3917942717866853553, 0.4530843989971402030, 0.5143339076458777193, 0.5749999928182689679, 0.6348654826222129843, 0.6941163151896413419, 0.7534416217804384974, 0.8131258003036118120, 0.8740796856370747214, 0.9360070132744064964, 1.000000000000000000 ),
 .UNSPECIFIED. ) ;
#4620 = EDGE_CURVE ( 'NONE', #5895, #645, #6771, .T. ) ;
#4621 = VECTOR ( 'NONE', #2970, 1000.000000000000000 ) ;
#4622 = EDGE_CURVE ( 'NONE', #2222, #3874, #4696, .T. ) ;
#4623 = DIRECTION ( 'NONE',  ( 1.445602896647339163E-16, -1.000000000000000000, 0.000000000000000000 ) ) ;
#4624 = VECTOR ( 'NONE', #387, 1000.000000000000000 ) ;
#4625 = CARTESIAN_POINT ( 'NONE',  ( -196.2999999999999261, 12.15269391560043744, 11.39033465446166105 ) ) ;
#4626 = EDGE_LOOP ( 'NONE', ( #2081, #133, #4753, #4269 ) ) ;
#4627 = CARTESIAN_POINT ( 'NONE',  ( -196.7746689069325896, 18.49999999999993960, 4.367519296309970933 ) ) ;
#4628 = CARTESIAN_POINT ( 'NONE',  ( -196.2999999999999261, 12.00020868923825645, 15.54734587241037858 ) ) ;
#4629 = EDGE_CURVE ( 'NONE', #102, #3081, #5813, .T. ) ;
#4630 = DIRECTION ( 'NONE',  ( -1.665334536937734318E-16, 1.000000000000000000, 1.224646799147353947E-16 ) ) ;
#4631 = ORIENTED_EDGE ( 'NONE', *, *, #5629, .F. ) ;
#4632 = CARTESIAN_POINT ( 'NONE',  ( -196.2999999999999261, 12.26721584205179383, 9.707406489411104289 ) ) ;
#4633 = CARTESIAN_POINT ( 'NONE',  ( -202.4999999999999432, 9.999999999999932498, 19.50000000000100897 ) ) ;
#4634 = VECTOR ( 'NONE', #2679, 1000.000000000000000 ) ;
#4635 = VERTEX_POINT ( 'NONE', #1962 ) ;
#4636 = CARTESIAN_POINT ( 'NONE',  ( -196.4999999999999147, 11.67683608704385989, 8.457819049161045655 ) ) ;
#4637 = CARTESIAN_POINT ( 'NONE',  ( -196.2999999999999261, 11.94039000029382791, 9.135243825291247788 ) ) ;
#4638 = CARTESIAN_POINT ( 'NONE',  ( -196.4999999999999147, 12.02547600804789241, 15.22179866707637963 ) ) ;
#4639 = FACE_OUTER_BOUND ( 'NONE', #3093, .T. ) ;
#4640 = AXIS2_PLACEMENT_3D ( 'NONE', #6914, #6877, #2035 ) ;
#4641 = CARTESIAN_POINT ( 'NONE',  ( -199.4999999999999716, 18.49999999999994316, 16.00000000000008527 ) ) ;
#4642 = CARTESIAN_POINT ( 'NONE',  ( -196.2999999999999261, 11.70530495789690839, 12.97934661338010010 ) ) ;
#4643 = CARTESIAN_POINT ( 'NONE',  ( -196.2999999999999261, 11.66099519520907712, 8.473093332850620385 ) ) ;
#4644 = EDGE_CURVE ( 'NONE', #5484, #1669, #6231, .T. ) ;
#4645 = CARTESIAN_POINT ( 'NONE',  ( -196.4999999999999147, 12.09170839024821653, 13.43801484891942799 ) ) ;
#4646 = DIRECTION ( 'NONE',  ( 6.162975822039154730E-33, 1.224646799147353454E-16, -1.000000000000000000 ) ) ;
#4647 = CARTESIAN_POINT ( 'NONE',  ( -196.2999999999999261, 11.77617147970300060, 17.17586900942961137 ) ) ;
#4648 = EDGE_LOOP ( 'NONE', ( #2844, #2895, #4511, #1279, #2087, #745, #1729, #3106 ) ) ;
#4649 = CARTESIAN_POINT ( 'NONE',  ( -196.2999999999999261, 12.22840346561515368, 9.747033982192052193 ) ) ;
#4650 = DIRECTION ( 'NONE',  ( -6.162975822039154730E-33, -1.224646799147353454E-16, 1.000000000000000000 ) ) ;
#4651 = ORIENTED_EDGE ( 'NONE', *, *, #196, .T. ) ;
#4652 = CARTESIAN_POINT ( 'NONE',  ( 9.731492488754181380, -1.277257716615686878, -10.40000000000000036 ) ) ;
#4653 = CARTESIAN_POINT ( 'NONE',  ( -196.4999999999999147, 12.09745889818514186, 9.800113946655381270 ) ) ;
#4654 = CARTESIAN_POINT ( 'NONE',  ( -199.4999999999999716, 18.49999999999994316, 15.63248070369018627 ) ) ;
#4655 = DIRECTION ( 'NONE',  ( -1.000000000000000000, -1.665334536937734318E-16, -3.081487911019576818E-32 ) ) ;
#4656 = VERTEX_POINT ( 'NONE', #5188 ) ;
#4657 = DIRECTION ( 'NONE',  ( 6.162975822039154730E-33, 1.224646799147353454E-16, -1.000000000000000000 ) ) ;
#4658 = CARTESIAN_POINT ( 'NONE',  ( -59.99999999999999289, 3.199999999999988187, 7.325027296675305801E-14 ) ) ;
#4659 = LINE ( 'NONE', #1460, #6306 ) ;
#4660 = EDGE_LOOP ( 'NONE', ( #117, #4694, #2312, #2074 ) ) ;
#4661 = FACE_OUTER_BOUND ( 'NONE', #6359, .T. ) ;
#4662 = CARTESIAN_POINT ( 'NONE',  ( -196.2999999999999261, 11.70535324591384096, 15.80850068534539510 ) ) ;
#4663 = ADVANCED_FACE ( 'NONE', ( #6908 ), #2094, .F. ) ;
#4664 = EDGE_CURVE ( 'NONE', #6454, #732, #5850, .T. ) ;
#4665 = EDGE_CURVE ( 'NONE', #4763, #3407, #1430, .T. ) ;
#4666 = ORIENTED_EDGE ( 'NONE', *, *, #1097, .T. ) ;
#4667 = CARTESIAN_POINT ( 'NONE',  ( -196.2999999999999261, 11.69347137166341533, 8.443398947224435958 ) ) ;
#4668 = CARTESIAN_POINT ( 'NONE',  ( -203.1933420641508690, 17.74999999999993960, 3.632480703690174728 ) ) ;
#4669 = CARTESIAN_POINT ( 'NONE',  ( -196.2999999999999261, 12.00104617744404756, 15.22308489635066664 ) ) ;
#4670 = CARTESIAN_POINT ( 'NONE',  ( -196.2999999999999261, 12.00720488314851231, 12.02635228266679057 ) ) ;
#4671 = CARTESIAN_POINT ( 'NONE',  ( 0.000000000000000000, 0.000000000000000000, -2.000000000000000000 ) ) ;
#4672 = CARTESIAN_POINT ( 'NONE',  ( -196.2999999999999261, 11.82227478444006863, 12.49493165733723821 ) ) ;
#4673 = DIRECTION ( 'NONE',  ( -1.000000000000000000, -1.665334536937734318E-16, -3.081487911019576818E-32 ) ) ;
#4674 = VERTEX_POINT ( 'NONE', #1071 ) ;
#4675 = LINE ( 'NONE', #1514, #4624 ) ;
#4676 = CARTESIAN_POINT ( 'NONE',  ( -196.2999999999999261, 11.73435332064851444, 14.27435658955781506 ) ) ;
#4677 = CARTESIAN_POINT ( 'NONE',  ( -202.2253310930673535, 18.49999999999994316, 15.63248070369018627 ) ) ;
#4678 = ORIENTED_EDGE ( 'NONE', *, *, #874, .T. ) ;
#4679 = PLANE ( 'NONE',  #1880 ) ;
#4680 = AXIS2_PLACEMENT_3D ( 'NONE', #3322, #750, #646 ) ;
#4681 = VECTOR ( 'NONE', #5161, 1000.000000000000000 ) ;
#4682 = FACE_OUTER_BOUND ( 'NONE', #4660, .T. ) ;
#4683 = ORIENTED_EDGE ( 'NONE', *, *, #5646, .T. ) ;
#4685 = AXIS2_PLACEMENT_3D ( 'NONE', #3972, #6909, #6410 ) ;
#4684 = DIRECTION ( 'NONE',  ( 0.000000000000000000, 0.000000000000000000, -1.000000000000000000 ) ) ;
#4686 = CARTESIAN_POINT ( 'NONE',  ( -196.4999999999999147, 12.31516648533545322, 8.734611210585946139 ) ) ;
#4687 = EDGE_CURVE ( 'NONE', #522, #6003, #4896, .T. ) ;
#4688 = CARTESIAN_POINT ( 'NONE',  ( -196.2999999999999261, 11.94204149698572692, 12.77735192943295317 ) ) ;
#4689 = DIRECTION ( 'NONE',  ( 1.000000000000000000, 1.734723475976807094E-16, 0.000000000000000000 ) ) ;
#4690 = VERTEX_POINT ( 'NONE', #4794 ) ;
#4691 = CARTESIAN_POINT ( 'NONE',  ( -196.2999999999999261, 12.29516186431838598, 12.69798689805140590 ) ) ;
#4692 = CARTESIAN_POINT ( 'NONE',  ( -196.2999999999999261, 12.27131587391870937, 17.03019736980141374 ) ) ;
#4693 = CARTESIAN_POINT ( 'NONE',  ( -199.4999999999999716, 18.49999999999993960, 4.367519296309970933 ) ) ;
#4694 = ORIENTED_EDGE ( 'NONE', *, *, #1827, .F. ) ;
#4695 = CARTESIAN_POINT ( 'NONE',  ( -196.4999999999999147, 11.56860205337793168, 8.785283295470797782 ) ) ;
#4696 = LINE ( 'NONE', #6835, #5498 ) ;
#4697 = VECTOR ( 'NONE', #6549, 1000.000000000000000 ) ;
#4698 = AXIS2_PLACEMENT_3D ( 'NONE', #3303, #2175, #2701 ) ;
#4699 = EDGE_LOOP ( 'NONE', ( #6915, #5853, #4572, #3187 ) ) ;
#4700 = CARTESIAN_POINT ( 'NONE',  ( -196.2999999999999261, 11.56274414876470225, 8.694944770960056246 ) ) ;
#4701 = CARTESIAN_POINT ( 'NONE',  ( -190.0000000000000000, 9.999999999999941380, 7.459310946700270506E-14 ) ) ;
#4702 = CARTESIAN_POINT ( 'NONE',  ( -196.4999999999999147, 12.25622526945217317, 17.00501052644894528 ) ) ;
#4703 = VERTEX_POINT ( 'NONE', #5954 ) ;
#4704 = CARTESIAN_POINT ( 'NONE',  ( -196.4999999999999147, 11.71400719044138228, 8.343909967954063589 ) ) ;
#4705 = ADVANCED_FACE ( 'NONE', ( #51 ), #651, .F. ) ;
#4706 = DIRECTION ( 'NONE',  ( 0.000000000000000000, -1.000000000000000000, -1.224646799147367505E-16 ) ) ;
#4707 = EDGE_CURVE ( 'NONE', #6390, #3302, #3293, .T. ) ;
#4708 = VERTEX_POINT ( 'NONE', #5360 ) ;
#4709 = ORIENTED_EDGE ( 'NONE', *, *, #298, .F. ) ;
#4710 = CARTESIAN_POINT ( 'NONE',  ( -196.4999999999999147, 12.00434280382159002, 13.42050292369242825 ) ) ;
#4711 = CARTESIAN_POINT ( 'NONE',  ( -196.2999999999999261, 11.77617147970300238, 13.65487541968601803 ) ) ;
#4712 = CARTESIAN_POINT ( 'NONE',  ( -196.2999999999999261, 11.82180686733710573, 17.03287752210779260 ) ) ;
#4713 = ORIENTED_EDGE ( 'NONE', *, *, #4783, .T. ) ;
#4714 = PLANE ( 'NONE',  #2337 ) ;
#4715 = CARTESIAN_POINT ( 'NONE',  ( -12.00000000000000178, 8.499999999999996447, 18.50000000000000000 ) ) ;
#4716 = ORIENTED_EDGE ( 'NONE', *, *, #3907, .T. ) ;
#4717 = CARTESIAN_POINT ( 'NONE',  ( -196.2999999999999261, 11.97836431995632900, 15.22440712715928157 ) ) ;
#4718 = FACE_OUTER_BOUND ( 'NONE', #3945, .T. ) ;
#4719 = LINE ( 'NONE', #1603, #5697 ) ;
#4720 = ADVANCED_FACE ( 'NONE', ( #4829 ), #3256, .T. ) ;
#4721 = CARTESIAN_POINT ( 'NONE',  ( 0.000000000000000000, 0.000000000000000000, -10.40000000000000036 ) ) ;
#4722 = VECTOR ( 'NONE', #2754, 1000.000000000000000 ) ;
#4723 = DIRECTION ( 'NONE',  ( 0.000000000000000000, 0.000000000000000000, -1.000000000000000000 ) ) ;
#4724 = CIRCLE ( 'NONE', #2819, 5.000000000000000888 ) ;
#4725 = CARTESIAN_POINT ( 'NONE',  ( -196.2999999999999261, 11.77617147970300238, 12.97735764124050739 ) ) ;
#4726 = DIRECTION ( 'NONE',  ( -3.330669073875469621E-16, 1.000000000000000000, 1.224646799147353947E-16 ) ) ;
#4727 = ORIENTED_EDGE ( 'NONE', *, *, #4644, .F. ) ;
#4728 = CARTESIAN_POINT ( 'NONE',  ( -196.4999999999999147, 11.60778208642411080, 8.892138850743130263 ) ) ;
#4729 = CARTESIAN_POINT ( 'NONE',  ( -196.4999999999999147, 11.76952027372734300, 8.398384624204703996 ) ) ;
#4730 = ORIENTED_EDGE ( 'NONE', *, *, #463, .F. ) ;
#4731 = CARTESIAN_POINT ( 'NONE',  ( -196.4999999999999147, 11.89366892391305619, 8.373154186229049500 ) ) ;
#4732 = CARTESIAN_POINT ( 'NONE',  ( -196.2999999999999261, 12.30852040315628848, 8.803898228168192119 ) ) ;
#4733 = DIRECTION ( 'NONE',  ( 1.000000000000000000, 3.330669073875469621E-16, 4.314083075427408311E-32 ) ) ;
#4734 = ORIENTED_EDGE ( 'NONE', *, *, #3071, .T. ) ;
#4735 = FACE_OUTER_BOUND ( 'NONE', #1383, .T. ) ;
#4736 = CARTESIAN_POINT ( 'NONE',  ( -199.4999999999999147, 12.99999999999993605, 20.50000000000101252 ) ) ;
#4737 = ORIENTED_EDGE ( 'NONE', *, *, #2712, .F. ) ;
#4738 = ORIENTED_EDGE ( 'NONE', *, *, #3335, .F. ) ;
#4739 = CARTESIAN_POINT ( 'NONE',  ( -196.2999999999999261, 11.77649294262598190, 12.96028701710267761 ) ) ;
#4740 = AXIS2_PLACEMENT_3D ( 'NONE', #5899, #669, #4882 ) ;
#4741 = CARTESIAN_POINT ( 'NONE',  ( -196.4999999999999147, 11.66562216403330687, 8.371111203525194000 ) ) ;
#4742 = FACE_OUTER_BOUND ( 'NONE', #3756, .T. ) ;
#4743 = ORIENTED_EDGE ( 'NONE', *, *, #1912, .F. ) ;
#4744 = DIRECTION ( 'NONE',  ( 0.7935941825507283331, -0.6084474286424763623, 0.000000000000000000 ) ) ;
#4745 = EDGE_CURVE ( 'NONE', #4425, #1482, #123, .T. ) ;
#4746 = LINE ( 'NONE', #5764, #9 ) ;
#4747 = EDGE_CURVE ( 'NONE', #3531, #1281, #18, .T. ) ;
#4748 = VERTEX_POINT ( 'NONE', #616 ) ;
#4749 = FACE_OUTER_BOUND ( 'NONE', #3711, .T. ) ;
#4750 = DIRECTION ( 'NONE',  ( 0.000000000000000000, -1.224646799147353700E-16, 1.000000000000000000 ) ) ;
#4751 = CARTESIAN_POINT ( 'NONE',  ( -2.172420249506747947, 7.849453713021467216, -10.40000000000000036 ) ) ;
#4752 = OPEN_SHELL ( 'NONE', ( #1373, #5050, #361, #1444, #6861, #5042, #5213, #6361, #4513, #21 ) ) ;
#4753 = ORIENTED_EDGE ( 'NONE', *, *, #515, .F. ) ;
#4754 = DIRECTION ( 'NONE',  ( -6.162975822039154730E-33, -1.224646799147353454E-16, 1.000000000000000000 ) ) ;
#4755 = CARTESIAN_POINT ( 'NONE',  ( -196.2999999999999261, 12.29342333340710880, 17.08393350051244752 ) ) ;
#4756 = CARTESIAN_POINT ( 'NONE',  ( -100.9999999999999716, 9.999999999999969802, 10.00000000000007816 ) ) ;
#4757 = CARTESIAN_POINT ( 'NONE',  ( -196.4999999999999147, 11.78833633791126090, 14.44284902436056051 ) ) ;
#4758 = ORIENTED_EDGE ( 'NONE', *, *, #4629, .T. ) ;
#4759 = DIRECTION ( 'NONE',  ( -0.9237280213470682178, -0.3830490080632377725, 0.000000000000000000 ) ) ;
#4760 = CARTESIAN_POINT ( 'NONE',  ( -196.4999999999999147, 11.81146017414348215, 8.384317926157580203 ) ) ;
#4761 = EDGE_CURVE ( 'NONE', #467, #6574, #6715, .T. ) ;
#4762 = CARTESIAN_POINT ( 'NONE',  ( -196.2999999999999261, 11.71511378739530862, 14.12266638523089135 ) ) ;
#4763 = VERTEX_POINT ( 'NONE', #1683 ) ;
#4764 = CARTESIAN_POINT ( 'NONE',  ( -196.4999999999999147, 11.90146695245941189, 8.373067026256531875 ) ) ;
#4765 = LINE ( 'NONE', #5223, #6180 ) ;
#4766 = CARTESIAN_POINT ( 'NONE',  ( -196.4999999999999147, 11.90500834861819968, 15.23824772273208872 ) ) ;
#4767 = EDGE_LOOP ( 'NONE', ( #1461, #1283, #2598, #185 ) ) ;
#4768 = DIRECTION ( 'NONE',  ( -5.473822126268816683E-48, 1.224646799147353947E-16, -1.000000000000000000 ) ) ;
#4769 = CARTESIAN_POINT ( 'NONE',  ( -196.2999999999999261, 12.29516186431838598, 12.76922087241037751 ) ) ;
#4770 = ORIENTED_EDGE ( 'NONE', *, *, #1964, .T. ) ;
#4771 = ORIENTED_EDGE ( 'NONE', *, *, #1984, .F. ) ;
#4772 = LINE ( 'NONE', #2671, #6843 ) ;
#4773 = DIRECTION ( 'NONE',  ( 0.000000000000000000, 1.000000000000000000, 0.000000000000000000 ) ) ;
#4774 = LINE ( 'NONE', #5271, #2952 ) ;
#4775 = CARTESIAN_POINT ( 'NONE',  ( -197.9000000000000057, 8.499999999999934275, 16.00000000000007816 ) ) ;
#4776 = CARTESIAN_POINT ( 'NONE',  ( -196.2999999999999261, 11.98944760651250974, 13.20677384170457636 ) ) ;
#4777 = ORIENTED_EDGE ( 'NONE', *, *, #1965, .T. ) ;
#4778 = DIRECTION ( 'NONE',  ( -1.020425574104004122E-16, -1.224646799147353947E-16, 1.000000000000000000 ) ) ;
#4779 = DIRECTION ( 'NONE',  ( 1.302941839380666872E-16, -0.7823904509760266635, -0.6227882322439382001 ) ) ;
#4780 = CARTESIAN_POINT ( 'NONE',  ( -196.2999999999999261, 12.14808278779595163, 9.313260085150764311 ) ) ;
#4781 = CARTESIAN_POINT ( 'NONE',  ( -196.2999999999999261, 12.08543505141774510, 12.76922087241037751 ) ) ;
#4782 = ADVANCED_FACE ( 'NONE', ( #4866 ), #5394, .F. ) ;
#4783 = EDGE_CURVE ( 'NONE', #6205, #6772, #584, .T. ) ;
#4784 = ORIENTED_EDGE ( 'NONE', *, *, #6157, .F. ) ;
#4785 = VECTOR ( 'NONE', #3600, 1000.000000000000000 ) ;
#4786 = CARTESIAN_POINT ( 'NONE',  ( -196.2999999999999261, 11.92976973691454035, 12.78019217649691619 ) ) ;
#4787 = LINE ( 'NONE', #6936, #1658 ) ;
#4788 = CARTESIAN_POINT ( 'NONE',  ( -196.2999999999999261, 12.21771051048599510, 16.95853210263673105 ) ) ;
#4789 = LINE ( 'NONE', #6513, #6746 ) ;
#4791 = CYLINDRICAL_SURFACE ( 'NONE', #5806, 2.000000000000000888 ) ;
#4790 = LINE ( 'NONE', #4826, #6396 ) ;
#4792 = VERTEX_POINT ( 'NONE', #2200 ) ;
#4793 = CARTESIAN_POINT ( 'NONE',  ( -196.2999999999999261, 12.00354778178633275, 13.34926894933345665 ) ) ;
#4794 = CARTESIAN_POINT ( 'NONE',  ( -196.2999999999999261, 12.31551442842095057, 8.720332651256532230 ) ) ;
#4795 = EDGE_CURVE ( 'NONE', #2327, #6225, #3816, .T. ) ;
#4796 = ORIENTED_EDGE ( 'NONE', *, *, #4447, .F. ) ;
#4797 = CARTESIAN_POINT ( 'NONE',  ( -59.99999999999999289, -1.561251128379126385E-14, 7.285838599102589797E-14 ) ) ;
#4798 = VERTEX_POINT ( 'NONE', #5989 ) ;
#4799 = CARTESIAN_POINT ( 'NONE',  ( -196.2999999999999261, 11.89366892391305619, 8.373154186229049500 ) ) ;
#4800 = CARTESIAN_POINT ( 'NONE',  ( -196.2999999999999261, 11.93850143648553619, 14.91575390021396252 ) ) ;
#4801 = CARTESIAN_POINT ( 'NONE',  ( -195.4999999999995168, 5.499999999999936939, 18.50000000000100897 ) ) ;
#4802 = ORIENTED_EDGE ( 'NONE', *, *, #6179, .F. ) ;
#4803 = DIRECTION ( 'NONE',  ( -0.000000000000000000, 0.000000000000000000, -1.000000000000000000 ) ) ;
#4804 = DIRECTION ( 'NONE',  ( 6.162975822039154730E-33, 1.224646799147353454E-16, -1.000000000000000000 ) ) ;
#4805 = ORIENTED_EDGE ( 'NONE', *, *, #5765, .F. ) ;
#4806 = VERTEX_POINT ( 'NONE', #1208 ) ;
#4807 = CARTESIAN_POINT ( 'NONE',  ( -196.2999999999999261, 11.70493750534402544, 14.39392790366038000 ) ) ;
#4808 = ADVANCED_FACE ( 'NONE', ( #6478, #3326 ), #5457, .T. ) ;
#4809 = CARTESIAN_POINT ( 'NONE',  ( -196.4999999999999147, 11.76510983293403001, 8.323228953955908338 ) ) ;
#4810 = LINE ( 'NONE', #6887, #1386 ) ;
#4811 = VECTOR ( 'NONE', #4873, 999.9999999999998863 ) ;
#4812 = CARTESIAN_POINT ( 'NONE',  ( -196.2999999999999261, 11.50141186431838491, 9.807922795487300505 ) ) ;
#4813 = CARTESIAN_POINT ( 'NONE',  ( -196.2999999999999261, 12.27937302524857799, 13.78178457285536673 ) ) ;
#4814 = ORIENTED_EDGE ( 'NONE', *, *, #5343, .T. ) ;
#4815 = CARTESIAN_POINT ( 'NONE',  ( -196.2999999999999261, 12.00104617744404756, 15.22308489635066664 ) ) ;
#4816 = CARTESIAN_POINT ( 'NONE',  ( -196.4999999999999147, 11.72274599893377101, 11.09522247497448078 ) ) ;
#4817 = CARTESIAN_POINT ( 'NONE',  ( -196.2999999999999261, 12.29780035562911777, 9.455474141040625113 ) ) ;
#4818 = DIRECTION ( 'NONE',  ( 0.000000000000000000, 0.000000000000000000, 1.000000000000000000 ) ) ;
#4819 = ADVANCED_FACE ( 'NONE', ( #125, #6551, #1747 ), #4272, .F. ) ;
#4820 = EDGE_LOOP ( 'NONE', ( #1804, #2839, #3734, #2320 ) ) ;
#4821 = LINE ( 'NONE', #6435, #5505 ) ;
#4822 = ADVANCED_FACE ( 'NONE', ( #1779 ), #3919, .T. ) ;
#4823 = DIRECTION ( 'NONE',  ( 1.665334536937734318E-16, -1.000000000000000000, -1.224646799147353947E-16 ) ) ;
#4824 = CARTESIAN_POINT ( 'NONE',  ( -196.2999999999999261, 12.25525705142103483, 12.42694970983591496 ) ) ;
#4825 = FACE_BOUND ( 'NONE', #5486, .T. ) ;
#4826 = CARTESIAN_POINT ( 'NONE',  ( -196.2999999999999261, 12.05109009949466703, 15.22170484676935587 ) ) ;
#4827 = VECTOR ( 'NONE', #4673, 1000.000000000000000 ) ;
#4828 = CARTESIAN_POINT ( 'NONE',  ( -196.2999999999999261, 12.30375237903644070, 9.640666996363703944 ) ) ;
#4829 = FACE_OUTER_BOUND ( 'NONE', #935, .T. ) ;
#4830 = EDGE_CURVE ( 'NONE', #4063, #1099, #1249, .T. ) ;
#4831 = EDGE_LOOP ( 'NONE', ( #5678, #1109, #4683, #1310 ) ) ;
#4832 = AXIS2_PLACEMENT_3D ( 'NONE', #4607, #6815, #5688 ) ;
#4833 = AXIS2_PLACEMENT_3D ( 'NONE', #903, #941, #49 ) ;
#4834 = FACE_OUTER_BOUND ( 'NONE', #393, .T. ) ;
#4835 = CARTESIAN_POINT ( 'NONE',  ( -196.2999999999999261, 12.29516186431838598, 11.39892089244242968 ) ) ;
#4836 = ADVANCED_FACE ( 'NONE', ( #161 ), #4446, .T. ) ;
#4837 = CARTESIAN_POINT ( 'NONE',  ( -196.2999999999999261, 12.06953461071261557, 14.59077535958986438 ) ) ;
#4838 = CARTESIAN_POINT ( 'NONE',  ( -196.2999999999999261, 12.09705347911470419, 8.348696801544763346 ) ) ;
#4839 = VERTEX_POINT ( 'NONE', #5358 ) ;
#4840 = SPHERICAL_SURFACE ( 'NONE', #4698, 4.000000000000000000 ) ;
#4841 = AXIS2_PLACEMENT_3D ( 'NONE', #6700, #1936, #1298 ) ;
#4842 = CARTESIAN_POINT ( 'NONE',  ( -196.2999999999999261, 11.86749570334077397, 14.62319733200447835 ) ) ;
#4843 = VERTEX_POINT ( 'NONE', #413 ) ;
#4844 = ORIENTED_EDGE ( 'NONE', *, *, #1630, .T. ) ;
#4845 = DIRECTION ( 'NONE',  ( 0.000000000000000000, 1.000000000000000000, 0.000000000000000000 ) ) ;
#4846 = LINE ( 'NONE', #3729, #6395 ) ;
#4847 = CARTESIAN_POINT ( 'NONE',  ( -196.2999999999999261, 12.29516186431838598, 10.43217409757063407 ) ) ;
#4848 = CARTESIAN_POINT ( 'NONE',  ( -196.2999999999999261, 11.92881571047223233, 10.08268241087191797 ) ) ;
#4849 = EDGE_CURVE ( 'NONE', #1569, #6680, #5397, .T. ) ;
#4850 = VECTOR ( 'NONE', #3873, 999.9999999999998863 ) ;
#4851 = DIRECTION ( 'NONE',  ( 1.512222053972972149E-16, -0.9080590238365500166, -0.4188422247446069724 ) ) ;
#4852 = EDGE_LOOP ( 'NONE', ( #6450, #3419, #2058, #3727 ) ) ;
#4853 = LINE ( 'NONE', #3211, #6519 ) ;
#4854 = CARTESIAN_POINT ( 'NONE',  ( -11.99999999999999645, -10.00000000000000000, 10.00000000000007638 ) ) ;
#4855 = CARTESIAN_POINT ( 'NONE',  ( -196.4999999999999147, 11.77651856617114490, 15.40070851342107439 ) ) ;
#4856 = CIRCLE ( 'NONE', #600, 1.600000000000018074 ) ;
#4857 = DATE_TIME_ROLE ( 'creation_date' ) ;
#4858 = B_SPLINE_CURVE_WITH_KNOTS ( 'NONE', 3,
 ( #1783, #6062, #6127, #1256, #3406, #728, #2872, #5008, #197, #3673, #999 ),
 .UNSPECIFIED., .F., .F.,
 ( 4, 1, 1, 1, 1, 1, 1, 1, 4 ),
 ( 0.000000000000000000, 0.1317514273024043558, 0.2583323505141573717, 0.3821339760925442364, 0.5038043916000860545, 0.6246929865409337479, 0.7468705897275775829, 0.8715135042348158834, 1.000000000000000000 ),
 .UNSPECIFIED. ) ;
#4859 = ORIENTED_EDGE ( 'NONE', *, *, #799, .F. ) ;
#4860 = DIRECTION ( 'NONE',  ( 1.000000000000000000, 1.445602896647339163E-16, -0.000000000000000000 ) ) ;
#4861 = CARTESIAN_POINT ( 'NONE',  ( -199.4999999999999716, 18.49999999999993960, 4.000000000000072831 ) ) ;
#4862 = CARTESIAN_POINT ( 'NONE',  ( -196.2999999999999261, 11.77811783737403317, 12.05645191499280955 ) ) ;
#4863 = CARTESIAN_POINT ( 'NONE',  ( -194.9999999999999147, 12.99999999999993605, 20.50000000000101252 ) ) ;
#4864 = DIRECTION ( 'NONE',  ( 0.000000000000000000, -1.224646799147353700E-16, 1.000000000000000000 ) ) ;
#4865 = CARTESIAN_POINT ( 'NONE',  ( -196.2999999999999261, 11.71663805913965639, 13.56464747277830085 ) ) ;
#4866 = FACE_OUTER_BOUND ( 'NONE', #1073, .T. ) ;
#4867 = VERTEX_POINT ( 'NONE', #2126 ) ;
#4868 = CARTESIAN_POINT ( 'NONE',  ( -196.2999999999999261, 12.24065198972858326, 8.018808476530667306 ) ) ;
#4869 = CARTESIAN_POINT ( 'NONE',  ( -193.0000000000000000, 8.499999999999937828, 1.500000000000081046 ) ) ;
#4870 = CARTESIAN_POINT ( 'NONE',  ( -196.2999999999999261, 11.86332753665676343, 14.90641546007599061 ) ) ;
#4871 = CARTESIAN_POINT ( 'NONE',  ( -59.99999999999999289, -1.908195823574487804E-14, 18.49999999999998934 ) ) ;
#4872 = ORIENTED_EDGE ( 'NONE', *, *, #6726, .F. ) ;
#4873 = DIRECTION ( 'NONE',  ( -0.7071067811865477948, 0.7071067811865473507, 0.000000000000000000 ) ) ;
#4874 = CARTESIAN_POINT ( 'NONE',  ( -196.2999999999999261, 11.77712738665116454, 14.75210033397791243 ) ) ;
#4875 = B_SPLINE_CURVE_WITH_KNOTS ( 'NONE', 3,
 ( #6734, #1931, #4072, #6065, #1259, #3409, #2875, #3963, #2065, #3607, #5220, #5325, #4202, #4662, #895 ),
 .UNSPECIFIED., .F., .F.,
 ( 4, 1, 1, 1, 1, 1, 1, 1, 1, 1, 1, 1, 4 ),
 ( 0.000000000000000000, 0.07176606415833906849, 0.1412255357663683430, 0.2091158524974606192, 0.2748396534685286774, 0.3394829303752193717, 0.4024762667354000456, 0.4649418891713276714, 0.5268326406463814671, 0.6474148160608214075, 0.7655615117859508878, 0.8816150870393311134, 1.000000000000000000 ),
 .UNSPECIFIED. ) ;
#4876 = EDGE_CURVE ( 'NONE', #1874, #2546, #2493, .T. ) ;
#4877 = EDGE_CURVE ( 'NONE', #4159, #90, #545, .T. ) ;
#4878 = VERTEX_POINT ( 'NONE', #4138 ) ;
#4879 = ORIENTED_EDGE ( 'NONE', *, *, #6419, .F. ) ;
#4880 = CARTESIAN_POINT ( 'NONE',  ( -196.2999999999999261, 11.85630078199258541, 12.81665127697415940 ) ) ;
#4881 = CARTESIAN_POINT ( 'NONE',  ( -199.4999999999995168, 5.499999999999937828, 2.500000000001006750 ) ) ;
#4882 = DIRECTION ( 'NONE',  ( 0.000000000000000000, 0.000000000000000000, 1.000000000000000000 ) ) ;
#4883 = CARTESIAN_POINT ( 'NONE',  ( -202.4999999999995168, 5.499999999999935163, 18.50000000000100897 ) ) ;
#4884 = LINE ( 'NONE', #3733, #5845 ) ;
#4885 = ORIENTED_EDGE ( 'NONE', *, *, #5943, .T. ) ;
#4886 = CARTESIAN_POINT ( 'NONE',  ( -196.2999999999999261, 11.99934957988183726, 12.48406765302216392 ) ) ;
#4887 = DIRECTION ( 'NONE',  ( -1.665334536937734318E-16, 1.000000000000000000, 1.224646799147353947E-16 ) ) ;
#4888 = DIRECTION ( 'NONE',  ( -2.889981336085087771E-16, 1.000000000000000000, 1.224646799147353454E-16 ) ) ;
#4889 = EDGE_LOOP ( 'NONE', ( #1588, #2520, #3500, #4492 ) ) ;
#4890 = FACE_OUTER_BOUND ( 'NONE', #5221, .T. ) ;
#4891 = CARTESIAN_POINT ( 'NONE',  ( -196.4999999999999147, 12.11920865127857638, 13.45190367385953856 ) ) ;
#4892 = ADVANCED_FACE ( 'NONE', ( #1611 ), #5196, .T. ) ;
#4893 = DIRECTION ( 'NONE',  ( 6.797399803719653698E-32, -3.265497947355361452E-16, 1.000000000000000000 ) ) ;
#4894 = LINE ( 'NONE', #6093, #2784 ) ;
#4895 = CARTESIAN_POINT ( 'NONE',  ( -196.2999999999999261, 12.27131587391870937, 17.03019736980141374 ) ) ;
#4896 = LINE ( 'NONE', #6443, #2256 ) ;
#4897 = CIRCLE ( 'NONE', #2436, 1.499999999999999556 ) ;
#4898 = ORIENTED_EDGE ( 'NONE', *, *, #6811, .T. ) ;
#4899 = VECTOR ( 'NONE', #6040, 1000.000000000000000 ) ;
#4900 = LINE ( 'NONE', #2695, #6471 ) ;
#4901 = CARTESIAN_POINT ( 'NONE',  ( -196.4999999999999147, 11.81504869807821123, 15.99181028276992755 ) ) ;
#4902 = FACE_OUTER_BOUND ( 'NONE', #3233, .T. ) ;
#4903 = VECTOR ( 'NONE', #2937, 1000.000000000000000 ) ;
#4904 = CARTESIAN_POINT ( 'NONE',  ( -196.2999999999999261, 12.08257297209082282, 9.373522755423199015 ) ) ;
#4905 = ORIENTED_EDGE ( 'NONE', *, *, #1312, .F. ) ;
#4906 = DIRECTION ( 'NONE',  ( 1.665334536937734318E-16, -1.000000000000000000, -1.224646799147353947E-16 ) ) ;
#4907 = CARTESIAN_POINT ( 'NONE',  ( -196.2999999999999261, 11.77712738665116454, 15.77990482115740356 ) ) ;
#4908 = VERTEX_POINT ( 'NONE', #2691 ) ;
#4909 = ORIENTED_EDGE ( 'NONE', *, *, #2638, .F. ) ;
#4910 = CARTESIAN_POINT ( 'NONE',  ( -196.2999999999999261, 11.91585172777115353, 8.302182278538936089 ) ) ;
#4911 = CIRCLE ( 'NONE', #1892, 2.750000000000002665 ) ;
#4912 = EDGE_CURVE ( 'NONE', #1654, #6542, #4790, .T. ) ;
#4913 = DIRECTION ( 'NONE',  ( -0.000000000000000000, -0.000000000000000000, -1.000000000000000000 ) ) ;
#4914 = ADVANCED_FACE ( 'NONE', ( #2165 ), #4306, .F. ) ;
#4915 = DIRECTION ( 'NONE',  ( -2.220446049250312588E-16, 1.000000000000000000, 1.224646799147355919E-16 ) ) ;
#4916 = CARTESIAN_POINT ( 'NONE',  ( -196.2999999999999261, 11.78298223433184866, 13.59373717974341922 ) ) ;
#4917 = AXIS2_PLACEMENT_3D ( 'NONE', #677, #2823, #746 ) ;
#4918 = PRODUCT ( 'Pièce0_Bras_Défaut_sldprt', 'Pièce0_Bras_Défaut_sldprt', '', ( #5350 ) ) ;
#4919 = CARTESIAN_POINT ( 'NONE',  ( -196.2999999999999261, 11.87662136766549281, 13.19752642876749960 ) ) ;
#4920 = DIRECTION ( 'NONE',  ( -1.665334536937734318E-16, 1.000000000000000000, 1.224646799147353947E-16 ) ) ;
#4921 = EDGE_CURVE ( 'NONE', #6755, #3912, #3055, .T. ) ;
#4922 = CARTESIAN_POINT ( 'NONE',  ( -196.4999999999999147, 11.90178496127351337, 8.301833051897556714 ) ) ;
#4923 = ORIENTED_EDGE ( 'NONE', *, *, #3956, .T. ) ;
#4924 = CARTESIAN_POINT ( 'NONE',  ( -21.99999999999999289, -3.200000000000002842, 20.00000000000007461 ) ) ;
#4925 = ORIENTED_EDGE ( 'NONE', *, *, #1160, .F. ) ;
#4926 = CARTESIAN_POINT ( 'NONE',  ( -196.2999999999999261, 11.97458514921122585, 16.94248721958847881 ) ) ;
#4927 = ORIENTED_EDGE ( 'NONE', *, *, #3428, .T. ) ;
#4928 = CARTESIAN_POINT ( 'NONE',  ( -196.2999999999999261, 11.58483938637071198, 8.041067771887371762 ) ) ;
#4929 = CARTESIAN_POINT ( 'NONE',  ( -196.2999999999999261, 11.74784905502451338, 9.030576959871515541 ) ) ;
#4930 = CARTESIAN_POINT ( 'NONE',  ( -196.2999999999999261, 12.09047308622847972, 8.057749651881895403 ) ) ;
#4931 = CARTESIAN_POINT ( 'NONE',  ( -196.4999999999999147, 12.03415061760665772, 16.87108877926557682 ) ) ;
#4932 = DIRECTION ( 'NONE',  ( -6.162975822039154730E-33, -1.224646799147353454E-16, 1.000000000000000000 ) ) ;
#4933 = VECTOR ( 'NONE', #1589, 1000.000000000000000 ) ;
#4934 = EDGE_CURVE ( 'NONE', #1981, #3715, #6777, .T. ) ;
#4935 = ORIENTED_EDGE ( 'NONE', *, *, #220, .T. ) ;
#4936 = DIRECTION ( 'NONE',  ( 0.9237280213470681067, 0.3830490080632377170, 0.000000000000000000 ) ) ;
#4937 = CARTESIAN_POINT ( 'NONE',  ( -196.2999999999999261, 12.00640986111325681, 13.88861189805140484 ) ) ;
#4938 = VECTOR ( 'NONE', #4991, 1000.000000000000000 ) ;
#4939 = DIRECTION ( 'NONE',  ( -1.000000000000000000, -1.665334536937734318E-16, -3.081487911019576818E-32 ) ) ;
#4940 = CARTESIAN_POINT ( 'NONE',  ( -196.2999999999999261, 12.22310729244763650, 8.453488908825551817 ) ) ;
#4941 = ORIENTED_EDGE ( 'NONE', *, *, #5566, .T. ) ;
#4942 = DIRECTION ( 'NONE',  ( -1.000000000000000000, -1.665334536937734318E-16, -3.081487911019576818E-32 ) ) ;
#4943 = CARTESIAN_POINT ( 'NONE',  ( -196.2999999999999261, 12.06953461071261557, 14.59077535958986438 ) ) ;
#4944 = AXIS2_PLACEMENT_3D ( 'NONE', #1138, #4339, #5985 ) ;
#4945 = VECTOR ( 'NONE', #1691, 1000.000000000000000 ) ;
#4946 = VERTEX_POINT ( 'NONE', #1105 ) ;
#4947 = ORIENTED_EDGE ( 'NONE', *, *, #152, .F. ) ;
#4948 = CARTESIAN_POINT ( 'NONE',  ( -196.2999999999999261, 12.00354778178633275, 16.87026253907704287 ) ) ;
#4949 = CARTESIAN_POINT ( 'NONE',  ( -196.2999999999999261, 11.99188716873256055, 14.51952337142020788 ) ) ;
#4950 = AXIS2_PLACEMENT_3D ( 'NONE', #621, #131, #2761 ) ;
#4951 = CARTESIAN_POINT ( 'NONE',  ( -12.00000000000000000, -1.734723475976807094E-15, 0.000000000000000000 ) ) ;
#4952 = AXIS2_PLACEMENT_3D ( 'NONE', #2779, #1667, #3801 ) ;
#4953 = CARTESIAN_POINT ( 'NONE',  ( -196.4999999999999147, 11.58790086329207725, 8.850442502910157216 ) ) ;
#4954 = CARTESIAN_POINT ( 'NONE',  ( 5.971883874145976101, 7.789090853690734839, -10.40000000000000036 ) ) ;
#4955 = DIRECTION ( 'NONE',  ( -1.000000000000000000, -1.665334536937734318E-16, -3.081487911019576818E-32 ) ) ;
#4956 = DIRECTION ( 'NONE',  ( 1.042041300849240371E-32, 1.224646799147353454E-16, -1.000000000000000000 ) ) ;
#4957 = CARTESIAN_POINT ( 'NONE',  ( -196.2999999999999261, 11.99649876175559093, 9.370311949448275612 ) ) ;
#4958 = ORIENTED_EDGE ( 'NONE', *, *, #1198, .T. ) ;
#4959 = CARTESIAN_POINT ( 'NONE',  ( -196.2999999999999261, 12.09568642943041006, 12.46751095105093121 ) ) ;
#4960 = EDGE_CURVE ( 'NONE', #1845, #6463, #5391, .T. ) ;
#4961 = EDGE_CURVE ( 'NONE', #6470, #2259, #1933, .T. ) ;
#4962 = ADVANCED_FACE ( 'NONE', ( #582 ), #5883, .F. ) ;
#4963 = ADVANCED_FACE ( 'NONE', ( #4106 ), #1471, .F. ) ;
#4964 = ORIENTED_EDGE ( 'NONE', *, *, #3162, .T. ) ;
#4965 = CARTESIAN_POINT ( 'NONE',  ( -196.4999999999999147, 11.84156475247650420, 17.01004163604472197 ) ) ;
#4966 = ORIENTED_EDGE ( 'NONE', *, *, #3848, .F. ) ;
#4967 = CARTESIAN_POINT ( 'NONE',  ( -196.2999999999999261, 12.14385718609049647, 9.312085979636234967 ) ) ;
#4968 = CARTESIAN_POINT ( 'NONE',  ( -196.2999999999999261, 11.78214050044128847, 12.92715867491429016 ) ) ;
#4969 = CARTESIAN_POINT ( 'NONE',  ( -196.2999999999999261, 11.50141186431838491, 5.879877923692430564 ) ) ;
#4970 = CARTESIAN_POINT ( 'NONE',  ( -196.4999999999999147, 12.00354778178633275, 16.87026253907704287 ) ) ;
#4971 = DIRECTION ( 'NONE',  ( -3.330669073875469621E-16, 1.000000000000000000, 1.224646799147353947E-16 ) ) ;
#4972 = CARTESIAN_POINT ( 'NONE',  ( -196.2999999999999261, 12.04075481303633488, 7.191187268644353203 ) ) ;
#4973 = CARTESIAN_POINT ( 'NONE',  ( -60.00000000000000000, -1.322726650432315409E-14, 7.285838599102589797E-14 ) ) ;
#4974 = CARTESIAN_POINT ( 'NONE',  ( -196.4999999999999147, 12.31502182666111089, 9.582134112430029660 ) ) ;
#4975 = ADVANCED_FACE ( 'NONE', ( #1069 ), #2198, .T. ) ;
#4976 = DIRECTION ( 'NONE',  ( 6.797399803719653698E-32, -3.265497947355361452E-16, 1.000000000000000000 ) ) ;
#4977 = EDGE_LOOP ( 'NONE', ( #1764, #6232, #834, #3829, #6428, #4437, #3674, #472 ) ) ;
#4978 = CARTESIAN_POINT ( 'NONE',  ( -196.2999999999999261, 12.29516186431838598, 5.879877923692430564 ) ) ;
#4979 = CARTESIAN_POINT ( 'NONE',  ( -196.2999999999999261, 11.96399360917167343, 14.59571677409612889 ) ) ;
#4980 = ORIENTED_EDGE ( 'NONE', *, *, #1872, .T. ) ;
#4981 = ORIENTED_EDGE ( 'NONE', *, *, #3374, .T. ) ;
#4982 = CARTESIAN_POINT ( 'NONE',  ( -196.2999999999999261, 11.98081015157800167, 9.807922795487300505 ) ) ;
#4983 = CARTESIAN_POINT ( 'NONE',  ( -196.2999999999999261, 11.75239034492146040, 14.52399390865022255 ) ) ;
#4984 = CARTESIAN_POINT ( 'NONE',  ( -196.2999999999999261, 11.97587739969332787, 14.51948871465905810 ) ) ;
#4985 = EDGE_CURVE ( 'NONE', #3549, #6793, #3814, .T. ) ;
#4986 = CARTESIAN_POINT ( 'NONE',  ( -196.2999999999999261, 11.72274599893377101, 11.09522247497448078 ) ) ;
#4987 = CARTESIAN_POINT ( 'NONE',  ( -196.4999999999999147, 11.87486068928641103, 9.064782789857705581 ) ) ;
#4988 = CARTESIAN_POINT ( 'NONE',  ( -196.2999999999999261, 11.87045430497152054, 11.98579627516084756 ) ) ;
#4989 = VERTEX_POINT ( 'NONE', #5159 ) ;
#4990 = CARTESIAN_POINT ( 'NONE',  ( -196.2999999999999261, 11.51222416399787285, 10.35012782353217275 ) ) ;
#4991 = DIRECTION ( 'NONE',  ( 3.608224830031766645E-16, 1.224646799147355919E-16, -1.000000000000000000 ) ) ;
#4992 = CARTESIAN_POINT ( 'NONE',  ( -196.2999999999999261, 11.50141186431838491, 10.01144843651294281 ) ) ;
#4993 = CARTESIAN_POINT ( 'NONE',  ( -196.2999999999999261, 11.92881571047223233, 10.14056001503858262 ) ) ;
#4994 = ORIENTED_EDGE ( 'NONE', *, *, #3380, .F. ) ;
#4995 = LINE ( 'NONE', #2260, #6149 ) ;
#4996 = ORIENTED_EDGE ( 'NONE', *, *, #4387, .T. ) ;
#4997 = CARTESIAN_POINT ( 'NONE',  ( -196.2999999999999261, 11.75703666672526992, 8.077589419491047806 ) ) ;
#4998 = ORIENTED_EDGE ( 'NONE', *, *, #3027, .F. ) ;
#4999 = CARTESIAN_POINT ( 'NONE',  ( -196.2999999999999261, 11.77981257113357749, 8.164224611329499837 ) ) ;
#5001 = B_SPLINE_CURVE_WITH_KNOTS ( 'NONE', 3,
 ( #1776, #224, #2368, #3913, #1743, #4928, #1204, #3879, #2931, #5983, #6017, #1170, #3399, #4999, #3952, #3985, #188, #6090, #1317 ),
 .UNSPECIFIED., .F., .F.,
 ( 4, 1, 1, 1, 1, 1, 1, 1, 1, 1, 1, 1, 1, 1, 1, 1, 4 ),
 ( 0.000000000000000000, 0.06154496601632410829, 0.1216942964020308743, 0.1811548554526331289, 0.2398753889119571991, 0.2987019424504294141, 0.3576474237092009401, 0.4176048428493669973, 0.4784940407282909369, 0.5404070506371327909, 0.6023449938728032693, 0.6650043279232341620, 0.7285593088233760506, 0.7936505420268854527, 0.8605342675902674099, 0.9292359605619638918, 0.9999999999999998890 ),
 .UNSPECIFIED. ) ;
#5000 = CARTESIAN_POINT ( 'NONE',  ( -196.2999999999999261, 11.85230439655089363, 9.062391907219680576 ) ) ;
#5002 = EDGE_CURVE ( 'NONE', #3927, #4248, #1437, .T. ) ;
#5003 = EDGE_CURVE ( 'NONE', #408, #6769, #3870, .T. ) ;
#5004 = CARTESIAN_POINT ( 'NONE',  ( -196.4999999999999147, 11.72133715131369236, 15.90139031915753520 ) ) ;
#5005 = CARTESIAN_POINT ( 'NONE',  ( -196.4999999999999147, 12.17159578222624638, 16.91968523536752755 ) ) ;
#5006 = DIRECTION ( 'NONE',  ( -6.977714886341018620E-17, 0.4189977888269733608, -0.9079872537420924372 ) ) ;
#5007 = CARTESIAN_POINT ( 'NONE',  ( -196.2999999999999261, 11.77697799280603874, 14.40311881751598833 ) ) ;
#5008 = CARTESIAN_POINT ( 'NONE',  ( -196.2999999999999261, 11.75835703993523929, 12.42990267756690415 ) ) ;
#5009 = ORIENTED_EDGE ( 'NONE', *, *, #2551, .F. ) ;
#5010 = CARTESIAN_POINT ( 'NONE',  ( -196.2999999999999261, 11.90500834861819790, 14.21044323555260291 ) ) ;
#5011 = CARTESIAN_POINT ( 'NONE',  ( -196.2999999999999261, 11.94301423177925869, 15.62664422057888025 ) ) ;
#5012 = CIRCLE ( 'NONE', #5274, 1.499999999999999556 ) ;
#5013 = CIRCLE ( 'NONE', #2211, 3.199999999999995737 ) ;
#5014 = ORIENTED_EDGE ( 'NONE', *, *, #2450, .F. ) ;
#5015 = CARTESIAN_POINT ( 'NONE',  ( -201.1000000000000227, 8.499999999999934275, 16.00000000000007816 ) ) ;
#5016 = CARTESIAN_POINT ( 'NONE',  ( -196.2999999999999261, 11.70517456236030895, 14.40093399395337137 ) ) ;
#5017 = CARTESIAN_POINT ( 'NONE',  ( -196.2999999999999261, 11.48105930021582033, 8.713972474974481131 ) ) ;
#5018 = LINE ( 'NONE', #311, #2386 ) ;
#5019 = CARTESIAN_POINT ( 'NONE',  ( -196.4999999999999147, 11.64581889412404792, 8.948734406678392261 ) ) ;
#5020 = B_SPLINE_CURVE_WITH_KNOTS ( 'NONE', 3,
 ( #3771, #571, #2084, #3244, #5382, #1062, #4817, #3103, #470, #6321, #5280, #2612, #4194, #2717, #4222, #6432, #3213, #2157, #4780 ),
 .UNSPECIFIED., .F., .F.,
 ( 4, 1, 1, 1, 1, 1, 1, 1, 1, 1, 1, 1, 1, 1, 1, 1, 4 ),
 ( 0.000000000000000000, 0.07117450374563326354, 0.1396441217506227128, 0.2063172239119626938, 0.2713732401918826920, 0.3354180839163120598, 0.3980763446528606253, 0.4606079146322835660, 0.5229695111172336652, 0.5847157240924579780, 0.6448949403163617422, 0.7042905608207896684, 0.7629981899193216677, 0.8210874309038768137, 0.8801038914767003174, 0.9393884881896686911, 1.000000000000000000 ),
 .UNSPECIFIED. ) ;
#5021 = CARTESIAN_POINT ( 'NONE',  ( -196.2999999999999261, 11.74951553710586793, 8.407856410007839898 ) ) ;
#5022 = VERTEX_POINT ( 'NONE', #5420 ) ;
#5023 = CALENDAR_DATE ( 2023, 3, 12 ) ;
#5024 = EDGE_CURVE ( 'NONE', #4867, #1791, #5981, .T. ) ;
#5025 = CARTESIAN_POINT ( 'NONE',  ( -196.2999999999999261, 11.98096915598505241, 14.98765035958986580 ) ) ;
#5026 = CARTESIAN_POINT ( 'NONE',  ( -196.2999999999999261, 11.85060802229075883, 15.92997089212901152 ) ) ;
#5027 = CARTESIAN_POINT ( 'NONE',  ( -196.2999999999999261, 12.00720488314851231, 12.48428497497448220 ) ) ;
#5028 = CARTESIAN_POINT ( 'NONE',  ( -196.2999999999999261, 11.92724426449025543, 10.27670084712619492 ) ) ;
#5029 = VERTEX_POINT ( 'NONE', #4263 ) ;
#5030 = CARTESIAN_POINT ( 'NONE',  ( -196.2999999999999261, 12.00720488314851231, 12.48428497497448220 ) ) ;
#5031 = VECTOR ( 'NONE', #4623, 1000.000000000000000 ) ;
#5032 = VECTOR ( 'NONE', #1755, 999.9999999999998863 ) ;
#5033 = EDGE_LOOP ( 'NONE', ( #187, #1242 ) ) ;
#5034 = CARTESIAN_POINT ( 'NONE',  ( -196.2999999999999261, 12.00020868923825645, 14.51954138523089100 ) ) ;
#5035 = ORIENTED_EDGE ( 'NONE', *, *, #538, .F. ) ;
#5036 = CARTESIAN_POINT ( 'NONE',  ( -202.4999999999995168, 5.499999999999936939, 1.500000000001004086 ) ) ;
#5037 = CARTESIAN_POINT ( 'NONE',  ( -196.2999999999999261, 11.66047330837438878, 8.965328518172666961 ) ) ;
#5038 = OPEN_SHELL ( 'NONE', ( #6801 ) ) ;
#5039 = CARTESIAN_POINT ( 'NONE',  ( -196.2999999999999261, 11.88714012075614868, 16.01013398766454543 ) ) ;
#5040 = CARTESIAN_POINT ( 'NONE',  ( -196.4999999999999147, 12.31516304961649588, 8.705948921773664750 ) ) ;
#5041 = EDGE_CURVE ( 'NONE', #1913, #729, #4408, .T. ) ;
#5042 = ADVANCED_FACE ( 'NONE', ( #4890, #6933 ), #1711, .F. ) ;
#5043 = DIRECTION ( 'NONE',  ( -1.000000000000000000, -1.665334536937734318E-16, -3.081487911019576818E-32 ) ) ;
#5044 = CARTESIAN_POINT ( 'NONE',  ( -196.4999999999999147, 11.98096915598505241, 16.01545484676935516 ) ) ;
#5045 = CARTESIAN_POINT ( 'NONE',  ( -5.711616196553303659, -5.806097980279305126, -10.40000000000000036 ) ) ;
#5046 = ORIENTED_EDGE ( 'NONE', *, *, #4849, .F. ) ;
#5047 = CARTESIAN_POINT ( 'NONE',  ( -196.4999999999999147, 12.29516186431838420, 15.15047087241037893 ) ) ;
#5048 = DIRECTION ( 'NONE',  ( -0.000000000000000000, -0.000000000000000000, -1.000000000000000000 ) ) ;
#5049 = EDGE_CURVE ( 'NONE', #183, #3824, #2193, .T. ) ;
#5050 = ADVANCED_FACE ( 'NONE', ( #1741 ), #3877, .F. ) ;
#5051 = AXIS2_PLACEMENT_3D ( 'NONE', #492, #2145, #3728 ) ;
#5052 = ORIENTED_EDGE ( 'NONE', *, *, #6072, .T. ) ;
#5053 = CARTESIAN_POINT ( 'NONE',  ( -196.2999999999999261, 12.21263752769195676, 7.765259890846115454 ) ) ;
#5054 = CARTESIAN_POINT ( 'NONE',  ( -196.2999999999999261, 12.29516186431838598, 6.710675950535378576 ) ) ;
#5055 = CARTESIAN_POINT ( 'NONE',  ( -196.2999999999999261, 11.91325364997346625, 14.51639456662855743 ) ) ;
#5056 = CARTESIAN_POINT ( 'NONE',  ( -196.2999999999999261, 11.91610428940415289, 13.87215173880221997 ) ) ;
#5057 = CARTESIAN_POINT ( 'NONE',  ( 0.000000000000000000, 0.000000000000000000, -2.000000000000000000 ) ) ;
#5058 = CARTESIAN_POINT ( 'NONE',  ( -196.2999999999999261, 11.57345708878561297, 8.807368363771860942 ) ) ;
#5059 = CARTESIAN_POINT ( 'NONE',  ( -196.2999999999999261, 11.67683608704385989, 8.457819049161045655 ) ) ;
#5060 = VECTOR ( 'NONE', #1583, 1000.000000000000000 ) ;
#5061 = VECTOR ( 'NONE', #1907, 1000.000000000000000 ) ;
#5062 = DIRECTION ( 'NONE',  ( -1.000000000000000000, -2.220446049250312588E-16, -1.035379938102577819E-30 ) ) ;
#5063 = VECTOR ( 'NONE', #6237, 1000.000000000000000 ) ;
#5064 = CARTESIAN_POINT ( 'NONE',  ( -196.2999999999999261, 11.87480149030462862, 15.93677756394679790 ) ) ;
#5065 = DIRECTION ( 'NONE',  ( -1.000000000000000000, -1.665334536937734318E-16, -3.081487911019576818E-32 ) ) ;
#5066 = CARTESIAN_POINT ( 'NONE',  ( -196.2999999999999261, 11.77727324524534858, 17.14490324852616965 ) ) ;
#5067 = VERTEX_POINT ( 'NONE', #540 ) ;
#5068 = EDGE_CURVE ( 'NONE', #5549, #5766, #3108, .T. ) ;
#5069 = CARTESIAN_POINT ( 'NONE',  ( -196.2999999999999261, 12.18458641056247060, 9.775302942918655091 ) ) ;
#5070 = EDGE_LOOP ( 'NONE', ( #362, #3068, #2365, #4208, #4709, #2578 ) ) ;
#5071 = CARTESIAN_POINT ( 'NONE',  ( -196.4999999999999147, 11.91688419244598407, 16.95873330436870674 ) ) ;
#5072 = ORIENTED_EDGE ( 'NONE', *, *, #5473, .T. ) ;
#5073 = CARTESIAN_POINT ( 'NONE',  ( -196.4999999999999147, 12.08543505141774510, 12.76922087241037751 ) ) ;
#5074 = CARTESIAN_POINT ( 'NONE',  ( -196.4999999999999147, 11.86963580831717024, 12.80688393580663131 ) ) ;
#5075 = DIRECTION ( 'NONE',  ( 1.302941839380666872E-16, -0.7823904509760265524, -0.6227882322439384222 ) ) ;
#5076 = LINE ( 'NONE', #1986, #5481 ) ;
#5077 = VECTOR ( 'NONE', #319, 1000.000000000000000 ) ;
#5078 = CARTESIAN_POINT ( 'NONE',  ( -196.2999999999999261, 12.25246006605656568, 7.999080223333273842 ) ) ;
#5079 = CARTESIAN_POINT ( 'NONE',  ( -196.2999999999999261, 11.65612315237928343, 7.013738350375122721 ) ) ;
#5080 = FACE_BOUND ( 'NONE', #2718, .T. ) ;
#5081 = ORIENTED_EDGE ( 'NONE', *, *, #6031, .F. ) ;
#5082 = CARTESIAN_POINT ( 'NONE',  ( -196.2999999999999261, 11.77617147970300238, 14.38152555991037929 ) ) ;
#5083 = CARTESIAN_POINT ( 'NONE',  ( -196.2999999999999261, 11.80753630764182560, 15.70582943233779183 ) ) ;
#5084 = VECTOR ( 'NONE', #4630, 1000.000000000000000 ) ;
#5085 = VERTEX_POINT ( 'NONE', #4302 ) ;
#5086 = CARTESIAN_POINT ( 'NONE',  ( -196.4999999999999147, 11.56246955662607689, 8.717470571929609946 ) ) ;
#5087 = LINE ( 'NONE', #6135, #2486 ) ;
#5088 = CARTESIAN_POINT ( 'NONE',  ( -196.2999999999999261, 11.86947882781902130, 14.50972285949169560 ) ) ;
#5089 = DIRECTION ( 'NONE',  ( 1.000000000000000000, 2.220446049250312588E-16, 9.367723249499513438E-31 ) ) ;
#5090 = CARTESIAN_POINT ( 'NONE',  ( -199.4999999999999147, 15.99999999999993783, 16.00000000000101252 ) ) ;
#5091 = LINE ( 'NONE', #738, #4491 ) ;
#5092 = EDGE_CURVE ( 'NONE', #1913, #2670, #4821, .T. ) ;
#5093 = CARTESIAN_POINT ( 'NONE',  ( -196.2999999999999261, 11.63234163853706526, 8.507058101865423438 ) ) ;
#5094 = EDGE_CURVE ( 'NONE', #6342, #4234, #2266, .T. ) ;
#5095 = B_SPLINE_SURFACE_WITH_KNOTS ( 'NONE', 3, 1, ( 
 ( #1552, #4146 ),
 ( #3622, #948 ),
 ( #2044, #1084 ),
 ( #5232, #3132 ),
 ( #4182, #6424 ),
 ( #422, #5898 ),
 ( #2672, #4809 ),
 ( #1631, #5374 ),
 ( #3236, #2566 ),
 ( #6312, #6959 ),
 ( #6383, #4741 ),
 ( #5828, #3169 ),
 ( #3763, #1515 ),
 ( #5793, #981 ),
 ( #5270, #457 ),
 ( #2603, #4214 ),
 ( #2741, #6598 ),
 ( #3415, #1760 ),
 ( #1223, #2880 ),
 ( #1157, #1121 ),
 ( #3309, #3933 ),
 ( #4323, #3379 ),
 ( #632, #5441 ),
 ( #2772, #3271 ),
 ( #6005, #3865 ),
 ( #66, #4429 ),
 ( #5017, #2809 ) ),
 .UNSPECIFIED., .F., .F., .F.,
 ( 4, 1, 1, 1, 1, 1, 1, 1, 1, 1, 1, 1, 1, 1, 1, 1, 1, 1, 1, 1, 1, 1, 1, 1, 4 ),
 ( 2, 2 ),
 ( 0.000000000000000000, 0.04320898617133667186, 0.08587287163061858852, 0.1281200066967028983, 0.1701519644541991672, 0.2119176209878612382, 0.2537530026191242016, 0.2960064088559506423, 0.3384433571447836853, 0.3810153681620339072, 0.4228204794407605660, 0.4640890557943131434, 0.5051258486836861517, 0.5459749706852408124, 0.5869852111338598188, 0.6283385916346628797, 0.6700838015912059520, 0.7119916023637221647, 0.7530391548630192000, 0.7940493953116379844, 0.8348855427015819952, 0.8754983129295135225, 0.9165472998303793029, 0.9580037786449605575, 1.000000000000000000 ),
 ( 0.000000000000000000, 1.000000000000000000 ),
 .UNSPECIFIED. ) ;
#5096 = DIRECTION ( 'NONE',  ( 2.775557561562887900E-16, -1.000000000000000000, -1.224646799147354193E-16 ) ) ;
#5097 = CARTESIAN_POINT ( 'NONE',  ( -196.2999999999999261, 11.92881571047223233, 10.22864845654499355 ) ) ;
#5098 = CARTESIAN_POINT ( 'NONE',  ( -210.0000000000000000, 9.999999999999932498, 10.00000000000007816 ) ) ;
#5099 = CARTESIAN_POINT ( 'NONE',  ( -196.2999999999999261, 11.77484530227879134, 10.50304217989643085 ) ) ;
#5100 = ORIENTED_EDGE ( 'NONE', *, *, #2217, .F. ) ;
#5101 = CARTESIAN_POINT ( 'NONE',  ( -196.2999999999999261, 11.98945031966102093, 9.807865164614387510 ) ) ;
#5102 = CARTESIAN_POINT ( 'NONE',  ( -196.2999999999999261, 11.60771959550596222, 7.907439020956700482 ) ) ;
#5103 = ORIENTED_EDGE ( 'NONE', *, *, #5365, .T. ) ;
#5104 = FACE_OUTER_BOUND ( 'NONE', #4166, .T. ) ;
#5105 = CARTESIAN_POINT ( 'NONE',  ( -196.2999999999999261, 11.70493750534402544, 14.79127991688153188 ) ) ;
#5106 = DIRECTION ( 'NONE',  ( -2.220446049250312588E-16, 1.000000000000000000, 1.224646799147356165E-16 ) ) ;
#5107 = DIRECTION ( 'NONE',  ( -1.000000000000000000, 0.000000000000000000, 0.000000000000000000 ) ) ;
#5108 = LINE ( 'NONE', #2509, #5146 ) ;
#5109 = EDGE_CURVE ( 'NONE', #5190, #1051, #1018, .T. ) ;
#5110 = LINE ( 'NONE', #2444, #3107 ) ;
#5111 = CARTESIAN_POINT ( 'NONE',  ( -196.2999999999999261, 11.91325364997346803, 15.54419905380804323 ) ) ;
#5112 = CARTESIAN_POINT ( 'NONE',  ( -196.2999999999999261, 11.88714012075614868, 16.01013398766454543 ) ) ;
#5113 = VERTEX_POINT ( 'NONE', #2894 ) ;
#5114 = CARTESIAN_POINT ( 'NONE',  ( -196.2999999999999261, 12.05445972446561242, 9.805222315539861455 ) ) ;
#5115 = CARTESIAN_POINT ( 'NONE',  ( -196.2999999999999261, 11.98725506078721814, 15.62148297296888799 ) ) ;
#5116 = ORIENTED_EDGE ( 'NONE', *, *, #2196, .F. ) ;
#5117 = CARTESIAN_POINT ( 'NONE',  ( -196.4999999999999147, 11.64618884637529028, 8.489522430823646104 ) ) ;
#5118 = CARTESIAN_POINT ( 'NONE',  ( -196.2999999999999261, 11.78164922438791962, 14.54902993497418073 ) ) ;
#5119 = LINE ( 'NONE', #2455, #2594 ) ;
#5120 = CARTESIAN_POINT ( 'NONE',  ( -196.2999999999999261, 11.80165131479978413, 13.76625059209444402 ) ) ;
#5121 = CARTESIAN_POINT ( 'NONE',  ( -196.2999999999999261, 11.84348311856637359, 12.09355364862787674 ) ) ;
#5122 = PLANE ( 'NONE',  #773 ) ;
#5123 = DIRECTION ( 'NONE',  ( 1.512102532755952966E-16, -0.9079872537420925482, -0.4189977888269734163 ) ) ;
#5124 = EDGE_CURVE ( 'NONE', #2016, #5435, #4503, .T. ) ;
#5125 = CIRCLE ( 'NONE', #751, 2.750000000000002665 ) ;
#5126 = EDGE_CURVE ( 'NONE', #6186, #4248, #5560, .T. ) ;
#5127 = LINE ( 'NONE', #3585, #6402 ) ;
#5128 = EDGE_CURVE ( 'NONE', #5459, #2907, #5170, .T. ) ;
#5129 = CARTESIAN_POINT ( 'NONE',  ( -196.2999999999999261, 11.89780985109723055, 9.065054205743711790 ) ) ;
#5130 = CARTESIAN_POINT ( 'NONE',  ( -196.7746689069325896, 17.74999999999993960, 4.367519296309970933 ) ) ;
#5131 = CARTESIAN_POINT ( 'NONE',  ( -196.2999999999999261, 12.20871217872741177, 9.650008854004223480 ) ) ;
#5132 = AXIS2_PLACEMENT_3D ( 'NONE', #163, #6620, #129 ) ;
#5133 = VERTEX_POINT ( 'NONE', #4576 ) ;
#5134 = PLANE ( 'NONE',  #6824 ) ;
#5135 = CARTESIAN_POINT ( 'NONE',  ( -197.1752446142278927, 12.99999999999993960, -11.74492513199304433 ) ) ;
#5136 = EDGE_CURVE ( 'NONE', #95, #2546, #2330, .T. ) ;
#5137 = ORIENTED_EDGE ( 'NONE', *, *, #5180, .T. ) ;
#5138 = DIRECTION ( 'NONE',  ( -0.7935941825507284442, 0.6084474286424762512, 0.000000000000000000 ) ) ;
#5139 = DIRECTION ( 'NONE',  ( -1.000000000000000000, -1.665334536937734318E-16, -3.081487911019576818E-32 ) ) ;
#5140 = VECTOR ( 'NONE', #1985, 1000.000000000000000 ) ;
#5141 = LINE ( 'NONE', #4654, #5140 ) ;
#5142 = DIRECTION ( 'NONE',  ( 0.000000000000000000, 1.000000000000000000, 0.000000000000000000 ) ) ;
#5143 = ORIENTED_EDGE ( 'NONE', *, *, #6095, .T. ) ;
#5144 = CARTESIAN_POINT ( 'NONE',  ( -203.9999999999999432, 12.99999999999993783, -17.94870560657918190 ) ) ;
#5145 = CARTESIAN_POINT ( 'NONE',  ( -196.2999999999999261, 11.86947882781902130, 15.53752734667118318 ) ) ;
#5146 = VECTOR ( 'NONE', #1422, 1000.000000000000000 ) ;
#5147 = CYLINDRICAL_SURFACE ( 'NONE', #5418, 2.000000000000000000 ) ;
#5148 = ORIENTED_EDGE ( 'NONE', *, *, #6032, .T. ) ;
#5149 = CARTESIAN_POINT ( 'NONE',  ( -196.4999999999999147, 12.13548128322879727, 9.792753672186929492 ) ) ;
#5150 = DIRECTION ( 'NONE',  ( 1.000000000000000000, 0.000000000000000000, 0.000000000000000000 ) ) ;
#5151 = EDGE_CURVE ( 'NONE', #5858, #2144, #4724, .T. ) ;
#5152 = LOCAL_TIME ( 17, 38, 55.00000000000000000, #78 ) ;
#5153 = VERTEX_POINT ( 'NONE', #2929 ) ;
#5154 = CARTESIAN_POINT ( 'NONE',  ( -196.2999999999999261, 11.56515164140338392, 8.672655242204097448 ) ) ;
#5155 = OPEN_SHELL ( 'NONE', ( #70, #173, #1295, #4963, #718, #920, #803, #6547, #5993, #6695, #3119, #3653, #4705, #3869, #1748, #385, #628, #4489, #3671, #4819, #2214, #1590 ) ) ;
#5156 = CARTESIAN_POINT ( 'NONE',  ( -196.2999999999999261, 12.19445882401687875, 9.015719871911150207 ) ) ;
#5157 = CARTESIAN_POINT ( 'NONE',  ( -196.2999999999999261, 11.78493711209050510, 13.72453826501366869 ) ) ;
#5158 = LINE ( 'NONE', #347, #1665 ) ;
#5159 = CARTESIAN_POINT ( 'NONE',  ( -202.2253310930673535, 17.74999999999994316, 16.36751929630997893 ) ) ;
#5160 = LINE ( 'NONE', #5788, #2360 ) ;
#5161 = DIRECTION ( 'NONE',  ( -1.000000000000000000, -2.775557561562895788E-16, -3.608224830031761715E-16 ) ) ;
#5162 = AXIS2_PLACEMENT_3D ( 'NONE', #421, #6708, #2565 ) ;
#5163 = CARTESIAN_POINT ( 'NONE',  ( -196.4999999999999147, 12.06321184856645168, 13.42783673476574791 ) ) ;
#5164 = PLANE ( 'NONE',  #4501 ) ;
#5165 = CARTESIAN_POINT ( 'NONE',  ( -196.2999999999999261, 11.91453964125288856, 10.35715035942412854 ) ) ;
#5166 = VECTOR ( 'NONE', #625, 1000.000000000000114 ) ;
#5167 = ORIENTED_EDGE ( 'NONE', *, *, #5918, .F. ) ;
#5168 = CARTESIAN_POINT ( 'NONE',  ( -196.2999999999999261, 12.25489841454928808, 9.721775532391276897 ) ) ;
#5169 = CONICAL_SURFACE ( 'NONE', #800, 4.500000000000003553, 0.1910822382529145103 ) ;
#5170 = CIRCLE ( 'NONE', #6748, 4.000000000000003553 ) ;
#5171 = CARTESIAN_POINT ( 'NONE',  ( -199.4999999999999716, 17.74999999999994316, 16.00000000000008527 ) ) ;
#5172 = ORIENTED_EDGE ( 'NONE', *, *, #4206, .T. ) ;
#5173 = CARTESIAN_POINT ( 'NONE',  ( -196.2999999999999261, 12.30025652795808000, 13.59153583162686907 ) ) ;
#5174 = DIRECTION ( 'NONE',  ( -1.000000000000000000, 0.000000000000000000, 0.000000000000000000 ) ) ;
#5175 = EDGE_CURVE ( 'NONE', #6906, #3876, #4619, .T. ) ;
#5176 = AXIS2_PLACEMENT_3D ( 'NONE', #4205, #1968, #3158 ) ;
#5177 = CARTESIAN_POINT ( 'NONE',  ( -199.4999999999999147, 15.99999999999993783, 4.000000000001011635 ) ) ;
#5178 = VECTOR ( 'NONE', #5096, 1000.000000000000000 ) ;
#5179 = LINE ( 'NONE', #6792, #1342 ) ;
#5180 = EDGE_CURVE ( 'NONE', #3878, #5204, #3043, .T. ) ;
#5181 = EDGE_CURVE ( 'NONE', #1082, #4843, #6717, .T. ) ;
#5182 = ORIENTED_EDGE ( 'NONE', *, *, #1835, .T. ) ;
#5183 = DIRECTION ( 'NONE',  ( 0.000000000000000000, 0.000000000000000000, 1.000000000000000000 ) ) ;
#5184 = CARTESIAN_POINT ( 'NONE',  ( -196.2999999999999261, 11.77697799280603874, 15.43092330469547235 ) ) ;
#5185 = DIRECTION ( 'NONE',  ( 0.000000000000000000, 0.000000000000000000, -1.000000000000000000 ) ) ;
#5186 = VERTEX_POINT ( 'NONE', #2366 ) ;
#5187 = CARTESIAN_POINT ( 'NONE',  ( -196.4999999999999147, 11.56514854921325153, 8.762921355714444971 ) ) ;
#5188 = CARTESIAN_POINT ( 'NONE',  ( -196.2999999999999261, 11.99893665398184694, 13.20680100061550633 ) ) ;
#5189 = AXIS2_PLACEMENT_3D ( 'NONE', #3562, #853, #885 ) ;
#5190 = VERTEX_POINT ( 'NONE', #820 ) ;
#5191 = CARTESIAN_POINT ( 'NONE',  ( -196.2999999999999261, 11.64618884637529028, 8.489522430823646104 ) ) ;
#5192 = EDGE_CURVE ( 'NONE', #2714, #5133, #2964, .T. ) ;
#5193 = FACE_OUTER_BOUND ( 'NONE', #1487, .T. ) ;
#5194 = CARTESIAN_POINT ( 'NONE',  ( -210.0000000000000000, 8.499999999999932498, 1.500000000000081046 ) ) ;
#5195 = DIRECTION ( 'NONE',  ( -0.000000000000000000, 0.000000000000000000, 1.000000000000000000 ) ) ;
#5196 = SPHERICAL_SURFACE ( 'NONE', #4833, 4.000000000000001776 ) ;
#5197 = CARTESIAN_POINT ( 'NONE',  ( -196.4999999999999147, 11.55053319736604323, 8.484252686674981447 ) ) ;
#5198 = DIRECTION ( 'NONE',  ( -1.665334536937734318E-16, 1.000000000000000000, 1.224646799147353947E-16 ) ) ;
#5199 = VERTEX_POINT ( 'NONE', #4715 ) ;
#5200 = CARTESIAN_POINT ( 'NONE',  ( -196.2999999999999261, 11.49463319183015564, 8.606841398792244746 ) ) ;
#5201 = EDGE_CURVE ( 'NONE', #3191, #3009, #4746, .T. ) ;
#5202 = DIRECTION ( 'NONE',  ( 2.775557561562887900E-16, -1.000000000000000000, -1.224646799147354193E-16 ) ) ;
#5203 = DIRECTION ( 'NONE',  ( 6.162975822039154730E-33, 1.224646799147353454E-16, -1.000000000000000000 ) ) ;
#5204 = VERTEX_POINT ( 'NONE', #1416 ) ;
#5205 = CARTESIAN_POINT ( 'NONE',  ( -196.2999999999999261, 12.19976164047859335, 9.767269172398169275 ) ) ;
#5206 = CARTESIAN_POINT ( 'NONE',  ( -196.7746689069325896, 15.99999999999994138, 4.367519296309970933 ) ) ;
#5207 = EDGE_LOOP ( 'NONE', ( #3337, #1719, #6659, #4555 ) ) ;
#5208 = CARTESIAN_POINT ( 'NONE',  ( -196.2999999999999261, 12.01384433290461651, 13.34954694397379527 ) ) ;
#5209 = CARTESIAN_POINT ( 'NONE',  ( -196.4999999999999147, 12.25489841454928808, 9.721775532391276897 ) ) ;
#5210 = DIRECTION ( 'NONE',  ( 6.162975822039154730E-33, 1.224646799147353454E-16, -1.000000000000000000 ) ) ;
#5211 = LINE ( 'NONE', #397, #1902 ) ;
#5212 = ORIENTED_EDGE ( 'NONE', *, *, #4274, .T. ) ;
#5213 = ADVANCED_FACE ( 'NONE', ( #4087 ), #6819, .F. ) ;
#5214 = CARTESIAN_POINT ( 'NONE',  ( -199.4999999999995168, 8.499999999999937828, 16.00000000000100542 ) ) ;
#5215 = CARTESIAN_POINT ( 'NONE',  ( -196.2999999999999261, 12.30452156257047669, 12.28750665526625951 ) ) ;
#5216 = EDGE_CURVE ( 'NONE', #6943, #4301, #1387, .T. ) ;
#5217 = DIRECTION ( 'NONE',  ( 2.168404344971008868E-16, -1.000000000000000000, 0.000000000000000000 ) ) ;
#5218 = VERTEX_POINT ( 'NONE', #2534 ) ;
#5219 = CARTESIAN_POINT ( 'NONE',  ( -196.2999999999999261, 12.21434580088574506, 9.757740849327110055 ) ) ;
#5220 = CARTESIAN_POINT ( 'NONE',  ( -196.2999999999999261, 11.72453361259393212, 15.72698120312486836 ) ) ;
#5221 = EDGE_LOOP ( 'NONE', ( #6678, #6737, #1115, #2227 ) ) ;
#5222 = CARTESIAN_POINT ( 'NONE',  ( -196.2999999999999261, 11.73006603565384154, 8.418508045213599189 ) ) ;
#5223 = CARTESIAN_POINT ( 'NONE',  ( 9.999999999999996447, 10.00000000000000178, 20.00000000000000000 ) ) ;
#5224 = CARTESIAN_POINT ( 'NONE',  ( -196.2999999999999261, 11.97836431995632900, 15.22440712715928157 ) ) ;
#5225 = VERTEX_POINT ( 'NONE', #2608 ) ;
#5226 = DIRECTION ( 'NONE',  ( 3.330669073875469621E-16, -1.000000000000000000, -1.224646799147353947E-16 ) ) ;
#5227 = CARTESIAN_POINT ( 'NONE',  ( -196.4999999999999147, 11.49463319183015564, 8.606841398792244746 ) ) ;
#5228 = CARTESIAN_POINT ( 'NONE',  ( 8.000000000000003553, -12.00000000000000000, 0.000000000000000000 ) ) ;
#5229 = ORIENTED_EDGE ( 'NONE', *, *, #6582, .F. ) ;
#5230 = EDGE_LOOP ( 'NONE', ( #288, #5826, #1694, #721 ) ) ;
#5231 = CARTESIAN_POINT ( 'NONE',  ( -59.99999999999999289, -3.200000000000020606, 1.500000000000126787 ) ) ;
#5232 = CARTESIAN_POINT ( 'NONE',  ( -196.2999999999999261, 11.84571459897879819, 8.305096238501779027 ) ) ;
#5233 = CARTESIAN_POINT ( 'NONE',  ( -196.2999999999999261, 11.50723019216614595, 10.32038230882883489 ) ) ;
#5234 = EDGE_LOOP ( 'NONE', ( #714, #3924, #4459, #3143 ) ) ;
#5235 = CARTESIAN_POINT ( 'NONE',  ( -21.99999999999999289, 3.199999999999993960, -13.99999999999992895 ) ) ;
#5236 = CIRCLE ( 'NONE', #6242, 4.500000000000003553 ) ;
#5237 = ADVANCED_FACE ( 'NONE', ( #4682 ), #3533, .T. ) ;
#5238 = VECTOR ( 'NONE', #5410, 1000.000000000000000 ) ;
#5239 = DIRECTION ( 'NONE',  ( -2.220446049250312588E-16, 1.000000000000000000, 1.224646799147355919E-16 ) ) ;
#5240 = ORIENTED_EDGE ( 'NONE', *, *, #6008, .F. ) ;
#5242 = VECTOR ( 'NONE', #2624, 1000.000000000000000 ) ;
#5241 = CARTESIAN_POINT ( 'NONE',  ( -196.2999999999999261, 11.78343653428150262, 15.35828440629468261 ) ) ;
#5243 = CARTESIAN_POINT ( 'NONE',  ( -196.4999999999999147, 11.78214050044128847, 12.92715867491429016 ) ) ;
#5244 = CARTESIAN_POINT ( 'NONE',  ( -196.4999999999999147, 11.95744989325059926, 15.22714679284173656 ) ) ;
#5245 = APPROVAL_ROLE ( '' ) ;
#5246 = ORIENTED_EDGE ( 'NONE', *, *, #2730, .F. ) ;
#5247 = LINE ( 'NONE', #6196, #4785 ) ;
#5248 = CARTESIAN_POINT ( 'NONE',  ( -196.2999999999999261, 11.75190164704844165, 10.43358039489084277 ) ) ;
#5249 = CARTESIAN_POINT ( 'NONE',  ( -24.99999999999999645, -5.204170427930421283E-15, 20.00000000000007461 ) ) ;
#5250 = LINE ( 'NONE', #1959, #1156 ) ;
#5251 = ORIENTED_EDGE ( 'NONE', *, *, #6374, .F. ) ;
#5252 = CARTESIAN_POINT ( 'NONE',  ( -196.4999999999999147, 12.22840346561515368, 9.747033982192052193 ) ) ;
#5253 = CARTESIAN_POINT ( 'NONE',  ( -196.4999999999999147, 11.56274414876470225, 8.694944770960056246 ) ) ;
#5254 = VECTOR ( 'NONE', #3738, 1000.000000000000000 ) ;
#5255 = EDGE_CURVE ( 'NONE', #5648, #3545, #6285, .T. ) ;
#5256 = CIRCLE ( 'NONE', #5376, 1.499999999999999556 ) ;
#5257 = ORIENTED_EDGE ( 'NONE', *, *, #4761, .F. ) ;
#5258 = CARTESIAN_POINT ( 'NONE',  ( -196.2999999999999261, 11.86947882781902130, 14.50972285949169560 ) ) ;
#5259 = CARTESIAN_POINT ( 'NONE',  ( 2.172420249506744838, -7.849453713021467216, -10.40000000000000036 ) ) ;
#5260 = CARTESIAN_POINT ( 'NONE',  ( -196.4999999999999147, 12.17159578222624638, 16.91968523536752755 ) ) ;
#5261 = VERTEX_POINT ( 'NONE', #1950 ) ;
#5262 = EDGE_CURVE ( 'NONE', #598, #3084, #240, .T. ) ;
#5263 = CARTESIAN_POINT ( 'NONE',  ( -196.4999999999999147, 11.64319768714010550, 8.386958025275911055 ) ) ;
#5264 = DIRECTION ( 'NONE',  ( -0.000000000000000000, 1.000000000000000000, -0.000000000000000000 ) ) ;
#5265 = EDGE_CURVE ( 'NONE', #2329, #5261, #3834, .T. ) ;
#5266 = EDGE_CURVE ( 'NONE', #6828, #2745, #2997, .T. ) ;
#5267 = VERTEX_POINT ( 'NONE', #360 ) ;
#5268 = ORIENTED_EDGE ( 'NONE', *, *, #5389, .F. ) ;
#5269 = CARTESIAN_POINT ( 'NONE',  ( -196.2999999999999261, 11.89843671225935040, 12.79109253633497012 ) ) ;
#5270 = CARTESIAN_POINT ( 'NONE',  ( -196.2999999999999261, 11.58367513278220429, 8.441571474072352643 ) ) ;
#5271 = CARTESIAN_POINT ( 'NONE',  ( -194.9999999999999147, 12.99999999999993960, -17.94870560657918190 ) ) ;
#5272 = ORIENTED_EDGE ( 'NONE', *, *, #3427, .T. ) ;
#5273 = DIRECTION ( 'NONE',  ( -0.9237280213470681067, -0.3830490080632377170, 0.000000000000000000 ) ) ;
#5274 = AXIS2_PLACEMENT_3D ( 'NONE', #6806, #6667, #6741 ) ;
#5275 = LINE ( 'NONE', #426, #3506 ) ;
#5276 = VECTOR ( 'NONE', #5611, 1000.000000000000000 ) ;
#5277 = ORIENTED_EDGE ( 'NONE', *, *, #2842, .F. ) ;
#5278 = PLANE ( 'NONE',  #1359 ) ;
#5279 = CARTESIAN_POINT ( 'NONE',  ( -196.4999999999999147, 11.83155348958869624, 12.83952612137649041 ) ) ;
#5280 = CARTESIAN_POINT ( 'NONE',  ( -196.2999999999999261, 12.25811434871104311, 9.386038702996751582 ) ) ;
#5281 = CARTESIAN_POINT ( 'NONE',  ( -196.2999999999999261, 12.14474111689676938, 13.46929510482479664 ) ) ;
#5282 = AXIS2_PLACEMENT_3D ( 'NONE', #2820, #1128, #2855 ) ;
#5283 = VECTOR ( 'NONE', #3047, 1000.000000000000000 ) ;
#5284 = ORIENTED_EDGE ( 'NONE', *, *, #1401, .F. ) ;
#5285 = CYLINDRICAL_SURFACE ( 'NONE', #3452, 2.750000000000002665 ) ;
#5286 = VECTOR ( 'NONE', #900, 1000.000000000000000 ) ;
#5287 = CARTESIAN_POINT ( 'NONE',  ( -196.2999999999999261, 11.83290195454375393, 10.35608098597724691 ) ) ;
#5288 = VECTOR ( 'NONE', #3626, 1000.000000000000114 ) ;
#5289 = FACE_OUTER_BOUND ( 'NONE', #4345, .T. ) ;
#5290 = CARTESIAN_POINT ( 'NONE',  ( -196.4999999999999147, 11.95291904832821039, 14.51888176412482423 ) ) ;
#5291 = ORIENTED_EDGE ( 'NONE', *, *, #4024, .F. ) ;
#5292 = CARTESIAN_POINT ( 'NONE',  ( -196.2999999999999261, 11.88890307910487820, 13.37121321229228244 ) ) ;
#5293 = DIRECTION ( 'NONE',  ( -1.000000000000000000, -1.665334536937734318E-16, -3.081487911019576818E-32 ) ) ;
#5294 = DIRECTION ( 'NONE',  ( -4.556540330232412644E-16, 1.000000000000000000, 1.224646799147353947E-16 ) ) ;
#5295 = VERTEX_POINT ( 'NONE', #2015 ) ;
#5296 = CARTESIAN_POINT ( 'NONE',  ( -196.2999999999999261, 11.82447879784266753, 14.48847471289868238 ) ) ;
#5297 = CARTESIAN_POINT ( 'NONE',  ( -196.2999999999999261, 12.29516186431838420, 16.01545484676935516 ) ) ;
#5298 = CARTESIAN_POINT ( 'NONE',  ( -196.2999999999999261, 11.88650869520401976, 15.24493755525609551 ) ) ;
#5299 = VERTEX_POINT ( 'NONE', #5135 ) ;
#5300 = CARTESIAN_POINT ( 'NONE',  ( -196.2999999999999261, 11.50141186431838491, 6.490454846769353026 ) ) ;
#5301 = CARTESIAN_POINT ( 'NONE',  ( -196.2999999999999261, 12.05109009949466881, 14.19390035958986473 ) ) ;
#5302 = ORIENTED_EDGE ( 'NONE', *, *, #4876, .F. ) ;
#5303 = EDGE_LOOP ( 'NONE', ( #2245, #3439, #5791, #4994 ) ) ;
#5304 = CARTESIAN_POINT ( 'NONE',  ( -196.2999999999999261, 11.91378605600089813, 12.78484783376119083 ) ) ;
#5305 = VECTOR ( 'NONE', #2774, 1000.000000000000000 ) ;
#5306 = EDGE_CURVE ( 'NONE', #1329, #2928, #2504, .T. ) ;
#5307 = FACE_OUTER_BOUND ( 'NONE', #1581, .T. ) ;
#5308 = EDGE_CURVE ( 'NONE', #5963, #1616, #5532, .T. ) ;
#5309 = CARTESIAN_POINT ( 'NONE',  ( -196.4999999999999147, 12.00434280382159002, 16.94149651343601803 ) ) ;
#5310 = FACE_OUTER_BOUND ( 'NONE', #6481, .T. ) ;
#5311 = DIRECTION ( 'NONE',  ( 2.775557561562887900E-16, -1.000000000000000000, -1.224646799147354193E-16 ) ) ;
#5312 = VERTEX_POINT ( 'NONE', #916 ) ;
#5313 = CARTESIAN_POINT ( 'NONE',  ( -196.2999999999999261, 12.12614017962287249, 6.419220872410377865 ) ) ;
#5314 = DIRECTION ( 'NONE',  ( -2.220446049250312588E-16, 1.000000000000000000, 1.224646799147356165E-16 ) ) ;
#5315 = CARTESIAN_POINT ( 'NONE',  ( -196.4999999999999147, 15.99999999999993783, 19.50000000000100897 ) ) ;
#5316 = CARTESIAN_POINT ( 'NONE',  ( -196.2999999999999261, 12.21768216203531132, 13.56553715882501265 ) ) ;
#5317 = VERTEX_POINT ( 'NONE', #5799 ) ;
#5318 = CARTESIAN_POINT ( 'NONE',  ( -196.2999999999999261, 12.23703434476767171, 12.06030586650992298 ) ) ;
#5319 = CARTESIAN_POINT ( 'NONE',  ( -196.4999999999999147, 12.23410417201069222, 13.65423940205781506 ) ) ;
#5320 = DIRECTION ( 'NONE',  ( 0.9237280213470682178, 0.3830490080632377725, 0.000000000000000000 ) ) ;
#5321 = CARTESIAN_POINT ( 'NONE',  ( -197.9999999999999716, 5.999999999999939604, 16.00000000000008527 ) ) ;
#5322 = CARTESIAN_POINT ( 'NONE',  ( -196.2999999999999261, 12.19100635553971124, 7.924923836575567648 ) ) ;
#5323 = ORIENTED_EDGE ( 'NONE', *, *, #3764, .T. ) ;
#5324 = CARTESIAN_POINT ( 'NONE',  ( -199.4999999999999716, 17.74999999999993960, 4.000000000000072831 ) ) ;
#5325 = CARTESIAN_POINT ( 'NONE',  ( -196.2999999999999261, 11.71318787618481672, 15.75666475770813157 ) ) ;
#5326 = EDGE_CURVE ( 'NONE', #1119, #435, #987, .T. ) ;
#5327 = VERTEX_POINT ( 'NONE', #392 ) ;
#5328 = DIRECTION ( 'NONE',  ( 0.000000000000000000, -1.224646799147353700E-16, 1.000000000000000000 ) ) ;
#5329 = ORIENTED_EDGE ( 'NONE', *, *, #3232, .T. ) ;
#5330 = CARTESIAN_POINT ( 'NONE',  ( -196.2999999999999261, 12.18956676109324633, 12.11507943789628960 ) ) ;
#5331 = CARTESIAN_POINT ( 'NONE',  ( -196.2999999999999261, 11.83941324287059160, 14.58164153617937409 ) ) ;
#5332 = DIRECTION ( 'NONE',  ( 0.3830490080632378835, -0.9237280213470682178, 0.000000000000000000 ) ) ;
#5333 = ORIENTED_EDGE ( 'NONE', *, *, #2988, .F. ) ;
#5334 = CARTESIAN_POINT ( 'NONE',  ( -196.2999999999999261, 11.50141186431838491, 6.419220872410377865 ) ) ;
#5335 = CARTESIAN_POINT ( 'NONE',  ( -196.2999999999999261, 11.71511378739530862, 15.22170484676935409 ) ) ;
#5336 = ORIENTED_EDGE ( 'NONE', *, *, #2048, .F. ) ;
#5337 = ORIENTED_EDGE ( 'NONE', *, *, #6457, .F. ) ;
#5338 = LINE ( 'NONE', #3235, #4933 ) ;
#5339 = DIRECTION ( 'NONE',  ( 6.162975822039154730E-33, 1.224646799147353454E-16, -1.000000000000000000 ) ) ;
#5340 = CARTESIAN_POINT ( 'NONE',  ( -196.2999999999999261, 12.00434280382159002, 16.94149651343601803 ) ) ;
#5341 = DIRECTION ( 'NONE',  ( 1.000000000000000000, -3.232909598627892021E-13, -3.771111394772200024E-13 ) ) ;
#5342 = EDGE_CURVE ( 'NONE', #5153, #4184, #5275, .T. ) ;
#5343 = EDGE_CURVE ( 'NONE', #5723, #3828, #6182, .T. ) ;
#5344 =( BOUNDED_CURVE ( )  B_SPLINE_CURVE ( 3, ( #5830, #5762, #1518, #3694 ),
 .UNSPECIFIED., .F., .F. ) 
 B_SPLINE_CURVE_WITH_KNOTS ( ( 4, 4 ),
 ( 0.000000000000000000, 1.570796326794897002 ),
 .UNSPECIFIED. ) 
 CURVE ( )  GEOMETRIC_REPRESENTATION_ITEM ( )  RATIONAL_B_SPLINE_CURVE ( ( 1.000000000000000000, 0.8047378541243649375, 0.8047378541243649375, 1.000000000000000000 ) ) 
 REPRESENTATION_ITEM ( '' )  );
#5345 = CARTESIAN_POINT ( 'NONE',  ( -196.2999999999999261, 11.79364194349940043, 14.95366921123060600 ) ) ;
#5346 = EDGE_LOOP ( 'NONE', ( #2600, #533 ) ) ;
#5347 = CARTESIAN_POINT ( 'NONE',  ( -196.2999999999999261, 11.77651856617114490, 15.40070851342107439 ) ) ;
#5348 = CARTESIAN_POINT ( 'NONE',  ( -196.2999999999999261, 11.84502038795620749, 15.60633650742640555 ) ) ;
#5349 = CARTESIAN_POINT ( 'NONE',  ( -196.2999999999999261, 11.58282212072864148, 10.23151053587191761 ) ) ;
#5350 = MECHANICAL_CONTEXT ( 'NONE', #921, 'mechanical' ) ;
#5351 = EDGE_CURVE ( 'NONE', #4353, #3148, #2685, .T. ) ;
#5352 = VERTEX_POINT ( 'NONE', #72 ) ;
#5353 = AXIS2_PLACEMENT_3D ( 'NONE', #4652, #5138, #3069 ) ;
#5354 = DIRECTION ( 'NONE',  ( -1.000000000000000000, -1.734723475976807094E-16, 0.000000000000000000 ) ) ;
#5355 = CARTESIAN_POINT ( 'NONE',  ( -196.4999999999999147, 12.22701794099492822, 13.59430128256975046 ) ) ;
#5356 = CARTESIAN_POINT ( 'NONE',  ( -196.2999999999999261, 12.19345877826014579, 12.49139586465031471 ) ) ;
#5357 = CARTESIAN_POINT ( 'NONE',  ( -196.2999999999999261, 11.77627939031432014, 12.97162727125194515 ) ) ;
#5358 = CARTESIAN_POINT ( 'NONE',  ( -196.2999999999999261, 12.29516186431838598, 6.632922795487302459 ) ) ;
#5359 = CARTESIAN_POINT ( 'NONE',  ( -196.2999999999999261, 11.99346404901255347, 13.34955310534395601 ) ) ;
#5360 = CARTESIAN_POINT ( 'NONE',  ( -196.4999999999999147, 11.50141186431838491, 5.879877923692430564 ) ) ;
#5361 = ORIENTED_EDGE ( 'NONE', *, *, #6850, .T. ) ;
#5362 = DIRECTION ( 'NONE',  ( 0.000000000000000000, 1.000000000000000000, 0.000000000000000000 ) ) ;
#5363 = DIRECTION ( 'NONE',  ( 2.220446049250312588E-16, -1.000000000000000000, -1.224646799147356165E-16 ) ) ;
#5364 = CARTESIAN_POINT ( 'NONE',  ( -196.2999999999999261, 11.97323058843871024, 14.91639872248454246 ) ) ;
#5365 = EDGE_CURVE ( 'NONE', #3982, #1537, #4293, .T. ) ;
#5366 = CARTESIAN_POINT ( 'NONE',  ( -196.2999999999999261, 12.24791926910824280, 8.486490572574997060 ) ) ;
#5367 = ORIENTED_EDGE ( 'NONE', *, *, #2424, .T. ) ;
#5368 = AXIS2_PLACEMENT_3D ( 'NONE', #6679, #781, #6644 ) ;
#5369 = CARTESIAN_POINT ( 'NONE',  ( -196.2999999999999261, 12.29516186431838598, 6.474236397250122010 ) ) ;
#5370 = CARTESIAN_POINT ( 'NONE',  ( -196.2999999999999261, 11.50141186431838491, 11.71724771535909682 ) ) ;
#5371 = ORIENTED_EDGE ( 'NONE', *, *, #6785, .F. ) ;
#5372 = EDGE_LOOP ( 'NONE', ( #402, #2505 ) ) ;
#5373 = FACE_OUTER_BOUND ( 'NONE', #2677, .T. ) ;
#5374 = CARTESIAN_POINT ( 'NONE',  ( -196.4999999999999147, 11.73922207064793000, 8.332538967310485489 ) ) ;
#5375 = LINE ( 'NONE', #2810, #2613 ) ;
#5376 = AXIS2_PLACEMENT_3D ( 'NONE', #2681, #2118, #6357 ) ;
#5377 = DIRECTION ( 'NONE',  ( 1.000000000000000000, 0.000000000000000000, 0.000000000000000000 ) ) ;
#5378 = CARTESIAN_POINT ( 'NONE',  ( -196.2999999999999261, 12.05374757287491505, 9.734692322699309841 ) ) ;
#5379 = EDGE_LOOP ( 'NONE', ( #2295, #3372, #5014, #4315 ) ) ;
#5380 = CARTESIAN_POINT ( 'NONE',  ( -196.2999999999999261, 11.71511378739530862, 13.88861189805140484 ) ) ;
#5381 = CARTESIAN_POINT ( 'NONE',  ( -196.4999999999999147, 12.26876300225611516, 8.917652143606472848 ) ) ;
#5382 = CARTESIAN_POINT ( 'NONE',  ( -196.2999999999999261, 12.30921758328480564, 9.495452918751894344 ) ) ;
#5383 = AXIS2_PLACEMENT_3D ( 'NONE', #4553, #6689, #4067 ) ;
#5384 = VERTEX_POINT ( 'NONE', #3208 ) ;
#5385 = CARTESIAN_POINT ( 'NONE',  ( -196.2999999999999261, 11.78298223433184866, 17.11473076948701078 ) ) ;
#5386 = CARTESIAN_POINT ( 'NONE',  ( -193.0000000000000000, -8.267949192431135685, 1.500000000000079492 ) ) ;
#5387 = CARTESIAN_POINT ( 'NONE',  ( -196.2999999999999261, 12.30533814636966738, 12.25563663763473699 ) ) ;
#5388 = DIRECTION ( 'NONE',  ( 6.162975822039154730E-33, 1.224646799147353454E-16, -1.000000000000000000 ) ) ;
#5389 = EDGE_CURVE ( 'NONE', #1909, #4656, #1431, .T. ) ;
#5390 = EDGE_CURVE ( 'NONE', #5980, #101, #1025, .T. ) ;
#5391 = LINE ( 'NONE', #1141, #4397 ) ;
#5392 = VECTOR ( 'NONE', #5198, 1000.000000000000000 ) ;
#5393 = CARTESIAN_POINT ( 'NONE',  ( -196.2999999999999261, 11.75400767979624206, 13.48526036317925403 ) ) ;
#5394 = PLANE ( 'NONE',  #4053 ) ;
#5395 = VERTEX_POINT ( 'NONE', #1026 ) ;
#5396 = VECTOR ( 'NONE', #6145, 999.9999999999998863 ) ;
#5397 = CIRCLE ( 'NONE', #574, 2.324755385772037108 ) ;
#5398 = DIRECTION ( 'NONE',  ( 0.000000000000000000, 1.224646799147353700E-16, -1.000000000000000000 ) ) ;
#5399 = FACE_OUTER_BOUND ( 'NONE', #6919, .T. ) ;
#5400 = CARTESIAN_POINT ( 'NONE',  ( -196.2999999999999261, 11.87480149030462862, 14.90897307676731032 ) ) ;
#5401 = CARTESIAN_POINT ( 'NONE',  ( -196.2999999999999261, 12.02351390985499791, 8.318074427323912445 ) ) ;
#5402 = ORIENTED_EDGE ( 'NONE', *, *, #162, .T. ) ;
#5403 = DIRECTION ( 'NONE',  ( 0.000000000000000000, 0.000000000000000000, 1.000000000000000000 ) ) ;
#5404 = LINE ( 'NONE', #5894, #3939 ) ;
#5405 = VERTEX_POINT ( 'NONE', #1700 ) ;
#5406 = EDGE_LOOP ( 'NONE', ( #4713, #5740, #478, #3025 ) ) ;
#5407 = CARTESIAN_POINT ( 'NONE',  ( -196.4999999999999147, 12.21768216203531132, 13.56553715882501265 ) ) ;
#5408 = CARTESIAN_POINT ( 'NONE',  ( -5.389852040360466390, -7.029950366595457467, -10.39999999999999680 ) ) ;
#5409 = DIRECTION ( 'NONE',  ( -0.000000000000000000, -0.000000000000000000, -1.000000000000000000 ) ) ;
#5410 = DIRECTION ( 'NONE',  ( -6.162975822039154730E-33, -1.224646799147353454E-16, 1.000000000000000000 ) ) ;
#5411 = EDGE_CURVE ( 'NONE', #548, #4441, #3190, .T. ) ;
#5412 = AXIS2_PLACEMENT_3D ( 'NONE', #6354, #535, #3699 ) ;
#5413 = CARTESIAN_POINT ( 'NONE',  ( -196.2999999999999261, 12.29098265231080056, 13.75118704266828118 ) ) ;
#5414 = VERTEX_POINT ( 'NONE', #2744 ) ;
#5415 = FACE_OUTER_BOUND ( 'NONE', #4889, .T. ) ;
#5416 = CARTESIAN_POINT ( 'NONE',  ( -199.4999999999999716, 15.99999999999994493, 16.00000000000008527 ) ) ;
#5417 = DIRECTION ( 'NONE',  ( 1.000000000000000000, 0.000000000000000000, -0.000000000000000000 ) ) ;
#5418 = AXIS2_PLACEMENT_3D ( 'NONE', #439, #3113, #5185 ) ;
#5419 = VERTEX_POINT ( 'NONE', #2 ) ;
#5420 = CARTESIAN_POINT ( 'NONE',  ( -196.2999999999999261, 11.71511378739530862, 15.22170484676935409 ) ) ;
#5421 = FACE_OUTER_BOUND ( 'NONE', #4977, .T. ) ;
#5422 = LINE ( 'NONE', #1171, #5957 ) ;
#5423 = OPEN_SHELL ( 'NONE', ( #5862, #4808, #2119 ) ) ;
#5424 = DIRECTION ( 'NONE',  ( 1.000000000000000000, 3.330669073875469621E-16, 4.314083075427408311E-32 ) ) ;
#5425 = CARTESIAN_POINT ( 'NONE',  ( -196.2999999999999261, 11.50141186431838491, 7.688712058307814345 ) ) ;
#5426 = CARTESIAN_POINT ( 'NONE',  ( -100.9999999999999716, -14.00000000000003197, 0.5000000000000732747 ) ) ;
#5427 = EDGE_CURVE ( 'NONE', #6189, #865, #4884, .T. ) ;
#5428 = ORIENTED_EDGE ( 'NONE', *, *, #1751, .T. ) ;
#5429 = EDGE_CURVE ( 'NONE', #2027, #1329, #1089, .T. ) ;
#5430 = EDGE_CURVE ( 'NONE', #4093, #3494, #3364, .T. ) ;
#5431 = CARTESIAN_POINT ( 'NONE',  ( -59.99999999999999289, 3.199999999999989964, -13.99999999999992895 ) ) ;
#5432 = CARTESIAN_POINT ( 'NONE',  ( -196.2999999999999261, 11.78833633791126090, 14.44284902436056051 ) ) ;
#5433 = CARTESIAN_POINT ( 'NONE',  ( 12.00000000000000000, 8.000000000000000000, 0.000000000000000000 ) ) ;
#5434 = CARTESIAN_POINT ( 'NONE',  ( -196.2999999999999261, 11.59129324735733846, 7.829494286108408474 ) ) ;
#5435 = VERTEX_POINT ( 'NONE', #5622 ) ;
#5436 = CARTESIAN_POINT ( 'NONE',  ( 7.999999999999998224, 12.00000000000000000, 20.00000000000000000 ) ) ;
#5437 = CARTESIAN_POINT ( 'NONE',  ( -196.2999999999999261, 12.29516186431838598, 12.69798689805140590 ) ) ;
#5438 = VERTEX_POINT ( 'NONE', #3454 ) ;
#5439 = ORIENTED_EDGE ( 'NONE', *, *, #5689, .F. ) ;
#5440 = CARTESIAN_POINT ( 'NONE',  ( -196.4999999999999147, 12.29924791704229214, 8.595993910369969626 ) ) ;
#5441 = CARTESIAN_POINT ( 'NONE',  ( -196.4999999999999147, 11.48850271223911257, 8.632911045317609222 ) ) ;
#5442 = DIRECTION ( 'NONE',  ( 2.220446049250312588E-16, -1.000000000000000000, -1.224646799147356165E-16 ) ) ;
#5443 = CARTESIAN_POINT ( 'NONE',  ( -196.2999999999999261, 11.91688419244598407, 13.43773971462512051 ) ) ;
#5444 = CARTESIAN_POINT ( 'NONE',  ( -196.2999999999999261, 11.77546873614916478, 13.15210479978332891 ) ) ;
#5445 = DIRECTION ( 'NONE',  ( 0.000000000000000000, -1.000000000000000000, -1.224646799147367505E-16 ) ) ;
#5446 = DIRECTION ( 'NONE',  ( 2.220446049250312588E-16, -1.000000000000000000, -1.224646799147355919E-16 ) ) ;
#5447 = VERTEX_POINT ( 'NONE', #4990 ) ;
#5448 = EDGE_CURVE ( 'NONE', #126, #3191, #4502, .T. ) ;
#5449 = CARTESIAN_POINT ( 'NONE',  ( -196.2999999999999261, 12.20561049114804320, 12.37054992461227343 ) ) ;
#5450 = ORIENTED_EDGE ( 'NONE', *, *, #1484, .T. ) ;
#5451 = CARTESIAN_POINT ( 'NONE',  ( -196.2999999999999261, 11.79248106198219936, 17.08585790593490117 ) ) ;
#5452 = ORIENTED_EDGE ( 'NONE', *, *, #5003, .F. ) ;
#5453 = DIRECTION ( 'NONE',  ( 2.220446049250312588E-16, -1.000000000000000000, -1.224646799147356165E-16 ) ) ;
#5454 = CARTESIAN_POINT ( 'NONE',  ( -196.4999999999999147, 11.80994182539409110, 12.86649170258434793 ) ) ;
#5455 = DIRECTION ( 'NONE',  ( 0.000000000000000000, 0.000000000000000000, 1.000000000000000000 ) ) ;
#5456 = CARTESIAN_POINT ( 'NONE',  ( -196.4999999999999147, 12.14641297402201658, 16.90454659047189168 ) ) ;
#5457 = PLANE ( 'NONE',  #3266 ) ;
#5458 = AXIS2_PLACEMENT_3D ( 'NONE', #6719, #954, #1914 ) ;
#5459 = VERTEX_POINT ( 'NONE', #5585 ) ;
#5460 = CIRCLE ( 'NONE', #1894, 1.599999999999990319 ) ;
#5461 = CARTESIAN_POINT ( 'NONE',  ( -196.2999999999999261, 12.29487455184521849, 7.808897073921580834 ) ) ;
#5462 = CARTESIAN_POINT ( 'NONE',  ( -196.2999999999999261, 12.01692836531704245, 13.88824635593110024 ) ) ;
#5463 = CARTESIAN_POINT ( 'NONE',  ( 4.618640106735341533, 1.915245040316188918, -10.40000000000000036 ) ) ;
#5464 = AXIS2_PLACEMENT_3D ( 'NONE', #3258, #4238, #6371 ) ;
#5465 = CARTESIAN_POINT ( 'NONE',  ( -196.2999999999999261, 12.20225081911339338, 9.446833841474830962 ) ) ;
#5466 = VERTEX_POINT ( 'NONE', #1799 ) ;
#5467 = CARTESIAN_POINT ( 'NONE',  ( -196.4999999999999147, 11.85230439655089363, 9.062391907219680576 ) ) ;
#5468 = DIRECTION ( 'NONE',  ( 1.042041300849240371E-32, 1.224646799147353454E-16, -1.000000000000000000 ) ) ;
#5469 = ORIENTED_EDGE ( 'NONE', *, *, #4276, .F. ) ;
#5470 = VERTEX_POINT ( 'NONE', #2919 ) ;
#5471 = CARTESIAN_POINT ( 'NONE',  ( -196.4999999999999147, 12.02351390985499791, 8.318074427323912445 ) ) ;
#5472 = CIRCLE ( 'NONE', #2006, 2.750000000000002665 ) ;
#5473 = EDGE_CURVE ( 'NONE', #3463, #2206, #812, .T. ) ;
#5474 = CARTESIAN_POINT ( 'NONE',  ( -5.971883874145982318, -7.789090853690733063, -8.400000000000000355 ) ) ;
#5475 = DIRECTION ( 'NONE',  ( -0.000000000000000000, -1.224646799147353700E-16, 1.000000000000000000 ) ) ;
#5476 = ADVANCED_FACE ( 'NONE', ( #2817 ), #1866, .T. ) ;
#5477 = CARTESIAN_POINT ( 'NONE',  ( -196.2999999999999261, 11.92208908323396166, 11.96578320981631727 ) ) ;
#5478 = ADVANCED_FACE ( 'NONE', ( #2254 ), #1274, .T. ) ;
#5479 = B_SPLINE_SURFACE_WITH_KNOTS ( 'NONE', 3, 1, ( 
 ( #2496, #4710 ),
 ( #2043, #6311 ),
 ( #6181, #875 ),
 ( #4045, #5163 ),
 ( #1379, #4645 ),
 ( #6780, #4110 ),
 ( #6243, #6958 ),
 ( #527, #2706 ),
 ( #6493, #2076 ),
 ( #5866, #2182 ),
 ( #1120, #5407 ),
 ( #6382, #5968 ),
 ( #32, #2601 ),
 ( #1053, #3269 ),
 ( #1695, #1660 ) ),
 .UNSPECIFIED., .F., .F., .F.,
 ( 4, 1, 1, 1, 1, 1, 1, 1, 1, 1, 1, 1, 4 ),
 ( 2, 2 ),
 ( 0.000000000000000000, 0.08158934893218340589, 0.1628588951679346419, 0.2454836892755789812, 0.3308071391580116871, 0.4164933737762850363, 0.4998932031606325155, 0.5830481559950204673, 0.6671578520621569419, 0.7513119292929152371, 0.8337847893576174618, 0.9162564885439812290, 1.000000000000000000 ),
 ( 0.000000000000000000, 1.000000000000000000 ),
 .UNSPECIFIED. ) ;
#5480 = CARTESIAN_POINT ( 'NONE',  ( -196.2999999999999261, 11.93096634306255233, 14.98636385224061485 ) ) ;
#5481 = VECTOR ( 'NONE', #2474, 1000.000000000000114 ) ;
#5482 = CARTESIAN_POINT ( 'NONE',  ( -196.2999999999999261, 11.78537827904544066, 12.32187247217846426 ) ) ;
#5483 = DIRECTION ( 'NONE',  ( -3.330669073875469621E-16, 1.000000000000000000, 1.224646799147353947E-16 ) ) ;
#5484 = VERTEX_POINT ( 'NONE', #6009 ) ;
#5485 = DIRECTION ( 'NONE',  ( -1.000000000000000000, -2.220446049250312588E-16, -1.035379938102577819E-30 ) ) ;
#5486 = EDGE_LOOP ( 'NONE', ( #639, #5333 ) ) ;
#5487 = CARTESIAN_POINT ( 'NONE',  ( -12.00000000000000178, 11.99999999999999645, 20.00000000000000000 ) ) ;
#5488 = EDGE_CURVE ( 'NONE', #1432, #223, #6451, .T. ) ;
#5489 = ORIENTED_EDGE ( 'NONE', *, *, #4574, .T. ) ;
#5490 = CARTESIAN_POINT ( 'NONE',  ( -196.2999999999999261, 11.98081015157800167, 9.299108692923198305 ) ) ;
#5491 = CARTESIAN_POINT ( 'NONE',  ( -196.2999999999999261, 11.58790086329207725, 8.850442502910157216 ) ) ;
#5492 = CARTESIAN_POINT ( 'NONE',  ( -196.2999999999999261, 11.79364194349940043, 15.98147369841009358 ) ) ;
#5493 = CARTESIAN_POINT ( 'NONE',  ( -196.4999999999999147, 12.01384433290461651, 16.87054053371738149 ) ) ;
#5494 = CARTESIAN_POINT ( 'NONE',  ( 0.000000000000000000, 0.000000000000000000, -2.000000000000000000 ) ) ;
#5495 = AXIS2_PLACEMENT_3D ( 'NONE', #859, #6729, #5703 ) ;
#5496 = CYLINDRICAL_SURFACE ( 'NONE', #643, 5.000000000000000888 ) ;
#5497 = CARTESIAN_POINT ( 'NONE',  ( -196.2999999999999261, 12.29516186431838420, 13.20680100061550633 ) ) ;
#5498 = VECTOR ( 'NONE', #3677, 1000.000000000000000 ) ;
#5499 = CARTESIAN_POINT ( 'NONE',  ( -196.4999999999999147, 12.28844444721673312, 9.675726683464338507 ) ) ;
#5500 = CARTESIAN_POINT ( 'NONE',  ( -196.2999999999999261, 12.09002214877946635, 9.374696929116534960 ) ) ;
#5501 = ORIENTED_EDGE ( 'NONE', *, *, #1410, .T. ) ;
#5502 = DIRECTION ( 'NONE',  ( 1.042041300849240371E-32, 1.224646799147353454E-16, -1.000000000000000000 ) ) ;
#5503 = CARTESIAN_POINT ( 'NONE',  ( -196.2999999999999261, 11.77617147970300060, 14.77887757313153472 ) ) ;
#5504 = CIRCLE ( 'NONE', #4832, 3.200000000000003730 ) ;
#5505 = VECTOR ( 'NONE', #5911, 1000.000000000000000 ) ;
#5506 = ORIENTED_EDGE ( 'NONE', *, *, #2095, .F. ) ;
#5507 = ORIENTED_EDGE ( 'NONE', *, *, #5411, .F. ) ;
#5508 = CARTESIAN_POINT ( 'NONE',  ( -196.2999999999999261, 12.00434280382159002, 16.94149651343601803 ) ) ;
#5509 = CARTESIAN_POINT ( 'NONE',  ( -196.2999999999999261, 12.24750770971315461, 8.952076700088788641 ) ) ;
#5510 = VECTOR ( 'NONE', #2866, 1000.000000000000000 ) ;
#5511 = CARTESIAN_POINT ( 'NONE',  ( -196.7746689069325896, 15.99999999999994493, 16.36751929630997893 ) ) ;
#5512 = VECTOR ( 'NONE', #5062, 1000.000000000000000 ) ;
#5513 = CARTESIAN_POINT ( 'NONE',  ( -196.2999999999999261, 11.74784905502451338, 9.030576959871515541 ) ) ;
#5514 = CARTESIAN_POINT ( 'NONE',  ( 7.999999999999998224, 12.00000000000000000, 0.000000000000000000 ) ) ;
#5515 = EDGE_CURVE ( 'NONE', #3929, #1183, #910, .T. ) ;
#5516 = CARTESIAN_POINT ( 'NONE',  ( -196.2999999999999261, 11.59737160890717433, 10.35840276392229065 ) ) ;
#5517 = EDGE_CURVE ( 'NONE', #6772, #3715, #3652, .T. ) ;
#5518 = CARTESIAN_POINT ( 'NONE',  ( -196.2999999999999261, 11.91984414832507078, 15.94240737867010438 ) ) ;
#5519 = CARTESIAN_POINT ( 'NONE',  ( -196.2999999999999261, 11.77639439665461829, 12.26296148512552087 ) ) ;
#5520 = CARTESIAN_POINT ( 'NONE',  ( -7.884036446060050274, 2.043355732742161202, -10.40000000000000036 ) ) ;
#5521 = VERTEX_POINT ( 'NONE', #3554 ) ;
#5522 = DIRECTION ( 'NONE',  ( -3.330669073875469621E-16, 1.000000000000000000, 1.224646799147353947E-16 ) ) ;
#5523 = VECTOR ( 'NONE', #5760, 1000.000000000000000 ) ;
#5524 = EDGE_LOOP ( 'NONE', ( #4055, #4964 ) ) ;
#5525 = DIRECTION ( 'NONE',  ( 0.000000000000000000, 0.000000000000000000, -1.000000000000000000 ) ) ;
#5526 = EDGE_LOOP ( 'NONE', ( #3609, #3049, #4777, #2862 ) ) ;
#5527 = CARTESIAN_POINT ( 'NONE',  ( -199.4999999999999716, 18.49999999999994316, 16.00000000000008527 ) ) ;
#5528 = VECTOR ( 'NONE', #761, 1000.000000000000000 ) ;
#5529 = CARTESIAN_POINT ( 'NONE',  ( -196.2999999999999261, 11.79333239249219467, 12.89591092009841233 ) ) ;
#5530 = CARTESIAN_POINT ( 'NONE',  ( -196.2999999999999261, 11.70602205792521566, 15.84784188697589080 ) ) ;
#5531 = CARTESIAN_POINT ( 'NONE',  ( -196.4999999999999147, 12.28392081025451077, 17.05643015992664502 ) ) ;
#5532 = B_SPLINE_CURVE_WITH_KNOTS ( 'NONE', 3,
 ( #2050, #952, #325, #1980, #6248, #1451, #3590, #3099, #5729, #4190, #6317 ),
 .UNSPECIFIED., .F., .F.,
 ( 4, 1, 1, 1, 1, 1, 1, 1, 4 ),
 ( 0.000000000000000000, 0.1362573959516213962, 0.2619540501111433106, 0.3796376751609947808, 0.4943790325909214189, 0.6098662115170702114, 0.7298874857748375300, 0.8592125479192250781, 1.000000000000000000 ),
 .UNSPECIFIED. ) ;
#5533 = CARTESIAN_POINT ( 'NONE',  ( -196.2999999999999261, 11.95934455662607832, 7.153662228580250471 ) ) ;
#5534 = CARTESIAN_POINT ( 'NONE',  ( -196.2999999999999261, 11.55756569875721240, 10.44188122549322806 ) ) ;
#5535 = DIRECTION ( 'NONE',  ( 2.220446049250312588E-16, -1.000000000000000000, -1.224646799147355919E-16 ) ) ;
#5536 = ORIENTED_EDGE ( 'NONE', *, *, #663, .F. ) ;
#5537 = CARTESIAN_POINT ( 'NONE',  ( -202.2499999999999716, 17.74999999999994316, 16.00000000000008527 ) ) ;
#5538 = CARTESIAN_POINT ( 'NONE',  ( -196.2999999999999261, 12.06953461071261557, 15.61857984676935374 ) ) ;
#5539 = EDGE_CURVE ( 'NONE', #4792, #6199, #4675, .T. ) ;
#5540 = ORIENTED_EDGE ( 'NONE', *, *, #1251, .F. ) ;
#5541 = B_SPLINE_CURVE_WITH_KNOTS ( 'NONE', 3,
 ( #2250, #3344, #2776, #2710, #5477, #36, #4988, #2812, #2219, #1664, #1698 ),
 .UNSPECIFIED., .F., .F.,
 ( 4, 1, 1, 1, 1, 1, 1, 1, 4 ),
 ( 0.000000000000000000, 0.1289191318119616014, 0.2552377249249067614, 0.3786785959785505251, 0.5010878871851327521, 0.6227136794297778444, 0.7462407949383843553, 0.8715890472316698556, 1.000000000000000000 ),
 .UNSPECIFIED. ) ;
#5542 = ORIENTED_EDGE ( 'NONE', *, *, #5041, .F. ) ;
#5543 = CARTESIAN_POINT ( 'NONE',  ( -196.4999999999999147, 11.98429166585292371, 8.308843156067370117 ) ) ;
#5544 = CARTESIAN_POINT ( 'NONE',  ( -196.4999999999999147, 12.05944791773193181, 9.106712811811060959 ) ) ;
#5545 = DIRECTION ( 'NONE',  ( -0.7071067811865452413, -1.096659517119218339E-16, -0.7071067811865499042 ) ) ;
#5546 = CARTESIAN_POINT ( 'NONE',  ( -196.2999999999999261, 11.85873839235254046, 13.83708057540130199 ) ) ;
#5547 = CARTESIAN_POINT ( 'NONE',  ( -196.2999999999999261, 12.29516186431838420, 13.88861189805140484 ) ) ;
#5548 = DIRECTION ( 'NONE',  ( -2.220446049250312588E-16, 1.000000000000000000, 1.224646799147356165E-16 ) ) ;
#5549 = VERTEX_POINT ( 'NONE', #3527 ) ;
#5550 = DATE_AND_TIME ( #6505, #1566 ) ;
#5551 = DIRECTION ( 'NONE',  ( -1.042041300849240371E-32, -1.224646799147353454E-16, 1.000000000000000000 ) ) ;
#5552 = CARTESIAN_POINT ( 'NONE',  ( -196.2999999999999261, 11.82144478861688697, 15.91283374534435069 ) ) ;
#5553 = DIRECTION ( 'NONE',  ( -1.000000000000000000, 0.000000000000000000, 0.000000000000000000 ) ) ;
#5554 = CARTESIAN_POINT ( 'NONE',  ( -196.2999999999999261, 11.92239143826191317, 10.31968438150106238 ) ) ;
#5555 = EDGE_CURVE ( 'NONE', #2629, #6858, #4143, .T. ) ;
#5556 = ORIENTED_EDGE ( 'NONE', *, *, #4747, .T. ) ;
#5557 = FACE_OUTER_BOUND ( 'NONE', #6918, .T. ) ;
#5558 = EDGE_CURVE ( 'NONE', #5029, #30, #5127, .T. ) ;
#5559 = ORIENTED_EDGE ( 'NONE', *, *, #239, .T. ) ;
#5560 = LINE ( 'NONE', #5487, #6627 ) ;
#5561 = ORIENTED_EDGE ( 'NONE', *, *, #322, .T. ) ;
#5562 = PLANE ( 'NONE',  #4680 ) ;
#5563 = CARTESIAN_POINT ( 'NONE',  ( -196.2999999999999261, 11.78789372954883774, 9.047670395572517066 ) ) ;
#5564 = FACE_OUTER_BOUND ( 'NONE', #1757, .T. ) ;
#5565 = CARTESIAN_POINT ( 'NONE',  ( -196.4999999999999147, 12.30853281986863657, 8.635971184421162405 ) ) ;
#5566 = EDGE_CURVE ( 'NONE', #2891, #4558, #980, .T. ) ;
#5567 = EDGE_CURVE ( 'NONE', #4153, #888, #2461, .T. ) ;
#5568 = CARTESIAN_POINT ( 'NONE',  ( -196.7499999999999716, 17.74999999999993960, 4.000000000000072831 ) ) ;
#5569 = CARTESIAN_POINT ( 'NONE',  ( -196.4999999999999147, 11.88714012075614868, 16.01013398766454543 ) ) ;
#5570 = CARTESIAN_POINT ( 'NONE',  ( -203.9999999999999432, 12.99999999999993427, 20.50000000000101252 ) ) ;
#5571 = ORIENTED_EDGE ( 'NONE', *, *, #2475, .T. ) ;
#5572 = LINE ( 'NONE', #697, #6490 ) ;
#5573 = VECTOR ( 'NONE', #6829, 1000.000000000000000 ) ;
#5574 = CARTESIAN_POINT ( 'NONE',  ( -196.2999999999999261, 11.92417251907423825, 15.62997420400150084 ) ) ;
#5575 = CIRCLE ( 'NONE', #1662, 3.199999999999995737 ) ;
#5576 = ORIENTED_EDGE ( 'NONE', *, *, #1177, .F. ) ;
#5577 = CARTESIAN_POINT ( 'NONE',  ( -196.2999999999999261, 12.21369534319472372, 7.703871085392306028 ) ) ;
#5578 = EDGE_CURVE ( 'NONE', #487, #5085, #3619, .T. ) ;
#5579 = CARTESIAN_POINT ( 'NONE',  ( -196.2999999999999261, 12.30852040315628848, 8.803898228168192119 ) ) ;
#5580 = CARTESIAN_POINT ( 'NONE',  ( -196.4999999999999147, 11.78115635848825349, 14.42380278881997491 ) ) ;
#5581 = CARTESIAN_POINT ( 'NONE',  ( -196.2999999999999261, 11.95946036925240819, 13.88469323745651707 ) ) ;
#5582 = CARTESIAN_POINT ( 'NONE',  ( -196.2999999999999261, 11.71180225851163570, 12.92774693943663600 ) ) ;
#5583 = CARTESIAN_POINT ( 'NONE',  ( -199.4999999999999716, 17.74999999999994316, 16.00000000000008527 ) ) ;
#5584 = VERTEX_POINT ( 'NONE', #1942 ) ;
#5585 = CARTESIAN_POINT ( 'NONE',  ( -201.8247553857719936, 12.99999999999993960, -11.74492513199304433 ) ) ;
#5586 = CARTESIAN_POINT ( 'NONE',  ( -196.2999999999999261, 11.74195717319659060, 12.10630906446157695 ) ) ;
#5587 = CARTESIAN_POINT ( 'NONE',  ( -196.2999999999999261, 11.70609009683454893, 14.36297457162767266 ) ) ;
#5588 = CARTESIAN_POINT ( 'NONE',  ( -196.2999999999999261, 11.72425892324183039, 10.50975310924044237 ) ) ;
#5589 = VERTEX_POINT ( 'NONE', #5231 ) ;
#5590 = CARTESIAN_POINT ( 'NONE',  ( -189.9999999999999716, -14.00000000000006217, 10.00000000000007461 ) ) ;
#5591 = CIRCLE ( 'NONE', #2563, 6.000000000000000888 ) ;
#5592 = CIRCLE ( 'NONE', #994, 3.200000000000003730 ) ;
#5593 = ORIENTED_EDGE ( 'NONE', *, *, #6899, .F. ) ;
#5594 = CARTESIAN_POINT ( 'NONE',  ( -196.4999999999999147, 11.79248106198219936, 17.08585790593490117 ) ) ;
#5595 = VERTEX_POINT ( 'NONE', #6747 ) ;
#5596 = DIRECTION ( 'NONE',  ( -1.650905733425802936E-16, 0.9913357927840350525, -0.1313519925438843550 ) ) ;
#5597 = CARTESIAN_POINT ( 'NONE',  ( -196.2999999999999261, 11.63222932247492736, 8.930912611414015601 ) ) ;
#5598 = DIRECTION ( 'NONE',  ( -4.556540330232412644E-16, 1.000000000000000000, 1.224646799147353947E-16 ) ) ;
#5599 = CARTESIAN_POINT ( 'NONE',  ( -196.4999999999999147, 12.09265385737078624, 16.88213643691154786 ) ) ;
#5600 = EDGE_CURVE ( 'NONE', #3463, #269, #691, .T. ) ;
#5601 = EDGE_CURVE ( 'NONE', #1482, #4425, #3260, .T. ) ;
#5602 = DIRECTION ( 'NONE',  ( -0.000000000000000000, -0.000000000000000000, -1.000000000000000000 ) ) ;
#5603 = LINE ( 'NONE', #1989, #3149 ) ;
#5604 = ADVANCED_FACE ( 'NONE', ( #1904 ), #5479, .T. ) ;
#5605 = CARTESIAN_POINT ( 'NONE',  ( -194.9999999999999147, 12.99999999999993783, 0.5000000000010169643 ) ) ;
#5606 = ORIENTED_EDGE ( 'NONE', *, *, #937, .F. ) ;
#5607 = DIRECTION ( 'NONE',  ( -1.000000000000000000, -1.665334536937734318E-16, -3.081487911019576818E-32 ) ) ;
#5608 = CARTESIAN_POINT ( 'NONE',  ( 1.734723475976807094E-15, 0.000000000000000000, 20.00000000000000000 ) ) ;
#5609 = AXIS2_PLACEMENT_3D ( 'NONE', #2314, #4074, #6265 ) ;
#5610 = EDGE_LOOP ( 'NONE', ( #3278, #3321, #5148, #1257 ) ) ;
#5611 = DIRECTION ( 'NONE',  ( -1.000000000000000000, -2.220446049250312588E-16, -9.367723249499513438E-31 ) ) ;
#5612 = CARTESIAN_POINT ( 'NONE',  ( -196.2999999999999261, 11.98169753138254201, 9.129309120385867615 ) ) ;
#5613 = CARTESIAN_POINT ( 'NONE',  ( -196.2999999999999261, 11.70493750534402544, 15.42173239083986758 ) ) ;
#5614 = DIRECTION ( 'NONE',  ( 1.665334536937734318E-16, -1.000000000000000000, -1.224646799147353947E-16 ) ) ;
#5615 = DIRECTION ( 'NONE',  ( 0.000000000000000000, 1.000000000000000000, 0.000000000000000000 ) ) ;
#5616 = CARTESIAN_POINT ( 'NONE',  ( -196.4999999999999147, 11.56256165799441504, 8.725109038314458942 ) ) ;
#5617 = CARTESIAN_POINT ( 'NONE',  ( 0.000000000000000000, 0.000000000000000000, -2.000000000000000000 ) ) ;
#5618 = ORIENTED_EDGE ( 'NONE', *, *, #6202, .F. ) ;
#5619 = VECTOR ( 'NONE', #3265, 1000.000000000000114 ) ;
#5620 = B_SPLINE_CURVE_WITH_KNOTS ( 'NONE', 3,
 ( #4168, #1040, #5253, #442, #1464, #2586, #3642, #5742, #376, #2622, #2518, #5782, #3151, #3083, #6800, #1502, #4099, #1994, #2030, #4729, #967, #4760, #404, #4130, #6263, #934, #2550 ),
 .UNSPECIFIED., .F., .F.,
 ( 4, 1, 1, 1, 1, 1, 1, 1, 1, 1, 1, 1, 1, 1, 1, 1, 1, 1, 1, 1, 1, 1, 1, 1, 4 ),
 ( 0.000000000000000000, 0.04202332852592357421, 0.08364491116871133891, 0.1249837954173943083, 0.1662474611728949614, 0.2077015560969877606, 0.2496310707996491907, 0.2917417703321310007, 0.3347428753531980772, 0.3774601685508653937, 0.4195563188419397238, 0.4610441763330334619, 0.5020962839443966486, 0.5428907140755997451, 0.5838008186265049027, 0.6248635833101933157, 0.6662246890691707613, 0.7073991864779365368, 0.7485566775366934156, 0.7896545909521800466, 0.8307397264898324085, 0.8720701422586049079, 0.9139933952421329666, 0.9564981300675882148, 1.000000000000000000 ),
 .UNSPECIFIED. ) ;
#5621 = CIRCLE ( 'NONE', #4944, 3.000000000000002665 ) ;
#5622 = CARTESIAN_POINT ( 'NONE',  ( -201.1000000000000227, 9.999999999999937828, 4.000000000000078160 ) ) ;
#5623 = VECTOR ( 'NONE', #4116, 1000.000000000000000 ) ;
#5624 = CARTESIAN_POINT ( 'NONE',  ( -196.2999999999999261, 11.79683873886835954, 15.88475081073874229 ) ) ;
#5625 = CARTESIAN_POINT ( 'NONE',  ( -202.2253310930673535, 15.99999999999994138, 16.36751929630997893 ) ) ;
#5626 = DIRECTION ( 'NONE',  ( 1.665334536937734318E-16, -1.000000000000000000, -1.224646799147353947E-16 ) ) ;
#5627 = ORIENTED_EDGE ( 'NONE', *, *, #211, .F. ) ;
#5628 = CARTESIAN_POINT ( 'NONE',  ( -196.2999999999999261, 12.29516186431838420, 14.12266638523089135 ) ) ;
#5629 = EDGE_CURVE ( 'NONE', #3302, #6165, #6386, .T. ) ;
#5630 = ORIENTED_EDGE ( 'NONE', *, *, #4538, .F. ) ;
#5631 = CARTESIAN_POINT ( 'NONE',  ( -199.4999999999995168, 8.499999999999937828, 4.000000000001006306 ) ) ;
#5632 = EDGE_LOOP ( 'NONE', ( #3565, #3193, #5892, #1960 ) ) ;
#5633 = DIRECTION ( 'NONE',  ( -0.9237280213470682178, -0.3830490080632377725, 0.000000000000000000 ) ) ;
#5634 = CARTESIAN_POINT ( 'NONE',  ( -196.4999999999999147, 12.05944791773193181, 9.106712811811060959 ) ) ;
#5635 = CARTESIAN_POINT ( 'NONE',  ( -196.4999999999999147, 11.91224670494586135, 9.135936677548118112 ) ) ;
#5636 = DIRECTION ( 'NONE',  ( 0.000000000000000000, -1.224646799147353700E-16, 1.000000000000000000 ) ) ;
#5637 = DIRECTION ( 'NONE',  ( 1.000000000000000000, 0.000000000000000000, 0.000000000000000000 ) ) ;
#5638 = VECTOR ( 'NONE', #2317, 1000.000000000000000 ) ;
#5639 = DIRECTION ( 'NONE',  ( 2.775557561562887900E-16, -1.000000000000000000, -1.224646799147354193E-16 ) ) ;
#5640 = DIRECTION ( 'NONE',  ( -0.000000000000000000, -0.000000000000000000, -1.000000000000000000 ) ) ;
#5641 = DIRECTION ( 'NONE',  ( -1.000000000000000000, -4.556540330232412644E-16, -6.622193831454189973E-32 ) ) ;
#5642 = ORIENTED_EDGE ( 'NONE', *, *, #2424, .F. ) ;
#5643 = ADVANCED_FACE ( 'NONE', ( #4213 ), #1551, .F. ) ;
#5644 = CARTESIAN_POINT ( 'NONE',  ( -196.2999999999999261, 12.18458641056247060, 9.775302942918655091 ) ) ;
#5645 = CARTESIAN_POINT ( 'NONE',  ( -196.2999999999999261, 12.29516186431838598, 11.76145094051935303 ) ) ;
#5646 = EDGE_CURVE ( 'NONE', #1616, #4867, #2599, .T. ) ;
#5647 = EDGE_CURVE ( 'NONE', #1526, #979, #4772, .T. ) ;
#5648 = VERTEX_POINT ( 'NONE', #1083 ) ;
#5649 = CARTESIAN_POINT ( 'NONE',  ( -9.731492488754186709, 1.277257716615685990, -8.400000000000000355 ) ) ;
#5650 = CARTESIAN_POINT ( 'NONE',  ( -196.2999999999999261, 12.31448192903666516, 8.762703384662604122 ) ) ;
#5651 = CARTESIAN_POINT ( 'NONE',  ( -196.2999999999999261, 11.88200119815397215, 14.51229656223614839 ) ) ;
#5652 = CARTESIAN_POINT ( 'NONE',  ( -201.0999999999999091, 15.99999999999993783, 16.00000000000101252 ) ) ;
#5653 = FACE_BOUND ( 'NONE', #1728, .T. ) ;
#5654 = CARTESIAN_POINT ( 'NONE',  ( -196.2999999999999261, 11.72866427695491787, 9.019961523270675130 ) ) ;
#5655 = CARTESIAN_POINT ( 'NONE',  ( -196.2999999999999261, 11.71352374332479584, 10.43885228266678844 ) ) ;
#5656 = ORIENTED_EDGE ( 'NONE', *, *, #1241, .F. ) ;
#5657 = EDGE_CURVE ( 'NONE', #3624, #1563, #3690, .T. ) ;
#5658 = CARTESIAN_POINT ( 'NONE',  ( -196.2999999999999261, 11.56649323088654491, 8.462312927684935815 ) ) ;
#5659 = CARTESIAN_POINT ( 'NONE',  ( -196.4999999999999147, 11.89011829923635055, 9.064963239050447541 ) ) ;
#5660 = CARTESIAN_POINT ( 'NONE',  ( -196.2999999999999261, 11.50293563845479206, 7.768504162813461456 ) ) ;
#5661 = DIRECTION ( 'NONE',  ( 0.000000000000000000, 0.000000000000000000, -1.000000000000000000 ) ) ;
#5662 = ORIENTED_EDGE ( 'NONE', *, *, #4086, .F. ) ;
#5663 = CARTESIAN_POINT ( 'NONE',  ( -196.2999999999999261, 12.29516186431838420, 14.98765035958986580 ) ) ;
#5664 = DIRECTION ( 'NONE',  ( -1.000000000000000000, 0.000000000000000000, 0.000000000000000000 ) ) ;
#5665 = ORIENTED_EDGE ( 'NONE', *, *, #537, .F. ) ;
#5666 = CARTESIAN_POINT ( 'NONE',  ( -196.2999999999999261, 12.14641297402201658, 13.38355300072830545 ) ) ;
#5667 = EDGE_CURVE ( 'NONE', #6099, #5067, #5827, .T. ) ;
#5668 = LINE ( 'NONE', #1212, #5863 ) ;
#5669 = DIRECTION ( 'NONE',  ( -6.162975822039154730E-33, -1.224646799147353454E-16, 1.000000000000000000 ) ) ;
#5670 = DIRECTION ( 'NONE',  ( 1.000000000000000000, 4.570190988960795006E-13, -3.289288533042420874E-15 ) ) ;
#5671 = VERTEX_POINT ( 'NONE', #2108 ) ;
#5672 = SPHERICAL_SURFACE ( 'NONE', #2663, 4.000000000000001776 ) ;
#5673 = CARTESIAN_POINT ( 'NONE',  ( -196.2999999999999261, 11.88200119815397215, 15.54010104941563775 ) ) ;
#5674 = CARTESIAN_POINT ( 'NONE',  ( -196.4999999999999147, 11.91325364997346625, 14.51639456662855743 ) ) ;
#5675 = ORIENTED_EDGE ( 'NONE', *, *, #499, .F. ) ;
#5676 = CARTESIAN_POINT ( 'NONE',  ( -196.2999999999999261, 12.13548128322879727, 9.792753672186929492 ) ) ;
#5677 = CARTESIAN_POINT ( 'NONE',  ( -196.4999999999999147, 12.31551442842094879, 9.561306960150762535 ) ) ;
#5678 = ORIENTED_EDGE ( 'NONE', *, *, #2135, .F. ) ;
#5679 = CARTESIAN_POINT ( 'NONE',  ( -196.2999999999999261, 11.56858288408081847, 8.650658857210324015 ) ) ;
#5680 = LINE ( 'NONE', #2554, #6074 ) ;
#5681 = DIRECTION ( 'NONE',  ( -3.330669073875469621E-16, 1.000000000000000000, 1.224646799147353947E-16 ) ) ;
#5682 = CARTESIAN_POINT ( 'NONE',  ( -196.2999999999999261, 11.87902664336086289, 12.06414854742732068 ) ) ;
#5683 = CARTESIAN_POINT ( 'NONE',  ( -196.4999999999999147, 11.62188413965555789, 8.403748189196303287 ) ) ;
#5684 = DIRECTION ( 'NONE',  ( -0.9237280213470682178, -0.3830490080632377725, 0.000000000000000000 ) ) ;
#5685 = AXIS2_PLACEMENT_3D ( 'NONE', #5214, #5639, #4094 ) ;
#5686 = CARTESIAN_POINT ( 'NONE',  ( -199.4999999999999716, 17.74999999999993960, 4.000000000000072831 ) ) ;
#5687 = EDGE_CURVE ( 'NONE', #3306, #102, #3168, .T. ) ;
#5688 = DIRECTION ( 'NONE',  ( 0.000000000000000000, 1.000000000000000000, 0.000000000000000000 ) ) ;
#5689 = EDGE_CURVE ( 'NONE', #1981, #156, #5338, .T. ) ;
#5690 = CARTESIAN_POINT ( 'NONE',  ( -196.2999999999999261, 12.15602489976583200, 9.704664281433556638 ) ) ;
#5691 = ORIENTED_EDGE ( 'NONE', *, *, #5777, .F. ) ;
#5692 = DIRECTION ( 'NONE',  ( 0.000000000000000000, 1.000000000000000000, 0.000000000000000000 ) ) ;
#5693 = DIRECTION ( 'NONE',  ( -1.665334536937734564E-16, 1.000000000000000000, 1.224646799147353947E-16 ) ) ;
#5694 = VERTEX_POINT ( 'NONE', #4807 ) ;
#5695 = CARTESIAN_POINT ( 'NONE',  ( -196.2999999999999261, 11.98096915598505241, 16.01545484676935516 ) ) ;
#5696 = LINE ( 'NONE', #3367, #1152 ) ;
#5697 = VECTOR ( 'NONE', #2645, 1000.000000000000227 ) ;
#5698 = DIRECTION ( 'NONE',  ( 1.000000000000000000, 1.665334536937734318E-16, 2.655744192374251919E-32 ) ) ;
#5699 = CARTESIAN_POINT ( 'NONE',  ( -202.4999999999999432, 15.99999999999993427, 19.50000000000100897 ) ) ;
#5700 = ADVANCED_FACE ( 'NONE', ( #5373 ), #6102, .T. ) ;
#5701 = EDGE_LOOP ( 'NONE', ( #4909, #917, #5323, #1378 ) ) ;
#5702 = DIRECTION ( 'NONE',  ( 2.220446049250312588E-16, -1.000000000000000000, -1.224646799147356165E-16 ) ) ;
#5703 = DIRECTION ( 'NONE',  ( 0.000000000000000000, 1.000000000000000000, 0.000000000000000000 ) ) ;
#5704 = AXIS2_PLACEMENT_3D ( 'NONE', #826, #5670, #6160 ) ;
#5705 = CARTESIAN_POINT ( 'NONE',  ( -196.4999999999999147, 11.97587739969332787, 14.51948871465905810 ) ) ;
#5706 = ORIENTED_EDGE ( 'NONE', *, *, #365, .T. ) ;
#5707 = CARTESIAN_POINT ( 'NONE',  ( -196.4999999999999147, 12.07663222278527293, 9.803025195588594087 ) ) ;
#5708 = CARTESIAN_POINT ( 'NONE',  ( -196.2999999999999261, 12.29516186431838598, 5.879877923692430564 ) ) ;
#5709 = EDGE_CURVE ( 'NONE', #6560, #6628, #6070, .T. ) ;
#5710 = ORIENTED_EDGE ( 'NONE', *, *, #1361, .T. ) ;
#5711 = CARTESIAN_POINT ( 'NONE',  ( -196.2999999999999261, 11.56256137995136868, 8.709937967536061976 ) ) ;
#5712 = LINE ( 'NONE', #5297, #5286 ) ;
#5713 = CARTESIAN_POINT ( 'NONE',  ( -196.2999999999999261, 11.86560709949424997, 15.25530887756424292 ) ) ;
#5714 = CARTESIAN_POINT ( 'NONE',  ( -202.4999999999999432, 9.999999999999932498, 19.50000000000100897 ) ) ;
#5715 = CARTESIAN_POINT ( 'NONE',  ( -193.0000000000000000, 8.499999999999936051, 18.50000000000008171 ) ) ;
#5716 = CARTESIAN_POINT ( 'NONE',  ( -196.4999999999999147, 11.48117998894379532, 8.704795433326342646 ) ) ;
#5717 = CARTESIAN_POINT ( 'NONE',  ( -193.0000000000000000, 8.499999999999936051, 18.50000000000008171 ) ) ;
#5718 = AXIS2_PLACEMENT_3D ( 'NONE', #4504, #1276, #3812 ) ;
#5719 = CARTESIAN_POINT ( 'NONE',  ( -196.2999999999999261, 11.60223383699920596, 8.422154887394093237 ) ) ;
#5720 = LINE ( 'NONE', #6184, #2147 ) ;
#5721 = CARTESIAN_POINT ( 'NONE',  ( -196.2999999999999261, 11.91688419244598407, 16.95873330436870674 ) ) ;
#5722 = AXIS2_PLACEMENT_3D ( 'NONE', #6167, #2978, #6625 ) ;
#5723 = VERTEX_POINT ( 'NONE', #5015 ) ;
#5724 = CARTESIAN_POINT ( 'NONE',  ( -196.2999999999999261, 11.98081015157800167, 9.807922795487300505 ) ) ;
#5725 = EDGE_CURVE ( 'NONE', #3897, #6946, #103, .T. ) ;
#5726 = AXIS2_PLACEMENT_3D ( 'NONE', #672, #4956, #2358 ) ;
#5727 = EDGE_CURVE ( 'NONE', #6463, #1446, #6355, .T. ) ;
#5728 = AXIS2_PLACEMENT_3D ( 'NONE', #6787, #6188, #6893 ) ;
#5729 = CARTESIAN_POINT ( 'NONE',  ( -196.2999999999999261, 11.77701301615180007, 13.00559561869381753 ) ) ;
#5730 = EDGE_LOOP ( 'NONE', ( #38, #5137, #4958, #4879 ) ) ;
#5731 = CARTESIAN_POINT ( 'NONE',  ( -199.4999999999995168, 8.499999999999937828, 16.00000000000100542 ) ) ;
#5732 = CARTESIAN_POINT ( 'NONE',  ( -196.4999999999999147, 12.18458641056247060, 9.775302942918655091 ) ) ;
#5733 = AXIS2_PLACEMENT_3D ( 'NONE', #4668, #1997, #6267 ) ;
#5734 = LINE ( 'NONE', #922, #991 ) ;
#5735 = LINE ( 'NONE', #6826, #3693 ) ;
#5736 = VERTEX_POINT ( 'NONE', #4948 ) ;
#5737 = LINE ( 'NONE', #3075, #5573 ) ;
#5738 = CARTESIAN_POINT ( 'NONE',  ( -196.4999999999999147, 11.65612315237928343, 7.013738350375122721 ) ) ;
#5739 = CARTESIAN_POINT ( 'NONE',  ( -196.4999999999999147, 11.88200119815397215, 14.51229656223614839 ) ) ;
#5740 = ORIENTED_EDGE ( 'NONE', *, *, #2775, .T. ) ;
#5741 = CARTESIAN_POINT ( 'NONE',  ( -196.2999999999999261, 12.00631213299770472, 9.807752694461935761 ) ) ;
#5742 = CARTESIAN_POINT ( 'NONE',  ( -196.4999999999999147, 11.58782031832974724, 8.586474986539323950 ) ) ;
#5743 = B_SPLINE_CURVE_WITH_KNOTS ( 'NONE', 3,
 ( #394, #6190, #2536, #5173, #1352, #1877, #2506, #1982, #918, #3501, #822, #1389, #5666, #852, #2999, #884, #327, #5208, #2471 ),
 .UNSPECIFIED., .F., .F.,
 ( 4, 1, 1, 1, 1, 1, 1, 1, 1, 1, 1, 1, 1, 1, 1, 1, 4 ),
 ( 0.000000000000000000, 0.06461999134076784612, 0.1274334841444709487, 0.1890041265579407159, 0.2499300706860482502, 0.3106684537406727564, 0.3723289611368250651, 0.4349391099970096874, 0.4995755441940344377, 0.5641912077719245522, 0.6267352169294788666, 0.6881093335614019146, 0.7492936065367514775, 0.8103305278109457221, 0.8719011702244159334, 0.9350459146845313541, 1.000000000000000000 ),
 .UNSPECIFIED. ) ;
#5744 = VECTOR ( 'NONE', #2325, 1000.000000000000000 ) ;
#5745 = ORIENTED_EDGE ( 'NONE', *, *, #2941, .F. ) ;
#5746 = CARTESIAN_POINT ( 'NONE',  ( -196.2999999999999261, 11.74951553710586793, 8.407856410007839898 ) ) ;
#5747 = CARTESIAN_POINT ( 'NONE',  ( -196.2999999999999261, 11.70493750534402544, 12.25563663763473699 ) ) ;
#5748 = EDGE_CURVE ( 'NONE', #6623, #1874, #6562, .T. ) ;
#5749 = CARTESIAN_POINT ( 'NONE',  ( -196.4999999999999147, 12.27131587391870937, 17.03019736980141374 ) ) ;
#5750 = CARTESIAN_POINT ( 'NONE',  ( -196.2999999999999261, 11.77682209939760938, 12.23242761814442403 ) ) ;
#5751 = VECTOR ( 'NONE', #2838, 1000.000000000000000 ) ;
#5752 = CARTESIAN_POINT ( 'NONE',  ( -199.4999999999999147, 12.99999999999993427, 31.74492513199507471 ) ) ;
#5753 =( BOUNDED_CURVE ( )  B_SPLINE_CURVE ( 3, ( #2652, #1610, #3746, #4305 ),
 .UNSPECIFIED., .F., .F. ) 
 B_SPLINE_CURVE_WITH_KNOTS ( ( 4, 4 ),
 ( 0.000000000000000000, 1.570796326794897446 ),
 .UNSPECIFIED. ) 
 CURVE ( )  GEOMETRIC_REPRESENTATION_ITEM ( )  RATIONAL_B_SPLINE_CURVE ( ( 1.000000000000000000, 0.8047378541243648264, 0.8047378541243648264, 1.000000000000000000 ) ) 
 REPRESENTATION_ITEM ( '' )  );
#5754 = CARTESIAN_POINT ( 'NONE',  ( -196.4999999999999147, 11.48850271223911257, 8.632911045317609222 ) ) ;
#5755 = DIRECTION ( 'NONE',  ( -1.000000000000000000, -1.665334536937734318E-16, -3.081487911019576818E-32 ) ) ;
#5756 = ORIENTED_EDGE ( 'NONE', *, *, #4405, .T. ) ;
#5757 = ORIENTED_EDGE ( 'NONE', *, *, #6364, .F. ) ;
#5758 = CARTESIAN_POINT ( 'NONE',  ( -203.4999999999995168, 8.499999999999937828, 2.500000000001004974 ) ) ;
#5759 = DIRECTION ( 'NONE',  ( -1.665334536937734318E-16, 1.000000000000000000, 1.224646799147353947E-16 ) ) ;
#5760 = DIRECTION ( 'NONE',  ( 1.665334536937734318E-16, -1.000000000000000000, -1.224646799147353947E-16 ) ) ;
#5761 = ORIENTED_EDGE ( 'NONE', *, *, #3849, .F. ) ;
#5762 = CARTESIAN_POINT ( 'NONE',  ( 5.971883874145978766, 7.789090853690735727, -9.571572875253810508 ) ) ;
#5763 = OPEN_SHELL ( 'NONE', ( #6672, #3724, #55 ) ) ;
#5764 = CARTESIAN_POINT ( 'NONE',  ( -196.2999999999999261, 11.50141186431838491, 5.879877923692430564 ) ) ;
#5765 = EDGE_CURVE ( 'NONE', #3863, #6199, #5944, .T. ) ;
#5766 = VERTEX_POINT ( 'NONE', #5508 ) ;
#5767 = DIRECTION ( 'NONE',  ( 2.220446049250312588E-16, -1.000000000000000000, -1.224646799147355919E-16 ) ) ;
#5768 = PLANE ( 'NONE',  #6535 ) ;
#5769 = EDGE_CURVE ( 'NONE', #1000, #988, #5831, .T. ) ;
#5770 = CARTESIAN_POINT ( 'NONE',  ( -196.7746689069325896, 17.74999999999993960, 3.632480703690174728 ) ) ;
#5771 = CARTESIAN_POINT ( 'NONE',  ( -196.2999999999999261, 11.71511378739530862, 14.19390035958986473 ) ) ;
#5772 = EDGE_LOOP ( 'NONE', ( #3853, #448 ) ) ;
#5773 = DIRECTION ( 'NONE',  ( 0.000000000000000000, 0.000000000000000000, -1.000000000000000000 ) ) ;
#5774 = CARTESIAN_POINT ( 'NONE',  ( -196.2999999999999261, 12.09265385737078624, 16.88213643691154786 ) ) ;
#5775 = B_SPLINE_CURVE_WITH_KNOTS ( 'NONE', 3,
 ( #4452, #4057, #6251, #6587, #6191, #2472, #4653, #2507, #4618, #364, #3001, #5732, #3070, #6757, #1454, #3595, #5209, #4420, #6555, #5499, #3502, #2837, #694, #2968, #4974, #1390, #4580 ),
 .UNSPECIFIED., .F., .F.,
 ( 4, 1, 1, 1, 1, 1, 1, 1, 1, 1, 1, 1, 1, 1, 1, 1, 1, 1, 1, 1, 1, 1, 1, 1, 4 ),
 ( 0.000000000000000000, 0.05485803544515401031, 0.1070587915426411407, 0.1569783545765237043, 0.2039922771829768555, 0.2484915357868489050, 0.2904833137405230525, 0.3304890042981893927, 0.3678859257629631396, 0.4038581313538707751, 0.4400093433074109828, 0.4762950107796835586, 0.5127922945733479621, 0.5504848246303716275, 0.5883811157748431997, 0.6276453271698536618, 0.6679794644543808335, 0.7084327575000841648, 0.7486023022886340028, 0.7890877771957819364, 0.8294612046317059173, 0.8703710453051781704, 0.9122142271494420029, 0.9555465749316859325, 1.000000000000000000 ),
 .UNSPECIFIED. ) ;
#5776 = DIRECTION ( 'NONE',  ( -0.9914964367057140793, 0.1301338387963396070, 0.000000000000000000 ) ) ;
#5777 = EDGE_CURVE ( 'NONE', #2075, #1183, #675, .T. ) ;
#5778 = EDGE_CURVE ( 'NONE', #1550, #502, #1333, .T. ) ;
#5779 = DIRECTION ( 'NONE',  ( -0.1899215467173094585, -1.518640244168295533E-16, 0.9817992697555365522 ) ) ;
#5780 = ORIENTED_EDGE ( 'NONE', *, *, #3976, .F. ) ;
#5781 = CARTESIAN_POINT ( 'NONE',  ( -196.4999999999999147, 11.58790086329207725, 8.850442502910157216 ) ) ;
#5782 = CARTESIAN_POINT ( 'NONE',  ( -196.4999999999999147, 11.63234163853706526, 8.507058101865423438 ) ) ;
#5783 = EDGE_LOOP ( 'NONE', ( #2349, #1754 ) ) ;
#5784 = CARTESIAN_POINT ( 'NONE',  ( -196.2999999999999261, 11.88200119815397215, 14.51229656223614839 ) ) ;
#5785 = CARTESIAN_POINT ( 'NONE',  ( -196.2999999999999261, 12.02040224893376852, 16.22915676984627709 ) ) ;
#5786 = CARTESIAN_POINT ( 'NONE',  ( -196.4999999999999147, 11.86560709949424997, 15.25530887756424292 ) ) ;
#5787 = ORIENTED_EDGE ( 'NONE', *, *, #3936, .F. ) ;
#5788 = CARTESIAN_POINT ( 'NONE',  ( -100.9999999999999716, 9.999999999999971578, 0.5000000000000768274 ) ) ;
#5789 = DIRECTION ( 'NONE',  ( 0.000000000000000000, 0.000000000000000000, 1.000000000000000000 ) ) ;
#5790 = ORIENTED_EDGE ( 'NONE', *, *, #2604, .F. ) ;
#5791 = ORIENTED_EDGE ( 'NONE', *, *, #3885, .F. ) ;
#5792 = DIRECTION ( 'NONE',  ( -1.000000000000000000, 0.000000000000000000, 0.000000000000000000 ) ) ;
#5793 = CARTESIAN_POINT ( 'NONE',  ( -196.2999999999999261, 11.60223383699920596, 8.422154887394093237 ) ) ;
#5794 = CARTESIAN_POINT ( 'NONE',  ( 10.00000000000000000, -10.00000000000000000, 0.000000000000000000 ) ) ;
#5795 = ORIENTED_EDGE ( 'NONE', *, *, #4312, .F. ) ;
#5796 = LINE ( 'NONE', #4254, #5814 ) ;
#5797 = VECTOR ( 'NONE', #1458, 1000.000000000000000 ) ;
#5798 = CIRCLE ( 'NONE', #3688, 1.499999999999999556 ) ;
#5799 = CARTESIAN_POINT ( 'NONE',  ( 3.759608614608201727, -9.066348570306418608, -8.400000000000000355 ) ) ;
#5800 = VERTEX_POINT ( 'NONE', #378 ) ;
#5801 = CARTESIAN_POINT ( 'NONE',  ( 7.441729550223787015, -0.9767264891767029056, -10.40000000000000036 ) ) ;
#5802 = CARTESIAN_POINT ( 'NONE',  ( -196.4999999999999147, 11.82019838336701767, 12.85252491911760409 ) ) ;
#5803 = CARTESIAN_POINT ( 'NONE',  ( -196.2999999999999261, 12.14808278779595163, 9.313260085150764311 ) ) ;
#5804 = PERSON_AND_ORGANIZATION_ROLE ( 'creator' ) ;
#5805 = ORIENTED_EDGE ( 'NONE', *, *, #1619, .F. ) ;
#5806 = AXIS2_PLACEMENT_3D ( 'NONE', #511, #3706, #6942 ) ;
#5807 = CARTESIAN_POINT ( 'NONE',  ( -196.4999999999999147, 12.06321184856645168, 13.42783673476574791 ) ) ;
#5808 = CARTESIAN_POINT ( 'NONE',  ( -196.2999999999999261, 12.01384433290461651, 16.87054053371738149 ) ) ;
#5809 = CARTESIAN_POINT ( 'NONE',  ( -196.4999999999999147, 11.81035728286878594, 14.47541013663369114 ) ) ;
#5810 = FACE_OUTER_BOUND ( 'NONE', #1200, .T. ) ;
#5811 = ORIENTED_EDGE ( 'NONE', *, *, #4327, .T. ) ;
#5812 = CARTESIAN_POINT ( 'NONE',  ( -196.2999999999999261, 11.72648262392027618, 13.53707779007941348 ) ) ;
#5813 = LINE ( 'NONE', #4633, #2477 ) ;
#5814 = VECTOR ( 'NONE', #3206, 1000.000000000000000 ) ;
#5815 = EDGE_CURVE ( 'NONE', #5225, #2714, #1448, .T. ) ;
#5816 = EDGE_CURVE ( 'NONE', #3643, #4798, #4102, .T. ) ;
#5817 = VECTOR ( 'NONE', #6527, 1000.000000000000000 ) ;
#5818 = ORIENTED_EDGE ( 'NONE', *, *, #3466, .F. ) ;
#5819 = CARTESIAN_POINT ( 'NONE',  ( -196.2999999999999261, 11.84061256514654481, 14.49894955088520909 ) ) ;
#5820 = DIRECTION ( 'NONE',  ( 2.220446049250312588E-16, -1.000000000000000000, -1.224646799147355919E-16 ) ) ;
#5821 = CARTESIAN_POINT ( 'NONE',  ( -196.4999999999999147, 12.30506002265862797, 17.16244547461585057 ) ) ;
#5822 = ORIENTED_EDGE ( 'NONE', *, *, #6344, .F. ) ;
#5823 = DIRECTION ( 'NONE',  ( 0.000000000000000000, 1.000000000000000000, 3.388131789017197412E-16 ) ) ;
#5824 = CARTESIAN_POINT ( 'NONE',  ( -199.4999999999999716, 15.99999999999993783, 4.000000000000072831 ) ) ;
#5825 = ORIENTED_EDGE ( 'NONE', *, *, #4186, .F. ) ;
#5826 = ORIENTED_EDGE ( 'NONE', *, *, #4849, .T. ) ;
#5827 = LINE ( 'NONE', #3203, #228 ) ;
#5828 = CARTESIAN_POINT ( 'NONE',  ( -196.2999999999999261, 11.64319768714010550, 8.386958025275911055 ) ) ;
#5829 = CARTESIAN_POINT ( 'NONE',  ( -196.4999999999999147, 11.88962951822149172, 16.97265579206299435 ) ) ;
#5830 = CARTESIAN_POINT ( 'NONE',  ( 5.971883874145976101, 7.789090853690734839, -8.400000000000000355 ) ) ;
#5831 = CIRCLE ( 'NONE', #5609, 11.00000000000000000 ) ;
#5832 = CARTESIAN_POINT ( 'NONE',  ( -196.2999999999999261, 11.79934335687069691, 13.16930440950917713 ) ) ;
#5833 = CIRCLE ( 'NONE', #4158, 2.750000000000002665 ) ;
#5834 = ORIENTED_EDGE ( 'NONE', *, *, #3403, .T. ) ;
#5835 = CARTESIAN_POINT ( 'NONE',  ( -196.2999999999999261, 11.95744989325059926, 15.22714679284173656 ) ) ;
#5836 = CARTESIAN_POINT ( 'NONE',  ( -196.2999999999999261, 11.92881571047223233, 10.22864845654499355 ) ) ;
#5837 = ADVANCED_FACE ( 'NONE', ( #805 ), #2969, .T. ) ;
#5838 = CARTESIAN_POINT ( 'NONE',  ( -196.4999999999999147, 11.84318955082274805, 15.27094405745989647 ) ) ;
#5839 = CIRCLE ( 'NONE', #684, 3.200000000000003730 ) ;
#5840 = CIRCLE ( 'NONE', #341, 2.999999999999999112 ) ;
#5841 = ORIENTED_EDGE ( 'NONE', *, *, #2945, .F. ) ;
#5842 = FACE_OUTER_BOUND ( 'NONE', #3768, .T. ) ;
#5843 = VECTOR ( 'NONE', #1181, 1000.000000000000000 ) ;
#5844 = CARTESIAN_POINT ( 'NONE',  ( -196.2999999999999261, 12.25622526945217317, 17.00501052644894528 ) ) ;
#5845 = VECTOR ( 'NONE', #5311, 1000.000000000000000 ) ;
#5846 = CARTESIAN_POINT ( 'NONE',  ( -196.4999999999999147, 12.29516186431838420, 13.95984587241037822 ) ) ;
#5847 = CARTESIAN_POINT ( 'NONE',  ( -196.2999999999999261, 11.67186458867736043, 5.951111898051403948 ) ) ;
#5848 = ORIENTED_EDGE ( 'NONE', *, *, #1527, .F. ) ;
#5849 = CARTESIAN_POINT ( 'NONE',  ( -196.4999999999999147, 12.31534883579966966, 9.568308199327974606 ) ) ;
#5850 = LINE ( 'NONE', #3189, #2364 ) ;
#5851 = ORIENTED_EDGE ( 'NONE', *, *, #1318, .F. ) ;
#5852 = CARTESIAN_POINT ( 'NONE',  ( -196.2999999999999261, 12.02026194319945773, 8.167421743331084727 ) ) ;
#5853 = ORIENTED_EDGE ( 'NONE', *, *, #5181, .F. ) ;
#5854 = CARTESIAN_POINT ( 'NONE',  ( -196.2999999999999261, 12.22735823658486609, 12.19518630696819272 ) ) ;
#5855 = EDGE_CURVE ( 'NONE', #4471, #5312, #6879, .T. ) ;
#5856 = LINE ( 'NONE', #57, #5843 ) ;
#5857 = CARTESIAN_POINT ( 'NONE',  ( -196.4999999999999147, 12.00354778178633275, 16.87026253907704287 ) ) ;
#5858 = VERTEX_POINT ( 'NONE', #6875 ) ;
#5859 = PLANE ( 'NONE',  #1681 ) ;
#5860 = EDGE_CURVE ( 'NONE', #5199, #5865, #1075, .T. ) ;
#5861 = CARTESIAN_POINT ( 'NONE',  ( -100.9999999999999716, -10.00000000000003197, 20.00000000000007461 ) ) ;
#5862 = ADVANCED_FACE ( 'NONE', ( #6302 ), #1045, .T. ) ;
#5863 = VECTOR ( 'NONE', #5139, 1000.000000000000000 ) ;
#5864 = ORIENTED_EDGE ( 'NONE', *, *, #5778, .F. ) ;
#5865 = VERTEX_POINT ( 'NONE', #2732 ) ;
#5866 = CARTESIAN_POINT ( 'NONE',  ( -196.2999999999999261, 12.20426494747509594, 13.53818499410921916 ) ) ;
#5867 = CIRCLE ( 'NONE', #3957, 2.750000000000002665 ) ;
#5868 = CARTESIAN_POINT ( 'NONE',  ( 5.971883874145976101, 7.789090853690734839, -8.400000000000000355 ) ) ;
#5869 = CARTESIAN_POINT ( 'NONE',  ( -196.2999999999999261, 11.51222416399787285, 10.35012782353217275 ) ) ;
#5870 = DIRECTION ( 'NONE',  ( -3.330669073875469621E-16, 1.000000000000000000, 1.224646799147353947E-16 ) ) ;
#5871 = EDGE_CURVE ( 'NONE', #1364, #1599, #6619, .T. ) ;
#5872 = CARTESIAN_POINT ( 'NONE',  ( -196.2999999999999261, 11.70530426793139966, 14.80100482005645546 ) ) ;
#5873 = VERTEX_POINT ( 'NONE', #3679 ) ;
#5874 = DIRECTION ( 'NONE',  ( -1.000000000000000000, -3.330669073875469621E-16, -1.020425574104004492E-16 ) ) ;
#5875 = CARTESIAN_POINT ( 'NONE',  ( -196.4999999999999147, 12.30852040315628848, 8.803898228168192119 ) ) ;
#5876 = LINE ( 'NONE', #4751, #4244 ) ;
#5877 = ORIENTED_EDGE ( 'NONE', *, *, #406, .F. ) ;
#5878 = CARTESIAN_POINT ( 'NONE',  ( -196.2999999999999261, 11.88962951822149172, 16.97265579206299435 ) ) ;
#5879 = EDGE_CURVE ( 'NONE', #5299, #2907, #6732, .T. ) ;
#5880 = LINE ( 'NONE', #1564, #3227 ) ;
#5881 = CARTESIAN_POINT ( 'NONE',  ( -196.2999999999999261, 12.11897225546260870, 12.53496602995656950 ) ) ;
#5882 = CARTESIAN_POINT ( 'NONE',  ( -196.4999999999999147, 11.77617147970300238, 12.97735764124050739 ) ) ;
#5883 = PLANE ( 'NONE',  #352 ) ;
#5884 = EDGE_LOOP ( 'NONE', ( #4610, #3948, #1517, #973 ) ) ;
#5885 = CARTESIAN_POINT ( 'NONE',  ( -196.4999999999999147, 12.29684087475261833, 9.658586951752598182 ) ) ;
#5886 = DIRECTION ( 'NONE',  ( 6.162975822039154730E-33, 1.224646799147353454E-16, -1.000000000000000000 ) ) ;
#5887 = VERTEX_POINT ( 'NONE', #4835 ) ;
#5888 = CARTESIAN_POINT ( 'NONE',  ( -196.2999999999999261, 11.95934455662607832, 7.153662228580250471 ) ) ;
#5889 = CARTESIAN_POINT ( 'NONE',  ( -196.2999999999999261, 12.20559616713970108, 12.13993889419037053 ) ) ;
#5890 = DIRECTION ( 'NONE',  ( 6.162975822039154730E-33, 1.224646799147353454E-16, -1.000000000000000000 ) ) ;
#5891 = CARTESIAN_POINT ( 'NONE',  ( -196.2999999999999261, 12.23386581295953413, 9.549789170456008947 ) ) ;
#5892 = ORIENTED_EDGE ( 'NONE', *, *, #6674, .T. ) ;
#5893 = DIRECTION ( 'NONE',  ( 1.000000000000000000, 2.775557561562895788E-16, 3.608224830031761715E-16 ) ) ;
#5894 = CARTESIAN_POINT ( 'NONE',  ( -196.4999999999999147, 12.29516186431838598, 12.69798689805140590 ) ) ;
#5895 = VERTEX_POINT ( 'NONE', #4869 ) ;
#5896 = VERTEX_POINT ( 'NONE', #54 ) ;
#5897 = CARTESIAN_POINT ( 'NONE',  ( -196.2999999999999261, 11.88372641147693543, 12.79845243173841141 ) ) ;
#5898 = CARTESIAN_POINT ( 'NONE',  ( -196.4999999999999147, 11.79140812767901814, 8.315338700907185299 ) ) ;
#5899 = CARTESIAN_POINT ( 'NONE',  ( 5.971883874145976101, 7.789090853690734839, -10.40000000000000036 ) ) ;
#5900 = DIRECTION ( 'NONE',  ( -0.000000000000000000, -0.000000000000000000, -1.000000000000000000 ) ) ;
#5901 = EDGE_CURVE ( 'NONE', #3407, #568, #969, .T. ) ;
#5902 = CARTESIAN_POINT ( 'NONE',  ( -196.2999999999999261, 11.98441433753620267, 9.736645856313865366 ) ) ;
#5903 = ADVANCED_FACE ( 'NONE', ( #5399 ), #3701, .T. ) ;
#5904 = ORIENTED_EDGE ( 'NONE', *, *, #5727, .F. ) ;
#5905 = CARTESIAN_POINT ( 'NONE',  ( -196.2999999999999261, 11.95934455662607832, 6.869998366400763778 ) ) ;
#5906 = CARTESIAN_POINT ( 'NONE',  ( -63.00000000000000000, -1.322726650432315409E-14, 20.00000000000007461 ) ) ;
#5907 = CARTESIAN_POINT ( 'NONE',  ( -196.4999999999999147, 11.79318924409282054, 15.33390818875995265 ) ) ;
#5908 = CALENDAR_DATE ( 2023, 3, 12 ) ;
#5909 = ORIENTED_EDGE ( 'NONE', *, *, #2049, .F. ) ;
#5910 = AXIS2_PLACEMENT_3D ( 'NONE', #4160, #929, #2542 ) ;
#5911 = DIRECTION ( 'NONE',  ( -1.665334536937734318E-16, 1.000000000000000000, 1.224646799147353947E-16 ) ) ;
#5912 = CARTESIAN_POINT ( 'NONE',  ( -196.2999999999999261, 12.29516186431838420, 13.20680100061550633 ) ) ;
#5913 = CARTESIAN_POINT ( 'NONE',  ( -196.2999999999999261, 12.30031203785690508, 12.31840509085515478 ) ) ;
#5914 = CARTESIAN_POINT ( 'NONE',  ( -196.4999999999999147, 11.77649294262598190, 12.96028701710267761 ) ) ;
#5915 = CARTESIAN_POINT ( 'NONE',  ( -210.0000000000000000, 1.547005383792456668, 10.00000000000007638 ) ) ;
#5916 = FACE_OUTER_BOUND ( 'NONE', #944, .T. ) ;
#5917 = CARTESIAN_POINT ( 'NONE',  ( -196.2999999999999261, 11.70590295808737125, 13.68897369238390560 ) ) ;
#5918 = EDGE_CURVE ( 'NONE', #1082, #440, #249, .T. ) ;
#5919 = EDGE_LOOP ( 'NONE', ( #780, #2805, #5257, #4872, #1628, #5507, #10, #2531, #2858 ) ) ;
#5920 = DIRECTION ( 'NONE',  ( -1.000000000000000000, -1.665334536937734318E-16, -3.081487911019576818E-32 ) ) ;
#5921 = CARTESIAN_POINT ( 'NONE',  ( -196.4999999999999147, 11.87825161058563417, 8.373326508322762152 ) ) ;
#5922 = CARTESIAN_POINT ( 'NONE',  ( -4.566734727288104700, -5.956363593998797334, -10.40000000000000036 ) ) ;
#5923 = CARTESIAN_POINT ( 'NONE',  ( -196.2999999999999261, 12.30853281986863657, 8.635971184421162405 ) ) ;
#5924 = EDGE_LOOP ( 'NONE', ( #5761, #1724, #3063, #6012 ) ) ;
#5925 = VECTOR ( 'NONE', #2859, 1000.000000000000000 ) ;
#5926 = DIRECTION ( 'NONE',  ( 1.275603379308184954E-16, -0.7659742538299849635, -0.6428712487501658801 ) ) ;
#5927 = CARTESIAN_POINT ( 'NONE',  ( -196.2999999999999261, 12.30533814636966738, 13.65169533154499426 ) ) ;
#5928 = EDGE_CURVE ( 'NONE', #3223, #5466, #4354, .T. ) ;
#5929 = AXIS2_PLACEMENT_3D ( 'NONE', #3564, #2442, #5637 ) ;
#5930 = EDGE_LOOP ( 'NONE', ( #3634, #6910, #3174, #420 ) ) ;
#5931 = EDGE_LOOP ( 'NONE', ( #5536, #4981 ) ) ;
#5932 = CARTESIAN_POINT ( 'NONE',  ( -196.2999999999999261, 11.77627939031432014, 12.97162727125194515 ) ) ;
#5933 = OPEN_SHELL ( 'NONE', ( #1186, #345 ) ) ;
#5934 = DIRECTION ( 'NONE',  ( -1.000000000000000000, 0.000000000000000000, 0.000000000000000000 ) ) ;
#5935 = CARTESIAN_POINT ( 'NONE',  ( -190.0000000000000000, -10.00000000000000711, 20.00000000000007461 ) ) ;
#5936 = CARTESIAN_POINT ( 'NONE',  ( -196.2999999999999261, 12.00434280382159002, 13.42050292369242825 ) ) ;
#5937 = CARTESIAN_POINT ( 'NONE',  ( -196.2999999999999261, 11.99893665398184694, 13.20680100061550633 ) ) ;
#5938 = VERTEX_POINT ( 'NONE', #5995 ) ;
#5939 = LINE ( 'NONE', #4220, #4118 ) ;
#5940 = CARTESIAN_POINT ( 'NONE',  ( -196.2999999999999261, 12.08050819445615787, 9.373236826687188383 ) ) ;
#5941 = CARTESIAN_POINT ( 'NONE',  ( -60.00000000000000000, -1.322726650432315409E-14, 20.00000000000007461 ) ) ;
#5942 = EDGE_CURVE ( 'NONE', #630, #6002, #1254, .T. ) ;
#5943 = EDGE_CURVE ( 'NONE', #1183, #2075, #1699, .T. ) ;
#5944 = CIRCLE ( 'NONE', #3820, 4.500000000000003553 ) ;
#5945 = ORIENTED_EDGE ( 'NONE', *, *, #4921, .T. ) ;
#5946 = CARTESIAN_POINT ( 'NONE',  ( -196.2999999999999261, 12.06953461071261557, 14.59077535958986438 ) ) ;
#5947 = CARTESIAN_POINT ( 'NONE',  ( -196.4999999999999147, 12.16781432326341061, 13.48945378138575002 ) ) ;
#5948 = CARTESIAN_POINT ( 'NONE',  ( -195.4999999999995168, 5.499999999999936939, 18.50000000000100897 ) ) ;
#5949 = CARTESIAN_POINT ( 'NONE',  ( -196.7499999999999716, 15.99999999999993783, 4.000000000000072831 ) ) ;
#5950 = CARTESIAN_POINT ( 'NONE',  ( -196.2999999999999261, 11.89780985109723233, 9.065054205743711790 ) ) ;
#5951 = VECTOR ( 'NONE', #2073, 1000.000000000000000 ) ;
#5952 = FACE_OUTER_BOUND ( 'NONE', #5346, .T. ) ;
#5953 = B_SPLINE_CURVE_WITH_KNOTS ( 'NONE', 3,
 ( #3186, #5322, #2654, #2127, #614, #4413, #3324, #3881, #2233, #4930, #3987, #122, #3434, #1246, #3954, #159, #1850, #6054, #6514 ),
 .UNSPECIFIED., .F., .F.,
 ( 4, 1, 1, 1, 1, 1, 1, 1, 1, 1, 1, 1, 1, 1, 1, 1, 4 ),
 ( 0.000000000000000000, 0.06241450026327672457, 0.1233382314733137280, 0.1831245376921927237, 0.2417829946389430940, 0.3005788825509774775, 0.3596800748966257899, 0.4188816408500470878, 0.4795306644577831956, 0.5408505357600388308, 0.6023033958983804448, 0.6644632119464731757, 0.7278057226670124891, 0.7928948147812356906, 0.8596723283028320228, 0.9284644007334887927, 1.000000000000000000 ),
 .UNSPECIFIED. ) ;
#5954 = CARTESIAN_POINT ( 'NONE',  ( -196.2999999999999261, 12.29516186431838598, 10.52026253907704501 ) ) ;
#5955 = B_SPLINE_CURVE_WITH_KNOTS ( 'NONE', 3,
 ( #698, #2841, #4907, #4386, #169, #5083, #1891, #833, #2345, #6591, #4034, #5574, #5011, #2449, #5115, #864, #6131, #4523, #5538 ),
 .UNSPECIFIED., .F., .F.,
 ( 4, 1, 1, 1, 1, 1, 1, 1, 1, 1, 1, 1, 1, 1, 1, 1, 4 ),
 ( 0.000000000000000000, 0.06815824415599446018, 0.1347066022023533927, 0.2018649976035951088, 0.2707882662774627747, 0.3400242943604890877, 0.4080827390537191679, 0.4768131952581432520, 0.5473460643070942044, 0.5856397954238941050, 0.6288649531777639190, 0.6771532033637908121, 0.7308028113651054980, 0.7898066155325017546, 0.8543250087420137806, 0.9243651340575433917, 1.000000000000000000 ),
 .UNSPECIFIED. ) ;
#5956 = EDGE_LOOP ( 'NONE', ( #2067, #2478 ) ) ;
#5957 = VECTOR ( 'NONE', #5388, 1000.000000000000000 ) ;
#5958 = AXIS2_PLACEMENT_3D ( 'NONE', #4671, #6807, #4267 ) ;
#5959 = CARTESIAN_POINT ( 'NONE',  ( -21.99999999999999289, -1.734723475976807094E-15, -13.99999999999992895 ) ) ;
#5960 = CARTESIAN_POINT ( 'NONE',  ( -196.4999999999999147, 11.70602205792521566, 15.84784188697589080 ) ) ;
#5961 = CARTESIAN_POINT ( 'NONE',  ( -196.2999999999999261, 11.79815655830268994, 14.60880031624288655 ) ) ;
#5962 = CARTESIAN_POINT ( 'NONE',  ( -196.2999999999999261, 11.98081015157800167, 9.299108692923198305 ) ) ;
#5963 = VERTEX_POINT ( 'NONE', #3366 ) ;
#5964 = DIRECTION ( 'NONE',  ( 0.000000000000000000, 0.000000000000000000, -1.000000000000000000 ) ) ;
#5965 = CARTESIAN_POINT ( 'NONE',  ( -60.00000000000000000, -1.322726650432315409E-14, 20.00000000000007461 ) ) ;
#5966 = ORIENTED_EDGE ( 'NONE', *, *, #5600, .T. ) ;
#5967 = ORIENTED_EDGE ( 'NONE', *, *, #3157, .T. ) ;
#5968 = CARTESIAN_POINT ( 'NONE',  ( -196.4999999999999147, 12.22701794099492822, 13.59430128256975046 ) ) ;
#5969 = EDGE_CURVE ( 'NONE', #5153, #358, #6613, .T. ) ;
#5970 = DIRECTION ( 'NONE',  ( -1.275382920566252412E-18, 0.007658418727755668398, 0.9999706738812844664 ) ) ;
#5971 = PLANE ( 'NONE',  #4517 ) ;
#5972 = CARTESIAN_POINT ( 'NONE',  ( -196.2999999999999261, 11.77727324524534858, 13.62390965878257454 ) ) ;
#5973 = B_SPLINE_CURVE_WITH_KNOTS ( 'NONE', 3,
 ( #3507, #2972, #855, #3003, #6761, #6322, #5281, #6931, #1561, #1525, #5316, #3663, #1063, #3104, #3806 ),
 .UNSPECIFIED., .F., .F.,
 ( 4, 1, 1, 1, 1, 1, 1, 1, 1, 1, 1, 1, 4 ),
 ( 0.000000000000000000, 0.08158934893218340589, 0.1628588951679346419, 0.2454836892755789812, 0.3308071391580116871, 0.4164933737762850363, 0.4998932031606325155, 0.5830481559950204673, 0.6671578520621569419, 0.7513119292929152371, 0.8337847893576174618, 0.9162564885439812290, 1.000000000000000000 ),
 .UNSPECIFIED. ) ;
#5974 = AXIS2_PLACEMENT_3D ( 'NONE', #5836, #1638, #4779 ) ;
#5975 = CARTESIAN_POINT ( 'NONE',  ( -196.2999999999999261, 11.72133715131369236, 14.87358583197805117 ) ) ;
#5976 = ORIENTED_EDGE ( 'NONE', *, *, #56, .T. ) ;
#5977 = CARTESIAN_POINT ( 'NONE',  ( -21.99999999999999289, -3.469446951953614189E-15, 7.285838599102589797E-14 ) ) ;
#5978 = CARTESIAN_POINT ( 'NONE',  ( -196.2999999999999261, 12.06747365638440606, 9.372018154143470170 ) ) ;
#5979 = CARTESIAN_POINT ( 'NONE',  ( -196.2999999999999261, 12.22738778679764415, 12.31540803060878098 ) ) ;
#5980 = VERTEX_POINT ( 'NONE', #130 ) ;
#5981 = LINE ( 'NONE', #4786, #1247 ) ;
#5982 = ORIENTED_EDGE ( 'NONE', *, *, #4745, .T. ) ;
#5983 = CARTESIAN_POINT ( 'NONE',  ( -196.2999999999999261, 11.67022075210796039, 8.116662649311360056 ) ) ;
#5985 = DIRECTION ( 'NONE',  ( 1.000000000000000000, 0.000000000000000000, 0.000000000000000000 ) ) ;
#5984 = B_SPLINE_SURFACE_WITH_KNOTS ( 'NONE', 3, 1, ( 
 ( #4445, #3955 ),
 ( #3918, #4516 ),
 ( #1746, #5988 ),
 ( #3325, #191 ),
 ( #3402, #87 ),
 ( #2832, #5531 ),
 ( #4895, #725 ),
 ( #6618, #6055 ),
 ( #6654, #1851 ),
 ( #6516, #2868 ),
 ( #3988, #6124 ),
 ( #3851, #5005 ),
 ( #1322, #5456 ),
 ( #1248, #2335 ),
 ( #3882, #5599 ),
 ( #650, #6580 ),
 ( #2234, #4931 ),
 ( #3362, #5493 ),
 ( #687, #4970 ) ),
 .UNSPECIFIED., .F., .F., .F.,
 ( 4, 1, 1, 1, 1, 1, 1, 1, 1, 1, 1, 1, 1, 1, 1, 1, 4 ),
 ( 2, 2 ),
 ( 0.000000000000000000, 0.06461999134076792939, 0.1274334841444711153, 0.1890041265579409657, 0.2499300706860451415, 0.3106684537406730340, 0.3723289611368253982, 0.4349391099970086882, 0.4995755441940348263, 0.5641912077719251073, 0.6267352169294783115, 0.6881093335614022477, 0.7492936065367520326, 0.8103305278109450560, 0.8719011702244157114, 0.9350459146845312430, 1.000000000000000000 ),
 ( 0.000000000000000000, 1.000000000000000000 ),
 .UNSPECIFIED. ) ;
#5986 = OPEN_SHELL ( 'NONE', ( #5903, #6506, #3667, #2301, #1029, #4892, #372, #1917, #4975, #1963, #284, #2944, #3296, #6568, #4836, #1398, #6848 ) ) ;
#5987 = CARTESIAN_POINT ( 'NONE',  ( -100.9999999999999716, 9.999999999999968026, 19.50000000000007461 ) ) ;
#5988 = CARTESIAN_POINT ( 'NONE',  ( -196.4999999999999147, 12.30451155038579714, 17.14224494422160916 ) ) ;
#5989 = CARTESIAN_POINT ( 'NONE',  ( -196.2999999999999261, 11.84740545406197576, 10.08268241087191797 ) ) ;
#5990 = EDGE_CURVE ( 'NONE', #5447, #6949, #915, .T. ) ;
#5991 = ORIENTED_EDGE ( 'NONE', *, *, #585, .T. ) ;
#5992 = EDGE_CURVE ( 'NONE', #2036, #5484, #6266, .T. ) ;
#5993 = ADVANCED_FACE ( 'NONE', ( #1887 ), #6657, .F. ) ;
#5994 = FACE_OUTER_BOUND ( 'NONE', #5526, .T. ) ;
#5995 = CARTESIAN_POINT ( 'NONE',  ( -196.4999999999999147, 12.29516186431838598, 12.76922087241037751 ) ) ;
#5996 = EDGE_CURVE ( 'NONE', #1689, #2658, #1853, .T. ) ;
#5997 = DIRECTION ( 'NONE',  ( -1.275532009137286503E-16, 0.7659313974733099606, 0.6429223081870643064 ) ) ;
#5998 = DIRECTION ( 'NONE',  ( -6.162975822039154730E-33, -1.224646799147353454E-16, 1.000000000000000000 ) ) ;
#5999 = VERTEX_POINT ( 'NONE', #3509 ) ;
#6000 = CARTESIAN_POINT ( 'NONE',  ( -196.2999999999999261, 12.05109009949466881, 14.19390035958986473 ) ) ;
#6001 = PLANE ( 'NONE',  #794 ) ;
#6002 = VERTEX_POINT ( 'NONE', #829 ) ;
#6003 = VERTEX_POINT ( 'NONE', #3007 ) ;
#6004 = CARTESIAN_POINT ( 'NONE',  ( -196.2999999999999261, 12.19522969588097894, 7.911921843818388922 ) ) ;
#6005 = CARTESIAN_POINT ( 'NONE',  ( -196.2999999999999261, 11.48141981528780065, 8.686559294921615049 ) ) ;
#6006 = CARTESIAN_POINT ( 'NONE',  ( -190.0000000000000000, 9.999999999999941380, 0.5000000000000768274 ) ) ;
#6007 = CARTESIAN_POINT ( 'NONE',  ( -196.2999999999999261, 11.82466782385364290, 12.76922087241037751 ) ) ;
#6008 = EDGE_CURVE ( 'NONE', #6544, #6380, #5603, .T. ) ;
#6009 = CARTESIAN_POINT ( 'NONE',  ( -196.2999999999999261, 11.77617147970300060, 15.40933004708986509 ) ) ;
#6010 = CARTESIAN_POINT ( 'NONE',  ( -196.2999999999999261, 11.86062787526077322, 12.43263499282747730 ) ) ;
#6011 = CARTESIAN_POINT ( 'NONE',  ( -202.2499999999999716, 15.99999999999994493, 16.00000000000008527 ) ) ;
#6012 = ORIENTED_EDGE ( 'NONE', *, *, #2664, .T. ) ;
#6013 = DIRECTION ( 'NONE',  ( -0.000000000000000000, -1.224646799147353700E-16, 1.000000000000000000 ) ) ;
#6014 = EDGE_LOOP ( 'NONE', ( #1684, #4727, #3124, #3241 ) ) ;
#6015 = DIRECTION ( 'NONE',  ( 1.000000000000000000, 0.000000000000000000, 0.000000000000000000 ) ) ;
#6016 = VERTEX_POINT ( 'NONE', #4519 ) ;
#6017 = CARTESIAN_POINT ( 'NONE',  ( -196.2999999999999261, 11.69569152109314736, 8.131570557794500331 ) ) ;
#6018 = CARTESIAN_POINT ( 'NONE',  ( -196.2999999999999261, 11.85630078199258541, 12.81665127697415940 ) ) ;
#6019 = CARTESIAN_POINT ( 'NONE',  ( -196.4999999999999147, 11.75113970153526388, 15.94689189946361552 ) ) ;
#6020 = CARTESIAN_POINT ( 'NONE',  ( -196.4999999999999147, 12.28597881275701376, 8.557777262862883205 ) ) ;
#6021 = CARTESIAN_POINT ( 'NONE',  ( -196.2999999999999261, 11.70493750534402544, 13.65392139324371179 ) ) ;
#6022 = VECTOR ( 'NONE', #3743, 1000.000000000000000 ) ;
#6023 = DIRECTION ( 'NONE',  ( 6.162975822039154730E-33, 1.224646799147353454E-16, -1.000000000000000000 ) ) ;
#6024 = CARTESIAN_POINT ( 'NONE',  ( -196.2999999999999261, 11.52944276831422954, 10.39973447792007732 ) ) ;
#6025 = CARTESIAN_POINT ( 'NONE',  ( -196.2999999999999261, 11.78090258591898021, 14.82092976584849886 ) ) ;
#6026 = APPLICATION_CONTEXT ( 'configuration controlled 3d designs of mechanical parts and assemblies' ) ;
#6027 = CARTESIAN_POINT ( 'NONE',  ( 10.00000000000000000, -10.00000000000000000, 20.00000000000000000 ) ) ;
#6028 = EDGE_LOOP ( 'NONE', ( #5787, #171 ) ) ;
#6029 = PLANE ( 'NONE',  #2346 ) ;
#6030 = CYLINDRICAL_SURFACE ( 'NONE', #3, 3.000000000000002665 ) ;
#6031 = EDGE_CURVE ( 'NONE', #6518, #3927, #1925, .T. ) ;
#6032 = EDGE_CURVE ( 'NONE', #5085, #3751, #6126, .T. ) ;
#6033 = ORIENTED_EDGE ( 'NONE', *, *, #3172, .F. ) ;
#6034 = ORIENTED_EDGE ( 'NONE', *, *, #5128, .T. ) ;
#6035 = CARTESIAN_POINT ( 'NONE',  ( -196.4999999999999147, 11.90178496127351337, 8.301833051897556714 ) ) ;
#6036 = AXIS2_PLACEMENT_3D ( 'NONE', #640, #4888, #3946 ) ;
#6037 = LINE ( 'NONE', #2183, #121 ) ;
#6038 = LINE ( 'NONE', #1224, #3404 ) ;
#6039 = CARTESIAN_POINT ( 'NONE',  ( -196.2999999999999261, 11.71025500601846936, 9.008029006160848340 ) ) ;
#6040 = DIRECTION ( 'NONE',  ( 0.000000000000000000, 0.000000000000000000, 1.000000000000000000 ) ) ;
#6041 = EDGE_CURVE ( 'NONE', #732, #883, #2513, .T. ) ;
#6042 = CARTESIAN_POINT ( 'NONE',  ( -196.2999999999999261, 11.67597285442769461, 10.43362871484358045 ) ) ;
#6043 = VECTOR ( 'NONE', #4235, 1000.000000000000000 ) ;
#6044 = LINE ( 'NONE', #6500, #1132 ) ;
#6045 = CARTESIAN_POINT ( 'NONE',  ( 4.618640106735341533, 1.915245040316188918, -10.40000000000000036 ) ) ;
#6046 = ORIENTED_EDGE ( 'NONE', *, *, #136, .F. ) ;
#6047 = CARTESIAN_POINT ( 'NONE',  ( -196.2999999999999261, 11.74903929836303185, 15.28069645437881618 ) ) ;
#6048 = EDGE_LOOP ( 'NONE', ( #26, #3726, #2669, #3179 ) ) ;
#6049 = DIRECTION ( 'NONE',  ( 0.000000000000000000, 0.000000000000000000, -1.000000000000000000 ) ) ;
#6050 = VERTEX_POINT ( 'NONE', #5738 ) ;
#6051 = DIRECTION ( 'NONE',  ( -1.000000000000000000, -1.665334536937734318E-16, -3.081487911019576818E-32 ) ) ;
#6052 = EDGE_CURVE ( 'NONE', #1758, #1701, #6197, .T. ) ;
#6053 = CARTESIAN_POINT ( 'NONE',  ( -196.2999999999999261, 11.59707457293379740, 8.871559418378939910 ) ) ;
#6054 = CARTESIAN_POINT ( 'NONE',  ( -196.2999999999999261, 11.91694906828135458, 8.108337857198025134 ) ) ;
#6055 = CARTESIAN_POINT ( 'NONE',  ( -196.4999999999999147, 12.25622526945217317, 17.00501052644894528 ) ) ;
#6056 = DIRECTION ( 'NONE',  ( 0.9237280213470682178, 0.3830490080632377725, 0.000000000000000000 ) ) ;
#6057 = VECTOR ( 'NONE', #2938, 1000.000000000000000 ) ;
#6058 = FACE_OUTER_BOUND ( 'NONE', #3656, .T. ) ;
#6059 = CARTESIAN_POINT ( 'NONE',  ( -196.4999999999999147, 11.71165847062806975, 15.87554994545004661 ) ) ;
#6060 = CIRCLE ( 'NONE', #1806, 3.199999999999995737 ) ;
#6061 = CARTESIAN_POINT ( 'NONE',  ( -196.4999999999999147, 11.94039000029382791, 9.135243825291247788 ) ) ;
#6062 = CARTESIAN_POINT ( 'NONE',  ( -196.2999999999999261, 11.70516925565587130, 12.26652037272597617 ) ) ;
#6063 = ORIENTED_EDGE ( 'NONE', *, *, #3131, .F. ) ;
#6064 = DIRECTION ( 'NONE',  ( 0.000000000000000000, 0.000000000000000000, 1.000000000000000000 ) ) ;
#6065 = CARTESIAN_POINT ( 'NONE',  ( -196.2999999999999261, 11.81276309859619467, 15.62583978529246842 ) ) ;
#6066 = VECTOR ( 'NONE', #5970, 1000.000000000000114 ) ;
#6067 = VECTOR ( 'NONE', #5226, 1000.000000000000000 ) ;
#6068 = ORIENTED_EDGE ( 'NONE', *, *, #6275, .T. ) ;
#6069 = EDGE_LOOP ( 'NONE', ( #1893, #699 ) ) ;
#6070 = LINE ( 'NONE', #4982, #4152 ) ;
#6071 = CARTESIAN_POINT ( 'NONE',  ( -196.2999999999999261, 11.79998808083570871, 14.55993353054919481 ) ) ;
#6072 = EDGE_CURVE ( 'NONE', #3878, #1388, #2481, .T. ) ;
#6073 = CARTESIAN_POINT ( 'NONE',  ( -189.9999999999999716, -14.00000000000006217, 20.00000000000007461 ) ) ;
#6074 = VECTOR ( 'NONE', #410, 1000.000000000000000 ) ;
#6075 = CARTESIAN_POINT ( 'NONE',  ( -9.731492488754186709, 1.277257716615685990, -8.400000000000000355 ) ) ;
#6076 = LINE ( 'NONE', #810, #1006 ) ;
#6077 = LINE ( 'NONE', #4326, #6349 ) ;
#6078 = ORIENTED_EDGE ( 'NONE', *, *, #4795, .F. ) ;
#6079 = CARTESIAN_POINT ( 'NONE',  ( -196.2999999999999261, 11.71511378739530862, 13.95984587241037822 ) ) ;
#6080 = CARTESIAN_POINT ( 'NONE',  ( -196.2999999999999261, 11.77679257599332097, 15.82821829846995776 ) ) ;
#6081 = CARTESIAN_POINT ( 'NONE',  ( -199.4999999999999147, 12.99999999999993783, -0.4999999999989839239 ) ) ;
#6082 = EDGE_CURVE ( 'NONE', #6084, #3214, #6508, .T. ) ;
#6083 = DIRECTION ( 'NONE',  ( -1.000000000000000000, -3.330669073875469621E-16, -4.314083075427408311E-32 ) ) ;
#6084 = VERTEX_POINT ( 'NONE', #4658 ) ;
#6085 = LINE ( 'NONE', #3393, #5925 ) ;
#6086 = VECTOR ( 'NONE', #1057, 1000.000000000000000 ) ;
#6087 = VERTEX_POINT ( 'NONE', #6795 ) ;
#6088 = CARTESIAN_POINT ( 'NONE',  ( -196.2999999999999261, 11.61290819473932601, 7.923271543049019705 ) ) ;
#6089 = ORIENTED_EDGE ( 'NONE', *, *, #4934, .F. ) ;
#6090 = CARTESIAN_POINT ( 'NONE',  ( -196.2999999999999261, 11.89700724063121484, 8.179556103586664406 ) ) ;
#6091 = AXIS2_PLACEMENT_3D ( 'NONE', #4871, #2205, #4350 ) ;
#6092 = CARTESIAN_POINT ( 'NONE',  ( -196.2999999999999261, 12.05109009949466703, 15.22170484676935587 ) ) ;
#6093 = CARTESIAN_POINT ( 'NONE',  ( -196.2999999999999261, 11.89796885550428307, 9.136288180102685175 ) ) ;
#6094 = CARTESIAN_POINT ( 'NONE',  ( -196.4999999999999147, 11.98429166585292371, 8.308843156067370117 ) ) ;
#6095 = EDGE_CURVE ( 'NONE', #888, #80, #1395, .T. ) ;
#6096 = DIRECTION ( 'NONE',  ( 0.000000000000000000, 0.000000000000000000, 1.000000000000000000 ) ) ;
#6097 = CARTESIAN_POINT ( 'NONE',  ( -196.2999999999999261, 12.12280800730530217, 13.85904472175797686 ) ) ;
#6098 = FACE_OUTER_BOUND ( 'NONE', #1572, .T. ) ;
#6099 = VERTEX_POINT ( 'NONE', #1459 ) ;
#6100 = CARTESIAN_POINT ( 'NONE',  ( -196.2999999999999261, 11.77721029717653067, 14.35572161580483197 ) ) ;
#6101 = DIRECTION ( 'NONE',  ( 0.000000000000000000, 1.000000000000000000, 0.000000000000000000 ) ) ;
#6102 = B_SPLINE_SURFACE_WITH_KNOTS ( 'NONE', 3, 1, ( 
 ( #6422, #4460 ),
 ( #4393, #733 ),
 ( #3308, #1262 ),
 ( #202, #3413 ),
 ( #1155, #5440 ),
 ( #701, #6595 ),
 ( #1792, #2846 ),
 ( #6531, #2911 ),
 ( #3930, #1730 ),
 ( #172, #1759 ),
 ( #631, #3898 ),
 ( #3997, #2350 ),
 ( #2877, #1825 ),
 ( #6663, #4493 ),
 ( #2770, #5471 ),
 ( #6104, #5543 ),
 ( #3966, #1297 ),
 ( #4910, #4527 ),
 ( #665, #6035 ) ),
 .UNSPECIFIED., .F., .F., .F.,
 ( 4, 1, 1, 1, 1, 1, 1, 1, 1, 1, 1, 1, 1, 1, 1, 1, 4 ),
 ( 2, 2 ),
 ( 0.000000000000000000, 0.06581887684330729738, 0.1297465269068318883, 0.1920719544880064300, 0.2534594242982023959, 0.3145695877964205245, 0.3762798811880262995, 0.4390256536685597788, 0.5032670288290859162, 0.5674928228792950335, 0.6297047956052447271, 0.6909996492157557402, 0.7514516509174470338, 0.8120043642646945781, 0.8731496810680428045, 0.9356354837317855111, 1.000000000000000000 ),
 ( 0.000000000000000000, 1.000000000000000000 ),
 .UNSPECIFIED. ) ;
#6103 = ORIENTED_EDGE ( 'NONE', *, *, #2004, .F. ) ;
#6104 = CARTESIAN_POINT ( 'NONE',  ( -196.2999999999999261, 11.98429166585292371, 8.308843156067370117 ) ) ;
#6105 = CARTESIAN_POINT ( 'NONE',  ( -196.4999999999999147, 12.13055987084113063, 9.068639878778080643 ) ) ;
#6106 = CARTESIAN_POINT ( 'NONE',  ( -196.2999999999999261, 11.73435332064851444, 15.30216107673730264 ) ) ;
#6107 = CARTESIAN_POINT ( 'NONE',  ( -196.2999999999999261, 11.77651856617114490, 15.40070851342107439 ) ) ;
#6108 = CARTESIAN_POINT ( 'NONE',  ( -196.2999999999999261, 11.85230439655089363, 9.062391907219680576 ) ) ;
#6109 = LINE ( 'NONE', #2883, #4681 ) ;
#6110 = CARTESIAN_POINT ( 'NONE',  ( -196.2999999999999261, 11.69449124836792109, 10.43803941770588928 ) ) ;
#6111 = CARTESIAN_POINT ( 'NONE',  ( -59.99999999999999289, 3.199999999999984635, 20.00000000000007461 ) ) ;
#6112 = CARTESIAN_POINT ( 'NONE',  ( -196.2999999999999261, 12.99999999999993783, 10.00000000000101075 ) ) ;
#6113 = CARTESIAN_POINT ( 'NONE',  ( -196.2999999999999261, 12.12018652371887306, 9.722557010091414043 ) ) ;
#6114 = ORIENTED_EDGE ( 'NONE', *, *, #6648, .F. ) ;
#6115 = CARTESIAN_POINT ( 'NONE',  ( -196.2999999999999261, 12.09745889818514186, 9.800113946655381270 ) ) ;
#6116 = EDGE_CURVE ( 'NONE', #597, #5736, #626, .T. ) ;
#6117 = EDGE_CURVE ( 'NONE', #1403, #4247, #1529, .T. ) ;
#6118 = EDGE_LOOP ( 'NONE', ( #390, #6608, #3837, #427 ) ) ;
#6119 = DIRECTION ( 'NONE',  ( -0.000000000000000000, -0.000000000000000000, -1.000000000000000000 ) ) ;
#6120 = EDGE_LOOP ( 'NONE', ( #4174, #3268, #4211, #1771 ) ) ;
#6121 = CARTESIAN_POINT ( 'NONE',  ( -196.2999999999999261, 12.10205697869275099, 9.304519557610934299 ) ) ;
#6122 = CARTESIAN_POINT ( 'NONE',  ( -196.4999999999999147, 11.83155348958869624, 12.83952612137649041 ) ) ;
#6123 = PLANE ( 'NONE',  #652 ) ;
#6124 = CARTESIAN_POINT ( 'NONE',  ( -196.4999999999999147, 12.19539593303542802, 16.93784198826577025 ) ) ;
#6125 = CARTESIAN_POINT ( 'NONE',  ( -196.2999999999999261, 12.29516186431838598, 11.01937737281101803 ) ) ;
#6126 = LINE ( 'NONE', #231, #1235 ) ;
#6127 = CARTESIAN_POINT ( 'NONE',  ( -196.2999999999999261, 11.70562366138047494, 12.28786071738911012 ) ) ;
#6128 = VERTEX_POINT ( 'NONE', #475 ) ;
#6129 = CARTESIAN_POINT ( 'NONE',  ( -196.2999999999999261, 11.80671923877841678, 14.28298183238982766 ) ) ;
#6130 = VECTOR ( 'NONE', #3636, 1000.000000000000000 ) ;
#6131 = CARTESIAN_POINT ( 'NONE',  ( -196.2999999999999261, 12.04037788181462254, 15.61876398571430791 ) ) ;
#6132 = VECTOR ( 'NONE', #5043, 1000.000000000000000 ) ;
#6133 = ORIENTED_EDGE ( 'NONE', *, *, #4525, .F. ) ;
#6134 = CARTESIAN_POINT ( 'NONE',  ( -196.2999999999999261, 11.81146017414348215, 8.384317926157580203 ) ) ;
#6135 = CARTESIAN_POINT ( 'NONE',  ( -196.2999999999999261, 12.29516186431838598, 12.76922087241037751 ) ) ;
#6136 = CARTESIAN_POINT ( 'NONE',  ( 10.00000000000000000, -10.00000000000000000, 20.00000000000000000 ) ) ;
#6137 = ADVANCED_FACE ( 'NONE', ( #2162 ), #3184, .F. ) ;
#6138 = LINE ( 'NONE', #6740, #29 ) ;
#6139 = CARTESIAN_POINT ( 'NONE',  ( -59.99999999999999289, -1.387778780781445676E-14, -13.99999999999992895 ) ) ;
#6140 = CARTESIAN_POINT ( 'NONE',  ( -196.2999999999999261, 11.69265588746359619, 8.994990133124268539 ) ) ;
#6141 = CARTESIAN_POINT ( 'NONE',  ( -196.2999999999999261, 11.69347137166341533, 8.443398947224435958 ) ) ;
#6142 = ORIENTED_EDGE ( 'NONE', *, *, #5709, .T. ) ;
#6143 = CARTESIAN_POINT ( 'NONE',  ( -196.2999999999999261, 11.87357898865620065, 8.302195265388313317 ) ) ;
#6144 = CARTESIAN_POINT ( 'NONE',  ( -196.2999999999999261, 12.29516186431838598, 11.01937737281101803 ) ) ;
#6145 = DIRECTION ( 'NONE',  ( 0.6084474286424762512, 0.7935941825507284442, -0.000000000000000000 ) ) ;
#6146 = CARTESIAN_POINT ( 'NONE',  ( -196.2999999999999261, 12.29516186431838420, 15.54734587241037858 ) ) ;
#6147 = VERTEX_POINT ( 'NONE', #6866 ) ;
#6148 = CARTESIAN_POINT ( 'NONE',  ( -196.2999999999999261, 12.15267899223054293, 9.787938240132884715 ) ) ;
#6149 = VECTOR ( 'NONE', #6013, 1000.000000000000000 ) ;
#6150 = AXIS2_PLACEMENT_3D ( 'NONE', #4334, #4818, #2057 ) ;
#6151 = ORIENTED_EDGE ( 'NONE', *, *, #2748, .F. ) ;
#6152 = CARTESIAN_POINT ( 'NONE',  ( -196.2999999999999261, 11.62266358438222547, 7.946028507763932325 ) ) ;
#6153 = EDGE_CURVE ( 'NONE', #953, #4093, #3635, .T. ) ;
#6154 = ORIENTED_EDGE ( 'NONE', *, *, #4312, .T. ) ;
#6155 = PLANE ( 'NONE',  #5458 ) ;
#6156 = CARTESIAN_POINT ( 'NONE',  ( -196.4999999999999147, 11.77863695175911651, 12.94347115896269784 ) ) ;
#6157 = EDGE_CURVE ( 'NONE', #4433, #408, #2131, .T. ) ;
#6158 = EDGE_CURVE ( 'NONE', #2144, #5858, #4381, .T. ) ;
#6159 = CARTESIAN_POINT ( 'NONE',  ( -196.4999999999999147, 11.98096915598505241, 16.01545484676935516 ) ) ;
#6160 = DIRECTION ( 'NONE',  ( -4.570190988960795006E-13, 1.000000000000000000, 1.224646799147353947E-16 ) ) ;
#6161 = CARTESIAN_POINT ( 'NONE',  ( -196.2999999999999261, 11.97699404580877136, 9.736688821128327120 ) ) ;
#6162 = CARTESIAN_POINT ( 'NONE',  ( -196.2999999999999261, 11.95291904832821039, 15.54668625130430826 ) ) ;
#6163 = ADVANCED_FACE ( 'NONE', ( #813 ), #2887, .T. ) ;
#6164 = DIRECTION ( 'NONE',  ( 0.000000000000000000, 1.000000000000000000, 0.000000000000000000 ) ) ;
#6165 = VERTEX_POINT ( 'NONE', #6111 ) ;
#6166 = CARTESIAN_POINT ( 'NONE',  ( -196.2999999999999261, 12.03102074477636663, 9.806777385149192838 ) ) ;
#6167 = CARTESIAN_POINT ( 'NONE',  ( -21.99999999999999289, -1.734723475976807094E-15, -13.99999999999992895 ) ) ;
#6168 = AXIS2_PLACEMENT_3D ( 'NONE', #552, #2696, #3156 ) ;
#6169 = ORIENTED_EDGE ( 'NONE', *, *, #6497, .T. ) ;
#6170 = CARTESIAN_POINT ( 'NONE',  ( -196.4999999999999147, 11.76952027372734300, 8.398384624204703996 ) ) ;
#6171 = CARTESIAN_POINT ( 'NONE',  ( -196.4999999999999147, 12.30852040315628848, 8.803898228168192119 ) ) ;
#6172 = CARTESIAN_POINT ( 'NONE',  ( -196.2999999999999261, 11.77697799280603874, 14.40311881751598833 ) ) ;
#6173 = DIRECTION ( 'NONE',  ( 0.000000000000000000, 1.000000000000000000, 0.000000000000000000 ) ) ;
#6174 = FACE_OUTER_BOUND ( 'NONE', #1187, .T. ) ;
#6175 = CARTESIAN_POINT ( 'NONE',  ( -196.4999999999999147, 11.67619742648780345, 8.980619777385117075 ) ) ;
#6176 = VECTOR ( 'NONE', #3660, 1000.000000000000000 ) ;
#6177 = CARTESIAN_POINT ( 'NONE',  ( -196.2999999999999261, 11.56858288408081847, 8.650658857210324015 ) ) ;
#6178 = AXIS2_PLACEMENT_3D ( 'NONE', #5426, #1174, #4342 ) ;
#6179 = EDGE_CURVE ( 'NONE', #5521, #5438, #290, .T. ) ;
#6180 = VECTOR ( 'NONE', #1405, 999.9999999999998863 ) ;
#6181 = CARTESIAN_POINT ( 'NONE',  ( -196.2999999999999261, 12.03396089633505639, 13.42177005942906298 ) ) ;
#6182 = CIRCLE ( 'NONE', #3165, 1.600000000000018074 ) ;
#6183 = CARTESIAN_POINT ( 'NONE',  ( -196.2999999999999261, 11.77638299746082318, 15.81401634466967465 ) ) ;
#6184 = CARTESIAN_POINT ( 'NONE',  ( -11.99999999999999645, 9.999999999999998224, 10.00000000000007816 ) ) ;
#6185 = CARTESIAN_POINT ( 'NONE',  ( -196.2999999999999261, 11.82867333437629043, 10.47943383041476118 ) ) ;
#6186 = VERTEX_POINT ( 'NONE', #214 ) ;
#6187 = CARTESIAN_POINT ( 'NONE',  ( -196.2999999999999261, 12.26721584205179383, 9.707406489411104289 ) ) ;
#6188 = DIRECTION ( 'NONE',  ( 0.9914964367057143013, -0.1301338387963397736, -0.000000000000000000 ) ) ;
#6189 = VERTEX_POINT ( 'NONE', #6675 ) ;
#6190 = CARTESIAN_POINT ( 'NONE',  ( -196.2999999999999261, 12.30506002265862797, 13.64145188487225901 ) ) ;
#6191 = CARTESIAN_POINT ( 'NONE',  ( -196.4999999999999147, 12.05445972446561242, 9.805222315539861455 ) ) ;
#6192 = CARTESIAN_POINT ( 'NONE',  ( -199.4999999999999147, 12.99999999999993960, -11.74492513199304433 ) ) ;
#6193 = PLANE ( 'NONE',  #3021 ) ;
#6194 = ORIENTED_EDGE ( 'NONE', *, *, #3299, .F. ) ;
#6195 = VECTOR ( 'NONE', #633, 999.9999999999998863 ) ;
#6196 = CARTESIAN_POINT ( 'NONE',  ( -196.2999999999999261, 11.50141186431838491, 9.807922795487300505 ) ) ;
#6197 = LINE ( 'NONE', #2445, #2584 ) ;
#6198 = DIRECTION ( 'NONE',  ( 1.665334536937734318E-16, -1.000000000000000000, -1.224646799147353947E-16 ) ) ;
#6199 = VERTEX_POINT ( 'NONE', #580 ) ;
#6200 = CARTESIAN_POINT ( 'NONE',  ( -196.4999999999999147, 11.72866427695491787, 9.019961523270675130 ) ) ;
#6201 = DIRECTION ( 'NONE',  ( -1.000000000000000000, 0.000000000000000000, 0.000000000000000000 ) ) ;
#6202 = EDGE_CURVE ( 'NONE', #5459, #5299, #1803, .T. ) ;
#6203 = EDGE_CURVE ( 'NONE', #3461, #1842, #1885, .T. ) ;
#6204 = EDGE_CURVE ( 'NONE', #1403, #4703, #6474, .T. ) ;
#6205 = VERTEX_POINT ( 'NONE', #2854 ) ;
#6206 = DIRECTION ( 'NONE',  ( 1.000000000000000000, 0.000000000000000000, 0.000000000000000000 ) ) ;
#6207 = CARTESIAN_POINT ( 'NONE',  ( -196.4999999999999147, 12.24750770971315461, 8.952076700088788641 ) ) ;
#6208 = CARTESIAN_POINT ( 'NONE',  ( -196.2999999999999261, 11.77999597439667667, 13.70211582087624791 ) ) ;
#6209 = DIRECTION ( 'NONE',  ( 0.000000000000000000, 0.000000000000000000, 1.000000000000000000 ) ) ;
#6210 = DIRECTION ( 'NONE',  ( 1.665334536937734318E-16, -1.000000000000000000, -1.224646799147353947E-16 ) ) ;
#6211 = CARTESIAN_POINT ( 'NONE',  ( -196.2999999999999261, 11.56246955662607689, 8.717470571929609946 ) ) ;
#6212 = CARTESIAN_POINT ( 'NONE',  ( -196.2999999999999261, 11.51197932506562260, 8.556129568671254404 ) ) ;
#6213 = CARTESIAN_POINT ( 'NONE',  ( -196.2999999999999261, 11.53003265758761486, 7.940575039077045538 ) ) ;
#6214 = DIRECTION ( 'NONE',  ( 6.162975822039154730E-33, 1.224646799147353454E-16, -1.000000000000000000 ) ) ;
#6215 = EDGE_LOOP ( 'NONE', ( #5834, #5361, #6377, #4758 ) ) ;
#6216 = PRODUCT_DEFINITION ( 'UNKNOWN', '', #4255, #4177 ) ;
#6217 = DIRECTION ( 'NONE',  ( -6.162975822039154730E-33, -1.224646799147353454E-16, 1.000000000000000000 ) ) ;
#6218 = DIRECTION ( 'NONE',  ( 1.734723475976807094E-16, -1.000000000000000000, 0.000000000000000000 ) ) ;
#6219 = VERTEX_POINT ( 'NONE', #6144 ) ;
#6220 = DIRECTION ( 'NONE',  ( 6.162975822039154730E-33, 1.224646799147353454E-16, -1.000000000000000000 ) ) ;
#6221 = CARTESIAN_POINT ( 'NONE',  ( -196.2999999999999261, 11.77679257599332097, 14.80041381129047195 ) ) ;
#6222 = ADVANCED_FACE ( 'NONE', ( #2195 ), #2958, .F. ) ;
#6223 = CARTESIAN_POINT ( 'NONE',  ( -196.2999999999999261, 12.07631882963064740, 12.76925489164509386 ) ) ;
#6224 = CARTESIAN_POINT ( 'NONE',  ( -196.2999999999999261, 11.97699404580877136, 9.370342667282171689 ) ) ;
#6225 = VERTEX_POINT ( 'NONE', #2428 ) ;
#6226 = LINE ( 'NONE', #5144, #6812 ) ;
#6227 = CARTESIAN_POINT ( 'NONE',  ( -196.2999999999999261, 11.84061256514654481, 15.52675403806469667 ) ) ;
#6228 = CARTESIAN_POINT ( 'NONE',  ( -199.4999999999995168, 8.499999999999937828, 17.50000000000100897 ) ) ;
#6229 = ORIENTED_EDGE ( 'NONE', *, *, #5601, .F. ) ;
#6230 = CARTESIAN_POINT ( 'NONE',  ( -196.4999999999999147, 11.66047330837438878, 8.965328518172666961 ) ) ;
#6231 = LINE ( 'NONE', #4237, #1362 ) ;
#6232 = ORIENTED_EDGE ( 'NONE', *, *, #2210, .T. ) ;
#6233 = CARTESIAN_POINT ( 'NONE',  ( -196.4999999999999147, 11.71137653266795731, 8.430411024243985807 ) ) ;
#6234 = CARTESIAN_POINT ( 'NONE',  ( -196.2999999999999261, 12.22280646469203624, 8.985012849882961561 ) ) ;
#6235 = CARTESIAN_POINT ( 'NONE',  ( -196.4999999999999147, 12.29342333340710880, 17.08393350051244752 ) ) ;
#6236 = CARTESIAN_POINT ( 'NONE',  ( 9.731492488754181380, -1.277257716615686878, -1.999999999999998224 ) ) ;
#6237 = DIRECTION ( 'NONE',  ( -1.000000000000000000, -1.665334536937734318E-16, -3.081487911019576818E-32 ) ) ;
#6238 = CARTESIAN_POINT ( 'NONE',  ( -196.4999999999999147, 11.48141981528780065, 8.686559294921615049 ) ) ;
#6239 = EDGE_CURVE ( 'NONE', #6869, #4369, #4568, .T. ) ;
#6240 = DIRECTION ( 'NONE',  ( -3.330669073875469621E-16, 1.000000000000000000, 1.224646799147353947E-16 ) ) ;
#6241 = EDGE_CURVE ( 'NONE', #2826, #5595, #1678, .T. ) ;
#6242 = AXIS2_PLACEMENT_3D ( 'NONE', #3032, #6220, #1418 ) ;
#6243 = CARTESIAN_POINT ( 'NONE',  ( -196.2999999999999261, 12.14474111689676938, 13.46929510482479664 ) ) ;
#6244 = CARTESIAN_POINT ( 'NONE',  ( -196.2999999999999261, 11.52280242995891157, 7.918706288239287794 ) ) ;
#6245 = CARTESIAN_POINT ( 'NONE',  ( -196.2999999999999261, 11.91868119409251392, 10.33908302702775472 ) ) ;
#6246 = ORIENTED_EDGE ( 'NONE', *, *, #3027, .T. ) ;
#6247 = CARTESIAN_POINT ( 'NONE',  ( -196.2999999999999261, 12.00631213299770472, 9.807752694461935761 ) ) ;
#6248 = CARTESIAN_POINT ( 'NONE',  ( -196.2999999999999261, 11.82047453244293145, 13.09369045189918523 ) ) ;
#6249 = ORIENTED_EDGE ( 'NONE', *, *, #4025, .F. ) ;
#6250 = DIRECTION ( 'NONE',  ( -1.000000000000000000, -1.665334536937734318E-16, -3.081487911019576818E-32 ) ) ;
#6251 = CARTESIAN_POINT ( 'NONE',  ( -196.4999999999999147, 12.00631213299770472, 9.807752694461935761 ) ) ;
#6252 = AXIS2_PLACEMENT_3D ( 'NONE', #3563, #5698, #5669 ) ;
#6253 = CARTESIAN_POINT ( 'NONE',  ( -196.4999999999999147, 11.93096634306255233, 16.01416833942009887 ) ) ;
#6254 = FACE_BOUND ( 'NONE', #2416, .T. ) ;
#6255 = CIRCLE ( 'NONE', #5929, 4.000000000000003553 ) ;
#6256 = VERTEX_POINT ( 'NONE', #180 ) ;
#6257 = ADVANCED_FACE ( 'NONE', ( #317 ), #845, .T. ) ;
#6258 = CARTESIAN_POINT ( 'NONE',  ( -203.4999999999995168, 8.499999999999937828, 2.500000000001004974 ) ) ;
#6259 = DIRECTION ( 'NONE',  ( 0.3830490080632378280, -0.9237280213470681067, 0.000000000000000000 ) ) ;
#6260 = CARTESIAN_POINT ( 'NONE',  ( -196.4999999999999147, 11.99188716873256055, 14.51952337142020788 ) ) ;
#6261 = EDGE_LOOP ( 'NONE', ( #6833, #2700, #6649, #5825 ) ) ;
#6262 = CARTESIAN_POINT ( 'NONE',  ( -196.2999999999999261, 12.16904963545119500, 9.782433346203102786 ) ) ;
#6263 = CARTESIAN_POINT ( 'NONE',  ( -196.4999999999999147, 11.87825161058563417, 8.373326508322762152 ) ) ;
#6264 = VERTEX_POINT ( 'NONE', #4606 ) ;
#6265 = DIRECTION ( 'NONE',  ( -0.9237280213470682178, -0.3830490080632377725, 0.000000000000000000 ) ) ;
#6266 = B_SPLINE_CURVE_WITH_KNOTS ( 'NONE', 3,
 ( #4628, #2411, #4027, #6162, #300, #5111, #4588, #5673, #5145, #4126, #6227, #4095, #1327, #1360, #3990, #1425, #5184, #3568, #2375 ),
 .UNSPECIFIED., .F., .F.,
 ( 4, 1, 1, 1, 1, 1, 1, 1, 1, 1, 1, 1, 1, 1, 1, 1, 4 ),
 ( 0.000000000000000000, 0.08252970382206599453, 0.1587788549175700448, 0.2277380621151789131, 0.2899456527966756125, 0.3454988386981369120, 0.3938963373401228596, 0.4363737851900877929, 0.4721222744615229949, 0.5363836155048276044, 0.5990779017254961314, 0.6619482340244550178, 0.7263105423531526217, 0.7917711030502088132, 0.8586473037978579192, 0.9273053338076852059, 1.000000000000000000 ),
 .UNSPECIFIED. ) ;
#6267 = DIRECTION ( 'NONE',  ( 2.220446049250312588E-16, -1.000000000000000000, -1.224646799147355919E-16 ) ) ;
#6268 = FACE_OUTER_BOUND ( 'NONE', #491, .T. ) ;
#6269 = CARTESIAN_POINT ( 'NONE',  ( -196.2999999999999261, 11.78010684207297309, 12.21006210518385515 ) ) ;
#6270 = DIRECTION ( 'NONE',  ( 0.000000000000000000, 1.000000000000000000, 0.000000000000000000 ) ) ;
#6271 = CARTESIAN_POINT ( 'NONE',  ( -196.2999999999999261, 12.00672786992736008, 12.55551894933345558 ) ) ;
#6272 = CARTESIAN_POINT ( 'NONE',  ( -21.99999999999999289, -3.469446951953614189E-15, 7.285838599102589797E-14 ) ) ;
#6273 = ADVANCED_FACE ( 'NONE', ( #1380 ), #1903, .T. ) ;
#6274 = ORIENTED_EDGE ( 'NONE', *, *, #1884, .F. ) ;
#6275 = EDGE_CURVE ( 'NONE', #1929, #1701, #6076, .T. ) ;
#6276 = ORIENTED_EDGE ( 'NONE', *, *, #1090, .F. ) ;
#6277 = DIRECTION ( 'NONE',  ( -1.000000000000000000, -4.556540330232412644E-16, -6.622193831454191068E-32 ) ) ;
#6278 = OPEN_SHELL ( 'NONE', ( #4448, #3633, #2041, #4782 ) ) ;
#6279 = LINE ( 'NONE', #2077, #2933 ) ;
#6280 = LINE ( 'NONE', #3623, #5523 ) ;
#6281 = AXIS2_PLACEMENT_3D ( 'NONE', #6945, #3780, #547 ) ;
#6282 = VERTEX_POINT ( 'NONE', #5547 ) ;
#6283 = FACE_OUTER_BOUND ( 'NONE', #6594, .T. ) ;
#6284 = EDGE_CURVE ( 'NONE', #732, #6050, #5091, .T. ) ;
#6285 = LINE ( 'NONE', #881, #3275 ) ;
#6286 = EDGE_CURVE ( 'NONE', #3984, #1909, #1539, .T. ) ;
#6287 = ORIENTED_EDGE ( 'NONE', *, *, #4451, .F. ) ;
#6288 = DIRECTION ( 'NONE',  ( 0.000000000000000000, 0.000000000000000000, -1.000000000000000000 ) ) ;
#6289 = CARTESIAN_POINT ( 'NONE',  ( -196.4999999999999147, 11.80080048900062550, 12.88086860354151497 ) ) ;
#6290 = DIRECTION ( 'NONE',  ( 6.162975822039154730E-33, 1.224646799147353454E-16, -1.000000000000000000 ) ) ;
#6291 = CARTESIAN_POINT ( 'NONE',  ( -196.2999999999999261, 11.73435332064851444, 14.27435658955781506 ) ) ;
#6292 = ORIENTED_EDGE ( 'NONE', *, *, #3039, .F. ) ;
#6293 = CARTESIAN_POINT ( 'NONE',  ( -202.2253310930673535, 15.99999999999993783, 3.632480703690174728 ) ) ;
#6294 = CARTESIAN_POINT ( 'NONE',  ( -196.2999999999999261, 11.84501520193928847, 10.30103179755562159 ) ) ;
#6295 = CARTESIAN_POINT ( 'NONE',  ( -196.4999999999999147, 11.82447879784266753, 14.48847471289868238 ) ) ;
#6296 = DIRECTION ( 'NONE',  ( 3.330669073875469621E-16, -1.000000000000000000, -1.224646799147353947E-16 ) ) ;
#6297 = ORIENTED_EDGE ( 'NONE', *, *, #4325, .F. ) ;
#6298 = CARTESIAN_POINT ( 'NONE',  ( -196.4999999999999147, 12.11712230096777887, 9.796876530576648534 ) ) ;
#6299 = CARTESIAN_POINT ( 'NONE',  ( -196.2999999999999261, 11.50141186431838491, 11.06262657152896800 ) ) ;
#6300 = CIRCLE ( 'NONE', #3289, 3.199999999999995737 ) ;
#6301 = VERTEX_POINT ( 'NONE', #1438 ) ;
#6302 = FACE_OUTER_BOUND ( 'NONE', #6894, .T. ) ;
#6303 = CARTESIAN_POINT ( 'NONE',  ( -196.2999999999999261, 12.05944791773193181, 9.106712811811060959 ) ) ;
#6304 = CARTESIAN_POINT ( 'NONE',  ( -196.4999999999999147, 12.21771051048599510, 16.95853210263673105 ) ) ;
#6305 = EDGE_LOOP ( 'NONE', ( #4203, #1775, #1260, #5665 ) ) ;
#6306 = VECTOR ( 'NONE', #3147, 1000.000000000000000 ) ;
#6307 = CARTESIAN_POINT ( 'NONE',  ( -196.4999999999999147, 11.56649323088654491, 8.462312927684935815 ) ) ;
#6308 = CARTESIAN_POINT ( 'NONE',  ( 3.759608614608201727, -9.066348570306418608, -10.40000000000000036 ) ) ;
#6309 = ORIENTED_EDGE ( 'NONE', *, *, #2533, .T. ) ;
#6310 = VERTEX_POINT ( 'NONE', #4139 ) ;
#6311 = CARTESIAN_POINT ( 'NONE',  ( -196.4999999999999147, 12.01422841741510439, 13.42092585485375444 ) ) ;
#6312 = CARTESIAN_POINT ( 'NONE',  ( -196.2999999999999261, 11.68934574267832183, 8.356764329205731201 ) ) ;
#6313 = OPEN_SHELL ( 'NONE', ( #5604, #1113, #5476 ) ) ;
#6314 = CARTESIAN_POINT ( 'NONE',  ( -196.4999999999999147, 11.84156475247650420, 17.01004163604472197 ) ) ;
#6315 = ORIENTED_EDGE ( 'NONE', *, *, #3380, .T. ) ;
#6316 = DIRECTION ( 'NONE',  ( 1.000000000000000000, 0.000000000000000000, 0.000000000000000000 ) ) ;
#6317 = CARTESIAN_POINT ( 'NONE',  ( -196.2999999999999261, 11.77617147970300238, 12.97735764124050739 ) ) ;
#6318 = ORIENTED_EDGE ( 'NONE', *, *, #1918, .F. ) ;
#6319 = CARTESIAN_POINT ( 'NONE',  ( -196.2999999999999261, 11.48105930021582033, 12.69798689805140590 ) ) ;
#6320 = CARTESIAN_POINT ( 'NONE',  ( -196.4999999999999147, 11.77863695175911651, 12.94347115896269784 ) ) ;
#6321 = CARTESIAN_POINT ( 'NONE',  ( -196.2999999999999261, 12.27000350772430437, 9.401873960196466484 ) ) ;
#6322 = CARTESIAN_POINT ( 'NONE',  ( -196.2999999999999261, 12.11920865127857638, 13.45190367385953856 ) ) ;
#6323 = EDGE_CURVE ( 'NONE', #156, #2546, #5160, .T. ) ;
#6324 = EDGE_CURVE ( 'NONE', #2242, #1820, #786, .T. ) ;
#6325 = ORIENTED_EDGE ( 'NONE', *, *, #1765, .F. ) ;
#6326 = CARTESIAN_POINT ( 'NONE',  ( -189.9999999999998863, -10.00000000000006217, 10.00000000000007638 ) ) ;
#6327 = DIRECTION ( 'NONE',  ( -1.000000000000000000, -1.665334536937734318E-16, -3.081487911019576818E-32 ) ) ;
#6328 = DIRECTION ( 'NONE',  ( -1.000000000000000000, -1.665334536937734318E-16, -3.081487911019576818E-32 ) ) ;
#6329 = FACE_OUTER_BOUND ( 'NONE', #4521, .T. ) ;
#6330 = VERTEX_POINT ( 'NONE', #6841 ) ;
#6331 = CARTESIAN_POINT ( 'NONE',  ( -196.4999999999999147, 12.30375237903644070, 9.640666996363703944 ) ) ;
#6332 = DIRECTION ( 'NONE',  ( -1.000000000000000000, -1.665334536937734318E-16, -3.081487911019576818E-32 ) ) ;
#6333 = ORIENTED_EDGE ( 'NONE', *, *, #6940, .T. ) ;
#6334 = CARTESIAN_POINT ( 'NONE',  ( -196.2999999999999261, 12.14787055293831841, 12.07309533179989280 ) ) ;
#6335 = CARTESIAN_POINT ( 'NONE',  ( -196.4999999999999147, 11.95934455662607832, 7.153662228580250471 ) ) ;
#6336 = CARTESIAN_POINT ( 'NONE',  ( -196.2999999999999261, 11.95744989325059926, 15.22714679284173656 ) ) ;
#6337 = ORIENTED_EDGE ( 'NONE', *, *, #6241, .F. ) ;
#6338 = CARTESIAN_POINT ( 'NONE',  ( -196.4999999999999147, 11.48432818738014127, 8.659490735747528589 ) ) ;
#6339 = LINE ( 'NONE', #5301, #1126 ) ;
#6340 = VERTEX_POINT ( 'NONE', #942 ) ;
#6341 = B_SPLINE_CURVE_WITH_KNOTS ( 'NONE', 3,
 ( #3095, #493, #2635, #1055, #2146, #6345, #2110, #4290, #1019, #6849, #4251 ),
 .UNSPECIFIED., .F., .F.,
 ( 4, 1, 1, 1, 1, 1, 1, 1, 4 ),
 ( 0.000000000000000000, 0.1788665699309824053, 0.3421413072700149050, 0.4898709911205404444, 0.6233121032799158190, 0.7400556234382872356, 0.8414680041078554940, 0.9289010934037847944, 1.000000000000000000 ),
 .UNSPECIFIED. ) ;
#6342 = VERTEX_POINT ( 'NONE', #904 ) ;
#6343 = CARTESIAN_POINT ( 'NONE',  ( -196.2999999999999261, 11.84353842402882506, 12.82743229340252000 ) ) ;
#6344 = EDGE_CURVE ( 'NONE', #6330, #4433, #4144, .T. ) ;
#6345 = CARTESIAN_POINT ( 'NONE',  ( -196.2999999999999261, 11.94052146165886263, 13.13357478032610892 ) ) ;
#6346 = CARTESIAN_POINT ( 'NONE',  ( -196.4999999999999147, 11.82180686733710573, 17.03287752210779260 ) ) ;
#6347 = DIRECTION ( 'NONE',  ( -0.000000000000000000, 0.000000000000000000, 1.000000000000000000 ) ) ;
#6348 = VECTOR ( 'NONE', #4754, 1000.000000000000000 ) ;
#6349 = VECTOR ( 'NONE', #2743, 1000.000000000000000 ) ;
#6350 = CARTESIAN_POINT ( 'NONE',  ( -196.2999999999999261, 12.09118138243053231, 9.730776155143706418 ) ) ;
#6351 = ORIENTED_EDGE ( 'NONE', *, *, #6674, .F. ) ;
#6353 = VECTOR ( 'NONE', #3365, 1000.000000000000000 ) ;
#6352 = CARTESIAN_POINT ( 'NONE',  ( -196.2999999999999261, 11.77721029717653067, 15.38352610298431955 ) ) ;
#6354 = CARTESIAN_POINT ( 'NONE',  ( -199.4999999999999716, 15.99999999999993783, 4.000000000000072831 ) ) ;
#6355 = B_SPLINE_CURVE_WITH_KNOTS ( 'NONE', 3,
 ( #2808, #5577, #766, #5053, #2247, #242, #2381, #1859, #3864, #6004, #1189 ),
 .UNSPECIFIED., .F., .F.,
 ( 4, 1, 1, 1, 1, 1, 1, 1, 4 ),
 ( 0.000000000000000000, 0.1719006646132678062, 0.3306279320958798729, 0.4755488358809161209, 0.6067461903123609890, 0.7250238034674876264, 0.8297423869584550360, 0.9213228203439730590, 0.9999999999999998890 ),
 .UNSPECIFIED. ) ;
#6356 = CARTESIAN_POINT ( 'NONE',  ( -196.4999999999999147, 11.82347849410305329, 15.28954236093557917 ) ) ;
#6357 = DIRECTION ( 'NONE',  ( 0.000000000000000000, 0.000000000000000000, -1.000000000000000000 ) ) ;
#6358 = ADVANCED_FACE ( 'NONE', ( #4735 ), #6880, .T. ) ;
#6359 = EDGE_LOOP ( 'NONE', ( #5909, #2940, #3392, #3687 ) ) ;
#6360 = CIRCLE ( 'NONE', #873, 1.599999999999990319 ) ;
#6361 = ADVANCED_FACE ( 'NONE', ( #1544, #2985 ), #5122, .T. ) ;
#6362 = CARTESIAN_POINT ( 'NONE',  ( -196.4999999999999147, 12.20426494747509594, 13.53818499410921916 ) ) ;
#6363 = CARTESIAN_POINT ( 'NONE',  ( -196.2999999999999261, 12.03415061760665772, 16.87108877926557682 ) ) ;
#6364 = EDGE_CURVE ( 'NONE', #908, #3897, #6742, .T. ) ;
#6365 = LINE ( 'NONE', #4863, #6743 ) ;
#6366 = CARTESIAN_POINT ( 'NONE',  ( -12.00000000000000178, -8.500000000000005329, 1.500000000000000000 ) ) ;
#6367 = ORIENTED_EDGE ( 'NONE', *, *, #2066, .F. ) ;
#6368 = CARTESIAN_POINT ( 'NONE',  ( -196.2999999999999261, 12.31534883579966966, 9.568308199327974606 ) ) ;
#6369 = CARTESIAN_POINT ( 'NONE',  ( -199.4999999999995168, 8.499999999999937828, 16.00000000000100542 ) ) ;
#6370 = AXIS2_PLACEMENT_3D ( 'NONE', #2630, #4768, #6378 ) ;
#6371 = DIRECTION ( 'NONE',  ( 1.000000000000000000, 0.000000000000000000, 0.000000000000000000 ) ) ;
#6372 = ORIENTED_EDGE ( 'NONE', *, *, #5266, .F. ) ;
#6373 = CARTESIAN_POINT ( 'NONE',  ( -196.2999999999999261, 12.23380874047329137, 12.24506134446777317 ) ) ;
#6374 = EDGE_CURVE ( 'NONE', #940, #6544, #1408, .T. ) ;
#6375 = CARTESIAN_POINT ( 'NONE',  ( -196.2999999999999261, 12.29516186431838598, 11.39892089244242968 ) ) ;
#6376 = CARTESIAN_POINT ( 'NONE',  ( -196.2999999999999261, 11.92073615282284038, 15.23380378076062058 ) ) ;
#6377 = ORIENTED_EDGE ( 'NONE', *, *, #1765, .T. ) ;
#6378 = DIRECTION ( 'NONE',  ( 3.330669073875469621E-16, -1.000000000000000000, -1.224646799147353947E-16 ) ) ;
#6379 = DIRECTION ( 'NONE',  ( 6.162975822039154730E-33, 1.224646799147353454E-16, -1.000000000000000000 ) ) ;
#6380 = VERTEX_POINT ( 'NONE', #5300 ) ;
#6381 = ORIENTED_EDGE ( 'NONE', *, *, #5255, .T. ) ;
#6382 = CARTESIAN_POINT ( 'NONE',  ( -196.2999999999999261, 12.22701794099492822, 13.59430128256975046 ) ) ;
#6383 = CARTESIAN_POINT ( 'NONE',  ( -196.2999999999999261, 11.66562216403330687, 8.371111203525194000 ) ) ;
#6384 = DIRECTION ( 'NONE',  ( 0.000000000000000000, 0.000000000000000000, 1.000000000000000000 ) ) ;
#6385 = CARTESIAN_POINT ( 'NONE',  ( -210.0000000000000000, -10.00000000000006573, 10.00000000000007638 ) ) ;
#6386 = CIRCLE ( 'NONE', #338, 3.200000000000003730 ) ;
#6387 = EDGE_CURVE ( 'NONE', #6882, #4153, #1150, .T. ) ;
#6388 = CARTESIAN_POINT ( 'NONE',  ( -196.2999999999999261, 12.19483008346902686, 13.88861189805140484 ) ) ;
#6389 = VECTOR ( 'NONE', #2726, 1000.000000000000000 ) ;
#6390 = VERTEX_POINT ( 'NONE', #3230 ) ;
#6391 = CARTESIAN_POINT ( 'NONE',  ( -196.2999999999999261, 12.29516186431838420, 15.15047087241037893 ) ) ;
#6392 = CARTESIAN_POINT ( 'NONE',  ( -196.2999999999999261, 11.75239034492146217, 15.55179839582970835 ) ) ;
#6393 = DIRECTION ( 'NONE',  ( 1.000000000000000000, 0.000000000000000000, 0.000000000000000000 ) ) ;
#6394 =( LENGTH_UNIT ( ) NAMED_UNIT ( * ) SI_UNIT ( .MILLI., .METRE. ) );
#6395 = VECTOR ( 'NONE', #5759, 1000.000000000000000 ) ;
#6396 = VECTOR ( 'NONE', #16, 1000.000000000000000 ) ;
#6397 = ORIENTED_EDGE ( 'NONE', *, *, #2956, .T. ) ;
#6398 = CARTESIAN_POINT ( 'NONE',  ( -196.2999999999999261, 12.03595215525806950, 11.95578063734694574 ) ) ;
#6399 = CARTESIAN_POINT ( 'NONE',  ( -196.4999999999999147, 12.00434280382159002, 13.42050292369242825 ) ) ;
#6400 = CIRCLE ( 'NONE', #4841, 2.750000000000002665 ) ;
#6401 = CARTESIAN_POINT ( 'NONE',  ( -196.2999999999999261, 12.00672786992736008, 12.55551894933345558 ) ) ;
#6402 = VECTOR ( 'NONE', #1479, 1000.000000000000000 ) ;
#6403 = LINE ( 'NONE', #1068, #4722 ) ;
#6405 = LINE ( 'NONE', #5847, #3799 ) ;
#6404 = DIRECTION ( 'NONE',  ( -0.6084474286424761402, -0.7935941825507283331, 0.000000000000000000 ) ) ;
#6406 = VERTEX_POINT ( 'NONE', #3264 ) ;
#6407 = CARTESIAN_POINT ( 'NONE',  ( -196.2999999999999261, 11.48105930021582033, 12.76922087241037751 ) ) ;
#6408 = CARTESIAN_POINT ( 'NONE',  ( -100.9999999999999716, -10.00000000000003197, 20.00000000000007461 ) ) ;
#6409 = ORIENTED_EDGE ( 'NONE', *, *, #3885, .T. ) ;
#6410 = DIRECTION ( 'NONE',  ( 0.000000000000000000, 1.000000000000000000, 3.388131789017205794E-16 ) ) ;
#6411 = DIRECTION ( 'NONE',  ( -1.665334536937734318E-16, 1.000000000000000000, 1.224646799147353947E-16 ) ) ;
#6412 = CARTESIAN_POINT ( 'NONE',  ( -196.2999999999999261, 11.90302297833538780, 14.91325700019879896 ) ) ;
#6413 = LINE ( 'NONE', #58, #2843 ) ;
#6414 = ORIENTED_EDGE ( 'NONE', *, *, #261, .T. ) ;
#6415 = CARTESIAN_POINT ( 'NONE',  ( 9.999999999999996447, 10.00000000000000178, 0.000000000000000000 ) ) ;
#6416 = CARTESIAN_POINT ( 'NONE',  ( -196.2999999999999261, 11.82450177587255702, 14.65670078550057553 ) ) ;
#6417 = AXIS2_PLACEMENT_3D ( 'NONE', #4215, #4430, #4915 ) ;
#6418 = EDGE_CURVE ( 'NONE', #2822, #5384, #4589, .T. ) ;
#6419 = EDGE_CURVE ( 'NONE', #1388, #1230, #2793, .T. ) ;
#6420 = EDGE_LOOP ( 'NONE', ( #2377, #5982 ) ) ;
#6421 = EDGE_LOOP ( 'NONE', ( #2995, #512, #1740 ) ) ;
#6422 = CARTESIAN_POINT ( 'NONE',  ( -196.2999999999999261, 12.31551442842095057, 8.720332651256532230 ) ) ;
#6423 = VECTOR ( 'NONE', #2026, 1000.000000000000000 ) ;
#6424 = CARTESIAN_POINT ( 'NONE',  ( -196.4999999999999147, 11.81829832480663711, 8.309305767168304158 ) ) ;
#6425 = CARTESIAN_POINT ( 'NONE',  ( -196.4999999999999147, 11.80547177885430798, 17.05842906409185389 ) ) ;
#6426 = CYLINDRICAL_SURFACE ( 'NONE', #3453, 2.000000000000000000 ) ;
#6427 = CARTESIAN_POINT ( 'NONE',  ( -196.2999999999999261, 11.89729622660992980, 13.20108690456094891 ) ) ;
#6428 = ORIENTED_EDGE ( 'NONE', *, *, #663, .T. ) ;
#6429 = CARTESIAN_POINT ( 'NONE',  ( -196.2999999999999261, 11.82347849410305329, 15.28954236093557917 ) ) ;
#6430 = EDGE_CURVE ( 'NONE', #5766, #1051, #2103, .T. ) ;
#6431 = PLANE ( 'NONE',  #5974 ) ;
#6432 = CARTESIAN_POINT ( 'NONE',  ( -196.2999999999999261, 12.18410694385605630, 9.327007953639810722 ) ) ;
#6433 = COORDINATED_UNIVERSAL_TIME_OFFSET ( 1, 0, .AHEAD. ) ;
#6434 = EDGE_LOOP ( 'NONE', ( #5116, #2282, #2828, #1341 ) ) ;
#6435 = CARTESIAN_POINT ( 'NONE',  ( -196.2999999999999261, 12.06953461071261557, 14.59077535958986438 ) ) ;
#6436 = B_SPLINE_CURVE_WITH_KNOTS ( 'NONE', 3,
 ( #5027, #4886, #1163, #4469, #4435, #6570, #3279, #1233, #6010, #3348, #3943, #1768, #3422, #3389, #5482, #636, #74, #5519, #607 ),
 .UNSPECIFIED., .F., .F.,
 ( 4, 1, 1, 1, 1, 1, 1, 1, 1, 1, 1, 1, 1, 1, 1, 1, 4 ),
 ( 0.000000000000000000, 0.06518479598607231085, 0.1282737271139274549, 0.1902702203927566504, 0.2517683137756834832, 0.3127686945781240069, 0.3747932794097864062, 0.4379695860627108028, 0.5030473998633698818, 0.5681252136640305705, 0.6309497487122621706, 0.6923691093867011537, 0.7529731677502609077, 0.8136410669177469579, 0.8743552086918127131, 0.9365729684654816589, 1.000000000000000000 ),
 .UNSPECIFIED. ) ;
#6437 = CARTESIAN_POINT ( 'NONE',  ( -196.2999999999999261, 12.29516186431838598, 6.490454846769353026 ) ) ;
#6438 = CARTESIAN_POINT ( 'NONE',  ( -196.2999999999999261, 12.21613776657810568, 12.47189138681403620 ) ) ;
#6439 = EDGE_CURVE ( 'NONE', #4018, #2826, #1049, .T. ) ;
#6440 = CARTESIAN_POINT ( 'NONE',  ( -196.2999999999999261, 11.77649294262598190, 12.96028701710267761 ) ) ;
#6441 = CARTESIAN_POINT ( 'NONE',  ( -199.4999999999999147, 12.99999999999993960, -17.94870560657918190 ) ) ;
#6442 = CYLINDRICAL_SURFACE ( 'NONE', #1218, 3.200000000000003730 ) ;
#6443 = CARTESIAN_POINT ( 'NONE',  ( -196.2999999999999261, 12.29516186431838598, 12.69798689805140590 ) ) ;
#6444 = ORIENTED_EDGE ( 'NONE', *, *, #4575, .F. ) ;
#6445 = B_SPLINE_CURVE_WITH_KNOTS ( 'NONE', 3,
 ( #3262, #4314, #2699, #5923, #1114, #1077, #3228, #5366, #4940, #657, #132, #2277, #4838, #4421, #5401, #25, #2173, #3890, #2734 ),
 .UNSPECIFIED., .F., .F.,
 ( 4, 1, 1, 1, 1, 1, 1, 1, 1, 1, 1, 1, 1, 1, 1, 1, 4 ),
 ( 0.000000000000000000, 0.06581887684330729738, 0.1297465269068318883, 0.1920719544880064300, 0.2534594242982023959, 0.3145695877964205245, 0.3762798811880262995, 0.4390256536685597788, 0.5032670288290859162, 0.5674928228792950335, 0.6297047956052447271, 0.6909996492157557402, 0.7514516509174470338, 0.8120043642646945781, 0.8731496810680428045, 0.9356354837317855111, 1.000000000000000000 ),
 .UNSPECIFIED. ) ;
#6446 = CARTESIAN_POINT ( 'NONE',  ( -196.2999999999999261, 11.91811517283370847, 8.179575026443158592 ) ) ;
#6447 = CARTESIAN_POINT ( 'NONE',  ( -196.2999999999999261, 11.99188716873256055, 14.51952337142020788 ) ) ;
#6448 = FACE_BOUND ( 'NONE', #5379, .T. ) ;
#6449 = CARTESIAN_POINT ( 'NONE',  ( -196.2999999999999261, 11.59932823608124508, 7.878583100231218772 ) ) ;
#6450 = ORIENTED_EDGE ( 'NONE', *, *, #1, .F. ) ;
#6451 = B_SPLINE_CURVE_WITH_KNOTS ( 'NONE', 3,
 ( #4007, #741, #6143, #2322, #1343, #3489, #2957, #108, #1193, #3347, #4434, #6569, #282, #5719, #2528, #5658, #2008, #1974, #6814, #6212, #844, #5200, #3022, #4180, #316, #1441, #3094 ),
 .UNSPECIFIED., .F., .F.,
 ( 4, 1, 1, 1, 1, 1, 1, 1, 1, 1, 1, 1, 1, 1, 1, 1, 1, 1, 1, 1, 1, 1, 1, 1, 4 ),
 ( 0.000000000000000000, 0.04320898617133667186, 0.08587287163061858852, 0.1281200066967028983, 0.1701519644541991672, 0.2119176209878612382, 0.2537530026191242016, 0.2960064088559506423, 0.3384433571447836853, 0.3810153681620339072, 0.4228204794407605660, 0.4640890557943131434, 0.5051258486836861517, 0.5459749706852408124, 0.5869852111338598188, 0.6283385916346628797, 0.6700838015912059520, 0.7119916023637221647, 0.7530391548630192000, 0.7940493953116379844, 0.8348855427015819952, 0.8754983129295135225, 0.9165472998303793029, 0.9580037786449605575, 1.000000000000000000 ),
 .UNSPECIFIED. ) ;
#6452 = FACE_OUTER_BOUND ( 'NONE', #6120, .T. ) ;
#6453 = CARTESIAN_POINT ( 'NONE',  ( -196.2999999999999261, 12.05957000583953587, 14.59083829092330120 ) ) ;
#6454 = VERTEX_POINT ( 'NONE', #2667 ) ;
#6455 = ORIENTED_EDGE ( 'NONE', *, *, #5943, .F. ) ;
#6456 = CARTESIAN_POINT ( 'NONE',  ( -196.2999999999999261, 11.78688135118424540, 12.91119246672243648 ) ) ;
#6457 = EDGE_CURVE ( 'NONE', #5800, #3980, #523, .T. ) ;
#6458 = CARTESIAN_POINT ( 'NONE',  ( -200.9999999999999716, 5.999999999999939604, 16.00000000000008527 ) ) ;
#6459 = EDGE_CURVE ( 'NONE', #4703, #2609, #6488, .T. ) ;
#6460 = PLANE ( 'NONE',  #4740 ) ;
#6461 = DIRECTION ( 'NONE',  ( -1.000000000000000000, 0.000000000000000000, 0.000000000000000000 ) ) ;
#6462 = CARTESIAN_POINT ( 'NONE',  ( -196.2999999999999261, 11.97109604995563359, 13.20672131711856245 ) ) ;
#6463 = VERTEX_POINT ( 'NONE', #1690 ) ;
#6464 = LINE ( 'NONE', #1670, #192 ) ;
#6465 = CARTESIAN_POINT ( 'NONE',  ( -196.2999999999999261, 11.50141186431838491, 9.736688821128327120 ) ) ;
#6466 = AXIS2_PLACEMENT_3D ( 'NONE', #2896, #3432, #4478 ) ;
#6467 = CARTESIAN_POINT ( 'NONE',  ( -196.2999999999999261, 11.89780985109723233, 9.065054205743711790 ) ) ;
#6468 = CALENDAR_DATE ( 2023, 3, 12 ) ;
#6469 = VECTOR ( 'NONE', #5264, 1000.000000000000000 ) ;
#6470 = VERTEX_POINT ( 'NONE', #3161 ) ;
#6471 = VECTOR ( 'NONE', #22, 999.9999999999998863 ) ;
#6472 = CARTESIAN_POINT ( 'NONE',  ( -196.2999999999999261, 12.21613923047243588, 12.03874489861560626 ) ) ;
#6473 = CARTESIAN_POINT ( 'NONE',  ( -60.00000000000000000, -1.322726650432315409E-14, 20.00000000000007461 ) ) ;
#6474 = LINE ( 'NONE', #5097, #1014 ) ;
#6475 = LINE ( 'NONE', #4266, #4161 ) ;
#6476 = DIRECTION ( 'NONE',  ( 6.162975822039154730E-33, 1.224646799147353454E-16, -1.000000000000000000 ) ) ;
#6477 = CARTESIAN_POINT ( 'NONE',  ( -196.2999999999999261, 11.70982701101686274, 13.59343870065312032 ) ) ;
#6478 = FACE_OUTER_BOUND ( 'NONE', #4239, .T. ) ;
#6479 = EDGE_CURVE ( 'NONE', #490, #4153, #2243, .T. ) ;
#6480 = B_SPLINE_CURVE_WITH_KNOTS ( 'NONE', 3,
 ( #3333, #797, #1184, #5467, #2802, #3641, #894, #375, #303, #6200, #3046, #2484, #2448, #6230, #4592, #1992, #4033, #4728, #1399, #5781, #6733, #2585, #4695, #5187, #3543, #862, #2517 ),
 .UNSPECIFIED., .F., .F.,
 ( 4, 1, 1, 1, 1, 1, 1, 1, 1, 1, 1, 1, 1, 1, 1, 1, 1, 1, 1, 1, 1, 1, 1, 1, 4 ),
 ( 0.000000000000000000, 0.04291508210104996029, 0.08512997058469928824, 0.1264733185549985761, 0.1674530378853888168, 0.2079763328949881251, 0.2482493780637603231, 0.2887499869834431743, 0.3296698569108731380, 0.3705372867119745006, 0.4111285639171174400, 0.4518189126736376071, 0.4924058769342641861, 0.5334858617420230598, 0.5752630624415514538, 0.6174406128021904250, 0.6606716882923650003, 0.7039402042434883544, 0.7468675221598700675, 0.7890793003947227380, 0.8311040424574036578, 0.8732379898547744101, 0.9151657696593330504, 0.9573806581429823437, 1.000000000000000000 ),
 .UNSPECIFIED. ) ;
#6481 = EDGE_LOOP ( 'NONE', ( #2564, #1261, #2583, #6114, #5167, #2021, #5642, #6956, #4796, #1042, #2660, #1313, #2201, #4070, #6318, #696, #4925, #6133, #6372, #2265 ) ) ;
#6482 = CARTESIAN_POINT ( 'NONE',  ( -196.2999999999999261, 12.04618994975564483, 8.160526887605147550 ) ) ;
#6483 = CARTESIAN_POINT ( 'NONE',  ( -196.2999999999999261, 12.03753500589515824, 13.88753022795859238 ) ) ;
#6484 = DIRECTION ( 'NONE',  ( -6.162975822039154730E-33, -1.224646799147353454E-16, 1.000000000000000000 ) ) ;
#6485 = CARTESIAN_POINT ( 'NONE',  ( -199.4999999999999432, 12.99999999999993960, -18.99999999999899103 ) ) ;
#6486 = ORIENTED_EDGE ( 'NONE', *, *, #2560, .T. ) ;
#6487 = CIRCLE ( 'NONE', #3470, 1.600000000000018074 ) ;
#6488 = LINE ( 'NONE', #97, #5817 ) ;
#6489 = CARTESIAN_POINT ( 'NONE',  ( -196.2999999999999261, 11.80753630764182738, 14.67802494515830425 ) ) ;
#6490 = VECTOR ( 'NONE', #3408, 1000.000000000000000 ) ;
#6491 = EDGE_LOOP ( 'NONE', ( #2209, #3891, #5452, #4784, #5822, #6292 ) ) ;
#6492 = ORIENTED_EDGE ( 'NONE', *, *, #1273, .F. ) ;
#6493 = CARTESIAN_POINT ( 'NONE',  ( -196.2999999999999261, 12.18765571203242182, 13.51257464875491898 ) ) ;
#6494 = LINE ( 'NONE', #1696, #6066 ) ;
#6495 = DIRECTION ( 'NONE',  ( 6.600198957461525047E-13, 1.000000000000000000, 1.224646799147353947E-16 ) ) ;
#6496 = CARTESIAN_POINT ( 'NONE',  ( -196.2999999999999261, 11.88962951822149172, 13.45166220231940457 ) ) ;
#6497 = EDGE_CURVE ( 'NONE', #1929, #3927, #556, .T. ) ;
#6498 = CARTESIAN_POINT ( 'NONE',  ( -196.2999999999999261, 12.29516186431838598, 7.308532521048198838 ) ) ;
#6499 = ORIENTED_EDGE ( 'NONE', *, *, #4416, .F. ) ;
#6500 = CARTESIAN_POINT ( 'NONE',  ( -196.2999999999999261, 12.29516186431838598, 11.01937737281101803 ) ) ;
#6501 = CARTESIAN_POINT ( 'NONE',  ( -199.4999999999999716, 17.74999999999993960, 4.000000000000072831 ) ) ;
#6502 = CARTESIAN_POINT ( 'NONE',  ( -196.4999999999999147, 12.04234263884380418, 15.22173688731413499 ) ) ;
#6503 = EDGE_CURVE ( 'NONE', #4839, #950, #60, .T. ) ;
#6504 = B_SPLINE_CURVE_WITH_KNOTS ( 'NONE', 3,
 ( #1145, #6446, #6948, #1650, #2202, #5852, #6482, #2133, #1043, #1685, #4278, #3192, #1110, #588, #619, #2731, #4868, #5078, #6585, #4552, #3328, #4483, #2870, #726, #5461, #3887, #1289 ),
 .UNSPECIFIED., .F., .F.,
 ( 4, 1, 1, 1, 1, 1, 1, 1, 1, 1, 1, 1, 1, 1, 1, 1, 1, 1, 1, 1, 1, 1, 1, 1, 4 ),
 ( 0.000000000000000000, 0.04608068338724810586, 0.09080679960761649239, 0.1342952705290698656, 0.1770243856662443438, 0.2188227336826557567, 0.2602441163273737645, 0.3010798671134453097, 0.3416138942851572602, 0.3815834185517461008, 0.4201195913296166817, 0.4580746185423138495, 0.4947384876076566518, 0.5311946228937138859, 0.5669336984503785537, 0.6027126507379957365, 0.6383266061284352810, 0.6748532488548246722, 0.7134673707840600843, 0.7544418038483809985, 0.7978153607124995883, 0.8439894562081107221, 0.8930715698796480861, 0.9449633461781440369, 1.000000000000000000 ),
 .UNSPECIFIED. ) ;
#6505 = CALENDAR_DATE ( 2023, 3, 12 ) ;
#6506 = ADVANCED_FACE ( 'NONE', ( #3198 ), #4840, .T. ) ;
#6507 = EDGE_CURVE ( 'NONE', #5589, #2391, #5592, .T. ) ;
#6508 = CIRCLE ( 'NONE', #5383, 3.200000000000003730 ) ;
#6509 = ORIENTED_EDGE ( 'NONE', *, *, #405, .F. ) ;
#6510 = CARTESIAN_POINT ( 'NONE',  ( 9.999999999999996447, 10.00000000000000178, 20.00000000000000000 ) ) ;
#6511 = VERTEX_POINT ( 'NONE', #1623 ) ;
#6512 = CARTESIAN_POINT ( 'NONE',  ( -196.4999999999999147, 15.99999999999994138, 0.5000000000010117462 ) ) ;
#6513 = CARTESIAN_POINT ( 'NONE',  ( -210.0000000000000000, 1.547005383792458444, 1.500000000000079492 ) ) ;
#6514 = CARTESIAN_POINT ( 'NONE',  ( -196.2999999999999261, 11.90814513755556625, 8.108483692923199371 ) ) ;
#6515 = AXIS2_PLACEMENT_3D ( 'NONE', #5608, #5048, #6201 ) ;
#6516 = CARTESIAN_POINT ( 'NONE',  ( -196.2999999999999261, 12.21771051048599510, 16.95853210263673105 ) ) ;
#6517 = DIRECTION ( 'NONE',  ( 1.000000000000000000, 0.000000000000000000, -0.000000000000000000 ) ) ;
#6518 = VERTEX_POINT ( 'NONE', #5436 ) ;
#6519 = VECTOR ( 'NONE', #39, 1000.000000000000000 ) ;
#6520 = VECTOR ( 'NONE', #5239, 1000.000000000000000 ) ;
#6521 = CARTESIAN_POINT ( 'NONE',  ( -199.4999999999999147, 15.99999999999993783, 16.00000000000101252 ) ) ;
#6522 = DIRECTION ( 'NONE',  ( 1.000000000000000000, 0.000000000000000000, 0.000000000000000000 ) ) ;
#6523 = LINE ( 'NONE', #4280, #3947 ) ;
#6524 = CC_DESIGN_DATE_AND_TIME_ASSIGNMENT ( #2646, #4857, ( #6216 ) ) ;
#6525 = CARTESIAN_POINT ( 'NONE',  ( -21.99999999999999289, -3.199999999999999289, 7.246649901529873792E-14 ) ) ;
#6526 = VERTEX_POINT ( 'NONE', #1010 ) ;
#6527 = DIRECTION ( 'NONE',  ( 6.162975822039154730E-33, 1.224646799147353454E-16, -1.000000000000000000 ) ) ;
#6528 = DIRECTION ( 'NONE',  ( 6.162975822039154730E-33, 1.224646799147353454E-16, -1.000000000000000000 ) ) ;
#6529 = ORIENTED_EDGE ( 'NONE', *, *, #1419, .F. ) ;
#6530 = ORIENTED_EDGE ( 'NONE', *, *, #1827, .T. ) ;
#6531 = CARTESIAN_POINT ( 'NONE',  ( -196.2999999999999261, 12.24791926910824280, 8.486490572574997060 ) ) ;
#6532 = CARTESIAN_POINT ( 'NONE',  ( -199.4999999999999147, 12.99999999999993427, 35.00000000000101608 ) ) ;
#6533 = LINE ( 'NONE', #35, #6195 ) ;
#6534 = LINE ( 'NONE', #1763, #5238 ) ;
#6535 = AXIS2_PLACEMENT_3D ( 'NONE', #1559, #1094, #5314 ) ;
#6536 = CARTESIAN_POINT ( 'NONE',  ( -196.2999999999999261, 11.60407412020182782, 10.37343212497709288 ) ) ;
#6537 = DIRECTION ( 'NONE',  ( -1.504623483708379794E-16, 0.9034962347415943507, -0.4285960263555438354 ) ) ;
#6538 = FACE_OUTER_BOUND ( 'NONE', #3267, .T. ) ;
#6539 = VERTEX_POINT ( 'NONE', #4245 ) ;
#6540 = CARTESIAN_POINT ( 'NONE',  ( -196.2999999999999261, 12.23322044770010741, 12.28582175300537571 ) ) ;
#6541 = OPEN_SHELL ( 'NONE', ( #755 ) ) ;
#6542 = VERTEX_POINT ( 'NONE', #27 ) ;
#6543 = CARTESIAN_POINT ( 'NONE',  ( -12.00000000000000000, -1.734723475976807094E-15, 20.00000000000000000 ) ) ;
#6544 = VERTEX_POINT ( 'NONE', #5334 ) ;
#6545 = DIRECTION ( 'NONE',  ( 0.000000000000000000, 0.000000000000000000, 1.000000000000000000 ) ) ;
#6546 = CARTESIAN_POINT ( 'NONE',  ( -196.2999999999999261, 11.89780985109723233, 9.065054205743711790 ) ) ;
#6547 = ADVANCED_FACE ( 'NONE', ( #6452 ), #488, .F. ) ;
#6548 = ADVANCED_FACE ( 'NONE', ( #6916, #1582 ), #5859, .T. ) ;
#6549 = DIRECTION ( 'NONE',  ( 6.162975822039154730E-33, 1.224646799147353454E-16, -1.000000000000000000 ) ) ;
#6550 = CARTESIAN_POINT ( 'NONE',  ( -196.4999999999999147, 12.26882990507477444, 8.521299930614654627 ) ) ;
#6551 = FACE_BOUND ( 'NONE', #6783, .T. ) ;
#6552 =( BOUNDED_CURVE ( )  B_SPLINE_CURVE ( 3, ( #1570, #546, #1647, #2692 ),
 .UNSPECIFIED., .F., .F. ) 
 B_SPLINE_CURVE_WITH_KNOTS ( ( 4, 4 ),
 ( 0.000000000000000000, 1.570796326794897002 ),
 .UNSPECIFIED. ) 
 CURVE ( )  GEOMETRIC_REPRESENTATION_ITEM ( )  RATIONAL_B_SPLINE_CURVE ( ( 1.000000000000000000, 0.8047378541243649375, 0.8047378541243649375, 1.000000000000000000 ) ) 
 REPRESENTATION_ITEM ( '' )  );
#6553 = DIRECTION ( 'NONE',  ( 1.000000000000000000, 2.168404344971008868E-16, -0.000000000000000000 ) ) ;
#6554 = CARTESIAN_POINT ( 'NONE',  ( -196.2999999999999261, 11.51649801540005136, 10.36742558947554649 ) ) ;
#6555 = CARTESIAN_POINT ( 'NONE',  ( -196.4999999999999147, 12.27851173841736632, 9.692041638147523841 ) ) ;
#6556 = CARTESIAN_POINT ( 'NONE',  ( -196.2999999999999261, 11.60324204782357604, 7.892736476955760416 ) ) ;
#6557 = ORIENTED_EDGE ( 'NONE', *, *, #4664, .T. ) ;
#6558 = CARTESIAN_POINT ( 'NONE',  ( -199.4999999999999147, 12.99999999999993605, 19.50000000000101252 ) ) ;
#6559 = CARTESIAN_POINT ( 'NONE',  ( -196.2999999999999261, 11.94301423177925692, 14.59883973339938912 ) ) ;
#6560 = VERTEX_POINT ( 'NONE', #2414 ) ;
#6561 = VERTEX_POINT ( 'NONE', #4487 ) ;
#6562 = LINE ( 'NONE', #139, #1124 ) ;
#6563 = FACE_OUTER_BOUND ( 'NONE', #4699, .T. ) ;
#6564 = DIRECTION ( 'NONE',  ( 1.000000000000000000, -1.845944249609824891E-13, -2.309367043953917382E-13 ) ) ;
#6565 = CARTESIAN_POINT ( 'NONE',  ( -196.4999999999999147, 11.59707457293379740, 8.871559418378939910 ) ) ;
#6566 = CARTESIAN_POINT ( 'NONE',  ( -196.2999999999999261, 11.97458514921122585, 13.42149362984488903 ) ) ;
#6567 = ORIENTED_EDGE ( 'NONE', *, *, #281, .T. ) ;
#6568 = ADVANCED_FACE ( 'NONE', ( #3993, #3440 ), #3892, .F. ) ;
#6569 = CARTESIAN_POINT ( 'NONE',  ( -196.2999999999999261, 11.64319768714010550, 8.386958025275911055 ) ) ;
#6570 = CARTESIAN_POINT ( 'NONE',  ( -196.2999999999999261, 11.91821302657108284, 12.46785522980303718 ) ) ;
#6571 = CARTESIAN_POINT ( 'NONE',  ( -196.4999999999999147, 11.91378605600089813, 12.78484783376119083 ) ) ;
#6572 = VERTEX_POINT ( 'NONE', #199 ) ;
#6573 = CARTESIAN_POINT ( 'NONE',  ( -199.5000000000000000, 9.999999999999936051, 16.00000000000007816 ) ) ;
#6574 = VERTEX_POINT ( 'NONE', #3925 ) ;
#6575 = CARTESIAN_POINT ( 'NONE',  ( -196.2999999999999261, 12.29516186431838420, 14.91641638523089242 ) ) ;
#6576 = ORIENTED_EDGE ( 'NONE', *, *, #3695, .F. ) ;
#6577 = PLANE ( 'NONE',  #6466 ) ;
#6578 = CARTESIAN_POINT ( 'NONE',  ( -196.2999999999999261, 11.76760848498089196, 9.039826483145047220 ) ) ;
#6579 = CARTESIAN_POINT ( 'NONE',  ( -196.2999999999999261, 11.73454370817875692, 15.92531101320832754 ) ) ;
#6580 = CARTESIAN_POINT ( 'NONE',  ( -196.4999999999999147, 12.06397064249872919, 16.87533884485661773 ) ) ;
#6581 = DIRECTION ( 'NONE',  ( -5.473822126268816683E-48, 1.224646799147353947E-16, -1.000000000000000000 ) ) ;
#6582 = EDGE_CURVE ( 'NONE', #44, #1452, #6624, .T. ) ;
#6583 = VECTOR ( 'NONE', #3109, 1000.000000000000000 ) ;
#6584 = ADVANCED_FACE ( 'NONE', ( #6660 ), #6029, .T. ) ;
#6585 = CARTESIAN_POINT ( 'NONE',  ( -196.2999999999999261, 12.26276075382588715, 7.977835815461431501 ) ) ;
#6586 = CARTESIAN_POINT ( 'NONE',  ( -196.2999999999999261, 11.53759882631493561, 10.41465467022161029 ) ) ;
#6587 = CARTESIAN_POINT ( 'NONE',  ( -196.4999999999999147, 12.03102074477636663, 9.806777385149192838 ) ) ;
#6588 = CARTESIAN_POINT ( 'NONE',  ( -196.2999999999999261, 11.81504869807821123, 15.99181028276992755 ) ) ;
#6589 = EDGE_LOOP ( 'NONE', ( #3773, #1127, #4417, #3557 ) ) ;
#6590 = LINE ( 'NONE', #2942, #4253 ) ;
#6591 = CARTESIAN_POINT ( 'NONE',  ( -196.2999999999999261, 11.88862004475878287, 15.64073886392595902 ) ) ;
#6592 = EDGE_CURVE ( 'NONE', #4159, #6205, #5572, .T. ) ;
#6593 = ORIENTED_EDGE ( 'NONE', *, *, #6439, .F. ) ;
#6594 = EDGE_LOOP ( 'NONE', ( #4844, #2114, #6817, #6762 ) ) ;
#6595 = CARTESIAN_POINT ( 'NONE',  ( -196.4999999999999147, 12.28597881275701376, 8.557777262862883205 ) ) ;
#6596 = AXIS2_PLACEMENT_3D ( 'NONE', #4085, #6753, #1871 ) ;
#6597 = CARTESIAN_POINT ( 'NONE',  ( -196.2999999999999261, 11.70493750534402544, 14.39392790366038000 ) ) ;
#6598 = CARTESIAN_POINT ( 'NONE',  ( -196.4999999999999147, 11.55053319736604323, 8.484252686674981447 ) ) ;
#6599 = CARTESIAN_POINT ( 'NONE',  ( -196.2999999999999261, 11.77617147970300238, 15.40933004708986509 ) ) ;
#6600 = CARTESIAN_POINT ( 'NONE',  ( -196.2999999999999261, 11.58010575764530081, 8.829027332104326220 ) ) ;
#6601 = CARTESIAN_POINT ( 'NONE',  ( -199.4999999999999716, 18.49999999999994316, 16.00000000000008527 ) ) ;
#6602 = VERTEX_POINT ( 'NONE', #763 ) ;
#6603 = CARTESIAN_POINT ( 'NONE',  ( -196.2999999999999261, 12.29516186431838598, 5.879877923692430564 ) ) ;
#6604 = VECTOR ( 'NONE', #6954, 1000.000000000000000 ) ;
#6605 = CARTESIAN_POINT ( 'NONE',  ( -196.2999999999999261, 11.72846881719214274, 12.13346096735347857 ) ) ;
#6606 = CARTESIAN_POINT ( 'NONE',  ( -196.2999999999999261, 12.05109009949466881, 15.22170484676935409 ) ) ;
#6607 = CARTESIAN_POINT ( 'NONE',  ( -10.16100823481774995, -4.213539088695613444, -2.000000000000000000 ) ) ;
#6608 = ORIENTED_EDGE ( 'NONE', *, *, #2475, .F. ) ;
#6609 = EDGE_CURVE ( 'NONE', #1397, #5186, #2344, .T. ) ;
#6610 = CARTESIAN_POINT ( 'NONE',  ( -196.2999999999999261, 12.23380701916439151, 12.26557532320370747 ) ) ;
#6611 = VERTEX_POINT ( 'NONE', #5537 ) ;
#6612 = CARTESIAN_POINT ( 'NONE',  ( -196.4999999999999147, 12.00434280382159002, 16.94149651343601803 ) ) ;
#6613 = B_SPLINE_CURVE_WITH_KNOTS ( 'NONE', 3,
 ( #3888, #4419, #2239, #2836, #3329, #3921, #693, #655, #3959, #6097, #2306, #727, #6483, #5462, #4937 ),
 .UNSPECIFIED., .F., .F.,
 ( 4, 1, 1, 1, 1, 1, 1, 1, 1, 1, 1, 1, 4 ),
 ( 0.000000000000000000, 0.08480238836882612874, 0.1686635395998415388, 0.2525519243727845087, 0.3382396894642433760, 0.4231026613931564984, 0.5055560510576236899, 0.5861756559890524132, 0.6671357203303608374, 0.7484991803055335291, 0.8304523987582794753, 0.9134557062010136841, 1.000000000000000000 ),
 .UNSPECIFIED. ) ;
#6614 = ORIENTED_EDGE ( 'NONE', *, *, #1666, .F. ) ;
#6615 = CARTESIAN_POINT ( 'NONE',  ( -196.2999999999999261, 12.11952286180272864, 9.306812152911764002 ) ) ;
#6616 = CARTESIAN_POINT ( 'NONE',  ( -196.2999999999999261, 11.78688135118424540, 12.91119246672243648 ) ) ;
#6617 = CARTESIAN_POINT ( 'NONE',  ( -196.2999999999999261, 11.85005117355657944, 16.00314423869241054 ) ) ;
#6618 = CARTESIAN_POINT ( 'NONE',  ( -196.2999999999999261, 12.25622526945217317, 17.00501052644894528 ) ) ;
#6619 = CIRCLE ( 'NONE', #3928, 1.500000000000001332 ) ;
#6620 = DIRECTION ( 'NONE',  ( -2.187450096789186018E-17, 0.1313519925438843550, 0.9913357927840351635 ) ) ;
#6621 = CARTESIAN_POINT ( 'NONE',  ( -196.2999999999999261, 11.51222416399787285, 10.35012782353217275 ) ) ;
#6622 = CARTESIAN_POINT ( 'NONE',  ( -196.2999999999999261, 12.29516186431838420, 14.98765035958986580 ) ) ;
#6623 = VERTEX_POINT ( 'NONE', #4522 ) ;
#6624 = LINE ( 'NONE', #4423, #5032 ) ;
#6625 = DIRECTION ( 'NONE',  ( 0.000000000000000000, 1.000000000000000000, 0.000000000000000000 ) ) ;
#6626 = VECTOR ( 'NONE', #1975, 1000.000000000000000 ) ;
#6627 = VECTOR ( 'NONE', #6119, 1000.000000000000000 ) ;
#6628 = VERTEX_POINT ( 'NONE', #2874 ) ;
#6629 = CARTESIAN_POINT ( 'NONE',  ( -196.2999999999999261, 11.71511378739530862, 15.15047087241037893 ) ) ;
#6630 = DIRECTION ( 'NONE',  ( 5.473822126268816683E-48, -1.224646799147353947E-16, 1.000000000000000000 ) ) ;
#6631 = CARTESIAN_POINT ( 'NONE',  ( -196.4999999999999147, 11.88200119815397215, 14.51229656223614839 ) ) ;
#6632 = AXIS2_PLACEMENT_3D ( 'NONE', #4494, #6630, #3444 ) ;
#6633 = CARTESIAN_POINT ( 'NONE',  ( -196.4999999999999147, 11.77617147970300238, 15.40933004708986509 ) ) ;
#6634 = CARTESIAN_POINT ( 'NONE',  ( -196.4999999999999147, 11.61937663348440353, 8.912079491635969575 ) ) ;
#6635 = ADVANCED_FACE ( 'NONE', ( #1821 ), #3370, .F. ) ;
#6636 = CARTESIAN_POINT ( 'NONE',  ( -196.2999999999999261, 11.87825161058563417, 8.373326508322762152 ) ) ;
#6637 = EDGE_CURVE ( 'NONE', #2313, #2036, #6590, .T. ) ;
#6638 = ORIENTED_EDGE ( 'NONE', *, *, #3428, .F. ) ;
#6639 = CARTESIAN_POINT ( 'NONE',  ( -196.2999999999999261, 11.86777482930810024, 14.97915875379148432 ) ) ;
#6640 = CARTESIAN_POINT ( 'NONE',  ( 0.8458699521762076401, 6.444726838587149231, -8.400000000000000355 ) ) ;
#6641 = CARTESIAN_POINT ( 'NONE',  ( -196.2999999999999261, 11.48105930021582033, 12.69798689805140590 ) ) ;
#6642 = FACE_OUTER_BOUND ( 'NONE', #576, .T. ) ;
#6643 = EDGE_LOOP ( 'NONE', ( #2788, #3525, #5046 ) ) ;
#6644 = DIRECTION ( 'NONE',  ( -5.321014214151152842E-12, 1.224646799138492081E-16, -1.000000000000000000 ) ) ;
#6645 = VECTOR ( 'NONE', #5626, 1000.000000000000000 ) ;
#6646 = ORIENTED_EDGE ( 'NONE', *, *, #6503, .F. ) ;
#6647 = DIRECTION ( 'NONE',  ( -3.330669073875469621E-16, 1.000000000000000000, 1.224646799147353947E-16 ) ) ;
#6648 = EDGE_CURVE ( 'NONE', #440, #3678, #617, .T. ) ;
#6649 = ORIENTED_EDGE ( 'NONE', *, *, #5860, .F. ) ;
#6650 = CARTESIAN_POINT ( 'NONE',  ( -196.2999999999999261, 12.06021535799406941, 9.301091801263439152 ) ) ;
#6651 = AXIS2_PLACEMENT_3D ( 'NONE', #1969, #1542, #1469 ) ;
#6652 = CARTESIAN_POINT ( 'NONE',  ( -196.4999999999999147, 11.92443932891287339, 12.78174479462465563 ) ) ;
#6653 = FACE_OUTER_BOUND ( 'NONE', #6420, .T. ) ;
#6654 = CARTESIAN_POINT ( 'NONE',  ( -196.2999999999999261, 12.23825458120174048, 16.98100011236603279 ) ) ;
#6655 = EDGE_CURVE ( 'NONE', #4806, #6087, #2279, .T. ) ;
#6656 = DIRECTION ( 'NONE',  ( 0.000000000000000000, 0.000000000000000000, 1.000000000000000000 ) ) ;
#6657 = CYLINDRICAL_SURFACE ( 'NONE', #5495, 3.199999999999995737 ) ;
#6658 = CARTESIAN_POINT ( 'NONE',  ( -196.2999999999999261, 11.95541046659108275, 16.01533040610208047 ) ) ;
#6659 = ORIENTED_EDGE ( 'NONE', *, *, #1642, .T. ) ;
#6660 = FACE_OUTER_BOUND ( 'NONE', #1504, .T. ) ;
#6661 = CARTESIAN_POINT ( 'NONE',  ( -196.2999999999999261, 11.98096915598505241, 16.01545484676935516 ) ) ;
#6662 = VERTEX_POINT ( 'NONE', #5047 ) ;
#6663 = CARTESIAN_POINT ( 'NONE',  ( -196.2999999999999261, 12.06101779061057577, 8.331605474353874996 ) ) ;
#6664 = CARTESIAN_POINT ( 'NONE',  ( -196.4999999999999147, 12.28572287117323292, 8.881296191934618278 ) ) ;
#6665 = CARTESIAN_POINT ( 'NONE',  ( -196.4999999999999147, 11.84061256514654481, 14.49894955088520909 ) ) ;
#6666 = CARTESIAN_POINT ( 'NONE',  ( -196.2999999999999261, 11.84192380304135028, 13.82130021396434216 ) ) ;
#6667 = DIRECTION ( 'NONE',  ( -2.775557561562887900E-16, 1.000000000000000000, 1.224646799147354193E-16 ) ) ;
#6668 = CARTESIAN_POINT ( 'NONE',  ( -196.2999999999999261, 11.61937663348440353, 8.912079491635969575 ) ) ;
#6669 = CARTESIAN_POINT ( 'NONE',  ( -196.2999999999999261, 11.81146017414348215, 8.384317926157580203 ) ) ;
#6670 = ORIENTED_EDGE ( 'NONE', *, *, #1964, .F. ) ;
#6671 = EDGE_CURVE ( 'NONE', #6793, #6128, #6480, .T. ) ;
#6672 = ADVANCED_FACE ( 'NONE', ( #4661 ), #99, .T. ) ;
#6673 = CARTESIAN_POINT ( 'NONE',  ( -196.2999999999999261, 11.77117724068560811, 15.25796585213697476 ) ) ;
#6674 = EDGE_CURVE ( 'NONE', #6470, #1000, #3779, .T. ) ;
#6675 = CARTESIAN_POINT ( 'NONE',  ( -199.4999999999995168, 8.499999999999937828, 14.50000000000100719 ) ) ;
#6676 = PLANE ( 'NONE',  #2253 ) ;
#6677 = CARTESIAN_POINT ( 'NONE',  ( -196.2999999999999261, 11.78298223433184866, 17.11473076948701078 ) ) ;
#6678 = ORIENTED_EDGE ( 'NONE', *, *, #2604, .T. ) ;
#6679 = CARTESIAN_POINT ( 'NONE',  ( -196.2999999999999261, 12.02983152047245063, 9.370785499578454747 ) ) ;
#6680 = VERTEX_POINT ( 'NONE', #6944 ) ;
#6681 = CARTESIAN_POINT ( 'NONE',  ( -196.4999999999999147, 11.77727324524534858, 17.14490324852616965 ) ) ;
#6682 = VERTEX_POINT ( 'NONE', #6407 ) ;
#6683 = PLANE ( 'NONE',  #5353 ) ;
#6684 = CARTESIAN_POINT ( 'NONE',  ( -196.4999999999999147, 11.91378605600089813, 12.78484783376119083 ) ) ;
#6685 = LINE ( 'NONE', #366, #1209 ) ;
#6686 = DIRECTION ( 'NONE',  ( 1.000000000000000000, 0.000000000000000000, 0.000000000000000000 ) ) ;
#6687 = B_SPLINE_CURVE_WITH_KNOTS ( 'NONE', 3,
 ( #3456, #876, #4009, #5660, #356, #846, #2992, #388, #6244, #4111, #6213 ),
 .UNSPECIFIED., .F., .F.,
 ( 4, 1, 1, 1, 1, 1, 1, 1, 4 ),
 ( 0.000000000000000000, 0.1642892164747611905, 0.3174059112304902230, 0.4588436116410194998, 0.5893665423053104924, 0.7078313187781731797, 0.8157700306990047778, 0.9128799029021273936, 1.000000000000000000 ),
 .UNSPECIFIED. ) ;
#6688 = CARTESIAN_POINT ( 'NONE',  ( -196.2999999999999261, 11.50141186431838491, 7.528435616000122010 ) ) ;
#6689 = DIRECTION ( 'NONE',  ( 0.000000000000000000, 1.224646799147353700E-16, -1.000000000000000000 ) ) ;
#6690 = CARTESIAN_POINT ( 'NONE',  ( -196.2999999999999261, 11.90821545513909818, 16.01245140930053523 ) ) ;
#6691 = EDGE_LOOP ( 'NONE', ( #6409, #6154 ) ) ;
#6692 = DIRECTION ( 'NONE',  ( 1.000000000000000000, 1.665334536937734318E-16, 3.081487911019576818E-32 ) ) ;
#6693 = VECTOR ( 'NONE', #2017, 1000.000000000000000 ) ;
#6694 = CARTESIAN_POINT ( 'NONE',  ( -21.99999999999999289, -3.199999999999999289, 1.500000000000126787 ) ) ;
#6695 = ADVANCED_FACE ( 'NONE', ( #5916 ), #6442, .F. ) ;
#6696 = CIRCLE ( 'NONE', #975, 6.000000000000000888 ) ;
#6697 = AXIS2_PLACEMENT_3D ( 'NONE', #5959, #3297, #5362 ) ;
#6698 = EDGE_LOOP ( 'NONE', ( #1855, #3249, #3992, #2767, #4544, #2501, #5966, #4179 ) ) ;
#6699 = CARTESIAN_POINT ( 'NONE',  ( -196.2999999999999261, 11.60773069683075498, 8.545368508344523661 ) ) ;
#6700 = CARTESIAN_POINT ( 'NONE',  ( -199.4999999999999716, 17.74999999999994316, 16.00000000000008527 ) ) ;
#6701 = CARTESIAN_POINT ( 'NONE',  ( -196.2999999999999261, 11.84061256514654481, 14.49894955088520909 ) ) ;
#6702 = LINE ( 'NONE', #2353, #3294 ) ;
#6703 = CARTESIAN_POINT ( 'NONE',  ( -196.2999999999999261, 11.50141186431838491, 9.807922795487300505 ) ) ;
#6704 = CARTESIAN_POINT ( 'NONE',  ( -196.2999999999999261, 11.56514854921325153, 8.762921355714444971 ) ) ;
#6705 = DIRECTION ( 'NONE',  ( 2.220446049250312588E-16, -1.000000000000000000, -1.224646799147356165E-16 ) ) ;
#6706 = VERTEX_POINT ( 'NONE', #5425 ) ;
#6707 = AXIS2_PLACEMENT_3D ( 'NONE', #6192, #5210, #396 ) ;
#6708 = DIRECTION ( 'NONE',  ( 0.000000000000000000, 0.000000000000000000, 1.000000000000000000 ) ) ;
#6709 = CARTESIAN_POINT ( 'NONE',  ( -196.2999999999999261, 11.93850143648553619, 15.94355838739344655 ) ) ;
#6710 = FACE_OUTER_BOUND ( 'NONE', #2399, .T. ) ;
#6711 = CARTESIAN_POINT ( 'NONE',  ( -196.2999999999999261, 12.22494716692072458, 9.614595887272942676 ) ) ;
#6712 = VERTEX_POINT ( 'NONE', #3220 ) ;
#6713 = CARTESIAN_POINT ( 'NONE',  ( -196.2999999999999261, 12.30894908278305344, 9.621959169994154237 ) ) ;
#6714 = AXIS2_PLACEMENT_3D ( 'NONE', #2423, #4565, #6705 ) ;
#6715 = B_SPLINE_CURVE_WITH_KNOTS ( 'NONE', 3,
 ( #6021, #1717, #5917, #2130, #3749, #2235, #4377, #2757, #3883, #2167, #4308 ),
 .UNSPECIFIED., .F., .F.,
 ( 4, 1, 1, 1, 1, 1, 1, 1, 4 ),
 ( 0.000000000000000000, 0.1298621417207410922, 0.2546535308972884271, 0.3760145541937151004, 0.4952552518176093765, 0.6147977192994587003, 0.7381055541683341215, 0.8651963000723569275, 1.000000000000000000 ),
 .UNSPECIFIED. ) ;
#6716 = VECTOR ( 'NONE', #2539, 1000.000000000000000 ) ;
#6717 = LINE ( 'NONE', #5034, #6856 ) ;
#6718 = EDGE_LOOP ( 'NONE', ( #4439, #5009, #816, #3369 ) ) ;
#6719 = CARTESIAN_POINT ( 'NONE',  ( -193.0000000000000000, 8.499999999999937828, 1.500000000000081046 ) ) ;
#6720 = CARTESIAN_POINT ( 'NONE',  ( -196.4999999999999147, 11.98169753138254201, 9.129309120385867615 ) ) ;
#6721 = EDGE_CURVE ( 'NONE', #3531, #968, #6552, .T. ) ;
#6722 = FACE_OUTER_BOUND ( 'NONE', #3459, .T. ) ;
#6723 = DIRECTION ( 'NONE',  ( 2.220446049250312588E-16, -1.000000000000000000, -1.224646799147355919E-16 ) ) ;
#6724 = LINE ( 'NONE', #331, #880 ) ;
#6725 = EDGE_CURVE ( 'NONE', #5186, #1627, #3150, .T. ) ;
#6726 = EDGE_CURVE ( 'NONE', #3792, #467, #2804, .T. ) ;
#6727 = ORIENTED_EDGE ( 'NONE', *, *, #3157, .F. ) ;
#6728 = CARTESIAN_POINT ( 'NONE',  ( 0.000000000000000000, 0.000000000000000000, -1.999999999999998224 ) ) ;
#6729 = DIRECTION ( 'NONE',  ( 0.000000000000000000, -1.224646799147353700E-16, 1.000000000000000000 ) ) ;
#6730 = CARTESIAN_POINT ( 'NONE',  ( -196.2999999999999261, 11.72133715131369236, 15.90139031915753520 ) ) ;
#6731 = ORIENTED_EDGE ( 'NONE', *, *, #5136, .T. ) ;
#6732 = CIRCLE ( 'NONE', #6168, 4.000000000000003553 ) ;
#6733 = CARTESIAN_POINT ( 'NONE',  ( -196.4999999999999147, 11.58010575764530081, 8.829027332104326220 ) ) ;
#6734 = CARTESIAN_POINT ( 'NONE',  ( -196.2999999999999261, 11.84502038795620749, 15.60633650742640555 ) ) ;
#6735 = PERSON ( 'UNSPECIFIED', 'UNSPECIFIED', 'UNSPECIFIED', ('UNSPECIFIED'), ('UNSPECIFIED'), ('UNSPECIFIED') ) ;
#6736 = VECTOR ( 'NONE', #1143, 1000.000000000000000 ) ;
#6737 = ORIENTED_EDGE ( 'NONE', *, *, #5901, .F. ) ;
#6738 = DIRECTION ( 'NONE',  ( 0.000000000000000000, 0.000000000000000000, 1.000000000000000000 ) ) ;
#6739 = CARTESIAN_POINT ( 'NONE',  ( -196.2999999999999261, 11.94039000029382791, 9.135243825291247788 ) ) ;
#6740 = CARTESIAN_POINT ( 'NONE',  ( -196.4999999999999147, 11.50141186431838491, 9.807922795487300505 ) ) ;
#6741 = DIRECTION ( 'NONE',  ( 0.000000000000000000, 0.000000000000000000, -1.000000000000000000 ) ) ;
#6742 = LINE ( 'NONE', #1939, #4132 ) ;
#6743 = VECTOR ( 'NONE', #2090, 1000.000000000000000 ) ;
#6744 = CYLINDRICAL_SURFACE ( 'NONE', #415, 2.750000000000002665 ) ;
#6745 = AXIS2_PLACEMENT_3D ( 'NONE', #5494, #688, #6056 ) ;
#6746 = VECTOR ( 'NONE', #1714, 1000.000000000000000 ) ;
#6747 = CARTESIAN_POINT ( 'NONE',  ( -195.4999999999995168, 5.499999999999938716, 1.500000000001007416 ) ) ;
#6748 = AXIS2_PLACEMENT_3D ( 'NONE', #186, #720, #6015 ) ;
#6749 = CARTESIAN_POINT ( 'NONE',  ( -196.2999999999999261, 12.08543505141774510, 12.76922087241037751 ) ) ;
#6750 = CARTESIAN_POINT ( 'NONE',  ( -194.9999999999999147, 12.99999999999993783, -0.4999999999989839239 ) ) ;
#6751 = DIRECTION ( 'NONE',  ( 1.000000000000000000, 2.775557561562887407E-16, 3.608224830031762208E-16 ) ) ;
#6752 = ORIENTED_EDGE ( 'NONE', *, *, #3551, .F. ) ;
#6753 = DIRECTION ( 'NONE',  ( 6.162975822039154730E-33, 1.224646799147353454E-16, -1.000000000000000000 ) ) ;
#6754 = DIRECTION ( 'NONE',  ( 1.000000000000000000, 0.000000000000000000, 0.000000000000000000 ) ) ;
#6755 = VERTEX_POINT ( 'NONE', #3815 ) ;
#6756 = CARTESIAN_POINT ( 'NONE',  ( -202.2253310930673535, 18.49999999999993960, 4.367519296309970933 ) ) ;
#6757 = CARTESIAN_POINT ( 'NONE',  ( -196.4999999999999147, 12.21434580088574506, 9.757740849327110055 ) ) ;
#6758 = B_SPLINE_CURVE_WITH_KNOTS ( 'NONE', 3,
 ( #4042, #4563, #5750, #6269, #1470, #809, #3521, #839, #312, #5121, #4137, #5682, #3613, #4077, #1938, #1407, #1338, #277, #4670 ),
 .UNSPECIFIED., .F., .F.,
 ( 4, 1, 1, 1, 1, 1, 1, 1, 1, 1, 1, 1, 1, 1, 1, 1, 4 ),
 ( 0.000000000000000000, 0.06384589973478681235, 0.1260436278408421096, 0.1871653577195672991, 0.2473992895212627774, 0.3083800306041621364, 0.3697796166640491267, 0.4325839246869345733, 0.4976407859952558521, 0.5624011369620612877, 0.6255571033330407094, 0.6873320046201732980, 0.7483127457030731566, 0.8097910391226148530, 0.8717675719729279793, 0.9348361909503145606, 1.000000000000000000 ),
 .UNSPECIFIED. ) ;
#6759 = LINE ( 'NONE', #4122, #96 ) ;
#6760 = VECTOR ( 'NONE', #713, 1000.000000000000000 ) ;
#6761 = CARTESIAN_POINT ( 'NONE',  ( -196.2999999999999261, 12.09170839024821653, 13.43801484891942799 ) ) ;
#6762 = ORIENTED_EDGE ( 'NONE', *, *, #1227, .F. ) ;
#6763 = VECTOR ( 'NONE', #3008, 1000.000000000000114 ) ;
#6764 = ADVANCED_FACE ( 'NONE', ( #5952, #1142 ), #513, .T. ) ;
#6765 = CARTESIAN_POINT ( 'NONE',  ( -196.2999999999999261, 12.02040224893376852, 16.74814715446165891 ) ) ;
#6766 = CARTESIAN_POINT ( 'NONE',  ( -196.2999999999999261, 11.70731700298127187, 10.50997795069381446 ) ) ;
#6767 = EDGE_CURVE ( 'NONE', #269, #1119, #661, .T. ) ;
#6768 = CARTESIAN_POINT ( 'NONE',  ( -196.4999999999999147, 11.86947882781902130, 14.50972285949169560 ) ) ;
#6769 = VERTEX_POINT ( 'NONE', #6907 ) ;
#6770 = CARTESIAN_POINT ( 'NONE',  ( -196.4999999999999147, 12.26721584205179383, 9.707406489411104289 ) ) ;
#6771 = LINE ( 'NONE', #480, #4390 ) ;
#6772 = VERTEX_POINT ( 'NONE', #2656 ) ;
#6773 = CARTESIAN_POINT ( 'NONE',  ( -196.4999999999999147, 11.69347137166341533, 8.443398947224435958 ) ) ;
#6774 = DIRECTION ( 'NONE',  ( 6.162975822039154730E-33, 1.224646799147353454E-16, -1.000000000000000000 ) ) ;
#6775 = LINE ( 'NONE', #5194, #2393 ) ;
#6776 = DIRECTION ( 'NONE',  ( 0.000000000000000000, -1.224646799147353700E-16, 1.000000000000000000 ) ) ;
#6777 = LINE ( 'NONE', #5915, #4613 ) ;
#6778 = CARTESIAN_POINT ( 'NONE',  ( -196.4999999999999147, 11.52314213769921025, 8.531437870853434191 ) ) ;
#6779 = CARTESIAN_POINT ( 'NONE',  ( -196.2999999999999261, 11.90830414196261700, 8.179717667282172755 ) ) ;
#6780 = CARTESIAN_POINT ( 'NONE',  ( -196.2999999999999261, 12.11920865127857638, 13.45190367385953856 ) ) ;
#6781 = DIRECTION ( 'NONE',  ( -1.042041300849240371E-32, -1.224646799147353454E-16, 1.000000000000000000 ) ) ;
#6782 = CARTESIAN_POINT ( 'NONE',  ( -196.4999999999999147, 11.77617147970300060, 17.17586900942961137 ) ) ;
#6783 = EDGE_LOOP ( 'NONE', ( #5606, #4737 ) ) ;
#6784 = CARTESIAN_POINT ( 'NONE',  ( -196.2999999999999261, 12.28844444721673312, 9.675726683464338507 ) ) ;
#6785 = EDGE_CURVE ( 'NONE', #2452, #2242, #4064, .T. ) ;
#6786 = B_SPLINE_CURVE_WITH_KNOTS ( 'NONE', 3,
 ( #111, #1737, #253, #4506, #6711, #1908, #5131, #3556, #815, #3530, #5690, #2430, #6113, #2994, #1382 ),
 .UNSPECIFIED., .F., .F.,
 ( 4, 1, 1, 1, 1, 1, 1, 1, 1, 1, 1, 1, 4 ),
 ( 0.000000000000000000, 0.08289064755686861852, 0.1653025405594707453, 0.2477618761145895798, 0.3315277110598005561, 0.4152798127751556878, 0.4963662304840523176, 0.5771513480211477587, 0.6577825401388812665, 0.7393216419943474671, 0.8237930816663169287, 0.9094759533791150208, 1.000000000000000000 ),
 .UNSPECIFIED. ) ;
#6787 = CARTESIAN_POINT ( 'NONE',  ( -0.8458699521762085283, -6.444726838587148343, -8.400000000000000355 ) ) ;
#6788 = ORIENTED_EDGE ( 'NONE', *, *, #3246, .F. ) ;
#6789 = CARTESIAN_POINT ( 'NONE',  ( -202.4999999999999432, 15.99999999999993783, 0.5000000000010117462 ) ) ;
#6790 = CYLINDRICAL_SURFACE ( 'NONE', #5189, 3.000000000000002665 ) ;
#6791 = CARTESIAN_POINT ( 'NONE',  ( -196.2999999999999261, 11.95541046659108275, 16.01533040610208047 ) ) ;
#6792 = CARTESIAN_POINT ( 'NONE',  ( -196.2999999999999261, 11.95934455662607832, 6.869998366400763778 ) ) ;
#6793 = VERTEX_POINT ( 'NONE', #4482 ) ;
#6794 = CYLINDRICAL_SURFACE ( 'NONE', #2890, 5.000000000000000888 ) ;
#6795 = CARTESIAN_POINT ( 'NONE',  ( -196.4999999999999147, 12.29516186431838420, 14.51954138523089100 ) ) ;
#6796 = CARTESIAN_POINT ( 'NONE',  ( -21.99999999999999289, 3.199999999999990408, 18.49999999999998934 ) ) ;
#6797 = ORIENTED_EDGE ( 'NONE', *, *, #1098, .F. ) ;
#6798 = EDGE_CURVE ( 'NONE', #183, #6882, #2885, .T. ) ;
#6799 = CARTESIAN_POINT ( 'NONE',  ( -196.2999999999999261, 12.11712230096777887, 9.796876530576648534 ) ) ;
#6800 = CARTESIAN_POINT ( 'NONE',  ( -196.4999999999999147, 11.67683608704385989, 8.457819049161045655 ) ) ;
#6801 = ADVANCED_FACE ( 'NONE', ( #4414 ), #5984, .T. ) ;
#6802 = VERTEX_POINT ( 'NONE', #3073 ) ;
#6803 = CARTESIAN_POINT ( 'NONE',  ( -196.4999999999999147, 11.73006603565384154, 8.418508045213599189 ) ) ;
#6804 = DIRECTION ( 'NONE',  ( -0.6084474286424762512, -0.7935941825507284442, 0.000000000000000000 ) ) ;
#6805 = CARTESIAN_POINT ( 'NONE',  ( -196.2999999999999261, 11.93819870912968462, 15.22998479419250195 ) ) ;
#6806 = CARTESIAN_POINT ( 'NONE',  ( -199.4999999999995168, 8.499999999999937828, 16.00000000000100542 ) ) ;
#6807 = DIRECTION ( 'NONE',  ( 0.000000000000000000, 0.000000000000000000, -1.000000000000000000 ) ) ;
#6808 = CARTESIAN_POINT ( 'NONE',  ( -196.4999999999999147, 11.48105930021582033, 8.713972474974481131 ) ) ;
#6809 = DIRECTION ( 'NONE',  ( -1.665334536937734318E-16, 1.000000000000000000, 1.224646799147353947E-16 ) ) ;
#6810 = EDGE_CURVE ( 'NONE', #3127, #5865, #5211, .T. ) ;
#6811 = EDGE_CURVE ( 'NONE', #2569, #1569, #6255, .T. ) ;
#6812 = VECTOR ( 'NONE', #4657, 1000.000000000000000 ) ;
#6813 = ORIENTED_EDGE ( 'NONE', *, *, #3907, .F. ) ;
#6814 = CARTESIAN_POINT ( 'NONE',  ( -196.2999999999999261, 11.52314213769921025, 8.531437870853434191 ) ) ;
#6815 = DIRECTION ( 'NONE',  ( 0.000000000000000000, -1.224646799147353700E-16, 1.000000000000000000 ) ) ;
#6816 = CARTESIAN_POINT ( 'NONE',  ( -199.4999999999999716, 5.999999999999939604, 16.00000000000008527 ) ) ;
#6817 = ORIENTED_EDGE ( 'NONE', *, *, #6721, .F. ) ;
#6818 = CARTESIAN_POINT ( 'NONE',  ( -5.999999999999999112, 0.000000000000000000, 20.00000000000000000 ) ) ;
#6819 = PLANE ( 'NONE',  #2372 ) ;
#6820 = VERTEX_POINT ( 'NONE', #6224 ) ;
#6821 = CARTESIAN_POINT ( 'NONE',  ( -196.4999999999999147, 12.29516186431838420, 16.01545484676935516 ) ) ;
#6822 = EDGE_CURVE ( 'NONE', #6602, #2632, #5108, .T. ) ;
#6823 = FACE_OUTER_BOUND ( 'NONE', #6698, .T. ) ;
#6824 = AXIS2_PLACEMENT_3D ( 'NONE', #5590, #4051, #914 ) ;
#6825 = CARTESIAN_POINT ( 'NONE',  ( -196.2999999999999261, 12.05888002705073525, 12.76931996846441386 ) ) ;
#6826 = CARTESIAN_POINT ( 'NONE',  ( -196.2999999999999261, 12.00354778178633275, 16.87026253907704287 ) ) ;
#6827 = CONICAL_SURFACE ( 'NONE', #2341, 4.500000000000003553, 0.1910822382529155927 ) ;
#6828 = VERTEX_POINT ( 'NONE', #5771 ) ;
#6829 = DIRECTION ( 'NONE',  ( 6.162975822039154730E-33, 1.224646799147353454E-16, -1.000000000000000000 ) ) ;
#6830 = CARTESIAN_POINT ( 'NONE',  ( -5.971883874145982318, -7.789090853690733063, -10.40000000000000036 ) ) ;
#6831 = CARTESIAN_POINT ( 'NONE',  ( -196.2999999999999261, 11.78115635848825349, 14.42380278881997491 ) ) ;
#6832 = LINE ( 'NONE', #3080, #3739 ) ;
#6833 = ORIENTED_EDGE ( 'NONE', *, *, #286, .T. ) ;
#6834 = CARTESIAN_POINT ( 'NONE',  ( -196.4999999999999147, 12.00631213299770472, 9.807752694461935761 ) ) ;
#6835 = CARTESIAN_POINT ( 'NONE',  ( -196.2999999999999261, 11.50141186431838491, 9.736688821128327120 ) ) ;
#6836 = ORIENTED_EDGE ( 'NONE', *, *, #2338, .F. ) ;
#6837 = CARTESIAN_POINT ( 'NONE',  ( -196.2999999999999261, 11.83313691053144900, 8.379079219054833771 ) ) ;
#6838 = LINE ( 'NONE', #867, #13 ) ;
#6839 = CARTESIAN_POINT ( 'NONE',  ( -196.4999999999999147, 11.97836431995632900, 15.22440712715928157 ) ) ;
#6840 = VERTEX_POINT ( 'NONE', #4584 ) ;
#6841 = CARTESIAN_POINT ( 'NONE',  ( -196.2999999999999261, 11.80049915398184623, 12.47601674580781506 ) ) ;
#6842 = CARTESIAN_POINT ( 'NONE',  ( -199.4999999999995168, 5.499999999999936051, 16.00000000000100542 ) ) ;
#6843 = VECTOR ( 'NONE', #456, 1000.000000000000000 ) ;
#6844 = VERTEX_POINT ( 'NONE', #265 ) ;
#6845 = EDGE_CURVE ( 'NONE', #5873, #3910, #6724, .T. ) ;
#6846 = ORIENTED_EDGE ( 'NONE', *, *, #4188, .F. ) ;
#6847 = DIRECTION ( 'NONE',  ( 0.9914964367057140793, -0.1301338387963396070, -0.000000000000000000 ) ) ;
#6848 = ADVANCED_FACE ( 'NONE', ( #4023 ), #6827, .T. ) ;
#6849 = CARTESIAN_POINT ( 'NONE',  ( -196.2999999999999261, 11.89340467445669169, 13.12796690482350570 ) ) ;
#6850 = EDGE_CURVE ( 'NONE', #4748, #5414, #1355, .T. ) ;
#6851 = CARTESIAN_POINT ( 'NONE',  ( -196.4999999999999147, 11.97458514921122585, 16.94248721958847881 ) ) ;
#6852 = AXIS2_PLACEMENT_3D ( 'NONE', #5437, #5468, #2766 ) ;
#6853 = ORIENTED_EDGE ( 'NONE', *, *, #2085, .F. ) ;
#6854 = CARTESIAN_POINT ( 'NONE',  ( 1.734723475976807094E-15, 0.000000000000000000, 0.000000000000000000 ) ) ;
#6855 = CIRCLE ( 'NONE', #238, 6.000000000000000888 ) ;
#6856 = VECTOR ( 'NONE', #222, 1000.000000000000000 ) ;
#6857 = CARTESIAN_POINT ( 'NONE',  ( -196.2999999999999261, 11.98096915598505241, 14.98765035958986580 ) ) ;
#6858 = VERTEX_POINT ( 'NONE', #1955 ) ;
#6859 = FACE_BOUND ( 'NONE', #6691, .T. ) ;
#6860 = LINE ( 'NONE', #2537, #4634 ) ;
#6861 = ADVANCED_FACE ( 'NONE', ( #1920 ), #6193, .T. ) ;
#6862 = CARTESIAN_POINT ( 'NONE',  ( -196.4999999999999147, 12.00104617744404756, 15.22308489635066664 ) ) ;
#6863 = COORDINATED_UNIVERSAL_TIME_OFFSET ( 1, 0, .AHEAD. ) ;
#6864 = ORIENTED_EDGE ( 'NONE', *, *, #2640, .F. ) ;
#6865 = CARTESIAN_POINT ( 'NONE',  ( -199.4999999999999432, 12.99999999999993960, -14.99999999999898925 ) ) ;
#6866 = CARTESIAN_POINT ( 'NONE',  ( -197.8999999999999488, 15.99999999999993783, 4.000000000001011635 ) ) ;
#6867 = FACE_OUTER_BOUND ( 'NONE', #374, .T. ) ;
#6868 = CARTESIAN_POINT ( 'NONE',  ( -196.4999999999999147, 12.00020868923825645, 14.51954138523089100 ) ) ;
#6869 = VERTEX_POINT ( 'NONE', #887 ) ;
#6870 = CARTESIAN_POINT ( 'NONE',  ( 0.000000000000000000, 0.000000000000000000, -2.000000000000000000 ) ) ;
#6871 = CARTESIAN_POINT ( 'NONE',  ( -196.2999999999999261, 12.29516186431838420, 15.22170484676935409 ) ) ;
#6872 = EDGE_CURVE ( 'NONE', #3191, #4708, #297, .T. ) ;
#6873 = AXIS2_PLACEMENT_3D ( 'NONE', #6816, #982, #4148 ) ;
#6874 = ORIENTED_EDGE ( 'NONE', *, *, #666, .F. ) ;
#6875 = CARTESIAN_POINT ( 'NONE',  ( -4.618640106735341533, -1.915245040316188474, -10.40000000000000036 ) ) ;
#6876 = CARTESIAN_POINT ( 'NONE',  ( -196.2999999999999261, 12.31516648533545322, 8.734611210585946139 ) ) ;
#6877 = DIRECTION ( 'NONE',  ( -1.665334536937734318E-16, 1.000000000000000000, 1.224646799147353947E-16 ) ) ;
#6878 = ORIENTED_EDGE ( 'NONE', *, *, #365, .F. ) ;
#6879 = B_SPLINE_CURVE_WITH_KNOTS ( 'NONE', 3,
 ( #3644, #444, #3753, #1618, #6950, #589, #6334, #1538, #5330, #5889, #519, #5854, #6911, #6373, #2626 ),
 .UNSPECIFIED., .F., .F.,
 ( 4, 1, 1, 1, 1, 1, 1, 1, 1, 1, 1, 1, 4 ),
 ( 0.000000000000000000, 0.08473274469801554687, 0.1681786536463133475, 0.2514881976122795293, 0.3358406713894913631, 0.4198344941507974881, 0.5023448759880108083, 0.5836490197324406548, 0.6659310052762724697, 0.7487165252643921409, 0.8310473361373640344, 0.9144098067945609642, 1.000000000000000000 ),
 .UNSPECIFIED. ) ;
#6880 = CYLINDRICAL_SURFACE ( 'NONE', #4029, 2.999999999999999112 ) ;
#6881 = LINE ( 'NONE', #1546, #2927 ) ;
#6882 = VERTEX_POINT ( 'NONE', #2020 ) ;
#6883 = VERTEX_POINT ( 'NONE', #6291 ) ;
#6884 = CARTESIAN_POINT ( 'NONE',  ( -196.2999999999999261, 11.83155348958869624, 12.83952612137649041 ) ) ;
#6885 = FACE_OUTER_BOUND ( 'NONE', #6118, .T. ) ;
#6886 = OPEN_SHELL ( 'NONE', ( #604, #3995, #2122, #4147, #6222, #4020, #4914 ) ) ;
#6887 = CARTESIAN_POINT ( 'NONE',  ( -203.9999999999999432, 12.99999999999993783, -17.94870560657918190 ) ) ;
#6888 = EDGE_LOOP ( 'NONE', ( #1947, #2447, #4885, #2040 ) ) ;
#6889 = CYLINDRICAL_SURFACE ( 'NONE', #1320, 2.999999999999999112 ) ;
#6890 = EDGE_CURVE ( 'NONE', #883, #6454, #5179, .T. ) ;
#6891 = EDGE_CURVE ( 'NONE', #5736, #6840, #5735, .T. ) ;
#6892 = EDGE_CURVE ( 'NONE', #3751, #3167, #4157, .T. ) ;
#6893 = DIRECTION ( 'NONE',  ( -0.1301338387963397181, -0.9914964367057143013, 0.000000000000000000 ) ) ;
#6894 = EDGE_LOOP ( 'NONE', ( #719, #5100, #5945, #1303 ) ) ;
#6895 = CARTESIAN_POINT ( 'NONE',  ( -190.0000000000000000, -10.00000000000000355, 7.285838599102589797E-14 ) ) ;
#6896 = DIRECTION ( 'NONE',  ( -1.000000000000000000, 0.000000000000000000, 0.000000000000000000 ) ) ;
#6897 = DIRECTION ( 'NONE',  ( -1.000000000000000000, 0.000000000000000000, 0.000000000000000000 ) ) ;
#6898 = APPROVAL_DATE_TIME ( #4195, #3312 ) ;
#6899 = EDGE_CURVE ( 'NONE', #3824, #968, #5076, .T. ) ;
#6900 = EDGE_LOOP ( 'NONE', ( #4200, #4319 ) ) ;
#6901 = AXIS2_PLACEMENT_3D ( 'NONE', #2492, #902, #2457 ) ;
#6902 = CARTESIAN_POINT ( 'NONE',  ( -196.4999999999999147, 15.99999999999994138, 0.5000000000010117462 ) ) ;
#6903 = CARTESIAN_POINT ( 'NONE',  ( -196.2999999999999261, 12.23825458120174048, 16.98100011236603279 ) ) ;
#6904 = CARTESIAN_POINT ( 'NONE',  ( -196.4999999999999147, 12.29516186431838420, 16.01545484676935516 ) ) ;
#6905 = CARTESIAN_POINT ( 'NONE',  ( -203.9999999999999432, 12.99999999999993783, -0.4999999999989839239 ) ) ;
#6906 = VERTEX_POINT ( 'NONE', #2408 ) ;
#6907 = CARTESIAN_POINT ( 'NONE',  ( -196.2999999999999261, 12.00672786992736008, 11.95511830830781363 ) ) ;
#6908 = FACE_OUTER_BOUND ( 'NONE', #5303, .T. ) ;
#6909 = DIRECTION ( 'NONE',  ( 6.797399803719653698E-32, -3.265497947355361452E-16, 1.000000000000000000 ) ) ;
#6910 = ORIENTED_EDGE ( 'NONE', *, *, #1442, .F. ) ;
#6911 = CARTESIAN_POINT ( 'NONE',  ( -196.2999999999999261, 12.23322556682495765, 12.22481375008213078 ) ) ;
#6912 = CARTESIAN_POINT ( 'NONE',  ( -196.2999999999999261, 12.02140560004904657, 9.120001607891758511 ) ) ;
#6913 = EDGE_CURVE ( 'NONE', #4477, #2181, #4123, .T. ) ;
#6914 = CARTESIAN_POINT ( 'NONE',  ( -196.2999999999999261, 12.02040224893376852, 16.74814715446165891 ) ) ;
#6915 = ORIENTED_EDGE ( 'NONE', *, *, #3140, .F. ) ;
#6916 = FACE_OUTER_BOUND ( 'NONE', #913, .T. ) ;
#6917 = CARTESIAN_POINT ( 'NONE',  ( -196.2999999999999261, 12.29516186431838598, 7.385967667282173466 ) ) ;
#6918 = EDGE_LOOP ( 'NONE', ( #5991, #454 ) ) ;
#6919 = EDGE_LOOP ( 'NONE', ( #1176, #1636, #6846, #5848 ) ) ;
#6920 = CARTESIAN_POINT ( 'NONE',  ( -202.4999999999999432, 9.999999999999936051, 0.5000000000010117462 ) ) ;
#6921 = LINE ( 'NONE', #3691, #8 ) ;
#6922 = CARTESIAN_POINT ( 'NONE',  ( -196.2999999999999261, 11.94537402037247809, 16.94894363819734195 ) ) ;
#6923 = CARTESIAN_POINT ( 'NONE',  ( -199.5000000000000000, 8.499999999999934275, 4.000000000000078160 ) ) ;
#6924 = VECTOR ( 'NONE', #2088, 1000.000000000000000 ) ;
#6925 = CARTESIAN_POINT ( 'NONE',  ( -196.2999999999999261, 12.30453990101767836, 13.68595270614327042 ) ) ;
#6926 = ORIENTED_EDGE ( 'NONE', *, *, #5192, .T. ) ;
#6928 = CIRCLE ( 'NONE', #3345, 3.199999999999995737 ) ;
#6927 = DIRECTION ( 'NONE',  ( -1.665334536937734318E-16, 1.000000000000000000, 1.224646799147353947E-16 ) ) ;
#6929 = CARTESIAN_POINT ( 'NONE',  ( -196.4999999999999147, 12.19445882401687875, 9.015719871911150207 ) ) ;
#6930 = CARTESIAN_POINT ( 'NONE',  ( -196.4999999999999147, 11.90500834861819968, 15.23824772273208872 ) ) ;
#6931 = CARTESIAN_POINT ( 'NONE',  ( -196.2999999999999261, 12.16781432326341061, 13.48945378138575002 ) ) ;
#6932 = VERTEX_POINT ( 'NONE', #4092 ) ;
#6933 = FACE_BOUND ( 'NONE', #6261, .T. ) ;
#6934 = VECTOR ( 'NONE', #5636, 1000.000000000000000 ) ;
#6935 = ADVANCED_FACE ( 'NONE', ( #3538, #6254 ), #4550, .T. ) ;
#6936 = CARTESIAN_POINT ( 'NONE',  ( -100.9999999999999716, 9.999999999999968026, 20.00000000000007461 ) ) ;
#6937 = CARTESIAN_POINT ( 'NONE',  ( -196.2999999999999261, 11.82564344683002666, 10.37200962790997494 ) ) ;
#6938 = CARTESIAN_POINT ( 'NONE',  ( -196.2999999999999261, 12.29516186431838420, 14.12266638523089135 ) ) ;
#6939 = EDGE_CURVE ( 'NONE', #1710, #5153, #5973, .T. ) ;
#6940 = EDGE_CURVE ( 'NONE', #5204, #3878, #5256, .T. ) ;
#6942 = DIRECTION ( 'NONE',  ( -0.7935941825507284442, 0.6084474286424761402, 0.000000000000000000 ) ) ;
#6941 = DIRECTION ( 'NONE',  ( 0.000000000000000000, -1.224646799147353700E-16, 1.000000000000000000 ) ) ;
#6943 = VERTEX_POINT ( 'NONE', #4781 ) ;
#6944 = CARTESIAN_POINT ( 'NONE',  ( -197.1752446142278927, 12.99999999999993427, 31.74492513199507471 ) ) ;
#6945 = CARTESIAN_POINT ( 'NONE',  ( -22.00000000000000000, -5.204170427930421283E-15, 20.00000000000007461 ) ) ;
#6946 = VERTEX_POINT ( 'NONE', #471 ) ;
#6947 = VECTOR ( 'NONE', #1392, 1000.000000000000227 ) ;
#6948 = CARTESIAN_POINT ( 'NONE',  ( -196.2999999999999261, 11.93744883389876854, 8.179293937771463519 ) ) ;
#6949 = VERTEX_POINT ( 'NONE', #1032 ) ;
#6950 = CARTESIAN_POINT ( 'NONE',  ( -196.2999999999999261, 12.09564437376277368, 12.04316109198649443 ) ) ;
#6951 = DIRECTION ( 'NONE',  ( 6.162975822039154730E-33, 1.224646799147353454E-16, -1.000000000000000000 ) ) ;
#6952 = CARTESIAN_POINT ( 'NONE',  ( -196.2999999999999261, 11.58410035849543362, 7.733513163392808032 ) ) ;
#6953 = EDGE_LOOP ( 'NONE', ( #1659, #2705, #1038, #2625 ) ) ;
#6954 = DIRECTION ( 'NONE',  ( 0.000000000000000000, 0.000000000000000000, 1.000000000000000000 ) ) ;
#6955 = CARTESIAN_POINT ( 'NONE',  ( -3.759608614608207056, 9.066348570306416832, -1.999999999999998224 ) ) ;
#6956 = ORIENTED_EDGE ( 'NONE', *, *, #5092, .F. ) ;
#6957 = ORIENTED_EDGE ( 'NONE', *, *, #3181, .F. ) ;
#6958 = CARTESIAN_POINT ( 'NONE',  ( -196.4999999999999147, 12.14474111689676938, 13.46929510482479664 ) ) ;
#6959 = CARTESIAN_POINT ( 'NONE',  ( -196.4999999999999147, 11.68934574267832183, 8.356764329205731201 ) ) ;
#6960 = CARTESIAN_POINT ( 'NONE',  ( -196.2999999999999261, 11.84156475247650420, 17.01004163604472197 ) ) ;
#6961 = CARTESIAN_POINT ( 'NONE',  ( -196.2999999999999261, 11.60508273771582211, 7.899392897650762357 ) ) ;
#6962 = AXIS2_PLACEMENT_3D ( 'NONE', #6830, #5320, #4723 ) ;
ENDSEC;
END-ISO-10303-21;
