ISO-10303-21;
HEADER;
FILE_DESCRIPTION (( 'STEP AP203' ),
    '1' );
FILE_NAME ('Pièce5_Tube_Défaut_sldprt.STEP',
    '2023-12-03T16:39:29',
    ( 'LIA INFO' ),
    ( '' ),
    'SwSTEP 2.0',
    'SolidWorks 2022',
    '' );
FILE_SCHEMA (( 'CONFIG_CONTROL_DESIGN' ));
ENDSEC;

DATA;
#1 = CARTESIAN_POINT ( 'NONE',  ( -0.9327204260436289252, -2.333452241679285333, -3.331363726164791039 ) ) ;
#2 = DIRECTION ( 'NONE',  ( 0.000000000000000000, 0.5000000000000039968, 0.8660254037844363761 ) ) ;
#3 = CARTESIAN_POINT ( 'NONE',  ( -0.4999999999999970024, -2.449489742783178770, -3.774917217635372690 ) ) ;
#4 = CARTESIAN_POINT ( 'NONE',  ( -1.985545992343891175, -5.790160394318345283, 1.578955078712140025 ) ) ;
#5 = CARTESIAN_POINT ( 'NONE',  ( -1.716637771549721414, -1.823592091721846664, -2.731119062089268468 ) ) ;
#6 = CARTESIAN_POINT ( 'NONE',  ( -18.70218189087393057, 3.500000000000000000, 4.873397172404481559 ) ) ;
#7 = CARTESIAN_POINT ( 'NONE',  ( 0.000000000000000000, -3.500000000000000000, 0.000000000000000000 ) ) ;
#8 = LINE ( 'NONE', #1390, #449 ) ;
#9 = AXIS2_PLACEMENT_3D ( 'NONE', #435, #559, #1016 ) ;
#10 = CARTESIAN_POINT ( 'NONE',  ( 3.061618184017937367E-16, -4.490370349203930189, -0.2942348160741062313 ) ) ;
#11 = CARTESIAN_POINT ( 'NONE',  ( 3.061618184207263984E-16, 1.990370349203966605, 4.035892202848048171 ) ) ;
#12 = EDGE_CURVE ( 'NONE', #697, #1038, #494, .T. ) ;
#13 = ORIENTED_EDGE ( 'NONE', *, *, #122, .F. ) ;
#14 = AXIS2_PLACEMENT_3D ( 'NONE', #521, #535, #66 ) ;
#15 = DIRECTION ( 'NONE',  ( 0.000000000000000000, 0.000000000000000000, -1.000000000000000000 ) ) ;
#16 = FACE_OUTER_BOUND ( 'NONE', #1428, .T. ) ;
#17 = CONICAL_SURFACE ( 'NONE', #1104, 2.500000000000000444, 0.7853981633974473908 ) ;
#18 = EDGE_LOOP ( 'NONE', ( #104, #723 ) ) ;
#19 = VECTOR ( 'NONE', #462, 1000.000000000000000 ) ;
#20 = CARTESIAN_POINT ( 'NONE',  ( 2.333424529618326471, 0.9156875820021691537, -4.409115571900880326 ) ) ;
#21 = DIRECTION ( 'NONE',  ( 0.000000000000000000, 0.4999999999999920064, -0.8660254037844431485 ) ) ;
#22 = EDGE_LOOP ( 'NONE', ( #1293, #673, #1270, #1405 ) ) ;
#23 = CARTESIAN_POINT ( 'NONE',  ( -0.4999999999994049760, 2.044429336263302588, 4.008778952377676674 ) ) ;
#24 = ADVANCED_FACE ( 'NONE', ( #332 ), #210, .F. ) ;
#25 = CARTESIAN_POINT ( 'NONE',  ( 1.851283930753645723, -1.689905531906726210, -4.173407881022475507 ) ) ;
#26 = EDGE_CURVE ( 'NONE', #874, #1092, #140, .T. ) ;
#27 = CARTESIAN_POINT ( 'NONE',  ( 1.261781856750075148, -4.500046441877444181, 0.09909293180077877183 ) ) ;
#28 = CARTESIAN_POINT ( 'NONE',  ( 0.000000000000000000, -5.245190528383262496, 5.915063509461120361 ) ) ;
#29 = CARTESIAN_POINT ( 'NONE',  ( 1.527018713323708976, -5.896981302432843464, 1.111265924706235531 ) ) ;
#30 = EDGE_LOOP ( 'NONE', ( #481, #964, #641, #867 ) ) ;
#31 = CARTESIAN_POINT ( 'NONE',  ( -0.8108842227675535641, 5.959053805728686370, 0.7031465722063234836 ) ) ;
#32 = CARTESIAN_POINT ( 'NONE',  ( -8.499999999999998224, 4.000000000000000000, 4.472135954999580498 ) ) ;
#33 = CARTESIAN_POINT ( 'NONE',  ( 0.000000000000000000, 0.000000000000000000, -7.500000000000000888 ) ) ;
#34 = CARTESIAN_POINT ( 'NONE',  ( 2.366835733197563130, 3.423324031760289543, 2.924785545618605376 ) ) ;
#35 = CARTESIAN_POINT ( 'NONE',  ( -18.70218189087393057, 0.000000000000000000, 2.500000000000000444 ) ) ;
#36 = AXIS2_PLACEMENT_3D ( 'NONE', #1366, #1023, #1352 ) ;
#37 = ORIENTED_EDGE ( 'NONE', *, *, #1489, .T. ) ;
#38 = VERTEX_POINT ( 'NONE', #1276 ) ;
#39 = DIRECTION ( 'NONE',  ( 0.000000000000000000, 0.000000000000000000, 1.000000000000000000 ) ) ;
#40 = MANIFOLD_SOLID_BREP ( 'Répétition circulaire1', #1485 ) ;
#41 = CARTESIAN_POINT ( 'NONE',  ( -0.1645488304159841153, 3.473610906922842467, 4.892241538119994182 ) ) ;
#42 = CARTESIAN_POINT ( 'NONE',  ( -11.50000000000000000, 4.000000000000000000, -4.472135954999580498 ) ) ;
#43 = AXIS2_PLACEMENT_3D ( 'NONE', #681, #1368, #806 ) ;
#44 = EDGE_CURVE ( 'NONE', #612, #219, #1040, .T. ) ;
#45 = CARTESIAN_POINT ( 'NONE',  ( 0.8206107696804724183, 4.498538466502030708, -0.1359594052560198219 ) ) ;
#46 = CARTESIAN_POINT ( 'NONE',  ( 2.165680390522465970, -5.711512083902107406, 1.843304504763697116 ) ) ;
#47 = ORIENTED_EDGE ( 'NONE', *, *, #1154, .F. ) ;
#48 = DIRECTION ( 'NONE',  ( 0.000000000000000000, 0.000000000000000000, 1.000000000000000000 ) ) ;
#49 = VERTEX_POINT ( 'NONE', #10 ) ;
#50 = CARTESIAN_POINT ( 'NONE',  ( 0.000000000000000000, -6.495190528383272266, 3.750000000000030198 ) ) ;
#51 = CARTESIAN_POINT ( 'NONE',  ( 2.177485765195971368, -4.383240747337805665, 1.063612809261784919 ) ) ;
#52 = CARTESIAN_POINT ( 'NONE',  ( 2.368921780014341838, 4.242836876821798775, 1.507558789285546874 ) ) ;
#53 = ORIENTED_EDGE ( 'NONE', *, *, #891, .F. ) ;
#54 = ORIENTED_EDGE ( 'NONE', *, *, #611, .F. ) ;
#55 = CARTESIAN_POINT ( 'NONE',  ( -2.499999999999998224, -0.1672401054569762346, -5.999999999999997335 ) ) ;
#56 = CARTESIAN_POINT ( 'NONE',  ( -1.985545992343891175, 4.262495406758363359, 4.224948454110120544 ) ) ;
#57 = DIRECTION ( 'NONE',  ( 0.000000000000000000, 0.000000000000000000, 1.000000000000000000 ) ) ;
#58 = CARTESIAN_POINT ( 'NONE',  ( 1.652673875923523994, 4.482584088595134908, 0.4141642800009461278 ) ) ;
#59 = COORDINATED_UNIVERSAL_TIME_OFFSET ( 1, 0, .AHEAD. ) ;
#60 = ORIENTED_EDGE ( 'NONE', *, *, #1003, .F. ) ;
#61 = ORIENTED_EDGE ( 'NONE', *, *, #508, .T. ) ;
#62 = DIRECTION ( 'NONE',  ( -1.000000000000000000, -0.000000000000000000, -0.000000000000000000 ) ) ;
#63 = VECTOR ( 'NONE', #592, 1000.000000000000000 ) ;
#64 = EDGE_CURVE ( 'NONE', #767, #98, #1163, .T. ) ;
#65 = CARTESIAN_POINT ( 'NONE',  ( -0.8118260064390623310, 3.588813123295373497, 4.808855716852874274 ) ) ;
#66 = DIRECTION ( 'NONE',  ( 0.000000000000000000, 0.000000000000000000, 1.000000000000000000 ) ) ;
#67 = AXIS2_PLACEMENT_3D ( 'NONE', #131, #1264, #1282 ) ;
#68 =( NAMED_UNIT ( * ) SI_UNIT ( $, .STERADIAN. ) SOLID_ANGLE_UNIT ( ) );
#69 = LOCAL_TIME ( 17, 39, 28.00000000000000000, #1106 ) ;
#70 = ORIENTED_EDGE ( 'NONE', *, *, #1244, .F. ) ;
#71 = CARTESIAN_POINT ( 'NONE',  ( -0.08436020333381166747, -4.490370349203931966, -0.2942348160741062868 ) ) ;
#72 = CARTESIAN_POINT ( 'NONE',  ( -1.984518609099074293, -4.261487811958442506, 4.225980117751015896 ) ) ;
#73 = CARTESIAN_POINT ( 'NONE',  ( -18.70218189087393057, 0.000000000000000000, 0.000000000000000000 ) ) ;
#74 = EDGE_CURVE ( 'NONE', #1116, #704, #1174, .T. ) ;
#75 = CARTESIAN_POINT ( 'NONE',  ( 1.258327122135948883, 2.166263312547639153, -5.596114381309003960 ) ) ;
#76 = SECURITY_CLASSIFICATION_LEVEL ( 'unclassified' ) ;
#77 = ORIENTED_EDGE ( 'NONE', *, *, #1043, .F. ) ;
#78 = CARTESIAN_POINT ( 'NONE',  ( -8.499999999999998224, 4.000000000000000000, -4.472135954999580498 ) ) ;
#79 = CARTESIAN_POINT ( 'NONE',  ( -2.187603376874444283, 2.806424413381388483, 0.2111294643316709574 ) ) ;
#80 = CARTESIAN_POINT ( 'NONE',  ( 2.368921780014342282, -3.427002647630707610, 2.920625124798318595 ) ) ;
#81 = FACE_BOUND ( 'NONE', #18, .T. ) ;
#82 = CARTESIAN_POINT ( 'NONE',  ( 1.881346931504435993, 1.654382943241685222, -5.768663301305693381 ) ) ;
#83 = EDGE_CURVE ( 'NONE', #1038, #1470, #570, .T. ) ;
#84 = ORIENTED_EDGE ( 'NONE', *, *, #371, .F. ) ;
#85 = CARTESIAN_POINT ( 'NONE',  ( -18.70218189087393057, 3.061616997868383634E-16, -2.500000000000000444 ) ) ;
#86 = VECTOR ( 'NONE', #200, 1000.000000000000000 ) ;
#87 = AXIS2_PLACEMENT_3D ( 'NONE', #525, #94, #1093 ) ;
#88 = DIRECTION ( 'NONE',  ( 0.000000000000000000, 0.000000000000000000, 1.000000000000000000 ) ) ;
#89 = CARTESIAN_POINT ( 'NONE',  ( 1.527666995109352666, 5.896888719109727006, 1.111769944190779791 ) ) ;
#90 = EDGE_CURVE ( 'NONE', #379, #752, #596, .T. ) ;
#91 = AXIS2_PLACEMENT_3D ( 'NONE', #572, #1397, #709 ) ;
#92 = ADVANCED_FACE ( 'NONE', ( #1034 ), #482, .T. ) ;
#93 = EDGE_LOOP ( 'NONE', ( #615, #1445, #1255, #995, #803 ) ) ;
#94 = DIRECTION ( 'NONE',  ( -1.000000000000000000, -0.000000000000000000, -0.000000000000000000 ) ) ;
#95 = CIRCLE ( 'NONE', #796, 4.499999999999999112 ) ;
#96 = DIRECTION ( 'NONE',  ( -1.000000000000000000, 0.000000000000000000, -0.000000000000000000 ) ) ;
#97 = CARTESIAN_POINT ( 'NONE',  ( 2.370351792790930112, 4.744329713609396926, 3.676297381517876328 ) ) ;
#98 = VERTEX_POINT ( 'NONE', #118 ) ;
#99 = ORIENTED_EDGE ( 'NONE', *, *, #528, .T. ) ;
#100 = CARTESIAN_POINT ( 'NONE',  ( -11.50000000000000000, 4.000000000000000000, 4.472135954999580498 ) ) ;
#101 = CARTESIAN_POINT ( 'NONE',  ( 10.50000000000000533, 0.000000000000000000, 0.000000000000000000 ) ) ;
#102 = CARTESIAN_POINT ( 'NONE',  ( 0.3313137190756125228, 5.971971739716440020, 0.5803526409295605148 ) ) ;
#103 = CARTESIAN_POINT ( 'NONE',  ( -0.7149162934398450853, 4.274763559978704386, -0.3097349765109241870 ) ) ;
#104 = ORIENTED_EDGE ( 'NONE', *, *, #391, .F. ) ;
#105 = LINE ( 'NONE', #791, #931 ) ;
#106 = EDGE_CURVE ( 'NONE', #1470, #219, #897, .T. ) ;
#107 = LINE ( 'NONE', #1338, #370 ) ;
#108 = CARTESIAN_POINT ( 'NONE',  ( 1.111834791422225965, 3.696529275729055097, 4.726548318895414269 ) ) ;
#109 = CIRCLE ( 'NONE', #158, 6.000000000000000888 ) ;
#110 = CARTESIAN_POINT ( 'NONE',  ( 2.500000000000000444, 0.1875249152872107972, -4.500000000000000000 ) ) ;
#111 = CARTESIAN_POINT ( 'NONE',  ( -2.499999999999998668, 0.000000000000000000, 0.000000000000000000 ) ) ;
#112 = B_SPLINE_CURVE_WITH_KNOTS ( 'NONE', 3,
 ( #119, #1022, #1379, #690, #333, #1484 ),
 .UNSPECIFIED., .F., .F.,
 ( 4, 2, 4 ),
 ( 0.000000000000000000, 0.0002513560087953974043, 0.0005027120175907948086 ),
 .UNSPECIFIED. ) ;
#113 = AXIS2_PLACEMENT_3D ( 'NONE', #1062, #631, #292 ) ;
#114 = CC_DESIGN_APPROVAL ( #1416, ( #431 ) ) ;
#115 = CARTESIAN_POINT ( 'NONE',  ( -0.3149031493426713291, -2.487272479208742393, -3.750400540847084407 ) ) ;
#116 = PRODUCT_DEFINITION_FORMATION_WITH_SPECIFIED_SOURCE ( 'ANY', '', #1384, .NOT_KNOWN. ) ;
#117 = CARTESIAN_POINT ( 'NONE',  ( -3.499999999999999556, 4.000000000000000000, -4.472135954999580498 ) ) ;
#118 = CARTESIAN_POINT ( 'NONE',  ( -2.500000000000000000, 1.183291357831517708E-27, -2.499999999999999112 ) ) ;
#119 = CARTESIAN_POINT ( 'NONE',  ( 0.000000000000000000, -1.990370349203912204, 4.035892202848075705 ) ) ;
#120 = FACE_OUTER_BOUND ( 'NONE', #173, .T. ) ;
#121 = DIRECTION ( 'NONE',  ( -1.000000000000000000, -0.000000000000000000, -0.000000000000000000 ) ) ;
#122 = EDGE_CURVE ( 'NONE', #816, #38, #471, .T. ) ;
#123 = CARTESIAN_POINT ( 'NONE',  ( -1.921656090125326122, -1.606104363665667778, -2.626911099668285399 ) ) ;
#124 = FACE_OUTER_BOUND ( 'NONE', #1123, .T. ) ;
#125 = ORIENTED_EDGE ( 'NONE', *, *, #355, .T. ) ;
#126 = CARTESIAN_POINT ( 'NONE',  ( 2.478270965842243267, -0.3780501361476483746, -4.487828405839444201 ) ) ;
#127 = DIRECTION ( 'NONE',  ( -1.000000000000000000, -0.000000000000000000, -0.000000000000000000 ) ) ;
#128 = VECTOR ( 'NONE', #374, 1000.000000000000000 ) ;
#129 = AXIS2_PLACEMENT_3D ( 'NONE', #1373, #340, #696 ) ;
#130 = EDGE_CURVE ( 'NONE', #219, #398, #1442, .T. ) ;
#131 = CARTESIAN_POINT ( 'NONE',  ( -2.499999999999998668, 0.000000000000000000, 0.000000000000000000 ) ) ;
#132 = DIRECTION ( 'NONE',  ( 1.000000000000000000, 0.000000000000000000, 0.000000000000000000 ) ) ;
#133 = ADVANCED_FACE ( 'NONE', ( #1189 ), #1073, .F. ) ;
#134 = ORIENTED_EDGE ( 'NONE', *, *, #90, .F. ) ;
#135 = CARTESIAN_POINT ( 'NONE',  ( -1.881988043386753517, 5.822802718359811891, 1.452367439126398319 ) ) ;
#136 = CIRCLE ( 'NONE', #588, 5.999999999999999112 ) ;
#137 = FACE_BOUND ( 'NONE', #733, .T. ) ;
#138 = CARTESIAN_POINT ( 'NONE',  ( 0.3358829269316117028, -4.491847993869985345, -0.2735756276555090794 ) ) ;
#139 = ORIENTED_EDGE ( 'NONE', *, *, #1473, .T. ) ;
#140 = B_SPLINE_CURVE_WITH_KNOTS ( 'NONE', 3,
 ( #372, #580, #241, #1057, #836, #255, #928, #228, #248, #1164, #1142, #712, #1157, #20, #1048, #1407, #110, #568 ),
 .UNSPECIFIED., .F., .F.,
 ( 4, 2, 2, 2, 2, 2, 2, 2, 4 ),
 ( 0.000000000000000000, 0.0005626388441368547792, 0.001125277688273709775, 0.001687916532410564663, 0.002250555376547419984, 0.002813194220684274872, 0.003375833064821130193, 0.003938471908957985948, 0.004501110753094840836 ),
 .UNSPECIFIED. ) ;
#141 = CARTESIAN_POINT ( 'NONE',  ( -0.08436020333381069602, 1.990370349203966605, 4.035892202848049060 ) ) ;
#142 = CARTESIAN_POINT ( 'NONE',  ( 0.3313137190756129669, -3.488586000056631775, 4.881702916812391990 ) ) ;
#143 = ORIENTED_EDGE ( 'NONE', *, *, #402, .F. ) ;
#144 = DIRECTION ( 'NONE',  ( -1.000000000000000000, -0.000000000000000000, -0.000000000000000000 ) ) ;
#145 = CC_DESIGN_PERSON_AND_ORGANIZATION_ASSIGNMENT ( #623, #396, ( #296 ) ) ;
#146 = ORIENTED_EDGE ( 'NONE', *, *, #1314, .F. ) ;
#147 = CARTESIAN_POINT ( 'NONE',  ( 2.500000000000000000, -0.1873344380874958359, -4.500000000000000888 ) ) ;
#148 = DIRECTION ( 'NONE',  ( 0.000000000000000000, 0.000000000000000000, 1.000000000000000000 ) ) ;
#149 = EDGE_LOOP ( 'NONE', ( #1398, #125, #628, #1216 ) ) ;
#150 = CARTESIAN_POINT ( 'NONE',  ( 1.528766028474674465, 2.506414839232859126, 3.738732678577062263 ) ) ;
#151 = CARTESIAN_POINT ( 'NONE',  ( 3.058913523538635960E-16, -5.973610906922793617, 0.5621145191978597078 ) ) ;
#152 = EDGE_LOOP ( 'NONE', ( #1247, #978, #1324, #250 ) ) ;
#153 = CARTESIAN_POINT ( 'NONE',  ( -0.4999999999994048094, -4.493919079047087095, -0.2338617347426801274 ) ) ;
#154 = CARTESIAN_POINT ( 'NONE',  ( -2.379730356895088494, -2.560066595639289844, 0.5746330873398516337 ) ) ;
#155 = EDGE_CURVE ( 'NONE', #1210, #640, #795, .T. ) ;
#156 = CARTESIAN_POINT ( 'NONE',  ( -11.50000000000000000, 0.000000000000000000, 5.999999999999999112 ) ) ;
#157 = EDGE_LOOP ( 'NONE', ( #1422, #845 ) ) ;
#158 = AXIS2_PLACEMENT_3D ( 'NONE', #441, #893, #316 ) ;
#159 = CARTESIAN_POINT ( 'NONE',  ( 0.000000000000000000, 4.490370349203925748, -0.2942348160741684038 ) ) ;
#160 = CARTESIAN_POINT ( 'NONE',  ( 2.483357951628045956, -5.355928139640266927, 2.709284097794636637 ) ) ;
#161 = CIRCLE ( 'NONE', #87, 4.500000000000000000 ) ;
#162 = ORIENTED_EDGE ( 'NONE', *, *, #83, .F. ) ;
#163 = FACE_OUTER_BOUND ( 'NONE', #298, .T. ) ;
#164 = DIRECTION ( 'NONE',  ( -1.000000000000000000, -0.000000000000000000, -0.000000000000000000 ) ) ;
#165 = CARTESIAN_POINT ( 'NONE',  ( 1.653756369948624183, -4.482476203241679613, 0.4152428981041334510 ) ) ;
#166 = LOCAL_TIME ( 17, 39, 28.00000000000000000, #406 ) ;
#167 = CARTESIAN_POINT ( 'NONE',  ( -3.499999999999997780, 0.000000000000000000, 7.500000000000000000 ) ) ;
#168 = DATE_AND_TIME ( #1198, #166 ) ;
#169 = VECTOR ( 'NONE', #488, 1000.000000000000000 ) ;
#170 = VERTEX_POINT ( 'NONE', #1304 ) ;
#171 = EDGE_LOOP ( 'NONE', ( #1084, #812, #853, #1032, #895, #1083, #1457, #868, #1131 ) ) ;
#172 = DIRECTION ( 'NONE',  ( 0.000000000000000000, 0.000000000000000000, 1.000000000000000000 ) ) ;
#173 = EDGE_LOOP ( 'NONE', ( #197, #706, #184, #741, #1319 ) ) ;
#174 = CYLINDRICAL_SURFACE ( 'NONE', #1481, 2.499999999999999556 ) ;
#175 = CARTESIAN_POINT ( 'NONE',  ( -2.499999999999998668, 0.000000000000000000, 0.000000000000000000 ) ) ;
#176 = EDGE_CURVE ( 'NONE', #969, #1354, #279, .T. ) ;
#177 = DIRECTION ( 'NONE',  ( 0.000000000000000000, 0.000000000000000000, 1.000000000000000000 ) ) ;
#178 = DATE_AND_TIME ( #1004, #1078 ) ;
#179 = VERTEX_POINT ( 'NONE', #167 ) ;
#180 = EDGE_LOOP ( 'NONE', ( #1159, #146, #797, #1341 ) ) ;
#181 = CARTESIAN_POINT ( 'NONE',  ( -0.1668750401584654097, -2.499892161112045041, -5.454405485178531521 ) ) ;
#182 = CARTESIAN_POINT ( 'NONE',  ( -1.616490336101550351, -3.374245934295638794, -0.2809603615105178420 ) ) ;
#183 = CARTESIAN_POINT ( 'NONE',  ( -2.261534353976522915, 1.077361354750660194, -2.521273043987369178 ) ) ;
#184 = ORIENTED_EDGE ( 'NONE', *, *, #1396, .T. ) ;
#185 = EDGE_LOOP ( 'NONE', ( #273, #13, #1091, #1376, #1318, #666, #677, #1013, #951 ) ) ;
#186 = CARTESIAN_POINT ( 'NONE',  ( -3.499999999999997780, 0.000000000000000000, 0.000000000000000000 ) ) ;
#187 = AXIS2_PLACEMENT_3D ( 'NONE', #320, #1326, #1320 ) ;
#188 = EDGE_CURVE ( 'NONE', #1184, #634, #477, .T. ) ;
#189 = CARTESIAN_POINT ( 'NONE',  ( -2.165817156349889583, 4.452293816178752195, 4.024442359748748643 ) ) ;
#190 = CARTESIAN_POINT ( 'NONE',  ( 1.879063090195841612, -2.796599322600865190, 3.527623051146958399 ) ) ;
#191 = CARTESIAN_POINT ( 'NONE',  ( 1.257447606985610422, 5.929618051892315833, 0.9213895663845400597 ) ) ;
#192 = AXIS2_PLACEMENT_3D ( 'NONE', #585, #618, #480 ) ;
#193 = AXIS2_PLACEMENT_3D ( 'NONE', #1152, #127, #244 ) ;
#194 = PERSON_AND_ORGANIZATION_ROLE ( 'design_supplier' ) ;
#195 = EDGE_LOOP ( 'NONE', ( #979, #625 ) ) ;
#196 = CARTESIAN_POINT ( 'NONE',  ( -1.538487981714742991, -1.996726160520226001, -5.663027394641085621 ) ) ;
#197 = ORIENTED_EDGE ( 'NONE', *, *, #923, .F. ) ;
#198 = CARTESIAN_POINT ( 'NONE',  ( -0.4999999999999970024, 4.493919079047091536, -0.2338617347419978398 ) ) ;
#199 = CARTESIAN_POINT ( 'NONE',  ( -2.500000000000000000, 0.1601087575753389336, -2.499999999999999112 ) ) ;
#200 = DIRECTION ( 'NONE',  ( -0.000000000000000000, -0.000000000000000000, -1.000000000000000000 ) ) ;
#201 = CARTESIAN_POINT ( 'NONE',  ( -8.499999999999998224, 3.500000000000000000, -5.000000000000000000 ) ) ;
#202 = APPROVAL_STATUS ( 'not_yet_approved' ) ;
#203 = CARTESIAN_POINT ( 'NONE',  ( -2.424923147575197557, 1.852578384778503562, 1.795033268400018089 ) ) ;
#204 = CARTESIAN_POINT ( 'NONE',  ( -0.2520359341811145293, -4.491057727142016454, -0.2840027655076807211 ) ) ;
#205 = CARTESIAN_POINT ( 'NONE',  ( -1.881988043386751741, -4.169188457092736222, 4.316511355761465829 ) ) ;
#206 = ADVANCED_FACE ( 'NONE', ( #1127 ), #1449, .T. ) ;
#207 = CARTESIAN_POINT ( 'NONE',  ( -0.4999999999999970024, -2.449489742783178770, -3.774917217635372690 ) ) ;
#208 = CARTESIAN_POINT ( 'NONE',  ( 1.112763928491107279, 2.244635986508918268, -5.564731696079011414 ) ) ;
#209 = EDGE_CURVE ( 'NONE', #398, #874, #1250, .T. ) ;
#210 = PLANE ( 'NONE',  #647 ) ;
#211 = CARTESIAN_POINT ( 'NONE',  ( 2.500000000000000000, 7.347777944682092240E-16, -6.000000000000000000 ) ) ;
#212 = B_SPLINE_CURVE_WITH_KNOTS ( 'NONE', 3,
 ( #299, #784, #204, #71, #761 ),
 .UNSPECIFIED., .F., .F.,
 ( 4, 1, 4 ),
 ( 0.007483275483990719200, 0.007735648922960171314, 0.007988022361929624296 ),
 .UNSPECIFIED. ) ;
#213 = CARTESIAN_POINT ( 'NONE',  ( -2.499999999999999556, 2.245159218070798435, 1.111270163219759688 ) ) ;
#214 = CARTESIAN_POINT ( 'NONE',  ( -2.499999999999998668, 0.000000000000000000, -5.999999999999998224 ) ) ;
#215 = EDGE_LOOP ( 'NONE', ( #1229, #770, #84, #489, #1402, #927, #408, #1476 ) ) ;
#216 = AXIS2_PLACEMENT_3D ( 'NONE', #721, #1425, #386 ) ;
#217 = ORIENTED_EDGE ( 'NONE', *, *, #818, .F. ) ;
#218 = DIRECTION ( 'NONE',  ( 0.000000000000000000, 0.000000000000000000, -1.000000000000000000 ) ) ;
#219 = VERTEX_POINT ( 'NONE', #1233 ) ;
#220 = AXIS2_PLACEMENT_3D ( 'NONE', #1471, #1364, #1256 ) ;
#221 = CARTESIAN_POINT ( 'NONE',  ( -11.50000000000000000, 0.000000000000000000, 2.500000000000000000 ) ) ;
#222 = CARTESIAN_POINT ( 'NONE',  ( -1.985483152737858026, 1.527725331987265012, -5.803883338356254029 ) ) ;
#223 = EDGE_CURVE ( 'NONE', #969, #1168, #1134, .T. ) ;
#224 = EDGE_LOOP ( 'NONE', ( #77, #599, #259, #603, #607 ) ) ;
#225 = CARTESIAN_POINT ( 'NONE',  ( 0.000000000000000000, -3.473610906922772745, 4.892241538120041255 ) ) ;
#226 = DIRECTION ( 'NONE',  ( -0.000000000000000000, 0.8660254037844363761, -0.5000000000000041078 ) ) ;
#227 = CARTESIAN_POINT ( 'NONE',  ( -11.50000000000000000, 4.000000000000000000, -4.472135954999580498 ) ) ;
#228 = CARTESIAN_POINT ( 'NONE',  ( 1.296839910391283768, 2.145096775132186551, -3.956971576143081926 ) ) ;
#229 = DIRECTION ( 'NONE',  ( 0.000000000000000000, 0.000000000000000000, 1.000000000000000000 ) ) ;
#230 = CARTESIAN_POINT ( 'NONE',  ( -1.386266259221740293, 2.095701381694885956, -2.944028572722349413 ) ) ;
#231 = CARTESIAN_POINT ( 'NONE',  ( -2.499999999999998668, 0.000000000000000000, 0.000000000000000000 ) ) ;
#232 = AXIS2_PLACEMENT_3D ( 'NONE', #885, #1357, #536 ) ;
#233 = CARTESIAN_POINT ( 'NONE',  ( -2.016764923426698441, -1.485788547611144095, -2.589042832177432363 ) ) ;
#234 = LINE ( 'NONE', #6, #620 ) ;
#235 = CC_DESIGN_APPROVAL ( #993, ( #116 ) ) ;
#236 = DIRECTION ( 'NONE',  ( 0.000000000000000000, 0.000000000000000000, -1.000000000000000000 ) ) ;
#237 = EDGE_CURVE ( 'NONE', #612, #914, #1365, .T. ) ;
#238 = APPROVAL_PERSON_ORGANIZATION ( #751, #993, #649 ) ;
#239 = CARTESIAN_POINT ( 'NONE',  ( -2.499999999999998668, -5.196152422706617813, 3.000000000000023981 ) ) ;
#240 = ORIENTED_EDGE ( 'NONE', *, *, #1015, .F. ) ;
#241 = CARTESIAN_POINT ( 'NONE',  ( -0.1284647145779546085, 2.503795603262593872, -3.739122494411501574 ) ) ;
#242 = CARTESIAN_POINT ( 'NONE',  ( 2.500000000000000000, 7.347777944682092240E-16, -6.000000000000000000 ) ) ;
#243 = PLANE ( 'NONE',  #926 ) ;
#244 = DIRECTION ( 'NONE',  ( 0.000000000000000000, 0.000000000000000000, 1.000000000000000000 ) ) ;
#245 = EDGE_CURVE ( 'NONE', #760, #417, #906, .T. ) ;
#246 = VERTEX_POINT ( 'NONE', #560 ) ;
#247 = EDGE_CURVE ( 'NONE', #1259, #179, #8, .T. ) ;
#248 = CARTESIAN_POINT ( 'NONE',  ( 1.449002926077760600, 2.045294434282805440, -4.010364836328353277 ) ) ;
#249 = CARTESIAN_POINT ( 'NONE',  ( 0.6556275274753139426, -5.964646969370231311, 0.6513642939271554466 ) ) ;
#250 = ORIENTED_EDGE ( 'NONE', *, *, #463, .F. ) ;
#251 = DIRECTION ( 'NONE',  ( 0.000000000000000000, 0.000000000000000000, 1.000000000000000000 ) ) ;
#252 = CARTESIAN_POINT ( 'NONE',  ( 0.2480931846270275354, -2.494673459772043245, -3.745214896780198810 ) ) ;
#253 = CARTESIAN_POINT ( 'NONE',  ( -2.500000000000000000, -5.278566875649261192, 2.857253980225377354 ) ) ;
#254 = CIRCLE ( 'NONE', #765, 2.500000000000000444 ) ;
#255 = CARTESIAN_POINT ( 'NONE',  ( 0.7967877231959571427, 2.376878017316851555, -3.821439923222179402 ) ) ;
#256 = CARTESIAN_POINT ( 'NONE',  ( 1.527666995109352222, -3.911265374388107841, 4.550970461943494527 ) ) ;
#257 = ORIENTED_EDGE ( 'NONE', *, *, #1139, .F. ) ;
#258 = CARTESIAN_POINT ( 'NONE',  ( -2.418647822616557086, -0.6535671553393457289, -5.966488535110096691 ) ) ;
#259 = ORIENTED_EDGE ( 'NONE', *, *, #64, .F. ) ;
#260 = CARTESIAN_POINT ( 'NONE',  ( 2.394799541823785738, -0.7414067979580991619, -4.442278882020147535 ) ) ;
#261 = CARTESIAN_POINT ( 'NONE',  ( -0.7149162934398450853, -1.869143421890332890, 3.856921326369015190 ) ) ;
#262 = CARTESIAN_POINT ( 'NONE',  ( 2.163223319501879072, 4.374084838611040027, 1.066389062514183195 ) ) ;
#263 = FACE_OUTER_BOUND ( 'NONE', #1420, .T. ) ;
#264 = B_SPLINE_CURVE_WITH_KNOTS ( 'NONE', 3,
 ( #268, #376, #1212, #958, #154, #840, #520, #762, #746, #182, #1218, #637, #384, #848 ),
 .UNSPECIFIED., .F., .F.,
 ( 4, 2, 2, 2, 2, 2, 4 ),
 ( 0.004074398081867921205, 0.004546628040111462370, 0.005018857998355004402, 0.005491087956598545566, 0.005963317914842086731, 0.006907777831329169060, 0.007852237747816251390 ),
 .UNSPECIFIED. ) ;
#265 = EDGE_CURVE ( 'NONE', #1076, #711, #1289, .T. ) ;
#266 = ORIENTED_EDGE ( 'NONE', *, *, #512, .F. ) ;
#267 = DIRECTION ( 'NONE',  ( -1.000000000000000000, -0.000000000000000000, -0.000000000000000000 ) ) ;
#268 = CARTESIAN_POINT ( 'NONE',  ( -2.500000000000000000, -2.165063509461090607, 1.250000000000009104 ) ) ;
#269 = DIRECTION ( 'NONE',  ( -1.000000000000000000, -0.000000000000000000, -0.000000000000000000 ) ) ;
#270 = ORIENTED_EDGE ( 'NONE', *, *, #440, .F. ) ;
#271 = CARTESIAN_POINT ( 'NONE',  ( 20.50000000000000000, 0.000000000000000000, 0.000000000000000000 ) ) ;
#272 = CARTESIAN_POINT ( 'NONE',  ( 0.8130186535683988636, -3.589189938535708890, 4.808573226075606222 ) ) ;
#273 = ORIENTED_EDGE ( 'NONE', *, *, #672, .F. ) ;
#274 = DIRECTION ( 'NONE',  ( 0.000000000000000000, 0.000000000000000000, 1.000000000000000000 ) ) ;
#275 = CARTESIAN_POINT ( 'NONE',  ( -2.244129204509809128, -4.550650924510385664, 3.913423404807776063 ) ) ;
#276 = CC_DESIGN_PERSON_AND_ORGANIZATION_ASSIGNMENT ( #766, #1348, ( #116 ) ) ;
#277 = CARTESIAN_POINT ( 'NONE',  ( -1.921656090125326344, -1.471919563963204780, 2.704382729897657711 ) ) ;
#278 = CIRCLE ( 'NONE', #1309, 6.000000000000000888 ) ;
#279 = LINE ( 'NONE', #739, #1047 ) ;
#280 = CARTESIAN_POINT ( 'NONE',  ( 1.111834791422226409, -5.941575554242594315, 0.8380140991665200323 ) ) ;
#281 = EDGE_LOOP ( 'NONE', ( #339, #1436 ) ) ;
#282 = ORIENTED_EDGE ( 'NONE', *, *, #1489, .F. ) ;
#283 = CARTESIAN_POINT ( 'NONE',  ( -8.499999999999998224, -3.500000000000000000, -5.000000000000000000 ) ) ;
#284 = CARTESIAN_POINT ( 'NONE',  ( -2.500000000000000444, 5.113737969764021507, 3.142746019774601329 ) ) ;
#285 = CARTESIAN_POINT ( 'NONE',  ( 2.500226111237044524, -3.815680351190300801, 2.391299000839628874 ) ) ;
#286 = ADVANCED_FACE ( 'NONE', ( #16 ), #925, .F. ) ;
#287 = CARTESIAN_POINT ( 'NONE',  ( 0.000000000000000000, 6.495190528383324668, 3.749999999999940048 ) ) ;
#288 = VERTEX_POINT ( 'NONE', #1258 ) ;
#289 = ORIENTED_EDGE ( 'NONE', *, *, #74, .T. ) ;
#290 = CARTESIAN_POINT ( 'NONE',  ( -8.499999999999998224, 3.500000000000000000, 4.873397172404481559 ) ) ;
#291 = DIRECTION ( 'NONE',  ( -0.000000000000000000, 0.8660254037844363761, -0.5000000000000041078 ) ) ;
#292 = DIRECTION ( 'NONE',  ( 0.000000000000000000, 0.000000000000000000, 1.000000000000000000 ) ) ;
#293 = EDGE_CURVE ( 'NONE', #170, #579, #498, .T. ) ;
#294 = PERSON ( 'UNSPECIFIED', 'UNSPECIFIED', 'UNSPECIFIED', ('UNSPECIFIED'), ('UNSPECIFIED'), ('UNSPECIFIED') ) ;
#295 = APPLICATION_PROTOCOL_DEFINITION ( 'international standard', 'config_control_design', 1994, #658 ) ;
#296 = PRODUCT_DEFINITION ( 'UNKNOWN', '', #116, #1225 ) ;
#297 = ORIENTED_EDGE ( 'NONE', *, *, #1292, .F. ) ;
#298 = EDGE_LOOP ( 'NONE', ( #217, #467, #1137, #1382 ) ) ;
#299 = CARTESIAN_POINT ( 'NONE',  ( -0.4999999999994048094, -4.493919079047087095, -0.2338617347426801274 ) ) ;
#300 = CARTESIAN_POINT ( 'NONE',  ( -2.483265549910996572, 5.023836849247318881, 3.284405491331582549 ) ) ;
#301 = CARTESIAN_POINT ( 'NONE',  ( 1.529640678000029563, -2.507022055870589572, 3.738331525007889233 ) ) ;
#302 = CARTESIAN_POINT ( 'NONE',  ( 2.165280463528985511, 1.260060590211530940, -5.867820848286509516 ) ) ;
#303 = DATE_TIME_ROLE ( 'creation_date' ) ;
#304 = VERTEX_POINT ( 'NONE', #227 ) ;
#305 = CARTESIAN_POINT ( 'NONE',  ( 1.985004411042074812, -1.528475880810602483, -5.803710641115052304 ) ) ;
#306 = CARTESIAN_POINT ( 'NONE',  ( 0.000000000000000000, -1.990370349203912204, 4.035892202848075705 ) ) ;
#307 = FACE_OUTER_BOUND ( 'NONE', #93, .T. ) ;
#308 = FACE_OUTER_BOUND ( 'NONE', #1415, .T. ) ;
#309 = CARTESIAN_POINT ( 'NONE',  ( -0.4999999999999970024, 0.000000000000000000, 0.000000000000000000 ) ) ;
#310 = AXIS2_PLACEMENT_3D ( 'NONE', #1146, #698, #236 ) ;
#311 = APPLICATION_PROTOCOL_DEFINITION ( 'international standard', 'config_control_design', 1994, #545 ) ;
#312 = ORIENTED_EDGE ( 'NONE', *, *, #265, .F. ) ;
#313 = CYLINDRICAL_SURFACE ( 'NONE', #1359, 4.499999999999999112 ) ;
#314 = EDGE_CURVE ( 'NONE', #704, #697, #377, .T. ) ;
#315 = CARTESIAN_POINT ( 'NONE',  ( -0.3333791338098750501, -3.488858938710402313, 4.881508008024948886 ) ) ;
#316 = DIRECTION ( 'NONE',  ( 0.000000000000000000, 0.000000000000000000, 1.000000000000000000 ) ) ;
#317 = DIRECTION ( 'NONE',  ( 0.000000000000000000, 0.000000000000000000, 1.000000000000000000 ) ) ;
#318 = PERSON_AND_ORGANIZATION ( #294, #984 ) ;
#319 = CARTESIAN_POINT ( 'NONE',  ( -1.616490336101550351, 1.443804156623266000, 3.062662878471631878 ) ) ;
#320 = CARTESIAN_POINT ( 'NONE',  ( -18.70218189087393057, 0.000000000000000000, 0.000000000000000000 ) ) ;
#321 = DIRECTION ( 'NONE',  ( -1.000000000000000000, -0.000000000000000000, -0.000000000000000000 ) ) ;
#322 = CARTESIAN_POINT ( 'NONE',  ( 2.499911322868527463, 5.279461925023394286, 2.855629811633220161 ) ) ;
#323 = VERTEX_POINT ( 'NONE', #342 ) ;
#324 = CARTESIAN_POINT ( 'NONE',  ( -0.4999999999999970024, 0.000000000000000000, 0.000000000000000000 ) ) ;
#325 = VECTOR ( 'NONE', #39, 1000.000000000000000 ) ;
#326 = CARTESIAN_POINT ( 'NONE',  ( -11.50000000000000000, -4.000000000000000000, -4.472135954999580498 ) ) ;
#327 = CARTESIAN_POINT ( 'NONE',  ( -2.483077070339239967, 0.3334989678857727680, -5.992895555958784648 ) ) ;
#328 = EDGE_CURVE ( 'NONE', #323, #969, #491, .T. ) ;
#329 = ORIENTED_EDGE ( 'NONE', *, *, #314, .T. ) ;
#330 = ADVANCED_BREP_SHAPE_REPRESENTATION ( 'PiÞce5_Tube_DÚfaut_sldprt', ( #40, #334 ), #957 ) ;
#331 = AXIS2_PLACEMENT_3D ( 'NONE', #689, #1149, #945 ) ;
#332 = FACE_OUTER_BOUND ( 'NONE', #180, .T. ) ;
#333 = CARTESIAN_POINT ( 'NONE',  ( -0.4184554662476265841, -2.026752932611659563, 4.017793706898747708 ) ) ;
#334 = AXIS2_PLACEMENT_3D ( 'NONE', #522, #1115, #422 ) ;
#335 = LINE ( 'NONE', #656, #1002 ) ;
#336 = CARTESIAN_POINT ( 'NONE',  ( -1.114181481854078060, -5.941421172831204522, 0.8391587373547020334 ) ) ;
#337 = ORIENTED_EDGE ( 'NONE', *, *, #12, .F. ) ;
#338 = EDGE_CURVE ( 'NONE', #323, #304, #693, .T. ) ;
#339 = ORIENTED_EDGE ( 'NONE', *, *, #892, .T. ) ;
#340 = DIRECTION ( 'NONE',  ( -1.000000000000000000, -0.000000000000000000, -0.000000000000000000 ) ) ;
#341 = CARTESIAN_POINT ( 'NONE',  ( -3.499999999999999556, -3.500000000000000000, 4.873397172404482447 ) ) ;
#342 = CARTESIAN_POINT ( 'NONE',  ( -8.499999999999998224, 4.000000000000000000, -4.472135954999580498 ) ) ;
#343 = ORIENTED_EDGE ( 'NONE', *, *, #715, .F. ) ;
#344 = CARTESIAN_POINT ( 'NONE',  ( 3.061618184207263984E-16, 1.990370349203966605, 4.035892202848048171 ) ) ;
#345 = CARTESIAN_POINT ( 'NONE',  ( -8.499999999999998224, 0.000000000000000000, 0.000000000000000000 ) ) ;
#346 = EDGE_CURVE ( 'NONE', #417, #1249, #136, .T. ) ;
#347 = AXIS2_PLACEMENT_3D ( 'NONE', #101, #1237, #1241 ) ;
#348 = CARTESIAN_POINT ( 'NONE',  ( 2.172630853400501660, -1.250468236694194157, -4.326156577575254403 ) ) ;
#349 = CARTESIAN_POINT ( 'NONE',  ( -2.418169270283033967, -5.494679419305223966, 2.415523586804290801 ) ) ;
#350 = CARTESIAN_POINT ( 'NONE',  ( 0.8183184560862460932, 2.130576350198638114, 3.964354243592528970 ) ) ;
#351 = DIRECTION ( 'NONE',  ( 0.000000000000000000, 0.000000000000000000, -1.000000000000000000 ) ) ;
#352 = CIRCLE ( 'NONE', #1098, 5.999999999999999112 ) ;
#353 = ADVANCED_FACE ( 'NONE', ( #819, #1275 ), #1161, .F. ) ;
#354 = FACE_OUTER_BOUND ( 'NONE', #195, .T. ) ;
#355 = EDGE_CURVE ( 'NONE', #579, #901, #713, .T. ) ;
#356 = DIRECTION ( 'NONE',  ( 0.000000000000000000, -0.000000000000000000, -1.000000000000000000 ) ) ;
#357 = CARTESIAN_POINT ( 'NONE',  ( -2.484743956607746718, -0.3181319381000319302, -2.499731721052148803 ) ) ;
#358 = CARTESIAN_POINT ( 'NONE',  ( 1.995633197499865563, -4.256400119159017947, 4.235553172952678302 ) ) ;
#359 = LINE ( 'NONE', #854, #63 ) ;
#360 = CARTESIAN_POINT ( 'NONE',  ( -2.499999999999998668, -5.196152422706617813, 3.000000000000023981 ) ) ;
#361 = CARTESIAN_POINT ( 'NONE',  ( -0.8118260064390633302, -5.958997775576309941, 0.7035754757823030614 ) ) ;
#362 = ORIENTED_EDGE ( 'NONE', *, *, #757, .F. ) ;
#363 = CARTESIAN_POINT ( 'NONE',  ( -1.605805244875066373, -1.921072887639024396, -2.798319523483775662 ) ) ;
#364 = CARTESIAN_POINT ( 'NONE',  ( -3.499999999999997780, 0.000000000000000000, 0.000000000000000000 ) ) ;
#365 = CYLINDRICAL_SURFACE ( 'NONE', #1042, 2.500000000000000444 ) ;
#366 = ORIENTED_EDGE ( 'NONE', *, *, #780, .T. ) ;
#367 = DIRECTION ( 'NONE',  ( -1.000000000000000000, -0.000000000000000000, -0.000000000000000000 ) ) ;
#368 = CARTESIAN_POINT ( 'NONE',  ( -0.9327204260436287031, -1.718319495265036245, 3.686510782894410365 ) ) ;
#369 = ORIENTED_EDGE ( 'NONE', *, *, #1015, .T. ) ;
#370 = VECTOR ( 'NONE', #1474, 1000.000000000000000 ) ;
#371 = EDGE_CURVE ( 'NONE', #304, #1135, #352, .T. ) ;
#372 = CARTESIAN_POINT ( 'NONE',  ( -0.4999999999999970024, 2.449489742783178770, -3.774917217635372690 ) ) ;
#373 = DIRECTION ( 'NONE',  ( 0.000000000000000000, 0.000000000000000000, -1.000000000000000000 ) ) ;
#374 = DIRECTION ( 'NONE',  ( -0.000000000000000000, -0.000000000000000000, -1.000000000000000000 ) ) ;
#375 = AXIS2_PLACEMENT_3D ( 'NONE', #33, #1071, #1424 ) ;
#376 = CARTESIAN_POINT ( 'NONE',  ( -2.500000000000000000, -2.245117888248764793, 1.111341748571393229 ) ) ;
#377 = CIRCLE ( 'NONE', #1228, 2.500000000000000444 ) ;
#378 = CARTESIAN_POINT ( 'NONE',  ( 2.366835733197565794, -4.244600599007392283, 1.502292804080856747 ) ) ;
#379 = VERTEX_POINT ( 'NONE', #1288 ) ;
#380 = CARTESIAN_POINT ( 'NONE',  ( 2.483072321532585836, 3.721360847751250756, 2.535476050293222094 ) ) ;
#381 = PLANE ( 'NONE',  #1050 ) ;
#382 = EDGE_LOOP ( 'NONE', ( #517, #574, #60, #955 ) ) ;
#383 = CARTESIAN_POINT ( 'NONE',  ( -8.499999999999998224, -3.500000000000000000, 4.873397172404481559 ) ) ;
#384 = CARTESIAN_POINT ( 'NONE',  ( -0.7163333860388624297, -4.273318515216698366, -0.3102352615644408118 ) ) ;
#385 = CARTESIAN_POINT ( 'NONE',  ( 0.6600050076262120591, -4.495938218059522207, -0.1951449806494693351 ) ) ;
#386 = DIRECTION ( 'NONE',  ( 0.000000000000000000, 0.000000000000000000, 1.000000000000000000 ) ) ;
#387 = DIRECTION ( 'NONE',  ( 0.000000000000000000, 0.000000000000000000, -1.000000000000000000 ) ) ;
#388 = ORIENTED_EDGE ( 'NONE', *, *, #1330, .T. ) ;
#389 = ORIENTED_EDGE ( 'NONE', *, *, #1177, .T. ) ;
#390 = CARTESIAN_POINT ( 'NONE',  ( -8.499999999999998224, 0.000000000000000000, 0.000000000000000000 ) ) ;
#391 = EDGE_CURVE ( 'NONE', #847, #1209, #1388, .T. ) ;
#392 = CARTESIAN_POINT ( 'NONE',  ( -1.883227052268606538, 4.170224219582269853, 4.315519763712168277 ) ) ;
#393 = CARTESIAN_POINT ( 'NONE',  ( -11.50000000000000000, 0.000000000000000000, 0.000000000000000000 ) ) ;
#394 = CIRCLE ( 'NONE', #639, 2.500000000000000000 ) ;
#395 = CARTESIAN_POINT ( 'NONE',  ( 0.6647045587113493692, 4.496003417431111870, -0.1937785451927717117 ) ) ;
#396 = PERSON_AND_ORGANIZATION_ROLE ( 'creator' ) ;
#397 = VECTOR ( 'NONE', #997, 1000.000000000000000 ) ;
#398 = VERTEX_POINT ( 'NONE', #514 ) ;
#399 = ORIENTED_EDGE ( 'NONE', *, *, #421, .F. ) ;
#400 = CARTESIAN_POINT ( 'NONE',  ( -2.500000000000000000, -2.165063509461090607, 1.250000000000009104 ) ) ;
#401 = CARTESIAN_POINT ( 'NONE',  ( -1.114181481854077838, 3.697443370772472093, 4.725842301577190874 ) ) ;
#402 = EDGE_CURVE ( 'NONE', #519, #553, #974, .T. ) ;
#403 = CARTESIAN_POINT ( 'NONE',  ( 0.1664439841788684371, -4.490370349203931077, -0.2942348160741063423 ) ) ;
#404 = AXIS2_PLACEMENT_3D ( 'NONE', #1462, #1329, #317 ) ;
#405 = EDGE_CURVE ( 'NONE', #1259, #678, #1340, .T. ) ;
#406 = COORDINATED_UNIVERSAL_TIME_OFFSET ( 1, 0, .AHEAD. ) ;
#407 = CIRCLE ( 'NONE', #1321, 2.500000000000000444 ) ;
#408 = ORIENTED_EDGE ( 'NONE', *, *, #844, .T. ) ;
#409 = EDGE_LOOP ( 'NONE', ( #297, #532, #1284, #257 ) ) ;
#410 = CARTESIAN_POINT ( 'NONE',  ( 1.654159853786892231, -1.881449780072503408, -5.698635342894792899 ) ) ;
#411 = FACE_BOUND ( 'NONE', #281, .T. ) ;
#412 = CARTESIAN_POINT ( 'NONE',  ( 1.982894893315029883, -2.901107488906986109, 3.442873675554281920 ) ) ;
#413 = CARTESIAN_POINT ( 'NONE',  ( -0.3289592124212530888, 2.500083187475625301, -5.454317928402392823 ) ) ;
#414 = B_SPLINE_CURVE_WITH_KNOTS ( 'NONE', 3,
 ( #1274, #147, #126, #260, #942, #348, #1279, #25, #686, #458, #834, #933, #577, #917, #252, #1395, #115, #3 ),
 .UNSPECIFIED., .F., .F.,
 ( 4, 2, 2, 2, 2, 2, 2, 2, 4 ),
 ( 0.004501110753094840836, 0.005063178100525152214, 0.005625245447955463593, 0.006187312795385774972, 0.006749380142816087218, 0.007311447490246398596, 0.007873514837676710842, 0.008435582185107022221, 0.008997649532537333600 ),
 .UNSPECIFIED. ) ;
#415 = ORIENTED_EDGE ( 'NONE', *, *, #972, .F. ) ;
#416 = DIRECTION ( 'NONE',  ( 0.000000000000000000, 0.000000000000000000, 1.000000000000000000 ) ) ;
#417 = VERTEX_POINT ( 'NONE', #156 ) ;
#418 = CARTESIAN_POINT ( 'NONE',  ( -1.526144814912349101, -3.910401618058964246, 4.551695058413854689 ) ) ;
#419 = CARTESIAN_POINT ( 'NONE',  ( 2.240742661998087470, -3.216242950057561334, 3.151218740848704236 ) ) ;
#420 = CARTESIAN_POINT ( 'NONE',  ( 0.1654269997688966320, 2.499958286588246370, -5.454375176628053268 ) ) ;
#421 = EDGE_CURVE ( 'NONE', #288, #1116, #434, .T. ) ;
#422 = DIRECTION ( 'NONE',  ( 1.000000000000000000, 0.000000000000000000, 0.000000000000000000 ) ) ;
#423 = AXIS2_PLACEMENT_3D ( 'NONE', #1287, #571, #1030 ) ;
#424 = ORIENTED_EDGE ( 'NONE', *, *, #1227, .T. ) ;
#425 = CARTESIAN_POINT ( 'NONE',  ( 0.3313452513608926009, -2.483395613810240654, -5.462051476449282461 ) ) ;
#426 = ORIENTED_EDGE ( 'NONE', *, *, #64, .T. ) ;
#427 = CARTESIAN_POINT ( 'NONE',  ( -0.6545201840652988823, -3.546306155486442790, 4.839934894003241617 ) ) ;
#428 = CARTESIAN_POINT ( 'NONE',  ( -18.70218189087393057, 0.000000000000000000, 4.499999999999999112 ) ) ;
#429 = DIRECTION ( 'NONE',  ( 0.000000000000000000, 0.000000000000000000, 1.000000000000000000 ) ) ;
#430 = APPROVAL_DATE_TIME ( #776, #1254 ) ;
#431 = SECURITY_CLASSIFICATION ( '', '', #76 ) ;
#432 = ORIENTED_EDGE ( 'NONE', *, *, #293, .F. ) ;
#433 = DIRECTION ( 'NONE',  ( -1.000000000000000000, -0.000000000000000000, -0.000000000000000000 ) ) ;
#434 = B_SPLINE_CURVE_WITH_KNOTS ( 'NONE', 3,
 ( #966, #261, #368, #943, #1195, #1303, #504, #277, #1441, #1080, #835, #1412, #1187, #736, #1203, #1313 ),
 .UNSPECIFIED., .F., .F.,
 ( 4, 2, 2, 2, 2, 2, 2, 4 ),
 ( 0.0002946080236565875080, 0.001239555538209421298, 0.001712029295485838166, 0.002184503052762254600, 0.002656976810038671252, 0.003129450567315088336, 0.003601924324591504988, 0.004074398081867921205 ),
 .UNSPECIFIED. ) ;
#435 = CARTESIAN_POINT ( 'NONE',  ( -8.499999999999998224, 0.000000000000000000, 0.000000000000000000 ) ) ;
#436 = CARTESIAN_POINT ( 'NONE',  ( 2.483580527807693894, 5.355326441917715563, 2.710510086128071094 ) ) ;
#437 = APPROVAL_DATE_TIME ( #168, #1416 ) ;
#438 = ORIENTED_EDGE ( 'NONE', *, *, #440, .T. ) ;
#439 = CARTESIAN_POINT ( 'NONE',  ( -3.499999999999999556, 3.500000000000000000, -4.873397172404481559 ) ) ;
#440 = EDGE_CURVE ( 'NONE', #304, #1249, #720, .T. ) ;
#441 = CARTESIAN_POINT ( 'NONE',  ( 10.50000000000000533, 0.000000000000000000, 0.000000000000000000 ) ) ;
#442 = CARTESIAN_POINT ( 'NONE',  ( 0.8130186535683981974, 5.958941539007025945, 0.7040430527416018380 ) ) ;
#443 = ORIENTED_EDGE ( 'NONE', *, *, #346, .F. ) ;
#444 = FACE_OUTER_BOUND ( 'NONE', #1490, .T. ) ;
#445 = VECTOR ( 'NONE', #949, 1000.000000000000000 ) ;
#446 = CARTESIAN_POINT ( 'NONE',  ( -3.499999999999997780, 0.000000000000000000, 0.000000000000000000 ) ) ;
#447 = CARTESIAN_POINT ( 'NONE',  ( -2.370270155662804523, -5.555862644033446429, 2.270629345090656503 ) ) ;
#448 = EDGE_CURVE ( 'NONE', #678, #1259, #543, .T. ) ;
#449 = VECTOR ( 'NONE', #1017, 1000.000000000000000 ) ;
#450 = CARTESIAN_POINT ( 'NONE',  ( -1.716637771549721858, 3.277014534390155553, -0.2137175465269181007 ) ) ;
#451 = CARTESIAN_POINT ( 'NONE',  ( -2.021610450123032532, 1.501216660246575296, 2.574483478967469541 ) ) ;
#452 = CARTESIAN_POINT ( 'NONE',  ( 3.061616997868383634E-16, 5.245190528383344208, 5.915063509461047531 ) ) ;
#453 = CARTESIAN_POINT ( 'NONE',  ( -3.499999999999997335, 0.000000000000000000, 0.000000000000000000 ) ) ;
#454 = CARTESIAN_POINT ( 'NONE',  ( 1.984901277060469926, 4.261862067013473698, 4.225597413809506264 ) ) ;
#455 = CARTESIAN_POINT ( 'NONE',  ( -0.4999999999994049760, 2.044429336263302588, 4.008778952377676674 ) ) ;
#456 = DIRECTION ( 'NONE',  ( 0.000000000000000000, 0.000000000000000000, 1.000000000000000000 ) ) ;
#457 = B_SPLINE_CURVE_WITH_KNOTS ( 'NONE', 3,
 ( #1440, #41, #973, #1186, #65, #401, #1295, #1327, #492, #392, #56, #189, #1311, #630, #1079, #300, #284, #1086 ),
 .UNSPECIFIED., .F., .F.,
 ( 4, 2, 2, 2, 2, 2, 2, 2, 4 ),
 ( 0.007906926515426097521, 0.008400759902253468817, 0.008894593289080840112, 0.009388426675908211408, 0.009882260062735582704, 0.01037609344956295573, 0.01086992683639032876, 0.01136376022321770179, 0.01185759361004507483 ),
 .UNSPECIFIED. ) ;
#458 = CARTESIAN_POINT ( 'NONE',  ( 1.446342957704671139, -2.047034536260316617, -4.009433252452328844 ) ) ;
#459 = DIRECTION ( 'NONE',  ( -1.000000000000000000, -0.000000000000000000, -0.000000000000000000 ) ) ;
#460 = ADVANCED_FACE ( 'NONE', ( #602 ), #1296, .F. ) ;
#461 = CARTESIAN_POINT ( 'NONE',  ( 0.1664439841788694086, 1.990370349203966605, 4.035892202848049060 ) ) ;
#462 = DIRECTION ( 'NONE',  ( -1.000000000000000000, -0.000000000000000000, -0.000000000000000000 ) ) ;
#463 = EDGE_CURVE ( 'NONE', #49, #752, #682, .T. ) ;
#464 = DIRECTION ( 'NONE',  ( 0.000000000000000000, 0.000000000000000000, -1.000000000000000000 ) ) ;
#465 = CARTESIAN_POINT ( 'NONE',  ( 0.3295110103742827645, 3.488250425951819000, 4.881946115891451221 ) ) ;
#466 = AXIS2_PLACEMENT_3D ( 'NONE', #989, #971, #652 ) ;
#467 = ORIENTED_EDGE ( 'NONE', *, *, #265, .T. ) ;
#468 = CARTESIAN_POINT ( 'NONE',  ( -1.271514044454886250, -2.156268472174486472, -3.041737813072312058 ) ) ;
#469 = VECTOR ( 'NONE', #121, 1000.000000000000000 ) ;
#470 = LINE ( 'NONE', #35, #887 ) ;
#471 = CIRCLE ( 'NONE', #1125, 4.500000000000000000 ) ;
#472 = DIRECTION ( 'NONE',  ( 0.000000000000000000, 0.000000000000000000, -1.000000000000000000 ) ) ;
#473 = CARTESIAN_POINT ( 'NONE',  ( 1.651457890905804637, 3.992567554168359401, 4.480365553364721087 ) ) ;
#474 = CARTESIAN_POINT ( 'NONE',  ( -2.500000000000000000, 1.183291357831517708E-27, -2.499999999999999112 ) ) ;
#475 = DIRECTION ( 'NONE',  ( -1.000000000000000000, -0.000000000000000000, -0.000000000000000000 ) ) ;
#476 = CARTESIAN_POINT ( 'NONE',  ( -1.115287107709897585, 5.941355617474477491, 0.8396611151408074347 ) ) ;
#477 = B_SPLINE_CURVE_WITH_KNOTS ( 'NONE', 3,
 ( #1114, #1454, #787, #1469, #648, #529, #302, #1339, #82, #670, #1252, #75, #208, #992, #899, #1105, #420, #413, #1358, #1242, #537, #886, #664, #1001, #222, #1120, #879, #764, #1347, #327, #872, #214 ),
 .UNSPECIFIED., .F., .F.,
 ( 4, 2, 2, 2, 2, 2, 2, 2, 2, 2, 2, 2, 2, 2, 2, 4 ),
 ( 0.007907415464232896152, 0.008401230926880314670, 0.008895046389527733188, 0.009388861852175151707, 0.009882677314822570225, 0.01037649277746998874, 0.01087030824011740726, 0.01136412370276482578, 0.01185793916541224430, 0.01284557009070708133, 0.01333938555335449985, 0.01383320101600191664, 0.01432701647864933515, 0.01482083194129675367, 0.01531464740394417046, 0.01580846286659158897 ),
 .UNSPECIFIED. ) ;
#478 = CARTESIAN_POINT ( 'NONE',  ( 10.50000000000000533, 6.735557395310443995E-16, -5.500000000000001776 ) ) ;
#479 = ADVANCED_FACE ( 'NONE', ( #307 ), #991, .F. ) ;
#480 = DIRECTION ( 'NONE',  ( -0.000000000000000000, 0.000000000000000000, 1.000000000000000000 ) ) ;
#481 = ORIENTED_EDGE ( 'NONE', *, *, #1156, .T. ) ;
#482 = CYLINDRICAL_SURFACE ( 'NONE', #331, 6.000000000000000000 ) ;
#483 = CARTESIAN_POINT ( 'NONE',  ( 2.418486283563704653, -5.494176873303523223, 2.416652032132484695 ) ) ;
#484 = LINE ( 'NONE', #283, #325 ) ;
#485 = CARTESIAN_POINT ( 'NONE',  ( -3.499999999999999556, 3.500000000000000000, 4.873397172404482447 ) ) ;
#486 = CARTESIAN_POINT ( 'NONE',  ( 3.061618184017937367E-16, -4.490370349203930189, -0.2942348160741062313 ) ) ;
#487 = CARTESIAN_POINT ( 'NONE',  ( 1.529640678000031784, 4.491001096360350608, 0.3019790257278572865 ) ) ;
#488 = DIRECTION ( 'NONE',  ( -0.000000000000000000, -0.000000000000000000, 1.000000000000000000 ) ) ;
#489 = ORIENTED_EDGE ( 'NONE', *, *, #338, .F. ) ;
#490 = DIRECTION ( 'NONE',  ( -1.000000000000000000, -0.000000000000000000, -0.000000000000000000 ) ) ;
#491 = CIRCLE ( 'NONE', #43, 6.000000000000000000 ) ;
#492 = CARTESIAN_POINT ( 'NONE',  ( -1.653368581701682105, 3.993835411369937471, 4.479258820326014856 ) ) ;
#493 = CARTESIAN_POINT ( 'NONE',  ( -2.499999999999998668, 0.000000000000000000, 0.000000000000000000 ) ) ;
#494 = B_SPLINE_CURVE_WITH_KNOTS ( 'NONE', 3,
 ( #555, #889, #777, #203, #1363, #660, #1349, #451, #1483, #319, #1477, #910, #783, #1239 ),
 .UNSPECIFIED., .F., .F.,
 ( 4, 2, 2, 2, 2, 2, 4 ),
 ( 0.004074398081867921205, 0.004546628040111463237, 0.005018857998355004402, 0.005491087956598544699, 0.005963317914842085864, 0.006907777831329169060, 0.007852237747816251390 ),
 .UNSPECIFIED. ) ;
#495 = ADVANCED_FACE ( 'NONE', ( #654 ), #1453, .T. ) ;
#496 = DIRECTION ( 'NONE',  ( 0.000000000000000000, 0.4999999999999920064, -0.8660254037844431485 ) ) ;
#497 = DIRECTION ( 'NONE',  ( 1.000000000000000000, 0.000000000000000000, 0.000000000000000000 ) ) ;
#498 = B_SPLINE_CURVE_WITH_KNOTS ( 'NONE', 3,
 ( #1480, #1141, #935, #1488, #361, #336, #1381, #913, #1046, #1171, #4, #824, #1375, #447, #349, #811, #253, #239 ),
 .UNSPECIFIED., .F., .F.,
 ( 4, 2, 2, 2, 2, 2, 2, 2, 4 ),
 ( 0.007906926515426097521, 0.008400759902253470551, 0.008894593289080843582, 0.009388426675908214877, 0.009882260062735587908, 0.01037609344956295920, 0.01086992683639033050, 0.01136376022321770353, 0.01185759361004507483 ),
 .UNSPECIFIED. ) ;
#499 = ORIENTED_EDGE ( 'NONE', *, *, #986, .F. ) ;
#500 = ORIENTED_EDGE ( 'NONE', *, *, #44, .F. ) ;
#501 = DIRECTION ( 'NONE',  ( -1.000000000000000000, -0.000000000000000000, -0.000000000000000000 ) ) ;
#502 = EDGE_LOOP ( 'NONE', ( #37, #1286, #790, #1263, #1370, #1107 ) ) ;
#503 = DIRECTION ( 'NONE',  ( -1.000000000000000000, 0.000000000000000000, -0.000000000000000000 ) ) ;
#504 = CARTESIAN_POINT ( 'NONE',  ( -1.716637771549721192, -1.453422442668298009, 2.944836608616159701 ) ) ;
#505 = B_SPLINE_CURVE_WITH_KNOTS ( 'NONE', 3,
 ( #1085, #55, #846, #258, #511, #822, #598, #717, #1178, #196, #1333, #883, #980, #1458, #181, #1006, #425, #754, #1350, #1446, #875, #1100, #410, #661, #305, #1217, #642, #1342, #861, #211 ),
 .UNSPECIFIED., .F., .F.,
 ( 4, 2, 2, 2, 2, 2, 2, 2, 2, 2, 2, 2, 2, 2, 4 ),
 ( 5.559831985905117522E-20, 0.0004942134665145561179, 0.0009884269330291120190, 0.001482640399543668028, 0.001976853866058224038, 0.002965280799087336057, 0.003459494265601892066, 0.003953707732116448076, 0.004447921198631004519, 0.004942134665145560095, 0.005436348131660115671, 0.005930561598174672114, 0.006424775064689228557, 0.006918988531203784133, 0.007907415464232896152 ),
 .UNSPECIFIED. ) ;
#506 = CARTESIAN_POINT ( 'NONE',  ( 1.879063090195841834, 4.453310838569272789, 0.6581145320052036451 ) ) ;
#507 =( NAMED_UNIT ( * ) PLANE_ANGLE_UNIT ( ) SI_UNIT ( $, .RADIAN. ) );
#508 = EDGE_CURVE ( 'NONE', #98, #874, #1118, .T. ) ;
#509 = ORIENTED_EDGE ( 'NONE', *, *, #293, .T. ) ;
#510 = ORIENTED_EDGE ( 'NONE', *, *, #1129, .F. ) ;
#511 = CARTESIAN_POINT ( 'NONE',  ( -2.369635601047430651, -0.8134068127896110223, -5.946577916524697471 ) ) ;
#512 = EDGE_CURVE ( 'NONE', #962, #1063, #1261, .T. ) ;
#513 = LINE ( 'NONE', #863, #445 ) ;
#514 = CARTESIAN_POINT ( 'NONE',  ( -0.4999999999999970024, 4.493919079047091536, -0.2338617347419978398 ) ) ;
#515 = CALENDAR_DATE ( 2023, 3, 12 ) ;
#516 = ORIENTED_EDGE ( 'NONE', *, *, #1266, .T. ) ;
#517 = ORIENTED_EDGE ( 'NONE', *, *, #405, .T. ) ;
#518 = CARTESIAN_POINT ( 'NONE',  ( -8.499999999999998224, -4.000000000000000000, -4.472135954999580498 ) ) ;
#519 = VERTEX_POINT ( 'NONE', #341 ) ;
#520 = CARTESIAN_POINT ( 'NONE',  ( -2.189459231577721265, -2.804304463019878568, 0.2140752748742501821 ) ) ;
#521 = CARTESIAN_POINT ( 'NONE',  ( -18.70218189087393057, 0.000000000000000000, 0.000000000000000000 ) ) ;
#522 = CARTESIAN_POINT ( 'NONE',  ( 0.000000000000000000, 0.000000000000000000, 0.000000000000000000 ) ) ;
#523 = AXIS2_PLACEMENT_3D ( 'NONE', #324, #798, #456 ) ;
#524 = ORIENTED_EDGE ( 'NONE', *, *, #825, .F. ) ;
#525 = CARTESIAN_POINT ( 'NONE',  ( 20.50000000000000000, 0.000000000000000000, 0.000000000000000000 ) ) ;
#526 = CARTESIAN_POINT ( 'NONE',  ( -0.1671234423832812788, -3.473610906922774966, 4.892241538120042144 ) ) ;
#527 = CARTESIAN_POINT ( 'NONE',  ( 0.8206107696804693097, -2.131524934415898187, 3.963828294520252982 ) ) ;
#528 = EDGE_CURVE ( 'NONE', #1092, #767, #414, .T. ) ;
#529 = CARTESIAN_POINT ( 'NONE',  ( 2.243690140102769792, 1.114788231091697224, -5.897521238554088718 ) ) ;
#530 = DATE_TIME_ROLE ( 'classification_date' ) ;
#531 = ORIENTED_EDGE ( 'NONE', *, *, #346, .T. ) ;
#532 = ORIENTED_EDGE ( 'NONE', *, *, #448, .T. ) ;
#533 = DIRECTION ( 'NONE',  ( 0.000000000000000000, 0.000000000000000000, 1.000000000000000000 ) ) ;
#534 = CARTESIAN_POINT ( 'NONE',  ( -2.016764923426697553, 2.985071137957238108, 0.007790789205453317774 ) ) ;
#535 = DIRECTION ( 'NONE',  ( -1.000000000000000000, -0.000000000000000000, -0.000000000000000000 ) ) ;
#536 = DIRECTION ( 'NONE',  ( 0.000000000000000000, 0.000000000000000000, 1.000000000000000000 ) ) ;
#537 = CARTESIAN_POINT ( 'NONE',  ( -1.258203142014977072, 2.166378616493326970, -5.596076034317165160 ) ) ;
#538 = PERSON_AND_ORGANIZATION_ROLE ( 'design_owner' ) ;
#539 = CIRCLE ( 'NONE', #347, 5.500000000000001776 ) ;
#540 = ORIENTED_EDGE ( 'NONE', *, *, #155, .F. ) ;
#541 = CARTESIAN_POINT ( 'NONE',  ( -11.50000000000000000, -4.000000000000000000, -4.472135954999580498 ) ) ;
#542 = LINE ( 'NONE', #428, #922 ) ;
#543 = CIRCLE ( 'NONE', #646, 7.500000000000000000 ) ;
#544 = CARTESIAN_POINT ( 'NONE',  ( 1.653857809896617903, 5.875930299206503449, 1.219695159738113599 ) ) ;
#545 = APPLICATION_CONTEXT ( 'configuration controlled 3d designs of mechanical parts and assemblies' ) ;
#546 = VECTOR ( 'NONE', #1181, 1000.000000000000000 ) ;
#547 = ADVANCED_FACE ( 'NONE', ( #1403 ), #1151, .F. ) ;
#548 = ORIENTED_EDGE ( 'NONE', *, *, #844, .F. ) ;
#549 = EDGE_LOOP ( 'NONE', ( #47, #1307, #99, #516, #635, #1362, #388, #1051, #53 ) ) ;
#550 = CARTESIAN_POINT ( 'NONE',  ( -18.70218189087393057, 0.000000000000000000, 6.000000000000000000 ) ) ;
#551 = CARTESIAN_POINT ( 'NONE',  ( -2.500000000000000000, 2.165063509461107483, 1.249999999999979572 ) ) ;
#552 = CARTESIAN_POINT ( 'NONE',  ( 2.500087963840248229, 5.114178038588273800, 3.142057101403714192 ) ) ;
#553 = VERTEX_POINT ( 'NONE', #810 ) ;
#554 = B_SPLINE_CURVE_WITH_KNOTS ( 'NONE', 3,
 ( #198, #103, #1344, #653, #561, #1482, #450, #1110, #534, #79, #998, #1371, #1459, #668, #213, #551 ),
 .UNSPECIFIED., .F., .F.,
 ( 4, 2, 2, 2, 2, 2, 2, 4 ),
 ( 0.0002946080236565879959, 0.001239555538209420431, 0.001712029295485836865, 0.002184503052762253299, 0.002656976810038670384, 0.003129450567315087469, 0.003601924324591504554, 0.004074398081867921205 ),
 .UNSPECIFIED. ) ;
#555 = CARTESIAN_POINT ( 'NONE',  ( -2.500000000000000000, 2.165063509461107483, 1.249999999999979572 ) ) ;
#556 = CYLINDRICAL_SURFACE ( 'NONE', #908, 2.499999999999999556 ) ;
#557 = ADVANCED_FACE ( 'NONE', ( #137, #354 ), #243, .F. ) ;
#558 = CC_DESIGN_PERSON_AND_ORGANIZATION_ASSIGNMENT ( #1207, #538, ( #1384 ) ) ;
#559 = DIRECTION ( 'NONE',  ( 1.000000000000000000, 0.000000000000000000, 0.000000000000000000 ) ) ;
#560 = CARTESIAN_POINT ( 'NONE',  ( -2.499999999999998668, 5.196152422706659557, 2.999999999999952038 ) ) ;
#561 = CARTESIAN_POINT ( 'NONE',  ( -1.384079824673309256, 3.600879276043462696, -0.3303063927778067677 ) ) ;
#562 = ORIENTED_EDGE ( 'NONE', *, *, #106, .F. ) ;
#563 = DIRECTION ( 'NONE',  ( -1.000000000000000000, -0.000000000000000000, -0.000000000000000000 ) ) ;
#564 = AXIS2_PLACEMENT_3D ( 'NONE', #565, #96, #1232 ) ;
#565 = CARTESIAN_POINT ( 'NONE',  ( 20.50000000000000355, 0.000000000000000000, 0.000000000000000000 ) ) ;
#566 = CARTESIAN_POINT ( 'NONE',  ( 0.1646652931185529634, 3.473610906922842911, 4.892241538119994182 ) ) ;
#567 = AXIS2_PLACEMENT_3D ( 'NONE', #609, #1087, #1055 ) ;
#568 = CARTESIAN_POINT ( 'NONE',  ( 2.500000000000000000, 5.510912744665010755E-16, -4.499999999999999112 ) ) ;
#569 = DIRECTION ( 'NONE',  ( 0.000000000000000000, 0.000000000000000000, 1.000000000000000000 ) ) ;
#570 = B_SPLINE_CURVE_WITH_KNOTS ( 'NONE', 3,
 ( #455, #915, #1378, #141, #344 ),
 .UNSPECIFIED., .F., .F.,
 ( 4, 1, 4 ),
 ( 0.007483275483990715730, 0.007735648922960167845, 0.007988022361929620827 ),
 .UNSPECIFIED. ) ;
#571 = DIRECTION ( 'NONE',  ( -1.000000000000000000, -0.000000000000000000, -0.000000000000000000 ) ) ;
#572 = CARTESIAN_POINT ( 'NONE',  ( -11.50000000000000000, 0.000000000000000000, 0.000000000000000000 ) ) ;
#573 = ADVANCED_FACE ( 'NONE', ( #1267 ), #1413, .F. ) ;
#574 = ORIENTED_EDGE ( 'NONE', *, *, #1292, .T. ) ;
#575 = CARTESIAN_POINT ( 'NONE',  ( 3.061618184207263984E-16, 1.990370349203966605, 4.035892202848048171 ) ) ;
#576 = DIRECTION ( 'NONE',  ( -1.000000000000000000, -0.000000000000000000, -0.000000000000000000 ) ) ;
#577 = CARTESIAN_POINT ( 'NONE',  ( 0.7974804010356085771, -2.376663567993638093, -3.821574838949290065 ) ) ;
#578 = CARTESIAN_POINT ( 'NONE',  ( -11.50000000000000000, 0.000000000000000000, 0.000000000000000000 ) ) ;
#579 = VERTEX_POINT ( 'NONE', #360 ) ;
#580 = CARTESIAN_POINT ( 'NONE',  ( -0.3150809004357679743, 2.487236195918785420, -3.750424084554157211 ) ) ;
#581 = CARTESIAN_POINT ( 'NONE',  ( -3.499999999999997780, 9.184850993605147944E-16, -7.500000000000000000 ) ) ;
#582 = VERTEX_POINT ( 'NONE', #478 ) ;
#583 = AXIS2_PLACEMENT_3D ( 'NONE', #856, #1202, #608 ) ;
#584 = DIRECTION ( 'NONE',  ( 1.000000000000000000, 0.000000000000000000, 0.000000000000000000 ) ) ;
#585 = CARTESIAN_POINT ( 'NONE',  ( -2.499999999999997335, 0.000000000000000000, 0.000000000000000000 ) ) ;
#586 = ORIENTED_EDGE ( 'NONE', *, *, #621, .F. ) ;
#587 = DIRECTION ( 'NONE',  ( 0.000000000000000000, -0.000000000000000000, -1.000000000000000000 ) ) ;
#588 = AXIS2_PLACEMENT_3D ( 'NONE', #578, #699, #1280 ) ;
#589 = CARTESIAN_POINT ( 'NONE',  ( 0.000000000000000000, 6.495190528383324668, 3.749999999999940048 ) ) ;
#590 = ADVANCED_FACE ( 'NONE', ( #708 ), #1045, .F. ) ;
#591 = AXIS2_PLACEMENT_3D ( 'NONE', #309, #1221, #774 ) ;
#592 = DIRECTION ( 'NONE',  ( -1.000000000000000000, -0.000000000000000000, -0.000000000000000000 ) ) ;
#593 = DIRECTION ( 'NONE',  ( 1.000000000000000000, 0.000000000000000000, 0.000000000000000000 ) ) ;
#594 = VECTOR ( 'NONE', #1143, 1000.000000000000000 ) ;
#595 = CARTESIAN_POINT ( 'NONE',  ( 1.992270123194987530, -4.438608123341581724, 0.7802795881102937425 ) ) ;
#596 = LINE ( 'NONE', #28, #1101 ) ;
#597 = CARTESIAN_POINT ( 'NONE',  ( 1.257447606985610422, -3.762755797217119280, 4.674505084485250705 ) ) ;
#598 = CARTESIAN_POINT ( 'NONE',  ( -2.166296504189475947, -1.258442380232152491, -5.868189014291123939 ) ) ;
#599 = ORIENTED_EDGE ( 'NONE', *, *, #923, .T. ) ;
#600 = CARTESIAN_POINT ( 'NONE',  ( -3.499999999999999556, 4.000000000000000000, 4.472135954999580498 ) ) ;
#601 = ADVANCED_FACE ( 'NONE', ( #120 ), #912, .F. ) ;
#602 = FACE_OUTER_BOUND ( 'NONE', #224, .T. ) ;
#603 = ORIENTED_EDGE ( 'NONE', *, *, #528, .F. ) ;
#604 = CARTESIAN_POINT ( 'NONE',  ( 2.417532584940369045, 4.186870224485519820, 1.657383126645436633 ) ) ;
#605 = DIRECTION ( 'NONE',  ( 0.000000000000000000, -0.000000000000000000, 1.000000000000000000 ) ) ;
#606 = CARTESIAN_POINT ( 'NONE',  ( 10.50000000000000533, 0.000000000000000000, 0.000000000000000000 ) ) ;
#607 = ORIENTED_EDGE ( 'NONE', *, *, #1396, .F. ) ;
#608 = DIRECTION ( 'NONE',  ( 0.000000000000000000, 0.000000000000000000, 1.000000000000000000 ) ) ;
#609 = CARTESIAN_POINT ( 'NONE',  ( -2.499999999999998668, 0.000000000000000000, 0.000000000000000000 ) ) ;
#610 = CIRCLE ( 'NONE', #423, 4.499999999999999112 ) ;
#611 = EDGE_CURVE ( 'NONE', #650, #1249, #1054, .T. ) ;
#612 = VERTEX_POINT ( 'NONE', #1060 ) ;
#613 = CARTESIAN_POINT ( 'NONE',  ( -0.3360405241274355692, 4.491979595942467540, -0.2687424566988345087 ) ) ;
#614 = FACE_OUTER_BOUND ( 'NONE', #1332, .T. ) ;
#615 = ORIENTED_EDGE ( 'NONE', *, *, #738, .F. ) ;
#616 = CARTESIAN_POINT ( 'NONE',  ( -11.50000000000000000, 0.000000000000000000, 0.000000000000000000 ) ) ;
#617 = CARTESIAN_POINT ( 'NONE',  ( -18.70218189087393057, 5.510910596163087583E-16, -4.499999999999999112 ) ) ;
#618 = DIRECTION ( 'NONE',  ( -1.000000000000000000, 0.000000000000000000, -0.000000000000000000 ) ) ;
#619 = APPROVAL_PERSON_ORGANIZATION ( #318, #1416, #1455 ) ;
#620 = VECTOR ( 'NONE', #916, 1000.000000000000000 ) ;
#621 = EDGE_CURVE ( 'NONE', #288, #1215, #610, .T. ) ;
#622 = DIRECTION ( 'NONE',  ( -0.000000000000000000, -0.8660254037844433705, -0.4999999999999920619 ) ) ;
#623 = PERSON_AND_ORGANIZATION ( #294, #984 ) ;
#624 = ADVANCED_FACE ( 'NONE', ( #692 ), #924, .T. ) ;
#625 = ORIENTED_EDGE ( 'NONE', *, *, #1139, .T. ) ;
#626 = ORIENTED_EDGE ( 'NONE', *, *, #12, .T. ) ;
#627 = CARTESIAN_POINT ( 'NONE',  ( -2.244129204509808240, 5.664449546583324668, 1.984267601977220297 ) ) ;
#628 = ORIENTED_EDGE ( 'NONE', *, *, #1196, .T. ) ;
#629 = ORIENTED_EDGE ( 'NONE', *, *, #1266, .F. ) ;
#630 = CARTESIAN_POINT ( 'NONE',  ( -2.370270155662804079, 4.744354017443671800, 3.676203517124593922 ) ) ;
#631 = DIRECTION ( 'NONE',  ( -1.000000000000000000, -0.000000000000000000, -0.000000000000000000 ) ) ;
#632 = CARTESIAN_POINT ( 'NONE',  ( -0.1694027206338739600, 4.490720456575497899, -0.2890207246726984036 ) ) ;
#633 = APPROVAL_DATE_TIME ( #178, #993 ) ;
#634 = VERTEX_POINT ( 'NONE', #1411 ) ;
#635 = ORIENTED_EDGE ( 'NONE', *, *, #1112, .T. ) ;
#636 = DIRECTION ( 'NONE',  ( -1.000000000000000000, -0.000000000000000000, -0.000000000000000000 ) ) ;
#637 = CARTESIAN_POINT ( 'NONE',  ( -0.9394237601263163429, -4.044996697584137380, -0.3556375758610634819 ) ) ;
#638 = CARTESIAN_POINT ( 'NONE',  ( -2.189459231577758569, 1.216757605146644217, -2.535636542358404633 ) ) ;
#639 = AXIS2_PLACEMENT_3D ( 'NONE', #616, #501, #251 ) ;
#640 = VERTEX_POINT ( 'NONE', #485 ) ;
#641 = ORIENTED_EDGE ( 'NONE', *, *, #892, .F. ) ;
#642 = CARTESIAN_POINT ( 'NONE',  ( 2.244591945689423884, -1.112789484202402868, -5.897869239595887159 ) ) ;
#643 = ADVANCED_FACE ( 'NONE', ( #1070 ), #174, .F. ) ;
#644 = CARTESIAN_POINT ( 'NONE',  ( -2.499999999999998668, -5.196152422706617813, 3.000000000000023981 ) ) ;
#645 = DIRECTION ( 'NONE',  ( 0.000000000000000000, 0.000000000000000000, 1.000000000000000000 ) ) ;
#646 = AXIS2_PLACEMENT_3D ( 'NONE', #493, #1323, #756 ) ;
#647 = AXIS2_PLACEMENT_3D ( 'NONE', #1372, #651, #587 ) ;
#648 = CARTESIAN_POINT ( 'NONE',  ( 2.370100002767610903, 0.8121109664669688977, -5.946762593001441388 ) ) ;
#649 = APPROVAL_ROLE ( '' ) ;
#650 = VERTEX_POINT ( 'NONE', #32 ) ;
#651 = DIRECTION ( 'NONE',  ( 0.000000000000000000, -1.000000000000000000, 0.000000000000000000 ) ) ;
#652 = DIRECTION ( 'NONE',  ( 0.000000000000000000, 0.000000000000000000, 1.000000000000000000 ) ) ;
#653 = CARTESIAN_POINT ( 'NONE',  ( -1.271514044454886028, 3.712356453859582572, -0.3465143677464422312 ) ) ;
#654 = FACE_OUTER_BOUND ( 'NONE', #30, .T. ) ;
#655 = PRODUCT_RELATED_PRODUCT_CATEGORY ( 'detail', '', ( #1384 ) ) ;
#656 = CARTESIAN_POINT ( 'NONE',  ( -18.70218189087393057, 6.735557395310443995E-16, -5.500000000000001776 ) ) ;
#657 = CARTESIAN_POINT ( 'NONE',  ( 0.000000000000000000, 5.973610906922802499, 0.5621145191977771072 ) ) ;
#658 = APPLICATION_CONTEXT ( 'configuration controlled 3d designs of mechanical parts and assemblies' ) ;
#659 = PERSON_AND_ORGANIZATION_ROLE ( 'classification_officer' ) ;
#660 = CARTESIAN_POINT ( 'NONE',  ( -2.261534353976495826, 1.644805828594645414, 2.193658824263415852 ) ) ;
#661 = CARTESIAN_POINT ( 'NONE',  ( 1.882548781030478846, -1.652909006526311897, -5.769071837164858607 ) ) ;
#662 = DIRECTION ( 'NONE',  ( 0.000000000000000000, 0.000000000000000000, 1.000000000000000000 ) ) ;
#663 = CARTESIAN_POINT ( 'NONE',  ( -2.499999999999998668, 0.000000000000000000, 5.999999999999999112 ) ) ;
#664 = CARTESIAN_POINT ( 'NONE',  ( -1.651977051591921430, 1.883431010051970000, -5.697990486015800826 ) ) ;
#665 = EDGE_CURVE ( 'NONE', #962, #760, #513, .T. ) ;
#666 = ORIENTED_EDGE ( 'NONE', *, *, #106, .T. ) ;
#667 = LINE ( 'NONE', #85, #1243 ) ;
#668 = CARTESIAN_POINT ( 'NONE',  ( -2.484743956607747606, 2.323897142126981841, 0.9743555203762457317 ) ) ;
#669 = VECTOR ( 'NONE', #857, 1000.000000000000000 ) ;
#670 = CARTESIAN_POINT ( 'NONE',  ( 1.651153226975874189, 1.884182109196808286, -5.697746658645217011 ) ) ;
#671 = ADVANCED_FACE ( 'NONE', ( #1447, #411 ), #1194, .F. ) ;
#672 = EDGE_CURVE ( 'NONE', #38, #1092, #1432, .T. ) ;
#673 = ORIENTED_EDGE ( 'NONE', *, *, #982, .F. ) ;
#674 = DIRECTION ( 'NONE',  ( -0.000000000000000000, -0.8660254037844432595, -0.4999999999999920064 ) ) ;
#675 = FACE_OUTER_BOUND ( 'NONE', #185, .T. ) ;
#676 = CARTESIAN_POINT ( 'NONE',  ( 1.995633197499865119, 5.796296706436321777, 1.568374045386456306 ) ) ;
#677 = ORIENTED_EDGE ( 'NONE', *, *, #130, .T. ) ;
#678 = VERTEX_POINT ( 'NONE', #727 ) ;
#679 = CARTESIAN_POINT ( 'NONE',  ( -11.50000000000000000, 3.061616997868383141E-16, -2.500000000000000000 ) ) ;
#680 = FACE_BOUND ( 'NONE', #1306, .T. ) ;
#681 = CARTESIAN_POINT ( 'NONE',  ( -8.499999999999998224, 0.000000000000000000, 0.000000000000000000 ) ) ;
#682 = B_SPLINE_CURVE_WITH_KNOTS ( 'NONE', 3,
 ( #486, #403, #138, #385, #864, #950, #27, #849, #165, #595, #51, #378, #841, #728, #1433, #285, #747, #1448, #80, #419, #763, #412, #190, #1111, #301, #1219, #983, #527, #1103, #877, #871, #1336 ),
 .UNSPECIFIED., .F., .F.,
 ( 4, 2, 2, 2, 2, 2, 2, 2, 2, 2, 2, 2, 2, 2, 2, 4 ),
 ( 0.007988022361929624296, 0.008485959055097386239, 0.008983895748265149916, 0.009481832441432911859, 0.009979769134600673802, 0.01097564252093619769, 0.01147357921410395963, 0.01197151590727172157, 0.01246945260043948352, 0.01296738929360724546, 0.01346532598677500914, 0.01396326267994277108, 0.01446119937311053302, 0.01495913606627829323, 0.01545707275944605691, 0.01595500945261381712 ),
 .UNSPECIFIED. ) ;
#683 = CARTESIAN_POINT ( 'NONE',  ( -0.4999999999999970024, -2.449489742783178770, -3.774917217635372690 ) ) ;
#684 = DIRECTION ( 'NONE',  ( -1.000000000000000000, -0.000000000000000000, -0.000000000000000000 ) ) ;
#685 = EDGE_CURVE ( 'NONE', #914, #246, #457, .T. ) ;
#686 = CARTESIAN_POINT ( 'NONE',  ( 1.724107081667658914, -1.819261694998224099, -4.117789732808748049 ) ) ;
#687 = CARTESIAN_POINT ( 'NONE',  ( 2.165680390522465970, 4.452104569986729210, 4.024662306299152448 ) ) ;
#688 = VECTOR ( 'NONE', #15, 1000.000000000000000 ) ;
#689 = CARTESIAN_POINT ( 'NONE',  ( -18.70218189087393057, 0.000000000000000000, 0.000000000000000000 ) ) ;
#690 = CARTESIAN_POINT ( 'NONE',  ( -0.3360405241274358468, -2.013252003394621514, 4.024539671716942379 ) ) ;
#691 = AXIS2_PLACEMENT_3D ( 'NONE', #1176, #475, #939 ) ;
#692 = FACE_OUTER_BOUND ( 'NONE', #171, .T. ) ;
#693 = LINE ( 'NONE', #800, #469 ) ;
#694 = ORIENTED_EDGE ( 'NONE', *, *, #1281, .T. ) ;
#695 = CARTESIAN_POINT ( 'NONE',  ( -0.7149162934398448632, -2.405620138088355286, -3.547186349858120202 ) ) ;
#696 = DIRECTION ( 'NONE',  ( 0.000000000000000000, 0.000000000000000000, 1.000000000000000000 ) ) ;
#697 = VERTEX_POINT ( 'NONE', #755 ) ;
#698 = DIRECTION ( 'NONE',  ( 1.000000000000000000, 0.000000000000000000, 0.000000000000000000 ) ) ;
#699 = DIRECTION ( 'NONE',  ( -1.000000000000000000, -0.000000000000000000, -0.000000000000000000 ) ) ;
#700 = ORIENTED_EDGE ( 'NONE', *, *, #1081, .F. ) ;
#701 = EDGE_CURVE ( 'NONE', #1116, #988, #264, .T. ) ;
#702 = CARTESIAN_POINT ( 'NONE',  ( -1.384079824673309256, -2.086493365199685535, -2.953299732625673801 ) ) ;
#703 = CARTESIAN_POINT ( 'NONE',  ( 2.243014843877915165, -5.665332509084148427, 1.981876492192826023 ) ) ;
#704 = VERTEX_POINT ( 'NONE', #1095 ) ;
#705 = CARTESIAN_POINT ( 'NONE',  ( -0.6545201840652987713, 5.964659648612775200, 0.6512237732467391904 ) ) ;
#706 = ORIENTED_EDGE ( 'NONE', *, *, #188, .F. ) ;
#707 = AXIS2_PLACEMENT_3D ( 'NONE', #1294, #144, #947 ) ;
#708 = FACE_OUTER_BOUND ( 'NONE', #1200, .T. ) ;
#709 = DIRECTION ( 'NONE',  ( 0.000000000000000000, 0.000000000000000000, 1.000000000000000000 ) ) ;
#710 = CIRCLE ( 'NONE', #129, 5.500000000000001776 ) ;
#711 = VERTEX_POINT ( 'NONE', #981 ) ;
#712 = CARTESIAN_POINT ( 'NONE',  ( 2.077520469502112999, 1.402346834617109295, -4.278588592866471529 ) ) ;
#713 = CIRCLE ( 'NONE', #1074, 5.999999999999999112 ) ;
#714 = CARTESIAN_POINT ( 'NONE',  ( 1.984901277060468594, -5.790405740031600246, 1.578082110554145157 ) ) ;
#715 = EDGE_CURVE ( 'NONE', #579, #379, #1165, .T. ) ;
#716 = ORIENTED_EDGE ( 'NONE', *, *, #130, .F. ) ;
#717 = CARTESIAN_POINT ( 'NONE',  ( -1.984741704410304841, -1.528829007836515874, -5.803619680562213112 ) ) ;
#718 = ORIENTED_EDGE ( 'NONE', *, *, #209, .F. ) ;
#719 = DIRECTION ( 'NONE',  ( 0.000000000000000000, 1.000000000000000000, 0.000000000000000000 ) ) ;
#720 = LINE ( 'NONE', #42, #546 ) ;
#721 = CARTESIAN_POINT ( 'NONE',  ( -3.499999999999997780, 0.000000000000000000, 0.000000000000000000 ) ) ;
#722 = CARTESIAN_POINT ( 'NONE',  ( -2.499999999999998668, 0.000000000000000000, 0.000000000000000000 ) ) ;
#723 = ORIENTED_EDGE ( 'NONE', *, *, #1033, .F. ) ;
#724 = UNCERTAINTY_MEASURE_WITH_UNIT (LENGTH_MEASURE( 1.000000000000000082E-05 ), #994, 'distance_accuracy_value', 'NONE');
#725 = CARTESIAN_POINT ( 'NONE',  ( -1.526144814912350656, 5.897084359895980121, 1.110659611031882044 ) ) ;
#726 = VERTEX_POINT ( 'NONE', #1335 ) ;
#727 = CARTESIAN_POINT ( 'NONE',  ( -2.499999999999998668, 9.184850993605147944E-16, -7.500000000000000000 ) ) ;
#728 = CARTESIAN_POINT ( 'NONE',  ( 2.483072321532584947, -4.056467094116591454, 1.955055005654750877 ) ) ;
#729 = CARTESIAN_POINT ( 'NONE',  ( 1.118739863056424255, 4.500581249652231719, 0.01008512542262316944 ) ) ;
#730 = CARTESIAN_POINT ( 'NONE',  ( 0.1672721366149166056, -3.473610906922775410, 4.892241538120043920 ) ) ;
#731 = ORIENTED_EDGE ( 'NONE', *, *, #701, .F. ) ;
#732 = DIRECTION ( 'NONE',  ( 0.000000000000000000, 0.000000000000000000, 1.000000000000000000 ) ) ;
#733 = EDGE_LOOP ( 'NONE', ( #1204, #548, #524, #540, #282 ) ) ;
#734 = CARTESIAN_POINT ( 'NONE',  ( -2.165573860205774359, -4.451964095069093297, 4.024823228827927757 ) ) ;
#735 = ADVANCED_FACE ( 'NONE', ( #990 ), #1236, .T. ) ;
#736 = CARTESIAN_POINT ( 'NONE',  ( -2.484743956607747606, -2.005765204026933812, 1.525376200675890193 ) ) ;
#737 = AXIS2_PLACEMENT_3D ( 'NONE', #1423, #503, #870 ) ;
#738 = EDGE_CURVE ( 'NONE', #98, #1116, #254, .T. ) ;
#739 = CARTESIAN_POINT ( 'NONE',  ( -18.70218189087393057, 3.500000000000000000, -4.873397172404481559 ) ) ;
#740 = DIRECTION ( 'NONE',  ( 0.000000000000000000, 1.000000000000000000, 0.000000000000000000 ) ) ;
#741 = ORIENTED_EDGE ( 'NONE', *, *, #26, .F. ) ;
#742 = AXIS2_PLACEMENT_3D ( 'NONE', #73, #772, #645 ) ;
#743 = ORIENTED_EDGE ( 'NONE', *, *, #1208, .F. ) ;
#744 = CARTESIAN_POINT ( 'NONE',  ( -2.165573860205774359, 5.711581209441246365, 1.843102388652044565 ) ) ;
#745 = VECTOR ( 'NONE', #429, 1000.000000000000000 ) ;
#746 = CARTESIAN_POINT ( 'NONE',  ( -1.924095553944998649, -3.075641743711793108, -0.07549967971812823753 ) ) ;
#747 = CARTESIAN_POINT ( 'NONE',  ( 2.483322398602327841, -3.722701636432450112, 2.533435144477869549 ) ) ;
#748 = AXIS2_PLACEMENT_3D ( 'NONE', #345, #1029, #218 ) ;
#749 = CC_DESIGN_DATE_AND_TIME_ASSIGNMENT ( #888, #530, ( #431 ) ) ;
#750 = CARTESIAN_POINT ( 'NONE',  ( 2.500226111237044524, 3.978765858366623220, 2.108826616432099232 ) ) ;
#751 = PERSON_AND_ORGANIZATION ( #294, #984 ) ;
#752 = VERTEX_POINT ( 'NONE', #306 ) ;
#753 = ORIENTED_EDGE ( 'NONE', *, *, #1154, .T. ) ;
#754 = CARTESIAN_POINT ( 'NONE',  ( 0.6537959918761129252, -2.418593444814171711, -5.491053255503505426 ) ) ;
#755 = CARTESIAN_POINT ( 'NONE',  ( -2.500000000000000000, 2.165063509461107483, 1.249999999999979572 ) ) ;
#756 = DIRECTION ( 'NONE',  ( 0.000000000000000000, 0.000000000000000000, 1.000000000000000000 ) ) ;
#757 = EDGE_CURVE ( 'NONE', #398, #697, #554, .T. ) ;
#758 = PERSON_AND_ORGANIZATION ( #294, #984 ) ;
#759 = ORIENTED_EDGE ( 'NONE', *, *, #155, .T. ) ;
#760 = VERTEX_POINT ( 'NONE', #773 ) ;
#761 = CARTESIAN_POINT ( 'NONE',  ( 3.061618184017937367E-16, -4.490370349203930189, -0.2942348160741062313 ) ) ;
#762 = CARTESIAN_POINT ( 'NONE',  ( -2.021610450123031644, -2.980176424532458235, 0.01285002487421680294 ) ) ;
#763 = CARTESIAN_POINT ( 'NONE',  ( 2.163223319501878184, -3.110562437760687970, 3.254874057288412281 ) ) ;
#764 = CARTESIAN_POINT ( 'NONE',  ( -2.370357623426730953, 0.8115992888655321202, -5.946860788343257376 ) ) ;
#765 = AXIS2_PLACEMENT_3D ( 'NONE', #1230, #884, #662 ) ;
#766 = PERSON_AND_ORGANIZATION ( #294, #984 ) ;
#767 = VERTEX_POINT ( 'NONE', #207 ) ;
#768 = CARTESIAN_POINT ( 'NONE',  ( 2.500000000000000000, 5.510912744665010755E-16, -4.499999999999999112 ) ) ;
#769 = ORIENTED_EDGE ( 'NONE', *, *, #934, .F. ) ;
#770 = ORIENTED_EDGE ( 'NONE', *, *, #1208, .T. ) ;
#771 = DIRECTION ( 'NONE',  ( 0.000000000000000000, 0.000000000000000000, 1.000000000000000000 ) ) ;
#772 = DIRECTION ( 'NONE',  ( -1.000000000000000000, -0.000000000000000000, -0.000000000000000000 ) ) ;
#773 = CARTESIAN_POINT ( 'NONE',  ( -11.50000000000000000, -4.000000000000000000, 4.472135954999580498 ) ) ;
#774 = DIRECTION ( 'NONE',  ( 0.000000000000000000, 0.000000000000000000, 1.000000000000000000 ) ) ;
#775 = LOCAL_TIME ( 17, 39, 28.00000000000000000, #1463 ) ;
#776 = DATE_AND_TIME ( #1435, #69 ) ;
#777 = CARTESIAN_POINT ( 'NONE',  ( -2.484718596751791075, 2.005829925969013772, 1.525272813673267391 ) ) ;
#778 = CARTESIAN_POINT ( 'NONE',  ( -18.70218189087393057, 0.000000000000000000, 0.000000000000000000 ) ) ;
#779 = CARTESIAN_POINT ( 'NONE',  ( 0.000000000000000000, -3.473610906922772745, 4.892241538120041255 ) ) ;
#780 = EDGE_CURVE ( 'NONE', #944, #726, #109, .T. ) ;
#781 = PLANE ( 'NONE',  #36 ) ;
#782 = CARTESIAN_POINT ( 'NONE',  ( 0.6533534965488997370, 5.964700443899236149, 0.6508488782766790326 ) ) ;
#783 = CARTESIAN_POINT ( 'NONE',  ( -0.7163333860388625407, 1.867987639943851530, 3.855920023422271470 ) ) ;
#784 = CARTESIAN_POINT ( 'NONE',  ( -0.4176805067315281783, -4.492878083666751010, -0.2538656443429679888 ) ) ;
#785 = EDGE_CURVE ( 'NONE', #711, #1005, #1119, .T. ) ;
#786 = FACE_OUTER_BOUND ( 'NONE', #1310, .T. ) ;
#787 = CARTESIAN_POINT ( 'NONE',  ( 2.483399338814678448, 0.3316893159624707543, -5.993028201139789068 ) ) ;
#788 = EDGE_CURVE ( 'NONE', #1063, #1128, #1121, .T. ) ;
#789 = AXIS2_PLACEMENT_3D ( 'NONE', #446, #1113, #88 ) ;
#790 = ORIENTED_EDGE ( 'NONE', *, *, #245, .F. ) ;
#791 = CARTESIAN_POINT ( 'NONE',  ( -18.70218189087393057, 9.184850993605147944E-16, -7.500000000000000000 ) ) ;
#792 = AXIS2_PLACEMENT_3D ( 'NONE', #111, #911, #896 ) ;
#793 = DIRECTION ( 'NONE',  ( -1.000000000000000000, -0.000000000000000000, -0.000000000000000000 ) ) ;
#794 = CARTESIAN_POINT ( 'NONE',  ( 2.369483030762925324, 5.556669567696350676, 2.268607436033534430 ) ) ;
#795 = CIRCLE ( 'NONE', #216, 6.000000000000000000 ) ;
#796 = AXIS2_PLACEMENT_3D ( 'NONE', #1150, #563, #569 ) ;
#797 = ORIENTED_EDGE ( 'NONE', *, *, #825, .T. ) ;
#798 = DIRECTION ( 'NONE',  ( -1.000000000000000000, -0.000000000000000000, -0.000000000000000000 ) ) ;
#799 = CARTESIAN_POINT ( 'NONE',  ( -3.499999999999999556, 3.500000000000000000, -4.999999999999999112 ) ) ;
#800 = CARTESIAN_POINT ( 'NONE',  ( -3.499999999999999556, 4.000000000000000000, -4.472135954999580498 ) ) ;
#801 = SHAPE_DEFINITION_REPRESENTATION ( #1222, #330 ) ;
#802 = ADVANCED_FACE ( 'NONE', ( #81, #308 ), #781, .F. ) ;
#803 = ORIENTED_EDGE ( 'NONE', *, *, #74, .F. ) ;
#804 = CARTESIAN_POINT ( 'NONE',  ( -3.499999999999997780, 0.000000000000000000, 6.000000000000000000 ) ) ;
#805 = CARTESIAN_POINT ( 'NONE',  ( -0.4999999999999970024, 2.449489742783178770, -3.774917217635372690 ) ) ;
#806 = DIRECTION ( 'NONE',  ( 0.000000000000000000, 0.000000000000000000, 1.000000000000000000 ) ) ;
#807 = DIRECTION ( 'NONE',  ( -0.000000000000000000, 0.8660254037844363761, -0.5000000000000041078 ) ) ;
#808 = CARTESIAN_POINT ( 'NONE',  ( -2.499999999999998668, 0.000000000000000000, 0.000000000000000000 ) ) ;
#809 = CIRCLE ( 'NONE', #1044, 7.500000000000000000 ) ;
#810 = CARTESIAN_POINT ( 'NONE',  ( -3.499999999999999556, -3.500000000000000000, -4.873397172404481559 ) ) ;
#811 = CARTESIAN_POINT ( 'NONE',  ( -2.483265549910995684, -5.356297016445931369, 2.708567590250734458 ) ) ;
#812 = ORIENTED_EDGE ( 'NONE', *, *, #986, .T. ) ;
#813 = CARTESIAN_POINT ( 'NONE',  ( 1.120128967847951795, 2.259587007105680723, 3.892264984560406926 ) ) ;
#814 = LINE ( 'NONE', #1478, #594 ) ;
#815 = AXIS2_PLACEMENT_3D ( 'NONE', #808, #902, #351 ) ;
#816 = VERTEX_POINT ( 'NONE', #1479 ) ;
#817 = CARTESIAN_POINT ( 'NONE',  ( -0.9394237601264567861, 2.330489524028023673, -3.325251110401350019 ) ) ;
#818 = EDGE_CURVE ( 'NONE', #1076, #582, #335, .T. ) ;
#819 = FACE_BOUND ( 'NONE', #149, .T. ) ;
#820 = CARTESIAN_POINT ( 'NONE',  ( -2.500000000000001332, -0.1601914172193844854, -2.499999999999999112 ) ) ;
#821 = LINE ( 'NONE', #1426, #169 ) ;
#822 = CARTESIAN_POINT ( 'NONE',  ( -2.243317304753060792, -1.115495851646002290, -5.897379805078889703 ) ) ;
#823 = CARTESIAN_POINT ( 'NONE',  ( -0.7163333860390147523, 2.405330875272834845, -3.545684761857675227 ) ) ;
#824 = CARTESIAN_POINT ( 'NONE',  ( -2.165817156349888695, -5.711416227697994508, 1.843578370048761128 ) ) ;
#825 = EDGE_CURVE ( 'NONE', #640, #1354, #1000, .T. ) ;
#826 = ORIENTED_EDGE ( 'NONE', *, *, #245, .T. ) ;
#827 = EDGE_CURVE ( 'NONE', #170, #49, #1461, .T. ) ;
#828 = CARTESIAN_POINT ( 'NONE',  ( -2.379036529334272565, -0.7844626148263822429, -2.504463271747731756 ) ) ;
#829 = DIRECTION ( 'NONE',  ( -1.000000000000000000, -0.000000000000000000, -0.000000000000000000 ) ) ;
#830 = ORIENTED_EDGE ( 'NONE', *, *, #827, .T. ) ;
#831 = CARTESIAN_POINT ( 'NONE',  ( -8.499999999999998224, -4.000000000000000000, 4.472135954999580498 ) ) ;
#832 = ORIENTED_EDGE ( 'NONE', *, *, #1281, .F. ) ;
#833 = VECTOR ( 'NONE', #62, 1000.000000000000000 ) ;
#834 = CARTESIAN_POINT ( 'NONE',  ( 1.292731260768617441, -2.147550982375396877, -3.955629176108930167 ) ) ;
#835 = CARTESIAN_POINT ( 'NONE',  ( -2.260715170260147566, -1.644090172953950102, 2.195203234479349952 ) ) ;
#836 = CARTESIAN_POINT ( 'NONE',  ( 0.4372143049295648676, 2.468453652918127794, -3.762936188589381281 ) ) ;
#837 = AXIS2_PLACEMENT_3D ( 'NONE', #7, #719, #472 ) ;
#838 = CARTESIAN_POINT ( 'NONE',  ( 2.369483030762925324, -4.743006454667514582, 3.677913288044146523 ) ) ;
#839 = DIRECTION ( 'NONE',  ( -1.000000000000000000, 0.000000000000000000, 0.000000000000000000 ) ) ;
#840 = CARTESIAN_POINT ( 'NONE',  ( -2.261534353976495382, -2.722167183345345798, 0.3276142197239540477 ) ) ;
#841 = CARTESIAN_POINT ( 'NONE',  ( 2.416351925726116789, -4.188619895760579581, 1.653066462555286220 ) ) ;
#842 = CARTESIAN_POINT ( 'NONE',  ( 2.499769182605991791, 3.812030440469926784, 2.397113133501837634 ) ) ;
#843 = DIRECTION ( 'NONE',  ( -1.000000000000000000, -0.000000000000000000, -0.000000000000000000 ) ) ;
#844 = EDGE_CURVE ( 'NONE', #1354, #553, #1018, .T. ) ;
#845 = ORIENTED_EDGE ( 'NONE', *, *, #448, .F. ) ;
#846 = CARTESIAN_POINT ( 'NONE',  ( -2.483390551656806888, -0.3313286651165030516, -5.993025678387398969 ) ) ;
#847 = VERTEX_POINT ( 'NONE', #221 ) ;
#848 = CARTESIAN_POINT ( 'NONE',  ( -0.4999999999994048094, -4.493919079047087095, -0.2338617347426801274 ) ) ;
#849 = CARTESIAN_POINT ( 'NONE',  ( 1.528766028474674910, -4.491044897223209986, 0.3012525839093943558 ) ) ;
#850 = CARTESIAN_POINT ( 'NONE',  ( 2.416351925726115457, 3.525907498597255163, 2.800918005247931664 ) ) ;
#851 = PLANE ( 'NONE',  #907 ) ;
#852 = ORIENTED_EDGE ( 'NONE', *, *, #1043, .T. ) ;
#853 = ORIENTED_EDGE ( 'NONE', *, *, #188, .T. ) ;
#854 = CARTESIAN_POINT ( 'NONE',  ( -18.70218189087393057, 7.347880794884119736E-16, -6.000000000000000000 ) ) ;
#855 = EDGE_LOOP ( 'NONE', ( #499, #366, #860, #1069, #882, #1429, #509, #941, #852 ) ) ;
#856 = CARTESIAN_POINT ( 'NONE',  ( -18.70218189087393057, 0.000000000000000000, 0.000000000000000000 ) ) ;
#857 = DIRECTION ( 'NONE',  ( -0.000000000000000000, 0.000000000000000000, -1.000000000000000000 ) ) ;
#858 = CARTESIAN_POINT ( 'NONE',  ( 0.3367466071059396771, 4.491853098516651599, -0.2735920237792327514 ) ) ;
#859 = ORIENTED_EDGE ( 'NONE', *, *, #338, .T. ) ;
#860 = ORIENTED_EDGE ( 'NONE', *, *, #1090, .T. ) ;
#861 = CARTESIAN_POINT ( 'NONE',  ( 2.500000000000000444, -0.3294735782554623071, -6.000000000000000000 ) ) ;
#862 = AXIS2_PLACEMENT_3D ( 'NONE', #287, #622, #496 ) ;
#863 = CARTESIAN_POINT ( 'NONE',  ( -3.499999999999999556, -4.000000000000000000, 4.472135954999580498 ) ) ;
#864 = CARTESIAN_POINT ( 'NONE',  ( 0.8183184560862458712, -4.498519659651091906, -0.1370438778219346954 ) ) ;
#865 = ADVANCED_FACE ( 'NONE', ( #786, #680 ), #1011, .F. ) ;
#866 = APPROVAL_ROLE ( '' ) ;
#867 = ORIENTED_EDGE ( 'NONE', *, *, #785, .F. ) ;
#868 = ORIENTED_EDGE ( 'NONE', *, *, #1196, .F. ) ;
#869 = FACE_OUTER_BOUND ( 'NONE', #1053, .T. ) ;
#870 = DIRECTION ( 'NONE',  ( -0.000000000000000000, 0.000000000000000000, 1.000000000000000000 ) ) ;
#871 = CARTESIAN_POINT ( 'NONE',  ( 0.1687417823283662299, -1.990370349203912204, 4.035892202848075705 ) ) ;
#872 = CARTESIAN_POINT ( 'NONE',  ( -2.499999999999999112, 0.1671054223428517505, -6.000000000000000000 ) ) ;
#873 = ADVANCED_FACE ( 'NONE', ( #1486 ), #1251, .T. ) ;
#874 = VERTEX_POINT ( 'NONE', #1346 ) ;
#875 = CARTESIAN_POINT ( 'NONE',  ( 1.258215165936128921, -2.166361182966829446, -5.596081245774406909 ) ) ;
#876 = CARTESIAN_POINT ( 'NONE',  ( -1.652489243976895894, -3.993246385041061330, 4.479775215736775174 ) ) ;
#877 = CARTESIAN_POINT ( 'NONE',  ( 0.3367466071059373456, -2.008988906392732421, 4.026854905272872820 ) ) ;
#878 = DIRECTION ( 'NONE',  ( -1.000000000000000000, -0.000000000000000000, -0.000000000000000000 ) ) ;
#879 = CARTESIAN_POINT ( 'NONE',  ( -2.242958719824567293, 1.116433988101040553, -5.897238488634692466 ) ) ;
#880 = CIRCLE ( 'NONE', #1097, 7.500000000000000000 ) ;
#881 = AXIS2_PLACEMENT_3D ( 'NONE', #1389, #1180, #593 ) ;
#882 = ORIENTED_EDGE ( 'NONE', *, *, #715, .T. ) ;
#883 = CARTESIAN_POINT ( 'NONE',  ( -0.8133223644755916970, -2.369582593462939091, -5.512683608006683222 ) ) ;
#884 = DIRECTION ( 'NONE',  ( -1.000000000000000000, -0.000000000000000000, -0.000000000000000000 ) ) ;
#885 = CARTESIAN_POINT ( 'NONE',  ( -18.70218189087393057, 0.000000000000000000, 0.000000000000000000 ) ) ;
#886 = CARTESIAN_POINT ( 'NONE',  ( -1.527403528672906408, 1.985776905186848129, -5.662680758676494897 ) ) ;
#887 = VECTOR ( 'NONE', #843, 1000.000000000000000 ) ;
#888 = DATE_AND_TIME ( #515, #1269 ) ;
#889 = CARTESIAN_POINT ( 'NONE',  ( -2.500000000000000000, 2.085009130673433742, 1.388658251428596557 ) ) ;
#890 = DIRECTION ( 'NONE',  ( -1.000000000000000000, -0.000000000000000000, -0.000000000000000000 ) ) ;
#891 = EDGE_CURVE ( 'NONE', #816, #1215, #542, .T. ) ;
#892 = EDGE_CURVE ( 'NONE', #1005, #582, #539, .T. ) ;
#893 = DIRECTION ( 'NONE',  ( -1.000000000000000000, -0.000000000000000000, -0.000000000000000000 ) ) ;
#894 = CARTESIAN_POINT ( 'NONE',  ( 2.483357951628045956, 5.024272924579507027, 3.283727780875057345 ) ) ;
#895 = ORIENTED_EDGE ( 'NONE', *, *, #934, .T. ) ;
#896 = DIRECTION ( 'NONE',  ( 0.000000000000000000, 0.000000000000000000, 1.000000000000000000 ) ) ;
#897 = B_SPLINE_CURVE_WITH_KNOTS ( 'NONE', 3,
 ( #575, #461, #920, #1385, #350, #813, #1272, #150, #953, #1064, #1290, #34, #850, #380, #842, #750, #1082, #604, #52, #960, #262, #967, #506, #58, #487, #1417, #729, #45, #395, #858, #1297, #159 ),
 .UNSPECIFIED., .F., .F.,
 ( 4, 2, 2, 2, 2, 2, 2, 2, 2, 2, 2, 2, 2, 2, 2, 4 ),
 ( 0.007988022361929620827, 0.008485959055097382769, 0.008983895748265142978, 0.009481832441432904920, 0.009979769134600666863, 0.01097564252093618901, 0.01147357921410394922, 0.01197151590727171117, 0.01246945260043947137, 0.01296738929360723158, 0.01346532598677499352, 0.01396326267994275373, 0.01446119937311051394, 0.01495913606627827588, 0.01545707275944603609, 0.01595500945261379630 ),
 .UNSPECIFIED. ) ;
#898 = LINE ( 'NONE', #326, #128 ) ;
#899 = CARTESIAN_POINT ( 'NONE',  ( 0.6556886211540884357, 2.418087471178597347, -5.491277066662543227 ) ) ;
#900 = VECTOR ( 'NONE', #890, 1000.000000000000000 ) ;
#901 = VERTEX_POINT ( 'NONE', #663 ) ;
#902 = DIRECTION ( 'NONE',  ( 1.000000000000000000, 0.000000000000000000, 0.000000000000000000 ) ) ;
#903 = CYLINDRICAL_SURFACE ( 'NONE', #1409, 4.499999999999999112 ) ;
#904 = DIRECTION ( 'NONE',  ( 0.000000000000000000, 0.000000000000000000, 1.000000000000000000 ) ) ;
#905 = ADVANCED_FACE ( 'NONE', ( #675 ), #903, .F. ) ;
#906 = CIRCLE ( 'NONE', #91, 5.999999999999999112 ) ;
#907 = AXIS2_PLACEMENT_3D ( 'NONE', #1277, #740, #605 ) ;
#908 = AXIS2_PLACEMENT_3D ( 'NONE', #1248, #1014, #2 ) ;
#909 = CARTESIAN_POINT ( 'NONE',  ( -0.8108842227675516767, -3.588469696978989987, 4.809118692176204135 ) ) ;
#910 = CARTESIAN_POINT ( 'NONE',  ( -0.9394237601263170090, 1.714507173556088615, 3.680888686262546727 ) ) ;
#911 = DIRECTION ( 'NONE',  ( -1.000000000000000000, -0.000000000000000000, -0.000000000000000000 ) ) ;
#912 = CYLINDRICAL_SURFACE ( 'NONE', #881, 2.500000000000000000 ) ;
#913 = CARTESIAN_POINT ( 'NONE',  ( -1.527620925647167116, -5.896871102349911631, 1.111815427068516771 ) ) ;
#914 = VERTEX_POINT ( 'NONE', #1133 ) ;
#915 = CARTESIAN_POINT ( 'NONE',  ( -0.4176805067315276232, 2.026584944684279854, 4.017879378733226758 ) ) ;
#916 = DIRECTION ( 'NONE',  ( -1.000000000000000000, -0.000000000000000000, -0.000000000000000000 ) ) ;
#917 = CARTESIAN_POINT ( 'NONE',  ( 0.4374818647897700252, -2.468423448973905643, -3.762957565755203682 ) ) ;
#918 = CARTESIAN_POINT ( 'NONE',  ( 0.6556275274753129434, 3.546421510344167416, 4.839853653116886534 ) ) ;
#919 = ORIENTED_EDGE ( 'NONE', *, *, #1156, .F. ) ;
#920 = CARTESIAN_POINT ( 'NONE',  ( 0.3358829269316122024, 2.009000553529067368, 4.026842286457320341 ) ) ;
#921 = CARTESIAN_POINT ( 'NONE',  ( -3.499999999999999556, -4.000000000000000000, -4.472135954999580498 ) ) ;
#922 = VECTOR ( 'NONE', #878, 1000.000000000000000 ) ;
#923 = EDGE_CURVE ( 'NONE', #634, #98, #107, .T. ) ;
#924 = CYLINDRICAL_SURFACE ( 'NONE', #583, 6.000000000000000000 ) ;
#925 = PLANE ( 'NONE',  #1025 ) ;
#926 = AXIS2_PLACEMENT_3D ( 'NONE', #453, #584, #464 ) ;
#927 = ORIENTED_EDGE ( 'NONE', *, *, #176, .T. ) ;
#928 = CARTESIAN_POINT ( 'NONE',  ( 0.9719319623280858744, 2.310537207766031997, -3.862703980454041286 ) ) ;
#929 = CARTESIAN_POINT ( 'NONE',  ( 0.1646652931185529078, -5.973610906922795394, 0.5621145191978597078 ) ) ;
#930 = CIRCLE ( 'NONE', #691, 5.999999999999999112 ) ;
#931 = VECTOR ( 'NONE', #684, 1000.000000000000000 ) ;
#932 = EDGE_CURVE ( 'NONE', #760, #1135, #898, .T. ) ;
#933 = CARTESIAN_POINT ( 'NONE',  ( 0.9680390103096653265, -2.312148310335786938, -3.861728575624793436 ) ) ;
#934 = EDGE_CURVE ( 'NONE', #246, #612, #1153, .T. ) ;
#935 = CARTESIAN_POINT ( 'NONE',  ( -0.3315554062854501605, -5.971976601272187324, 0.5803202124049753330 ) ) ;
#936 = ORIENTED_EDGE ( 'NONE', *, *, #780, .F. ) ;
#937 = B_SPLINE_CURVE_WITH_KNOTS ( 'NONE', 3,
 ( #225, #730, #142, #1183, #272, #1400, #597, #256, #1166, #358, #1075, #838, #1291, #946, #1418, #1058, #160, #483, #1041, #703, #46, #714, #1190, #961, #29, #1305, #280, #954, #249, #1393, #929, #151 ),
 .UNSPECIFIED., .F., .F.,
 ( 4, 2, 2, 2, 2, 2, 2, 2, 2, 2, 2, 2, 2, 2, 2, 4 ),
 ( 2.127230531638900391E-19, 0.0004941829072141294688, 0.0009883658144282587207, 0.001482548721642388189, 0.001976731628856518309, 0.002965097443284778547, 0.003459280350498910618, 0.003953463257713042689, 0.004447646164927174760, 0.004941829072141306831, 0.005436011979355438901, 0.005930194886569569238, 0.006424377793783701308, 0.006918560700997833379, 0.007412743608211965450, 0.007906926515426097521 ),
 .UNSPECIFIED. ) ;
#938 = DIRECTION ( 'NONE',  ( -0.000000000000000000, -0.8660254037844432595, -0.4999999999999920064 ) ) ;
#939 = DIRECTION ( 'NONE',  ( 0.000000000000000000, 0.000000000000000000, 1.000000000000000000 ) ) ;
#940 = CARTESIAN_POINT ( 'NONE',  ( 10.50000000000000533, 0.000000000000000000, 5.500000000000001776 ) ) ;
#941 = ORIENTED_EDGE ( 'NONE', *, *, #952, .F. ) ;
#942 = CARTESIAN_POINT ( 'NONE',  ( 2.332573807656247666, -0.9182020844917048175, -4.408651321743850104 ) ) ;
#943 = CARTESIAN_POINT ( 'NONE',  ( -1.271514044454886472, -1.556087981685086108, 3.388252180818728032 ) ) ;
#944 = VERTEX_POINT ( 'NONE', #1430 ) ;
#945 = DIRECTION ( 'NONE',  ( 0.000000000000000000, 0.000000000000000000, 1.000000000000000000 ) ) ;
#946 = CARTESIAN_POINT ( 'NONE',  ( 2.483580527807693894, -5.025033812759729379, 3.282593701195212432 ) ) ;
#947 = DIRECTION ( 'NONE',  ( 0.000000000000000000, 0.000000000000000000, 1.000000000000000000 ) ) ;
#948 = CIRCLE ( 'NONE', #1193, 5.999999999999999112 ) ;
#949 = DIRECTION ( 'NONE',  ( -1.000000000000000000, -0.000000000000000000, -0.000000000000000000 ) ) ;
#950 = CARTESIAN_POINT ( 'NONE',  ( 1.120128967847952017, -4.500593858442798911, 0.01072725793454444403 ) ) ;
#951 = ORIENTED_EDGE ( 'NONE', *, *, #26, .T. ) ;
#952 = EDGE_CURVE ( 'NONE', #634, #579, #948, .T. ) ;
#953 = CARTESIAN_POINT ( 'NONE',  ( 1.653756369948624183, 2.600849000120109000, 3.674316814814434284 ) ) ;
#954 = CARTESIAN_POINT ( 'NONE',  ( 0.8118329252012245201, -5.958979269659877787, 0.7036716286300656042 ) ) ;
#955 = ORIENTED_EDGE ( 'NONE', *, *, #247, .F. ) ;
#956 = DIRECTION ( 'NONE',  ( -1.000000000000000000, -0.000000000000000000, -0.000000000000000000 ) ) ;
#957 =( GEOMETRIC_REPRESENTATION_CONTEXT ( 3 ) GLOBAL_UNCERTAINTY_ASSIGNED_CONTEXT ( ( #724 ) ) GLOBAL_UNIT_ASSIGNED_CONTEXT ( ( #994, #507, #68 ) ) REPRESENTATION_CONTEXT ( 'NONE', 'WORKASPACE' ) );
#958 = CARTESIAN_POINT ( 'NONE',  ( -2.424923147575196669, -2.480833603461881420, 0.7068633095201057870 ) ) ;
#959 = DIRECTION ( 'NONE',  ( -1.000000000000000000, -0.000000000000000000, -0.000000000000000000 ) ) ;
#960 = CARTESIAN_POINT ( 'NONE',  ( 2.240742661998088359, 4.337156957485374775, 1.209738729068084995 ) ) ;
#961 = CARTESIAN_POINT ( 'NONE',  ( 1.651457890905804193, -5.876394164538758069, 1.217482151552913283 ) ) ;
#962 = VERTEX_POINT ( 'NONE', #831 ) ;
#963 = CARTESIAN_POINT ( 'NONE',  ( -18.70218189087393057, 0.000000000000000000, 0.000000000000000000 ) ) ;
#964 = ORIENTED_EDGE ( 'NONE', *, *, #818, .T. ) ;
#965 = CARTESIAN_POINT ( 'NONE',  ( -2.432848036327216246, -4.840346293723147397, 3.558689939432566618 ) ) ;
#966 = CARTESIAN_POINT ( 'NONE',  ( -0.4999999999999970024, -2.044429336263896335, 4.008778952377339166 ) ) ;
#967 = CARTESIAN_POINT ( 'NONE',  ( 1.982894893315030327, 4.432169809504207691, 0.7909959467255722743 ) ) ;
#968 = MECHANICAL_CONTEXT ( 'NONE', #658, 'mechanical' ) ;
#969 = VERTEX_POINT ( 'NONE', #1421 ) ;
#970 = ORIENTED_EDGE ( 'NONE', *, *, #982, .T. ) ;
#971 = DIRECTION ( 'NONE',  ( -1.000000000000000000, -0.000000000000000000, -0.000000000000000000 ) ) ;
#972 = EDGE_CURVE ( 'NONE', #726, #944, #278, .T. ) ;
#973 = CARTESIAN_POINT ( 'NONE',  ( -0.3315554062854494943, 3.488560346908404775, 4.881723341305461261 ) ) ;
#974 = LINE ( 'NONE', #1404, #669 ) ;
#975 = AXIS2_PLACEMENT_3D ( 'NONE', #390, #839, #1192 ) ;
#976 = VECTOR ( 'NONE', #1386, 1000.000000000000000 ) ;
#977 = APPROVAL_STATUS ( 'not_yet_approved' ) ;
#978 = ORIENTED_EDGE ( 'NONE', *, *, #1377, .F. ) ;
#979 = ORIENTED_EDGE ( 'NONE', *, *, #1003, .T. ) ;
#980 = CARTESIAN_POINT ( 'NONE',  ( -0.6539478538166744181, -2.418590853962363951, -5.491054996713702785 ) ) ;
#981 = CARTESIAN_POINT ( 'NONE',  ( 20.50000000000000000, 0.000000000000000000, 5.500000000000002665 ) ) ;
#982 = EDGE_CURVE ( 'NONE', #1168, #650, #1068, .T. ) ;
#983 = CARTESIAN_POINT ( 'NONE',  ( 1.118739863056421369, -2.259024599642477149, 3.892575131283425360 ) ) ;
#984 = ORGANIZATION ( 'UNSPECIFIED', 'UNSPECIFIED', '' ) ;
#985 = CIRCLE ( 'NONE', #523, 4.499999999999999112 ) ;
#986 = EDGE_CURVE ( 'NONE', #944, #1184, #359, .T. ) ;
#987 = CARTESIAN_POINT ( 'NONE',  ( 2.418564041430799172, 5.494137939263859849, 2.416781854211616398 ) ) ;
#988 = VERTEX_POINT ( 'NONE', #153 ) ;
#989 = CARTESIAN_POINT ( 'NONE',  ( 20.50000000000000000, 0.000000000000000000, 0.000000000000000000 ) ) ;
#990 = FACE_OUTER_BOUND ( 'NONE', #409, .T. ) ;
#991 = CYLINDRICAL_SURFACE ( 'NONE', #742, 2.500000000000000444 ) ;
#992 = CARTESIAN_POINT ( 'NONE',  ( 0.8115038398606425618, 2.370252263024604567, -5.512398186896878549 ) ) ;
#993 = APPROVAL ( #202, 'UNSPECIFIED' ) ;
#994 =( LENGTH_UNIT ( ) NAMED_UNIT ( * ) SI_UNIT ( .MILLI., .METRE. ) );
#995 = ORIENTED_EDGE ( 'NONE', *, *, #1473, .F. ) ;
#996 = ORIENTED_EDGE ( 'NONE', *, *, #421, .T. ) ;
#997 = DIRECTION ( 'NONE',  ( 0.000000000000000000, 0.000000000000000000, -1.000000000000000000 ) ) ;
#998 = CARTESIAN_POINT ( 'NONE',  ( -2.260715170260148454, 2.723146854005860984, 0.3262222386507845906 ) ) ;
#999 = CARTESIAN_POINT ( 'NONE',  ( -2.500000000000000000, 1.183291357831517708E-27, -2.499999999999999112 ) ) ;
#1000 = LINE ( 'NONE', #799, #86 ) ;
#1001 = CARTESIAN_POINT ( 'NONE',  ( -1.881625965770455711, 1.654032730495416326, -5.768759283832341822 ) ) ;
#1002 = VECTOR ( 'NONE', #321, 1000.000000000000000 ) ;
#1003 = EDGE_CURVE ( 'NONE', #179, #1465, #880, .T. ) ;
#1004 = CALENDAR_DATE ( 2023, 3, 12 ) ;
#1005 = VERTEX_POINT ( 'NONE', #940 ) ;
#1006 = CARTESIAN_POINT ( 'NONE',  ( 0.1636281198961833105, -2.500106784638723934, -5.454307112671461510 ) ) ;
#1007 = DIRECTION ( 'NONE',  ( -1.000000000000000000, -0.000000000000000000, -0.000000000000000000 ) ) ;
#1008 = CARTESIAN_POINT ( 'NONE',  ( 2.181206078729164499, 5.718452316778374289, 1.841718934661199070 ) ) ;
#1009 = VERTEX_POINT ( 'NONE', #383 ) ;
#1010 = CYLINDRICAL_SURFACE ( 'NONE', #220, 7.500000000000000000 ) ;
#1011 = PLANE ( 'NONE',  #564 ) ;
#1012 = CARTESIAN_POINT ( 'NONE',  ( 2.243014843877916498, 4.549021643944270998, 3.915383627656270349 ) ) ;
#1013 = ORIENTED_EDGE ( 'NONE', *, *, #209, .T. ) ;
#1014 = DIRECTION ( 'NONE',  ( -0.000000000000000000, 0.8660254037844363761, -0.5000000000000041078 ) ) ;
#1015 = EDGE_CURVE ( 'NONE', #1128, #1009, #484, .T. ) ;
#1016 = DIRECTION ( 'NONE',  ( 0.000000000000000000, 0.000000000000000000, -1.000000000000000000 ) ) ;
#1017 = DIRECTION ( 'NONE',  ( -1.000000000000000000, -0.000000000000000000, -0.000000000000000000 ) ) ;
#1018 = CIRCLE ( 'NONE', #789, 6.000000000000000000 ) ;
#1019 = ORIENTED_EDGE ( 'NONE', *, *, #788, .T. ) ;
#1020 = CARTESIAN_POINT ( 'NONE',  ( -1.115287107709894920, -3.697845665019169559, 4.725534340079857287 ) ) ;
#1021 = ORIENTED_EDGE ( 'NONE', *, *, #122, .T. ) ;
#1022 = CARTESIAN_POINT ( 'NONE',  ( -0.08518002690914358577, -1.990370349203912204, 4.035892202848075705 ) ) ;
#1023 = DIRECTION ( 'NONE',  ( 1.000000000000000000, 0.000000000000000000, 0.000000000000000000 ) ) ;
#1024 = DIRECTION ( 'NONE',  ( 0.000000000000000000, -1.000000000000000000, 0.000000000000000000 ) ) ;
#1025 = AXIS2_PLACEMENT_3D ( 'NONE', #117, #1024, #356 ) ;
#1026 = ADVANCED_FACE ( 'NONE', ( #163 ), #1077, .T. ) ;
#1027 = EDGE_LOOP ( 'NONE', ( #266, #1456, #1173, #743 ) ) ;
#1028 = CARTESIAN_POINT ( 'NONE',  ( 0.000000000000000000, 7.745190528383305129, 1.584936490538831677 ) ) ;
#1029 = DIRECTION ( 'NONE',  ( 1.000000000000000000, 0.000000000000000000, 0.000000000000000000 ) ) ;
#1030 = DIRECTION ( 'NONE',  ( 0.000000000000000000, 0.000000000000000000, 1.000000000000000000 ) ) ;
#1031 = CARTESIAN_POINT ( 'NONE',  ( 1.880247706037697863, 4.167743757108478775, 4.317891052523020079 ) ) ;
#1032 = ORIENTED_EDGE ( 'NONE', *, *, #1472, .F. ) ;
#1033 = EDGE_CURVE ( 'NONE', #1209, #847, #394, .T. ) ;
#1034 = FACE_OUTER_BOUND ( 'NONE', #855, .T. ) ;
#1035 = LINE ( 'NONE', #550, #19 ) ;
#1036 = CARTESIAN_POINT ( 'NONE',  ( -8.499999999999998224, 3.500000000000000000, -5.000000000000000000 ) ) ;
#1037 = CARTESIAN_POINT ( 'NONE',  ( 3.058913522528894001E-16, 3.473610906922841135, 4.892241538119993294 ) ) ;
#1038 = VERTEX_POINT ( 'NONE', #23 ) ;
#1039 = ADVANCED_FACE ( 'NONE', ( #1201 ), #365, .F. ) ;
#1040 = LINE ( 'NONE', #1028, #1316 ) ;
#1041 = CARTESIAN_POINT ( 'NONE',  ( 2.370351792790929668, -5.555931781065402753, 2.270561365156124722 ) ) ;
#1042 = AXIS2_PLACEMENT_3D ( 'NONE', #963, #490, #172 ) ;
#1043 = EDGE_CURVE ( 'NONE', #634, #1184, #505, .T. ) ;
#1044 = AXIS2_PLACEMENT_3D ( 'NONE', #186, #1117, #416 ) ;
#1045 = PLANE ( 'NONE',  #837 ) ;
#1046 = CARTESIAN_POINT ( 'NONE',  ( -1.653368581701683437, -5.876069634212819359, 1.219133514617205094 ) ) ;
#1047 = VECTOR ( 'NONE', #1197, 1000.000000000000000 ) ;
#1048 = CARTESIAN_POINT ( 'NONE',  ( 2.394785051777166718, 0.7420217748387885059, -4.442268550227947976 ) ) ;
#1049 = DIRECTION ( 'NONE',  ( -0.000000000000000000, -0.8660254037844433705, -0.4999999999999920619 ) ) ;
#1050 = AXIS2_PLACEMENT_3D ( 'NONE', #1408, #497, #373 ) ;
#1051 = ORIENTED_EDGE ( 'NONE', *, *, #621, .T. ) ;
#1052 = CARTESIAN_POINT ( 'NONE',  ( -0.1671234423832810845, 5.973610906922803387, 0.5621145191977771072 ) ) ;
#1053 = EDGE_LOOP ( 'NONE', ( #1108, #759, #1099, #970, #1450, #443 ) ) ;
#1054 = LINE ( 'NONE', #600, #1167 ) ;
#1055 = DIRECTION ( 'NONE',  ( 0.000000000000000000, 0.000000000000000000, 1.000000000000000000 ) ) ;
#1056 = ORIENTED_EDGE ( 'NONE', *, *, #685, .F. ) ;
#1057 = CARTESIAN_POINT ( 'NONE',  ( 0.2482327200683270008, 2.494769753403342616, -3.745150641647811085 ) ) ;
#1058 = CARTESIAN_POINT ( 'NONE',  ( 2.500087963840248673, -5.278190289251064371, 2.857979550192038420 ) ) ;
#1059 = CARTESIAN_POINT ( 'NONE',  ( -2.499999999999998668, 5.196152422706659557, 2.999999999999952038 ) ) ;
#1060 = CARTESIAN_POINT ( 'NONE',  ( 0.000000000000000000, 5.973610906922802499, 0.5621145191977771072 ) ) ;
#1061 = ADVANCED_FACE ( 'NONE', ( #1466 ), #313, .F. ) ;
#1062 = CARTESIAN_POINT ( 'NONE',  ( -11.50000000000000000, 0.000000000000000000, 0.000000000000000000 ) ) ;
#1063 = VERTEX_POINT ( 'NONE', #518 ) ;
#1064 = CARTESIAN_POINT ( 'NONE',  ( 1.992270123194986642, 2.895046007028778678, 3.453807598202622398 ) ) ;
#1065 = CYLINDRICAL_SURFACE ( 'NONE', #1148, 2.500000000000000444 ) ;
#1066 = ORIENTED_EDGE ( 'NONE', *, *, #932, .F. ) ;
#1067 = CARTESIAN_POINT ( 'NONE',  ( -1.258146422140814513, 5.929522103489326845, 0.9219199225197298730 ) ) ;
#1068 = CIRCLE ( 'NONE', #975, 6.000000000000000000 ) ;
#1069 = ORIENTED_EDGE ( 'NONE', *, *, #355, .F. ) ;
#1070 = FACE_OUTER_BOUND ( 'NONE', #1162, .T. ) ;
#1071 = DIRECTION ( 'NONE',  ( -0.000000000000000000, -0.000000000000000000, 1.000000000000000000 ) ) ;
#1072 = ORIENTED_EDGE ( 'NONE', *, *, #738, .T. ) ;
#1073 = CYLINDRICAL_SURFACE ( 'NONE', #862, 2.500000000000000444 ) ;
#1074 = AXIS2_PLACEMENT_3D ( 'NONE', #175, #959, #57 ) ;
#1075 = CARTESIAN_POINT ( 'NONE',  ( 2.181206078729162723, -4.454201542436616812, 4.031465509329431818 ) ) ;
#1076 = VERTEX_POINT ( 'NONE', #1211 ) ;
#1077 = CYLINDRICAL_SURFACE ( 'NONE', #707, 5.500000000000001776 ) ;
#1078 = LOCAL_TIME ( 17, 39, 28.00000000000000000, #1317 ) ;
#1079 = CARTESIAN_POINT ( 'NONE',  ( -2.418169270283033967, 4.839244499265650923, 3.550770169367681639 ) ) ;
#1080 = CARTESIAN_POINT ( 'NONE',  ( -2.187603376874444283, -1.586055686289332911, 2.324870103623279949 ) ) ;
#1081 = EDGE_CURVE ( 'NONE', #98, #1209, #667, .T. ) ;
#1082 = CARTESIAN_POINT ( 'NONE',  ( 2.483322398602329173, 4.055370012174366323, 1.957236615621453790 ) ) ;
#1083 = ORIENTED_EDGE ( 'NONE', *, *, #237, .T. ) ;
#1084 = ORIENTED_EDGE ( 'NONE', *, *, #972, .T. ) ;
#1085 = CARTESIAN_POINT ( 'NONE',  ( -2.499999999999998668, 0.000000000000000000, -5.999999999999998224 ) ) ;
#1086 = CARTESIAN_POINT ( 'NONE',  ( -2.499999999999998668, 5.196152422706659557, 2.999999999999952038 ) ) ;
#1087 = DIRECTION ( 'NONE',  ( -1.000000000000000000, -0.000000000000000000, -0.000000000000000000 ) ) ;
#1088 = CARTESIAN_POINT ( 'NONE',  ( -0.4999999999999970024, 4.493919079047091536, -0.2338617347419978398 ) ) ;
#1089 = PERSON_AND_ORGANIZATION ( #294, #984 ) ;
#1090 = EDGE_CURVE ( 'NONE', #726, #901, #1438, .T. ) ;
#1091 = ORIENTED_EDGE ( 'NONE', *, *, #891, .T. ) ;
#1092 = VERTEX_POINT ( 'NONE', #768 ) ;
#1093 = DIRECTION ( 'NONE',  ( 0.000000000000000000, 0.000000000000000000, 1.000000000000000000 ) ) ;
#1094 = ADVANCED_FACE ( 'NONE', ( #869 ), #1451, .T. ) ;
#1095 = CARTESIAN_POINT ( 'NONE',  ( -2.499999999999998668, 0.000000000000000000, 2.500000000000000444 ) ) ;
#1096 = CARTESIAN_POINT ( 'NONE',  ( -2.021610450123088487, 1.478959764285826317, -2.587333503841666715 ) ) ;
#1097 = AXIS2_PLACEMENT_3D ( 'NONE', #1308, #1285, #732 ) ;
#1098 = AXIS2_PLACEMENT_3D ( 'NONE', #393, #269, #148 ) ;
#1099 = ORIENTED_EDGE ( 'NONE', *, *, #1314, .T. ) ;
#1100 = CARTESIAN_POINT ( 'NONE',  ( 1.527192138629332785, -1.985928082928957616, -5.662626222328964509 ) ) ;
#1101 = VECTOR ( 'NONE', #807, 1000.000000000000000 ) ;
#1102 = CARTESIAN_POINT ( 'NONE',  ( -1.258146422140812071, -3.763167124901752203, 4.674156812663216698 ) ) ;
#1103 = CARTESIAN_POINT ( 'NONE',  ( 0.6647045587113471488, -2.080184565870242697, 3.990542447593369957 ) ) ;
#1104 = AXIS2_PLACEMENT_3D ( 'NONE', #722, #132, #387 ) ;
#1105 = CARTESIAN_POINT ( 'NONE',  ( 0.3331006568553529501, 2.483167037994904014, -5.462156378440707449 ) ) ;
#1106 = COORDINATED_UNIVERSAL_TIME_OFFSET ( 1, 0, .AHEAD. ) ;
#1107 = ORIENTED_EDGE ( 'NONE', *, *, #1312, .T. ) ;
#1108 = ORIENTED_EDGE ( 'NONE', *, *, #1356, .F. ) ;
#1109 = LINE ( 'NONE', #78, #397 ) ;
#1110 = CARTESIAN_POINT ( 'NONE',  ( -1.921656090125325456, 3.078023927628882994, -0.07747163022939505816 ) ) ;
#1111 = CARTESIAN_POINT ( 'NONE',  ( 1.652673875923521774, -2.599968832118494166, 3.674949555322819084 ) ) ;
#1112 = EDGE_CURVE ( 'NONE', #988, #49, #212, .T. ) ;
#1113 = DIRECTION ( 'NONE',  ( -1.000000000000000000, -0.000000000000000000, -0.000000000000000000 ) ) ;
#1114 = CARTESIAN_POINT ( 'NONE',  ( 2.500000000000000000, 7.347777944682092240E-16, -6.000000000000000000 ) ) ;
#1115 = DIRECTION ( 'NONE',  ( 0.000000000000000000, 0.000000000000000000, 1.000000000000000000 ) ) ;
#1116 = VERTEX_POINT ( 'NONE', #400 ) ;
#1117 = DIRECTION ( 'NONE',  ( -1.000000000000000000, -0.000000000000000000, -0.000000000000000000 ) ) ;
#1118 = B_SPLINE_CURVE_WITH_KNOTS ( 'NONE', 3,
 ( #999, #199, #1460, #1231, #1213, #183, #638, #1096, #1328, #1170, #230, #817, #823, #805 ),
 .UNSPECIFIED., .F., .F.,
 ( 4, 2, 2, 2, 2, 2, 4 ),
 ( 0.004074398081867919470, 0.004546628040111431145, 0.005018857998354942819, 0.005491087956598453626, 0.005963317914841965300, 0.006907777831328986914, 0.007852237747816008528 ),
 .UNSPECIFIED. ) ;
#1119 = LINE ( 'NONE', #1140, #1439 ) ;
#1120 = CARTESIAN_POINT ( 'NONE',  ( -2.165560357964389837, 1.259538159729433282, -5.867927242172512159 ) ) ;
#1121 = CIRCLE ( 'NONE', #9, 6.000000000000000000 ) ;
#1122 = CIRCLE ( 'NONE', #466, 5.500000000000002665 ) ;
#1123 = EDGE_LOOP ( 'NONE', ( #1056, #1144, #162, #337, #362, #716, #500, #769 ) ) ;
#1124 = CARTESIAN_POINT ( 'NONE',  ( -8.499999999999998224, -3.500000000000000000, -4.873397172404481559 ) ) ;
#1125 = AXIS2_PLACEMENT_3D ( 'NONE', #271, #1182, #177 ) ;
#1126 = CARTESIAN_POINT ( 'NONE',  ( -18.70218189087393057, 0.000000000000000000, 0.000000000000000000 ) ) ;
#1127 = FACE_OUTER_BOUND ( 'NONE', #215, .T. ) ;
#1128 = VERTEX_POINT ( 'NONE', #1124 ) ;
#1129 = EDGE_CURVE ( 'NONE', #553, #1128, #1226, .T. ) ;
#1130 = EDGE_LOOP ( 'NONE', ( #718, #1234, #694, #61 ) ) ;
#1131 = ORIENTED_EDGE ( 'NONE', *, *, #1090, .F. ) ;
#1132 = LINE ( 'NONE', #921, #976 ) ;
#1133 = CARTESIAN_POINT ( 'NONE',  ( 3.058913522528894001E-16, 3.473610906922841135, 4.892241538119993294 ) ) ;
#1134 = LINE ( 'NONE', #201, #745 ) ;
#1135 = VERTEX_POINT ( 'NONE', #541 ) ;
#1136 = DIRECTION ( 'NONE',  ( -1.000000000000000000, -0.000000000000000000, -0.000000000000000000 ) ) ;
#1137 = ORIENTED_EDGE ( 'NONE', *, *, #785, .T. ) ;
#1138 = CARTESIAN_POINT ( 'NONE',  ( -2.499999999999998668, 0.000000000000000000, 0.000000000000000000 ) ) ;
#1139 = EDGE_CURVE ( 'NONE', #1465, #179, #809, .T. ) ;
#1140 = CARTESIAN_POINT ( 'NONE',  ( -18.70218189087393057, 0.000000000000000000, 5.500000000000001776 ) ) ;
#1141 = CARTESIAN_POINT ( 'NONE',  ( -0.1645488304159846149, -5.973610906922794506, 0.5621145191978595967 ) ) ;
#1142 = CARTESIAN_POINT ( 'NONE',  ( 1.854198648253631232, 1.686598742610497803, -4.174719352602329181 ) ) ;
#1143 = DIRECTION ( 'NONE',  ( 1.000000000000000000, 0.000000000000000000, 0.000000000000000000 ) ) ;
#1144 = ORIENTED_EDGE ( 'NONE', *, *, #1244, .T. ) ;
#1145 = CC_DESIGN_PERSON_AND_ORGANIZATION_ASSIGNMENT ( #1089, #659, ( #431 ) ) ;
#1146 = CARTESIAN_POINT ( 'NONE',  ( -2.499999999999998668, 0.000000000000000000, 0.000000000000000000 ) ) ;
#1147 = CARTESIAN_POINT ( 'NONE',  ( 1.257075663408843802, 3.762585423118157912, 4.674639170074465611 ) ) ;
#1148 = AXIS2_PLACEMENT_3D ( 'NONE', #589, #1049, #21 ) ;
#1149 = DIRECTION ( 'NONE',  ( -1.000000000000000000, -0.000000000000000000, -0.000000000000000000 ) ) ;
#1150 = CARTESIAN_POINT ( 'NONE',  ( -0.4999999999999970024, 0.000000000000000000, 0.000000000000000000 ) ) ;
#1151 = PLANE ( 'NONE',  #1172 ) ;
#1152 = CARTESIAN_POINT ( 'NONE',  ( 20.50000000000000000, 0.000000000000000000, 0.000000000000000000 ) ) ;
#1153 = B_SPLINE_CURVE_WITH_KNOTS ( 'NONE', 3,
 ( #1059, #1300, #1278, #627, #744, #1169, #135, #1185, #725, #1067, #476, #31, #705, #1401, #1052, #1394 ),
 .UNSPECIFIED., .F., .F.,
 ( 4, 2, 2, 2, 2, 2, 2, 4 ),
 ( 0.01185759361004507483, 0.01284508083047480702, 0.01333882444068967311, 0.01383256805090453921, 0.01432631166111940531, 0.01482005527133426967, 0.01531379888154913577, 0.01580754249176400186 ),
 .UNSPECIFIED. ) ;
#1154 = EDGE_CURVE ( 'NONE', #38, #816, #161, .T. ) ;
#1155 = EDGE_LOOP ( 'NONE', ( #700, #832, #1299, #139, #1224 ) ) ;
#1156 = EDGE_CURVE ( 'NONE', #711, #1076, #1122, .T. ) ;
#1157 = CARTESIAN_POINT ( 'NONE',  ( 2.175576021718224506, 1.245079417941758804, -4.327650761929575651 ) ) ;
#1158 = FACE_OUTER_BOUND ( 'NONE', #382, .T. ) ;
#1159 = ORIENTED_EDGE ( 'NONE', *, *, #223, .T. ) ;
#1160 = DIRECTION ( 'NONE',  ( 0.000000000000000000, 0.000000000000000000, 1.000000000000000000 ) ) ;
#1161 = PLANE ( 'NONE',  #192 ) ;
#1162 = EDGE_LOOP ( 'NONE', ( #432, #830, #1199, #731, #399, #1437, #134, #343 ) ) ;
#1163 = B_SPLINE_CURVE_WITH_KNOTS ( 'NONE', 3,
 ( #683, #695, #1, #468, #702, #363, #5, #123, #233, #1175, #1399, #828, #1392, #357, #820, #474 ),
 .UNSPECIFIED., .F., .F.,
 ( 4, 2, 2, 2, 2, 2, 2, 4 ),
 ( 0.0002946080236565882127, 0.001239555538209421081, 0.001712029295485837299, 0.002184503052762253733, 0.002656976810038669951, 0.003129450567315087035, 0.003601924324591503253, 0.004074398081867919470 ),
 .UNSPECIFIED. ) ;
#1164 = CARTESIAN_POINT ( 'NONE',  ( 1.728816095324307467, 1.814947302606262136, -4.119735638621657259 ) ) ;
#1165 = B_SPLINE_CURVE_WITH_KNOTS ( 'NONE', 3,
 ( #644, #1302, #965, #275, #734, #72, #205, #876, #418, #1102, #1020, #909, #427, #315, #526, #779 ),
 .UNSPECIFIED., .F., .F.,
 ( 4, 2, 2, 2, 2, 2, 2, 4 ),
 ( 0.01185759361004507483, 0.01284508083047480528, 0.01333882444068967138, 0.01383256805090453748, 0.01432631166111940357, 0.01482005527133427140, 0.01531379888154913924, 0.01580754249176400533 ),
 .UNSPECIFIED. ) ;
#1166 = CARTESIAN_POINT ( 'NONE',  ( 1.653857809896618125, -3.994252142809397554, 4.478857330110454171 ) ) ;
#1167 = VECTOR ( 'NONE', #367, 1000.000000000000000 ) ;
#1168 = VERTEX_POINT ( 'NONE', #290 ) ;
#1169 = CARTESIAN_POINT ( 'NONE',  ( -1.984518609099074737, 5.790550043839560068, 1.577566644198240331 ) ) ;
#1170 = CARTESIAN_POINT ( 'NONE',  ( -1.616490336101647385, 1.930441777672316839, -2.781702516961054084 ) ) ;
#1171 = CARTESIAN_POINT ( 'NONE',  ( -1.883227052268607427, -5.822461855699696542, 1.453760231779270384 ) ) ;
#1172 = AXIS2_PLACEMENT_3D ( 'NONE', #1036, #1380, #1160 ) ;
#1173 = ORIENTED_EDGE ( 'NONE', *, *, #932, .T. ) ;
#1174 = CIRCLE ( 'NONE', #67, 2.500000000000000444 ) ;
#1175 = CARTESIAN_POINT ( 'NONE',  ( -2.187603376874444283, -1.220368727092043803, -2.535999567954968725 ) ) ;
#1176 = CARTESIAN_POINT ( 'NONE',  ( -2.499999999999998668, 0.000000000000000000, 0.000000000000000000 ) ) ;
#1177 = EDGE_CURVE ( 'NONE', #650, #323, #1109, .T. ) ;
#1178 = CARTESIAN_POINT ( 'NONE',  ( -1.880550430682269125, -1.655142058905328062, -5.768422958052135563 ) ) ;
#1179 = ORIENTED_EDGE ( 'NONE', *, *, #371, .T. ) ;
#1180 = DIRECTION ( 'NONE',  ( -0.000000000000000000, -0.000000000000000000, 1.000000000000000000 ) ) ;
#1181 = DIRECTION ( 'NONE',  ( 0.000000000000000000, 0.000000000000000000, 1.000000000000000000 ) ) ;
#1182 = DIRECTION ( 'NONE',  ( -1.000000000000000000, -0.000000000000000000, -0.000000000000000000 ) ) ;
#1183 = CARTESIAN_POINT ( 'NONE',  ( 0.6533534965489000701, -3.546001884561849060, 4.840157671242700133 ) ) ;
#1184 = VERTEX_POINT ( 'NONE', #242 ) ;
#1185 = CARTESIAN_POINT ( 'NONE',  ( -1.652489243976898337, 5.876222332592496045, 1.218365205147522001 ) ) ;
#1186 = CARTESIAN_POINT ( 'NONE',  ( -0.6554202751156003037, 3.546439601595650526, 4.839839070392975451 ) ) ;
#1187 = CARTESIAN_POINT ( 'NONE',  ( -2.424610702016985364, -1.851907947458145687, 1.796223993203291514 ) ) ;
#1188 = ORIENTED_EDGE ( 'NONE', *, *, #701, .T. ) ;
#1189 = FACE_OUTER_BOUND ( 'NONE', #1191, .T. ) ;
#1190 = CARTESIAN_POINT ( 'NONE',  ( 1.880247706037698752, -5.823275220812711872, 1.450426443858407799 ) ) ;
#1191 = EDGE_LOOP ( 'NONE', ( #70, #1325, #1334, #562 ) ) ;
#1192 = DIRECTION ( 'NONE',  ( 0.000000000000000000, 0.000000000000000000, 1.000000000000000000 ) ) ;
#1193 = AXIS2_PLACEMENT_3D ( 'NONE', #1410, #956, #48 ) ;
#1194 = PLANE ( 'NONE',  #737 ) ;
#1195 = CARTESIAN_POINT ( 'NONE',  ( -1.384079824673309922, -1.514385910843765615, 3.283606125403454090 ) ) ;
#1196 = EDGE_CURVE ( 'NONE', #901, #246, #1245, .T. ) ;
#1197 = DIRECTION ( 'NONE',  ( 1.000000000000000000, 0.000000000000000000, 0.000000000000000000 ) ) ;
#1198 = CALENDAR_DATE ( 2023, 3, 12 ) ;
#1199 = ORIENTED_EDGE ( 'NONE', *, *, #1112, .F. ) ;
#1200 = EDGE_LOOP ( 'NONE', ( #143, #1343, #240, #510 ) ) ;
#1201 = FACE_OUTER_BOUND ( 'NONE', #1155, .T. ) ;
#1202 = DIRECTION ( 'NONE',  ( -1.000000000000000000, -0.000000000000000000, -0.000000000000000000 ) ) ;
#1203 = CARTESIAN_POINT ( 'NONE',  ( -2.500000000000000888, -2.084967800851397435, 1.388729836780228100 ) ) ;
#1204 = ORIENTED_EDGE ( 'NONE', *, *, #402, .T. ) ;
#1205 = EDGE_CURVE ( 'NONE', #582, #1005, #710, .T. ) ;
#1206 = CARTESIAN_POINT ( 'NONE',  ( 0.000000000000000000, 4.490370349203925748, -0.2942348160741684038 ) ) ;
#1207 = PERSON_AND_ORGANIZATION ( #294, #984 ) ;
#1208 = EDGE_CURVE ( 'NONE', #1063, #1135, #1132, .T. ) ;
#1209 = VERTEX_POINT ( 'NONE', #679 ) ;
#1210 = VERTEX_POINT ( 'NONE', #804 ) ;
#1211 = CARTESIAN_POINT ( 'NONE',  ( 20.50000000000000000, 6.735557395310445967E-16, -5.500000000000002665 ) ) ;
#1212 = CARTESIAN_POINT ( 'NONE',  ( -2.484718596751791075, -2.323839967327330225, 0.9744632647235809131 ) ) ;
#1213 = CARTESIAN_POINT ( 'NONE',  ( -2.379730356895103593, 0.7823864463282145243, -2.504399250873489802 ) ) ;
#1214 = DATE_AND_TIME ( #1331, #775 ) ;
#1215 = VERTEX_POINT ( 'NONE', #1265 ) ;
#1216 = ORIENTED_EDGE ( 'NONE', *, *, #1472, .T. ) ;
#1217 = CARTESIAN_POINT ( 'NONE',  ( 2.166398083069892344, -1.258252906115197467, -5.868227615580750012 ) ) ;
#1218 = CARTESIAN_POINT ( 'NONE',  ( -1.386266259221627051, -3.597454224292352620, -0.3429163489327514136 ) ) ;
#1219 = CARTESIAN_POINT ( 'NONE',  ( 1.262243467083288717, -2.336086970457261103, 3.847464079877708443 ) ) ;
#1220 = AXIS2_PLACEMENT_3D ( 'NONE', #1452, #1136, #771 ) ;
#1221 = DIRECTION ( 'NONE',  ( -1.000000000000000000, -0.000000000000000000, -0.000000000000000000 ) ) ;
#1222 = PRODUCT_DEFINITION_SHAPE ( 'NONE', 'NONE',  #296 ) ;
#1223 = PERSON_AND_ORGANIZATION ( #294, #984 ) ;
#1224 = ORIENTED_EDGE ( 'NONE', *, *, #391, .T. ) ;
#1225 = DESIGN_CONTEXT ( 'detailed design', #545, 'design' ) ;
#1226 = LINE ( 'NONE', #1240, #833 ) ;
#1227 = EDGE_CURVE ( 'NONE', #1009, #962, #1391, .T. ) ;
#1228 = AXIS2_PLACEMENT_3D ( 'NONE', #231, #459, #904 ) ;
#1229 = ORIENTED_EDGE ( 'NONE', *, *, #788, .F. ) ;
#1230 = CARTESIAN_POINT ( 'NONE',  ( -2.499999999999998668, 0.000000000000000000, 0.000000000000000000 ) ) ;
#1231 = CARTESIAN_POINT ( 'NONE',  ( -2.424923147575205551, 0.6282552186833592067, -2.501896577920130760 ) ) ;
#1232 = DIRECTION ( 'NONE',  ( -0.000000000000000000, 0.000000000000000000, 1.000000000000000000 ) ) ;
#1233 = CARTESIAN_POINT ( 'NONE',  ( 0.000000000000000000, 4.490370349203925748, -0.2942348160741684038 ) ) ;
#1234 = ORIENTED_EDGE ( 'NONE', *, *, #757, .T. ) ;
#1235 = CARTESIAN_POINT ( 'NONE',  ( -18.70218189087393057, 0.000000000000000000, 6.000000000000000000 ) ) ;
#1236 = CYLINDRICAL_SURFACE ( 'NONE', #1220, 7.500000000000000000 ) ;
#1237 = DIRECTION ( 'NONE',  ( -1.000000000000000000, -0.000000000000000000, -0.000000000000000000 ) ) ;
#1238 = CARTESIAN_POINT ( 'NONE',  ( 1.114680699740173031, 5.941378983855609697, 0.8394502103257919234 ) ) ;
#1239 = CARTESIAN_POINT ( 'NONE',  ( -0.4999999999994049760, 2.044429336263302588, 4.008778952377676674 ) ) ;
#1240 = CARTESIAN_POINT ( 'NONE',  ( -18.70218189087393057, -3.500000000000000000, -4.873397172404481559 ) ) ;
#1241 = DIRECTION ( 'NONE',  ( 0.000000000000000000, 0.000000000000000000, 1.000000000000000000 ) ) ;
#1242 = CARTESIAN_POINT ( 'NONE',  ( -1.112588429651335309, 2.244716869438425189, -5.564698557009183588 ) ) ;
#1243 = VECTOR ( 'NONE', #636, 1000.000000000000000 ) ;
#1244 = EDGE_CURVE ( 'NONE', #914, #1470, #1355, .T. ) ;
#1245 = CIRCLE ( 'NONE', #792, 5.999999999999999112 ) ;
#1246 = ORIENTED_EDGE ( 'NONE', *, *, #512, .T. ) ;
#1247 = ORIENTED_EDGE ( 'NONE', *, *, #827, .F. ) ;
#1248 = CARTESIAN_POINT ( 'NONE',  ( 0.000000000000000000, -6.495190528383272266, 3.750000000000030198 ) ) ;
#1249 = VERTEX_POINT ( 'NONE', #100 ) ;
#1250 = CIRCLE ( 'NONE', #591, 4.499999999999999112 ) ;
#1251 = CYLINDRICAL_SURFACE ( 'NONE', #232, 6.000000000000000000 ) ;
#1252 = CARTESIAN_POINT ( 'NONE',  ( 1.526594465348905194, 1.986351737220500180, -5.662472930091977830 ) ) ;
#1253 = EDGE_CURVE ( 'NONE', #1215, #1038, #95, .T. ) ;
#1254 = APPROVAL ( #1443, 'UNSPECIFIED' ) ;
#1255 = ORIENTED_EDGE ( 'NONE', *, *, #1033, .T. ) ;
#1256 = DIRECTION ( 'NONE',  ( 0.000000000000000000, 0.000000000000000000, 1.000000000000000000 ) ) ;
#1257 = CARTESIAN_POINT ( 'NONE',  ( 3.061616997868383634E-16, -7.745190528383282036, 1.584936490538939147 ) ) ;
#1258 = CARTESIAN_POINT ( 'NONE',  ( -0.4999999999999970024, -2.044429336263896335, 4.008778952377339166 ) ) ;
#1259 = VERTEX_POINT ( 'NONE', #1260 ) ;
#1260 = CARTESIAN_POINT ( 'NONE',  ( -2.499999999999998668, 0.000000000000000000, 7.500000000000000000 ) ) ;
#1261 = LINE ( 'NONE', #1374, #688 ) ;
#1262 = CARTESIAN_POINT ( 'NONE',  ( 1.527018713323708976, 3.910875172372045849, 4.551302651195551441 ) ) ;
#1263 = ORIENTED_EDGE ( 'NONE', *, *, #665, .F. ) ;
#1264 = DIRECTION ( 'NONE',  ( -1.000000000000000000, -0.000000000000000000, -0.000000000000000000 ) ) ;
#1265 = CARTESIAN_POINT ( 'NONE',  ( -0.4999999999999970024, 0.000000000000000000, 4.499999999999999112 ) ) ;
#1266 = EDGE_CURVE ( 'NONE', #767, #988, #985, .T. ) ;
#1267 = FACE_OUTER_BOUND ( 'NONE', #1130, .T. ) ;
#1268 = CARTESIAN_POINT ( 'NONE',  ( 0.8118329252012245201, 3.588887141145967519, 4.808791613835245116 ) ) ;
#1269 = LOCAL_TIME ( 17, 39, 28.00000000000000000, #59 ) ;
#1270 = ORIENTED_EDGE ( 'NONE', *, *, #223, .F. ) ;
#1271 = VECTOR ( 'NONE', #674, 1000.000000000000114 ) ;
#1272 = CARTESIAN_POINT ( 'NONE',  ( 1.261781856750074704, 2.335840217213692060, 3.847608070975238714 ) ) ;
#1273 = FACE_OUTER_BOUND ( 'NONE', #152, .T. ) ;
#1274 = CARTESIAN_POINT ( 'NONE',  ( 2.500000000000000000, 5.510912744665010755E-16, -4.499999999999999112 ) ) ;
#1275 = FACE_OUTER_BOUND ( 'NONE', #157, .T. ) ;
#1276 = CARTESIAN_POINT ( 'NONE',  ( 20.50000000000000000, 5.510910596163088569E-16, -4.500000000000000000 ) ) ;
#1277 = CARTESIAN_POINT ( 'NONE',  ( -3.499999999999999556, -4.000000000000000000, -4.472135954999580498 ) ) ;
#1278 = CARTESIAN_POINT ( 'NONE',  ( -2.432848036327215802, 5.502089038602293591, 2.412517883761788884 ) ) ;
#1279 = CARTESIAN_POINT ( 'NONE',  ( 2.076237599588308225, -1.404375423129943234, -4.277948540954887413 ) ) ;
#1280 = DIRECTION ( 'NONE',  ( 0.000000000000000000, 0.000000000000000000, 1.000000000000000000 ) ) ;
#1281 = EDGE_CURVE ( 'NONE', #697, #98, #407, .T. ) ;
#1282 = DIRECTION ( 'NONE',  ( 0.000000000000000000, 0.000000000000000000, 1.000000000000000000 ) ) ;
#1283 = FACE_OUTER_BOUND ( 'NONE', #1027, .T. ) ;
#1284 = ORIENTED_EDGE ( 'NONE', *, *, #247, .T. ) ;
#1285 = DIRECTION ( 'NONE',  ( -1.000000000000000000, -0.000000000000000000, -0.000000000000000000 ) ) ;
#1286 = ORIENTED_EDGE ( 'NONE', *, *, #1356, .T. ) ;
#1287 = CARTESIAN_POINT ( 'NONE',  ( -0.4999999999999970024, 0.000000000000000000, 0.000000000000000000 ) ) ;
#1288 = CARTESIAN_POINT ( 'NONE',  ( 0.000000000000000000, -3.473610906922772745, 4.892241538120041255 ) ) ;
#1289 = CIRCLE ( 'NONE', #193, 5.500000000000002665 ) ;
#1290 = CARTESIAN_POINT ( 'NONE',  ( 2.177485765195969591, 3.112736086280154524, 3.264191433466723247 ) ) ;
#1291 = CARTESIAN_POINT ( 'NONE',  ( 2.418564041430799172, -4.840063450784467314, 3.549672100192556634 ) ) ;
#1292 = EDGE_CURVE ( 'NONE', #678, #1465, #105, .T. ) ;
#1293 = ORIENTED_EDGE ( 'NONE', *, *, #1177, .F. ) ;
#1294 = CARTESIAN_POINT ( 'NONE',  ( -18.70218189087393057, 0.000000000000000000, 0.000000000000000000 ) ) ;
#1295 = CARTESIAN_POINT ( 'NONE',  ( -1.259175510159247224, 3.763649882509044087, 4.673773839574042910 ) ) ;
#1296 = CYLINDRICAL_SURFACE ( 'NONE', #375, 2.500000000000000000 ) ;
#1297 = CARTESIAN_POINT ( 'NONE',  ( 0.1687417823283662299, 4.490370349203928413, -0.2942348160741679042 ) ) ;
#1298 = DIRECTION ( 'NONE',  ( 0.000000000000000000, 0.000000000000000000, 1.000000000000000000 ) ) ;
#1299 = ORIENTED_EDGE ( 'NONE', *, *, #314, .F. ) ;
#1300 = CARTESIAN_POINT ( 'NONE',  ( -2.500000000000000000, 5.360951363463599684, 2.714559861575389199 ) ) ;
#1301 = ADVANCED_FACE ( 'NONE', ( #1273 ), #556, .F. ) ;
#1302 = CARTESIAN_POINT ( 'NONE',  ( -2.500000000000000444, -5.031353481949674133, 3.285440138424584600 ) ) ;
#1303 = CARTESIAN_POINT ( 'NONE',  ( -1.605805244875065929, -1.462879351423387764, 3.062857684958817384 ) ) ;
#1304 = CARTESIAN_POINT ( 'NONE',  ( 3.058913523538635960E-16, -5.973610906922793617, 0.5621145191978597078 ) ) ;
#1305 = CARTESIAN_POINT ( 'NONE',  ( 1.257075663408842248, -5.929648986369374875, 0.9211749752920855849 ) ) ;
#1306 = EDGE_LOOP ( 'NONE', ( #1021, #753 ) ) ;
#1307 = ORIENTED_EDGE ( 'NONE', *, *, #672, .T. ) ;
#1308 = CARTESIAN_POINT ( 'NONE',  ( -3.499999999999997780, 0.000000000000000000, 0.000000000000000000 ) ) ;
#1309 = AXIS2_PLACEMENT_3D ( 'NONE', #606, #267, #274 ) ;
#1310 = EDGE_LOOP ( 'NONE', ( #919, #312 ) ) ;
#1311 = CARTESIAN_POINT ( 'NONE',  ( -2.244401813120235456, 4.551000986137050397, 3.913024069224816159 ) ) ;
#1312 = EDGE_CURVE ( 'NONE', #1009, #519, #814, .T. ) ;
#1313 = CARTESIAN_POINT ( 'NONE',  ( -2.500000000000000000, -2.165063509461090607, 1.250000000000009104 ) ) ;
#1314 = EDGE_CURVE ( 'NONE', #640, #1168, #234, .T. ) ;
#1315 = CARTESIAN_POINT ( 'NONE',  ( -0.4184554662476263620, 4.492887883645394709, -0.2536773266130867288 ) ) ;
#1316 = VECTOR ( 'NONE', #938, 1000.000000000000114 ) ;
#1317 = COORDINATED_UNIVERSAL_TIME_OFFSET ( 1, 0, .AHEAD. ) ;
#1318 = ORIENTED_EDGE ( 'NONE', *, *, #83, .T. ) ;
#1319 = ORIENTED_EDGE ( 'NONE', *, *, #508, .F. ) ;
#1320 = DIRECTION ( 'NONE',  ( 0.000000000000000000, 0.000000000000000000, 1.000000000000000000 ) ) ;
#1321 = AXIS2_PLACEMENT_3D ( 'NONE', #1138, #576, #229 ) ;
#1322 = DIRECTION ( 'NONE',  ( 0.000000000000000000, 0.5000000000000039968, 0.8660254037844363761 ) ) ;
#1323 = DIRECTION ( 'NONE',  ( -1.000000000000000000, -0.000000000000000000, -0.000000000000000000 ) ) ;
#1324 = ORIENTED_EDGE ( 'NONE', *, *, #90, .T. ) ;
#1325 = ORIENTED_EDGE ( 'NONE', *, *, #237, .F. ) ;
#1326 = DIRECTION ( 'NONE',  ( -1.000000000000000000, -0.000000000000000000, -0.000000000000000000 ) ) ;
#1327 = CARTESIAN_POINT ( 'NONE',  ( -1.527620925647166672, 3.911295955335757135, 4.550932463943095030 ) ) ;
#1328 = CARTESIAN_POINT ( 'NONE',  ( -1.924095553945067039, 1.603205512469312755, -2.625834043135180096 ) ) ;
#1329 = DIRECTION ( 'NONE',  ( -1.000000000000000000, -0.000000000000000000, -0.000000000000000000 ) ) ;
#1330 = EDGE_CURVE ( 'NONE', #752, #288, #112, .T. ) ;
#1331 = CALENDAR_DATE ( 2023, 3, 12 ) ;
#1332 = EDGE_LOOP ( 'NONE', ( #1019, #369, #424, #1246 ) ) ;
#1333 = CARTESIAN_POINT ( 'NONE',  ( -1.263253123388883292, -2.181708341974953669, -5.590935308825297767 ) ) ;
#1334 = ORIENTED_EDGE ( 'NONE', *, *, #44, .T. ) ;
#1335 = CARTESIAN_POINT ( 'NONE',  ( 10.50000000000000533, 0.000000000000000000, 6.000000000000000888 ) ) ;
#1336 = CARTESIAN_POINT ( 'NONE',  ( 0.000000000000000000, -1.990370349203912204, 4.035892202848075705 ) ) ;
#1337 = VECTOR ( 'NONE', #164, 1000.000000000000000 ) ;
#1338 = CARTESIAN_POINT ( 'NONE',  ( -2.500000000000000000, 3.061616997868382648E-16, -7.500000000000000888 ) ) ;
#1339 = CARTESIAN_POINT ( 'NONE',  ( 1.984746209234827363, 1.528716671483802525, -5.803628135650796160 ) ) ;
#1340 = CIRCLE ( 'NONE', #567, 7.500000000000000000 ) ;
#1341 = ORIENTED_EDGE ( 'NONE', *, *, #176, .F. ) ;
#1342 = CARTESIAN_POINT ( 'NONE',  ( 2.432602729024015531, -0.6621311939231091515, -5.971116335839164790 ) ) ;
#1343 = ORIENTED_EDGE ( 'NONE', *, *, #1312, .F. ) ;
#1344 = CARTESIAN_POINT ( 'NONE',  ( -0.9327204260436284811, 4.051771736944335345, -0.3551470567296483583 ) ) ;
#1345 = CIRCLE ( 'NONE', #1487, 6.000000000000000000 ) ;
#1346 = CARTESIAN_POINT ( 'NONE',  ( -0.4999999999999970024, 2.449489742783178770, -3.774917217635372690 ) ) ;
#1347 = CARTESIAN_POINT ( 'NONE',  ( -2.418234214333575771, 0.6550088422699757995, -5.966320652023285653 ) ) ;
#1348 = PERSON_AND_ORGANIZATION_ROLE ( 'creator' ) ;
#1349 = CARTESIAN_POINT ( 'NONE',  ( -2.189459231577721265, 1.587546857873188388, 2.321561267484161029 ) ) ;
#1350 = CARTESIAN_POINT ( 'NONE',  ( 0.8110803570924387529, -2.370510600221101161, -5.512296490036582952 ) ) ;
#1351 = ADVANCED_FACE ( 'NONE', ( #444 ), #1467, .F. ) ;
#1352 = DIRECTION ( 'NONE',  ( 0.000000000000000000, 0.000000000000000000, -1.000000000000000000 ) ) ;
#1353 = CARTESIAN_POINT ( 'NONE',  ( 2.418486283563703765, 4.839970488585795039, 3.549770729099542610 ) ) ;
#1354 = VERTEX_POINT ( 'NONE', #439 ) ;
#1355 = LINE ( 'NONE', #452, #1271 ) ;
#1356 = EDGE_CURVE ( 'NONE', #1210, #417, #1035, .T. ) ;
#1357 = DIRECTION ( 'NONE',  ( -1.000000000000000000, -0.000000000000000000, -0.000000000000000000 ) ) ;
#1358 = CARTESIAN_POINT ( 'NONE',  ( -0.6609228790500496498, 2.433024516705508677, -5.486245265971626317 ) ) ;
#1359 = AXIS2_PLACEMENT_3D ( 'NONE', #778, #433, #533 ) ;
#1360 = ADVANCED_FACE ( 'NONE', ( #1158 ), #1010, .T. ) ;
#1361 = ORIENTED_EDGE ( 'NONE', *, *, #1253, .F. ) ;
#1362 = ORIENTED_EDGE ( 'NONE', *, *, #463, .T. ) ;
#1363 = CARTESIAN_POINT ( 'NONE',  ( -2.379730356895088494, 1.777680149311048563, 1.929766163533634948 ) ) ;
#1364 = DIRECTION ( 'NONE',  ( -1.000000000000000000, -0.000000000000000000, -0.000000000000000000 ) ) ;
#1365 = B_SPLINE_CURVE_WITH_KNOTS ( 'NONE', 3,
 ( #657, #1475, #102, #782, #442, #1238, #191, #89, #544, #676, #1008, #794, #987, #436, #322, #552, #894, #1353, #97, #1012, #687, #454, #1031, #473, #1262, #1147, #108, #1268, #918, #465, #566, #1037 ),
 .UNSPECIFIED., .F., .F.,
 ( 4, 2, 2, 2, 2, 2, 2, 2, 2, 2, 2, 2, 2, 2, 2, 4 ),
 ( 0.000000000000000000, 0.0004941829072141313119, 0.0009883658144282626238, 0.001482548721642394044, 0.001976731628856525248, 0.002965097443284788088, 0.003459280350498919725, 0.003953463257713051363, 0.004447646164927183433, 0.004941829072141316372, 0.005436011979355446708, 0.005930194886569577044, 0.006424377793783706513, 0.006918560700997836849, 0.007412743608211968052, 0.007906926515426097521 ),
 .UNSPECIFIED. ) ;
#1366 = CARTESIAN_POINT ( 'NONE',  ( -11.50000000000000000, 0.000000000000000000, 0.000000000000000000 ) ) ;
#1367 = APPROVAL_PERSON_ORGANIZATION ( #758, #1254, #866 ) ;
#1368 = DIRECTION ( 'NONE',  ( -1.000000000000000000, 0.000000000000000000, 0.000000000000000000 ) ) ;
#1369 = CC_DESIGN_DATE_AND_TIME_ASSIGNMENT ( #1214, #303, ( #296 ) ) ;
#1370 = ORIENTED_EDGE ( 'NONE', *, *, #1227, .F. ) ;
#1371 = CARTESIAN_POINT ( 'NONE',  ( -2.379036529334273453, 2.561160123591822213, 0.5728670831150275422 ) ) ;
#1372 = CARTESIAN_POINT ( 'NONE',  ( 0.000000000000000000, 3.500000000000000000, 0.000000000000000000 ) ) ;
#1373 = CARTESIAN_POINT ( 'NONE',  ( 10.50000000000000533, 0.000000000000000000, 0.000000000000000000 ) ) ;
#1374 = CARTESIAN_POINT ( 'NONE',  ( -8.499999999999998224, -4.000000000000000000, -4.472135954999580498 ) ) ;
#1375 = CARTESIAN_POINT ( 'NONE',  ( -2.244401813120235456, -5.664278742637183228, 1.984770432030283693 ) ) ;
#1376 = ORIENTED_EDGE ( 'NONE', *, *, #1253, .T. ) ;
#1377 = EDGE_CURVE ( 'NONE', #379, #170, #937, .T. ) ;
#1378 = CARTESIAN_POINT ( 'NONE',  ( -0.2520359341811139187, 1.999575253896340499, 4.031371464321218845 ) ) ;
#1379 = CARTESIAN_POINT ( 'NONE',  ( -0.1694027206338741542, -1.995060938501022507, 4.033588359025173986 ) ) ;
#1380 = DIRECTION ( 'NONE',  ( -1.000000000000000000, 0.000000000000000000, 0.000000000000000000 ) ) ;
#1381 = CARTESIAN_POINT ( 'NONE',  ( -1.259175510159247668, -5.929431817868780819, 0.9225294894161023551 ) ) ;
#1382 = ORIENTED_EDGE ( 'NONE', *, *, #1205, .F. ) ;
#1383 = VECTOR ( 'NONE', #226, 1000.000000000000000 ) ;
#1384 = PRODUCT ( 'Pièce5_Tube_Défaut_sldprt', 'Pièce5_Tube_Défaut_sldprt', '', ( #968 ) ) ;
#1385 = CARTESIAN_POINT ( 'NONE',  ( 0.6600050076262117260, 2.078968598366315756, 3.991169201009611811 ) ) ;
#1386 = DIRECTION ( 'NONE',  ( -1.000000000000000000, -0.000000000000000000, -0.000000000000000000 ) ) ;
#1387 = CC_DESIGN_PERSON_AND_ORGANIZATION_ASSIGNMENT ( #1223, #194, ( #116 ) ) ;
#1388 = CIRCLE ( 'NONE', #113, 2.500000000000000000 ) ;
#1389 = CARTESIAN_POINT ( 'NONE',  ( 0.000000000000000000, 0.000000000000000000, -7.500000000000000888 ) ) ;
#1390 = CARTESIAN_POINT ( 'NONE',  ( -18.70218189087393057, 0.000000000000000000, 7.500000000000000000 ) ) ;
#1391 = CIRCLE ( 'NONE', #748, 6.000000000000000000 ) ;
#1392 = CARTESIAN_POINT ( 'NONE',  ( -2.424610702016985808, -0.6296216352720925835, -2.501911324570699424 ) ) ;
#1393 = CARTESIAN_POINT ( 'NONE',  ( 0.3295110103742837637, -5.972014569244678661, 0.5799404256904109323 ) ) ;
#1394 = CARTESIAN_POINT ( 'NONE',  ( 0.000000000000000000, 5.973610906922802499, 0.5621145191977771072 ) ) ;
#1395 = CARTESIAN_POINT ( 'NONE',  ( -0.1256711773717502922, -2.503827600759963357, -3.739101180715485917 ) ) ;
#1396 = EDGE_CURVE ( 'NONE', #1184, #1092, #821, .T. ) ;
#1397 = DIRECTION ( 'NONE',  ( -1.000000000000000000, -0.000000000000000000, -0.000000000000000000 ) ) ;
#1398 = ORIENTED_EDGE ( 'NONE', *, *, #952, .T. ) ;
#1399 = CARTESIAN_POINT ( 'NONE',  ( -2.260715170260147566, -1.079056681051898003, -2.521425473130153083 ) ) ;
#1400 = CARTESIAN_POINT ( 'NONE',  ( 1.114680699740173697, -3.697674699282150534, 4.725660028367017595 ) ) ;
#1401 = CARTESIAN_POINT ( 'NONE',  ( -0.3333791338098745505, 5.971939413081983616, 0.5806864671311224857 ) ) ;
#1402 = ORIENTED_EDGE ( 'NONE', *, *, #328, .T. ) ;
#1403 = FACE_OUTER_BOUND ( 'NONE', #22, .T. ) ;
#1404 = CARTESIAN_POINT ( 'NONE',  ( -3.499999999999999556, -3.500000000000000000, -4.999999999999999112 ) ) ;
#1405 = ORIENTED_EDGE ( 'NONE', *, *, #328, .F. ) ;
#1406 = ADVANCED_FACE ( 'NONE', ( #614 ), #381, .T. ) ;
#1407 = CARTESIAN_POINT ( 'NONE',  ( 2.479020825794154170, 0.3742292129553003721, -4.488240042917723827 ) ) ;
#1408 = CARTESIAN_POINT ( 'NONE',  ( -8.499999999999998224, -3.500000000000000000, -5.000000000000000000 ) ) ;
#1409 = AXIS2_PLACEMENT_3D ( 'NONE', #1126, #1007, #1468 ) ;
#1410 = CARTESIAN_POINT ( 'NONE',  ( -2.499999999999998668, 0.000000000000000000, 0.000000000000000000 ) ) ;
#1411 = CARTESIAN_POINT ( 'NONE',  ( -2.499999999999998668, 0.000000000000000000, -5.999999999999998224 ) ) ;
#1412 = CARTESIAN_POINT ( 'NONE',  ( -2.379036529334273009, -1.776697508765425537, 1.931596188632688005 ) ) ;
#1413 = CONICAL_SURFACE ( 'NONE', #310, 2.500000000000000444, 0.7853981633974473908 ) ;
#1414 = CC_DESIGN_SECURITY_CLASSIFICATION ( #431, ( #116 ) ) ;
#1415 = EDGE_LOOP ( 'NONE', ( #1179, #1066, #826, #531, #270 ) ) ;
#1416 = APPROVAL ( #977, 'UNSPECIFIED' ) ;
#1417 = CARTESIAN_POINT ( 'NONE',  ( 1.262243467083290716, 4.500045118550848322, 0.09937862192694288388 ) ) ;
#1418 = CARTESIAN_POINT ( 'NONE',  ( 2.499911322868527908, -5.112778923190252733, 3.144333239566321492 ) ) ;
#1419 = CC_DESIGN_APPROVAL ( #1254, ( #296 ) ) ;
#1420 = EDGE_LOOP ( 'NONE', ( #1072, #1188, #629, #426 ) ) ;
#1421 = CARTESIAN_POINT ( 'NONE',  ( -8.499999999999998224, 3.500000000000000000, -4.873397172404481559 ) ) ;
#1422 = ORIENTED_EDGE ( 'NONE', *, *, #405, .F. ) ;
#1423 = CARTESIAN_POINT ( 'NONE',  ( 10.50000000000000355, 0.000000000000000000, 0.000000000000000000 ) ) ;
#1424 = DIRECTION ( 'NONE',  ( 1.000000000000000000, 0.000000000000000000, 0.000000000000000000 ) ) ;
#1425 = DIRECTION ( 'NONE',  ( -1.000000000000000000, -0.000000000000000000, -0.000000000000000000 ) ) ;
#1426 = CARTESIAN_POINT ( 'NONE',  ( 2.500000000000000000, 0.000000000000000000, -7.500000000000000888 ) ) ;
#1427 = ADVANCED_FACE ( 'NONE', ( #263 ), #17, .F. ) ;
#1428 = EDGE_LOOP ( 'NONE', ( #54, #389, #859, #438 ) ) ;
#1429 = ORIENTED_EDGE ( 'NONE', *, *, #1377, .T. ) ;
#1430 = CARTESIAN_POINT ( 'NONE',  ( 10.50000000000000533, 7.347880794884121708E-16, -6.000000000000001776 ) ) ;
#1431 = ADVANCED_FACE ( 'NONE', ( #1283 ), #851, .F. ) ;
#1432 = LINE ( 'NONE', #617, #1337 ) ;
#1433 = CARTESIAN_POINT ( 'NONE',  ( 2.499769182605991791, -3.981976089592882406, 2.102758634695605089 ) ) ;
#1434 = CARTESIAN_POINT ( 'NONE',  ( -0.08518002690914364128, 4.490370349203926637, -0.2942348160741678487 ) ) ;
#1435 = CALENDAR_DATE ( 2023, 3, 12 ) ;
#1436 = ORIENTED_EDGE ( 'NONE', *, *, #1205, .T. ) ;
#1437 = ORIENTED_EDGE ( 'NONE', *, *, #1330, .F. ) ;
#1438 = LINE ( 'NONE', #1235, #900 ) ;
#1439 = VECTOR ( 'NONE', #793, 1000.000000000000000 ) ;
#1440 = CARTESIAN_POINT ( 'NONE',  ( 3.058913522528894001E-16, 3.473610906922841135, 4.892241538119993294 ) ) ;
#1441 = CARTESIAN_POINT ( 'NONE',  ( -2.016764923426697553, -1.499282590346084021, 2.581252042971957650 ) ) ;
#1442 = B_SPLINE_CURVE_WITH_KNOTS ( 'NONE', 3,
 ( #1206, #1434, #632, #613, #1315, #1088 ),
 .UNSPECIFIED., .F., .F.,
 ( 4, 2, 4 ),
 ( 1.036810471259125086E-19, 0.0002513560087953974585, 0.0005027120175907948086 ),
 .UNSPECIFIED. ) ;
#1443 = APPROVAL_STATUS ( 'not_yet_approved' ) ;
#1444 = EDGE_LOOP ( 'NONE', ( #415, #936 ) ) ;
#1445 = ORIENTED_EDGE ( 'NONE', *, *, #1081, .T. ) ;
#1446 = CARTESIAN_POINT ( 'NONE',  ( 1.115307215877008762, -2.243493183772680588, -5.565201832296450490 ) ) ;
#1447 = FACE_OUTER_BOUND ( 'NONE', #1444, .T. ) ;
#1448 = CARTESIAN_POINT ( 'NONE',  ( 2.417532584940367713, -3.528771003721400845, 2.797244413430385546 ) ) ;
#1449 = CYLINDRICAL_SURFACE ( 'NONE', #404, 6.000000000000000000 ) ;
#1450 = ORIENTED_EDGE ( 'NONE', *, *, #611, .T. ) ;
#1451 = CYLINDRICAL_SURFACE ( 'NONE', #187, 6.000000000000000000 ) ;
#1452 = CARTESIAN_POINT ( 'NONE',  ( -18.70218189087393057, 0.000000000000000000, 0.000000000000000000 ) ) ;
#1453 = CYLINDRICAL_SURFACE ( 'NONE', #14, 5.500000000000001776 ) ;
#1454 = CARTESIAN_POINT ( 'NONE',  ( 2.499999999999999556, 0.1646041220039594632, -6.000000000000000888 ) ) ;
#1455 = APPROVAL_ROLE ( '' ) ;
#1456 = ORIENTED_EDGE ( 'NONE', *, *, #665, .T. ) ;
#1457 = ORIENTED_EDGE ( 'NONE', *, *, #685, .T. ) ;
#1458 = CARTESIAN_POINT ( 'NONE',  ( -0.3303789546808894029, -2.483561809314556168, -5.461976513600100169 ) ) ;
#1459 = CARTESIAN_POINT ( 'NONE',  ( -2.424610702016985808, 2.481529582730252592, 0.7056873313673936998 ) ) ;
#1460 = CARTESIAN_POINT ( 'NONE',  ( -2.484718596751793740, 0.3180100413583150099, -2.499736078396857408 ) ) ;
#1461 = LINE ( 'NONE', #1257, #1383 ) ;
#1462 = CARTESIAN_POINT ( 'NONE',  ( -18.70218189087393057, 0.000000000000000000, 0.000000000000000000 ) ) ;
#1463 = COORDINATED_UNIVERSAL_TIME_OFFSET ( 1, 0, .AHEAD. ) ;
#1464 = ADVANCED_FACE ( 'NONE', ( #124 ), #1065, .F. ) ;
#1465 = VERTEX_POINT ( 'NONE', #581 ) ;
#1466 = FACE_OUTER_BOUND ( 'NONE', #549, .T. ) ;
#1467 = CONICAL_SURFACE ( 'NONE', #815, 2.500000000000000444, 0.7853981633974473908 ) ;
#1468 = DIRECTION ( 'NONE',  ( 0.000000000000000000, 0.000000000000000000, 1.000000000000000000 ) ) ;
#1469 = CARTESIAN_POINT ( 'NONE',  ( 2.418161813088487655, 0.6555787703010431677, -5.966290413473938514 ) ) ;
#1470 = VERTEX_POINT ( 'NONE', #11 ) ;
#1471 = CARTESIAN_POINT ( 'NONE',  ( -18.70218189087393057, 0.000000000000000000, 0.000000000000000000 ) ) ;
#1472 = EDGE_CURVE ( 'NONE', #246, #634, #930, .T. ) ;
#1473 = EDGE_CURVE ( 'NONE', #704, #847, #470, .T. ) ;
#1474 = DIRECTION ( 'NONE',  ( -0.000000000000000000, -0.000000000000000000, 1.000000000000000000 ) ) ;
#1475 = CARTESIAN_POINT ( 'NONE',  ( 0.1672721366149165223, 5.973610906922803387, 0.5621145191977774402 ) ) ;
#1476 = ORIENTED_EDGE ( 'NONE', *, *, #1129, .T. ) ;
#1477 = CARTESIAN_POINT ( 'NONE',  ( -1.386266259221627717, 1.501752842597420035, 3.286944921655187368 ) ) ;
#1478 = CARTESIAN_POINT ( 'NONE',  ( -18.70218189087393057, -3.500000000000000000, 4.873397172404481559 ) ) ;
#1479 = CARTESIAN_POINT ( 'NONE',  ( 20.50000000000000000, 0.000000000000000000, 4.500000000000000000 ) ) ;
#1480 = CARTESIAN_POINT ( 'NONE',  ( 3.058913523538635960E-16, -5.973610906922793617, 0.5621145191978597078 ) ) ;
#1481 = AXIS2_PLACEMENT_3D ( 'NONE', #50, #291, #1322 ) ;
#1482 = CARTESIAN_POINT ( 'NONE',  ( -1.605805244875065707, 3.383952239062423040, -0.2645381614750677568 ) ) ;
#1483 = CARTESIAN_POINT ( 'NONE',  ( -1.924095553944998871, 1.472436231242421956, 2.701333722853337616 ) ) ;
#1484 = CARTESIAN_POINT ( 'NONE',  ( -0.4999999999999970024, -2.044429336263896335, 4.008778952377339166 ) ) ;
#1485 = CLOSED_SHELL ( 'NONE', ( #643, #1464, #460, #1360, #624, #495, #1061, #479, #873, #1351, #573, #206, #1094, #1431, #802, #1039, #1427, #905, #865, #1026, #671, #92, #353, #735, #557, #286, #24, #547, #590, #1406, #601, #133, #1301 ) ) ;
#1486 = FACE_OUTER_BOUND ( 'NONE', #502, .T. ) ;
#1487 = AXIS2_PLACEMENT_3D ( 'NONE', #364, #829, #1298 ) ;
#1488 = CARTESIAN_POINT ( 'NONE',  ( -0.6554202751156005258, -5.964643385986607704, 0.6513872527724828831 ) ) ;
#1489 = EDGE_CURVE ( 'NONE', #519, #1210, #1345, .T. ) ;
#1490 = EDGE_LOOP ( 'NONE', ( #586, #996, #289, #329, #626, #1361 ) ) ;
ENDSEC;
END-ISO-10303-21;
