ISO-10303-21;
HEADER;
FILE_DESCRIPTION (( 'STEP AP203' ),
    '1' );
FILE_NAME ('Pièce1_Roue_ecrou_Défaut_sldprt.STEP',
    '2023-12-03T16:39:01',
    ( 'LIA INFO' ),
    ( '' ),
    'SwSTEP 2.0',
    'SolidWorks 2022',
    '' );
FILE_SCHEMA (( 'CONFIG_CONTROL_DESIGN' ));
ENDSEC;

DATA;
#1 = CARTESIAN_POINT ( 'NONE',  ( -13.61486804501912928, 0.000000000000000000, 4.000000000000000000 ) ) ;
#2 = ORIENTED_EDGE ( 'NONE', *, *, #775, .T. ) ;
#3 = CARTESIAN_POINT ( 'NONE',  ( 62.00719827582999955, 81.93640675327759482, 12.00000000000000000 ) ) ;
#4 = ADVANCED_FACE ( 'NONE', ( #3279 ), #1604, .F. ) ;
#5 = FACE_BOUND ( 'NONE', #1268, .T. ) ;
#6 = FACE_OUTER_BOUND ( 'NONE', #8, .T. ) ;
#7 = CARTESIAN_POINT ( 'NONE',  ( -8.500000000000000000, 4.907477288111825153, 22.00000000000000000 ) ) ;
#8 = EDGE_LOOP ( 'NONE', ( #2058, #2911, #3608, #2044 ) ) ;
#9 = CARTESIAN_POINT ( 'NONE',  ( 27.35495800672315880, -9.230192200835292127, 12.00000000000000000 ) ) ;
#10 = CARTESIAN_POINT ( 'NONE',  ( -57.28524719688056877, 82.66500473020414574, 12.00000000000000000 ) ) ;
#11 = CARTESIAN_POINT ( 'NONE',  ( -19.75370466724846708, -6.934803996443099194, 10.00000000000000000 ) ) ;
#12 = CARTESIAN_POINT ( 'NONE',  ( -45.10807307240187214, 81.02069710910515710, 10.00000000000000000 ) ) ;
#13 = CARTESIAN_POINT ( 'NONE',  ( -46.24195549096754831, 76.68968209453016982, 16.00000000000000000 ) ) ;
#14 = CARTESIAN_POINT ( 'NONE',  ( -98.93158933006843370, -8.625360308519736563, 12.00000000000000000 ) ) ;
#15 = CARTESIAN_POINT ( 'NONE',  ( 43.41941829552141741, 83.99565647030571824, 12.00000000000000000 ) ) ;
#16 = B_SPLINE_CURVE_WITH_KNOTS ( 'NONE', 3,
 ( #3682, #200, #1291, #1001, #2526, #2158, #3342, #3120, #2603, #1400, #2271 ),
 .UNSPECIFIED., .F., .F.,
 ( 4, 1, 1, 1, 1, 1, 1, 1, 4 ),
 ( 0.000000000000000000, 0.1949571952945148567, 0.2904616644566326289, 0.3738167854987162197, 0.4830204466706601862, 0.5763719702222344088, 0.7141170624379623577, 0.8073561366014027074, 1.000000000000000000 ),
 .UNSPECIFIED. ) ;
#17 = EDGE_LOOP ( 'NONE', ( #3511, #751, #1252, #3566 ) ) ;
#18 = VERTEX_POINT ( 'NONE', #1550 ) ;
#19 = EDGE_CURVE ( 'NONE', #1281, #3258, #1142, .T. ) ;
#20 = CARTESIAN_POINT ( 'NONE',  ( -103.0518618345317350, 2.100478337209354063, 4.000000000000000000 ) ) ;
#21 = ORIENTED_EDGE ( 'NONE', *, *, #2422, .F. ) ;
#22 = CARTESIAN_POINT ( 'NONE',  ( 54.74598794976408556, 82.14886767526016342, 12.00000000000000000 ) ) ;
#23 = VECTOR ( 'NONE', #876, 1000.000000000000000 ) ;
#24 = ORIENTED_EDGE ( 'NONE', *, *, #2643, .F. ) ;
#25 = CARTESIAN_POINT ( 'NONE',  ( 0.000000000000000000, 0.000000000000000000, 12.00000000000000000 ) ) ;
#26 = CARTESIAN_POINT ( 'NONE',  ( -1.147309555492924016, -0.6688021192397001213, 16.00000000000000000 ) ) ;
#27 = CARTESIAN_POINT ( 'NONE',  ( 98.45780254357384820, -6.139432607529491825, 16.00000000000000000 ) ) ;
#28 = ORIENTED_EDGE ( 'NONE', *, *, #1140, .F. ) ;
#29 = CARTESIAN_POINT ( 'NONE',  ( 104.0225928249258089, -1.780946870443474328, 12.00000000000000000 ) ) ;
#30 = CARTESIAN_POINT ( 'NONE',  ( -91.91255422896379912, -11.52220327945236811, 12.00000000000000000 ) ) ;
#31 = CARTESIAN_POINT ( 'NONE',  ( -12.28252948003778400, 24.70789247510377251, 10.00000000000000000 ) ) ;
#32 = CARTESIAN_POINT ( 'NONE',  ( -98.17736425260235933, -9.146146354357489017, 12.00000000000000000 ) ) ;
#33 = CARTESIAN_POINT ( 'NONE',  ( 12.65491811937066835, 27.14315975095284017, 16.00000000000000000 ) ) ;
#34 = CARTESIAN_POINT ( 'NONE',  ( -104.2099257345083743, -0.7268683302020467751, 16.00000000000000000 ) ) ;
#35 = DIRECTION ( 'NONE',  ( 0.8660254037844384856, -0.5000000000000002220, -0.000000000000000000 ) ) ;
#36 = CARTESIAN_POINT ( 'NONE',  ( -12.86725591994920137, 1.945464068658449008, 16.00000000000000000 ) ) ;
#37 = VERTEX_POINT ( 'NONE', #1531 ) ;
#38 = DIRECTION ( 'NONE',  ( -0.000000000000000000, 1.000000000000000000, 0.000000000000000000 ) ) ;
#39 = VECTOR ( 'NONE', #3242, 1000.000000000000000 ) ;
#40 = ORIENTED_EDGE ( 'NONE', *, *, #2206, .T. ) ;
#41 = CARTESIAN_POINT ( 'NONE',  ( 26.08876656290921758, -9.371797397112901606, 10.00000000000000533 ) ) ;
#42 = EDGE_LOOP ( 'NONE', ( #3217, #1716, #1910, #2428 ) ) ;
#43 = PLANE ( 'NONE',  #2908 ) ;
#44 = COORDINATED_UNIVERSAL_TIME_OFFSET ( 1, 0, .AHEAD. ) ;
#45 = CARTESIAN_POINT ( 'NONE',  ( -36.05107508881541634, 96.85275697340217960, 12.00000000000000000 ) ) ;
#46 = B_SPLINE_SURFACE_WITH_KNOTS ( 'NONE', 3, 1, ( 
 ( #1130, #3144 ),
 ( #2233, #1459 ),
 ( #1968, #1694 ),
 ( #1985, #2252 ),
 ( #1661, #2563 ),
 ( #3450, #3488 ),
 ( #863, #3735 ),
 ( #523, #1948 ),
 ( #295, #2584 ) ),
 .UNSPECIFIED., .F., .F., .F.,
 ( 4, 1, 1, 1, 1, 1, 4 ),
 ( 2, 2 ),
 ( 0.000000000000000000, 0.3466577217541806921, 0.4856485324772289447, 0.6188506265022477582, 0.7296581976956886262, 0.8486710806393250595, 0.9897191944839770494 ),
 ( 0.000000000000000000, 1.000000000000000000 ),
 .UNSPECIFIED. ) ;
#47 = CARTESIAN_POINT ( 'NONE',  ( 101.8277817151371494, -0.5672003041223958597, 16.00000000000000000 ) ) ;
#48 = ORIENTED_EDGE ( 'NONE', *, *, #2017, .F. ) ;
#49 = B_SPLINE_CURVE_WITH_KNOTS ( 'NONE', 3,
 ( #2835, #1399, #1090, #1930, #3101, #488, #2561, #1983, #109, #2818, #199, #826, #2250, #3431, #1363, #2524, #3734, #1109, #3159, #3697, #216 ),
 .UNSPECIFIED., .F., .F.,
 ( 4, 1, 1, 1, 1, 1, 1, 1, 1, 1, 1, 1, 1, 1, 1, 1, 1, 1, 4 ),
 ( 0.000000000000000000, 0.09217587363013081403, 0.1299458675005804031, 0.1731068245941054240, 0.2212206362462405540, 0.2716136720405617488, 0.3198266944910184151, 0.3878787152108556513, 0.4480896777248105090, 0.5091098218045568835, 0.5675960064527706406, 0.6146630673410452550, 0.6891459996116887643, 0.7272588840157729884, 0.7721009591884657741, 0.8147122539104346695, 0.8564922319102301618, 0.9107227130310378005, 1.000000000000000000 ),
 .UNSPECIFIED. ) ;
#50 = CARTESIAN_POINT ( 'NONE',  ( 13.34052234755442434, 20.01411531491224949, 4.000000000000000000 ) ) ;
#51 = CARTESIAN_POINT ( 'NONE',  ( -66.44747720936047131, 79.22565238055847203, 12.00000000000000000 ) ) ;
#52 = DIRECTION ( 'NONE',  ( 0.000000000000000000, 1.000000000000000000, 0.000000000000000000 ) ) ;
#53 = CARTESIAN_POINT ( 'NONE',  ( 43.05315509022149456, 80.15741867147563937, 16.00000000000000000 ) ) ;
#54 = EDGE_CURVE ( 'NONE', #3388, #2269, #2701, .T. ) ;
#55 = CARTESIAN_POINT ( 'NONE',  ( 100.7176364122099272, -7.100591543212378731, 10.00000000000000000 ) ) ;
#56 = CARTESIAN_POINT ( 'NONE',  ( 89.99525595592842819, -11.59606026179955585, 16.00000000000000000 ) ) ;
#57 = PLANE ( 'NONE',  #3015 ) ;
#58 = VERTEX_POINT ( 'NONE', #1242 ) ;
#59 = FACE_OUTER_BOUND ( 'NONE', #2817, .T. ) ;
#60 = ORIENTED_EDGE ( 'NONE', *, *, #1722, .F. ) ;
#61 = DIRECTION ( 'NONE',  ( 1.000000000000000000, 0.000000000000000000, 0.000000000000000000 ) ) ;
#62 = VERTEX_POINT ( 'NONE', #95 ) ;
#63 = VECTOR ( 'NONE', #2794, 1000.000000000000000 ) ;
#64 = CARTESIAN_POINT ( 'NONE',  ( -44.13614470617245189, 88.69147528192418406, 4.000000000000000000 ) ) ;
#65 = APPROVAL_ROLE ( '' ) ;
#66 = CARTESIAN_POINT ( 'NONE',  ( 13.34036312913352873, 0.8838503050108275083, 10.00000000000000000 ) ) ;
#67 = CARTESIAN_POINT ( 'NONE',  ( 92.65778439187667459, -9.254426244762964160, 10.00000000000000000 ) ) ;
#68 = ORIENTED_EDGE ( 'NONE', *, *, #664, .F. ) ;
#69 = CARTESIAN_POINT ( 'NONE',  ( -63.92836056386667565, 80.96992915787178902, 4.000000000000000000 ) ) ;
#70 = EDGE_CURVE ( 'NONE', #1476, #18, #1770, .T. ) ;
#71 = CARTESIAN_POINT ( 'NONE',  ( -66.80333017543829044, 78.71087431966306269, 16.00000000000000000 ) ) ;
#72 = CARTESIAN_POINT ( 'NONE',  ( -5.905110423656681817, 19.74343890363579490, 4.000000000000000000 ) ) ;
#73 = CARTESIAN_POINT ( 'NONE',  ( 13.34052234755442434, 20.01411531491224949, 16.00000000000000000 ) ) ;
#74 = CARTESIAN_POINT ( 'NONE',  ( -52.36457512509296919, 81.61970303100665092, 12.00000000000000000 ) ) ;
#75 = AXIS2_PLACEMENT_3D ( 'NONE', #2958, #2592, #1465 ) ;
#76 = CARTESIAN_POINT ( 'NONE',  ( -101.9262948962494164, -5.709331410736211865, 16.00000000000000000 ) ) ;
#77 = CARTESIAN_POINT ( 'NONE',  ( -14.42377164587935212, -2.127023687252404649, 10.00000000000000178 ) ) ;
#78 = CARTESIAN_POINT ( 'NONE',  ( -8.500000000000000000, -4.907477288111820712, 28.40000000000000213 ) ) ;
#79 = EDGE_CURVE ( 'NONE', #1380, #3239, #3469, .T. ) ;
#80 = VECTOR ( 'NONE', #3163, 1000.000000000000114 ) ;
#81 = DIRECTION ( 'NONE',  ( 0.4996441147237377645, 0.8662307767690619054, 0.000000000000000000 ) ) ;
#82 = ORIENTED_EDGE ( 'NONE', *, *, #1340, .F. ) ;
#83 = CARTESIAN_POINT ( 'NONE',  ( -38.94887543118768036, 95.56856342631546397, 16.00000000000000000 ) ) ;
#84 = ORIENTED_EDGE ( 'NONE', *, *, #2643, .T. ) ;
#85 = CARTESIAN_POINT ( 'NONE',  ( 3.250000000000002220, -5.629165124598856984, 30.39999999999999858 ) ) ;
#86 = FACE_OUTER_BOUND ( 'NONE', #2286, .T. ) ;
#87 = CARTESIAN_POINT ( 'NONE',  ( 14.42377164587935212, -2.127023687252404205, 10.00000000000000000 ) ) ;
#88 = ORIENTED_EDGE ( 'NONE', *, *, #3266, .T. ) ;
#89 = CARTESIAN_POINT ( 'NONE',  ( -100.8159389499279968, -7.252502813327631692, 12.00000000000000000 ) ) ;
#90 = CARTESIAN_POINT ( 'NONE',  ( -92.52350067897327790, -11.72456804945989361, 4.000000000000000000 ) ) ;
#91 = CARTESIAN_POINT ( 'NONE',  ( 12.60220191339104190, 15.48079204061328440, 16.00000000000000000 ) ) ;
#92 = EDGE_CURVE ( 'NONE', #2876, #695, #2092, .T. ) ;
#93 = CARTESIAN_POINT ( 'NONE',  ( 104.9769395856255301, 2.206356871753986315, 4.000000000000000000 ) ) ;
#94 = CARTESIAN_POINT ( 'NONE',  ( 46.24195549096754831, 76.68968209453016982, 16.00000000000000000 ) ) ;
#95 = CARTESIAN_POINT ( 'NONE',  ( -104.9768680301030770, 2.203900766895053209, 16.00000000000000000 ) ) ;
#96 = CARTESIAN_POINT ( 'NONE',  ( 0.000000000000000000, 0.000000000000000000, 30.39999999999999858 ) ) ;
#97 = EDGE_CURVE ( 'NONE', #2065, #250, #443, .T. ) ;
#98 = VERTEX_POINT ( 'NONE', #495 ) ;
#99 = CARTESIAN_POINT ( 'NONE',  ( 14.42377164587935212, -2.127023687252404205, 4.000000000000000000 ) ) ;
#100 = ORIENTED_EDGE ( 'NONE', *, *, #655, .T. ) ;
#101 = CARTESIAN_POINT ( 'NONE',  ( -10.98539073289564350, -0.5667366633724307823, 22.00000000000000000 ) ) ;
#102 = AXIS2_PLACEMENT_3D ( 'NONE', #3249, #3778, #1681 ) ;
#103 = EDGE_CURVE ( 'NONE', #449, #1279, #836, .T. ) ;
#104 = CARTESIAN_POINT ( 'NONE',  ( 12.86725591994920492, 1.945464068658449452, 12.00000000000000000 ) ) ;
#105 = CARTESIAN_POINT ( 'NONE',  ( 96.83532422476577040, -7.335353874765145221, 4.000000000000000000 ) ) ;
#106 = ORIENTED_EDGE ( 'NONE', *, *, #3045, .F. ) ;
#107 = CARTESIAN_POINT ( 'NONE',  ( 13.34036312913352873, 0.8838503050108275083, 12.00000000000000000 ) ) ;
#108 = CARTESIAN_POINT ( 'NONE',  ( -2.638420844178507529, 18.53901432367394975, 4.000000000000000000 ) ) ;
#109 = CARTESIAN_POINT ( 'NONE',  ( -2.638420844178507529, 18.53901432367394975, 10.00000000000000000 ) ) ;
#110 = CARTESIAN_POINT ( 'NONE',  ( -66.44747720936047131, 79.22565238055847203, 16.00000000000000000 ) ) ;
#111 = DIRECTION ( 'NONE',  ( -0.000000000000000000, 0.000000000000000000, 1.000000000000000000 ) ) ;
#112 = ORIENTED_EDGE ( 'NONE', *, *, #1218, .T. ) ;
#113 = CARTESIAN_POINT ( 'NONE',  ( 0.000000000000000000, 0.000000000000000000, 20.00000000000000000 ) ) ;
#114 = EDGE_CURVE ( 'NONE', #2690, #1884, #208, .T. ) ;
#115 = ORIENTED_EDGE ( 'NONE', *, *, #54, .F. ) ;
#116 = CARTESIAN_POINT ( 'NONE',  ( 22.54697192685822671, -8.311285597245346324, 4.000000000000000000 ) ) ;
#117 = ORIENTED_EDGE ( 'NONE', *, *, #92, .T. ) ;
#118 = DIRECTION ( 'NONE',  ( 0.4999999999999998890, -0.8660254037844387076, 0.000000000000000000 ) ) ;
#119 = DIRECTION ( 'NONE',  ( 0.8643338901067765256, 0.5029184093000442779, -0.000000000000000000 ) ) ;
#120 = EDGE_LOOP ( 'NONE', ( #2579, #2531 ) ) ;
#121 = CARTESIAN_POINT ( 'NONE',  ( 94.60142919475674717, -8.634474376662318207, 4.000000000000000000 ) ) ;
#122 = ORIENTED_EDGE ( 'NONE', *, *, #754, .T. ) ;
#123 = EDGE_CURVE ( 'NONE', #2147, #275, #3638, .T. ) ;
#124 = CIRCLE ( 'NONE', #433, 5.000000000000000000 ) ;
#125 = CARTESIAN_POINT ( 'NONE',  ( 94.51425220012937700, -11.01713409840904312, 10.00000000000000000 ) ) ;
#126 = DIRECTION ( 'NONE',  ( 0.4996441147237377645, 0.8662307767690619054, 0.000000000000000000 ) ) ;
#127 = CARTESIAN_POINT ( 'NONE',  ( -9.493792484785206653, 21.87716241359039060, 4.000000000000000000 ) ) ;
#128 = B_SPLINE_CURVE_WITH_KNOTS ( 'NONE', 3,
 ( #588, #1597, #705, #3364, #2457, #1860, #1842, #722, #93 ),
 .UNSPECIFIED., .F., .F.,
 ( 4, 1, 1, 1, 1, 1, 4 ),
 ( 0.000000000000000000, 0.3466577217541806921, 0.4856485324772289447, 0.6188506265022477582, 0.7296581976956886262, 0.8486710806393250595, 0.9897191944839770494 ),
 .UNSPECIFIED. ) ;
#129 = CIRCLE ( 'NONE', #2193, 11.00000000000000000 ) ;
#130 = CARTESIAN_POINT ( 'NONE',  ( 92.97062026337313512, -11.34423151455725076, 12.00000000000000000 ) ) ;
#131 = CARTESIAN_POINT ( 'NONE',  ( -103.0398048839039546, 5.476559870912546479, 12.00000000000000000 ) ) ;
#132 = CARTESIAN_POINT ( 'NONE',  ( 0.000000000000000000, 0.000000000000000000, 30.39999999999999858 ) ) ;
#133 = CARTESIAN_POINT ( 'NONE',  ( -66.44747720935821178, 79.22565238055980785, 4.000000000000000000 ) ) ;
#134 = ORIENTED_EDGE ( 'NONE', *, *, #3160, .T. ) ;
#135 = FACE_OUTER_BOUND ( 'NONE', #2353, .T. ) ;
#136 = CIRCLE ( 'NONE', #2323, 5.000000000000000000 ) ;
#137 = ORIENTED_EDGE ( 'NONE', *, *, #364, .F. ) ;
#138 = LINE ( 'NONE', #2741, #1197 ) ;
#139 = CARTESIAN_POINT ( 'NONE',  ( 12.86725591994920492, 1.945464068658449452, 4.000000000000000000 ) ) ;
#140 = CARTESIAN_POINT ( 'NONE',  ( -7.170913673061643401, 20.52120068081685034, 4.000000000000000000 ) ) ;
#141 = CARTESIAN_POINT ( 'NONE',  ( 28.04659553532030003, -9.334253580416488560, 10.00000000000000000 ) ) ;
#142 = VERTEX_POINT ( 'NONE', #2184 ) ;
#143 = B_SPLINE_CURVE_WITH_KNOTS ( 'NONE', 3,
 ( #1317, #1334, #2477, #3654, #2750, #741 ),
 .UNSPECIFIED., .F., .F.,
 ( 4, 1, 1, 4 ),
 ( 0.4259232083550338888, 0.4856485324772289447, 0.6188506265022477582, 0.7296582169229196557 ),
 .UNSPECIFIED. ) ;
#144 = PLANE ( 'NONE',  #570 ) ;
#145 = DIRECTION ( 'NONE',  ( 0.5036115573820342250, 0.8639302050925421472, 0.000000000000000000 ) ) ;
#146 = ADVANCED_FACE ( 'NONE', ( #1920, #424, #1581 ), #3134, .T. ) ;
#147 = CARTESIAN_POINT ( 'NONE',  ( 9.264247147714717912, 22.68462024131437360, 10.00000000000000000 ) ) ;
#148 = VERTEX_POINT ( 'NONE', #480 ) ;
#149 = VECTOR ( 'NONE', #1356, 1000.000000000000000 ) ;
#150 = CARTESIAN_POINT ( 'NONE',  ( -8.500000000000000000, 4.907477288111825153, 28.40000000000000213 ) ) ;
#151 = EDGE_CURVE ( 'NONE', #2616, #391, #1044, .T. ) ;
#152 = CARTESIAN_POINT ( 'NONE',  ( 0.000000000000000000, 0.000000000000000000, 10.00000000000000000 ) ) ;
#153 = VECTOR ( 'NONE', #2023, 1000.000000000000114 ) ;
#154 = CARTESIAN_POINT ( 'NONE',  ( -12.74312034550123229, 17.98947295078569653, 16.00000000000000000 ) ) ;
#155 = CARTESIAN_POINT ( 'NONE',  ( 102.9946715168661910, 4.166994245635292415, 4.000000000000000000 ) ) ;
#156 = CARTESIAN_POINT ( 'NONE',  ( 91.32188393734173815, -9.438678552286734913, 4.000000000000000000 ) ) ;
#157 = ORIENTED_EDGE ( 'NONE', *, *, #858, .F. ) ;
#158 = CARTESIAN_POINT ( 'NONE',  ( -103.3803218943962037, -3.451738494431572768, 10.00000000000000000 ) ) ;
#159 = CARTESIAN_POINT ( 'NONE',  ( -0.01532814986793104572, -9.287942205700460363, 10.00000000000000000 ) ) ;
#160 = CARTESIAN_POINT ( 'NONE',  ( -46.24195549096756253, 76.68968209453018403, 10.00000000000000000 ) ) ;
#161 = ADVANCED_FACE ( 'NONE', ( #2769 ), #781, .F. ) ;
#162 = CARTESIAN_POINT ( 'NONE',  ( 66.44747720935816915, 79.22565238055983627, 10.00000000000000000 ) ) ;
#163 = ORIENTED_EDGE ( 'NONE', *, *, #356, .F. ) ;
#164 = DIRECTION ( 'NONE',  ( -0.000000000000000000, -0.000000000000000000, -1.000000000000000000 ) ) ;
#165 = CARTESIAN_POINT ( 'NONE',  ( -100.8159389499279968, -7.252502813327631692, 10.00000000000000000 ) ) ;
#166 = CARTESIAN_POINT ( 'NONE',  ( 22.54697192685822671, -8.311285597245346324, 16.00000000000000000 ) ) ;
#167 = VECTOR ( 'NONE', #830, 999.9999999999998863 ) ;
#168 = DIRECTION ( 'NONE',  ( 0.000000000000000000, 0.000000000000000000, 1.000000000000000000 ) ) ;
#169 = DIRECTION ( 'NONE',  ( -0.000000000000000000, -0.000000000000000000, -1.000000000000000000 ) ) ;
#170 = CARTESIAN_POINT ( 'NONE',  ( -12.45341646805670877, 6.164201771396467855, 16.00000000000000000 ) ) ;
#171 = EDGE_CURVE ( 'NONE', #3006, #1710, #1630, .T. ) ;
#172 = CARTESIAN_POINT ( 'NONE',  ( 101.3824554654405006, -6.342246649524330593, 9.999999999999998224 ) ) ;
#173 = ORIENTED_EDGE ( 'NONE', *, *, #2780, .T. ) ;
#174 = CARTESIAN_POINT ( 'NONE',  ( -12.45341646805670877, 6.164201771396467855, 10.00000000000000000 ) ) ;
#175 = ORIENTED_EDGE ( 'NONE', *, *, #1697, .T. ) ;
#176 = B_SPLINE_SURFACE_WITH_KNOTS ( 'NONE', 3, 1, ( 
 ( #1176, #1547 ),
 ( #2111, #3291 ),
 ( #53, #3231 ),
 ( #2716, #2049 ),
 ( #3556, #3575 ),
 ( #932, #404 ),
 ( #1259, #2338 ),
 ( #2652, #949 ),
 ( #669, #3274 ),
 ( #649, #2420 ),
 ( #3516, #1803 ),
 ( #3595, #2978 ),
 ( #366, #1562 ),
 ( #2940, #2129 ),
 ( #3309, #326 ),
 ( #1488, #2696 ),
 ( #2851, #2215 ),
 ( #2797, #506 ),
 ( #1346, #1276 ),
 ( #2232, #2270 ),
 ( #1660, #1052 ),
 ( #1967, #752 ),
 ( #787, #2508 ),
 ( #3393, #769 ) ),
 .UNSPECIFIED., .F., .F., .F.,
 ( 4, 1, 1, 1, 1, 1, 1, 1, 1, 1, 1, 1, 1, 1, 1, 1, 1, 1, 1, 1, 1, 4 ),
 ( 2, 2 ),
 ( 0.000000000000000000, 0.08656765682406110385, 0.1479039510435258276, 0.1922751962830901440, 0.2489070958634956587, 0.2914066986512173774, 0.3518358770510202627, 0.4034809531883021827, 0.4420349376179233403, 0.4800239516846724896, 0.5308487561187591464, 0.5691669341502195723, 0.6061368118922073611, 0.6547925348442905635, 0.6953229118272797882, 0.7249328358589900434, 0.7596260772862258870, 0.7938533265150851115, 0.8346016812522725203, 0.8816281379054209388, 0.9149353323568446550, 1.000000000000000000 ),
 ( 0.000000000000000000, 1.000000000000000000 ),
 .UNSPECIFIED. ) ;
#177 = CARTESIAN_POINT ( 'NONE',  ( -54.74598794976407135, 82.14886767526019185, 4.000000000000000000 ) ) ;
#178 = CARTESIAN_POINT ( 'NONE',  ( 16.19181371413777626, -4.569913789786324010, 4.000000000000000000 ) ) ;
#179 = CARTESIAN_POINT ( 'NONE',  ( 4.483002770040532603, 19.46745503705359326, 16.00000000000000000 ) ) ;
#180 = EDGE_LOOP ( 'NONE', ( #2582, #3024, #2977, #3261 ) ) ;
#181 = CARTESIAN_POINT ( 'NONE',  ( -14.29935285123792355, 21.89312541265675449, 16.00000000000000000 ) ) ;
#182 = CARTESIAN_POINT ( 'NONE',  ( 8.500000000000005329, -4.907477288111822489, 29.57157287525380340 ) ) ;
#183 = CARTESIAN_POINT ( 'NONE',  ( 48.03388812670044672, 79.08737944992141422, 4.000000000000000000 ) ) ;
#184 = DIRECTION ( 'NONE',  ( 0.9986718848086948430, 0.05152151485203917275, 0.000000000000000000 ) ) ;
#185 = CIRCLE ( 'NONE', #1642, 103.1852416701762820 ) ;
#186 = ADVANCED_FACE ( 'NONE', ( #853 ), #2490, .T. ) ;
#187 = DIRECTION ( 'NONE',  ( -0.000000000000000000, -0.000000000000000000, -1.000000000000000000 ) ) ;
#188 = CARTESIAN_POINT ( 'NONE',  ( -1.147309555492924016, -0.6688021192397001213, 10.00000000000000000 ) ) ;
#189 = CARTESIAN_POINT ( 'NONE',  ( -14.29935285123792532, 21.89312541265675449, 16.00000000000000000 ) ) ;
#190 = CARTESIAN_POINT ( 'NONE',  ( 102.0054555760925012, -5.546772929647956651, 9.999999999999998224 ) ) ;
#191 = EDGE_CURVE ( 'NONE', #2625, #600, #372, .T. ) ;
#192 = CARTESIAN_POINT ( 'NONE',  ( 102.0054555492391444, -5.546772963935472589, 9.999999999999998224 ) ) ;
#193 = ORIENTED_EDGE ( 'NONE', *, *, #3410, .T. ) ;
#194 = DIRECTION ( 'NONE',  ( -0.4996441147237377645, -0.8662307767690619054, 0.000000000000000000 ) ) ;
#195 = CARTESIAN_POINT ( 'NONE',  ( -10.80480706952578629, 23.01520563626386107, 4.000000000000000000 ) ) ;
#196 = AXIS2_PLACEMENT_3D ( 'NONE', #2606, #1169, #3201 ) ;
#197 = CARTESIAN_POINT ( 'NONE',  ( 4.483002770040532603, 19.46745503705359326, 12.00000000000000000 ) ) ;
#198 = ORIENTED_EDGE ( 'NONE', *, *, #1407, .T. ) ;
#199 = CARTESIAN_POINT ( 'NONE',  ( 1.116067733176190346, 18.47538363182966492, 10.00000000000000000 ) ) ;
#200 = CARTESIAN_POINT ( 'NONE',  ( -92.65778439187667459, -9.254426244762964160, 16.00000000000000000 ) ) ;
#201 = CARTESIAN_POINT ( 'NONE',  ( -5.905110423656681817, 19.74343890363579490, 12.00000000000000000 ) ) ;
#202 = CARTESIAN_POINT ( 'NONE',  ( 24.16211051039899615, -8.887915735620087077, 12.00000000000000000 ) ) ;
#203 = DIRECTION ( 'NONE',  ( 0.000000000000000000, 0.000000000000000000, 1.000000000000000000 ) ) ;
#204 = CARTESIAN_POINT ( 'NONE',  ( 37.43338548952037570, 95.65582995305429392, 4.000000000000000000 ) ) ;
#205 = B_SPLINE_SURFACE_WITH_KNOTS ( 'NONE', 3, 1, ( 
 ( #1523, #2973 ),
 ( #1588, #1503 ),
 ( #3372, #3676 ),
 ( #2793, #362 ),
 ( #1906, #3081 ),
 ( #3064, #177 ),
 ( #1048, #1341 ),
 ( #451, #2504 ),
 ( #2692, #731 ),
 ( #1606, #69 ),
 ( #3624, #2087 ),
 ( #3271, #2211 ),
 ( #2776, #996 ),
 ( #624, #2956 ) ),
 .UNSPECIFIED., .F., .F., .F.,
 ( 4, 1, 1, 1, 1, 1, 1, 1, 1, 1, 1, 4 ),
 ( 2, 2 ),
 ( 0.000000000000000000, 0.1350157672856901747, 0.2179046148332286215, 0.3067643743810078427, 0.4223730587531137060, 0.5057640773318350380, 0.6126836707157689021, 0.7071238278624992768, 0.7844254153922860517, 0.8646262954099761533, 0.9153497856511333408, 0.9385356789504586406 ),
 ( 0.000000000000000000, 1.000000000000000000 ),
 .UNSPECIFIED. ) ;
#206 = ORIENTED_EDGE ( 'NONE', *, *, #3020, .F. ) ;
#207 = VECTOR ( 'NONE', #3322, 1000.000000000000000 ) ;
#208 = LINE ( 'NONE', #777, #360 ) ;
#209 = CARTESIAN_POINT ( 'NONE',  ( 103.0518618345317350, 2.100478337209353619, 16.00000000000000000 ) ) ;
#210 = CARTESIAN_POINT ( 'NONE',  ( -13.34052234755442612, 20.01411531491224949, 10.00000000000000000 ) ) ;
#211 = VERTEX_POINT ( 'NONE', #513 ) ;
#212 = CARTESIAN_POINT ( 'NONE',  ( -6.500000000000000888, 0.000000000000000000, 28.40000000000000213 ) ) ;
#213 = CARTESIAN_POINT ( 'NONE',  ( 101.3824554654405006, -6.342246649524330593, 12.00000000000000000 ) ) ;
#214 = CARTESIAN_POINT ( 'NONE',  ( 1.116067733176190346, 18.47538363182966492, 16.00000000000000000 ) ) ;
#215 = ORIENTED_EDGE ( 'NONE', *, *, #476, .F. ) ;
#216 = CARTESIAN_POINT ( 'NONE',  ( 12.65491811937066835, 27.14315975095284017, 10.00000000000000000 ) ) ;
#217 = EDGE_CURVE ( 'NONE', #1720, #3606, #3772, .T. ) ;
#218 = EDGE_CURVE ( 'NONE', #271, #1522, #547, .T. ) ;
#219 = CARTESIAN_POINT ( 'NONE',  ( 8.223740567289853587, 21.89769805209878939, 12.00000000000000000 ) ) ;
#220 = DIRECTION ( 'NONE',  ( 0.000000000000000000, 0.000000000000000000, 1.000000000000000000 ) ) ;
#221 = B_SPLINE_CURVE_WITH_KNOTS ( 'NONE', 3,
 ( #383, #3289, #89, #684 ),
 .UNSPECIFIED., .F., .F.,
 ( 4, 4 ),
 ( 0.2664424547939471810, 0.5755214219196339576 ),
 .UNSPECIFIED. ) ;
#222 = CARTESIAN_POINT ( 'NONE',  ( -98.17736405654174803, -9.146146482442958359, 12.00000000000000000 ) ) ;
#223 = VECTOR ( 'NONE', #3097, 1000.000000000000000 ) ;
#224 = CYLINDRICAL_SURFACE ( 'NONE', #1882, 5.000000000000000000 ) ;
#225 = DIRECTION ( 'NONE',  ( 1.000000000000000000, 0.000000000000000000, 0.000000000000000000 ) ) ;
#226 = CARTESIAN_POINT ( 'NONE',  ( 38.84398191647171217, 94.56826757864757838, 10.00000000000000533 ) ) ;
#227 = CARTESIAN_POINT ( 'NONE',  ( 42.39386818192176065, 89.37719346822775890, 12.00000000000000000 ) ) ;
#228 = ORIENTED_EDGE ( 'NONE', *, *, #1470, .F. ) ;
#229 = EDGE_CURVE ( 'NONE', #1884, #98, #529, .T. ) ;
#230 = CARTESIAN_POINT ( 'NONE',  ( 0.000000000000000000, 0.000000000000000000, 4.000000000000000000 ) ) ;
#231 = CARTESIAN_POINT ( 'NONE',  ( -66.80333017543829044, 78.71087431966306269, 10.00000000000000000 ) ) ;
#232 = CARTESIAN_POINT ( 'NONE',  ( 12.10857102087429382, 26.42812441157807868, 16.00000000000000000 ) ) ;
#233 = ORIENTED_EDGE ( 'NONE', *, *, #3012, .F. ) ;
#234 = LINE ( 'NONE', #181, #714 ) ;
#235 = CYLINDRICAL_SURFACE ( 'NONE', #3327, 5.000000000000000000 ) ;
#236 = CARTESIAN_POINT ( 'NONE',  ( -6.500000000000000888, -3.752776749732570138, 30.39999999999999858 ) ) ;
#237 = CARTESIAN_POINT ( 'NONE',  ( -42.06433261006535673, 92.64766713434946155, 12.00000000000000000 ) ) ;
#238 = EDGE_CURVE ( 'NONE', #623, #3006, #2573, .T. ) ;
#239 = LINE ( 'NONE', #1405, #167 ) ;
#240 = CARTESIAN_POINT ( 'NONE',  ( -13.61486804501912928, 0.000000000000000000, 16.00000000000000000 ) ) ;
#241 = CARTESIAN_POINT ( 'NONE',  ( 35.55459399563605416, 96.80404722883905322, 4.000000000000000000 ) ) ;
#242 = VECTOR ( 'NONE', #3742, 1000.000000000000114 ) ;
#243 = CARTESIAN_POINT ( 'NONE',  ( -42.06433261006535673, 92.64766713434946155, 10.00000000000000000 ) ) ;
#244 = ORIENTED_EDGE ( 'NONE', *, *, #1761, .F. ) ;
#245 = AXIS2_PLACEMENT_3D ( 'NONE', #113, #3639, #1265 ) ;
#246 = CARTESIAN_POINT ( 'NONE',  ( 43.05315509022149456, 80.15741867147563937, 10.00000000000000533 ) ) ;
#247 = CARTESIAN_POINT ( 'NONE',  ( 39.94084417660519648, 93.45736105760562396, 12.00000000000000000 ) ) ;
#248 = ORIENTED_EDGE ( 'NONE', *, *, #3635, .F. ) ;
#249 = VECTOR ( 'NONE', #168, 1000.000000000000000 ) ;
#250 = VERTEX_POINT ( 'NONE', #1139 ) ;
#251 = CARTESIAN_POINT ( 'NONE',  ( -35.50495322693360833, 97.07346047163864000, 10.00000000000000000 ) ) ;
#252 = AXIS2_PLACEMENT_3D ( 'NONE', #2605, #1754, #2312 ) ;
#253 = CARTESIAN_POINT ( 'NONE',  ( 0.000000000000000000, 0.000000000000000000, 10.00000000000000000 ) ) ;
#254 = EDGE_LOOP ( 'NONE', ( #3247, #3340 ) ) ;
#255 = EDGE_CURVE ( 'NONE', #877, #1749, #3761, .T. ) ;
#256 = LINE ( 'NONE', #294, #3462 ) ;
#257 = CARTESIAN_POINT ( 'NONE',  ( 34.18751149398477907, 97.54523304310770015, 16.00000000000000000 ) ) ;
#258 = CARTESIAN_POINT ( 'NONE',  ( 12.85613651940623825, 10.60072605994906780, 16.00000000000000000 ) ) ;
#259 = CARTESIAN_POINT ( 'NONE',  ( 0.000000000000000000, 0.000000000000000000, 12.00000000000000000 ) ) ;
#260 = VERTEX_POINT ( 'NONE', #2013 ) ;
#261 = AXIS2_PLACEMENT_3D ( 'NONE', #253, #1456, #1475 ) ;
#262 = CARTESIAN_POINT ( 'NONE',  ( 34.65548007856868651, 97.05127322762321285, 16.00000000000000000 ) ) ;
#263 = ADVANCED_FACE ( 'NONE', ( #968 ), #3252, .T. ) ;
#264 = CARTESIAN_POINT ( 'NONE',  ( -63.92836056386667565, 80.96992915787178902, 12.00000000000000000 ) ) ;
#265 = CARTESIAN_POINT ( 'NONE',  ( -14.11169872123017477, -0.7560170833218096131, 12.00000000000000000 ) ) ;
#266 = ORIENTED_EDGE ( 'NONE', *, *, #2246, .T. ) ;
#267 = CARTESIAN_POINT ( 'NONE',  ( -36.05107508881541634, 96.85275697340217960, 10.00000000000000000 ) ) ;
#268 = EDGE_CURVE ( 'NONE', #709, #1161, #345, .T. ) ;
#269 = DIRECTION ( 'NONE',  ( 1.000000000000000000, 0.000000000000000000, 0.000000000000000000 ) ) ;
#270 = CARTESIAN_POINT ( 'NONE',  ( -103.3915101884524006, -3.426978660622741035, 9.999999999999998224 ) ) ;
#271 = VERTEX_POINT ( 'NONE', #1783 ) ;
#272 = CARTESIAN_POINT ( 'NONE',  ( -15.63458344004603084, -3.385382909620526792, 12.00000000000000000 ) ) ;
#273 = ORIENTED_EDGE ( 'NONE', *, *, #677, .F. ) ;
#274 = CARTESIAN_POINT ( 'NONE',  ( 59.69026461210930989, 82.35876107693567860, 16.00000000000000000 ) ) ;
#275 = VERTEX_POINT ( 'NONE', #2091 ) ;
#276 = LOCAL_TIME ( 17, 39, 1.000000000000000000, #2953 ) ;
#277 = LINE ( 'NONE', #923, #39 ) ;
#278 = AXIS2_PLACEMENT_3D ( 'NONE', #369, #348, #2678 ) ;
#279 = PLANE ( 'NONE',  #252 ) ;
#280 = DIRECTION ( 'NONE',  ( 1.000000000000000000, 0.000000000000000000, -0.000000000000000000 ) ) ;
#281 = VERTEX_POINT ( 'NONE', #1760 ) ;
#282 = CARTESIAN_POINT ( 'NONE',  ( 38.84398191647171217, 94.56826757864757838, 16.00000000000000000 ) ) ;
#283 = CARTESIAN_POINT ( 'NONE',  ( 12.86725591994920492, 1.945464068658449452, 4.000000000000000000 ) ) ;
#284 = LINE ( 'NONE', #2610, #1775 ) ;
#285 = CARTESIAN_POINT ( 'NONE',  ( -45.34545802003545134, 83.60963418298197780, 10.00000000000000000 ) ) ;
#286 = DIRECTION ( 'NONE',  ( -0.000000000000000000, 0.000000000000000000, 1.000000000000000000 ) ) ;
#287 = CARTESIAN_POINT ( 'NONE',  ( -44.68019288019633706, 86.63453829268611628, 10.00000000000000000 ) ) ;
#288 = VERTEX_POINT ( 'NONE', #3016 ) ;
#289 = EDGE_CURVE ( 'NONE', #487, #417, #686, .T. ) ;
#290 = VERTEX_POINT ( 'NONE', #891 ) ;
#291 = CARTESIAN_POINT ( 'NONE',  ( -12.74312034550123229, 17.98947295078569653, 12.00000000000000000 ) ) ;
#292 = CARTESIAN_POINT ( 'NONE',  ( 66.80333017543827623, 78.71087431966309111, 16.00000000000000000 ) ) ;
#293 = ORIENTED_EDGE ( 'NONE', *, *, #1653, .F. ) ;
#294 = CARTESIAN_POINT ( 'NONE',  ( 97.42256809861466138, -9.605901838267850934, 12.00000000000000178 ) ) ;
#295 = CARTESIAN_POINT ( 'NONE',  ( 104.9769395856255301, 2.206356871753986315, 16.00000000000000000 ) ) ;
#296 = CARTESIAN_POINT ( 'NONE',  ( -14.42377164587935212, -2.127023687252404649, 16.00000000000000000 ) ) ;
#297 = CARTESIAN_POINT ( 'NONE',  ( -7.671572875253811929, 4.429184664635624991, 30.40000000000000213 ) ) ;
#298 = VERTEX_POINT ( 'NONE', #2996 ) ;
#299 = CARTESIAN_POINT ( 'NONE',  ( 40.96529387711908754, 91.88567406541078242, 16.00000000000000000 ) ) ;
#300 = CARTESIAN_POINT ( 'NONE',  ( 12.74312034550123407, 17.98947295078569297, 4.000000000000000000 ) ) ;
#301 = CARTESIAN_POINT ( 'NONE',  ( -22.54697192685821960, -8.311285597245346324, 10.00000000000000000 ) ) ;
#302 = EDGE_LOOP ( 'NONE', ( #1019, #1515, #1706, #198 ) ) ;
#303 = CARTESIAN_POINT ( 'NONE',  ( 8.223740567289853587, 21.89769805209878939, 16.00000000000000000 ) ) ;
#304 = EDGE_CURVE ( 'NONE', #3642, #3304, #1998, .T. ) ;
#305 = CARTESIAN_POINT ( 'NONE',  ( 103.0398048839039689, 5.476559870912545591, 4.000000000000000000 ) ) ;
#306 = CARTESIAN_POINT ( 'NONE',  ( -103.0283520123723662, -4.201047159786525320, 12.00000000000000000 ) ) ;
#307 = CARTESIAN_POINT ( 'NONE',  ( -98.93158905302945527, -8.625360510358630606, 9.999999999999998224 ) ) ;
#308 = ORIENTED_EDGE ( 'NONE', *, *, #2525, .T. ) ;
#309 = ORIENTED_EDGE ( 'NONE', *, *, #1146, .T. ) ;
#310 = CARTESIAN_POINT ( 'NONE',  ( -99.54940066188206060, -4.472610537853937807, 4.000000000000000000 ) ) ;
#311 = EDGE_CURVE ( 'NONE', #674, #3749, #1840, .T. ) ;
#312 = AXIS2_PLACEMENT_3D ( 'NONE', #898, #2057, #2907 ) ;
#313 = ORIENTED_EDGE ( 'NONE', *, *, #97, .T. ) ;
#314 = DIRECTION ( 'NONE',  ( -0.000000000000000000, -0.000000000000000000, -1.000000000000000000 ) ) ;
#315 = ORIENTED_EDGE ( 'NONE', *, *, #2260, .F. ) ;
#316 = CARTESIAN_POINT ( 'NONE',  ( 48.03388812670044672, 79.08737944992141422, 12.00000000000000000 ) ) ;
#317 = AXIS2_PLACEMENT_3D ( 'NONE', #3610, #666, #3593 ) ;
#318 = DATE_AND_TIME ( #3587, #1258 ) ;
#319 = CARTESIAN_POINT ( 'NONE',  ( 104.9768164375090151, 2.206356871753986315, 16.00000000000000000 ) ) ;
#320 = CARTESIAN_POINT ( 'NONE',  ( 42.29253798694047362, 78.52576933831133488, 16.00000000000000000 ) ) ;
#321 = VERTEX_POINT ( 'NONE', #2070 ) ;
#322 = CARTESIAN_POINT ( 'NONE',  ( 8.500000000000005329, -4.907477288111823377, 22.00000000000000000 ) ) ;
#323 = CARTESIAN_POINT ( 'NONE',  ( -94.60142919475676138, -8.634474376662318207, 12.00000000000000000 ) ) ;
#324 = DIRECTION ( 'NONE',  ( 0.8660254037844385966, -0.5000000000000002220, 0.000000000000000000 ) ) ;
#325 = VECTOR ( 'NONE', #1909, 1000.000000000000000 ) ;
#326 = CARTESIAN_POINT ( 'NONE',  ( 40.55652416215527722, 92.77312483053795233, 12.00000000000000000 ) ) ;
#327 = CYLINDRICAL_SURFACE ( 'NONE', #2381, 1.999999999999999778 ) ;
#328 = ADVANCED_FACE ( 'NONE', ( #1238 ), #176, .T. ) ;
#329 = CARTESIAN_POINT ( 'NONE',  ( 26.08876656290921758, -9.371797397112901606, 16.00000000000000000 ) ) ;
#330 = CARTESIAN_POINT ( 'NONE',  ( 0.000000000000000000, 0.000000000000000000, 10.00000000000000000 ) ) ;
#331 = CARTESIAN_POINT ( 'NONE',  ( -12.60220191339104368, 15.48079204061328440, 16.00000000000000000 ) ) ;
#332 = VERTEX_POINT ( 'NONE', #1946 ) ;
#333 = FACE_OUTER_BOUND ( 'NONE', #2924, .T. ) ;
#334 = CARTESIAN_POINT ( 'NONE',  ( -17.38101777888877209, -5.225061316532367606, 4.000000000000000000 ) ) ;
#335 = ORIENTED_EDGE ( 'NONE', *, *, #1029, .T. ) ;
#336 = CARTESIAN_POINT ( 'NONE',  ( 11.50000000000000000, 0.000000000000000000, 4.000000000000000000 ) ) ;
#337 = CALENDAR_DATE ( 2023, 3, 12 ) ;
#338 = CARTESIAN_POINT ( 'NONE',  ( -42.06433261006535673, 92.64766713434946155, 12.00000000000000000 ) ) ;
#339 = CARTESIAN_POINT ( 'NONE',  ( 92.65778439187667459, -9.254426244762964160, 16.00000000000000000 ) ) ;
#340 = ORIENTED_EDGE ( 'NONE', *, *, #3440, .F. ) ;
#341 = EDGE_CURVE ( 'NONE', #2021, #3443, #3119, .T. ) ;
#342 = DIRECTION ( 'NONE',  ( 1.000000000000000000, 0.000000000000000000, 0.000000000000000000 ) ) ;
#343 = CARTESIAN_POINT ( 'NONE',  ( 2.764715539838036307E-15, 9.814954576223644978, 22.00000000000000000 ) ) ;
#344 = CARTESIAN_POINT ( 'NONE',  ( -24.16211051039899260, -8.887915735620087077, 10.00000000000000000 ) ) ;
#345 = LINE ( 'NONE', #604, #1863 ) ;
#346 = FACE_BOUND ( 'NONE', #1924, .T. ) ;
#347 = CARTESIAN_POINT ( 'NONE',  ( -103.3803219972051437, -3.451738261664324181, 12.00000000000000000 ) ) ;
#348 = DIRECTION ( 'NONE',  ( -0.000000000000000000, -0.000000000000000000, -1.000000000000000000 ) ) ;
#349 = CARTESIAN_POINT ( 'NONE',  ( -12.74312034550123229, 17.98947295078569653, 10.00000000000000000 ) ) ;
#350 = DIRECTION ( 'NONE',  ( 1.000000000000000000, 0.000000000000000000, 0.000000000000000000 ) ) ;
#351 = VECTOR ( 'NONE', #1693, 1000.000000000000114 ) ;
#352 = ORIENTED_EDGE ( 'NONE', *, *, #1029, .F. ) ;
#353 = CARTESIAN_POINT ( 'NONE',  ( 27.35495800672315880, -9.230192200835292127, 10.00000000000000533 ) ) ;
#354 = ORIENTED_EDGE ( 'NONE', *, *, #3514, .T. ) ;
#355 = CARTESIAN_POINT ( 'NONE',  ( -45.34545802003545134, 83.60963418298197780, 4.000000000000000000 ) ) ;
#356 = EDGE_CURVE ( 'NONE', #2876, #2966, #234, .T. ) ;
#357 = DATE_TIME_ROLE ( 'classification_date' ) ;
#358 = CARTESIAN_POINT ( 'NONE',  ( 14.29935285123792355, 21.89312541265675449, 12.00000000000000000 ) ) ;
#359 = CARTESIAN_POINT ( 'NONE',  ( 103.0398048839039689, 5.476559870912545591, 12.00000000000000000 ) ) ;
#360 = VECTOR ( 'NONE', #2825, 1000.000000000000000 ) ;
#361 = EDGE_LOOP ( 'NONE', ( #2124, #1453, #2518, #1367, #2936, #2086, #1746 ) ) ;
#362 = CARTESIAN_POINT ( 'NONE',  ( -50.23241145150166886, 80.44161158385092847, 4.000000000000000000 ) ) ;
#363 = CARTESIAN_POINT ( 'NONE',  ( 12.60220191339104190, 15.48079204061328440, 12.00000000000000000 ) ) ;
#364 = EDGE_CURVE ( 'NONE', #1079, #2366, #49, .T. ) ;
#365 = CARTESIAN_POINT ( 'NONE',  ( 4.483002770040532603, 19.46745503705359326, 10.00000000000000000 ) ) ;
#366 = CARTESIAN_POINT ( 'NONE',  ( 41.56991051861120923, 91.14236359620733197, 16.00000000000000000 ) ) ;
#367 = FACE_OUTER_BOUND ( 'NONE', #3582, .T. ) ;
#368 = DIRECTION ( 'NONE',  ( -0.000000000000000000, 1.000000000000000000, 0.000000000000000000 ) ) ;
#369 = CARTESIAN_POINT ( 'NONE',  ( 0.000000000000000000, 0.000000000000000000, 16.00000000000000000 ) ) ;
#370 = CARTESIAN_POINT ( 'NONE',  ( -91.87269138377355659, -11.52680595500048533, 10.00000000000000000 ) ) ;
#371 = CARTESIAN_POINT ( 'NONE',  ( -102.9946715168661910, 4.166994245635290639, 4.000000000000000000 ) ) ;
#372 = B_SPLINE_CURVE_WITH_KNOTS ( 'NONE', 3,
 ( #2319, #834, #1993, #3496, #1955, #2842, #1448, #586, #1721, #2883, #2593, #873, #1740, #3167, #2240, #303, #3419, #1466, #796, #2629, #3128 ),
 .UNSPECIFIED., .F., .F.,
 ( 4, 1, 1, 1, 1, 1, 1, 1, 1, 1, 1, 1, 1, 1, 1, 1, 1, 1, 4 ),
 ( 0.000000000000000000, 0.09217587363013081403, 0.1299458675005804031, 0.1731068245941054240, 0.2212206362462405540, 0.2716136720405617488, 0.3198266944910184151, 0.3878787152108556513, 0.4480896777248105090, 0.5091098218045568835, 0.5675960064527706406, 0.6146630673410452550, 0.6891459996116887643, 0.7272588840157729884, 0.7721009591884657741, 0.8147122539104346695, 0.8564922319102301618, 0.9107227130310378005, 1.000000000000000000 ),
 .UNSPECIFIED. ) ;
#373 = EDGE_LOOP ( 'NONE', ( #2553, #3100, #248, #2991 ) ) ;
#374 = CARTESIAN_POINT ( 'NONE',  ( -42.06433261006535673, 92.64766713434946155, 16.00000000000000000 ) ) ;
#375 = VERTEX_POINT ( 'NONE', #1070 ) ;
#376 = VECTOR ( 'NONE', #2430, 1000.000000000000000 ) ;
#377 = CARTESIAN_POINT ( 'NONE',  ( 66.80333017543827623, 78.71087431966309111, 12.00000000000000000 ) ) ;
#378 = SECURITY_CLASSIFICATION_LEVEL ( 'unclassified' ) ;
#379 = VECTOR ( 'NONE', #38, 1000.000000000000000 ) ;
#380 = CARTESIAN_POINT ( 'NONE',  ( -35.50495322693360833, 97.07346047163864000, 12.00000000000000000 ) ) ;
#381 = DIRECTION ( 'NONE',  ( -0.000000000000000000, -0.000000000000000000, -1.000000000000000000 ) ) ;
#382 = EDGE_LOOP ( 'NONE', ( #575, #2157, #413, #1575 ) ) ;
#383 = CARTESIAN_POINT ( 'NONE',  ( -103.3803219972051437, -3.451738261664324181, 12.00000000000000000 ) ) ;
#384 = CARTESIAN_POINT ( 'NONE',  ( 5.898552909013184298, 20.26427960201245426, 10.00000000000000000 ) ) ;
#385 = ORIENTED_EDGE ( 'NONE', *, *, #3656, .T. ) ;
#386 = CARTESIAN_POINT ( 'NONE',  ( 14.00133309853873165, 21.25068224866967626, 16.00000000000000000 ) ) ;
#387 = ADVANCED_FACE ( 'NONE', ( #536 ), #3411, .T. ) ;
#388 = CARTESIAN_POINT ( 'NONE',  ( -46.24195549096756253, 76.68968209453018403, 16.00000000000000000 ) ) ;
#389 = CIRCLE ( 'NONE', #196, 5.000000000000000000 ) ;
#390 = DIRECTION ( 'NONE',  ( 0.000000000000000000, -0.000000000000000000, -1.000000000000000000 ) ) ;
#391 = VERTEX_POINT ( 'NONE', #806 ) ;
#392 = EDGE_CURVE ( 'NONE', #275, #250, #3143, .T. ) ;
#393 = CARTESIAN_POINT ( 'NONE',  ( 103.0398048839039546, 5.476559870912544703, 10.00000000000000000 ) ) ;
#394 = ORIENTED_EDGE ( 'NONE', *, *, #1118, .T. ) ;
#395 = CARTESIAN_POINT ( 'NONE',  ( 22.54697192685822671, -8.311285597245346324, 10.00000000000000533 ) ) ;
#396 = ORIENTED_EDGE ( 'NONE', *, *, #2648, .T. ) ;
#397 = FACE_OUTER_BOUND ( 'NONE', #2722, .T. ) ;
#398 = CARTESIAN_POINT ( 'NONE',  ( -45.10807307240187214, 81.02069710910515710, 16.00000000000000000 ) ) ;
#399 = CARTESIAN_POINT ( 'NONE',  ( 15.63458344004602729, -3.385382909620526792, 10.00000000000000000 ) ) ;
#400 = VERTEX_POINT ( 'NONE', #2438 ) ;
#401 = EDGE_CURVE ( 'NONE', #2151, #3675, #1324, .T. ) ;
#402 = CARTESIAN_POINT ( 'NONE',  ( 1.147309555492924016, -0.6688021192397001213, 12.00000000000000000 ) ) ;
#403 = DIRECTION ( 'NONE',  ( -0.8660254037844388186, -0.4999999999999997780, 0.000000000000000000 ) ) ;
#404 = CARTESIAN_POINT ( 'NONE',  ( 43.41941829552141741, 83.99565647030571824, 12.00000000000000000 ) ) ;
#405 = CARTESIAN_POINT ( 'NONE',  ( -50.23241145150166886, 80.44161158385092847, 12.00000000000000000 ) ) ;
#406 = CARTESIAN_POINT ( 'NONE',  ( -35.50495322693360833, 97.07346047163864000, 16.00000000000000000 ) ) ;
#407 = VERTEX_POINT ( 'NONE', #1676 ) ;
#408 = CC_DESIGN_SECURITY_CLASSIFICATION ( #2469, ( #2589 ) ) ;
#409 = CARTESIAN_POINT ( 'NONE',  ( 101.8277817151371494, -0.5672003041223958597, 4.000000000000000000 ) ) ;
#410 = EDGE_CURVE ( 'NONE', #1036, #288, #2197, .T. ) ;
#411 = EDGE_LOOP ( 'NONE', ( #957, #175, #2461, #68 ) ) ;
#412 = CARTESIAN_POINT ( 'NONE',  ( 15.63458344004602729, -3.385382909620526792, 10.00000000000000533 ) ) ;
#413 = ORIENTED_EDGE ( 'NONE', *, *, #2902, .T. ) ;
#414 = DIRECTION ( 'NONE',  ( 0.001650325621624664733, 0.9999986382117440620, -0.000000000000000000 ) ) ;
#415 = CARTESIAN_POINT ( 'NONE',  ( 12.74312034550123407, 17.98947295078569297, 10.00000000000000000 ) ) ;
#416 = LINE ( 'NONE', #3286, #2394 ) ;
#417 = VERTEX_POINT ( 'NONE', #3085 ) ;
#418 = DIRECTION ( 'NONE',  ( -0.8639302050925421472, -0.5036115573820342250, 0.000000000000000000 ) ) ;
#419 = CARTESIAN_POINT ( 'NONE',  ( -46.24195549096754831, 76.68968209453016982, 4.000000000000000000 ) ) ;
#420 = CARTESIAN_POINT ( 'NONE',  ( -2.638420844178507529, 18.53901432367394975, 10.00000000000000000 ) ) ;
#421 = B_SPLINE_CURVE_WITH_KNOTS ( 'NONE', 3,
 ( #2912, #3178, #316, #3507, #559, #2891, #2040, #2621, #3, #3220, #597, #2642, #377, #1249 ),
 .UNSPECIFIED., .F., .F.,
 ( 4, 1, 1, 1, 1, 1, 1, 1, 1, 1, 1, 4 ),
 ( 0.000000000000000000, 0.1350157672856901747, 0.2179046148332286215, 0.3067643743810078427, 0.4223730587531137060, 0.5057640773318350380, 0.6126836707157689021, 0.7071238278624992768, 0.7844254153922861628, 0.8646262954099761533, 0.9153497856511333408, 0.9385356789504563091 ),
 .UNSPECIFIED. ) ;
#422 = CARTESIAN_POINT ( 'NONE',  ( -46.24195549096756253, 76.68968209453018403, 12.00000000000000000 ) ) ;
#423 = CARTESIAN_POINT ( 'NONE',  ( -14.29935285123792355, 21.89312541265675449, 4.000000000000000000 ) ) ;
#424 = FACE_BOUND ( 'NONE', #180, .T. ) ;
#425 = CARTESIAN_POINT ( 'NONE',  ( 91.32188393734173815, -9.438678552286734913, 10.00000000000000000 ) ) ;
#426 = ORIENTED_EDGE ( 'NONE', *, *, #2412, .F. ) ;
#427 = CYLINDRICAL_SURFACE ( 'NONE', #2874, 1.999999999999999778 ) ;
#428 = ORIENTED_EDGE ( 'NONE', *, *, #2309, .F. ) ;
#429 = PLANE ( 'NONE',  #955 ) ;
#430 = EDGE_CURVE ( 'NONE', #2366, #1692, #1628, .T. ) ;
#431 = FACE_BOUND ( 'NONE', #1484, .T. ) ;
#432 = CARTESIAN_POINT ( 'NONE',  ( 20.94624439764723434, -7.837647619075617023, 4.000000000000000000 ) ) ;
#433 = AXIS2_PLACEMENT_3D ( 'NONE', #2759, #1943, #2194 ) ;
#434 = CARTESIAN_POINT ( 'NONE',  ( 19.75370466724846708, -6.934803996443100971, 10.00000000000000000 ) ) ;
#435 = VERTEX_POINT ( 'NONE', #1477 ) ;
#436 = CYLINDRICAL_SURFACE ( 'NONE', #2210, 5.000000000000000000 ) ;
#437 = LINE ( 'NONE', #402, #3730 ) ;
#438 = DIRECTION ( 'NONE',  ( -0.5036115573820342250, 0.8639302050925421472, -0.000000000000000000 ) ) ;
#439 = VECTOR ( 'NONE', #3343, 1000.000000000000000 ) ;
#440 = AXIS2_PLACEMENT_3D ( 'NONE', #1131, #3774, #846 ) ;
#441 = DIRECTION ( 'NONE',  ( 0.000000000000000000, 0.000000000000000000, 1.000000000000000000 ) ) ;
#442 = CARTESIAN_POINT ( 'NONE',  ( 1.870248747537495149E-15, -9.814954576223643201, 22.00000000000000000 ) ) ;
#443 = LINE ( 'NONE', #1061, #663 ) ;
#444 = EDGE_CURVE ( 'NONE', #2971, #2596, #277, .T. ) ;
#445 = CARTESIAN_POINT ( 'NONE',  ( 101.8277817151371494, -0.5672003041223958597, 10.00000000000000000 ) ) ;
#446 = ORIENTED_EDGE ( 'NONE', *, *, #1688, .T. ) ;
#447 = CARTESIAN_POINT ( 'NONE',  ( 3.250000000000003997, 5.629165124598855208, 28.40000000000000213 ) ) ;
#448 = AXIS2_PLACEMENT_3D ( 'NONE', #259, #3510, #2005 ) ;
#449 = VERTEX_POINT ( 'NONE', #336 ) ;
#450 = CYLINDRICAL_SURFACE ( 'NONE', #2226, 11.00000000000000000 ) ;
#451 = CARTESIAN_POINT ( 'NONE',  ( -59.69026461210930279, 82.35876107693567860, 10.00000000000000178 ) ) ;
#452 = CARTESIAN_POINT ( 'NONE',  ( 17.38101777888876853, -5.225061316532367606, 4.000000000000000000 ) ) ;
#453 = CARTESIAN_POINT ( 'NONE',  ( 63.92836056386667565, 80.96992915787180323, 10.00000000000000000 ) ) ;
#454 = EDGE_LOOP ( 'NONE', ( #2724, #1376, #2419, #313 ) ) ;
#455 = CARTESIAN_POINT ( 'NONE',  ( 6.500000000000005329, 3.752776749732568362, 30.39999999999999858 ) ) ;
#456 = CIRCLE ( 'NONE', #998, 11.50000000000000000 ) ;
#457 = CARTESIAN_POINT ( 'NONE',  ( 63.92836056386667565, 80.96992915787180323, 10.00000000000000000 ) ) ;
#458 = CARTESIAN_POINT ( 'NONE',  ( 14.11169872123017655, -0.7560170833218108344, 16.00000000000000000 ) ) ;
#459 = ADVANCED_FACE ( 'NONE', ( #2081, #1439, #1712, #2371, #3773 ), #43, .T. ) ;
#460 = CARTESIAN_POINT ( 'NONE',  ( 46.73335961545028994, 77.72947279566328405, 4.000000000000000000 ) ) ;
#461 = DIRECTION ( 'NONE',  ( -0.000000000000000000, -0.000000000000000000, -1.000000000000000000 ) ) ;
#462 = CARTESIAN_POINT ( 'NONE',  ( 103.3803217953569060, -3.451738705276359287, 10.00000000000000000 ) ) ;
#463 = CARTESIAN_POINT ( 'NONE',  ( -62.00719827582999955, 81.93640675327760903, 4.000000000000000000 ) ) ;
#464 = CARTESIAN_POINT ( 'NONE',  ( 1.870248747537495149E-15, -9.814954576223643201, 28.40000000000000213 ) ) ;
#465 = ORIENTED_EDGE ( 'NONE', *, *, #255, .T. ) ;
#466 = CYLINDRICAL_SURFACE ( 'NONE', #1134, 103.1852416701762820 ) ;
#467 = CARTESIAN_POINT ( 'NONE',  ( 10.21394015829099722, 23.71425225392868086, 4.000000000000000000 ) ) ;
#468 = CARTESIAN_POINT ( 'NONE',  ( -8.597731984005093864, 20.88619471304047437, 16.00000000000000000 ) ) ;
#469 = ORIENTED_EDGE ( 'NONE', *, *, #1384, .F. ) ;
#470 = EDGE_CURVE ( 'NONE', #3550, #558, #2001, .T. ) ;
#471 = CARTESIAN_POINT ( 'NONE',  ( -0.01532814986793104572, -9.287942205700460363, 12.00000000000000000 ) ) ;
#472 = AXIS2_PLACEMENT_3D ( 'NONE', #1381, #2543, #3715 ) ;
#473 = CARTESIAN_POINT ( 'NONE',  ( 103.3803217953569060, -3.451738705276359287, 10.00000000000000000 ) ) ;
#474 = CARTESIAN_POINT ( 'NONE',  ( 54.74598794976408556, 82.14886767526016342, 10.00000000000000000 ) ) ;
#475 = DIRECTION ( 'NONE',  ( 0.000000000000000000, 0.000000000000000000, 1.000000000000000000 ) ) ;
#476 = EDGE_CURVE ( 'NONE', #1601, #1960, #1149, .T. ) ;
#477 = CARTESIAN_POINT ( 'NONE',  ( -11.50000000000000000, 1.408343819019456176E-15, 0.000000000000000000 ) ) ;
#478 = CARTESIAN_POINT ( 'NONE',  ( 42.70751593584237327, 88.44992427182512529, 4.000000000000000000 ) ) ;
#479 = VECTOR ( 'NONE', #1318, 1000.000000000000000 ) ;
#480 = CARTESIAN_POINT ( 'NONE',  ( -35.50495322693360833, 97.07346047163864000, 12.00000000000000000 ) ) ;
#481 = CARTESIAN_POINT ( 'NONE',  ( 42.18425668011549590, 79.26931622844453784, 4.000000000000000000 ) ) ;
#482 = CARTESIAN_POINT ( 'NONE',  ( -12.74312034550123229, 17.98947295078569653, 10.00000000000000000 ) ) ;
#483 = VERTEX_POINT ( 'NONE', #2349 ) ;
#484 = CARTESIAN_POINT ( 'NONE',  ( -14.42377164587935212, -2.127023687252404649, 16.00000000000000000 ) ) ;
#485 = CARTESIAN_POINT ( 'NONE',  ( -5.905110423656681817, 19.74343890363579490, 4.000000000000000000 ) ) ;
#486 = CARTESIAN_POINT ( 'NONE',  ( 48.03388812670044672, 79.08737944992141422, 10.00000000000000000 ) ) ;
#487 = VERTEX_POINT ( 'NONE', #1209 ) ;
#488 = CARTESIAN_POINT ( 'NONE',  ( -7.170913673061643401, 20.52120068081685034, 10.00000000000000000 ) ) ;
#489 = CARTESIAN_POINT ( 'NONE',  ( 8.500000000000005329, -4.907477288111823377, 28.40000000000000213 ) ) ;
#490 = EDGE_CURVE ( 'NONE', #3540, #1945, #1137, .T. ) ;
#491 = CARTESIAN_POINT ( 'NONE',  ( -10.80480706952578629, 23.01520563626386107, 12.00000000000000000 ) ) ;
#492 = CARTESIAN_POINT ( 'NONE',  ( 10.98539073289564350, 0.5667366633724321145, 22.00000000000000000 ) ) ;
#493 = CARTESIAN_POINT ( 'NONE',  ( -5.000000000000000000, 6.123233995736766282E-16, 30.39999999999999858 ) ) ;
#494 = CARTESIAN_POINT ( 'NONE',  ( 0.000000000000000000, 0.000000000000000000, 16.00000000000000000 ) ) ;
#495 = CARTESIAN_POINT ( 'NONE',  ( -12.28252948003778044, 24.70789247510376896, 4.000000000000000000 ) ) ;
#496 = EDGE_CURVE ( 'NONE', #3675, #1945, #1165, .T. ) ;
#497 = CIRCLE ( 'NONE', #1593, 5.000000000000000000 ) ;
#498 = CARTESIAN_POINT ( 'NONE',  ( 43.07701276409059687, 87.53767513099332120, 4.000000000000000000 ) ) ;
#499 = CARTESIAN_POINT ( 'NONE',  ( 0.000000000000000000, 0.000000000000000000, 12.00000000000000000 ) ) ;
#500 = ORIENTED_EDGE ( 'NONE', *, *, #229, .F. ) ;
#501 = DIRECTION ( 'NONE',  ( 0.000000000000000000, -0.000000000000000000, -1.000000000000000000 ) ) ;
#502 = CARTESIAN_POINT ( 'NONE',  ( 7.297683906235955753, 21.02329957099748725, 4.000000000000000000 ) ) ;
#503 = VECTOR ( 'NONE', #3230, 1000.000000000000000 ) ;
#504 = CARTESIAN_POINT ( 'NONE',  ( -9.493792484785206653, 21.87716241359039060, 16.00000000000000000 ) ) ;
#505 = EDGE_LOOP ( 'NONE', ( #2117, #2647 ) ) ;
#506 = CARTESIAN_POINT ( 'NONE',  ( 38.84398191647171217, 94.56826757864757838, 12.00000000000000000 ) ) ;
#507 = PLANE ( 'NONE',  #1055 ) ;
#508 = CARTESIAN_POINT ( 'NONE',  ( 66.44747720935816915, 79.22565238055983627, 10.00000000000000000 ) ) ;
#509 = CARTESIAN_POINT ( 'NONE',  ( 0.000000000000000000, 0.000000000000000000, 0.000000000000000000 ) ) ;
#510 = LINE ( 'NONE', #1388, #1225 ) ;
#511 = CARTESIAN_POINT ( 'NONE',  ( -27.35495800672316236, -9.230192200835293903, 12.00000000000000000 ) ) ;
#512 = B_SPLINE_SURFACE_WITH_KNOTS ( 'NONE', 3, 1, ( 
 ( #1066, #2888 ),
 ( #782, #2266 ),
 ( #484, #1942 ),
 ( #2244, #272 ),
 ( #801, #3173 ),
 ( #1145, #2580 ),
 ( #3425, #2283 ),
 ( #1963, #3136 ),
 ( #518, #3389 ),
 ( #765, #1997 ),
 ( #3750, #1436 ),
 ( #1126, #2598 ),
 ( #3155, #3465 ),
 ( #840, #1104 ) ),
 .UNSPECIFIED., .F., .F., .F.,
 ( 4, 1, 1, 1, 1, 1, 1, 1, 1, 1, 1, 4 ),
 ( 2, 2 ),
 ( 0.000000000000000000, 0.1489369628854519123, 0.2187406032244147980, 0.2837510101583713418, 0.3573881234826286613, 0.4340133846367745241, 0.5232015280749875430, 0.6022686970478416946, 0.6773789796004616726, 0.7942826686123175550, 0.8855241963004978345, 1.000000000000000000 ),
 ( 0.000000000000000000, 1.000000000000000000 ),
 .UNSPECIFIED. ) ;
#513 = CARTESIAN_POINT ( 'NONE',  ( 5.000000000000000000, 6.123233995736766282E-16, 20.00000000000000000 ) ) ;
#514 = EDGE_CURVE ( 'NONE', #3003, #1748, #2354, .T. ) ;
#515 = CARTESIAN_POINT ( 'NONE',  ( 41.56991051861120923, 91.14236359620733197, 10.00000000000000533 ) ) ;
#516 = CARTESIAN_POINT ( 'NONE',  ( 14.29935285123792355, 21.89312541265675449, 16.00000000000000000 ) ) ;
#517 = EDGE_LOOP ( 'NONE', ( #3294, #2641, #900, #2302 ) ) ;
#518 = CARTESIAN_POINT ( 'NONE',  ( -20.94624439764723789, -7.837647619075618799, 16.00000000000000000 ) ) ;
#519 = EDGE_CURVE ( 'NONE', #3550, #1798, #3196, .T. ) ;
#520 = CARTESIAN_POINT ( 'NONE',  ( -5.905110423656681817, 19.74343890363579490, 16.00000000000000000 ) ) ;
#521 = VERTEX_POINT ( 'NONE', #1752 ) ;
#522 = CARTESIAN_POINT ( 'NONE',  ( 0.000000000000000000, 0.000000000000000000, 16.00000000000000000 ) ) ;
#523 = CARTESIAN_POINT ( 'NONE',  ( 104.9464212963637806, 1.149002126859896444, 16.00000000000000000 ) ) ;
#524 = CARTESIAN_POINT ( 'NONE',  ( -9.493792484785206653, 21.87716241359039060, 12.00000000000000000 ) ) ;
#525 = DIRECTION ( 'NONE',  ( -0.9986718848086948430, -0.05152151485203915887, 0.000000000000000000 ) ) ;
#526 = CARTESIAN_POINT ( 'NONE',  ( -12.28252948003778044, 24.70789247510376896, 16.00000000000000000 ) ) ;
#527 = VECTOR ( 'NONE', #2870, 1000.000000000000000 ) ;
#528 = CARTESIAN_POINT ( 'NONE',  ( -26.08876656290921758, -9.371797397112899830, 12.00000000000000000 ) ) ;
#529 = LINE ( 'NONE', #2259, #1264 ) ;
#530 = CARTESIAN_POINT ( 'NONE',  ( 101.8277817151371494, -0.5672003041223958597, 16.00000000000000000 ) ) ;
#531 = CARTESIAN_POINT ( 'NONE',  ( 43.35663588922312073, 82.89263312496298397, 12.00000000000000000 ) ) ;
#532 = ORIENTED_EDGE ( 'NONE', *, *, #609, .F. ) ;
#533 = FACE_OUTER_BOUND ( 'NONE', #42, .T. ) ;
#534 = CARTESIAN_POINT ( 'NONE',  ( -22.54697192685821960, -8.311285597245346324, 4.000000000000000000 ) ) ;
#535 = VERTEX_POINT ( 'NONE', #2061 ) ;
#536 = FACE_OUTER_BOUND ( 'NONE', #848, .T. ) ;
#537 = EDGE_CURVE ( 'NONE', #260, #3182, #256, .T. ) ;
#538 = FACE_OUTER_BOUND ( 'NONE', #382, .T. ) ;
#539 = CARTESIAN_POINT ( 'NONE',  ( 12.60220191339104190, 15.48079204061328440, 12.00000000000000000 ) ) ;
#540 = CARTESIAN_POINT ( 'NONE',  ( 98.45780254357384820, -6.139432607529491825, 12.00000000000000000 ) ) ;
#541 = ORIENTED_EDGE ( 'NONE', *, *, #2546, .T. ) ;
#542 = ADVANCED_FACE ( 'NONE', ( #1730 ), #1905, .T. ) ;
#543 = DIRECTION ( 'NONE',  ( 0.000000000000000000, 0.000000000000000000, 1.000000000000000000 ) ) ;
#544 = CARTESIAN_POINT ( 'NONE',  ( 12.74312034550123407, 17.98947295078569297, 10.00000000000000000 ) ) ;
#545 = DIRECTION ( 'NONE',  ( 1.000000000000000000, 0.000000000000000000, 0.000000000000000000 ) ) ;
#546 = AXIS2_PLACEMENT_3D ( 'NONE', #1042, #2203, #1683 ) ;
#547 = LINE ( 'NONE', #2550, #3153 ) ;
#548 = AXIS2_PLACEMENT_3D ( 'NONE', #1707, #2813, #194 ) ;
#549 = CARTESIAN_POINT ( 'NONE',  ( 39.34615736308141010, 93.99728617236064565, 10.00000000000000533 ) ) ;
#550 = CARTESIAN_POINT ( 'NONE',  ( -96.26466259002580728, -10.39570538412271894, 9.999999999999998224 ) ) ;
#551 = ORIENTED_EDGE ( 'NONE', *, *, #3635, .T. ) ;
#552 = AXIS2_PLACEMENT_3D ( 'NONE', #831, #1781, #1991 ) ;
#553 = B_SPLINE_CURVE_WITH_KNOTS ( 'NONE', 3,
 ( #1673, #1490, #1742, #875, #2922, #1178, #589, #3254, #1468, #2632, #1510, #329, #652, #2677 ),
 .UNSPECIFIED., .F., .F.,
 ( 4, 1, 1, 1, 1, 1, 1, 1, 1, 1, 1, 4 ),
 ( 0.000000000000000000, 0.1489369628854519123, 0.2187406032244147980, 0.2837510101583713418, 0.3573881234826286613, 0.4340133846367745241, 0.5232015280749875430, 0.6022686970478416946, 0.6773789796004616726, 0.7942826686123175550, 0.8855241963004978345, 1.000000000000000000 ),
 .UNSPECIFIED. ) ;
#554 = EDGE_LOOP ( 'NONE', ( #3415, #1687, #2704, #645 ) ) ;
#555 = FACE_OUTER_BOUND ( 'NONE', #1283, .T. ) ;
#556 = ORIENTED_EDGE ( 'NONE', *, *, #3341, .T. ) ;
#557 = CARTESIAN_POINT ( 'NONE',  ( 54.74598794976408556, 82.14886767526016342, 16.00000000000000000 ) ) ;
#558 = VERTEX_POINT ( 'NONE', #843 ) ;
#559 = CARTESIAN_POINT ( 'NONE',  ( 52.36457512509295498, 81.61970303100666513, 12.00000000000000000 ) ) ;
#560 = DIRECTION ( 'NONE',  ( -0.000000000000000000, -0.000000000000000000, -1.000000000000000000 ) ) ;
#561 = CIRCLE ( 'NONE', #1416, 11.00000000000000000 ) ;
#562 = CARTESIAN_POINT ( 'NONE',  ( -18.37229210177823191, -6.314889749586358292, 16.00000000000000000 ) ) ;
#563 = CARTESIAN_POINT ( 'NONE',  ( 102.9946715168661910, 4.166994245635292415, 12.00000000000000000 ) ) ;
#564 = ORIENTED_EDGE ( 'NONE', *, *, #3579, .T. ) ;
#565 = CARTESIAN_POINT ( 'NONE',  ( 41.56991051861120923, 91.14236359620733197, 16.00000000000000000 ) ) ;
#566 = CARTESIAN_POINT ( 'NONE',  ( 12.60220191339104190, 15.48079204061328440, 4.000000000000000000 ) ) ;
#567 = CARTESIAN_POINT ( 'NONE',  ( 36.61771657896527898, 96.10687651928014930, 10.00000000000000000 ) ) ;
#568 = CARTESIAN_POINT ( 'NONE',  ( -38.94887543118768036, 95.56856342631546397, 4.000000000000000000 ) ) ;
#569 = CARTESIAN_POINT ( 'NONE',  ( 0.000000000000000000, 0.000000000000000000, 12.00000000000000000 ) ) ;
#570 = AXIS2_PLACEMENT_3D ( 'NONE', #1610, #418, #1576 ) ;
#571 = CARTESIAN_POINT ( 'NONE',  ( 36.61771657896527898, 96.10687651928014930, 12.00000000000000000 ) ) ;
#572 = VERTEX_POINT ( 'NONE', #2932 ) ;
#573 = ORIENTED_EDGE ( 'NONE', *, *, #2387, .T. ) ;
#574 = CARTESIAN_POINT ( 'NONE',  ( -13.34036312913352695, 0.8838503050108265091, 12.00000000000000000 ) ) ;
#575 = ORIENTED_EDGE ( 'NONE', *, *, #1187, .F. ) ;
#576 = CARTESIAN_POINT ( 'NONE',  ( 66.44747720935816915, 79.22565238055983627, 12.00000000000000000 ) ) ;
#577 = ORIENTED_EDGE ( 'NONE', *, *, #2780, .F. ) ;
#578 = DIRECTION ( 'NONE',  ( -0.000000000000000000, -0.000000000000000000, -1.000000000000000000 ) ) ;
#579 = CARTESIAN_POINT ( 'NONE',  ( 89.99525595592842819, -11.59606026179955585, 16.00000000000000000 ) ) ;
#580 = CARTESIAN_POINT ( 'NONE',  ( 0.000000000000000000, 0.000000000000000000, 20.00000000000000000 ) ) ;
#581 = EDGE_CURVE ( 'NONE', #596, #2915, #421, .T. ) ;
#582 = ORIENTED_EDGE ( 'NONE', *, *, #2702, .T. ) ;
#583 = LINE ( 'NONE', #3204, #3345 ) ;
#584 = CARTESIAN_POINT ( 'NONE',  ( 13.34036312913352873, 0.8838503050108275083, 10.00000000000000000 ) ) ;
#585 = CARTESIAN_POINT ( 'NONE',  ( -20.94624439764723789, -7.837647619075618799, 10.00000000000000000 ) ) ;
#586 = CARTESIAN_POINT ( 'NONE',  ( -4.293223980211161361, 19.25422940976884689, 16.00000000000000000 ) ) ;
#587 = ADVANCED_FACE ( 'NONE', ( #2685 ), #1229, .F. ) ;
#588 = CARTESIAN_POINT ( 'NONE',  ( 89.99525595592842819, -11.59606026179955585, 4.000000000000000000 ) ) ;
#589 = CARTESIAN_POINT ( 'NONE',  ( 18.37229210177823902, -6.314889749586356515, 16.00000000000000000 ) ) ;
#590 = CARTESIAN_POINT ( 'NONE',  ( -91.91255422896379912, -11.52220327945236811, 10.00000000000000000 ) ) ;
#591 = VERTEX_POINT ( 'NONE', #2410 ) ;
#592 = ORIENTED_EDGE ( 'NONE', *, *, #3764, .T. ) ;
#593 = B_SPLINE_SURFACE_WITH_KNOTS ( 'NONE', 3, 1, ( 
 ( #2595, #1743 ),
 ( #3212, #270 ),
 ( #2341, #2614 ),
 ( #1705, #2034 ),
 ( #2923, #307 ) ),
 .UNSPECIFIED., .F., .F., .F.,
 ( 4, 1, 4 ),
 ( 2, 2 ),
 ( 0.2645879809907977775, 0.2664424744051988037, 0.5755214219855151470 ),
 ( 0.000000000000000000, 1.000000000000000000 ),
 .UNSPECIFIED. ) ;
#594 = DIRECTION ( 'NONE',  ( 0.000000000000000000, -1.000000000000000000, -0.000000000000000000 ) ) ;
#595 = CARTESIAN_POINT ( 'NONE',  ( 66.91363624440496949, 78.54781590269544722, 16.00000000000000000 ) ) ;
#596 = VERTEX_POINT ( 'NONE', #3585 ) ;
#597 = CARTESIAN_POINT ( 'NONE',  ( 65.30837925407898581, 79.90788900709814868, 12.00000000000000000 ) ) ;
#598 = APPROVAL_DATE_TIME ( #1479, #1374 ) ;
#599 = CARTESIAN_POINT ( 'NONE',  ( -6.500000000000000888, 3.752776749732575468, 30.39999999999999858 ) ) ;
#600 = VERTEX_POINT ( 'NONE', #2725 ) ;
#601 = DIRECTION ( 'NONE',  ( 0.8660254037844385966, -0.5000000000000002220, -0.000000000000000000 ) ) ;
#602 = CARTESIAN_POINT ( 'NONE',  ( -103.0518618345317350, 2.100478337209354063, 12.00000000000000000 ) ) ;
#603 = FACE_OUTER_BOUND ( 'NONE', #3287, .T. ) ;
#604 = CARTESIAN_POINT ( 'NONE',  ( -103.3803218193526021, -3.451738654190296351, 12.00000000000000000 ) ) ;
#605 = CARTESIAN_POINT ( 'NONE',  ( 34.65548007856868651, 97.05127322762321285, 10.00000000000000533 ) ) ;
#606 = CARTESIAN_POINT ( 'NONE',  ( -92.52350067897327790, -11.72456804945989361, 16.00000000000000000 ) ) ;
#607 = CARTESIAN_POINT ( 'NONE',  ( -17.38101777888877209, -5.225061316532367606, 10.00000000000000178 ) ) ;
#608 = CARTESIAN_POINT ( 'NONE',  ( -13.34052234755442612, 20.01411531491224949, 16.00000000000000000 ) ) ;
#609 = EDGE_CURVE ( 'NONE', #298, #3388, #138, .T. ) ;
#610 = CIRCLE ( 'NONE', #2864, 103.1852416701762820 ) ;
#611 = ORIENTED_EDGE ( 'NONE', *, *, #1636, .T. ) ;
#612 = CARTESIAN_POINT ( 'NONE',  ( -12.60220191339104368, 15.48079204061328440, 12.00000000000000000 ) ) ;
#613 = EDGE_CURVE ( 'NONE', #2950, #1339, #2707, .T. ) ;
#614 = VECTOR ( 'NONE', #594, 1000.000000000000000 ) ;
#615 = ORIENTED_EDGE ( 'NONE', *, *, #2612, .F. ) ;
#616 = LINE ( 'NONE', #1107, #2762 ) ;
#617 = ADVANCED_FACE ( 'NONE', ( #3643 ), #429, .F. ) ;
#618 = VERTEX_POINT ( 'NONE', #101 ) ;
#619 = CARTESIAN_POINT ( 'NONE',  ( -89.99525595592842819, -11.59606026179955585, 16.00000000000000000 ) ) ;
#620 = DIRECTION ( 'NONE',  ( 1.000000000000000000, 0.000000000000000000, 0.000000000000000000 ) ) ;
#621 = CARTESIAN_POINT ( 'NONE',  ( 14.00133309853873165, 21.25068224866967626, 12.00000000000000000 ) ) ;
#622 = DIRECTION ( 'NONE',  ( -0.8639302050925421472, 0.5036115573820342250, 0.000000000000000000 ) ) ;
#623 = VERTEX_POINT ( 'NONE', #2137 ) ;
#624 = CARTESIAN_POINT ( 'NONE',  ( -66.91363624440501212, 78.54781590269540459, 10.00000000000000178 ) ) ;
#625 = CARTESIAN_POINT ( 'NONE',  ( -52.36457512509296919, 81.61970303100665092, 12.00000000000000000 ) ) ;
#626 = CARTESIAN_POINT ( 'NONE',  ( 42.29253798694047362, 78.52576933831133488, 10.00000000000000000 ) ) ;
#627 = DIRECTION ( 'NONE',  ( -0.8639302050925421472, -0.5036115573820342250, 0.000000000000000000 ) ) ;
#628 = B_SPLINE_SURFACE_WITH_KNOTS ( 'NONE', 3, 1, ( 
 ( #3139, #2248 ),
 ( #3646, #2213 ),
 ( #3429, #2522 ),
 ( #504, #750 ),
 ( #468, #3374 ),
 ( #1018, #3664 ),
 ( #520, #1658 ),
 ( #3083, #3679 ),
 ( #1087, #804 ),
 ( #1361, #1625 ),
 ( #214, #1674 ),
 ( #2541, #2795 ),
 ( #179, #197 ),
 ( #1397, #1379 ),
 ( #2176, #2816 ),
 ( #2849, #3712 ),
 ( #2778, #1050 ),
 ( #3391, #3359 ),
 ( #1965, #1327 ),
 ( #232, #767 ),
 ( #734, #1890 ) ),
 .UNSPECIFIED., .F., .F., .F.,
 ( 4, 1, 1, 1, 1, 1, 1, 1, 1, 1, 1, 1, 1, 1, 1, 1, 1, 1, 4 ),
 ( 2, 2 ),
 ( 0.000000000000000000, 0.09217587363013081403, 0.1299458675005804031, 0.1731068245941054240, 0.2212206362462405540, 0.2716136720405617488, 0.3198266944910184151, 0.3878787152108556513, 0.4480896777248105090, 0.5091098218045568835, 0.5675960064527706406, 0.6146630673410452550, 0.6891459996116887643, 0.7272588840157729884, 0.7721009591884657741, 0.8147122539104346695, 0.8564922319102301618, 0.9107227130310378005, 1.000000000000000000 ),
 ( 0.000000000000000000, 1.000000000000000000 ),
 .UNSPECIFIED. ) ;
#629 = CARTESIAN_POINT ( 'NONE',  ( 46.73335961545028994, 77.72947279566328405, 16.00000000000000000 ) ) ;
#630 = CARTESIAN_POINT ( 'NONE',  ( 104.9464212963637806, 1.149002126859896444, 16.00000000000000000 ) ) ;
#631 = CARTESIAN_POINT ( 'NONE',  ( -16.19181371413777271, -4.569913789786324010, 4.000000000000000000 ) ) ;
#632 = ADVANCED_FACE ( 'NONE', ( #397 ), #660, .T. ) ;
#633 = CARTESIAN_POINT ( 'NONE',  ( -13.34036312913352695, 0.8838503050108265091, 16.00000000000000000 ) ) ;
#634 = CC_DESIGN_PERSON_AND_ORGANIZATION_ASSIGNMENT ( #902, #679, ( #1690 ) ) ;
#635 = EDGE_LOOP ( 'NONE', ( #2307, #1108, #1152, #1512, #2728, #354 ) ) ;
#636 = CARTESIAN_POINT ( 'NONE',  ( -12.86725591994920137, 1.945464068658449008, 12.00000000000000000 ) ) ;
#637 = ORIENTED_EDGE ( 'NONE', *, *, #191, .T. ) ;
#638 = CARTESIAN_POINT ( 'NONE',  ( -44.68019288019633706, 86.63453829268611628, 16.00000000000000000 ) ) ;
#639 = ORIENTED_EDGE ( 'NONE', *, *, #470, .T. ) ;
#640 = CARTESIAN_POINT ( 'NONE',  ( 8.500000000000005329, 4.907477288111821601, 22.00000000000000000 ) ) ;
#641 = EDGE_CURVE ( 'NONE', #2447, #3601, #960, .T. ) ;
#642 = COORDINATED_UNIVERSAL_TIME_OFFSET ( 1, 0, .AHEAD. ) ;
#643 = CARTESIAN_POINT ( 'NONE',  ( -12.28252948003778044, 24.70789247510376896, 4.000000000000000000 ) ) ;
#644 = CARTESIAN_POINT ( 'NONE',  ( 92.65778439187667459, -9.254426244762964160, 4.000000000000000000 ) ) ;
#645 = ORIENTED_EDGE ( 'NONE', *, *, #171, .T. ) ;
#646 = FACE_OUTER_BOUND ( 'NONE', #2906, .T. ) ;
#647 = CARTESIAN_POINT ( 'NONE',  ( -59.69026461210930279, 82.35876107693567860, 16.00000000000000000 ) ) ;
#648 = CARTESIAN_POINT ( 'NONE',  ( 42.70751593584237327, 88.44992427182512529, 10.00000000000000000 ) ) ;
#649 = CARTESIAN_POINT ( 'NONE',  ( 42.70751593584237327, 88.44992427182512529, 16.00000000000000000 ) ) ;
#650 = OPEN_SHELL ( 'NONE', ( #1123, #2658, #632, #903, #883, #1916, #2325, #3599, #3589, #3352, #3649, #1008, #1961, #3172, #2493, #1799, #3300, #668, #3108, #617, #2172, #2735, #1062, #1359, #2500, #186, #1583, #3563, #2434, #587, #984, #161, #1171, #263, #951, #3209, #2952, #2125, #2852, #1859, #2997, #2986, #3385, #542, #1351, #3057, #3723, #2697, #2742, #3156, #3721, #328, #1094, #2449, #2192, #459, #2811, #2944, #3769, #1478, #2880, #1624, #3444, #2002, #3492, #146, #4 ) ) ;
#651 = LINE ( 'NONE', #33, #1096 ) ;
#652 = CARTESIAN_POINT ( 'NONE',  ( 27.35495800672315880, -9.230192200835292127, 16.00000000000000000 ) ) ;
#653 = CARTESIAN_POINT ( 'NONE',  ( 8.500000000000005329, 4.907477288111821601, 28.40000000000000213 ) ) ;
#654 = ORIENTED_EDGE ( 'NONE', *, *, #3307, .F. ) ;
#655 = EDGE_CURVE ( 'NONE', #2483, #1897, #3299, .T. ) ;
#656 = CARTESIAN_POINT ( 'NONE',  ( -92.65778439187667459, -9.254426244762964160, 4.000000000000000000 ) ) ;
#657 = VECTOR ( 'NONE', #1821, 1000.000000000000000 ) ;
#658 = LINE ( 'NONE', #2965, #689 ) ;
#659 = ORIENTED_EDGE ( 'NONE', *, *, #1146, .F. ) ;
#660 = CYLINDRICAL_SURFACE ( 'NONE', #2418, 11.50000000000000000 ) ;
#661 = CARTESIAN_POINT ( 'NONE',  ( 66.91363624440050728, 78.54781590270181368, 16.00000000000000000 ) ) ;
#662 = CARTESIAN_POINT ( 'NONE',  ( 96.03373527882739324, -10.40551350225875638, 12.00000000000000178 ) ) ;
#663 = VECTOR ( 'NONE', #3687, 1000.000000000000000 ) ;
#664 = EDGE_CURVE ( 'NONE', #2188, #2249, #2987, .T. ) ;
#665 = ORIENTED_EDGE ( 'NONE', *, *, #1615, .T. ) ;
#666 = DIRECTION ( 'NONE',  ( 0.001650325621624664733, 0.9999986382117440620, -0.000000000000000000 ) ) ;
#667 = LINE ( 'NONE', #3051, #1480 ) ;
#668 = ADVANCED_FACE ( 'NONE', ( #2429 ), #2173, .T. ) ;
#669 = CARTESIAN_POINT ( 'NONE',  ( 43.07701276409059687, 87.53767513099332120, 16.00000000000000000 ) ) ;
#670 = CARTESIAN_POINT ( 'NONE',  ( 96.03373550993585184, -10.40551336919593339, 12.00000000000000000 ) ) ;
#671 = LINE ( 'NONE', #970, #2992 ) ;
#672 = VERTEX_POINT ( 'NONE', #1013 ) ;
#673 = CARTESIAN_POINT ( 'NONE',  ( 101.3134947225302938, -2.836936634874512198, 10.00000000000000000 ) ) ;
#674 = VERTEX_POINT ( 'NONE', #1794 ) ;
#675 = CARTESIAN_POINT ( 'NONE',  ( 13.61486804501912928, 0.000000000000000000, 10.00000000000000533 ) ) ;
#676 = ORIENTED_EDGE ( 'NONE', *, *, #3236, .F. ) ;
#677 = EDGE_CURVE ( 'NONE', #435, #1884, #2637, .T. ) ;
#678 = CARTESIAN_POINT ( 'NONE',  ( -35.50495322693360833, 97.07346047163864000, 4.000000000000000000 ) ) ;
#679 = PERSON_AND_ORGANIZATION_ROLE ( 'creator' ) ;
#680 = CARTESIAN_POINT ( 'NONE',  ( 12.86725591994920492, 1.945464068658449452, 10.00000000000000000 ) ) ;
#681 = DIRECTION ( 'NONE',  ( 0.5029184093000442779, -0.8643338901067765256, 0.000000000000000000 ) ) ;
#682 = B_SPLINE_CURVE_WITH_KNOTS ( 'NONE', 3,
 ( #3531, #2917, #2673, #1464, #625, #1486, #10, #2316, #3494, #264, #869, #51, #2028, #3229 ),
 .UNSPECIFIED., .F., .F.,
 ( 4, 1, 1, 1, 1, 1, 1, 1, 1, 1, 1, 4 ),
 ( 0.000000000000000000, 0.1350157672856901747, 0.2179046148332286215, 0.3067643743810078427, 0.4223730587531137615, 0.5057640773318350380, 0.6126836707157689021, 0.7071238278624992768, 0.7844254153922860517, 0.8646262954099761533, 0.9153497856511333408, 0.9385356789507632858 ),
 .UNSPECIFIED. ) ;
#683 = ORIENTED_EDGE ( 'NONE', *, *, #1845, .T. ) ;
#684 = CARTESIAN_POINT ( 'NONE',  ( -98.93158933006843370, -8.625360308519736563, 12.00000000000000000 ) ) ;
#685 = CARTESIAN_POINT ( 'NONE',  ( -5.905110423656681817, 19.74343890363579490, 10.00000000000000000 ) ) ;
#686 = LINE ( 'NONE', #32, #657 ) ;
#687 = ADVANCED_FACE ( 'NONE', ( #3025 ), #3567, .T. ) ;
#688 = DIRECTION ( 'NONE',  ( -1.000000000000000000, 0.000000000000000000, 0.000000000000000000 ) ) ;
#689 = VECTOR ( 'NONE', #3334, 1000.000000000000000 ) ;
#690 = CARTESIAN_POINT ( 'NONE',  ( -94.60142919475676138, -8.634474376662318207, 12.00000000000000000 ) ) ;
#691 = CARTESIAN_POINT ( 'NONE',  ( -94.10103776802442610, -11.27324159862228470, 12.00000000000000000 ) ) ;
#692 = CARTESIAN_POINT ( 'NONE',  ( -50.23241145150166886, 80.44161158385092847, 4.000000000000000000 ) ) ;
#693 = VERTEX_POINT ( 'NONE', #3623 ) ;
#694 = CARTESIAN_POINT ( 'NONE',  ( -27.35495800672316236, -9.230192200835293903, 4.000000000000000000 ) ) ;
#695 = VERTEX_POINT ( 'NONE', #995 ) ;
#696 = CARTESIAN_POINT ( 'NONE',  ( -42.06433261006535673, 92.64766713434946155, 4.000000000000000000 ) ) ;
#697 = PLANE ( 'NONE',  #2807 ) ;
#698 = CARTESIAN_POINT ( 'NONE',  ( 102.9946715168661910, 4.166994245635292415, 12.00000000000000000 ) ) ;
#699 = ORIENTED_EDGE ( 'NONE', *, *, #3090, .T. ) ;
#700 = LINE ( 'NONE', #3630, #3383 ) ;
#701 = ORIENTED_EDGE ( 'NONE', *, *, #641, .T. ) ;
#702 = ADVANCED_FACE ( 'NONE', ( #3336 ), #450, .T. ) ;
#703 = CARTESIAN_POINT ( 'NONE',  ( -63.92836056386667565, 80.96992915787178902, 16.00000000000000000 ) ) ;
#704 = CARTESIAN_POINT ( 'NONE',  ( 4.483002770040532603, 19.46745503705359326, 4.000000000000000000 ) ) ;
#705 = CARTESIAN_POINT ( 'NONE',  ( 96.18576306641723761, -10.59256769103866702, 4.000000000000000000 ) ) ;
#706 = DIRECTION ( 'NONE',  ( -0.5036115573820342250, -0.8639302050925421472, 0.000000000000000000 ) ) ;
#707 = CARTESIAN_POINT ( 'NONE',  ( -13.61486804501912928, 2.050608912650810586E-16, 12.00000000000000000 ) ) ;
#708 = CARTESIAN_POINT ( 'NONE',  ( -54.74598794976407135, 82.14886767526019185, 4.000000000000000000 ) ) ;
#709 = VERTEX_POINT ( 'NONE', #158 ) ;
#710 = CARTESIAN_POINT ( 'NONE',  ( 15.63458344004602729, -3.385382909620526792, 4.000000000000000000 ) ) ;
#711 = ORIENTED_EDGE ( 'NONE', *, *, #217, .T. ) ;
#712 = CARTESIAN_POINT ( 'NONE',  ( -5.000000000000000000, 0.000000000000000000, 34.99999999999999289 ) ) ;
#713 = DIRECTION ( 'NONE',  ( -1.000000000000000000, 0.000000000000000000, 0.000000000000000000 ) ) ;
#714 = VECTOR ( 'NONE', #1645, 1000.000000000000000 ) ;
#715 = CARTESIAN_POINT ( 'NONE',  ( 12.45341646805670344, 6.164201771396467855, 12.00000000000000000 ) ) ;
#716 = CARTESIAN_POINT ( 'NONE',  ( 91.32188393734173815, -9.438678552286734913, 10.00000000000000000 ) ) ;
#717 = ORIENTED_EDGE ( 'NONE', *, *, #1455, .T. ) ;
#718 = CARTESIAN_POINT ( 'NONE',  ( 0.000000000000000000, 0.000000000000000000, 22.00000000000000000 ) ) ;
#719 = CARTESIAN_POINT ( 'NONE',  ( -92.65778439187667459, -9.254426244762964160, 10.00000000000000178 ) ) ;
#720 = PLANE ( 'NONE',  #988 ) ;
#721 = B_SPLINE_CURVE_WITH_KNOTS ( 'NONE', 3,
 ( #2218, #772, #165, #2820 ),
 .UNSPECIFIED., .F., .F.,
 ( 4, 4 ),
 ( 0.2664424547939471810, 0.5755214219196339576 ),
 .UNSPECIFIED. ) ;
#722 = CARTESIAN_POINT ( 'NONE',  ( 104.9464212963637806, 1.149002126859896444, 4.000000000000000000 ) ) ;
#723 = PLANE ( 'NONE',  #1401 ) ;
#724 = B_SPLINE_SURFACE_WITH_KNOTS ( 'NONE', 3, 1, ( 
 ( #3413, #2219 ),
 ( #458, #3122 ),
 ( #1403, #1092 ),
 ( #1387, #773 ),
 ( #1680, #1350 ),
 ( #3684, #2254 ),
 ( #2821, #1366 ),
 ( #2545, #1332 ),
 ( #3379, #3434 ),
 ( #166, #1613 ),
 ( #2783, #202 ),
 ( #3396, #3668 ),
 ( #3737, #1057 ),
 ( #1950, #2235 ) ),
 .UNSPECIFIED., .F., .F., .F.,
 ( 4, 1, 1, 1, 1, 1, 1, 1, 1, 1, 1, 4 ),
 ( 2, 2 ),
 ( 0.000000000000000000, 0.1489369628854519123, 0.2187406032244147980, 0.2837510101583713418, 0.3573881234826286613, 0.4340133846367745241, 0.5232015280749875430, 0.6022686970478416946, 0.6773789796004616726, 0.7942826686123175550, 0.8855241963004978345, 1.000000000000000000 ),
 ( 0.000000000000000000, 1.000000000000000000 ),
 .UNSPECIFIED. ) ;
#725 = DIRECTION ( 'NONE',  ( 1.000000000000000000, 0.000000000000000000, 0.000000000000000000 ) ) ;
#726 = CARTESIAN_POINT ( 'NONE',  ( -65.30837925407895739, 79.90788900709814868, 4.000000000000000000 ) ) ;
#727 = ORIENTED_EDGE ( 'NONE', *, *, #2378, .F. ) ;
#728 = CARTESIAN_POINT ( 'NONE',  ( -13.34036312913352695, 0.8838503050108265091, 10.00000000000000000 ) ) ;
#729 = ORIENTED_EDGE ( 'NONE', *, *, #744, .T. ) ;
#730 = CARTESIAN_POINT ( 'NONE',  ( 0.000000000000000000, 0.000000000000000000, 22.00000000000000000 ) ) ;
#731 = CARTESIAN_POINT ( 'NONE',  ( -62.00719827582999955, 81.93640675327760903, 4.000000000000000000 ) ) ;
#732 = CARTESIAN_POINT ( 'NONE',  ( -8.597731984005093864, 20.88619471304047437, 4.000000000000000000 ) ) ;
#733 = AXIS2_PLACEMENT_3D ( 'NONE', #1389, #1702, #1078 ) ;
#734 = CARTESIAN_POINT ( 'NONE',  ( 12.65491811937066835, 27.14315975095284017, 16.00000000000000000 ) ) ;
#735 = EDGE_LOOP ( 'NONE', ( #469, #2738, #3714, #941 ) ) ;
#736 = CARTESIAN_POINT ( 'NONE',  ( -27.35495800672316236, -9.230192200835293903, 4.000000000000000000 ) ) ;
#737 = CARTESIAN_POINT ( 'NONE',  ( 50.23241145150168308, 80.44161158385092847, 10.00000000000000000 ) ) ;
#738 = CARTESIAN_POINT ( 'NONE',  ( 1.116067733176190346, 18.47538363182966492, 10.00000000000000000 ) ) ;
#739 = VECTOR ( 'NONE', #1969, 1000.000000000000000 ) ;
#740 = DIRECTION ( 'NONE',  ( -0.000000000000000000, -0.000000000000000000, -1.000000000000000000 ) ) ;
#741 = CARTESIAN_POINT ( 'NONE',  ( -103.3803218943962037, -3.451738494431572768, 10.00000000000000000 ) ) ;
#742 = CARTESIAN_POINT ( 'NONE',  ( -104.9458029058368709, 1.147427208322749026, 16.00000000000000000 ) ) ;
#743 = DIRECTION ( 'NONE',  ( 1.000000000000000000, 0.000000000000000000, 0.000000000000000000 ) ) ;
#744 = EDGE_CURVE ( 'NONE', #290, #58, #2499, .T. ) ;
#745 = CC_DESIGN_PERSON_AND_ORGANIZATION_ASSIGNMENT ( #3547, #2411, ( #2589 ) ) ;
#746 = DIRECTION ( 'NONE',  ( 0.9986718848086948430, 0.05152151485203917275, 0.000000000000000000 ) ) ;
#747 = ORIENTED_EDGE ( 'NONE', *, *, #476, .T. ) ;
#748 = FACE_OUTER_BOUND ( 'NONE', #975, .T. ) ;
#749 = CARTESIAN_POINT ( 'NONE',  ( 2.706348326447599373, 19.07012903421702887, 4.000000000000000000 ) ) ;
#750 = CARTESIAN_POINT ( 'NONE',  ( -9.493792484785206653, 21.87716241359039060, 12.00000000000000000 ) ) ;
#751 = ORIENTED_EDGE ( 'NONE', *, *, #1732, .T. ) ;
#752 = CARTESIAN_POINT ( 'NONE',  ( 35.55459399563605416, 96.80404722883905322, 12.00000000000000000 ) ) ;
#753 =( BOUNDED_CURVE ( )  B_SPLINE_CURVE ( 3, ( #3070, #2217, #1311, #455 ),
 .UNSPECIFIED., .F., .T. ) 
 B_SPLINE_CURVE_WITH_KNOTS ( ( 4, 4 ),
 ( 3.141592653589793116, 4.712388980384689674 ),
 .UNSPECIFIED. ) 
 CURVE ( )  GEOMETRIC_REPRESENTATION_ITEM ( )  RATIONAL_B_SPLINE_CURVE ( ( 1.000000000000000000, 0.8047378541243649375, 0.8047378541243649375, 1.000000000000000000 ) ) 
 REPRESENTATION_ITEM ( '' )  );
#754 = EDGE_CURVE ( 'NONE', #1831, #2447, #583, .T. ) ;
#755 = CARTESIAN_POINT ( 'NONE',  ( 104.2314294864003728, -0.8984156620037416774, 10.00000000000000000 ) ) ;
#756 = B_SPLINE_SURFACE_WITH_KNOTS ( 'NONE', 3, 1, ( 
 ( #817, #190 ),
 ( #2827, #172 ),
 ( #3746, #3441 ),
 ( #2861, #3707 ) ),
 .UNSPECIFIED., .F., .F., .F.,
 ( 4, 4 ),
 ( 2, 2 ),
 ( 0.3784326165982732082, 0.5143066715459631011 ),
 ( 0.000000000000000000, 1.000000000000000000 ),
 .UNSPECIFIED. ) ;
#757 = CARTESIAN_POINT ( 'NONE',  ( 65.30837925407898581, 79.90788900709814868, 10.00000000000000000 ) ) ;
#758 = CYLINDRICAL_SURFACE ( 'NONE', #1957, 11.50000000000000000 ) ;
#759 = CARTESIAN_POINT ( 'NONE',  ( 46.24195549096754831, 76.68968209453016982, 4.000000000000000000 ) ) ;
#760 = CARTESIAN_POINT ( 'NONE',  ( -14.42377164587935212, -2.127023687252404649, 12.00000000000000000 ) ) ;
#761 = CARTESIAN_POINT ( 'NONE',  ( 28.04659553532030003, -9.334253580416488560, 16.00000000000000000 ) ) ;
#762 = CARTESIAN_POINT ( 'NONE',  ( 91.32188393734173815, -9.438678552286734913, 16.00000000000000000 ) ) ;
#763 = CARTESIAN_POINT ( 'NONE',  ( -14.29935285123792532, 21.89312541265675449, 10.00000000000000000 ) ) ;
#764 = ORIENTED_EDGE ( 'NONE', *, *, #289, .F. ) ;
#765 = CARTESIAN_POINT ( 'NONE',  ( -22.54697192685821960, -8.311285597245346324, 16.00000000000000000 ) ) ;
#766 = CARTESIAN_POINT ( 'NONE',  ( 12.65491811937066835, 27.14315975095284017, 4.000000000000000000 ) ) ;
#767 = CARTESIAN_POINT ( 'NONE',  ( 12.10857102087429382, 26.42812441157807868, 12.00000000000000000 ) ) ;
#768 = ORIENTED_EDGE ( 'NONE', *, *, #1761, .T. ) ;
#769 = CARTESIAN_POINT ( 'NONE',  ( 34.18751149398478617, 97.54523304310770015, 12.00000000000000000 ) ) ;
#770 = AXIS2_PLACEMENT_3D ( 'NONE', #522, #3613, #986 ) ;
#771 = CARTESIAN_POINT ( 'NONE',  ( -22.54697192685821960, -8.311285597245346324, 4.000000000000000000 ) ) ;
#772 = CARTESIAN_POINT ( 'NONE',  ( -102.4458810731994163, -5.514077852239701372, 10.00000000000000000 ) ) ;
#773 = CARTESIAN_POINT ( 'NONE',  ( 15.63458344004602729, -3.385382909620526792, 12.00000000000000000 ) ) ;
#774 = FACE_BOUND ( 'NONE', #361, .T. ) ;
#775 = EDGE_CURVE ( 'NONE', #861, #288, #3474, .T. ) ;
#776 = CARTESIAN_POINT ( 'NONE',  ( 43.35663588922312073, 82.89263312496298397, 4.000000000000000000 ) ) ;
#777 = CARTESIAN_POINT ( 'NONE',  ( -44.02415406327858705, 79.26020423582379237, 16.00000000000000000 ) ) ;
#778 = CARTESIAN_POINT ( 'NONE',  ( 43.34286445842195690, 86.40621228920208807, 10.00000000000000533 ) ) ;
#779 = CARTESIAN_POINT ( 'NONE',  ( -12.85613651940623647, 10.60072605994906780, 4.000000000000000000 ) ) ;
#780 = ORIENTED_EDGE ( 'NONE', *, *, #3612, .F. ) ;
#781 = B_SPLINE_SURFACE_WITH_KNOTS ( 'NONE', 3, 1, ( 
 ( #189, #3076 ),
 ( #1080, #2515 ),
 ( #1007, #2751 ),
 ( #154, #2223 ),
 ( #2459, #2788 ),
 ( #3329, #3402 ),
 ( #170, #3367 ),
 ( #1335, #1043 ),
 ( #1938, #2204 ),
 ( #3107, #707 ) ),
 .UNSPECIFIED., .F., .F., .F.,
 ( 4, 1, 1, 1, 1, 1, 1, 4 ),
 ( 2, 2 ),
 ( 0.000000000000000000, 0.04935486653583651129, 0.09747967005435721755, 0.1455889594514178376, 0.2236071140838355731, 0.4378949316624155541, 0.4540957697174577423, 0.5179851620738900042 ),
 ( 0.000000000000000000, 1.000000000000000000 ),
 .UNSPECIFIED. ) ;
#782 = CARTESIAN_POINT ( 'NONE',  ( -14.11169872123017477, -0.7560170833218096131, 16.00000000000000000 ) ) ;
#783 = DIRECTION ( 'NONE',  ( -0.8660254037844384856, 0.5000000000000002220, 0.000000000000000000 ) ) ;
#784 = EDGE_CURVE ( 'NONE', #1208, #298, #1737, .T. ) ;
#785 = CARTESIAN_POINT ( 'NONE',  ( 103.0398048839039546, 5.476559870912546479, 10.00000000000000000 ) ) ;
#786 = ORIENTED_EDGE ( 'NONE', *, *, #2976, .T. ) ;
#787 = CARTESIAN_POINT ( 'NONE',  ( 34.65548007856868651, 97.05127322762321285, 16.00000000000000000 ) ) ;
#788 = CARTESIAN_POINT ( 'NONE',  ( 1.116067733176190346, 18.47538363182966492, 12.00000000000000000 ) ) ;
#789 = CARTESIAN_POINT ( 'NONE',  ( 0.000000000000000000, 0.000000000000000000, 0.000000000000000000 ) ) ;
#790 = EDGE_CURVE ( 'NONE', #672, #275, #2865, .T. ) ;
#791 = AXIS2_PLACEMENT_3D ( 'NONE', #3711, #3082, #1907 ) ;
#792 = CARTESIAN_POINT ( 'NONE',  ( 66.91363624440050728, 78.54781590270181368, 10.00000000000000000 ) ) ;
#793 = VECTOR ( 'NONE', #972, 1000.000000000000000 ) ;
#794 = CARTESIAN_POINT ( 'NONE',  ( 41.95765329725570325, 90.24986891931260402, 4.000000000000000000 ) ) ;
#795 = EDGE_LOOP ( 'NONE', ( #82, #1586, #727, #838, #1729, #1627, #2829 ) ) ;
#796 = CARTESIAN_POINT ( 'NONE',  ( 11.44165915220281704, 25.12747389820310673, 16.00000000000000000 ) ) ;
#797 = EDGE_CURVE ( 'NONE', #1812, #861, #2878, .T. ) ;
#798 = CARTESIAN_POINT ( 'NONE',  ( 94.60142919475674717, -8.634474376662318207, 16.00000000000000000 ) ) ;
#799 = CARTESIAN_POINT ( 'NONE',  ( -14.00133309853872987, 21.25068224866967626, 10.00000000000000000 ) ) ;
#800 = ORIENTED_EDGE ( 'NONE', *, *, #1294, .T. ) ;
#801 = CARTESIAN_POINT ( 'NONE',  ( -16.19181371413777271, -4.569913789786324010, 16.00000000000000000 ) ) ;
#802 = CARTESIAN_POINT ( 'NONE',  ( -66.44747720935821178, 79.22565238055980785, 10.00000000000000000 ) ) ;
#803 = VECTOR ( 'NONE', #3602, 1000.000000000000000 ) ;
#804 = CARTESIAN_POINT ( 'NONE',  ( -2.638420844178507529, 18.53901432367394975, 12.00000000000000000 ) ) ;
#805 = ORIENTED_EDGE ( 'NONE', *, *, #581, .T. ) ;
#806 = CARTESIAN_POINT ( 'NONE',  ( 104.2314294864003728, -0.8984156620037416774, 10.00000000000000000 ) ) ;
#807 = FACE_OUTER_BOUND ( 'NONE', #1534, .T. ) ;
#808 = CARTESIAN_POINT ( 'NONE',  ( 52.36457512509295498, 81.61970303100666513, 10.00000000000000000 ) ) ;
#809 = CARTESIAN_POINT ( 'NONE',  ( -44.68019288019633706, 86.63453829268611628, 12.00000000000000000 ) ) ;
#810 = ORIENTED_EDGE ( 'NONE', *, *, #1732, .F. ) ;
#811 = EDGE_CURVE ( 'NONE', #1553, #1222, #3164, .T. ) ;
#812 = FACE_BOUND ( 'NONE', #3633, .T. ) ;
#813 = LINE ( 'NONE', #3704, #3052 ) ;
#814 = B_SPLINE_SURFACE_WITH_KNOTS ( 'NONE', 3, 1, ( 
 ( #3412, #3718 ),
 ( #1631, #3395 ),
 ( #1056, #183 ),
 ( #737, #1386 ),
 ( #808, #2179 ),
 ( #474, #1349 ),
 ( #2800, #1646 ),
 ( #3121, #3378 ),
 ( #2253, #1895 ),
 ( #457, #1914 ),
 ( #757, #1611 ),
 ( #508, #3071 ),
 ( #1933, #3667 ),
 ( #2199, #3086 ) ),
 .UNSPECIFIED., .F., .F., .F.,
 ( 4, 1, 1, 1, 1, 1, 1, 1, 1, 1, 1, 4 ),
 ( 2, 2 ),
 ( 0.000000000000000000, 0.1350157672856901747, 0.2179046148332286215, 0.3067643743810078427, 0.4223730587531137060, 0.5057640773318350380, 0.6126836707157689021, 0.7071238278624992768, 0.7844254153922860517, 0.8646262954099761533, 0.9153497856511333408, 0.9385356789504563091 ),
 ( 0.000000000000000000, 1.000000000000000000 ),
 .UNSPECIFIED. ) ;
#815 = CARTESIAN_POINT ( 'NONE',  ( -40.59479093392905469, 94.11982914663285271, 10.00000000000000000 ) ) ;
#816 = B_SPLINE_CURVE_WITH_KNOTS ( 'NONE', 3,
 ( #2758, #2672, #50, #1214, #2377, #3552, #929, #139, #1306, #1323 ),
 .UNSPECIFIED., .F., .F.,
 ( 4, 1, 1, 1, 1, 1, 1, 4 ),
 ( 0.000000000000000000, 0.04935486653583651129, 0.09747967005435721755, 0.1455889594514178376, 0.2236071140838355731, 0.4378949316624155541, 0.4540957697174577423, 0.5179851620738900042 ),
 .UNSPECIFIED. ) ;
#817 = CARTESIAN_POINT ( 'NONE',  ( 102.0054555760925012, -5.546772929647956651, 12.00000000000000178 ) ) ;
#818 = DESIGN_CONTEXT ( 'detailed design', #2838, 'design' ) ;
#819 = EDGE_CURVE ( 'NONE', #3584, #2558, #3460, .T. ) ;
#820 = DIRECTION ( 'NONE',  ( -0.000000000000000000, 0.000000000000000000, 1.000000000000000000 ) ) ;
#821 = ORIENTED_EDGE ( 'NONE', *, *, #519, .T. ) ;
#822 = CARTESIAN_POINT ( 'NONE',  ( 28.04659553532030003, -9.334253580416488560, 10.00000000000000000 ) ) ;
#823 = ADVANCED_FACE ( 'NONE', ( #908 ), #2067, .T. ) ;
#824 = CARTESIAN_POINT ( 'NONE',  ( 65.30837925407898581, 79.90788900709814868, 12.00000000000000000 ) ) ;
#825 = ORIENTED_EDGE ( 'NONE', *, *, #364, .T. ) ;
#826 = CARTESIAN_POINT ( 'NONE',  ( 2.706348326447599373, 19.07012903421702887, 10.00000000000000000 ) ) ;
#827 = DIRECTION ( 'NONE',  ( 0.000000000000000000, 0.000000000000000000, -1.000000000000000000 ) ) ;
#828 = CARTESIAN_POINT ( 'NONE',  ( -8.500000000000000000, -4.907477288111821601, 29.57157287525380340 ) ) ;
#829 = CARTESIAN_POINT ( 'NONE',  ( -45.34545802003545134, 83.60963418298197780, 12.00000000000000000 ) ) ;
#830 = DIRECTION ( 'NONE',  ( 0.5036115573820343361, 0.8639302050925422582, 0.000000000000000000 ) ) ;
#831 = CARTESIAN_POINT ( 'NONE',  ( 0.000000000000000000, 0.000000000000000000, 20.00000000000000000 ) ) ;
#832 = VECTOR ( 'NONE', #1117, 1000.000000000000000 ) ;
#833 = CARTESIAN_POINT ( 'NONE',  ( -24.16211051039899260, -8.887915735620087077, 12.00000000000000000 ) ) ;
#834 = CARTESIAN_POINT ( 'NONE',  ( -11.67946877867742828, 24.00821486140138106, 16.00000000000000000 ) ) ;
#835 = CARTESIAN_POINT ( 'NONE',  ( 43.35663588922312073, 82.89263312496298397, 4.000000000000000000 ) ) ;
#836 = CIRCLE ( 'NONE', #1989, 11.50000000000000000 ) ;
#837 = CARTESIAN_POINT ( 'NONE',  ( 34.65548007856868651, 97.05127322762321285, 12.00000000000000000 ) ) ;
#838 = ORIENTED_EDGE ( 'NONE', *, *, #304, .F. ) ;
#839 = ORIENTED_EDGE ( 'NONE', *, *, #1819, .T. ) ;
#840 = CARTESIAN_POINT ( 'NONE',  ( -28.04659553532030003, -9.334253580416488560, 16.00000000000000000 ) ) ;
#841 = CARTESIAN_POINT ( 'NONE',  ( -12.45341646805670877, 6.164201771396467855, 4.000000000000000000 ) ) ;
#842 = ORIENTED_EDGE ( 'NONE', *, *, #754, .F. ) ;
#843 = CARTESIAN_POINT ( 'NONE',  ( 8.500000000000005329, 4.907477288111821601, 28.40000000000000213 ) ) ;
#844 = EDGE_CURVE ( 'NONE', #2151, #3540, #3453, .T. ) ;
#845 = CARTESIAN_POINT ( 'NONE',  ( -2.252061831604196485, 1.298994991094602591, 16.00000000000000000 ) ) ;
#846 = DIRECTION ( 'NONE',  ( 1.000000000000000000, 0.000000000000000000, 0.000000000000000000 ) ) ;
#847 = CARTESIAN_POINT ( 'NONE',  ( 94.60142919475674717, -8.634474376662318207, 12.00000000000000000 ) ) ;
#848 = EDGE_LOOP ( 'NONE', ( #3296, #3733, #2265, #582 ) ) ;
#849 = CARTESIAN_POINT ( 'NONE',  ( 39.94084417660519648, 93.45736105760562396, 16.00000000000000000 ) ) ;
#850 = CARTESIAN_POINT ( 'NONE',  ( -95.99591192365130610, -10.48221784847862992, 12.00000000000000000 ) ) ;
#851 = PLANE ( 'NONE',  #2512 ) ;
#852 = AXIS2_PLACEMENT_3D ( 'NONE', #2768, #111, #1297 ) ;
#853 = FACE_OUTER_BOUND ( 'NONE', #2926, .T. ) ;
#854 = CARTESIAN_POINT ( 'NONE',  ( 66.44747720935816915, 79.22565238055983627, 16.00000000000000000 ) ) ;
#855 = CARTESIAN_POINT ( 'NONE',  ( 40.55652416215527722, 92.77312483053795233, 12.00000000000000000 ) ) ;
#856 = ORIENTED_EDGE ( 'NONE', *, *, #3020, .T. ) ;
#857 = ORIENTED_EDGE ( 'NONE', *, *, #3222, .F. ) ;
#858 = EDGE_CURVE ( 'NONE', #3642, #1170, #239, .T. ) ;
#859 = CARTESIAN_POINT ( 'NONE',  ( 0.000000000000000000, 0.000000000000000000, 12.00000000000000000 ) ) ;
#860 = CARTESIAN_POINT ( 'NONE',  ( 66.91363624440050728, 78.54781590270181368, 10.00000000000000000 ) ) ;
#861 = VERTEX_POINT ( 'NONE', #868 ) ;
#862 = CARTESIAN_POINT ( 'NONE',  ( 0.000000000000000000, 0.000000000000000000, 10.00000000000000000 ) ) ;
#863 = CARTESIAN_POINT ( 'NONE',  ( 104.2101154566506409, -0.7260616329997064966, 16.00000000000000000 ) ) ;
#864 = DIRECTION ( 'NONE',  ( 0.000000000000000000, 0.000000000000000000, 1.000000000000000000 ) ) ;
#865 = CARTESIAN_POINT ( 'NONE',  ( -5.000000000000000000, 0.000000000000000000, 20.00000000000000000 ) ) ;
#866 = EDGE_CURVE ( 'NONE', #623, #407, #2786, .T. ) ;
#867 = ORIENTED_EDGE ( 'NONE', *, *, #3500, .F. ) ;
#868 = CARTESIAN_POINT ( 'NONE',  ( 46.24195549096756253, 76.68968209453018403, 10.00000000000000000 ) ) ;
#869 = CARTESIAN_POINT ( 'NONE',  ( -65.30837925407895739, 79.90788900709814868, 12.00000000000000000 ) ) ;
#870 = CARTESIAN_POINT ( 'NONE',  ( 43.42637297858192369, 85.21948945588665936, 10.00000000000000000 ) ) ;
#871 = B_SPLINE_CURVE_WITH_KNOTS ( 'NONE', 3,
 ( #56, #2363, #2980, #1199, #3536, #915, #3558, #630, #2556 ),
 .UNSPECIFIED., .F., .F.,
 ( 4, 1, 1, 1, 1, 1, 4 ),
 ( 0.000000000000000000, 0.3466577217541806921, 0.4856485324772289447, 0.6188506265022477582, 0.7296581976956886262, 0.8486710806393250595, 0.9897191944839770494 ),
 .UNSPECIFIED. ) ;
#872 = ORIENTED_EDGE ( 'NONE', *, *, #3534, .T. ) ;
#873 = CARTESIAN_POINT ( 'NONE',  ( 2.706348326447599373, 19.07012903421702887, 16.00000000000000000 ) ) ;
#874 = FACE_OUTER_BOUND ( 'NONE', #1725, .T. ) ;
#875 = CARTESIAN_POINT ( 'NONE',  ( 15.63458344004602729, -3.385382909620526792, 16.00000000000000000 ) ) ;
#876 = DIRECTION ( 'NONE',  ( -0.000000000000000000, -0.000000000000000000, -1.000000000000000000 ) ) ;
#877 = VERTEX_POINT ( 'NONE', #1622 ) ;
#878 = VERTEX_POINT ( 'NONE', #1234 ) ;
#879 = CARTESIAN_POINT ( 'NONE',  ( -14.29935285123792355, 21.89312541265675449, 12.00000000000000000 ) ) ;
#880 = ORIENTED_EDGE ( 'NONE', *, *, #2597, .T. ) ;
#881 = FACE_OUTER_BOUND ( 'NONE', #3138, .T. ) ;
#882 = ORIENTED_EDGE ( 'NONE', *, *, #1166, .F. ) ;
#883 = ADVANCED_FACE ( 'NONE', ( #748 ), #466, .F. ) ;
#884 = DIRECTION ( 'NONE',  ( 0.000000000000000000, 0.000000000000000000, 1.000000000000000000 ) ) ;
#885 = LINE ( 'NONE', #26, #2877 ) ;
#886 = PLANE ( 'NONE',  #1296 ) ;
#887 = ORIENTED_EDGE ( 'NONE', *, *, #1893, .T. ) ;
#888 = CARTESIAN_POINT ( 'NONE',  ( 104.2314294937194461, -0.8984156310739133122, 12.00000000000000000 ) ) ;
#889 = CARTESIAN_POINT ( 'NONE',  ( 12.85613651940623825, 10.60072605994906780, 4.000000000000000000 ) ) ;
#890 = CARTESIAN_POINT ( 'NONE',  ( 34.18751149398478617, 97.54523304310770015, 10.00000000000000000 ) ) ;
#891 = CARTESIAN_POINT ( 'NONE',  ( 42.29253798694047362, 78.52576933831133488, 16.00000000000000000 ) ) ;
#892 = CIRCLE ( 'NONE', #3522, 103.1852416701762820 ) ;
#893 = ADVANCED_FACE ( 'NONE', ( #646, #431 ), #1014, .T. ) ;
#894 = CARTESIAN_POINT ( 'NONE',  ( 63.92836056386667565, 80.96992915787180323, 16.00000000000000000 ) ) ;
#895 = CYLINDRICAL_SURFACE ( 'NONE', #3305, 2.000000000000001776 ) ;
#896 = CARTESIAN_POINT ( 'NONE',  ( -36.05107508881541634, 96.85275697340217960, 10.00000000000000000 ) ) ;
#897 = ORIENTED_EDGE ( 'NONE', *, *, #1855, .F. ) ;
#898 = CARTESIAN_POINT ( 'NONE',  ( -3.250000000000001776, 5.629165124598857872, 28.40000000000000213 ) ) ;
#899 = CARTESIAN_POINT ( 'NONE',  ( 50.23241145150168308, 80.44161158385092847, 12.00000000000000000 ) ) ;
#900 = ORIENTED_EDGE ( 'NONE', *, *, #3331, .F. ) ;
#901 = DIRECTION ( 'NONE',  ( -0.000000000000000000, -0.000000000000000000, -1.000000000000000000 ) ) ;
#902 = PERSON_AND_ORGANIZATION ( #3439, #1664 ) ;
#903 = ADVANCED_FACE ( 'NONE', ( #2398 ), #205, .T. ) ;
#904 = DIRECTION ( 'NONE',  ( 0.8660254037844387076, 0.4999999999999998890, 0.000000000000000000 ) ) ;
#905 = FACE_BOUND ( 'NONE', #1868, .T. ) ;
#906 = B_SPLINE_CURVE_WITH_KNOTS ( 'NONE', 3,
 ( #2770, #2481, #1300, #2168, #2753, #3368, #2443, #409, #1280, #155, #2148 ),
 .UNSPECIFIED., .F., .F.,
 ( 4, 1, 1, 1, 1, 1, 1, 1, 4 ),
 ( 0.000000000000000000, 0.1949571952945148567, 0.2904616644566326289, 0.3738167854987162197, 0.4830204466706601862, 0.5763719702222344088, 0.7141170624379623577, 0.8073561366014027074, 1.000000000000000000 ),
 .UNSPECIFIED. ) ;
#907 = ORIENTED_EDGE ( 'NONE', *, *, #3698, .F. ) ;
#908 = FACE_OUTER_BOUND ( 'NONE', #3360, .T. ) ;
#909 = EDGE_CURVE ( 'NONE', #1047, #2639, #3644, .T. ) ;
#910 = CARTESIAN_POINT ( 'NONE',  ( -103.0398048839039689, 5.476559870912545591, 12.00000000000000000 ) ) ;
#911 = DIRECTION ( 'NONE',  ( -0.000000000000000000, -0.000000000000000000, -1.000000000000000000 ) ) ;
#912 = DIRECTION ( 'NONE',  ( -0.000000000000000000, -0.000000000000000000, -1.000000000000000000 ) ) ;
#913 = CARTESIAN_POINT ( 'NONE',  ( -98.45780254357383399, -6.139432607529490049, 10.00000000000000000 ) ) ;
#914 = VECTOR ( 'NONE', #2495, 1000.000000000000000 ) ;
#915 = CARTESIAN_POINT ( 'NONE',  ( 103.5658675834909275, -3.465399017147191785, 16.00000000000000000 ) ) ;
#916 = DIRECTION ( 'NONE',  ( 0.000000000000000000, 0.000000000000000000, 1.000000000000000000 ) ) ;
#917 = DIRECTION ( 'NONE',  ( -0.000000000000000000, 0.000000000000000000, 1.000000000000000000 ) ) ;
#918 = EDGE_CURVE ( 'NONE', #2346, #435, #1015, .T. ) ;
#919 = CIRCLE ( 'NONE', #245, 11.50000000000000000 ) ;
#920 = LINE ( 'NONE', #2680, #3113 ) ;
#921 = CARTESIAN_POINT ( 'NONE',  ( 27.35495800672315880, -9.230192200835292127, 4.000000000000000000 ) ) ;
#922 = ORIENTED_EDGE ( 'NONE', *, *, #1975, .F. ) ;
#923 = CARTESIAN_POINT ( 'NONE',  ( -91.32188393734173815, -9.438678552286734913, 16.00000000000000000 ) ) ;
#924 = VECTOR ( 'NONE', #2623, 1000.000000000000000 ) ;
#925 = DATE_TIME_ROLE ( 'creation_date' ) ;
#926 = CARTESIAN_POINT ( 'NONE',  ( -44.02415406327857994, 79.26020423582379237, 16.00000000000000000 ) ) ;
#927 = CARTESIAN_POINT ( 'NONE',  ( 16.19181371413777626, -4.569913789786324010, 10.00000000000000000 ) ) ;
#928 = ORIENTED_EDGE ( 'NONE', *, *, #537, .T. ) ;
#929 = CARTESIAN_POINT ( 'NONE',  ( 12.45341646805670344, 6.164201771396467855, 4.000000000000000000 ) ) ;
#930 = CARTESIAN_POINT ( 'NONE',  ( -101.3134947225302938, -2.836936634874510865, 10.00000000000000178 ) ) ;
#931 = DIRECTION ( 'NONE',  ( 0.000000000000000000, -0.000000000000000000, 1.000000000000000000 ) ) ;
#932 = CARTESIAN_POINT ( 'NONE',  ( 43.41941829552141741, 83.99565647030571824, 16.00000000000000000 ) ) ;
#933 = B_SPLINE_CURVE_WITH_KNOTS ( 'NONE', 3,
 ( #1686, #3132, #2844, #3152, #531, #15, #1160, #2633, #2862, #3765, #227, #1392, #2552, #2281, #855, #247, #3727, #1102, #3442, #3480, #571, #1413, #837, #2577 ),
 .UNSPECIFIED., .F., .F.,
 ( 4, 1, 1, 1, 1, 1, 1, 1, 1, 1, 1, 1, 1, 1, 1, 1, 1, 1, 1, 1, 1, 4 ),
 ( 0.000000000000000000, 0.08656765682406110385, 0.1479039510435258276, 0.1922751962830901440, 0.2489070958634956587, 0.2914066986512173774, 0.3518358770510202627, 0.4034809531883021827, 0.4420349376179233403, 0.4800239516846724896, 0.5308487561187591464, 0.5691669341502195723, 0.6061368118922073611, 0.6547925348442905635, 0.6953229118272797882, 0.7249328358589900434, 0.7596260772862258870, 0.7938533265150851115, 0.8346016812522725203, 0.8816281379054209388, 0.9149353323568446550, 1.000000000000000000 ),
 .UNSPECIFIED. ) ;
#934 = DIRECTION ( 'NONE',  ( 0.5000000000000003331, 0.8660254037844385966, 0.000000000000000000 ) ) ;
#935 = CARTESIAN_POINT ( 'NONE',  ( -66.91363624440054991, 78.54781590270177105, 10.00000000000000000 ) ) ;
#936 = DIRECTION ( 'NONE',  ( -0.000000000000000000, -0.000000000000000000, -1.000000000000000000 ) ) ;
#937 = CARTESIAN_POINT ( 'NONE',  ( 0.000000000000000000, 0.000000000000000000, 16.00000000000000000 ) ) ;
#938 = CARTESIAN_POINT ( 'NONE',  ( -103.3803219972051437, -3.451738261664324181, 12.00000000000000000 ) ) ;
#939 = ORIENTED_EDGE ( 'NONE', *, *, #3330, .F. ) ;
#940 = CARTESIAN_POINT ( 'NONE',  ( -26.08876656290921758, -9.371797397112899830, 4.000000000000000000 ) ) ;
#941 = ORIENTED_EDGE ( 'NONE', *, *, #1310, .F. ) ;
#942 = DIRECTION ( 'NONE',  ( -0.000000000000000000, -0.000000000000000000, -1.000000000000000000 ) ) ;
#943 = EDGE_CURVE ( 'NONE', #1036, #3355, #816, .T. ) ;
#944 = CARTESIAN_POINT ( 'NONE',  ( -40.59479093392905469, 94.11982914663285271, 16.00000000000000000 ) ) ;
#945 = CARTESIAN_POINT ( 'NONE',  ( 99.54940066188207481, -4.472610537853936030, 10.00000000000000000 ) ) ;
#946 = ORIENTED_EDGE ( 'NONE', *, *, #2976, .F. ) ;
#947 = CARTESIAN_POINT ( 'NONE',  ( -101.8277817151371352, -0.5672003041223961928, 10.00000000000000178 ) ) ;
#948 = DIRECTION ( 'NONE',  ( 0.000000000000000000, 0.000000000000000000, 1.000000000000000000 ) ) ;
#949 = CARTESIAN_POINT ( 'NONE',  ( 43.34286445842195690, 86.40621228920208807, 12.00000000000000000 ) ) ;
#950 = PLANE ( 'NONE',  #1347 ) ;
#951 = ADVANCED_FACE ( 'NONE', ( #2465 ), #2174, .F. ) ;
#952 = LINE ( 'NONE', #94, #3545 ) ;
#953 = CARTESIAN_POINT ( 'NONE',  ( -15.63458344004603084, -3.385382909620526792, 4.000000000000000000 ) ) ;
#954 = CARTESIAN_POINT ( 'NONE',  ( -12.85613651940623647, 10.60072605994906780, 10.00000000000000000 ) ) ;
#955 = AXIS2_PLACEMENT_3D ( 'NONE', #1556, #2448, #1813 ) ;
#956 = DIRECTION ( 'NONE',  ( 1.000000000000000000, 0.000000000000000000, 0.000000000000000000 ) ) ;
#957 = ORIENTED_EDGE ( 'NONE', *, *, #2665, .F. ) ;
#958 = CARTESIAN_POINT ( 'NONE',  ( 0.000000000000000000, 0.000000000000000000, 22.00000000000000000 ) ) ;
#959 = VERTEX_POINT ( 'NONE', #1415 ) ;
#960 = LINE ( 'NONE', #85, #3703 ) ;
#961 = PERSON_AND_ORGANIZATION_ROLE ( 'design_owner' ) ;
#962 = CARTESIAN_POINT ( 'NONE',  ( -44.68019288019633706, 86.63453829268611628, 16.00000000000000000 ) ) ;
#963 = CARTESIAN_POINT ( 'NONE',  ( 94.60142919475674717, -8.634474376662318207, 10.00000000000000000 ) ) ;
#964 = ORIENTED_EDGE ( 'NONE', *, *, #2538, .T. ) ;
#965 = EDGE_CURVE ( 'NONE', #2558, #3584, #2775, .T. ) ;
#966 = LINE ( 'NONE', #3553, #3115 ) ;
#967 = CARTESIAN_POINT ( 'NONE',  ( 11.44165915220281704, 25.12747389820310673, 10.00000000000000000 ) ) ;
#968 = FACE_OUTER_BOUND ( 'NONE', #1301, .T. ) ;
#969 = CARTESIAN_POINT ( 'NONE',  ( -52.36457512509296919, 81.61970303100665092, 16.00000000000000000 ) ) ;
#970 = CARTESIAN_POINT ( 'NONE',  ( 104.9769395856255301, 2.206356871753986315, 16.00000000000000000 ) ) ;
#971 = CARTESIAN_POINT ( 'NONE',  ( -12.86725591994920137, 1.945464068658449008, 10.00000000000000000 ) ) ;
#972 = DIRECTION ( 'NONE',  ( -0.000000000000000000, -0.000000000000000000, -1.000000000000000000 ) ) ;
#973 = VERTEX_POINT ( 'NONE', #251 ) ;
#974 = CARTESIAN_POINT ( 'NONE',  ( 28.04659553532030003, -9.334253580416488560, 10.00000000000000533 ) ) ;
#975 = EDGE_LOOP ( 'NONE', ( #1309, #2012, #1571, #1472 ) ) ;
#976 = B_SPLINE_CURVE_WITH_KNOTS ( 'NONE', 3,
 ( #2855, #3719, #1040, #1647, #2839, #237, #1663, #1934, #809, #829, #2273, #1113 ),
 .UNSPECIFIED., .F., .F.,
 ( 4, 1, 1, 1, 1, 1, 1, 1, 1, 4 ),
 ( 0.000000000000000000, 0.07984134518936002178, 0.1529309427693458789, 0.2761214748056889379, 0.3757152083410297827, 0.4330997905698241723, 0.5790779275548477711, 0.6766347224225566226, 0.7207672962006216322, 1.000000000000000000 ),
 .UNSPECIFIED. ) ;
#977 = CARTESIAN_POINT ( 'NONE',  ( -43.21970682755805626, 90.72575300733905124, 4.000000000000000000 ) ) ;
#978 = EDGE_CURVE ( 'NONE', #3239, #1279, #1979, .T. ) ;
#979 = CC_DESIGN_DATE_AND_TIME_ASSIGNMENT ( #1795, #357, ( #2469 ) ) ;
#980 = CARTESIAN_POINT ( 'NONE',  ( 28.04659553532030003, -9.334253580416488560, 16.00000000000000000 ) ) ;
#981 = CARTESIAN_POINT ( 'NONE',  ( 103.0518618345317350, 2.100478337209353619, 10.00000000000000000 ) ) ;
#982 = EDGE_LOOP ( 'NONE', ( #1457, #1435, #1966, #3123 ) ) ;
#983 = CARTESIAN_POINT ( 'NONE',  ( -99.54940066188206060, -4.472610537853937807, 10.00000000000000178 ) ) ;
#984 = ADVANCED_FACE ( 'NONE', ( #3445 ), #512, .F. ) ;
#985 = PLANE ( 'NONE',  #3739 ) ;
#986 = DIRECTION ( 'NONE',  ( 1.000000000000000000, 0.000000000000000000, 0.000000000000000000 ) ) ;
#987 = CARTESIAN_POINT ( 'NONE',  ( -54.74598794976407135, 82.14886767526019185, 12.00000000000000000 ) ) ;
#988 = AXIS2_PLACEMENT_3D ( 'NONE', #1878, #1839, #2127 ) ;
#989 = PLANE ( 'NONE',  #852 ) ;
#990 = CARTESIAN_POINT ( 'NONE',  ( -14.00133309853872987, 21.25068224866967626, 16.00000000000000000 ) ) ;
#991 = DIRECTION ( 'NONE',  ( 0.000000000000000000, 0.000000000000000000, 1.000000000000000000 ) ) ;
#992 = ORIENTED_EDGE ( 'NONE', *, *, #2925, .T. ) ;
#993 = DIRECTION ( 'NONE',  ( 0.000000000000000000, 0.000000000000000000, 1.000000000000000000 ) ) ;
#994 = ORIENTED_EDGE ( 'NONE', *, *, #641, .F. ) ;
#995 = CARTESIAN_POINT ( 'NONE',  ( -13.61486804501912928, 0.000000000000000000, 16.00000000000000000 ) ) ;
#996 = CARTESIAN_POINT ( 'NONE',  ( -66.80333017543829044, 78.71087431966306269, 4.000000000000000000 ) ) ;
#997 = CARTESIAN_POINT ( 'NONE',  ( 12.86725591994920492, 1.945464068658449452, 16.00000000000000000 ) ) ;
#998 = AXIS2_PLACEMENT_3D ( 'NONE', #3461, #820, #1143 ) ;
#999 = CARTESIAN_POINT ( 'NONE',  ( 42.29253798694047362, 78.52576933831133488, 16.00000000000000000 ) ) ;
#1000 = EDGE_LOOP ( 'NONE', ( #1536, #3263, #2303, #335 ) ) ;
#1001 = CARTESIAN_POINT ( 'NONE',  ( -96.83532422476575618, -7.335353874765146109, 16.00000000000000000 ) ) ;
#1002 = LOCAL_TIME ( 17, 39, 1.000000000000000000, #2104 ) ;
#1003 = CARTESIAN_POINT ( 'NONE',  ( -103.0518618345317350, 2.100478337209354063, 10.00000000000000178 ) ) ;
#1004 = CARTESIAN_POINT ( 'NONE',  ( -10.80480706952578629, 23.01520563626386107, 4.000000000000000000 ) ) ;
#1005 = CARTESIAN_POINT ( 'NONE',  ( -62.00719827582999955, 81.93640675327760903, 16.00000000000000000 ) ) ;
#1006 = CARTESIAN_POINT ( 'NONE',  ( 0.000000000000000000, 0.000000000000000000, 12.00000000000000000 ) ) ;
#1007 = CARTESIAN_POINT ( 'NONE',  ( -13.34052234755442612, 20.01411531491224949, 16.00000000000000000 ) ) ;
#1008 = ADVANCED_FACE ( 'NONE', ( #533 ), #1671, .F. ) ;
#1009 = CARTESIAN_POINT ( 'NONE',  ( 99.97589112178953030, -7.772746847271307935, 12.00000000000000000 ) ) ;
#1010 = ORIENTED_EDGE ( 'NONE', *, *, #790, .F. ) ;
#1011 = CARTESIAN_POINT ( 'NONE',  ( 13.61486804501912928, 2.050608912650808861E-16, 4.000000000000000000 ) ) ;
#1012 = EDGE_LOOP ( 'NONE', ( #426, #1609, #3141, #3195, #800 ) ) ;
#1013 = CARTESIAN_POINT ( 'NONE',  ( 13.61486804501912928, 2.050608912650808861E-16, 12.00000000000000000 ) ) ;
#1014 = PLANE ( 'NONE',  #1567 ) ;
#1015 = CIRCLE ( 'NONE', #3588, 103.3627516641538193 ) ;
#1016 = CARTESIAN_POINT ( 'NONE',  ( -9.493792484785206653, 21.87716241359039060, 4.000000000000000000 ) ) ;
#1017 = SHELL_BASED_SURFACE_MODEL ( 'NONE', ( #650, #1204, #3282 ) );
#1018 = CARTESIAN_POINT ( 'NONE',  ( -7.170913673061643401, 20.52120068081685034, 16.00000000000000000 ) ) ;
#1019 = ORIENTED_EDGE ( 'NONE', *, *, #1289, .T. ) ;
#1020 = CARTESIAN_POINT ( 'NONE',  ( -28.04659553532030003, -9.334253580416488560, 4.000000000000000000 ) ) ;
#1021 = CARTESIAN_POINT ( 'NONE',  ( -11.67946877867742828, 24.00821486140138106, 12.00000000000000000 ) ) ;
#1022 = CARTESIAN_POINT ( 'NONE',  ( -11.67946877867742828, 24.00821486140138106, 4.000000000000000000 ) ) ;
#1023 = B_SPLINE_CURVE_WITH_KNOTS ( 'NONE', 3,
 ( #3627, #1251, #87, #399, #927, #1521, #2688, #434, #2396, #3339, #1558, #2760, #2727, #141 ),
 .UNSPECIFIED., .F., .F.,
 ( 4, 1, 1, 1, 1, 1, 1, 1, 1, 1, 1, 4 ),
 ( 0.000000000000000000, 0.1489369628854519123, 0.2187406032244147980, 0.2837510101583713418, 0.3573881234826286613, 0.4340133846367745241, 0.5232015280749875430, 0.6022686970478416946, 0.6773789796004616726, 0.7942826686123175550, 0.8855241963004978345, 1.000000000000000000 ),
 .UNSPECIFIED. ) ;
#1024 = EDGE_CURVE ( 'NONE', #3626, #3749, #892, .T. ) ;
#1025 = CARTESIAN_POINT ( 'NONE',  ( -46.73335961545028283, 77.72947279566328405, 12.00000000000000000 ) ) ;
#1026 = CARTESIAN_POINT ( 'NONE',  ( -101.8277817151371352, -0.5672003041223961928, 12.00000000000000000 ) ) ;
#1027 = CARTESIAN_POINT ( 'NONE',  ( -103.5658675834909133, -3.465399017147192229, 16.00000000000000000 ) ) ;
#1028 = CARTESIAN_POINT ( 'NONE',  ( 11.50000000000000000, 0.000000000000000000, 16.00000000000000000 ) ) ;
#1029 = EDGE_CURVE ( 'NONE', #1303, #400, #1656, .T. ) ;
#1030 = FACE_OUTER_BOUND ( 'NONE', #254, .T. ) ;
#1031 = ORIENTED_EDGE ( 'NONE', *, *, #3276, .F. ) ;
#1032 = CARTESIAN_POINT ( 'NONE',  ( 43.41941829552141741, 83.99565647030571824, 16.00000000000000000 ) ) ;
#1033 = DIRECTION ( 'NONE',  ( -1.000000000000000000, 0.000000000000000000, 0.000000000000000000 ) ) ;
#1034 = CARTESIAN_POINT ( 'NONE',  ( 99.97589112178953030, -7.772746847271307935, 12.00000000000000000 ) ) ;
#1035 = CARTESIAN_POINT ( 'NONE',  ( -10.98539073289564350, -0.5667366633724307823, 22.00000000000000000 ) ) ;
#1036 = VERTEX_POINT ( 'NONE', #2847 ) ;
#1037 = AXIS2_PLACEMENT_3D ( 'NONE', #569, #286, #269 ) ;
#1038 = CARTESIAN_POINT ( 'NONE',  ( -103.0398048839039689, 5.476559870912545591, 4.000000000000000000 ) ) ;
#1039 = CARTESIAN_POINT ( 'NONE',  ( 2.706348326447599373, 19.07012903421702887, 12.00000000000000000 ) ) ;
#1040 = CARTESIAN_POINT ( 'NONE',  ( -37.13113155750699690, 96.52015040603306772, 12.00000000000000000 ) ) ;
#1041 = LINE ( 'NONE', #240, #1766 ) ;
#1042 = CARTESIAN_POINT ( 'NONE',  ( 0.000000000000000000, 0.000000000000000000, 0.000000000000000000 ) ) ;
#1043 = CARTESIAN_POINT ( 'NONE',  ( -12.86725591994920137, 1.945464068658449008, 12.00000000000000000 ) ) ;
#1044 = B_SPLINE_CURVE_WITH_KNOTS ( 'NONE', 3,
 ( #462, #3672, #2532, #1635 ),
 .UNSPECIFIED., .F., .F.,
 ( 4, 4 ),
 ( 0.7296581951796654586, 0.8486710792556475536 ),
 .UNSPECIFIED. ) ;
#1045 = CARTESIAN_POINT ( 'NONE',  ( 43.41941829552141741, 83.99565647030571824, 10.00000000000000533 ) ) ;
#1046 = CARTESIAN_POINT ( 'NONE',  ( -44.02415406327858705, 79.26020423582379237, 16.00000000000000000 ) ) ;
#1047 = VERTEX_POINT ( 'NONE', #822 ) ;
#1048 = CARTESIAN_POINT ( 'NONE',  ( -57.28524719688056877, 82.66500473020414574, 10.00000000000000178 ) ) ;
#1049 = CARTESIAN_POINT ( 'NONE',  ( 13.61486804501912928, 2.050608912650808861E-16, 4.000000000000000000 ) ) ;
#1050 = CARTESIAN_POINT ( 'NONE',  ( 9.264247147714717912, 22.68462024131437360, 12.00000000000000000 ) ) ;
#1051 = ORIENTED_EDGE ( 'NONE', *, *, #2237, .T. ) ;
#1052 = CARTESIAN_POINT ( 'NONE',  ( 36.61771657896527898, 96.10687651928014930, 12.00000000000000000 ) ) ;
#1053 = ADVANCED_FACE ( 'NONE', ( #2866 ), #2830, .T. ) ;
#1054 = LINE ( 'NONE', #2454, #2715 ) ;
#1055 = AXIS2_PLACEMENT_3D ( 'NONE', #845, #1440, #2289 ) ;
#1056 = CARTESIAN_POINT ( 'NONE',  ( 48.03388812670044672, 79.08737944992141422, 10.00000000000000000 ) ) ;
#1057 = CARTESIAN_POINT ( 'NONE',  ( 27.35495800672315880, -9.230192200835292127, 12.00000000000000000 ) ) ;
#1058 = AXIS2_PLACEMENT_3D ( 'NONE', #2121, #2062, #620 ) ;
#1059 = LINE ( 'NONE', #526, #2317 ) ;
#1060 = DIRECTION ( 'NONE',  ( -0.000000000000000000, 0.000000000000000000, 1.000000000000000000 ) ) ;
#1061 = CARTESIAN_POINT ( 'NONE',  ( 91.32188393734173815, -9.438678552286734913, 16.00000000000000000 ) ) ;
#1062 = ADVANCED_FACE ( 'NONE', ( #555 ), #1640, .T. ) ;
#1063 = CARTESIAN_POINT ( 'NONE',  ( 99.54940066188207481, -4.472610537853936030, 16.00000000000000000 ) ) ;
#1064 = DIRECTION ( 'NONE',  ( -0.000000000000000000, -0.000000000000000000, -1.000000000000000000 ) ) ;
#1065 = VERTEX_POINT ( 'NONE', #1358 ) ;
#1066 = CARTESIAN_POINT ( 'NONE',  ( -13.61486804501912928, 0.000000000000000000, 16.00000000000000000 ) ) ;
#1067 = CARTESIAN_POINT ( 'NONE',  ( -4.293223980211161361, 19.25422940976884689, 4.000000000000000000 ) ) ;
#1068 = CARTESIAN_POINT ( 'NONE',  ( 52.36457512509295498, 81.61970303100666513, 10.00000000000000000 ) ) ;
#1069 = VERTEX_POINT ( 'NONE', #2519 ) ;
#1070 = CARTESIAN_POINT ( 'NONE',  ( 92.97061769875736559, -11.34423205800259815, 10.00000000000000000 ) ) ;
#1071 = AXIS2_PLACEMENT_3D ( 'NONE', #2485, #3662, #1033 ) ;
#1072 = CARTESIAN_POINT ( 'NONE',  ( -26.08876656290921758, -9.371797397112899830, 4.000000000000000000 ) ) ;
#1073 = CARTESIAN_POINT ( 'NONE',  ( -8.597731984005093864, 20.88619471304047437, 12.00000000000000000 ) ) ;
#1074 = FACE_OUTER_BOUND ( 'NONE', #2588, .T. ) ;
#1075 = EDGE_CURVE ( 'NONE', #558, #298, #3693, .T. ) ;
#1076 = B_SPLINE_CURVE_WITH_KNOTS ( 'NONE', 3,
 ( #2234, #1021, #491, #524, #1073, #3362, #201, #1365, #1331, #2527, #788, #1039, #1662, #2491, #2837, #219, #2544, #3433, #1679, #2854, #1312 ),
 .UNSPECIFIED., .F., .F.,
 ( 4, 1, 1, 1, 1, 1, 1, 1, 1, 1, 1, 1, 1, 1, 1, 1, 1, 1, 4 ),
 ( 0.000000000000000000, 0.09217587363013081403, 0.1299458675005804031, 0.1731068245941054240, 0.2212206362462405540, 0.2716136720405617488, 0.3198266944910184151, 0.3878787152108556513, 0.4480896777248105090, 0.5091098218045568835, 0.5675960064527706406, 0.6146630673410452550, 0.6891459996116887643, 0.7272588840157729884, 0.7721009591884657741, 0.8147122539104346695, 0.8564922319102301618, 0.9107227130310378005, 1.000000000000000000 ),
 .UNSPECIFIED. ) ;
#1077 = CARTESIAN_POINT ( 'NONE',  ( 66.91363624440050728, 78.54781590270181368, 4.000000000000000000 ) ) ;
#1078 = DIRECTION ( 'NONE',  ( 1.000000000000000000, 0.000000000000000000, 0.000000000000000000 ) ) ;
#1079 = VERTEX_POINT ( 'NONE', #3787 ) ;
#1080 = CARTESIAN_POINT ( 'NONE',  ( -14.00133309853872987, 21.25068224866967626, 16.00000000000000000 ) ) ;
#1081 = CARTESIAN_POINT ( 'NONE',  ( 42.39386818192176065, 89.37719346822775890, 10.00000000000000533 ) ) ;
#1082 = B_SPLINE_CURVE_WITH_KNOTS ( 'NONE', 3,
 ( #879, #1747, #2927, #291, #612, #3483, #3280, #636, #574, #1162 ),
 .UNSPECIFIED., .F., .F.,
 ( 4, 1, 1, 1, 1, 1, 1, 4 ),
 ( 0.000000000000000000, 0.04935486653583651129, 0.09747967005435721755, 0.1455889594514178376, 0.2236071140838355731, 0.4378949316624155541, 0.4540957697174577423, 0.5179851620738900042 ),
 .UNSPECIFIED. ) ;
#1083 = DIRECTION ( 'NONE',  ( -0.5000000000000003331, -0.8660254037844385966, 0.000000000000000000 ) ) ;
#1084 = EDGE_LOOP ( 'NONE', ( #701, #1122, #3270, #465, #768, #122 ) ) ;
#1085 = CARTESIAN_POINT ( 'NONE',  ( 103.3803218193327353, -3.451738654234191017, 12.00000000000000000 ) ) ;
#1086 = CARTESIAN_POINT ( 'NONE',  ( 100.7195594227095796, -7.100971405791611346, 12.00000000000000000 ) ) ;
#1087 = CARTESIAN_POINT ( 'NONE',  ( -2.638420844178507529, 18.53901432367394975, 16.00000000000000000 ) ) ;
#1088 = ORIENTED_EDGE ( 'NONE', *, *, #2298, .F. ) ;
#1089 = ORIENTED_EDGE ( 'NONE', *, *, #430, .T. ) ;
#1090 = CARTESIAN_POINT ( 'NONE',  ( -10.80480706952578629, 23.01520563626386107, 10.00000000000000000 ) ) ;
#1091 = CARTESIAN_POINT ( 'NONE',  ( -14.29935285123792355, 21.89312541265675449, 16.00000000000000000 ) ) ;
#1092 = CARTESIAN_POINT ( 'NONE',  ( 14.42377164587935212, -2.127023687252404205, 12.00000000000000000 ) ) ;
#1093 = AXIS2_PLACEMENT_3D ( 'NONE', #3319, #2155, #1270 ) ;
#1094 = ADVANCED_FACE ( 'NONE', ( #333 ), #1224, .F. ) ;
#1095 = PLANE ( 'NONE',  #1290 ) ;
#1096 = VECTOR ( 'NONE', #1762, 1000.000000000000000 ) ;
#1097 = CARTESIAN_POINT ( 'NONE',  ( 42.18425668011549590, 79.26931622844453784, 4.000000000000000000 ) ) ;
#1098 = B_SPLINE_CURVE_WITH_KNOTS ( 'NONE', 3,
 ( #3686, #1097, #2238, #2257, #776, #3417, #3381, #1973, #3091, #478, #2824, #794, #3437, #1666, #3149, #1634, #2221, #1937, #1650, #204, #2859, #241, #1409, #1175 ),
 .UNSPECIFIED., .F., .F.,
 ( 4, 1, 1, 1, 1, 1, 1, 1, 1, 1, 1, 1, 1, 1, 1, 1, 1, 1, 1, 1, 1, 4 ),
 ( 0.000000000000000000, 0.08656765682406110385, 0.1479039510435258276, 0.1922751962830901440, 0.2489070958634956587, 0.2914066986512173774, 0.3518358770510202627, 0.4034809531883021827, 0.4420349376179233403, 0.4800239516846724896, 0.5308487561187591464, 0.5691669341502195723, 0.6061368118922073611, 0.6547925348442905635, 0.6953229118272797882, 0.7249328358589900434, 0.7596260772862258870, 0.7938533265150851115, 0.8346016812522725203, 0.8816281379054209388, 0.9149353323568446550, 1.000000000000000000 ),
 .UNSPECIFIED. ) ;
#1099 = DIRECTION ( 'NONE',  ( 0.5029184093000442779, -0.8643338901067765256, 0.000000000000000000 ) ) ;
#1100 = VECTOR ( 'NONE', #1633, 1000.000000000000000 ) ;
#1101 = CARTESIAN_POINT ( 'NONE',  ( -46.24195549096754831, 76.68968209453016982, 12.00000000000000000 ) ) ;
#1102 = CARTESIAN_POINT ( 'NONE',  ( 38.84398191647171217, 94.56826757864757838, 12.00000000000000000 ) ) ;
#1103 = ORIENTED_EDGE ( 'NONE', *, *, #3131, .T. ) ;
#1104 = CARTESIAN_POINT ( 'NONE',  ( -28.04659553532030003, -9.334253580416488560, 12.00000000000000000 ) ) ;
#1105 = CARTESIAN_POINT ( 'NONE',  ( -91.32188393734173815, -9.438678552286734913, 12.00000000000000000 ) ) ;
#1106 = VECTOR ( 'NONE', #1959, 1000.000000000000000 ) ;
#1107 = CARTESIAN_POINT ( 'NONE',  ( 0.01532814986793104572, -9.287942205700460363, 4.000000000000000000 ) ) ;
#1108 = ORIENTED_EDGE ( 'NONE', *, *, #2856, .T. ) ;
#1109 = CARTESIAN_POINT ( 'NONE',  ( 10.21394015829099722, 23.71425225392868086, 10.00000000000000000 ) ) ;
#1110 = CARTESIAN_POINT ( 'NONE',  ( 2.764715539838036307E-15, 9.814954576223644978, 28.40000000000000213 ) ) ;
#1111 = EDGE_CURVE ( 'NONE', #2966, #693, #1082, .T. ) ;
#1112 = LINE ( 'NONE', #3200, #924 ) ;
#1113 = CARTESIAN_POINT ( 'NONE',  ( -44.02415406327858705, 79.26020423582379237, 12.00000000000000000 ) ) ;
#1114 = CARTESIAN_POINT ( 'NONE',  ( 41.95765329725570325, 90.24986891931260402, 16.00000000000000000 ) ) ;
#1115 = CARTESIAN_POINT ( 'NONE',  ( 104.9768164375090151, 2.206356871753986315, 4.000000000000000000 ) ) ;
#1116 = CARTESIAN_POINT ( 'NONE',  ( 103.3803217953569060, -3.451738705276359287, 10.00000000000000000 ) ) ;
#1117 = DIRECTION ( 'NONE',  ( 0.000000000000000000, 0.000000000000000000, 1.000000000000000000 ) ) ;
#1118 = EDGE_CURVE ( 'NONE', #2447, #3388, #1873, .T. ) ;
#1119 = CARTESIAN_POINT ( 'NONE',  ( 98.45780254357384820, -6.139432607529491825, 16.00000000000000000 ) ) ;
#1120 = APPROVAL_PERSON_ORGANIZATION ( #3265, #1374, #2372 ) ;
#1121 = DIRECTION ( 'NONE',  ( -1.000000000000000000, 0.000000000000000000, 0.000000000000000000 ) ) ;
#1122 = ORIENTED_EDGE ( 'NONE', *, *, #1166, .T. ) ;
#1123 = ADVANCED_FACE ( 'NONE', ( #59 ), #2326, .T. ) ;
#1124 = B_SPLINE_CURVE_WITH_KNOTS ( 'NONE', 3,
 ( #3165, #1701, #2879, #1427, #3758, #2295, #1595, #647, #2713, #703, #1801, #2693, #71, #2747 ),
 .UNSPECIFIED., .F., .F.,
 ( 4, 1, 1, 1, 1, 1, 1, 1, 1, 1, 1, 4 ),
 ( 0.000000000000000000, 0.1350157672856901747, 0.2179046148332286215, 0.3067643743810078427, 0.4223730587531137615, 0.5057640773318350380, 0.6126836707157689021, 0.7071238278624992768, 0.7844254153922860517, 0.8646262954099761533, 0.9153497856511333408, 0.9385356789504586406 ),
 .UNSPECIFIED. ) ;
#1125 = VERTEX_POINT ( 'NONE', #1514 ) ;
#1126 = CARTESIAN_POINT ( 'NONE',  ( -26.08876656290921758, -9.371797397112899830, 16.00000000000000000 ) ) ;
#1127 = CARTESIAN_POINT ( 'NONE',  ( -13.34036312913352695, 0.8838503050108265091, 4.000000000000000000 ) ) ;
#1128 = EDGE_LOOP ( 'NONE', ( #1272, #3129, #2909, #3405, #2390 ) ) ;
#1129 = CARTESIAN_POINT ( 'NONE',  ( 103.7733787574990743, -2.650354409380650811, 10.00000000000000178 ) ) ;
#1130 = CARTESIAN_POINT ( 'NONE',  ( 89.99525595592842819, -11.59606026179955585, 16.00000000000000000 ) ) ;
#1131 = CARTESIAN_POINT ( 'NONE',  ( 0.000000000000000000, 0.000000000000000000, 10.00000000000000000 ) ) ;
#1132 = CARTESIAN_POINT ( 'NONE',  ( 103.0518618345317350, 2.100478337209353619, 16.00000000000000000 ) ) ;
#1133 = EDGE_LOOP ( 'NONE', ( #3728, #2985 ) ) ;
#1134 = AXIS2_PLACEMENT_3D ( 'NONE', #2191, #1780, #713 ) ;
#1135 = CARTESIAN_POINT ( 'NONE',  ( 17.38101777888876853, -5.225061316532367606, 12.00000000000000000 ) ) ;
#1136 = CARTESIAN_POINT ( 'NONE',  ( -10.98539073289564350, -0.5667366633724307823, 20.00000000000000000 ) ) ;
#1137 = CIRCLE ( 'NONE', #3400, 103.1852416701762820 ) ;
#1138 = CARTESIAN_POINT ( 'NONE',  ( 39.34615736308141010, 93.99728617236064565, 10.00000000000000000 ) ) ;
#1139 = CARTESIAN_POINT ( 'NONE',  ( 91.32188393734173815, -9.438678552286734913, 12.00000000000000000 ) ) ;
#1140 = EDGE_CURVE ( 'NONE', #2596, #3626, #3328, .T. ) ;
#1141 = CARTESIAN_POINT ( 'NONE',  ( 102.0054555492391444, -5.546772963935472589, 9.999999999999998224 ) ) ;
#1142 = CIRCLE ( 'NONE', #2293, 11.50000000000000000 ) ;
#1143 = DIRECTION ( 'NONE',  ( 1.000000000000000000, 0.000000000000000000, 0.000000000000000000 ) ) ;
#1144 = ORIENTED_EDGE ( 'NONE', *, *, #401, .F. ) ;
#1145 = CARTESIAN_POINT ( 'NONE',  ( -17.38101777888877209, -5.225061316532367606, 16.00000000000000000 ) ) ;
#1146 = EDGE_CURVE ( 'NONE', #2639, #3443, #920, .T. ) ;
#1147 = CARTESIAN_POINT ( 'NONE',  ( 66.44747720935816915, 79.22565238055983627, 16.00000000000000000 ) ) ;
#1148 = ORIENTED_EDGE ( 'NONE', *, *, #784, .F. ) ;
#1149 = LINE ( 'NONE', #619, #2731 ) ;
#1150 = CARTESIAN_POINT ( 'NONE',  ( -28.04659553532030003, -9.334253580416488560, 16.00000000000000000 ) ) ;
#1151 = CARTESIAN_POINT ( 'NONE',  ( 103.0518618345317350, 2.100478337209353619, 12.00000000000000000 ) ) ;
#1152 = ORIENTED_EDGE ( 'NONE', *, *, #811, .T. ) ;
#1153 = CARTESIAN_POINT ( 'NONE',  ( -103.0398048839039689, 5.476559870912545591, 16.00000000000000000 ) ) ;
#1154 = FACE_OUTER_BOUND ( 'NONE', #1185, .T. ) ;
#1155 = CARTESIAN_POINT ( 'NONE',  ( 38.84398191647171217, 94.56826757864757838, 10.00000000000000000 ) ) ;
#1156 = VECTOR ( 'NONE', #783, 1000.000000000000000 ) ;
#1157 = CARTESIAN_POINT ( 'NONE',  ( -45.34545802003545134, 83.60963418298197780, 4.000000000000000000 ) ) ;
#1158 = AXIS2_PLACEMENT_3D ( 'NONE', #3259, #3215, #3503 ) ;
#1159 = CARTESIAN_POINT ( 'NONE',  ( -99.54940066188206060, -4.472610537853937807, 10.00000000000000000 ) ) ;
#1160 = CARTESIAN_POINT ( 'NONE',  ( 43.42637297858192369, 85.21948945588665936, 12.00000000000000000 ) ) ;
#1161 = VERTEX_POINT ( 'NONE', #938 ) ;
#1162 = CARTESIAN_POINT ( 'NONE',  ( -13.61486804501912928, 0.000000000000000000, 12.00000000000000000 ) ) ;
#1163 = CARTESIAN_POINT ( 'NONE',  ( 66.91363624440496949, 78.54781590269544722, 12.00000000000000000 ) ) ;
#1164 = EDGE_LOOP ( 'NONE', ( #573, #3219, #2140, #1474 ) ) ;
#1165 = LINE ( 'NONE', #3546, #1508 ) ;
#1166 = EDGE_CURVE ( 'NONE', #3601, #878, #1810, .T. ) ;
#1167 = CALENDAR_DATE ( 2023, 3, 12 ) ;
#1168 = CARTESIAN_POINT ( 'NONE',  ( 14.29935285123792532, 21.89312541265675449, 16.00000000000000000 ) ) ;
#1169 = DIRECTION ( 'NONE',  ( 0.000000000000000000, 0.000000000000000000, 1.000000000000000000 ) ) ;
#1170 = VERTEX_POINT ( 'NONE', #1533 ) ;
#1171 = ADVANCED_FACE ( 'NONE', ( #2345 ), #3521, .T. ) ;
#1172 = B_SPLINE_CURVE_WITH_KNOTS ( 'NONE', 3,
 ( #1141, #2300, #55, #3189 ),
 .UNSPECIFIED., .F., .F.,
 ( 4, 4 ),
 ( 0.000000000000000000, 1.000000000000000000 ),
 .UNSPECIFIED. ) ;
#1173 = CARTESIAN_POINT ( 'NONE',  ( 28.04659553532030003, -9.334253580416488560, 12.00000000000000000 ) ) ;
#1174 = CARTESIAN_POINT ( 'NONE',  ( -96.83532422476575618, -7.335353874765146109, 12.00000000000000000 ) ) ;
#1175 = CARTESIAN_POINT ( 'NONE',  ( 34.18751149398477907, 97.54523304310770015, 4.000000000000000000 ) ) ;
#1176 = CARTESIAN_POINT ( 'NONE',  ( 42.29253798694047362, 78.52576933831133488, 16.00000000000000000 ) ) ;
#1177 = CARTESIAN_POINT ( 'NONE',  ( -3.250000000000002665, -5.629165124598854320, 28.40000000000000213 ) ) ;
#1178 = CARTESIAN_POINT ( 'NONE',  ( 17.38101777888876853, -5.225061316532367606, 16.00000000000000000 ) ) ;
#1179 = FACE_OUTER_BOUND ( 'NONE', #2810, .T. ) ;
#1180 = ORIENTED_EDGE ( 'NONE', *, *, #3466, .T. ) ;
#1181 = EDGE_LOOP ( 'NONE', ( #1787, #3430, #3001, #1362 ) ) ;
#1182 = CARTESIAN_POINT ( 'NONE',  ( -103.0398048839039689, 5.476559870912545591, 4.000000000000000000 ) ) ;
#1183 = ORIENTED_EDGE ( 'NONE', *, *, #2712, .T. ) ;
#1184 = CARTESIAN_POINT ( 'NONE',  ( -13.61486804501912928, 0.000000000000000000, 4.000000000000000000 ) ) ;
#1185 = EDGE_LOOP ( 'NONE', ( #2542, #3524, #611, #2076 ) ) ;
#1186 = CARTESIAN_POINT ( 'NONE',  ( 0.000000000000000000, 0.000000000000000000, 16.00000000000000000 ) ) ;
#1187 = EDGE_CURVE ( 'NONE', #37, #1791, #3238, .T. ) ;
#1188 = APPROVAL_ROLE ( '' ) ;
#1189 = CARTESIAN_POINT ( 'NONE',  ( -8.500000000000000000, -4.907477288111820712, 28.40000000000000213 ) ) ;
#1190 = CARTESIAN_POINT ( 'NONE',  ( 99.54940066188207481, -4.472610537853936030, 12.00000000000000000 ) ) ;
#1191 = ORIENTED_EDGE ( 'NONE', *, *, #1648, .T. ) ;
#1192 = CARTESIAN_POINT ( 'NONE',  ( 42.70751593584237327, 88.44992427182512529, 16.00000000000000000 ) ) ;
#1193 = CARTESIAN_POINT ( 'NONE',  ( 14.29935285123792532, 21.89312541265675449, 10.00000000000000000 ) ) ;
#1194 = ADVANCED_FACE ( 'NONE', ( #2304 ), #2018, .T. ) ;
#1195 = CARTESIAN_POINT ( 'NONE',  ( -11.67946877867742828, 24.00821486140138106, 10.00000000000000000 ) ) ;
#1196 = CARTESIAN_POINT ( 'NONE',  ( 12.86725591994920492, 1.945464068658449452, 16.00000000000000000 ) ) ;
#1197 = VECTOR ( 'NONE', #3043, 1000.000000000000000 ) ;
#1198 = CARTESIAN_POINT ( 'NONE',  ( 48.03388812670044672, 79.08737944992141422, 16.00000000000000000 ) ) ;
#1199 = CARTESIAN_POINT ( 'NONE',  ( 100.0291701482464362, -7.893069880356906154, 16.00000000000000000 ) ) ;
#1200 = FACE_OUTER_BOUND ( 'NONE', #2297, .T. ) ;
#1201 = DIRECTION ( 'NONE',  ( 1.000000000000000000, 0.000000000000000000, 0.000000000000000000 ) ) ;
#1202 = ORIENTED_EDGE ( 'NONE', *, *, #1814, .F. ) ;
#1203 = PRODUCT_DEFINITION_SHAPE ( 'NONE', 'NONE',  #1690 ) ;
#1204 = OPEN_SHELL ( 'NONE', ( #702, #2831, #893 ) ) ;
#1205 = LINE ( 'NONE', #3541, #3424 ) ;
#1206 = ORIENTED_EDGE ( 'NONE', *, *, #1612, .F. ) ;
#1207 = CARTESIAN_POINT ( 'NONE',  ( 26.08876656290921758, -9.371797397112901606, 4.000000000000000000 ) ) ;
#1208 = VERTEX_POINT ( 'NONE', #2948 ) ;
#1209 = CARTESIAN_POINT ( 'NONE',  ( -98.17736494882784370, -9.146145903901887309, 10.00000000000000000 ) ) ;
#1210 = DATE_AND_TIME ( #3508, #1002 ) ;
#1211 = CARTESIAN_POINT ( 'NONE',  ( -44.13614470617245189, 88.69147528192418406, 12.00000000000000000 ) ) ;
#1212 = CARTESIAN_POINT ( 'NONE',  ( 103.0398048839039546, 5.476559870912546479, 12.00000000000000000 ) ) ;
#1213 = ORIENTED_EDGE ( 'NONE', *, *, #255, .F. ) ;
#1214 = CARTESIAN_POINT ( 'NONE',  ( 12.74312034550123407, 17.98947295078569297, 4.000000000000000000 ) ) ;
#1215 = CARTESIAN_POINT ( 'NONE',  ( 13.61486804501912928, 2.050608912650808861E-16, 4.000000000000000000 ) ) ;
#1216 = CYLINDRICAL_SURFACE ( 'NONE', #75, 5.000000000000000000 ) ;
#1217 = CARTESIAN_POINT ( 'NONE',  ( 12.74312034550123407, 17.98947295078569297, 16.00000000000000000 ) ) ;
#1218 = EDGE_CURVE ( 'NONE', #1047, #2021, #1205, .T. ) ;
#1219 = CARTESIAN_POINT ( 'NONE',  ( -101.8277817151371352, -0.5672003041223961928, 10.00000000000000000 ) ) ;
#1220 = FACE_OUTER_BOUND ( 'NONE', #2571, .T. ) ;
#1221 = LINE ( 'NONE', #653, #3569 ) ;
#1222 = VERTEX_POINT ( 'NONE', #1319 ) ;
#1223 = EDGE_CURVE ( 'NONE', #321, #1756, #919, .T. ) ;
#1224 = CYLINDRICAL_SURFACE ( 'NONE', #1158, 103.3627516641538193 ) ;
#1225 = VECTOR ( 'NONE', #2840, 1000.000000000000000 ) ;
#1226 = ORIENTED_EDGE ( 'NONE', *, *, #238, .F. ) ;
#1227 = CARTESIAN_POINT ( 'NONE',  ( -28.04659553532030003, -9.334253580416488560, 4.000000000000000000 ) ) ;
#1228 = VERTEX_POINT ( 'NONE', #1600 ) ;
#1229 = PLANE ( 'NONE',  #2845 ) ;
#1230 = APPROVAL_DATE_TIME ( #318, #2896 ) ;
#1231 = CARTESIAN_POINT ( 'NONE',  ( -36.05107508881541634, 96.85275697340217960, 16.00000000000000000 ) ) ;
#1232 = CARTESIAN_POINT ( 'NONE',  ( 91.32188393734173815, -9.438678552286734913, 12.00000000000000000 ) ) ;
#1233 = ORIENTED_EDGE ( 'NONE', *, *, #2520, .F. ) ;
#1234 = CARTESIAN_POINT ( 'NONE',  ( 6.500000000000005329, 3.752776749732568362, 30.39999999999999858 ) ) ;
#1235 = CARTESIAN_POINT ( 'NONE',  ( -103.0518618345317350, 2.100478337209354063, 4.000000000000000000 ) ) ;
#1236 = CARTESIAN_POINT ( 'NONE',  ( 2.706348326447599373, 19.07012903421702887, 4.000000000000000000 ) ) ;
#1237 = VECTOR ( 'NONE', #1797, 1000.000000000000000 ) ;
#1238 = FACE_OUTER_BOUND ( 'NONE', #3034, .T. ) ;
#1239 = CARTESIAN_POINT ( 'NONE',  ( -54.74598794976407135, 82.14886767526019185, 16.00000000000000000 ) ) ;
#1240 = CARTESIAN_POINT ( 'NONE',  ( -104.9768680301030770, 2.203900766895053209, 16.00000000000000000 ) ) ;
#1241 = CARTESIAN_POINT ( 'NONE',  ( 104.2314294937194461, -0.8984156310739133122, 12.00000000000000000 ) ) ;
#1242 = CARTESIAN_POINT ( 'NONE',  ( 34.18751149398477907, 97.54523304310770015, 16.00000000000000000 ) ) ;
#1243 = LINE ( 'NONE', #3581, #2503 ) ;
#1244 = EDGE_CURVE ( 'NONE', #3443, #1425, #906, .T. ) ;
#1245 = VERTEX_POINT ( 'NONE', #3617 ) ;
#1246 = LINE ( 'NONE', #3583, #3678 ) ;
#1247 = AXIS2_PLACEMENT_3D ( 'NONE', #1375, #1064, #2170 ) ;
#1248 = ORIENTED_EDGE ( 'NONE', *, *, #92, .F. ) ;
#1249 = CARTESIAN_POINT ( 'NONE',  ( 66.91363624440050728, 78.54781590270181368, 12.00000000000000000 ) ) ;
#1250 = CARTESIAN_POINT ( 'NONE',  ( -103.0398048839039689, 5.476559870912545591, 16.00000000000000000 ) ) ;
#1251 = CARTESIAN_POINT ( 'NONE',  ( 14.11169872123017655, -0.7560170833218108344, 10.00000000000000000 ) ) ;
#1252 = ORIENTED_EDGE ( 'NONE', *, *, #613, .T. ) ;
#1253 = B_SPLINE_CURVE_WITH_KNOTS ( 'NONE', 3,
 ( #1433, #896, #1451, #1469, #1669, #2301, #2885, #3519, #287, #3784, #2264, #1977 ),
 .UNSPECIFIED., .F., .F.,
 ( 4, 1, 1, 1, 1, 1, 1, 1, 1, 4 ),
 ( 0.000000000000000000, 0.07984134518936002178, 0.1529309427693458789, 0.2761214748056889379, 0.3757152083410297827, 0.4330997905698241723, 0.5790779275548477711, 0.6766347224225566226, 0.7207672962006216322, 1.000000000000000000 ),
 .UNSPECIFIED. ) ;
#1254 = VECTOR ( 'NONE', #164, 1000.000000000000000 ) ;
#1255 = LOCAL_TIME ( 17, 39, 1.000000000000000000, #642 ) ;
#1256 = PLANE ( 'NONE',  #317 ) ;
#1257 = CARTESIAN_POINT ( 'NONE',  ( -8.597731984005093864, 20.88619471304047437, 4.000000000000000000 ) ) ;
#1258 = LOCAL_TIME ( 17, 39, 1.000000000000000000, #1538 ) ;
#1259 = CARTESIAN_POINT ( 'NONE',  ( 43.42637297858192369, 85.21948945588665936, 16.00000000000000000 ) ) ;
#1260 = DIRECTION ( 'NONE',  ( -0.000000000000000000, 0.000000000000000000, 1.000000000000000000 ) ) ;
#1261 = CARTESIAN_POINT ( 'NONE',  ( -13.61486804501912928, 0.000000000000000000, 12.00000000000000000 ) ) ;
#1262 = EDGE_CURVE ( 'NONE', #1710, #3006, #1947, .T. ) ;
#1263 = ORIENTED_EDGE ( 'NONE', *, *, #3222, .T. ) ;
#1264 = VECTOR ( 'NONE', #1099, 1000.000000000000000 ) ;
#1265 = DIRECTION ( 'NONE',  ( 1.000000000000000000, 0.000000000000000000, 0.000000000000000000 ) ) ;
#1266 = ORIENTED_EDGE ( 'NONE', *, *, #3160, .F. ) ;
#1267 = CARTESIAN_POINT ( 'NONE',  ( 18.37229210177823902, -6.314889749586356515, 10.00000000000000533 ) ) ;
#1268 = EDGE_LOOP ( 'NONE', ( #551, #2239, #2134, #3213 ) ) ;
#1269 = CARTESIAN_POINT ( 'NONE',  ( -28.04659553532030003, -9.334253580416488560, 16.00000000000000000 ) ) ;
#1270 = DIRECTION ( 'NONE',  ( 1.000000000000000000, 0.000000000000000000, 0.000000000000000000 ) ) ;
#1271 = CARTESIAN_POINT ( 'NONE',  ( 96.83532422476577040, -7.335353874765145221, 10.00000000000000000 ) ) ;
#1272 = ORIENTED_EDGE ( 'NONE', *, *, #2806, .T. ) ;
#1273 = B_SPLINE_SURFACE_WITH_KNOTS ( 'NONE', 3, 1, ( 
 ( #31, #1759 ),
 ( #1195, #1022 ),
 ( #2765, #1004 ),
 ( #2730, #127 ),
 ( #3032, #1257 ),
 ( #1896, #3363 ),
 ( #685, #72 ),
 ( #3651, #2417 ),
 ( #420, #108 ),
 ( #1546, #2180 ),
 ( #738, #2748 ),
 ( #3594, #1236 ),
 ( #365, #704 ),
 ( #384, #1578 ),
 ( #1858, #3308 ),
 ( #1525, #2456 ),
 ( #147, #3344 ),
 ( #1293, #3014 ),
 ( #967, #1561 ),
 ( #3632, #1313 ),
 ( #2400, #2109 ) ),
 .UNSPECIFIED., .F., .F., .F.,
 ( 4, 1, 1, 1, 1, 1, 1, 1, 1, 1, 1, 1, 1, 1, 1, 1, 1, 1, 4 ),
 ( 2, 2 ),
 ( 0.000000000000000000, 0.09217587363013081403, 0.1299458675005804031, 0.1731068245941054240, 0.2212206362462405540, 0.2716136720405617488, 0.3198266944910184151, 0.3878787152108556513, 0.4480896777248105090, 0.5091098218045568835, 0.5675960064527706406, 0.6146630673410452550, 0.6891459996116887643, 0.7272588840157729884, 0.7721009591884657741, 0.8147122539104346695, 0.8564922319102301618, 0.9107227130310378005, 1.000000000000000000 ),
 ( 0.000000000000000000, 1.000000000000000000 ),
 .UNSPECIFIED. ) ;
#1274 = CARTESIAN_POINT ( 'NONE',  ( 13.61486804501912928, 2.050608912650808861E-16, 12.00000000000000000 ) ) ;
#1275 = CARTESIAN_POINT ( 'NONE',  ( -96.18576306641722340, -10.59256769103866347, 4.000000000000000000 ) ) ;
#1276 = CARTESIAN_POINT ( 'NONE',  ( 38.15154374022015560, 95.05230011271468982, 12.00000000000000000 ) ) ;
#1277 = CARTESIAN_POINT ( 'NONE',  ( -66.91363624440936064, 78.54781590268899549, 12.00000000000000000 ) ) ;
#1278 = DIRECTION ( 'NONE',  ( -0.000000000000000000, -0.000000000000000000, -1.000000000000000000 ) ) ;
#1279 = VERTEX_POINT ( 'NONE', #2790 ) ;
#1280 = CARTESIAN_POINT ( 'NONE',  ( 103.0518618345317350, 2.100478337209353619, 4.000000000000000000 ) ) ;
#1281 = VERTEX_POINT ( 'NONE', #1028 ) ;
#1282 = CARTESIAN_POINT ( 'NONE',  ( 19.75370466724846708, -6.934803996443100971, 4.000000000000000000 ) ) ;
#1283 = EDGE_LOOP ( 'NONE', ( #1808, #1089, #2578, #2282 ) ) ;
#1284 = AXIS2_PLACEMENT_3D ( 'NONE', #152, #390, #2164 ) ;
#1285 = DIRECTION ( 'NONE',  ( 0.8660254037844387076, 0.4999999999999998890, 0.000000000000000000 ) ) ;
#1286 = CARTESIAN_POINT ( 'NONE',  ( -35.50495322693360833, 97.07346047163864000, 16.00000000000000000 ) ) ;
#1287 = LINE ( 'NONE', #999, #1237 ) ;
#1288 = ORIENTED_EDGE ( 'NONE', *, *, #1865, .T. ) ;
#1289 = EDGE_CURVE ( 'NONE', #2016, #2055, #2406, .T. ) ;
#1290 = AXIS2_PLACEMENT_3D ( 'NONE', #2236, #3399, #1406 ) ;
#1291 = CARTESIAN_POINT ( 'NONE',  ( -94.60142919475676138, -8.634474376662318207, 16.00000000000000000 ) ) ;
#1292 = CARTESIAN_POINT ( 'NONE',  ( -94.60142919475676138, -8.634474376662318207, 4.000000000000000000 ) ) ;
#1293 = CARTESIAN_POINT ( 'NONE',  ( 10.21394015829099722, 23.71425225392868086, 10.00000000000000000 ) ) ;
#1294 = EDGE_CURVE ( 'NONE', #2056, #62, #3725, .T. ) ;
#1295 = CARTESIAN_POINT ( 'NONE',  ( 0.000000000000000000, 0.000000000000000000, 22.00000000000000000 ) ) ;
#1296 = AXIS2_PLACEMENT_3D ( 'NONE', #2025, #2064, #280 ) ;
#1297 = DIRECTION ( 'NONE',  ( 1.000000000000000000, 0.000000000000000000, 0.000000000000000000 ) ) ;
#1298 = B_SPLINE_CURVE_WITH_KNOTS ( 'NONE', 3,
 ( #3240, #2329, #3447, #3194, #3467, #2581, #841, #1709, #1127, #1 ),
 .UNSPECIFIED., .F., .F.,
 ( 4, 1, 1, 1, 1, 1, 1, 4 ),
 ( 0.000000000000000000, 0.04935486653583651129, 0.09747967005435721755, 0.1455889594514178376, 0.2236071140838355731, 0.4378949316624155541, 0.4540957697174577423, 0.5179851620738900042 ),
 .UNSPECIFIED. ) ;
#1299 = DIRECTION ( 'NONE',  ( 1.000000000000000000, 0.000000000000000000, 0.000000000000000000 ) ) ;
#1300 = CARTESIAN_POINT ( 'NONE',  ( 94.60142919475674717, -8.634474376662318207, 4.000000000000000000 ) ) ;
#1301 = EDGE_LOOP ( 'NONE', ( #2679, #163, #1996, #446 ) ) ;
#1302 = CARTESIAN_POINT ( 'NONE',  ( -13.61486804501912928, 2.050608912650810586E-16, 10.00000000000000000 ) ) ;
#1303 = VERTEX_POINT ( 'NONE', #3021 ) ;
#1304 = B_SPLINE_SURFACE_WITH_KNOTS ( 'NONE', 3, 1, ( 
 ( #3731, #1105 ),
 ( #2146, #3349 ),
 ( #2458, #690 ),
 ( #1843, #3326 ),
 ( #2131, #1616 ),
 ( #3597, #2423 ),
 ( #1880, #3054 ),
 ( #3615, #1026 ),
 ( #2183, #2734 ),
 ( #3018, #3293 ),
 ( #2787, #131 ) ),
 .UNSPECIFIED., .F., .F., .F.,
 ( 4, 1, 1, 1, 1, 1, 1, 1, 4 ),
 ( 2, 2 ),
 ( 0.000000000000000000, 0.1949571952945148567, 0.2904616644566326289, 0.3738167854987162197, 0.4830204466706601862, 0.5763719702222344088, 0.7141170624379623577, 0.8073561366014027074, 1.000000000000000000 ),
 ( 0.000000000000000000, 1.000000000000000000 ),
 .UNSPECIFIED. ) ;
#1305 = DIRECTION ( 'NONE',  ( 1.000000000000000000, 0.000000000000000000, 0.000000000000000000 ) ) ;
#1306 = CARTESIAN_POINT ( 'NONE',  ( 13.34036312913352873, 0.8838503050108275083, 4.000000000000000000 ) ) ;
#1307 = CARTESIAN_POINT ( 'NONE',  ( 27.35495800672315880, -9.230192200835292127, 4.000000000000000000 ) ) ;
#1308 = CARTESIAN_POINT ( 'NONE',  ( 91.32188393734173815, -9.438678552286734913, 4.000000000000000000 ) ) ;
#1309 = ORIENTED_EDGE ( 'NONE', *, *, #2525, .F. ) ;
#1310 = EDGE_CURVE ( 'NONE', #1897, #3749, #2263, .T. ) ;
#1311 = CARTESIAN_POINT ( 'NONE',  ( 7.671572875253816370, 4.429184664635619662, 30.40000000000000213 ) ) ;
#1312 = CARTESIAN_POINT ( 'NONE',  ( 12.65491811937066835, 27.14315975095284017, 12.00000000000000000 ) ) ;
#1313 = CARTESIAN_POINT ( 'NONE',  ( 12.10857102087429382, 26.42812441157807868, 4.000000000000000000 ) ) ;
#1314 = B_SPLINE_CURVE_WITH_KNOTS ( 'NONE', 3,
 ( #762, #2551, #798, #2516, #1119, #1063, #3403, #530, #209, #1372, #1685 ),
 .UNSPECIFIED., .F., .F.,
 ( 4, 1, 1, 1, 1, 1, 1, 1, 4 ),
 ( 0.000000000000000000, 0.1949571952945148567, 0.2904616644566326289, 0.3738167854987162197, 0.4830204466706601862, 0.5763719702222344088, 0.7141170624379623577, 0.8073561366014027074, 1.000000000000000000 ),
 .UNSPECIFIED. ) ;
#1315 = EDGE_CURVE ( 'NONE', #1601, #2019, #1243, .T. ) ;
#1316 = CARTESIAN_POINT ( 'NONE',  ( -66.80333017544123209, 78.71087431965882786, 12.00000000000000000 ) ) ;
#1317 = CARTESIAN_POINT ( 'NONE',  ( -98.93158933006843370, -8.625360308519736563, 10.00000000000000000 ) ) ;
#1318 = DIRECTION ( 'NONE',  ( -0.000000000000000000, -0.000000000000000000, -1.000000000000000000 ) ) ;
#1319 = CARTESIAN_POINT ( 'NONE',  ( -12.28252948003777689, 24.70789247510376541, 12.00000000000000000 ) ) ;
#1320 = CARTESIAN_POINT ( 'NONE',  ( 104.9768164375090151, 2.206356871753986315, 16.00000000000000000 ) ) ;
#1321 = ORIENTED_EDGE ( 'NONE', *, *, #1819, .F. ) ;
#1322 = CARTESIAN_POINT ( 'NONE',  ( 42.18425668011549590, 79.26931622844453784, 16.00000000000000000 ) ) ;
#1323 = CARTESIAN_POINT ( 'NONE',  ( 13.61486804501912928, 2.050608912650808861E-16, 4.000000000000000000 ) ) ;
#1324 = CIRCLE ( 'NONE', #770, 103.1852416701762820 ) ;
#1325 = CARTESIAN_POINT ( 'NONE',  ( -62.00719827582999955, 81.93640675327760903, 10.00000000000000000 ) ) ;
#1326 = VERTEX_POINT ( 'NONE', #2116 ) ;
#1327 = CARTESIAN_POINT ( 'NONE',  ( 11.44165915220281704, 25.12747389820310673, 12.00000000000000000 ) ) ;
#1328 = VERTEX_POINT ( 'NONE', #1883 ) ;
#1329 = CARTESIAN_POINT ( 'NONE',  ( 6.500000000000005329, -3.752776749732571471, 30.39999999999999858 ) ) ;
#1330 = EDGE_CURVE ( 'NONE', #2639, #3003, #3243, .T. ) ;
#1331 = CARTESIAN_POINT ( 'NONE',  ( -2.638420844178507529, 18.53901432367394975, 12.00000000000000000 ) ) ;
#1332 = CARTESIAN_POINT ( 'NONE',  ( 19.75370466724846708, -6.934803996443100971, 12.00000000000000000 ) ) ;
#1333 = LINE ( 'NONE', #2275, #2075 ) ;
#1334 = CARTESIAN_POINT ( 'NONE',  ( -99.29424554682570658, -8.357955683883078635, 9.999999999999998224 ) ) ;
#1335 = CARTESIAN_POINT ( 'NONE',  ( -12.86725591994920137, 1.945464068658449008, 16.00000000000000000 ) ) ;
#1336 = EDGE_CURVE ( 'NONE', #1748, #1245, #1552, .T. ) ;
#1337 = CARTESIAN_POINT ( 'NONE',  ( 42.29253798694047362, 78.52576933831133488, 10.00000000000000533 ) ) ;
#1338 = DIRECTION ( 'NONE',  ( 1.000000000000000000, 0.000000000000000000, 0.000000000000000000 ) ) ;
#1339 = VERTEX_POINT ( 'NONE', #2737 ) ;
#1340 = EDGE_CURVE ( 'NONE', #2065, #1303, #1314, .T. ) ;
#1341 = CARTESIAN_POINT ( 'NONE',  ( -57.28524719688056877, 82.66500473020414574, 4.000000000000000000 ) ) ;
#1342 = CARTESIAN_POINT ( 'NONE',  ( 19.75370466724846708, -6.934803996443100971, 4.000000000000000000 ) ) ;
#1343 = VECTOR ( 'NONE', #1278, 1000.000000000000000 ) ;
#1344 = CARTESIAN_POINT ( 'NONE',  ( 14.29935285123792355, 21.89312541265675449, 16.00000000000000000 ) ) ;
#1345 = VERTEX_POINT ( 'NONE', #1101 ) ;
#1346 = CARTESIAN_POINT ( 'NONE',  ( 38.15154374022015560, 95.05230011271468982, 16.00000000000000000 ) ) ;
#1347 = AXIS2_PLACEMENT_3D ( 'NONE', #2733, #3325, #3035 ) ;
#1348 = CARTESIAN_POINT ( 'NONE',  ( 96.02958625611211119, -10.40491851732463502, 10.00000000000000000 ) ) ;
#1349 = CARTESIAN_POINT ( 'NONE',  ( 54.74598794976408556, 82.14886767526016342, 4.000000000000000000 ) ) ;
#1350 = CARTESIAN_POINT ( 'NONE',  ( 16.19181371413777626, -4.569913789786324010, 12.00000000000000000 ) ) ;
#1351 = ADVANCED_FACE ( 'NONE', ( #2262 ), #756, .T. ) ;
#1352 = CARTESIAN_POINT ( 'NONE',  ( 57.28524719688054745, 82.66500473020417417, 4.000000000000000000 ) ) ;
#1353 = DIRECTION ( 'NONE',  ( -0.9999986382117440620, -0.001650325621624664733, 0.000000000000000000 ) ) ;
#1354 = CARTESIAN_POINT ( 'NONE',  ( -101.9262948962494164, -5.709331410736211865, 16.00000000000000000 ) ) ;
#1355 = CARTESIAN_POINT ( 'NONE',  ( 43.42637297858192369, 85.21948945588665936, 10.00000000000000533 ) ) ;
#1356 = DIRECTION ( 'NONE',  ( -0.000000000000000000, -0.000000000000000000, -1.000000000000000000 ) ) ;
#1357 = ORIENTED_EDGE ( 'NONE', *, *, #103, .T. ) ;
#1358 = CARTESIAN_POINT ( 'NONE',  ( -35.50495322693360833, 97.07346047163864000, 16.00000000000000000 ) ) ;
#1359 = ADVANCED_FACE ( 'NONE', ( #3386 ), #3382, .T. ) ;
#1360 = CARTESIAN_POINT ( 'NONE',  ( 26.08876656290921758, -9.371797397112901606, 4.000000000000000000 ) ) ;
#1361 = CARTESIAN_POINT ( 'NONE',  ( -0.7127477939199755586, 18.50885608312994179, 16.00000000000000000 ) ) ;
#1362 = ORIENTED_EDGE ( 'NONE', *, *, #613, .F. ) ;
#1363 = CARTESIAN_POINT ( 'NONE',  ( 7.297683906235955753, 21.02329957099748725, 10.00000000000000000 ) ) ;
#1364 = LINE ( 'NONE', #2746, #1254 ) ;
#1365 = CARTESIAN_POINT ( 'NONE',  ( -4.293223980211161361, 19.25422940976884689, 12.00000000000000000 ) ) ;
#1366 = CARTESIAN_POINT ( 'NONE',  ( 18.37229210177823902, -6.314889749586356515, 12.00000000000000000 ) ) ;
#1367 = ORIENTED_EDGE ( 'NONE', *, *, #410, .F. ) ;
#1368 = FACE_BOUND ( 'NONE', #3628, .T. ) ;
#1369 = CARTESIAN_POINT ( 'NONE',  ( 0.000000000000000000, 0.000000000000000000, 22.00000000000000000 ) ) ;
#1370 = ORIENTED_EDGE ( 'NONE', *, *, #268, .F. ) ;
#1371 = CARTESIAN_POINT ( 'NONE',  ( -96.18576306641722340, -10.59256769103866347, 16.00000000000000000 ) ) ;
#1372 = CARTESIAN_POINT ( 'NONE',  ( 102.9946715168661910, 4.166994245635292415, 16.00000000000000000 ) ) ;
#1373 = EDGE_CURVE ( 'NONE', #600, #37, #651, .T. ) ;
#1374 = APPROVAL ( #2968, 'UNSPECIFIED' ) ;
#1375 = CARTESIAN_POINT ( 'NONE',  ( 0.000000000000000000, 0.000000000000000000, 16.00000000000000000 ) ) ;
#1376 = ORIENTED_EDGE ( 'NONE', *, *, #123, .F. ) ;
#1377 = DIRECTION ( 'NONE',  ( 0.000000000000000000, -1.000000000000000000, 0.000000000000000000 ) ) ;
#1378 = CARTESIAN_POINT ( 'NONE',  ( 5.898552909013184298, 20.26427960201245426, 4.000000000000000000 ) ) ;
#1379 = CARTESIAN_POINT ( 'NONE',  ( 5.898552909013184298, 20.26427960201245426, 12.00000000000000000 ) ) ;
#1380 = VERTEX_POINT ( 'NONE', #1723 ) ;
#1381 = CARTESIAN_POINT ( 'NONE',  ( -8.500000000000000000, -4.907477288111820712, 22.00000000000000000 ) ) ;
#1382 = EDGE_CURVE ( 'NONE', #2634, #148, #3248, .T. ) ;
#1383 = AXIS2_PLACEMENT_3D ( 'NONE', #3114, #3768, #1689 ) ;
#1384 = EDGE_CURVE ( 'NONE', #535, #1897, #2921, .T. ) ;
#1385 = APPLICATION_PROTOCOL_DEFINITION ( 'international standard', 'config_control_design', 1994, #2444 ) ;
#1386 = CARTESIAN_POINT ( 'NONE',  ( 50.23241145150168308, 80.44161158385092847, 4.000000000000000000 ) ) ;
#1387 = CARTESIAN_POINT ( 'NONE',  ( 15.63458344004602729, -3.385382909620526792, 16.00000000000000000 ) ) ;
#1388 = CARTESIAN_POINT ( 'NONE',  ( -6.500000000000000888, 0.000000000000000000, 30.39999999999999858 ) ) ;
#1389 = CARTESIAN_POINT ( 'NONE',  ( 0.000000000000000000, 0.000000000000000000, 4.000000000000000000 ) ) ;
#1390 = CARTESIAN_POINT ( 'NONE',  ( -35.50495322693360833, 97.07346047163864000, 4.000000000000000000 ) ) ;
#1391 = CARTESIAN_POINT ( 'NONE',  ( 43.34286445842195690, 86.40621228920208807, 4.000000000000000000 ) ) ;
#1392 = CARTESIAN_POINT ( 'NONE',  ( 41.95765329725570325, 90.24986891931260402, 12.00000000000000000 ) ) ;
#1393 = ORIENTED_EDGE ( 'NONE', *, *, #2806, .F. ) ;
#1394 = B_SPLINE_SURFACE_WITH_KNOTS ( 'NONE', 3, 1, ( 
 ( #388, #422 ),
 ( #3348, #1025 ),
 ( #1579, #1548 ),
 ( #2145, #405 ),
 ( #969, #74 ),
 ( #1239, #987 ),
 ( #2130, #3614 ),
 ( #2112, #2182 ),
 ( #1005, #2402 ),
 ( #2439, #2717 ),
 ( #3310, #1564 ),
 ( #110, #2979 ),
 ( #3576, #1316 ),
 ( #1879, #1277 ) ),
 .UNSPECIFIED., .F., .F., .F.,
 ( 4, 1, 1, 1, 1, 1, 1, 1, 1, 1, 1, 4 ),
 ( 2, 2 ),
 ( 0.000000000000000000, 0.1350157672856901747, 0.2179046148332286215, 0.3067643743810078427, 0.4223730587531137060, 0.5057640773318350380, 0.6126836707157689021, 0.7071238278624992768, 0.7844254153922860517, 0.8646262954099761533, 0.9153497856511333408, 0.9385356789507632858 ),
 ( 0.000000000000000000, 1.000000000000000000 ),
 .UNSPECIFIED. ) ;
#1395 = DIRECTION ( 'NONE',  ( 0.000000000000000000, 0.000000000000000000, -1.000000000000000000 ) ) ;
#1396 = CARTESIAN_POINT ( 'NONE',  ( -103.5658675834909133, -3.465399017147192229, 16.00000000000000000 ) ) ;
#1397 = CARTESIAN_POINT ( 'NONE',  ( 5.898552909013184298, 20.26427960201245426, 16.00000000000000000 ) ) ;
#1398 = VERTEX_POINT ( 'NONE', #3253 ) ;
#1399 = CARTESIAN_POINT ( 'NONE',  ( -11.67946877867742828, 24.00821486140138106, 10.00000000000000000 ) ) ;
#1400 = CARTESIAN_POINT ( 'NONE',  ( -102.9946715168661910, 4.166994245635290639, 16.00000000000000000 ) ) ;
#1401 = AXIS2_PLACEMENT_3D ( 'NONE', #3637, #3075, #706 ) ;
#1402 = CARTESIAN_POINT ( 'NONE',  ( 12.74312034550123407, 17.98947295078569297, 16.00000000000000000 ) ) ;
#1403 = CARTESIAN_POINT ( 'NONE',  ( 14.42377164587935212, -2.127023687252404205, 16.00000000000000000 ) ) ;
#1404 = CIRCLE ( 'NONE', #1699, 11.00000000000000000 ) ;
#1405 = CARTESIAN_POINT ( 'NONE',  ( 1.147309555492924016, -0.6688021192397001213, 16.00000000000000000 ) ) ;
#1406 = DIRECTION ( 'NONE',  ( 1.000000000000000000, 0.000000000000000000, 0.000000000000000000 ) ) ;
#1407 = EDGE_CURVE ( 'NONE', #3468, #2016, #1172, .T. ) ;
#1408 = VECTOR ( 'NONE', #3670, 1000.000000000000000 ) ;
#1409 = CARTESIAN_POINT ( 'NONE',  ( 34.65548007856868651, 97.05127322762321285, 4.000000000000000000 ) ) ;
#1410 = CARTESIAN_POINT ( 'NONE',  ( 0.000000000000000000, 0.000000000000000000, 4.000000000000000000 ) ) ;
#1411 = VECTOR ( 'NONE', #1539, 1000.000000000000114 ) ;
#1412 = CARTESIAN_POINT ( 'NONE',  ( 37.43338548952037570, 95.65582995305429392, 10.00000000000000533 ) ) ;
#1413 = CARTESIAN_POINT ( 'NONE',  ( 35.55459399563605416, 96.80404722883905322, 12.00000000000000000 ) ) ;
#1414 = ORIENTED_EDGE ( 'NONE', *, *, #470, .F. ) ;
#1415 = CARTESIAN_POINT ( 'NONE',  ( -13.61486804501912928, 0.000000000000000000, 4.000000000000000000 ) ) ;
#1416 = AXIS2_PLACEMENT_3D ( 'NONE', #580, #1755, #1778 ) ;
#1417 = CARTESIAN_POINT ( 'NONE',  ( 46.73335961545028994, 77.72947279566328405, 16.00000000000000000 ) ) ;
#1418 = ORIENTED_EDGE ( 'NONE', *, *, #1551, .T. ) ;
#1419 = CARTESIAN_POINT ( 'NONE',  ( 104.2314294937202277, -0.8984156310705904147, 10.00000000000000178 ) ) ;
#1420 = FACE_OUTER_BOUND ( 'NONE', #17, .T. ) ;
#1421 = B_SPLINE_CURVE_WITH_KNOTS ( 'NONE', 3,
 ( #643, #2814, #195, #1016, #732, #140, #485, #1067, #1926, #2229, #3390, #749, #2540, #1378, #502, #2521, #1871, #467, #1641, #1657, #766 ),
 .UNSPECIFIED., .F., .F.,
 ( 4, 1, 1, 1, 1, 1, 1, 1, 1, 1, 1, 1, 1, 1, 1, 1, 1, 1, 4 ),
 ( 0.000000000000000000, 0.09217587363013081403, 0.1299458675005804031, 0.1731068245941054240, 0.2212206362462405540, 0.2716136720405617488, 0.3198266944910184151, 0.3878787152108556513, 0.4480896777248105090, 0.5091098218045568835, 0.5675960064527706406, 0.6146630673410452550, 0.6891459996116887643, 0.7272588840157729884, 0.7721009591884657741, 0.8147122539104346695, 0.8564922319102301618, 0.9107227130310378005, 1.000000000000000000 ),
 .UNSPECIFIED. ) ;
#1422 = CARTESIAN_POINT ( 'NONE',  ( -26.08876656290921758, -9.371797397112899830, 16.00000000000000000 ) ) ;
#1423 = CARTESIAN_POINT ( 'NONE',  ( 66.91363624440050728, 78.54781590270181368, 12.00000000000000000 ) ) ;
#1424 = EDGE_CURVE ( 'NONE', #2971, #1462, #1711, .T. ) ;
#1425 = VERTEX_POINT ( 'NONE', #305 ) ;
#1426 = CARTESIAN_POINT ( 'NONE',  ( 14.42377164587935212, -2.127023687252404205, 12.00000000000000000 ) ) ;
#1427 = CARTESIAN_POINT ( 'NONE',  ( -50.23241145150166886, 80.44161158385092847, 16.00000000000000000 ) ) ;
#1428 = LINE ( 'NONE', #2069, #1708 ) ;
#1429 = CARTESIAN_POINT ( 'NONE',  ( -35.50495322693360833, 97.07346047163864000, 10.00000000000000000 ) ) ;
#1430 = ADVANCED_FACE ( 'NONE', ( #2630 ), #327, .T. ) ;
#1431 = CARTESIAN_POINT ( 'NONE',  ( 54.74598794976408556, 82.14886767526016342, 16.00000000000000000 ) ) ;
#1432 = CC_DESIGN_APPROVAL ( #2098, ( #2589 ) ) ;
#1433 = CARTESIAN_POINT ( 'NONE',  ( -35.50495322693360833, 97.07346047163864000, 10.00000000000000000 ) ) ;
#1434 = ORIENTED_EDGE ( 'NONE', *, *, #3330, .T. ) ;
#1435 = ORIENTED_EDGE ( 'NONE', *, *, #1956, .T. ) ;
#1436 = CARTESIAN_POINT ( 'NONE',  ( -24.16211051039899260, -8.887915735620087077, 12.00000000000000000 ) ) ;
#1437 = CARTESIAN_POINT ( 'NONE',  ( 63.92836056386667565, 80.96992915787180323, 12.00000000000000000 ) ) ;
#1438 = ORIENTED_EDGE ( 'NONE', *, *, #2928, .F. ) ;
#1439 = FACE_BOUND ( 'NONE', #1891, .T. ) ;
#1440 = DIRECTION ( 'NONE',  ( -0.8662307767690619054, 0.4996441147237377645, 0.000000000000000000 ) ) ;
#1441 = LINE ( 'NONE', #2004, #3058 ) ;
#1442 = CARTESIAN_POINT ( 'NONE',  ( 101.3134947225302938, -2.836936634874512198, 12.00000000000000000 ) ) ;
#1443 = ORIENTED_EDGE ( 'NONE', *, *, #1223, .F. ) ;
#1444 = AXIS2_PLACEMENT_3D ( 'NONE', #862, #2022, #3264 ) ;
#1445 = CARTESIAN_POINT ( 'NONE',  ( 20.94624439764723434, -7.837647619075617023, 12.00000000000000000 ) ) ;
#1446 = CARTESIAN_POINT ( 'NONE',  ( 14.00133309853873165, 21.25068224866967626, 10.00000000000000000 ) ) ;
#1447 = CARTESIAN_POINT ( 'NONE',  ( 34.65548007856868651, 97.05127322762321285, 10.00000000000000000 ) ) ;
#1448 = CARTESIAN_POINT ( 'NONE',  ( -5.905110423656681817, 19.74343890363579490, 16.00000000000000000 ) ) ;
#1449 = CARTESIAN_POINT ( 'NONE',  ( -91.32188393734173815, -9.438678552286734913, 10.00000000000000000 ) ) ;
#1450 = AXIS2_PLACEMENT_3D ( 'NONE', #1566, #3019, #1201 ) ;
#1451 = CARTESIAN_POINT ( 'NONE',  ( -37.13113155750699690, 96.52015040603306772, 10.00000000000000000 ) ) ;
#1452 = ORIENTED_EDGE ( 'NONE', *, *, #3276, .T. ) ;
#1453 = ORIENTED_EDGE ( 'NONE', *, *, #2618, .T. ) ;
#1454 = CARTESIAN_POINT ( 'NONE',  ( -98.45780254357383399, -6.139432607529490049, 4.000000000000000000 ) ) ;
#1455 = EDGE_CURVE ( 'NONE', #1125, #1772, #1404, .T. ) ;
#1456 = DIRECTION ( 'NONE',  ( -0.000000000000000000, 0.000000000000000000, 1.000000000000000000 ) ) ;
#1457 = ORIENTED_EDGE ( 'NONE', *, *, #70, .F. ) ;
#1458 = DIRECTION ( 'NONE',  ( 0.4996441147237377645, 0.8662307767690619054, 0.000000000000000000 ) ) ;
#1459 = CARTESIAN_POINT ( 'NONE',  ( 92.52350067897327790, -11.72456804945989184, 4.000000000000000000 ) ) ;
#1460 = CARTESIAN_POINT ( 'NONE',  ( -27.35495800672316236, -9.230192200835293903, 16.00000000000000000 ) ) ;
#1461 = FACE_OUTER_BOUND ( 'NONE', #1000, .T. ) ;
#1462 = VERTEX_POINT ( 'NONE', #3275 ) ;
#1463 = CARTESIAN_POINT ( 'NONE',  ( 13.61486804501912928, 2.050608912650808861E-16, 12.00000000000000000 ) ) ;
#1464 = CARTESIAN_POINT ( 'NONE',  ( -50.23241145150166886, 80.44161158385092847, 12.00000000000000000 ) ) ;
#1465 = DIRECTION ( 'NONE',  ( -1.000000000000000000, 0.000000000000000000, 0.000000000000000000 ) ) ;
#1466 = CARTESIAN_POINT ( 'NONE',  ( 10.21394015829099722, 23.71425225392868086, 16.00000000000000000 ) ) ;
#1467 = CARTESIAN_POINT ( 'NONE',  ( -96.83532422476575618, -7.335353874765146109, 10.00000000000000000 ) ) ;
#1468 = CARTESIAN_POINT ( 'NONE',  ( 20.94624439764723434, -7.837647619075617023, 16.00000000000000000 ) ) ;
#1469 = CARTESIAN_POINT ( 'NONE',  ( -38.94887543118768036, 95.56856342631546397, 10.00000000000000000 ) ) ;
#1470 = EDGE_CURVE ( 'NONE', #1170, #1563, #3501, .T. ) ;
#1471 = ORIENTED_EDGE ( 'NONE', *, *, #2721, .T. ) ;
#1472 = ORIENTED_EDGE ( 'NONE', *, *, #311, .F. ) ;
#1473 = CARTESIAN_POINT ( 'NONE',  ( 8.673617379884035472E-16, -9.814954576223644978, 29.57157287525380340 ) ) ;
#1474 = ORIENTED_EDGE ( 'NONE', *, *, #3586, .F. ) ;
#1475 = DIRECTION ( 'NONE',  ( 1.000000000000000000, 0.000000000000000000, 0.000000000000000000 ) ) ;
#1476 = VERTEX_POINT ( 'NONE', #2960 ) ;
#1477 = CARTESIAN_POINT ( 'NONE',  ( -35.50495322693360833, 97.07346047163864000, 4.000000000000000000 ) ) ;
#1478 = ADVANCED_FACE ( 'NONE', ( #346, #874 ), #2613, .F. ) ;
#1479 = DATE_AND_TIME ( #1167, #3202 ) ;
#1480 = VECTOR ( 'NONE', #438, 1000.000000000000114 ) ;
#1481 = CARTESIAN_POINT ( 'NONE',  ( 99.97589112178953030, -7.772746847271307935, 12.00000000000000000 ) ) ;
#1482 = PRODUCT ( 'Pièce1_Roue_ecrou_Défaut_sldprt', 'Pièce1_Roue_ecrou_Défaut_sldprt', '', ( #2350 ) ) ;
#1483 = CARTESIAN_POINT ( 'NONE',  ( 1.147309555492924016, -0.6688021192397001213, 16.00000000000000000 ) ) ;
#1484 = EDGE_LOOP ( 'NONE', ( #1850, #340 ) ) ;
#1485 = CARTESIAN_POINT ( 'NONE',  ( 24.16211051039899615, -8.887915735620087077, 12.00000000000000000 ) ) ;
#1486 = CARTESIAN_POINT ( 'NONE',  ( -54.74598794976407135, 82.14886767526019185, 12.00000000000000000 ) ) ;
#1487 = CARTESIAN_POINT ( 'NONE',  ( -15.63458344004603084, -3.385382909620526792, 10.00000000000000000 ) ) ;
#1488 = CARTESIAN_POINT ( 'NONE',  ( 39.94084417660519648, 93.45736105760562396, 16.00000000000000000 ) ) ;
#1489 = CARTESIAN_POINT ( 'NONE',  ( 0.000000000000000000, 0.000000000000000000, 20.00000000000000000 ) ) ;
#1490 = CARTESIAN_POINT ( 'NONE',  ( 14.11169872123017655, -0.7560170833218108344, 16.00000000000000000 ) ) ;
#1491 = CARTESIAN_POINT ( 'NONE',  ( -19.75370466724846708, -6.934803996443099194, 10.00000000000000178 ) ) ;
#1492 = CARTESIAN_POINT ( 'NONE',  ( -12.45341646805670877, 6.164201771396467855, 16.00000000000000000 ) ) ;
#1493 = ORIENTED_EDGE ( 'NONE', *, *, #2856, .F. ) ;
#1494 = CARTESIAN_POINT ( 'NONE',  ( -96.83532422476575618, -7.335353874765146109, 4.000000000000000000 ) ) ;
#1495 = CARTESIAN_POINT ( 'NONE',  ( 24.16211051039899615, -8.887915735620087077, 10.00000000000000533 ) ) ;
#1496 = EDGE_LOOP ( 'NONE', ( #3491, #3448, #3112, #683 ) ) ;
#1497 = DIRECTION ( 'NONE',  ( -0.000000000000000000, 0.000000000000000000, 1.000000000000000000 ) ) ;
#1498 = PERSON_AND_ORGANIZATION ( #3439, #1664 ) ;
#1499 = CARTESIAN_POINT ( 'NONE',  ( -43.21970682755805626, 90.72575300733905124, 12.00000000000000000 ) ) ;
#1500 = CARTESIAN_POINT ( 'NONE',  ( -8.500000000000000000, 4.907477288111825153, 29.57157287525380340 ) ) ;
#1501 = EDGE_CURVE ( 'NONE', #1328, #332, #128, .T. ) ;
#1502 = ORIENTED_EDGE ( 'NONE', *, *, #1024, .F. ) ;
#1503 = CARTESIAN_POINT ( 'NONE',  ( -46.73335961545028283, 77.72947279566328405, 4.000000000000000000 ) ) ;
#1504 = CARTESIAN_POINT ( 'NONE',  ( 13.34052234755442434, 20.01411531491224949, 4.000000000000000000 ) ) ;
#1505 = CARTESIAN_POINT ( 'NONE',  ( 0.000000000000000000, -11.59606026179955585, 16.00000000000000000 ) ) ;
#1506 = EDGE_CURVE ( 'NONE', #58, #1065, #2995, .T. ) ;
#1507 = CARTESIAN_POINT ( 'NONE',  ( 13.61486804501912928, 2.050608912650808861E-16, 16.00000000000000000 ) ) ;
#1508 = VECTOR ( 'NONE', #901, 1000.000000000000000 ) ;
#1509 = CARTESIAN_POINT ( 'NONE',  ( 34.18751149398478617, 97.54523304310770015, 4.000000000000000000 ) ) ;
#1510 = CARTESIAN_POINT ( 'NONE',  ( 24.16211051039899615, -8.887915735620087077, 16.00000000000000000 ) ) ;
#1511 = FACE_OUTER_BOUND ( 'NONE', #3781, .T. ) ;
#1512 = ORIENTED_EDGE ( 'NONE', *, *, #1980, .T. ) ;
#1513 = B_SPLINE_CURVE_WITH_KNOTS ( 'NONE', 3,
 ( #3605, #2969, #2989, #415, #1573, #2743, #3285, #680, #66, #2667 ),
 .UNSPECIFIED., .F., .F.,
 ( 4, 1, 1, 1, 1, 1, 1, 4 ),
 ( 0.000000000000000000, 0.04935486653583651129, 0.09747967005435721755, 0.1455889594514178376, 0.2236071140838355731, 0.4378949316624155541, 0.4540957697174577423, 0.5179851620738900042 ),
 .UNSPECIFIED. ) ;
#1514 = CARTESIAN_POINT ( 'NONE',  ( 10.98539073289564350, 0.5667366633724321145, 20.00000000000000000 ) ) ;
#1515 = ORIENTED_EDGE ( 'NONE', *, *, #2246, .F. ) ;
#1516 = CARTESIAN_POINT ( 'NONE',  ( 16.19181371413777626, -4.569913789786324010, 4.000000000000000000 ) ) ;
#1517 = ORIENTED_EDGE ( 'NONE', *, *, #2648, .F. ) ;
#1518 = CARTESIAN_POINT ( 'NONE',  ( -44.02415406327858705, 79.26020423582379237, 4.000000000000000000 ) ) ;
#1519 = PERSON_AND_ORGANIZATION ( #3439, #1664 ) ;
#1520 = CARTESIAN_POINT ( 'NONE',  ( -38.94887543118768036, 95.56856342631546397, 16.00000000000000000 ) ) ;
#1521 = CARTESIAN_POINT ( 'NONE',  ( 17.38101777888876853, -5.225061316532367606, 10.00000000000000000 ) ) ;
#1522 = VERTEX_POINT ( 'NONE', #2163 ) ;
#1523 = CARTESIAN_POINT ( 'NONE',  ( -46.24195549096756253, 76.68968209453018403, 10.00000000000000178 ) ) ;
#1524 = CARTESIAN_POINT ( 'NONE',  ( 12.86725591994920492, 1.945464068658449452, 12.00000000000000000 ) ) ;
#1525 = CARTESIAN_POINT ( 'NONE',  ( 8.223740567289853587, 21.89769805209878939, 10.00000000000000000 ) ) ;
#1526 = CARTESIAN_POINT ( 'NONE',  ( 13.34036312913352873, 0.8838503050108275083, 16.00000000000000000 ) ) ;
#1527 = EDGE_CURVE ( 'NONE', #332, #1720, #1823, .T. ) ;
#1528 = CARTESIAN_POINT ( 'NONE',  ( -44.02415406327858705, 79.26020423582379237, 12.00000000000000000 ) ) ;
#1529 = CARTESIAN_POINT ( 'NONE',  ( 6.500000000000005329, 0.000000000000000000, 28.40000000000000213 ) ) ;
#1530 = CARTESIAN_POINT ( 'NONE',  ( -13.61486804501912928, 0.000000000000000000, 4.000000000000000000 ) ) ;
#1531 = CARTESIAN_POINT ( 'NONE',  ( 12.65491811937066835, 27.14315975095284017, 12.00000000000000000 ) ) ;
#1532 = VECTOR ( 'NONE', #688, 1000.000000000000000 ) ;
#1533 = CARTESIAN_POINT ( 'NONE',  ( 46.24195549096754831, 76.68968209453016982, 16.00000000000000000 ) ) ;
#1534 = EDGE_LOOP ( 'NONE', ( #1928, #2036, #21, #665 ) ) ;
#1535 = CARTESIAN_POINT ( 'NONE',  ( 20.94624439764723434, -7.837647619075617023, 4.000000000000000000 ) ) ;
#1536 = ORIENTED_EDGE ( 'NONE', *, *, #3069, .F. ) ;
#1537 = CARTESIAN_POINT ( 'NONE',  ( -0.01532814986793104572, -9.287942205700460363, 16.00000000000000000 ) ) ;
#1538 = COORDINATED_UNIVERSAL_TIME_OFFSET ( 1, 0, .AHEAD. ) ;
#1539 = DIRECTION ( 'NONE',  ( 0.9999986382117440620, -0.001650325621624664516, 0.000000000000000000 ) ) ;
#1540 = CARTESIAN_POINT ( 'NONE',  ( 96.03373527882739324, -10.40551350225875638, 9.999999999999998224 ) ) ;
#1541 = VERTEX_POINT ( 'NONE', #2476 ) ;
#1542 = AXIS2_PLACEMENT_3D ( 'NONE', #3565, #1811, #61 ) ;
#1543 = EDGE_CURVE ( 'NONE', #260, #3028, #3777, .T. ) ;
#1544 = FACE_OUTER_BOUND ( 'NONE', #3504, .T. ) ;
#1545 = CC_DESIGN_PERSON_AND_ORGANIZATION_ASSIGNMENT ( #1498, #2666, ( #2589 ) ) ;
#1546 = CARTESIAN_POINT ( 'NONE',  ( -0.7127477939199755586, 18.50885608312994179, 10.00000000000000000 ) ) ;
#1547 = CARTESIAN_POINT ( 'NONE',  ( 42.29253798694047362, 78.52576933831133488, 12.00000000000000000 ) ) ;
#1548 = CARTESIAN_POINT ( 'NONE',  ( -48.03388812670046804, 79.08737944992141422, 12.00000000000000000 ) ) ;
#1549 = DIRECTION ( 'NONE',  ( 0.000000000000000000, 0.000000000000000000, 1.000000000000000000 ) ) ;
#1550 = CARTESIAN_POINT ( 'NONE',  ( -13.61486804501912928, 0.000000000000000000, 10.00000000000000000 ) ) ;
#1551 = EDGE_CURVE ( 'NONE', #2269, #1621, #2421, .T. ) ;
#1552 = LINE ( 'NONE', #2425, #793 ) ;
#1553 = VERTEX_POINT ( 'NONE', #1528 ) ;
#1554 = CARTESIAN_POINT ( 'NONE',  ( -45.34545802003545134, 83.60963418298197780, 16.00000000000000000 ) ) ;
#1555 = EDGE_LOOP ( 'NONE', ( #1393, #215, #2171, #3499 ) ) ;
#1556 = CARTESIAN_POINT ( 'NONE',  ( 0.000000000000000000, 0.000000000000000000, 10.00000000000000000 ) ) ;
#1557 = CARTESIAN_POINT ( 'NONE',  ( 13.61486804501912928, 2.050608912650808861E-16, 16.00000000000000000 ) ) ;
#1558 = CARTESIAN_POINT ( 'NONE',  ( 24.16211051039899615, -8.887915735620087077, 10.00000000000000000 ) ) ;
#1559 = EDGE_LOOP ( 'NONE', ( #88, #1418, #922, #1471 ) ) ;
#1560 = CARTESIAN_POINT ( 'NONE',  ( 12.74312034550123407, 17.98947295078569297, 12.00000000000000000 ) ) ;
#1561 = CARTESIAN_POINT ( 'NONE',  ( 11.44165915220281704, 25.12747389820310673, 4.000000000000000000 ) ) ;
#1562 = CARTESIAN_POINT ( 'NONE',  ( 41.56991051861120923, 91.14236359620733197, 12.00000000000000000 ) ) ;
#1563 = VERTEX_POINT ( 'NONE', #1805 ) ;
#1564 = CARTESIAN_POINT ( 'NONE',  ( -65.30837925407895739, 79.90788900709814868, 12.00000000000000000 ) ) ;
#1565 = LINE ( 'NONE', #406, #1343 ) ;
#1566 = CARTESIAN_POINT ( 'NONE',  ( 0.000000000000000000, 0.000000000000000000, 0.000000000000000000 ) ) ;
#1567 = AXIS2_PLACEMENT_3D ( 'NONE', #1888, #1800, #3357 ) ;
#1568 = CARTESIAN_POINT ( 'NONE',  ( 94.60142919475674717, -8.634474376662318207, 10.00000000000000000 ) ) ;
#1569 = EDGE_LOOP ( 'NONE', ( #2000, #117, #3226, #2370, #3481, #1655, #3713 ) ) ;
#1570 = CARTESIAN_POINT ( 'NONE',  ( 17.38101777888876853, -5.225061316532367606, 10.00000000000000533 ) ) ;
#1571 = ORIENTED_EDGE ( 'NONE', *, *, #1024, .T. ) ;
#1572 = CARTESIAN_POINT ( 'NONE',  ( 1.870248747537495149E-15, -9.814954576223643201, 22.00000000000000000 ) ) ;
#1573 = CARTESIAN_POINT ( 'NONE',  ( 12.60220191339104190, 15.48079204061328440, 10.00000000000000000 ) ) ;
#1574 = CARTESIAN_POINT ( 'NONE',  ( 99.54940066188207481, -4.472610537853936030, 12.00000000000000000 ) ) ;
#1575 = ORIENTED_EDGE ( 'NONE', *, *, #2928, .T. ) ;
#1576 = DIRECTION ( 'NONE',  ( 0.5036115573820342250, -0.8639302050925421472, 0.000000000000000000 ) ) ;
#1577 = CARTESIAN_POINT ( 'NONE',  ( -101.3134947225302938, -2.836936634874510865, 4.000000000000000000 ) ) ;
#1578 = CARTESIAN_POINT ( 'NONE',  ( 5.898552909013184298, 20.26427960201245426, 4.000000000000000000 ) ) ;
#1579 = CARTESIAN_POINT ( 'NONE',  ( -48.03388812670046804, 79.08737944992141422, 16.00000000000000000 ) ) ;
#1580 = DIRECTION ( 'NONE',  ( 1.000000000000000000, 0.000000000000000000, 0.000000000000000000 ) ) ;
#1581 = FACE_OUTER_BOUND ( 'NONE', #1555, .T. ) ;
#1582 = CARTESIAN_POINT ( 'NONE',  ( 98.45780254357384820, -6.139432607529491825, 10.00000000000000000 ) ) ;
#1583 = ADVANCED_FACE ( 'NONE', ( #3017 ), #1394, .T. ) ;
#1584 = ORIENTED_EDGE ( 'NONE', *, *, #114, .T. ) ;
#1585 = CARTESIAN_POINT ( 'NONE',  ( -13.61486804501912928, 2.050608912650810586E-16, 4.000000000000000000 ) ) ;
#1586 = ORIENTED_EDGE ( 'NONE', *, *, #2128, .F. ) ;
#1587 = DIRECTION ( 'NONE',  ( 0.000000000000000000, 0.000000000000000000, 1.000000000000000000 ) ) ;
#1588 = CARTESIAN_POINT ( 'NONE',  ( -46.73335961545028283, 77.72947279566328405, 10.00000000000000178 ) ) ;
#1589 = CARTESIAN_POINT ( 'NONE',  ( 24.16211051039899615, -8.887915735620087077, 4.000000000000000000 ) ) ;
#1590 = CARTESIAN_POINT ( 'NONE',  ( 103.0518618345317350, 2.100478337209353619, 12.00000000000000000 ) ) ;
#1591 = ORIENTED_EDGE ( 'NONE', *, *, #1384, .T. ) ;
#1592 = ADVANCED_FACE ( 'NONE', ( #367 ), #950, .T. ) ;
#1593 = AXIS2_PLACEMENT_3D ( 'NONE', #2494, #203, #3074 ) ;
#1594 = CARTESIAN_POINT ( 'NONE',  ( -28.04659553532030003, -9.334253580416488560, 10.00000000000000178 ) ) ;
#1595 = CARTESIAN_POINT ( 'NONE',  ( -57.28524719688056877, 82.66500473020414574, 16.00000000000000000 ) ) ;
#1596 = CARTESIAN_POINT ( 'NONE',  ( -100.0291701482464219, -7.893069880356907930, 4.000000000000000000 ) ) ;
#1597 = CARTESIAN_POINT ( 'NONE',  ( 92.52350067897327790, -11.72456804945989184, 4.000000000000000000 ) ) ;
#1598 = FACE_OUTER_BOUND ( 'NONE', #635, .T. ) ;
#1599 = CARTESIAN_POINT ( 'NONE',  ( -104.2099257345085022, -0.7268683302015175318, 16.00000000000000000 ) ) ;
#1600 = CARTESIAN_POINT ( 'NONE',  ( 12.65491811937066835, 27.14315975095284017, 4.000000000000000000 ) ) ;
#1601 = VERTEX_POINT ( 'NONE', #3292 ) ;
#1602 = DIRECTION ( 'NONE',  ( -0.5000000000000000000, 0.8660254037844387076, 0.000000000000000000 ) ) ;
#1603 = ORIENTED_EDGE ( 'NONE', *, *, #2181, .F. ) ;
#1604 = B_SPLINE_SURFACE_WITH_KNOTS ( 'NONE', 3, 1, ( 
 ( #2736, #2424 ),
 ( #2719, #2982 ),
 ( #691, #2386 ),
 ( #3560, #370 ) ),
 .UNSPECIFIED., .F., .F., .F.,
 ( 4, 4 ),
 ( 2, 2 ),
 ( 0.6160600565905678394, 0.9213004750238944496 ),
 ( 0.000000000000000000, 1.000000000000000000 ),
 .UNSPECIFIED. ) ;
#1605 = CARTESIAN_POINT ( 'NONE',  ( 42.29253798694047362, 78.52576933831133488, 16.00000000000000000 ) ) ;
#1606 = CARTESIAN_POINT ( 'NONE',  ( -63.92836056386667565, 80.96992915787178902, 10.00000000000000178 ) ) ;
#1607 = CARTESIAN_POINT ( 'NONE',  ( -59.69026461210930279, 82.35876107693567860, 10.00000000000000000 ) ) ;
#1608 = CARTESIAN_POINT ( 'NONE',  ( 65.30837925407898581, 79.90788900709814868, 10.00000000000000000 ) ) ;
#1609 = ORIENTED_EDGE ( 'NONE', *, *, #1315, .T. ) ;
#1610 = CARTESIAN_POINT ( 'NONE',  ( -1.147309555492924016, -0.6688021192397001213, 16.00000000000000000 ) ) ;
#1611 = CARTESIAN_POINT ( 'NONE',  ( 65.30837925407898581, 79.90788900709814868, 4.000000000000000000 ) ) ;
#1612 = EDGE_CURVE ( 'NONE', #1541, #618, #129, .T. ) ;
#1613 = CARTESIAN_POINT ( 'NONE',  ( 22.54697192685822671, -8.311285597245346324, 12.00000000000000000 ) ) ;
#1614 = CARTESIAN_POINT ( 'NONE',  ( 89.99525595592842819, -11.59606026179955585, 16.00000000000000000 ) ) ;
#1615 = EDGE_CURVE ( 'NONE', #2019, #1328, #2749, .T. ) ;
#1616 = CARTESIAN_POINT ( 'NONE',  ( -98.45780254357383399, -6.139432607529490049, 12.00000000000000000 ) ) ;
#1617 = CARTESIAN_POINT ( 'NONE',  ( -100.0291701482464219, -7.893069880356907930, 4.000000000000000000 ) ) ;
#1618 = CARTESIAN_POINT ( 'NONE',  ( -66.80333017543829044, 78.71087431966306269, 4.000000000000000000 ) ) ;
#1619 = CARTESIAN_POINT ( 'NONE',  ( -12.60220191339104368, 15.48079204061328440, 4.000000000000000000 ) ) ;
#1620 = VECTOR ( 'NONE', #3710, 1000.000000000000000 ) ;
#1621 = VERTEX_POINT ( 'NONE', #2803 ) ;
#1622 = CARTESIAN_POINT ( 'NONE',  ( 1.126124656488282285E-16, 7.505553499465141165, 30.39999999999999858 ) ) ;
#1623 = CARTESIAN_POINT ( 'NONE',  ( 5.000000000000000000, 6.123233995736766282E-16, 34.99999999999999289 ) ) ;
#1624 = ADVANCED_FACE ( 'NONE', ( #812, #1368, #2256, #774, #1682 ), #1095, .F. ) ;
#1625 = CARTESIAN_POINT ( 'NONE',  ( -0.7127477939199755586, 18.50885608312994179, 12.00000000000000000 ) ) ;
#1626 = B_SPLINE_CURVE_WITH_KNOTS ( 'NONE', 3,
 ( #759, #460, #2201, #1918, #3088, #1649, #1352, #3416, #2513, #1665, #2220, #2529, #3702, #1077 ),
 .UNSPECIFIED., .F., .F.,
 ( 4, 1, 1, 1, 1, 1, 1, 1, 1, 1, 1, 4 ),
 ( 0.000000000000000000, 0.1350157672856901747, 0.2179046148332286215, 0.3067643743810078427, 0.4223730587531137060, 0.5057640773318350380, 0.6126836707157689021, 0.7071238278624992768, 0.7844254153922861628, 0.8646262954099761533, 0.9153497856511333408, 0.9385356789504563091 ),
 .UNSPECIFIED. ) ;
#1627 = ORIENTED_EDGE ( 'NONE', *, *, #1470, .T. ) ;
#1628 = LINE ( 'NONE', #2663, #3652 ) ;
#1629 = FACE_OUTER_BOUND ( 'NONE', #554, .T. ) ;
#1630 = CIRCLE ( 'NONE', #1809, 5.000000000000000000 ) ;
#1631 = CARTESIAN_POINT ( 'NONE',  ( 46.73335961545028994, 77.72947279566328405, 10.00000000000000000 ) ) ;
#1632 = CYLINDRICAL_SURFACE ( 'NONE', #2946, 11.50000000000000000 ) ;
#1633 = DIRECTION ( 'NONE',  ( -0.000000000000000000, -0.000000000000000000, -1.000000000000000000 ) ) ;
#1634 = CARTESIAN_POINT ( 'NONE',  ( 39.94084417660519648, 93.45736105760562396, 4.000000000000000000 ) ) ;
#1635 = CARTESIAN_POINT ( 'NONE',  ( 104.2314294864003728, -0.8984156620037416774, 10.00000000000000000 ) ) ;
#1636 = EDGE_CURVE ( 'NONE', #1398, #3355, #2785, .T. ) ;
#1637 = CARTESIAN_POINT ( 'NONE',  ( 40.55652416215527722, 92.77312483053795233, 4.000000000000000000 ) ) ;
#1638 = CARTESIAN_POINT ( 'NONE',  ( -104.9768680301030770, 2.203900766895053209, 16.00000000000000000 ) ) ;
#1639 = ORIENTED_EDGE ( 'NONE', *, *, #2255, .F. ) ;
#1640 = PLANE ( 'NONE',  #548 ) ;
#1641 = CARTESIAN_POINT ( 'NONE',  ( 11.44165915220281704, 25.12747389820310673, 4.000000000000000000 ) ) ;
#1642 = AXIS2_PLACEMENT_3D ( 'NONE', #1006, #3036, #1580 ) ;
#1643 = CARTESIAN_POINT ( 'NONE',  ( 50.23241145150168308, 80.44161158385092847, 10.00000000000000000 ) ) ;
#1644 = ORIENTED_EDGE ( 'NONE', *, *, #430, .F. ) ;
#1645 = DIRECTION ( 'NONE',  ( -0.000000000000000000, -0.000000000000000000, -1.000000000000000000 ) ) ;
#1646 = CARTESIAN_POINT ( 'NONE',  ( 57.28524719688054745, 82.66500473020417417, 4.000000000000000000 ) ) ;
#1647 = CARTESIAN_POINT ( 'NONE',  ( -38.94887543118768036, 95.56856342631546397, 12.00000000000000000 ) ) ;
#1648 = EDGE_CURVE ( 'NONE', #1208, #3550, #3720, .T. ) ;
#1649 = CARTESIAN_POINT ( 'NONE',  ( 54.74598794976408556, 82.14886767526016342, 4.000000000000000000 ) ) ;
#1650 = CARTESIAN_POINT ( 'NONE',  ( 38.15154374022015560, 95.05230011271468982, 4.000000000000000000 ) ) ;
#1651 = CARTESIAN_POINT ( 'NONE',  ( -104.9768680301031054, 2.203900766896666141, 4.000000000000000000 ) ) ;
#1652 = CARTESIAN_POINT ( 'NONE',  ( 42.70751593584237327, 88.44992427182512529, 10.00000000000000533 ) ) ;
#1653 = EDGE_CURVE ( 'NONE', #1522, #483, #1936, .T. ) ;
#1654 = CARTESIAN_POINT ( 'NONE',  ( 103.0398048839039689, 5.476559870912545591, 16.00000000000000000 ) ) ;
#1655 = ORIENTED_EDGE ( 'NONE', *, *, #401, .T. ) ;
#1656 = LINE ( 'NONE', #1925, #223 ) ;
#1657 = CARTESIAN_POINT ( 'NONE',  ( 12.10857102087429382, 26.42812441157807868, 4.000000000000000000 ) ) ;
#1658 = CARTESIAN_POINT ( 'NONE',  ( -5.905110423656681817, 19.74343890363579490, 12.00000000000000000 ) ) ;
#1659 = ORIENTED_EDGE ( 'NONE', *, *, #2568, .T. ) ;
#1660 = CARTESIAN_POINT ( 'NONE',  ( 36.61771657896527898, 96.10687651928014930, 16.00000000000000000 ) ) ;
#1661 = CARTESIAN_POINT ( 'NONE',  ( 101.9262948962494022, -5.709331410736213641, 16.00000000000000000 ) ) ;
#1662 = CARTESIAN_POINT ( 'NONE',  ( 4.483002770040532603, 19.46745503705359326, 12.00000000000000000 ) ) ;
#1663 = CARTESIAN_POINT ( 'NONE',  ( -43.21970682755805626, 90.72575300733905124, 12.00000000000000000 ) ) ;
#1664 = ORGANIZATION ( 'UNSPECIFIED', 'UNSPECIFIED', '' ) ;
#1665 = CARTESIAN_POINT ( 'NONE',  ( 63.92836056386667565, 80.96992915787180323, 4.000000000000000000 ) ) ;
#1666 = CARTESIAN_POINT ( 'NONE',  ( 40.96529387711908754, 91.88567406541078242, 4.000000000000000000 ) ) ;
#1667 = CARTESIAN_POINT ( 'NONE',  ( -44.13614470617245189, 88.69147528192418406, 10.00000000000000000 ) ) ;
#1668 = CARTESIAN_POINT ( 'NONE',  ( 41.56991051861120923, 91.14236359620733197, 4.000000000000000000 ) ) ;
#1669 = CARTESIAN_POINT ( 'NONE',  ( -40.59479093392905469, 94.11982914663285271, 10.00000000000000000 ) ) ;
#1670 = ORIENTED_EDGE ( 'NONE', *, *, #909, .F. ) ;
#1671 = CYLINDRICAL_SURFACE ( 'NONE', #1383, 103.1852416701762820 ) ;
#1672 = EDGE_CURVE ( 'NONE', #3258, #1756, #3148, .T. ) ;
#1673 = CARTESIAN_POINT ( 'NONE',  ( 13.61486804501912928, 2.050608912650808861E-16, 16.00000000000000000 ) ) ;
#1674 = CARTESIAN_POINT ( 'NONE',  ( 1.116067733176190346, 18.47538363182966492, 12.00000000000000000 ) ) ;
#1675 = ORIENTED_EDGE ( 'NONE', *, *, #1289, .F. ) ;
#1676 = CARTESIAN_POINT ( 'NONE',  ( -5.000000000000000000, 6.123233995736766282E-16, 22.00000000000000000 ) ) ;
#1677 = EDGE_CURVE ( 'NONE', #1079, #98, #1059, .T. ) ;
#1678 = CARTESIAN_POINT ( 'NONE',  ( -66.91363624440054991, 78.54781590270177105, 4.000000000000000000 ) ) ;
#1679 = CARTESIAN_POINT ( 'NONE',  ( 11.44165915220281704, 25.12747389820310673, 12.00000000000000000 ) ) ;
#1680 = CARTESIAN_POINT ( 'NONE',  ( 16.19181371413777626, -4.569913789786324010, 16.00000000000000000 ) ) ;
#1681 = DIRECTION ( 'NONE',  ( 0.000000000000000000, 0.000000000000000000, -1.000000000000000000 ) ) ;
#1682 = FACE_BOUND ( 'NONE', #2305, .T. ) ;
#1683 = DIRECTION ( 'NONE',  ( 1.000000000000000000, 0.000000000000000000, 0.000000000000000000 ) ) ;
#1684 = CARTESIAN_POINT ( 'NONE',  ( -36.05107508881541634, 96.85275697340217960, 4.000000000000000000 ) ) ;
#1685 = CARTESIAN_POINT ( 'NONE',  ( 103.0398048839039689, 5.476559870912545591, 16.00000000000000000 ) ) ;
#1686 = CARTESIAN_POINT ( 'NONE',  ( 42.29253798694047362, 78.52576933831133488, 12.00000000000000000 ) ) ;
#1687 = ORIENTED_EDGE ( 'NONE', *, *, #866, .F. ) ;
#1688 = EDGE_CURVE ( 'NONE', #1069, #1345, #3685, .T. ) ;
#1689 = DIRECTION ( 'NONE',  ( -1.000000000000000000, 0.000000000000000000, 0.000000000000000000 ) ) ;
#1690 = PRODUCT_DEFINITION ( 'UNKNOWN', '', #2589, #818 ) ;
#1691 = CARTESIAN_POINT ( 'NONE',  ( -24.16211051039899260, -8.887915735620087077, 4.000000000000000000 ) ) ;
#1692 = VERTEX_POINT ( 'NONE', #2858 ) ;
#1693 = DIRECTION ( 'NONE',  ( 0.9999986382117440620, -0.001650325621624664733, 0.000000000000000000 ) ) ;
#1694 = CARTESIAN_POINT ( 'NONE',  ( 96.18576306641723761, -10.59256769103866702, 4.000000000000000000 ) ) ;
#1695 = CARTESIAN_POINT ( 'NONE',  ( -20.94624439764723789, -7.837647619075618799, 16.00000000000000000 ) ) ;
#1696 = PLANE ( 'NONE',  #448 ) ;
#1697 = EDGE_CURVE ( 'NONE', #18, #959, #1041, .T. ) ;
#1698 = ORIENTED_EDGE ( 'NONE', *, *, #3744, .T. ) ;
#1699 = AXIS2_PLACEMENT_3D ( 'NONE', #1489, #2339, #2093 ) ;
#1700 = CARTESIAN_POINT ( 'NONE',  ( 40.55652416215527722, 92.77312483053795233, 16.00000000000000000 ) ) ;
#1701 = CARTESIAN_POINT ( 'NONE',  ( -46.73335961545028283, 77.72947279566328405, 16.00000000000000000 ) ) ;
#1702 = DIRECTION ( 'NONE',  ( -0.000000000000000000, 0.000000000000000000, 1.000000000000000000 ) ) ;
#1703 = CARTESIAN_POINT ( 'NONE',  ( -44.68019288019633706, 86.63453829268611628, 4.000000000000000000 ) ) ;
#1704 = CARTESIAN_POINT ( 'NONE',  ( 40.96529387711908754, 91.88567406541078242, 10.00000000000000533 ) ) ;
#1705 = CARTESIAN_POINT ( 'NONE',  ( -100.8159389499280110, -7.252502813327633469, 12.00000000000000000 ) ) ;
#1706 = ORIENTED_EDGE ( 'NONE', *, *, #3669, .T. ) ;
#1707 = CARTESIAN_POINT ( 'NONE',  ( -2.252061831604196485, 1.298994991094602591, 16.00000000000000000 ) ) ;
#1708 = VECTOR ( 'NONE', #324, 999.9999999999998863 ) ;
#1709 = CARTESIAN_POINT ( 'NONE',  ( -12.86725591994920137, 1.945464068658449008, 4.000000000000000000 ) ) ;
#1710 = VERTEX_POINT ( 'NONE', #493 ) ;
#1711 = B_SPLINE_CURVE_WITH_KNOTS ( 'NONE', 3,
 ( #1449, #2032, #3232, #1467, #913, #1159, #3763, #1219, #3479, #2052, #2014 ),
 .UNSPECIFIED., .F., .F.,
 ( 4, 1, 1, 1, 1, 1, 1, 1, 4 ),
 ( 0.000000000000000000, 0.1949571952945148567, 0.2904616644566326289, 0.3738167854987162197, 0.4830204466706601862, 0.5763719702222344088, 0.7141170624379623577, 0.8073561366014027074, 1.000000000000000000 ),
 .UNSPECIFIED. ) ;
#1712 = FACE_OUTER_BOUND ( 'NONE', #1012, .T. ) ;
#1713 = FACE_BOUND ( 'NONE', #2080, .T. ) ;
#1714 = CARTESIAN_POINT ( 'NONE',  ( 28.04659553532030003, -9.334253580416488560, 4.000000000000000000 ) ) ;
#1715 = CARTESIAN_POINT ( 'NONE',  ( 91.32188393734173815, -9.438678552286734913, 16.00000000000000000 ) ) ;
#1716 = ORIENTED_EDGE ( 'NONE', *, *, #514, .T. ) ;
#1717 = CARTESIAN_POINT ( 'NONE',  ( 19.75370466724846708, -6.934803996443100971, 12.00000000000000000 ) ) ;
#1718 = CARTESIAN_POINT ( 'NONE',  ( 12.86725591994920492, 1.945464068658449452, 10.00000000000000000 ) ) ;
#1719 = CARTESIAN_POINT ( 'NONE',  ( 40.55652416215527722, 92.77312483053795233, 10.00000000000000000 ) ) ;
#1720 = VERTEX_POINT ( 'NONE', #1115 ) ;
#1721 = CARTESIAN_POINT ( 'NONE',  ( -2.638420844178507529, 18.53901432367394975, 16.00000000000000000 ) ) ;
#1722 = EDGE_CURVE ( 'NONE', #3529, #521, #1333, .T. ) ;
#1723 = CARTESIAN_POINT ( 'NONE',  ( 11.50000000000000000, 0.000000000000000000, 0.000000000000000000 ) ) ;
#1724 = CARTESIAN_POINT ( 'NONE',  ( 8.500000000000005329, 4.907477288111821601, 22.00000000000000000 ) ) ;
#1725 = EDGE_LOOP ( 'NONE', ( #2615, #24 ) ) ;
#1726 = ORIENTED_EDGE ( 'NONE', *, *, #2017, .T. ) ;
#1727 = CARTESIAN_POINT ( 'NONE',  ( -94.60142919475676138, -8.634474376662318207, 4.000000000000000000 ) ) ;
#1728 = CARTESIAN_POINT ( 'NONE',  ( 52.36457512509295498, 81.61970303100666513, 16.00000000000000000 ) ) ;
#1729 = ORIENTED_EDGE ( 'NONE', *, *, #858, .T. ) ;
#1730 = FACE_OUTER_BOUND ( 'NONE', #373, .T. ) ;
#1731 =( NAMED_UNIT ( * ) PLANE_ANGLE_UNIT ( ) SI_UNIT ( $, .RADIAN. ) );
#1732 = EDGE_CURVE ( 'NONE', #211, #2950, #497, .T. ) ;
#1733 = LINE ( 'NONE', #2873, #2388 ) ;
#1734 = CARTESIAN_POINT ( 'NONE',  ( -14.29935285123792355, 21.89312541265675449, 12.00000000000000000 ) ) ;
#1735 = EDGE_LOOP ( 'NONE', ( #2740, #592, #577, #1698 ) ) ;
#1736 = VECTOR ( 'NONE', #884, 1000.000000000000000 ) ;
#1737 = LINE ( 'NONE', #322, #3033 ) ;
#1738 = CARTESIAN_POINT ( 'NONE',  ( 13.34036312913352873, 0.8838503050108275083, 4.000000000000000000 ) ) ;
#1739 = CARTESIAN_POINT ( 'NONE',  ( 43.05315509022149456, 80.15741867147563937, 10.00000000000000000 ) ) ;
#1740 = CARTESIAN_POINT ( 'NONE',  ( 4.483002770040532603, 19.46745503705359326, 16.00000000000000000 ) ) ;
#1741 = CARTESIAN_POINT ( 'NONE',  ( 34.65548007856868651, 97.05127322762321285, 4.000000000000000000 ) ) ;
#1742 = CARTESIAN_POINT ( 'NONE',  ( 14.42377164587935212, -2.127023687252404205, 16.00000000000000000 ) ) ;
#1743 = CARTESIAN_POINT ( 'NONE',  ( -103.3970670614508407, -3.414581306962506613, 9.999999999999998224 ) ) ;
#1744 = ORIENTED_EDGE ( 'NONE', *, *, #268, .T. ) ;
#1745 = EDGE_CURVE ( 'NONE', #288, #1245, #1626, .T. ) ;
#1746 = ORIENTED_EDGE ( 'NONE', *, *, #341, .T. ) ;
#1747 = CARTESIAN_POINT ( 'NONE',  ( -14.00133309853872987, 21.25068224866967626, 12.00000000000000000 ) ) ;
#1748 = VERTEX_POINT ( 'NONE', #792 ) ;
#1749 = VERTEX_POINT ( 'NONE', #1952 ) ;
#1750 = CARTESIAN_POINT ( 'NONE',  ( -28.04659553532030003, -9.334253580416488560, 16.00000000000000000 ) ) ;
#1751 = ORIENTED_EDGE ( 'NONE', *, *, #2096, .T. ) ;
#1752 = CARTESIAN_POINT ( 'NONE',  ( -91.91255422896379912, -11.52220327945236811, 10.00000000000000000 ) ) ;
#1753 = DATE_AND_TIME ( #337, #276 ) ;
#1754 = DIRECTION ( 'NONE',  ( 0.000000000000000000, -0.000000000000000000, 1.000000000000000000 ) ) ;
#1755 = DIRECTION ( 'NONE',  ( 0.000000000000000000, 0.000000000000000000, 1.000000000000000000 ) ) ;
#1756 = VERTEX_POINT ( 'NONE', #3126 ) ;
#1757 = CARTESIAN_POINT ( 'NONE',  ( 43.34286445842195690, 86.40621228920208807, 16.00000000000000000 ) ) ;
#1758 = CARTESIAN_POINT ( 'NONE',  ( -98.93158933006843370, -8.625360308519736563, 12.00000000000000000 ) ) ;
#1759 = CARTESIAN_POINT ( 'NONE',  ( -12.28252948003778400, 24.70789247510377251, 4.000000000000000000 ) ) ;
#1760 = CARTESIAN_POINT ( 'NONE',  ( -98.93158933006843370, -8.625360308519736563, 10.00000000000000000 ) ) ;
#1761 = EDGE_CURVE ( 'NONE', #1749, #1831, #510, .T. ) ;
#1762 = DIRECTION ( 'NONE',  ( -0.000000000000000000, -0.000000000000000000, -1.000000000000000000 ) ) ;
#1763 = PLANE ( 'NONE',  #1824 ) ;
#1764 = CARTESIAN_POINT ( 'NONE',  ( -17.38101777888877209, -5.225061316532367606, 4.000000000000000000 ) ) ;
#1765 = CARTESIAN_POINT ( 'NONE',  ( -12.74312034550123229, 17.98947295078569653, 16.00000000000000000 ) ) ;
#1766 = VECTOR ( 'NONE', #187, 1000.000000000000000 ) ;
#1767 = ORIENTED_EDGE ( 'NONE', *, *, #2597, .F. ) ;
#1768 = DIRECTION ( 'NONE',  ( 1.000000000000000000, 0.000000000000000000, 0.000000000000000000 ) ) ;
#1769 = EDGE_CURVE ( 'NONE', #417, #3529, #1987, .T. ) ;
#1770 = B_SPLINE_CURVE_WITH_KNOTS ( 'NONE', 3,
 ( #2405, #2963, #3598, #349, #3580, #954, #2114, #971, #2132, #1844 ),
 .UNSPECIFIED., .F., .F.,
 ( 4, 1, 1, 1, 1, 1, 1, 4 ),
 ( 0.000000000000000000, 0.04935486653583651129, 0.09747967005435721755, 0.1455889594514178376, 0.2236071140838355731, 0.4378949316624155541, 0.4540957697174577423, 0.5179851620738900042 ),
 .UNSPECIFIED. ) ;
#1771 = CARTESIAN_POINT ( 'NONE',  ( -15.63458344004603084, -3.385382909620526792, 4.000000000000000000 ) ) ;
#1772 = VERTEX_POINT ( 'NONE', #1136 ) ;
#1773 = DIRECTION ( 'NONE',  ( 1.000000000000000000, 0.000000000000000000, 0.000000000000000000 ) ) ;
#1774 = APPROVAL_STATUS ( 'not_yet_approved' ) ;
#1775 = VECTOR ( 'NONE', #911, 1000.000000000000000 ) ;
#1776 = CARTESIAN_POINT ( 'NONE',  ( -15.63458344004603084, -3.385382909620526792, 16.00000000000000000 ) ) ;
#1777 = B_SPLINE_SURFACE_WITH_KNOTS ( 'NONE', 3, 1, ( 
 ( #763, #3369 ),
 ( #799, #2517 ),
 ( #210, #3404 ),
 ( #482, #3079 ),
 ( #2482, #1619 ),
 ( #3658, #779 ),
 ( #174, #2501 ),
 ( #3691, #3641 ),
 ( #728, #1940 ),
 ( #1302, #1585 ) ),
 .UNSPECIFIED., .F., .F., .F.,
 ( 4, 1, 1, 1, 1, 1, 1, 4 ),
 ( 2, 2 ),
 ( 0.000000000000000000, 0.04935486653583651129, 0.09747967005435721755, 0.1455889594514178376, 0.2236071140838355731, 0.4378949316624155541, 0.4540957697174577423, 0.5179851620738900042 ),
 ( 0.000000000000000000, 1.000000000000000000 ),
 .UNSPECIFIED. ) ;
#1778 = DIRECTION ( 'NONE',  ( 0.9986718848086948430, 0.05152151485203915887, 0.000000000000000000 ) ) ;
#1779 = ORIENTED_EDGE ( 'NONE', *, *, #2378, .T. ) ;
#1780 = DIRECTION ( 'NONE',  ( -0.000000000000000000, -0.000000000000000000, -1.000000000000000000 ) ) ;
#1781 = DIRECTION ( 'NONE',  ( 0.000000000000000000, 0.000000000000000000, 1.000000000000000000 ) ) ;
#1782 = CARTESIAN_POINT ( 'NONE',  ( -14.11169872123017477, -0.7560170833218096131, 10.00000000000000000 ) ) ;
#1783 = CARTESIAN_POINT ( 'NONE',  ( -28.04659553532030003, -9.334253580416488560, 16.00000000000000000 ) ) ;
#1784 = CARTESIAN_POINT ( 'NONE',  ( 66.80333017543827623, 78.71087431966309111, 16.00000000000000000 ) ) ;
#1785 = CARTESIAN_POINT ( 'NONE',  ( 12.65491811937066835, 27.14315975095284017, 10.00000000000000000 ) ) ;
#1786 = CARTESIAN_POINT ( 'NONE',  ( -19.75370466724846708, -6.934803996443099194, 4.000000000000000000 ) ) ;
#1787 = ORIENTED_EDGE ( 'NONE', *, *, #2141, .T. ) ;
#1788 = B_SPLINE_CURVE_WITH_KNOTS ( 'NONE', 3,
 ( #1184, #2347, #2059, #1771, #2949, #334, #2559, #2268, #3157, #534, #1691, #940, #694, #1227 ),
 .UNSPECIFIED., .F., .F.,
 ( 4, 1, 1, 1, 1, 1, 1, 1, 1, 1, 1, 4 ),
 ( 0.000000000000000000, 0.1489369628854519123, 0.2187406032244147980, 0.2837510101583713418, 0.3573881234826286613, 0.4340133846367745241, 0.5232015280749875430, 0.6022686970478416946, 0.6773789796004616726, 0.7942826686123175550, 0.8855241963004978345, 1.000000000000000000 ),
 .UNSPECIFIED. ) ;
#1789 = CARTESIAN_POINT ( 'NONE',  ( 8.673617379884035472E-16, -8.858369329271242876, 30.40000000000000213 ) ) ;
#1790 = B_SPLINE_CURVE_WITH_KNOTS ( 'NONE', 3,
 ( #3169, #550, #3498, #590 ),
 .UNSPECIFIED., .F., .F.,
 ( 4, 4 ),
 ( 0.000000000000000000, 1.000000000000000000 ),
 .UNSPECIFIED. ) ;
#1791 = VERTEX_POINT ( 'NONE', #2957 ) ;
#1792 = CARTESIAN_POINT ( 'NONE',  ( -45.10807307240187214, 81.02069710910515710, 16.00000000000000000 ) ) ;
#1793 = VERTEX_POINT ( 'NONE', #1758 ) ;
#1794 = CARTESIAN_POINT ( 'NONE',  ( -66.91363624440054991, 78.54781590270177105, 10.00000000000000000 ) ) ;
#1795 = DATE_AND_TIME ( #3301, #1255 ) ;
#1796 = CARTESIAN_POINT ( 'NONE',  ( 13.34036312913352873, 0.8838503050108275083, 12.00000000000000000 ) ) ;
#1797 = DIRECTION ( 'NONE',  ( -0.000000000000000000, -0.000000000000000000, -1.000000000000000000 ) ) ;
#1798 = VERTEX_POINT ( 'NONE', #343 ) ;
#1799 = ADVANCED_FACE ( 'NONE', ( #1154 ), #1876, .T. ) ;
#1800 = DIRECTION ( 'NONE',  ( 0.000000000000000000, -0.000000000000000000, 1.000000000000000000 ) ) ;
#1801 = CARTESIAN_POINT ( 'NONE',  ( -65.30837925407895739, 79.90788900709814868, 16.00000000000000000 ) ) ;
#1802 = FACE_OUTER_BOUND ( 'NONE', #1181, .T. ) ;
#1803 = CARTESIAN_POINT ( 'NONE',  ( 42.39386818192176065, 89.37719346822775890, 12.00000000000000000 ) ) ;
#1804 = VECTOR ( 'NONE', #2355, 1000.000000000000114 ) ;
#1805 = CARTESIAN_POINT ( 'NONE',  ( 66.91363624440050728, 78.54781590270181368, 16.00000000000000000 ) ) ;
#1806 = FACE_OUTER_BOUND ( 'NONE', #3506, .T. ) ;
#1807 = PLANE ( 'NONE',  #1846 ) ;
#1808 = ORIENTED_EDGE ( 'NONE', *, *, #3579, .F. ) ;
#1809 = AXIS2_PLACEMENT_3D ( 'NONE', #132, #1862, #1299 ) ;
#1810 = LINE ( 'NONE', #2077, #379 ) ;
#1811 = DIRECTION ( 'NONE',  ( -0.000000000000000000, 0.000000000000000000, 1.000000000000000000 ) ) ;
#1812 = VERTEX_POINT ( 'NONE', #2609 ) ;
#1813 = DIRECTION ( 'NONE',  ( 1.000000000000000000, 0.000000000000000000, 0.000000000000000000 ) ) ;
#1814 = EDGE_CURVE ( 'NONE', #1345, #1945, #682, .T. ) ;
#1815 = FACE_OUTER_BOUND ( 'NONE', #3785, .T. ) ;
#1816 = CARTESIAN_POINT ( 'NONE',  ( 94.53052616173053480, -11.01921859256958136, 12.00000000000000178 ) ) ;
#1817 = ORIENTED_EDGE ( 'NONE', *, *, #797, .F. ) ;
#1818 = CARTESIAN_POINT ( 'NONE',  ( -96.83532422476575618, -7.335353874765146109, 4.000000000000000000 ) ) ;
#1819 = EDGE_CURVE ( 'NONE', #483, #3540, #2684, .T. ) ;
#1820 = CARTESIAN_POINT ( 'NONE',  ( 4.993359424043473993, 0.2576075742601958707, 22.00000000000000000 ) ) ;
#1821 = DIRECTION ( 'NONE',  ( 0.000000000000000000, 0.000000000000000000, 1.000000000000000000 ) ) ;
#1822 = ORIENTED_EDGE ( 'NONE', *, *, #3738, .F. ) ;
#1823 = LINE ( 'NONE', #2767, #1532 ) ;
#1824 = AXIS2_PLACEMENT_3D ( 'NONE', #2403, #2961, #1964 ) ;
#1825 = LINE ( 'NONE', #3000, #3420 ) ;
#1826 = ORIENTED_EDGE ( 'NONE', *, *, #3457, .F. ) ;
#1827 = CARTESIAN_POINT ( 'NONE',  ( 103.0518618345317350, 2.100478337209353619, 10.00000000000000000 ) ) ;
#1828 = VECTOR ( 'NONE', #1972, 1000.000000000000000 ) ;
#1829 = EDGE_LOOP ( 'NONE', ( #3312, #2815, #3665, #1941, #1321, #615, #2397 ) ) ;
#1830 = CARTESIAN_POINT ( 'NONE',  ( -37.13113155750699690, 96.52015040603306772, 16.00000000000000000 ) ) ;
#1831 = VERTEX_POINT ( 'NONE', #2068 ) ;
#1832 = CARTESIAN_POINT ( 'NONE',  ( 0.000000000000000000, 0.000000000000000000, 0.000000000000000000 ) ) ;
#1833 = CARTESIAN_POINT ( 'NONE',  ( 0.000000000000000000, -11.59606026179955585, 4.000000000000000000 ) ) ;
#1834 = EDGE_LOOP ( 'NONE', ( #747, #2463, #3084, #2409 ) ) ;
#1835 = CARTESIAN_POINT ( 'NONE',  ( 94.53052616173053480, -11.01921859256958136, 9.999999999999998224 ) ) ;
#1836 = EDGE_CURVE ( 'NONE', #1756, #321, #1951, .T. ) ;
#1837 = EDGE_LOOP ( 'NONE', ( #1639, #1051, #2314, #1226 ) ) ;
#1838 = CARTESIAN_POINT ( 'NONE',  ( 13.34052234755442434, 20.01411531491224949, 12.00000000000000000 ) ) ;
#1839 = DIRECTION ( 'NONE',  ( 0.8643338901067765256, 0.5029184093000442779, -0.000000000000000000 ) ) ;
#1840 = LINE ( 'NONE', #2359, #1923 ) ;
#1841 = EDGE_CURVE ( 'NONE', #1069, #3675, #1124, .T. ) ;
#1842 = CARTESIAN_POINT ( 'NONE',  ( 104.2101154566506409, -0.7260616329997064966, 4.000000000000000000 ) ) ;
#1843 = CARTESIAN_POINT ( 'NONE',  ( -96.83532422476575618, -7.335353874765146109, 16.00000000000000000 ) ) ;
#1844 = CARTESIAN_POINT ( 'NONE',  ( -13.61486804501912928, 0.000000000000000000, 10.00000000000000000 ) ) ;
#1845 = EDGE_CURVE ( 'NONE', #2625, #1222, #3013, .T. ) ;
#1846 = AXIS2_PLACEMENT_3D ( 'NONE', #330, #2073, #2981 ) ;
#1847 = CARTESIAN_POINT ( 'NONE',  ( 96.83532422476577040, -7.335353874765145221, 10.00000000000000000 ) ) ;
#1848 = ORIENTED_EDGE ( 'NONE', *, *, #1294, .F. ) ;
#1849 = CARTESIAN_POINT ( 'NONE',  ( -35.50495322693360833, 97.07346047163864000, 16.00000000000000000 ) ) ;
#1850 = ORIENTED_EDGE ( 'NONE', *, *, #2826, .F. ) ;
#1851 = CARTESIAN_POINT ( 'NONE',  ( -45.10807307240187214, 81.02069710910515710, 4.000000000000000000 ) ) ;
#1852 = DIRECTION ( 'NONE',  ( -0.5029184093000442779, 0.8643338901067765256, 0.000000000000000000 ) ) ;
#1853 = CARTESIAN_POINT ( 'NONE',  ( 92.97062026337313512, -11.34423151455725076, 12.00000000000000000 ) ) ;
#1854 = ORIENTED_EDGE ( 'NONE', *, *, #1075, .F. ) ;
#1855 = EDGE_CURVE ( 'NONE', #1380, #449, #966, .T. ) ;
#1856 = CARTESIAN_POINT ( 'NONE',  ( 104.9769395856255301, 2.206356871753986315, 16.00000000000000000 ) ) ;
#1857 = CARTESIAN_POINT ( 'NONE',  ( -12.28252948003778044, 24.70789247510376896, 16.00000000000000000 ) ) ;
#1858 = CARTESIAN_POINT ( 'NONE',  ( 7.297683906235955753, 21.02329957099748725, 10.00000000000000000 ) ) ;
#1859 = ADVANCED_FACE ( 'NONE', ( #3631 ), #1256, .T. ) ;
#1860 = CARTESIAN_POINT ( 'NONE',  ( 103.5658675834909275, -3.465399017147191785, 4.000000000000000000 ) ) ;
#1861 = CYLINDRICAL_SURFACE ( 'NONE', #2691, 103.3627516641538193 ) ;
#1862 = DIRECTION ( 'NONE',  ( 0.000000000000000000, 0.000000000000000000, 1.000000000000000000 ) ) ;
#1863 = VECTOR ( 'NONE', #2401, 1000.000000000000000 ) ;
#1864 = CARTESIAN_POINT ( 'NONE',  ( -57.28524719688056877, 82.66500473020414574, 4.000000000000000000 ) ) ;
#1865 = EDGE_CURVE ( 'NONE', #2149, #596, #437, .T. ) ;
#1866 = EDGE_LOOP ( 'NONE', ( #1266, #2, #3520, #3392 ) ) ;
#1867 = CARTESIAN_POINT ( 'NONE',  ( -11.50000000000000000, 1.408343819019456176E-15, 16.00000000000000000 ) ) ;
#1868 = EDGE_LOOP ( 'NONE', ( #3235, #810 ) ) ;
#1869 = DIRECTION ( 'NONE',  ( 0.9999986382117440620, 0.001650325621624664733, 0.000000000000000000 ) ) ;
#1870 = CARTESIAN_POINT ( 'NONE',  ( 0.000000000000000000, 0.000000000000000000, 4.000000000000000000 ) ) ;
#1871 = CARTESIAN_POINT ( 'NONE',  ( 9.264247147714717912, 22.68462024131437360, 4.000000000000000000 ) ) ;
#1872 = LINE ( 'NONE', #3303, #3561 ) ;
#1873 =( BOUNDED_CURVE ( )  B_SPLINE_CURVE ( 3, ( #2389, #1789, #1473, #2037 ),
 .UNSPECIFIED., .F., .F. ) 
 B_SPLINE_CURVE_WITH_KNOTS ( ( 4, 4 ),
 ( 4.712388980384689674, 6.283185307179586232 ),
 .UNSPECIFIED. ) 
 CURVE ( )  GEOMETRIC_REPRESENTATION_ITEM ( )  RATIONAL_B_SPLINE_CURVE ( ( 1.000000000000000000, 0.8047378541243649375, 0.8047378541243649375, 1.000000000000000000 ) ) 
 REPRESENTATION_ITEM ( '' )  );
#1874 = ORIENTED_EDGE ( 'NONE', *, *, #114, .F. ) ;
#1875 = LINE ( 'NONE', #3102, #207 ) ;
#1876 = B_SPLINE_SURFACE_WITH_KNOTS ( 'NONE', 3, 1, ( 
 ( #1193, #3184 ),
 ( #1446, #2591 ),
 ( #2627, #1504 ),
 ( #544, #300 ),
 ( #3475, #566 ),
 ( #2010, #889 ),
 ( #2898, #3779 ),
 ( #1718, #283 ),
 ( #584, #1738 ),
 ( #2938, #1215 ) ),
 .UNSPECIFIED., .F., .F., .F.,
 ( 4, 1, 1, 1, 1, 1, 1, 4 ),
 ( 2, 2 ),
 ( 0.000000000000000000, 0.04935486653583651129, 0.09747967005435721755, 0.1455889594514178376, 0.2236071140838355731, 0.4378949316624155541, 0.4540957697174577423, 0.5179851620738900042 ),
 ( 0.000000000000000000, 1.000000000000000000 ),
 .UNSPECIFIED. ) ;
#1877 = CARTESIAN_POINT ( 'NONE',  ( -102.9946715168661910, 4.166994245635290639, 10.00000000000000178 ) ) ;
#1878 = CARTESIAN_POINT ( 'NONE',  ( 1.564312525769949058, 0.9102056232125397273, 16.00000000000000000 ) ) ;
#1879 = CARTESIAN_POINT ( 'NONE',  ( -66.91363624440936064, 78.54781590268899549, 16.00000000000000000 ) ) ;
#1880 = CARTESIAN_POINT ( 'NONE',  ( -101.3134947225302938, -2.836936634874510865, 16.00000000000000000 ) ) ;
#1881 = CARTESIAN_POINT ( 'NONE',  ( -89.99525595592842819, -11.59606026179955585, 4.000000000000000000 ) ) ;
#1882 = AXIS2_PLACEMENT_3D ( 'NONE', #1369, #3166, #545 ) ;
#1883 = CARTESIAN_POINT ( 'NONE',  ( 89.99525595592842819, -11.59606026179955585, 4.000000000000000000 ) ) ;
#1884 = VERTEX_POINT ( 'NONE', #3573 ) ;
#1885 = DIRECTION ( 'NONE',  ( 0.8660254037844387076, 0.4999999999999998890, 0.000000000000000000 ) ) ;
#1886 = ORIENTED_EDGE ( 'NONE', *, *, #1330, .F. ) ;
#1887 = CARTESIAN_POINT ( 'NONE',  ( 43.05315509022149456, 80.15741867147563937, 16.00000000000000000 ) ) ;
#1888 = CARTESIAN_POINT ( 'NONE',  ( 0.000000000000000000, 0.000000000000000000, 22.00000000000000000 ) ) ;
#1889 = LINE ( 'NONE', #3407, #1156 ) ;
#1890 = CARTESIAN_POINT ( 'NONE',  ( 12.65491811937066835, 27.14315975095284017, 12.00000000000000000 ) ) ;
#1891 = EDGE_LOOP ( 'NONE', ( #654, #1978, #3333, #3464, #2488, #106 ) ) ;
#1892 = CIRCLE ( 'NONE', #1093, 5.000000000000000000 ) ;
#1893 = EDGE_CURVE ( 'NONE', #1228, #591, #2764, .T. ) ;
#1894 = CARTESIAN_POINT ( 'NONE',  ( -66.91363624440054991, 78.54781590270177105, 16.00000000000000000 ) ) ;
#1895 = CARTESIAN_POINT ( 'NONE',  ( 62.00719827582999955, 81.93640675327759482, 4.000000000000000000 ) ) ;
#1896 = CARTESIAN_POINT ( 'NONE',  ( -7.170913673061643401, 20.52120068081685034, 10.00000000000000000 ) ) ;
#1897 = VERTEX_POINT ( 'NONE', #419 ) ;
#1898 = CARTESIAN_POINT ( 'NONE',  ( 8.500000000000005329, -4.907477288111823377, 22.00000000000000000 ) ) ;
#1899 = CIRCLE ( 'NONE', #3186, 11.00000000000000000 ) ;
#1900 = CARTESIAN_POINT ( 'NONE',  ( 1.121715567653502887E-15, -7.505553499465140277, 30.39999999999999858 ) ) ;
#1901 = CARTESIAN_POINT ( 'NONE',  ( -96.18576306641722340, -10.59256769103866347, 4.000000000000000000 ) ) ;
#1902 = CARTESIAN_POINT ( 'NONE',  ( -52.36457512509296919, 81.61970303100665092, 4.000000000000000000 ) ) ;
#1903 = DIRECTION ( 'NONE',  ( -0.000000000000000000, 0.000000000000000000, 1.000000000000000000 ) ) ;
#1904 = ORIENTED_EDGE ( 'NONE', *, *, #1118, .F. ) ;
#1905 = B_SPLINE_SURFACE_WITH_KNOTS ( 'NONE', 3, 1, ( 
 ( #2331, #1419 ),
 ( #2583, #3753 ),
 ( #3525, #1129 ),
 ( #2287, #3470 ) ),
 .UNSPECIFIED., .F., .F., .F.,
 ( 4, 4 ),
 ( 2, 2 ),
 ( 0.1440020869513424506, 0.2654023066871528114 ),
 ( 0.000000000000000000, 1.000000000000000000 ),
 .UNSPECIFIED. ) ;
#1906 = CARTESIAN_POINT ( 'NONE',  ( -52.36457512509296919, 81.61970303100665092, 10.00000000000000178 ) ) ;
#1907 = DIRECTION ( 'NONE',  ( 1.000000000000000000, 0.000000000000000000, 0.000000000000000000 ) ) ;
#1908 = AXIS2_PLACEMENT_3D ( 'NONE', #2791, #3111, #746 ) ;
#1909 = DIRECTION ( 'NONE',  ( -0.000000000000000000, -0.000000000000000000, -1.000000000000000000 ) ) ;
#1910 = ORIENTED_EDGE ( 'NONE', *, *, #1336, .T. ) ;
#1911 = DIRECTION ( 'NONE',  ( 0.5036115573820343361, 0.8639302050925422582, 0.000000000000000000 ) ) ;
#1912 = CARTESIAN_POINT ( 'NONE',  ( 92.97061769875736559, -11.34423205800259815, 10.00000000000000000 ) ) ;
#1913 =( GEOMETRIC_REPRESENTATION_CONTEXT ( 3 ) GLOBAL_UNCERTAINTY_ASSIGNED_CONTEXT ( ( #3110 ) ) GLOBAL_UNIT_ASSIGNED_CONTEXT ( ( #3198, #1731, #3179 ) ) REPRESENTATION_CONTEXT ( 'NONE', 'WORKASPACE' ) );
#1914 = CARTESIAN_POINT ( 'NONE',  ( 63.92836056386667565, 80.96992915787180323, 4.000000000000000000 ) ) ;
#1915 = CARTESIAN_POINT ( 'NONE',  ( -104.9768680301030770, 2.203900766895053209, 4.000000000000000000 ) ) ;
#1916 = ADVANCED_FACE ( 'NONE', ( #1544 ), #2799, .F. ) ;
#1917 = VECTOR ( 'NONE', #1121, 1000.000000000000000 ) ;
#1918 = CARTESIAN_POINT ( 'NONE',  ( 50.23241145150168308, 80.44161158385092847, 4.000000000000000000 ) ) ;
#1919 = CARTESIAN_POINT ( 'NONE',  ( -15.63458344004603084, -3.385382909620526792, 12.00000000000000000 ) ) ;
#1920 = FACE_BOUND ( 'NONE', #2850, .T. ) ;
#1921 = CARTESIAN_POINT ( 'NONE',  ( 40.96529387711908754, 91.88567406541078242, 4.000000000000000000 ) ) ;
#1922 = LINE ( 'NONE', #1638, #2090 ) ;
#1923 = VECTOR ( 'NONE', #912, 1000.000000000000000 ) ;
#1924 = EDGE_LOOP ( 'NONE', ( #992, #1751 ) ) ;
#1925 = CARTESIAN_POINT ( 'NONE',  ( 103.0398048839039689, 5.476559870912545591, 16.00000000000000000 ) ) ;
#1926 = CARTESIAN_POINT ( 'NONE',  ( -2.638420844178507529, 18.53901432367394975, 4.000000000000000000 ) ) ;
#1927 = CARTESIAN_POINT ( 'NONE',  ( 46.24195549096756253, 76.68968209453018403, 10.00000000000000000 ) ) ;
#1928 = ORIENTED_EDGE ( 'NONE', *, *, #1501, .T. ) ;
#1929 = EDGE_CURVE ( 'NONE', #1161, #1793, #221, .T. ) ;
#1930 = CARTESIAN_POINT ( 'NONE',  ( -9.493792484785206653, 21.87716241359039060, 10.00000000000000000 ) ) ;
#1931 = CC_DESIGN_PERSON_AND_ORGANIZATION_ASSIGNMENT ( #2933, #2082, ( #2469 ) ) ;
#1932 = CARTESIAN_POINT ( 'NONE',  ( -24.16211051039899260, -8.887915735620087077, 10.00000000000000178 ) ) ;
#1933 = CARTESIAN_POINT ( 'NONE',  ( 66.80333017543827623, 78.71087431966309111, 10.00000000000000000 ) ) ;
#1934 = CARTESIAN_POINT ( 'NONE',  ( -44.13614470617245189, 88.69147528192418406, 12.00000000000000000 ) ) ;
#1935 = EDGE_CURVE ( 'NONE', #2149, #672, #3135, .T. ) ;
#1936 = LINE ( 'NONE', #3741, #1828 ) ;
#1937 = CARTESIAN_POINT ( 'NONE',  ( 38.84398191647171217, 94.56826757864757838, 4.000000000000000000 ) ) ;
#1938 = CARTESIAN_POINT ( 'NONE',  ( -13.34036312913352695, 0.8838503050108265091, 16.00000000000000000 ) ) ;
#1939 = CARTESIAN_POINT ( 'NONE',  ( 43.16501441732660993, 81.66766345942305350, 10.00000000000000533 ) ) ;
#1940 = CARTESIAN_POINT ( 'NONE',  ( -13.34036312913352695, 0.8838503050108265091, 4.000000000000000000 ) ) ;
#1941 = ORIENTED_EDGE ( 'NONE', *, *, #490, .F. ) ;
#1942 = CARTESIAN_POINT ( 'NONE',  ( -14.42377164587935212, -2.127023687252404649, 12.00000000000000000 ) ) ;
#1943 = DIRECTION ( 'NONE',  ( 0.000000000000000000, 0.000000000000000000, 1.000000000000000000 ) ) ;
#1944 = CARTESIAN_POINT ( 'NONE',  ( 103.0398048839039546, 5.476559870912546479, 4.000000000000000000 ) ) ;
#1945 = VERTEX_POINT ( 'NONE', #3145 ) ;
#1946 = CARTESIAN_POINT ( 'NONE',  ( 104.9769395856255301, 2.206356871753986315, 4.000000000000000000 ) ) ;
#1947 = CIRCLE ( 'NONE', #2557, 5.000000000000000000 ) ;
#1948 = CARTESIAN_POINT ( 'NONE',  ( 104.9464212963637806, 1.149002126859896444, 4.000000000000000000 ) ) ;
#1949 = LINE ( 'NONE', #1091, #2871 ) ;
#1950 = CARTESIAN_POINT ( 'NONE',  ( 28.04659553532030003, -9.334253580416488560, 16.00000000000000000 ) ) ;
#1951 = CIRCLE ( 'NONE', #552, 11.50000000000000000 ) ;
#1952 = CARTESIAN_POINT ( 'NONE',  ( -6.500000000000000888, 3.752776749732575468, 30.39999999999999858 ) ) ;
#1953 = CARTESIAN_POINT ( 'NONE',  ( -19.75370466724846708, -6.934803996443099194, 12.00000000000000000 ) ) ;
#1954 = ORIENTED_EDGE ( 'NONE', *, *, #2260, .T. ) ;
#1955 = CARTESIAN_POINT ( 'NONE',  ( -8.597731984005093864, 20.88619471304047437, 16.00000000000000000 ) ) ;
#1956 = EDGE_CURVE ( 'NONE', #1476, #2483, #1949, .T. ) ;
#1957 = AXIS2_PLACEMENT_3D ( 'NONE', #789, #3087, #2802 ) ;
#1958 = CARTESIAN_POINT ( 'NONE',  ( 43.41941829552141741, 83.99565647030571824, 4.000000000000000000 ) ) ;
#1959 = DIRECTION ( 'NONE',  ( -0.000000000000000000, -0.000000000000000000, -1.000000000000000000 ) ) ;
#1960 = VERTEX_POINT ( 'NONE', #3700 ) ;
#1961 = ADVANCED_FACE ( 'NONE', ( #2510 ), #814, .F. ) ;
#1962 = B_SPLINE_CURVE_WITH_KNOTS ( 'NONE', 3,
 ( #1261, #265, #760, #1919, #3455, #2804, #2570, #1953, #1992, #3127, #833, #528, #511, #3106 ),
 .UNSPECIFIED., .F., .F.,
 ( 4, 1, 1, 1, 1, 1, 1, 1, 1, 1, 1, 4 ),
 ( 0.000000000000000000, 0.1489369628854519123, 0.2187406032244147980, 0.2837510101583713418, 0.3573881234826286613, 0.4340133846367745241, 0.5232015280749875430, 0.6022686970478416946, 0.6773789796004616726, 0.7942826686123175550, 0.8855241963004978345, 1.000000000000000000 ),
 .UNSPECIFIED. ) ;
#1963 = CARTESIAN_POINT ( 'NONE',  ( -19.75370466724846708, -6.934803996443099194, 16.00000000000000000 ) ) ;
#1964 = DIRECTION ( 'NONE',  ( 0.9999986382117440620, 0.001650325621624664733, 0.000000000000000000 ) ) ;
#1965 = CARTESIAN_POINT ( 'NONE',  ( 11.44165915220281704, 25.12747389820310673, 16.00000000000000000 ) ) ;
#1966 = ORIENTED_EDGE ( 'NONE', *, *, #3206, .T. ) ;
#1967 = CARTESIAN_POINT ( 'NONE',  ( 35.55459399563605416, 96.80404722883905322, 16.00000000000000000 ) ) ;
#1968 = CARTESIAN_POINT ( 'NONE',  ( 96.18576306641723761, -10.59256769103866702, 16.00000000000000000 ) ) ;
#1969 = DIRECTION ( 'NONE',  ( 0.000000000000000000, 0.000000000000000000, 1.000000000000000000 ) ) ;
#1970 = CARTESIAN_POINT ( 'NONE',  ( 0.000000000000000000, 0.000000000000000000, 22.00000000000000000 ) ) ;
#1971 = EDGE_CURVE ( 'NONE', #709, #281, #721, .T. ) ;
#1972 = DIRECTION ( 'NONE',  ( -0.000000000000000000, -0.000000000000000000, -1.000000000000000000 ) ) ;
#1973 = CARTESIAN_POINT ( 'NONE',  ( 43.34286445842195690, 86.40621228920208807, 4.000000000000000000 ) ) ;
#1974 = CARTESIAN_POINT ( 'NONE',  ( -38.94887543118768036, 95.56856342631546397, 10.00000000000000000 ) ) ;
#1975 = EDGE_CURVE ( 'NONE', #2882, #1621, #3650, .T. ) ;
#1976 = CARTESIAN_POINT ( 'NONE',  ( 39.34615736308141010, 93.99728617236064565, 4.000000000000000000 ) ) ;
#1977 = CARTESIAN_POINT ( 'NONE',  ( -44.02415406327857994, 79.26020423582379237, 10.00000000000000000 ) ) ;
#1978 = ORIENTED_EDGE ( 'NONE', *, *, #1506, .F. ) ;
#1979 = LINE ( 'NONE', #2555, #1620 ) ;
#1980 = EDGE_CURVE ( 'NONE', #1222, #37, #1076, .T. ) ;
#1981 = LINE ( 'NONE', #1750, #2574 ) ;
#1982 = EDGE_LOOP ( 'NONE', ( #3375, #2344, #1263, #3634 ) ) ;
#1983 = CARTESIAN_POINT ( 'NONE',  ( -4.293223980211161361, 19.25422940976884689, 10.00000000000000000 ) ) ;
#1984 = AXIS2_PLACEMENT_3D ( 'NONE', #1537, #414, #2152 ) ;
#1985 = CARTESIAN_POINT ( 'NONE',  ( 100.0291701482464362, -7.893069880356906154, 16.00000000000000000 ) ) ;
#1986 = FACE_OUTER_BOUND ( 'NONE', #1084, .T. ) ;
#1987 = B_SPLINE_CURVE_WITH_KNOTS ( 'NONE', 3,
 ( #222, #2548, #850, #2047, #30 ),
 .UNSPECIFIED., .F., .F.,
 ( 4, 1, 4 ),
 ( 0.000000000000000000, 0.1301943449762897886, 1.000000000000000000 ),
 .UNSPECIFIED. ) ;
#1988 = FACE_OUTER_BOUND ( 'NONE', #2322, .T. ) ;
#1989 = AXIS2_PLACEMENT_3D ( 'NONE', #3350, #3706, #725 ) ;
#1990 = CARTESIAN_POINT ( 'NONE',  ( 0.000000000000000000, 0.000000000000000000, 22.00000000000000000 ) ) ;
#1991 = DIRECTION ( 'NONE',  ( 1.000000000000000000, 0.000000000000000000, 0.000000000000000000 ) ) ;
#1992 = CARTESIAN_POINT ( 'NONE',  ( -20.94624439764723789, -7.837647619075618799, 12.00000000000000000 ) ) ;
#1993 = CARTESIAN_POINT ( 'NONE',  ( -10.80480706952578629, 23.01520563626386107, 16.00000000000000000 ) ) ;
#1994 = CARTESIAN_POINT ( 'NONE',  ( 40.55652416215527722, 92.77312483053795233, 10.00000000000000533 ) ) ;
#1995 = CARTESIAN_POINT ( 'NONE',  ( -91.91255422896379912, -11.52220327945236811, 12.00000000000000000 ) ) ;
#1996 = ORIENTED_EDGE ( 'NONE', *, *, #2051, .T. ) ;
#1997 = CARTESIAN_POINT ( 'NONE',  ( -22.54697192685821960, -8.311285597245346324, 12.00000000000000000 ) ) ;
#1998 = B_SPLINE_CURVE_WITH_KNOTS ( 'NONE', 3,
 ( #2732, #386, #73, #1217, #91, #2959, #2675, #1196, #1526, #1507 ),
 .UNSPECIFIED., .F., .F.,
 ( 4, 1, 1, 1, 1, 1, 1, 4 ),
 ( 0.000000000000000000, 0.04935486653583651129, 0.09747967005435721755, 0.1455889594514178376, 0.2236071140838355731, 0.4378949316624155541, 0.4540957697174577423, 0.5179851620738900042 ),
 .UNSPECIFIED. ) ;
#1999 = CARTESIAN_POINT ( 'NONE',  ( 46.24195549096756253, 76.68968209453018403, 12.00000000000000000 ) ) ;
#2000 = ORIENTED_EDGE ( 'NONE', *, *, #2051, .F. ) ;
#2001 = LINE ( 'NONE', #2602, #1736 ) ;
#2002 = ADVANCED_FACE ( 'NONE', ( #2472 ), #2782, .F. ) ;
#2003 = LINE ( 'NONE', #1110, #153 ) ;
#2004 = CARTESIAN_POINT ( 'NONE',  ( -98.93158905303226902, -8.625360510356589572, 12.00000000000000178 ) ) ;
#2005 = DIRECTION ( 'NONE',  ( 1.000000000000000000, 0.000000000000000000, 0.000000000000000000 ) ) ;
#2006 = ORIENTED_EDGE ( 'NONE', *, *, #844, .F. ) ;
#2007 = EDGE_CURVE ( 'NONE', #695, #271, #2373, .T. ) ;
#2008 = VECTOR ( 'NONE', #3596, 1000.000000000000000 ) ;
#2009 = CARTESIAN_POINT ( 'NONE',  ( 35.55459399563605416, 96.80404722883905322, 16.00000000000000000 ) ) ;
#2010 = CARTESIAN_POINT ( 'NONE',  ( 12.85613651940623825, 10.60072605994906780, 10.00000000000000000 ) ) ;
#2011 = CARTESIAN_POINT ( 'NONE',  ( 37.43338548952037570, 95.65582995305429392, 10.00000000000000000 ) ) ;
#2012 = ORIENTED_EDGE ( 'NONE', *, *, #3288, .T. ) ;
#2013 = CARTESIAN_POINT ( 'NONE',  ( 97.42256809861466138, -9.605901838267850934, 12.00000000000000178 ) ) ;
#2014 = CARTESIAN_POINT ( 'NONE',  ( -103.0398048839039546, 5.476559870912544703, 10.00000000000000000 ) ) ;
#2015 = CARTESIAN_POINT ( 'NONE',  ( 0.000000000000000000, 2.206356871753986315, 16.00000000000000000 ) ) ;
#2016 = VERTEX_POINT ( 'NONE', #3180 ) ;
#2017 = EDGE_CURVE ( 'NONE', #1831, #2269, #3197, .T. ) ;
#2018 = CYLINDRICAL_SURFACE ( 'NONE', #312, 2.000000000000000000 ) ;
#2019 = VERTEX_POINT ( 'NONE', #579 ) ;
#2020 = CARTESIAN_POINT ( 'NONE',  ( 50.23241145150168308, 80.44161158385092847, 16.00000000000000000 ) ) ;
#2021 = VERTEX_POINT ( 'NONE', #1714 ) ;
#2022 = DIRECTION ( 'NONE',  ( -0.000000000000000000, 0.000000000000000000, 1.000000000000000000 ) ) ;
#2023 = DIRECTION ( 'NONE',  ( 0.8660254037844388186, 0.4999999999999997780, -0.000000000000000000 ) ) ;
#2024 = DIRECTION ( 'NONE',  ( 1.000000000000000000, 0.000000000000000000, 0.000000000000000000 ) ) ;
#2025 = CARTESIAN_POINT ( 'NONE',  ( 0.000000000000000000, 0.000000000000000000, 20.00000000000000000 ) ) ;
#2026 = ORIENTED_EDGE ( 'NONE', *, *, #3228, .T. ) ;
#2027 = CARTESIAN_POINT ( 'NONE',  ( 39.34615736308141010, 93.99728617236064565, 16.00000000000000000 ) ) ;
#2028 = CARTESIAN_POINT ( 'NONE',  ( -66.80333017544123209, 78.71087431965882786, 12.00000000000000000 ) ) ;
#2029 = EDGE_CURVE ( 'NONE', #1793, #281, #1441, .T. ) ;
#2030 = CARTESIAN_POINT ( 'NONE',  ( 43.07701276409059687, 87.53767513099332120, 10.00000000000000000 ) ) ;
#2031 = CARTESIAN_POINT ( 'NONE',  ( -44.02415406327857994, 79.26020423582379237, 4.000000000000000000 ) ) ;
#2032 = CARTESIAN_POINT ( 'NONE',  ( -92.65778439187667459, -9.254426244762964160, 10.00000000000000000 ) ) ;
#2033 = CARTESIAN_POINT ( 'NONE',  ( -101.9262948962494164, -5.709331410736211865, 12.00000000000000000 ) ) ;
#2034 = CARTESIAN_POINT ( 'NONE',  ( -100.8159389499280110, -7.252502813327633469, 9.999999999999998224 ) ) ;
#2035 = ORIENTED_EDGE ( 'NONE', *, *, #2181, .T. ) ;
#2036 = ORIENTED_EDGE ( 'NONE', *, *, #2475, .F. ) ;
#2037 = CARTESIAN_POINT ( 'NONE',  ( 1.870248747537495149E-15, -9.814954576223643201, 28.40000000000000213 ) ) ;
#2038 = CARTESIAN_POINT ( 'NONE',  ( 52.36457512509295498, 81.61970303100666513, 12.00000000000000000 ) ) ;
#2039 = VERTEX_POINT ( 'NONE', #2351 ) ;
#2040 = CARTESIAN_POINT ( 'NONE',  ( 57.28524719688054745, 82.66500473020417417, 12.00000000000000000 ) ) ;
#2041 = CARTESIAN_POINT ( 'NONE',  ( 13.34052234755442434, 20.01411531491224949, 16.00000000000000000 ) ) ;
#2042 = CARTESIAN_POINT ( 'NONE',  ( -8.500000000000000000, 4.907477288111825153, 28.40000000000000213 ) ) ;
#2043 = ADVANCED_FACE ( 'NONE', ( #1986, #2892 ), #279, .T. ) ;
#2044 = ORIENTED_EDGE ( 'NONE', *, *, #3622, .T. ) ;
#2045 = VECTOR ( 'NONE', #2154, 1000.000000000000114 ) ;
#2046 = CARTESIAN_POINT ( 'NONE',  ( 18.37229210177823902, -6.314889749586356515, 12.00000000000000000 ) ) ;
#2047 = CARTESIAN_POINT ( 'NONE',  ( -93.81761708605824879, -11.28632885775166983, 12.00000000000000000 ) ) ;
#2048 = CARTESIAN_POINT ( 'NONE',  ( -8.500000000000000000, 4.907477288111825153, 22.00000000000000000 ) ) ;
#2049 = CARTESIAN_POINT ( 'NONE',  ( 43.16501441732660993, 81.66766345942305350, 12.00000000000000000 ) ) ;
#2050 = B_SPLINE_SURFACE_WITH_KNOTS ( 'NONE', 3, 1, ( 
 ( #2640, #1999 ),
 ( #1417, #2910 ),
 ( #2285, #3732 ),
 ( #2020, #899 ),
 ( #1728, #2038 ),
 ( #557, #22 ),
 ( #3176, #2889 ),
 ( #274, #2306 ),
 ( #3523, #3218 ),
 ( #2868, #1437 ),
 ( #3770, #824 ),
 ( #1147, #576 ),
 ( #292, #2619 ),
 ( #595, #1163 ) ),
 .UNSPECIFIED., .F., .F., .F.,
 ( 4, 1, 1, 1, 1, 1, 1, 1, 1, 1, 1, 4 ),
 ( 2, 2 ),
 ( 0.000000000000000000, 0.1350157672856901747, 0.2179046148332286215, 0.3067643743810078427, 0.4223730587531137060, 0.5057640773318350380, 0.6126836707157689021, 0.7071238278624992768, 0.7844254153922860517, 0.8646262954099761533, 0.9153497856511333408, 0.9385356789504563091 ),
 ( 0.000000000000000000, 1.000000000000000000 ),
 .UNSPECIFIED. ) ;
#2051 = EDGE_CURVE ( 'NONE', #2876, #1069, #885, .T. ) ;
#2052 = CARTESIAN_POINT ( 'NONE',  ( -102.9946715168661910, 4.166994245635290639, 10.00000000000000000 ) ) ;
#2053 = CARTESIAN_POINT ( 'NONE',  ( -63.92836056386667565, 80.96992915787178902, 10.00000000000000000 ) ) ;
#2054 = CARTESIAN_POINT ( 'NONE',  ( -13.61486804501912928, 0.000000000000000000, 10.00000000000000178 ) ) ;
#2055 = VERTEX_POINT ( 'NONE', #1481 ) ;
#2056 = VERTEX_POINT ( 'NONE', #319 ) ;
#2057 = DIRECTION ( 'NONE',  ( -0.8660254037844389297, -0.4999999999999998335, 0.000000000000000000 ) ) ;
#2058 = ORIENTED_EDGE ( 'NONE', *, *, #1935, .F. ) ;
#2059 = CARTESIAN_POINT ( 'NONE',  ( -14.42377164587935212, -2.127023687252404649, 4.000000000000000000 ) ) ;
#2060 = EDGE_LOOP ( 'NONE', ( #2107, #699, #112, #1088 ) ) ;
#2061 = CARTESIAN_POINT ( 'NONE',  ( -46.24195549096756253, 76.68968209453018403, 10.00000000000000000 ) ) ;
#2062 = DIRECTION ( 'NONE',  ( 0.000000000000000000, 0.000000000000000000, 1.000000000000000000 ) ) ;
#2063 = CARTESIAN_POINT ( 'NONE',  ( 14.29935285123792532, 21.89312541265675449, 12.00000000000000000 ) ) ;
#2064 = DIRECTION ( 'NONE',  ( 0.000000000000000000, 0.000000000000000000, 1.000000000000000000 ) ) ;
#2065 = VERTEX_POINT ( 'NONE', #2934 ) ;
#2066 = VECTOR ( 'NONE', #3427, 1000.000000000000000 ) ;
#2067 = PLANE ( 'NONE',  #102 ) ;
#2068 = CARTESIAN_POINT ( 'NONE',  ( -6.500000000000000888, -3.752776749732570138, 30.39999999999999858 ) ) ;
#2069 = CARTESIAN_POINT ( 'NONE',  ( -8.500000000000000000, -4.907477288111820712, 22.00000000000000000 ) ) ;
#2070 = CARTESIAN_POINT ( 'NONE',  ( 11.50000000000000000, 0.000000000000000000, 20.00000000000000000 ) ) ;
#2071 = CARTESIAN_POINT ( 'NONE',  ( 35.55459399563605416, 96.80404722883905322, 10.00000000000000533 ) ) ;
#2072 = CARTESIAN_POINT ( 'NONE',  ( -100.4217976402183723, -7.441125030998751555, 11.99999999999999822 ) ) ;
#2073 = DIRECTION ( 'NONE',  ( -0.000000000000000000, 0.000000000000000000, 1.000000000000000000 ) ) ;
#2074 = ORIENTED_EDGE ( 'NONE', *, *, #2103, .F. ) ;
#2075 = VECTOR ( 'NONE', #740, 1000.000000000000000 ) ;
#2076 = ORIENTED_EDGE ( 'NONE', *, *, #943, .F. ) ;
#2077 = CARTESIAN_POINT ( 'NONE',  ( 6.500000000000005329, 0.000000000000000000, 30.39999999999999858 ) ) ;
#2078 = EDGE_CURVE ( 'NONE', #2452, #1208, #1733, .T. ) ;
#2079 = CARTESIAN_POINT ( 'NONE',  ( 13.61486804501912928, 2.050608912650808861E-16, 16.00000000000000000 ) ) ;
#2080 = EDGE_LOOP ( 'NONE', ( #541, #3283, #928, #2771 ) ) ;
#2081 = FACE_BOUND ( 'NONE', #505, .T. ) ;
#2082 = PERSON_AND_ORGANIZATION_ROLE ( 'classification_officer' ) ;
#2083 = VECTOR ( 'NONE', #948, 1000.000000000000000 ) ;
#2084 = CARTESIAN_POINT ( 'NONE',  ( 13.34036312913352873, 0.8838503050108275083, 16.00000000000000000 ) ) ;
#2085 = CARTESIAN_POINT ( 'NONE',  ( 98.45780254357384820, -6.139432607529491825, 12.00000000000000000 ) ) ;
#2086 = ORIENTED_EDGE ( 'NONE', *, *, #2298, .T. ) ;
#2087 = CARTESIAN_POINT ( 'NONE',  ( -65.30837925407895739, 79.90788900709814868, 4.000000000000000000 ) ) ;
#2088 = CARTESIAN_POINT ( 'NONE',  ( -101.8277817151371352, -0.5672003041223961928, 4.000000000000000000 ) ) ;
#2089 = CARTESIAN_POINT ( 'NONE',  ( 43.16501441732660993, 81.66766345942305350, 10.00000000000000000 ) ) ;
#2090 = VECTOR ( 'NONE', #2809, 1000.000000000000000 ) ;
#2091 = CARTESIAN_POINT ( 'NONE',  ( 28.04659553532030003, -9.334253580416488560, 12.00000000000000000 ) ) ;
#2092 = B_SPLINE_CURVE_WITH_KNOTS ( 'NONE', 3,
 ( #3616, #990, #608, #1765, #331, #2945, #1492, #36, #633, #2365 ),
 .UNSPECIFIED., .F., .F.,
 ( 4, 1, 1, 1, 1, 1, 1, 4 ),
 ( 0.000000000000000000, 0.04935486653583651129, 0.09747967005435721755, 0.1455889594514178376, 0.2236071140838355731, 0.4378949316624155541, 0.4540957697174577423, 0.5179851620738900042 ),
 .UNSPECIFIED. ) ;
#2093 = DIRECTION ( 'NONE',  ( 0.9986718848086948430, 0.05152151485203915887, 0.000000000000000000 ) ) ;
#2094 = FACE_OUTER_BOUND ( 'NONE', #1982, .T. ) ;
#2095 = CARTESIAN_POINT ( 'NONE',  ( -8.500000000000000000, 4.907477288111825153, 22.00000000000000000 ) ) ;
#2096 = EDGE_CURVE ( 'NONE', #572, #1339, #3554, .T. ) ;
#2097 = ORIENTED_EDGE ( 'NONE', *, *, #2546, .F. ) ;
#2098 = APPROVAL ( #1774, 'UNSPECIFIED' ) ;
#2099 = CARTESIAN_POINT ( 'NONE',  ( 13.61486804501912928, 0.000000000000000000, 4.000000000000000000 ) ) ;
#2100 = B_SPLINE_CURVE_WITH_KNOTS ( 'NONE', 3,
 ( #1049, #2175, #2486, #3677, #178, #452, #3663, #1342, #432, #2505, #1589, #1360, #1307, #2466 ),
 .UNSPECIFIED., .F., .F.,
 ( 4, 1, 1, 1, 1, 1, 1, 1, 1, 1, 1, 4 ),
 ( 0.000000000000000000, 0.1489369628854519123, 0.2187406032244147980, 0.2837510101583713418, 0.3573881234826286613, 0.4340133846367745241, 0.5232015280749875430, 0.6022686970478416946, 0.6773789796004616726, 0.7942826686123175550, 0.8855241963004978345, 1.000000000000000000 ),
 .UNSPECIFIED. ) ;
#2101 = ORIENTED_EDGE ( 'NONE', *, *, #3738, .T. ) ;
#2102 = DIRECTION ( 'NONE',  ( 0.001650325621624664733, -0.9999986382117440620, 0.000000000000000000 ) ) ;
#2103 = EDGE_CURVE ( 'NONE', #1065, #148, #1112, .T. ) ;
#2104 = COORDINATED_UNIVERSAL_TIME_OFFSET ( 1, 0, .AHEAD. ) ;
#2105 = LINE ( 'NONE', #2726, #1411 ) ;
#2106 = CARTESIAN_POINT ( 'NONE',  ( 101.8277817151371494, -0.5672003041223958597, 10.00000000000000000 ) ) ;
#2107 = ORIENTED_EDGE ( 'NONE', *, *, #1636, .F. ) ;
#2108 = CARTESIAN_POINT ( 'NONE',  ( -102.9946715168661910, 4.166994245635290639, 4.000000000000000000 ) ) ;
#2109 = CARTESIAN_POINT ( 'NONE',  ( 12.65491811937066835, 27.14315975095284017, 4.000000000000000000 ) ) ;
#2110 = AXIS2_PLACEMENT_3D ( 'NONE', #1990, #543, #3337 ) ;
#2111 = CARTESIAN_POINT ( 'NONE',  ( 42.18425668011549590, 79.26931622844453784, 16.00000000000000000 ) ) ;
#2112 = CARTESIAN_POINT ( 'NONE',  ( -59.69026461210930279, 82.35876107693567860, 16.00000000000000000 ) ) ;
#2113 = DIRECTION ( 'NONE',  ( -0.000000000000000000, -0.000000000000000000, -1.000000000000000000 ) ) ;
#2114 = CARTESIAN_POINT ( 'NONE',  ( -12.45341646805670877, 6.164201771396467855, 10.00000000000000000 ) ) ;
#2115 = AXIS2_PLACEMENT_3D ( 'NONE', #1410, #3438, #225 ) ;
#2116 = CARTESIAN_POINT ( 'NONE',  ( 2.764715539838036307E-15, 9.814954576223644978, 28.40000000000000213 ) ) ;
#2117 = ORIENTED_EDGE ( 'NONE', *, *, #19, .F. ) ;
#2118 = DIRECTION ( 'NONE',  ( 0.9986718848086948430, 0.05152151485203915887, 0.000000000000000000 ) ) ;
#2119 = ORIENTED_EDGE ( 'NONE', *, *, #3125, .T. ) ;
#2120 = DIRECTION ( 'NONE',  ( 0.8660254037844387076, 0.4999999999999998890, 0.000000000000000000 ) ) ;
#2121 = CARTESIAN_POINT ( 'NONE',  ( 0.000000000000000000, 0.000000000000000000, 0.000000000000000000 ) ) ;
#2122 = CARTESIAN_POINT ( 'NONE',  ( -44.13614470617245189, 88.69147528192418406, 16.00000000000000000 ) ) ;
#2123 = CARTESIAN_POINT ( 'NONE',  ( 101.8277817151371494, -0.5672003041223958597, 4.000000000000000000 ) ) ;
#2124 = ORIENTED_EDGE ( 'NONE', *, *, #1244, .T. ) ;
#2125 = ADVANCED_FACE ( 'NONE', ( #6 ), #3011, .T. ) ;
#2126 = CARTESIAN_POINT ( 'NONE',  ( -92.65778439187667459, -9.254426244762964160, 4.000000000000000000 ) ) ;
#2127 = DIRECTION ( 'NONE',  ( -0.5029184093000442779, 0.8643338901067765256, 0.000000000000000000 ) ) ;
#2128 = EDGE_CURVE ( 'NONE', #2147, #2065, #2105, .T. ) ;
#2129 = CARTESIAN_POINT ( 'NONE',  ( 40.96529387711908754, 91.88567406541078242, 12.00000000000000000 ) ) ;
#2130 = CARTESIAN_POINT ( 'NONE',  ( -57.28524719688056877, 82.66500473020414574, 16.00000000000000000 ) ) ;
#2131 = CARTESIAN_POINT ( 'NONE',  ( -98.45780254357383399, -6.139432607529490049, 16.00000000000000000 ) ) ;
#2132 = CARTESIAN_POINT ( 'NONE',  ( -13.34036312913352695, 0.8838503050108265091, 10.00000000000000000 ) ) ;
#2133 = DIRECTION ( 'NONE',  ( -0.000000000000000000, -0.000000000000000000, -1.000000000000000000 ) ) ;
#2134 = ORIENTED_EDGE ( 'NONE', *, *, #2689, .T. ) ;
#2135 = CARTESIAN_POINT ( 'NONE',  ( 1.870248747537495149E-15, -9.814954576223643201, 22.00000000000000000 ) ) ;
#2136 = ORIENTED_EDGE ( 'NONE', *, *, #3622, .F. ) ;
#2137 = CARTESIAN_POINT ( 'NONE',  ( 5.000000000000000000, 0.000000000000000000, 22.00000000000000000 ) ) ;
#2138 = CARTESIAN_POINT ( 'NONE',  ( 13.61486804501912928, 2.050608912650808861E-16, 12.00000000000000000 ) ) ;
#2139 = CARTESIAN_POINT ( 'NONE',  ( 103.0518618345317350, 2.100478337209353619, 4.000000000000000000 ) ) ;
#2140 = ORIENTED_EDGE ( 'NONE', *, *, #3689, .F. ) ;
#2141 = EDGE_CURVE ( 'NONE', #2950, #211, #1892, .T. ) ;
#2142 = CARTESIAN_POINT ( 'NONE',  ( 12.85613651940623825, 10.60072605994906780, 12.00000000000000000 ) ) ;
#2143 = CARTESIAN_POINT ( 'NONE',  ( -104.2099257345083743, -0.7268683302020467751, 4.000000000000000000 ) ) ;
#2144 = EDGE_CURVE ( 'NONE', #1960, #1328, #3625, .T. ) ;
#2145 = CARTESIAN_POINT ( 'NONE',  ( -50.23241145150166886, 80.44161158385092847, 16.00000000000000000 ) ) ;
#2146 = CARTESIAN_POINT ( 'NONE',  ( -92.65778439187667459, -9.254426244762964160, 16.00000000000000000 ) ) ;
#2147 = VERTEX_POINT ( 'NONE', #980 ) ;
#2148 = CARTESIAN_POINT ( 'NONE',  ( 103.0398048839039689, 5.476559870912545591, 4.000000000000000000 ) ) ;
#2149 = VERTEX_POINT ( 'NONE', #358 ) ;
#2150 = CARTESIAN_POINT ( 'NONE',  ( 18.37229210177823902, -6.314889749586356515, 4.000000000000000000 ) ) ;
#2151 = VERTEX_POINT ( 'NONE', #1250 ) ;
#2152 = DIRECTION ( 'NONE',  ( -0.9999986382117440620, 0.001650325621624664733, 0.000000000000000000 ) ) ;
#2153 = CC_DESIGN_APPROVAL ( #1374, ( #1690 ) ) ;
#2154 = DIRECTION ( 'NONE',  ( 0.9999986382117440620, -0.001650325621624664733, 0.000000000000000000 ) ) ;
#2155 = DIRECTION ( 'NONE',  ( 0.000000000000000000, 0.000000000000000000, 1.000000000000000000 ) ) ;
#2156 = CARTESIAN_POINT ( 'NONE',  ( 97.42256809865511968, -9.605901838244546909, 9.999999999999998224 ) ) ;
#2157 = ORIENTED_EDGE ( 'NONE', *, *, #1373, .F. ) ;
#2158 = CARTESIAN_POINT ( 'NONE',  ( -99.54940066188206060, -4.472610537853937807, 16.00000000000000000 ) ) ;
#2159 = ORIENTED_EDGE ( 'NONE', *, *, #3514, .F. ) ;
#2160 = DIRECTION ( 'NONE',  ( 0.000000000000000000, 0.000000000000000000, 1.000000000000000000 ) ) ;
#2161 =( BOUNDED_CURVE ( )  B_SPLINE_CURVE ( 3, ( #489, #182, #2798, #3049 ),
 .UNSPECIFIED., .F., .F. ) 
 B_SPLINE_CURVE_WITH_KNOTS ( ( 4, 4 ),
 ( 3.141592653589793116, 4.712388980384689674 ),
 .UNSPECIFIED. ) 
 CURVE ( )  GEOMETRIC_REPRESENTATION_ITEM ( )  RATIONAL_B_SPLINE_CURVE ( ( 1.000000000000000000, 0.8047378541243649375, 0.8047378541243649375, 1.000000000000000000 ) ) 
 REPRESENTATION_ITEM ( '' )  );
#2162 = FACE_OUTER_BOUND ( 'NONE', #1496, .T. ) ;
#2163 = CARTESIAN_POINT ( 'NONE',  ( -91.32188393734173815, -9.438678552286734913, 16.00000000000000000 ) ) ;
#2164 = DIRECTION ( 'NONE',  ( 1.000000000000000000, 0.000000000000000000, 0.000000000000000000 ) ) ;
#2165 = CARTESIAN_POINT ( 'NONE',  ( -92.52350067897327790, -11.72456804945989361, 16.00000000000000000 ) ) ;
#2166 = EDGE_CURVE ( 'NONE', #1812, #1398, #1513, .T. ) ;
#2167 = VECTOR ( 'NONE', #3681, 1000.000000000000114 ) ;
#2168 = CARTESIAN_POINT ( 'NONE',  ( 96.83532422476577040, -7.335353874765145221, 4.000000000000000000 ) ) ;
#2169 = EDGE_LOOP ( 'NONE', ( #2258, #2670, #206, #1248 ) ) ;
#2170 = DIRECTION ( 'NONE',  ( -1.000000000000000000, 0.000000000000000000, 0.000000000000000000 ) ) ;
#2171 = ORIENTED_EDGE ( 'NONE', *, *, #2412, .T. ) ;
#2172 = ADVANCED_FACE ( 'NONE', ( #1815 ), #697, .T. ) ;
#2173 = PLANE ( 'NONE',  #1984 ) ;
#2174 = CYLINDRICAL_SURFACE ( 'NONE', #1071, 103.1852416701762820 ) ;
#2175 = CARTESIAN_POINT ( 'NONE',  ( 14.11169872123017655, -0.7560170833218108344, 4.000000000000000000 ) ) ;
#2176 = CARTESIAN_POINT ( 'NONE',  ( 7.297683906235955753, 21.02329957099748725, 16.00000000000000000 ) ) ;
#2177 = ORIENTED_EDGE ( 'NONE', *, *, #1836, .F. ) ;
#2178 = CARTESIAN_POINT ( 'NONE',  ( 14.29935285123792355, 21.89312541265675449, 16.00000000000000000 ) ) ;
#2179 = CARTESIAN_POINT ( 'NONE',  ( 52.36457512509295498, 81.61970303100666513, 4.000000000000000000 ) ) ;
#2180 = CARTESIAN_POINT ( 'NONE',  ( -0.7127477939199755586, 18.50885608312994179, 4.000000000000000000 ) ) ;
#2181 = EDGE_CURVE ( 'NONE', #1563, #2915, #3026, .T. ) ;
#2182 = CARTESIAN_POINT ( 'NONE',  ( -59.69026461210930279, 82.35876107693567860, 12.00000000000000000 ) ) ;
#2183 = CARTESIAN_POINT ( 'NONE',  ( -103.0518618345317350, 2.100478337209354063, 16.00000000000000000 ) ) ;
#2184 = CARTESIAN_POINT ( 'NONE',  ( -8.500000000000000000, -4.907477288111820712, 22.00000000000000000 ) ) ;
#2185 = CIRCLE ( 'NONE', #546, 11.50000000000000000 ) ;
#2186 = CARTESIAN_POINT ( 'NONE',  ( -46.73335961545028283, 77.72947279566328405, 4.000000000000000000 ) ) ;
#2187 = PLANE ( 'NONE',  #3268 ) ;
#2188 = VERTEX_POINT ( 'NONE', #2954 ) ;
#2189 = AXIS2_PLACEMENT_3D ( 'NONE', #212, #1377, #1395 ) ;
#2190 = DIRECTION ( 'NONE',  ( 0.000000000000000000, -0.000000000000000000, -1.000000000000000000 ) ) ;
#2191 = CARTESIAN_POINT ( 'NONE',  ( 0.000000000000000000, 0.000000000000000000, 16.00000000000000000 ) ) ;
#2192 = ADVANCED_FACE ( 'NONE', ( #86 ), #3042, .T. ) ;
#2193 = AXIS2_PLACEMENT_3D ( 'NONE', #1295, #441, #3053 ) ;
#2194 = DIRECTION ( 'NONE',  ( 1.000000000000000000, 0.000000000000000000, 0.000000000000000000 ) ) ;
#2195 = FACE_OUTER_BOUND ( 'NONE', #2208, .T. ) ;
#2196 = ORIENTED_EDGE ( 'NONE', *, *, #1218, .F. ) ;
#2197 = LINE ( 'NONE', #3376, #2479 ) ;
#2198 = CARTESIAN_POINT ( 'NONE',  ( -26.08876656290921758, -9.371797397112899830, 10.00000000000000178 ) ) ;
#2199 = CARTESIAN_POINT ( 'NONE',  ( 66.91363624440496949, 78.54781590269544722, 10.00000000000000000 ) ) ;
#2200 = CARTESIAN_POINT ( 'NONE',  ( -14.29935285123792355, 21.89312541265675449, 16.00000000000000000 ) ) ;
#2201 = CARTESIAN_POINT ( 'NONE',  ( 48.03388812670044672, 79.08737944992141422, 4.000000000000000000 ) ) ;
#2202 = VECTOR ( 'NONE', #2587, 1000.000000000000000 ) ;
#2203 = DIRECTION ( 'NONE',  ( 0.000000000000000000, 0.000000000000000000, 1.000000000000000000 ) ) ;
#2204 = CARTESIAN_POINT ( 'NONE',  ( -13.34036312913352695, 0.8838503050108265091, 12.00000000000000000 ) ) ;
#2205 = CARTESIAN_POINT ( 'NONE',  ( 42.18425668011549590, 79.26931622844453784, 10.00000000000000533 ) ) ;
#2206 = EDGE_CURVE ( 'NONE', #98, #1228, #1421, .T. ) ;
#2207 = FACE_OUTER_BOUND ( 'NONE', #1164, .T. ) ;
#2208 = EDGE_LOOP ( 'NONE', ( #3502, #2231, #637, #2376 ) ) ;
#2209 = B_SPLINE_SURFACE_WITH_KNOTS ( 'NONE', 3, 1, ( 
 ( #1715, #2624 ),
 ( #339, #2646 ),
 ( #2291, #847 ),
 ( #2893, #2875 ),
 ( #27, #540 ),
 ( #2669, #1190 ),
 ( #3528, #1442 ),
 ( #47, #3755 ),
 ( #1132, #1151 ),
 ( #2333, #563 ),
 ( #2375, #1212 ) ),
 .UNSPECIFIED., .F., .F., .F.,
 ( 4, 1, 1, 1, 1, 1, 1, 1, 4 ),
 ( 2, 2 ),
 ( 0.000000000000000000, 0.1949571952945148567, 0.2904616644566326289, 0.3738167854987162197, 0.4830204466706601862, 0.5763719702222344088, 0.7141170624379623577, 0.8073561366014027074, 1.000000000000000000 ),
 ( 0.000000000000000000, 1.000000000000000000 ),
 .UNSPECIFIED. ) ;
#2210 = AXIS2_PLACEMENT_3D ( 'NONE', #718, #2781, #2819 ) ;
#2211 = CARTESIAN_POINT ( 'NONE',  ( -66.44747720935821178, 79.22565238055980785, 4.000000000000000000 ) ) ;
#2212 = CARTESIAN_POINT ( 'NONE',  ( -46.73335961545028283, 77.72947279566328405, 10.00000000000000000 ) ) ;
#2213 = CARTESIAN_POINT ( 'NONE',  ( -11.67946877867742828, 24.00821486140138106, 12.00000000000000000 ) ) ;
#2214 = EDGE_LOOP ( 'NONE', ( #2756, #3010, #2119, #2779 ) ) ;
#2215 = CARTESIAN_POINT ( 'NONE',  ( 39.34615736308141010, 93.99728617236064565, 12.00000000000000000 ) ) ;
#2216 = EDGE_CURVE ( 'NONE', #878, #877, #1889, .T. ) ;
#2217 = CARTESIAN_POINT ( 'NONE',  ( 8.500000000000005329, 4.907477288111818936, 29.57157287525380340 ) ) ;
#2218 = CARTESIAN_POINT ( 'NONE',  ( -103.3803218943962037, -3.451738494431572768, 10.00000000000000000 ) ) ;
#2219 = CARTESIAN_POINT ( 'NONE',  ( 13.61486804501912928, 0.000000000000000000, 12.00000000000000000 ) ) ;
#2220 = CARTESIAN_POINT ( 'NONE',  ( 65.30837925407898581, 79.90788900709814868, 4.000000000000000000 ) ) ;
#2221 = CARTESIAN_POINT ( 'NONE',  ( 39.34615736308141010, 93.99728617236064565, 4.000000000000000000 ) ) ;
#2222 = CC_DESIGN_APPROVAL ( #2896, ( #2469 ) ) ;
#2223 = CARTESIAN_POINT ( 'NONE',  ( -12.74312034550123229, 17.98947295078569653, 12.00000000000000000 ) ) ;
#2224 = CARTESIAN_POINT ( 'NONE',  ( 43.42637297858192369, 85.21948945588665936, 4.000000000000000000 ) ) ;
#2225 = CYLINDRICAL_SURFACE ( 'NONE', #3572, 2.000000000000000000 ) ;
#2226 = AXIS2_PLACEMENT_3D ( 'NONE', #730, #2190, #3063 ) ;
#2227 = ORIENTED_EDGE ( 'NONE', *, *, #70, .T. ) ;
#2228 = CARTESIAN_POINT ( 'NONE',  ( 103.7583550257670169, -2.646943778762508526, 12.00000000000000000 ) ) ;
#2229 = CARTESIAN_POINT ( 'NONE',  ( -0.7127477939199755586, 18.50885608312994179, 4.000000000000000000 ) ) ;
#2230 = CARTESIAN_POINT ( 'NONE',  ( 57.28524719688054745, 82.66500473020417417, 10.00000000000000000 ) ) ;
#2231 = ORIENTED_EDGE ( 'NONE', *, *, #1845, .F. ) ;
#2232 = CARTESIAN_POINT ( 'NONE',  ( 37.43338548952037570, 95.65582995305429392, 16.00000000000000000 ) ) ;
#2233 = CARTESIAN_POINT ( 'NONE',  ( 92.52350067897327790, -11.72456804945989184, 16.00000000000000000 ) ) ;
#2234 = CARTESIAN_POINT ( 'NONE',  ( -12.28252948003777689, 24.70789247510376541, 12.00000000000000000 ) ) ;
#2235 = CARTESIAN_POINT ( 'NONE',  ( 28.04659553532030003, -9.334253580416488560, 12.00000000000000000 ) ) ;
#2236 = CARTESIAN_POINT ( 'NONE',  ( 0.000000000000000000, 0.000000000000000000, 4.000000000000000000 ) ) ;
#2237 = EDGE_CURVE ( 'NONE', #407, #1710, #2832, .T. ) ;
#2238 = CARTESIAN_POINT ( 'NONE',  ( 43.05315509022149456, 80.15741867147563937, 4.000000000000000000 ) ) ;
#2239 = ORIENTED_EDGE ( 'NONE', *, *, #965, .T. ) ;
#2240 = CARTESIAN_POINT ( 'NONE',  ( 7.297683906235955753, 21.02329957099748725, 16.00000000000000000 ) ) ;
#2241 = CARTESIAN_POINT ( 'NONE',  ( 42.39386818192176065, 89.37719346822775890, 4.000000000000000000 ) ) ;
#2242 = LINE ( 'NONE', #1046, #1106 ) ;
#2243 = ORIENTED_EDGE ( 'NONE', *, *, #790, .T. ) ;
#2244 = CARTESIAN_POINT ( 'NONE',  ( -15.63458344004603084, -3.385382909620526792, 16.00000000000000000 ) ) ;
#2245 = CARTESIAN_POINT ( 'NONE',  ( -8.500000000000000000, -4.907477288111820712, 28.40000000000000213 ) ) ;
#2246 = EDGE_CURVE ( 'NONE', #2919, #2055, #3745, .T. ) ;
#2247 = CIRCLE ( 'NONE', #733, 103.1852416701762820 ) ;
#2248 = CARTESIAN_POINT ( 'NONE',  ( -12.28252948003778400, 24.70789247510377251, 12.00000000000000000 ) ) ;
#2249 = VERTEX_POINT ( 'NONE', #3373 ) ;
#2250 = CARTESIAN_POINT ( 'NONE',  ( 4.483002770040532603, 19.46745503705359326, 10.00000000000000000 ) ) ;
#2251 = VECTOR ( 'NONE', #2720, 1000.000000000000000 ) ;
#2252 = CARTESIAN_POINT ( 'NONE',  ( 100.0291701482464362, -7.893069880356906154, 4.000000000000000000 ) ) ;
#2253 = CARTESIAN_POINT ( 'NONE',  ( 62.00719827582999955, 81.93640675327759482, 10.00000000000000000 ) ) ;
#2254 = CARTESIAN_POINT ( 'NONE',  ( 17.38101777888876853, -5.225061316532367606, 12.00000000000000000 ) ) ;
#2255 = EDGE_CURVE ( 'NONE', #407, #623, #124, .T. ) ;
#2256 = FACE_OUTER_BOUND ( 'NONE', #1128, .T. ) ;
#2257 = CARTESIAN_POINT ( 'NONE',  ( 43.16501441732660993, 81.66766345942305350, 4.000000000000000000 ) ) ;
#2258 = ORIENTED_EDGE ( 'NONE', *, *, #356, .T. ) ;
#2259 = CARTESIAN_POINT ( 'NONE',  ( 1.564312525769949058, 0.9102056232125397273, 4.000000000000000000 ) ) ;
#2260 = EDGE_CURVE ( 'NONE', #1279, #449, #2311, .T. ) ;
#2261 = VECTOR ( 'NONE', #3117, 1000.000000000000000 ) ;
#2262 = FACE_OUTER_BOUND ( 'NONE', #2445, .T. ) ;
#2263 = B_SPLINE_CURVE_WITH_KNOTS ( 'NONE', 3,
 ( #3600, #2186, #3313, #692, #1902, #708, #1864, #3078, #463, #3351, #726, #133, #1618, #3038 ),
 .UNSPECIFIED., .F., .F.,
 ( 4, 1, 1, 1, 1, 1, 1, 1, 1, 1, 1, 4 ),
 ( 0.000000000000000000, 0.1350157672856901747, 0.2179046148332286215, 0.3067643743810078427, 0.4223730587531137615, 0.5057640773318350380, 0.6126836707157689021, 0.7071238278624992768, 0.7844254153922860517, 0.8646262954099761533, 0.9153497856511333408, 0.9385356789504586406 ),
 .UNSPECIFIED. ) ;
#2264 = CARTESIAN_POINT ( 'NONE',  ( -45.10807307240187214, 81.02069710910515710, 10.00000000000000000 ) ) ;
#2265 = ORIENTED_EDGE ( 'NONE', *, *, #3266, .F. ) ;
#2266 = CARTESIAN_POINT ( 'NONE',  ( -14.11169872123017477, -0.7560170833218096131, 12.00000000000000000 ) ) ;
#2267 = CARTESIAN_POINT ( 'NONE',  ( 3.336151539425036466E-15, 8.858369329271242876, 30.40000000000000213 ) ) ;
#2268 = CARTESIAN_POINT ( 'NONE',  ( -19.75370466724846708, -6.934803996443099194, 4.000000000000000000 ) ) ;
#2269 = VERTEX_POINT ( 'NONE', #2245 ) ;
#2270 = CARTESIAN_POINT ( 'NONE',  ( 37.43338548952037570, 95.65582995305429392, 12.00000000000000000 ) ) ;
#2271 = CARTESIAN_POINT ( 'NONE',  ( -103.0398048839039689, 5.476559870912545591, 16.00000000000000000 ) ) ;
#2272 = CARTESIAN_POINT ( 'NONE',  ( -17.38101777888877209, -5.225061316532367606, 16.00000000000000000 ) ) ;
#2273 = CARTESIAN_POINT ( 'NONE',  ( -45.10807307240187214, 81.02069710910515710, 12.00000000000000000 ) ) ;
#2274 = CARTESIAN_POINT ( 'NONE',  ( 46.24195549096754831, 76.68968209453016982, 16.00000000000000000 ) ) ;
#2275 = CARTESIAN_POINT ( 'NONE',  ( -91.91255516432391914, -11.52220316988912963, 12.00000000000000000 ) ) ;
#2276 = LINE ( 'NONE', #3401, #914 ) ;
#2277 = EDGE_LOOP ( 'NONE', ( #786, #3766, #48, #244 ) ) ;
#2278 = CARTESIAN_POINT ( 'NONE',  ( -43.21970682755805626, 90.72575300733905124, 10.00000000000000000 ) ) ;
#2279 = CARTESIAN_POINT ( 'NONE',  ( 42.29253798694047362, 78.52576933831133488, 4.000000000000000000 ) ) ;
#2280 =( BOUNDED_CURVE ( )  B_SPLINE_CURVE ( 3, ( #3233, #2848, #2267, #2699 ),
 .UNSPECIFIED., .F., .F. ) 
 B_SPLINE_CURVE_WITH_KNOTS ( ( 4, 4 ),
 ( 0.000000000000000000, 1.570796326794896558 ),
 .UNSPECIFIED. ) 
 CURVE ( )  GEOMETRIC_REPRESENTATION_ITEM ( )  RATIONAL_B_SPLINE_CURVE ( ( 1.000000000000000000, 0.8047378541243649375, 0.8047378541243649375, 1.000000000000000000 ) ) 
 REPRESENTATION_ITEM ( '' )  );
#2281 = CARTESIAN_POINT ( 'NONE',  ( 40.96529387711908754, 91.88567406541078242, 12.00000000000000000 ) ) ;
#2282 = ORIENTED_EDGE ( 'NONE', *, *, #1893, .F. ) ;
#2283 = CARTESIAN_POINT ( 'NONE',  ( -18.37229210177823191, -6.314889749586358292, 12.00000000000000000 ) ) ;
#2284 = EDGE_CURVE ( 'NONE', #211, #572, #3046, .T. ) ;
#2285 = CARTESIAN_POINT ( 'NONE',  ( 48.03388812670044672, 79.08737944992141422, 16.00000000000000000 ) ) ;
#2286 = EDGE_LOOP ( 'NONE', ( #1493, #2074, #2644, #556 ) ) ;
#2287 = CARTESIAN_POINT ( 'NONE',  ( 103.3803218193326217, -3.451738654234429049, 12.00000000000000000 ) ) ;
#2288 = VECTOR ( 'NONE', #2857, 1000.000000000000114 ) ;
#2289 = DIRECTION ( 'NONE',  ( -0.4996441147237377645, -0.8662307767690619054, 0.000000000000000000 ) ) ;
#2290 = CARTESIAN_POINT ( 'NONE',  ( -14.11169872123017477, -0.7560170833218096131, 16.00000000000000000 ) ) ;
#2291 = CARTESIAN_POINT ( 'NONE',  ( 94.60142919475674717, -8.634474376662318207, 16.00000000000000000 ) ) ;
#2292 = ORIENTED_EDGE ( 'NONE', *, *, #1841, .T. ) ;
#2293 = AXIS2_PLACEMENT_3D ( 'NONE', #937, #917, #2441 ) ;
#2294 = CARTESIAN_POINT ( 'NONE',  ( 1.564312525769949058, 0.9102056232125397273, 12.00000000000000000 ) ) ;
#2295 = CARTESIAN_POINT ( 'NONE',  ( -54.74598794976407135, 82.14886767526019185, 16.00000000000000000 ) ) ;
#2296 = CARTESIAN_POINT ( 'NONE',  ( 38.15154374022015560, 95.05230011271468982, 10.00000000000000000 ) ) ;
#2297 = EDGE_LOOP ( 'NONE', ( #1767, #2227, #3171, #385, #2706, #308, #428 ) ) ;
#2298 = EDGE_CURVE ( 'NONE', #3355, #2021, #2100, .T. ) ;
#2299 = CARTESIAN_POINT ( 'NONE',  ( -3.250000000000002220, 5.629165124598858760, 30.39999999999999858 ) ) ;
#2300 = CARTESIAN_POINT ( 'NONE',  ( 101.3774292974262892, -6.341118500153055670, 10.00000000000000000 ) ) ;
#2301 = CARTESIAN_POINT ( 'NONE',  ( -42.06433261006535673, 92.64766713434946155, 10.00000000000000000 ) ) ;
#2302 = ORIENTED_EDGE ( 'NONE', *, *, #2078, .T. ) ;
#2303 = ORIENTED_EDGE ( 'NONE', *, *, #1340, .T. ) ;
#2304 = FACE_OUTER_BOUND ( 'NONE', #2863, .T. ) ;
#2305 = EDGE_LOOP ( 'NONE', ( #100, #3621, #1502, #28, #857, #676, #3659 ) ) ;
#2306 = CARTESIAN_POINT ( 'NONE',  ( 59.69026461210930989, 82.35876107693567860, 12.00000000000000000 ) ) ;
#2307 = ORIENTED_EDGE ( 'NONE', *, *, #1382, .T. ) ;
#2308 = DIRECTION ( 'NONE',  ( 0.000000000000000000, -0.000000000000000000, -1.000000000000000000 ) ) ;
#2309 = EDGE_CURVE ( 'NONE', #535, #674, #3428, .T. ) ;
#2310 = CARTESIAN_POINT ( 'NONE',  ( 2.764715539838036307E-15, 9.814954576223644978, 22.00000000000000000 ) ) ;
#2311 = CIRCLE ( 'NONE', #791, 11.50000000000000000 ) ;
#2312 = DIRECTION ( 'NONE',  ( 1.000000000000000000, 0.000000000000000000, -0.000000000000000000 ) ) ;
#2313 = CARTESIAN_POINT ( 'NONE',  ( 103.0398048839039546, 5.476559870912544703, 10.00000000000000000 ) ) ;
#2314 = ORIENTED_EDGE ( 'NONE', *, *, #1262, .T. ) ;
#2315 = CARTESIAN_POINT ( 'NONE',  ( 14.11169872123017655, -0.7560170833218108344, 12.00000000000000000 ) ) ;
#2316 = CARTESIAN_POINT ( 'NONE',  ( -59.69026461210930279, 82.35876107693567860, 12.00000000000000000 ) ) ;
#2317 = VECTOR ( 'NONE', #2823, 1000.000000000000000 ) ;
#2318 = LINE ( 'NONE', #2048, #503 ) ;
#2319 = CARTESIAN_POINT ( 'NONE',  ( -12.28252948003778044, 24.70789247510376896, 16.00000000000000000 ) ) ;
#2320 = CARTESIAN_POINT ( 'NONE',  ( 0.000000000000000000, 0.000000000000000000, 0.000000000000000000 ) ) ;
#2321 = LINE ( 'NONE', #516, #23 ) ;
#2322 = EDGE_LOOP ( 'NONE', ( #1103, #1288, #3463, #157 ) ) ;
#2323 = AXIS2_PLACEMENT_3D ( 'NONE', #1970, #220, #184 ) ;
#2324 = ORIENTED_EDGE ( 'NONE', *, *, #3764, .F. ) ;
#2325 = ADVANCED_FACE ( 'NONE', ( #2094 ), #1763, .F. ) ;
#2326 = CYLINDRICAL_SURFACE ( 'NONE', #2867, 11.50000000000000000 ) ;
#2327 = CC_DESIGN_DATE_AND_TIME_ASSIGNMENT ( #1210, #925, ( #1690 ) ) ;
#2328 = ORIENTED_EDGE ( 'NONE', *, *, #490, .T. ) ;
#2329 = CARTESIAN_POINT ( 'NONE',  ( -14.00133309853872987, 21.25068224866967626, 4.000000000000000000 ) ) ;
#2330 = VERTEX_POINT ( 'NONE', #2384 ) ;
#2331 = CARTESIAN_POINT ( 'NONE',  ( 104.2314294937202277, -0.8984156310705904147, 12.00000000000000000 ) ) ;
#2332 = DIRECTION ( 'NONE',  ( -0.000000000000000000, -0.000000000000000000, -1.000000000000000000 ) ) ;
#2333 = CARTESIAN_POINT ( 'NONE',  ( 102.9946715168661910, 4.166994245635292415, 16.00000000000000000 ) ) ;
#2334 = EDGE_LOOP ( 'NONE', ( #2792, #2886 ) ) ;
#2335 = CARTESIAN_POINT ( 'NONE',  ( 1.147309555492924016, -0.6688021192397001213, 10.00000000000000000 ) ) ;
#2336 = CARTESIAN_POINT ( 'NONE',  ( -101.3134947225302938, -2.836936634874510865, 12.00000000000000000 ) ) ;
#2337 = CARTESIAN_POINT ( 'NONE',  ( -26.08876656290921758, -9.371797397112899830, 10.00000000000000000 ) ) ;
#2338 = CARTESIAN_POINT ( 'NONE',  ( 43.42637297858192369, 85.21948945588665936, 12.00000000000000000 ) ) ;
#2339 = DIRECTION ( 'NONE',  ( 0.000000000000000000, 0.000000000000000000, 1.000000000000000000 ) ) ;
#2340 = CARTESIAN_POINT ( 'NONE',  ( -89.99525595592842819, -11.59606026179955585, 16.00000000000000000 ) ) ;
#2341 = CARTESIAN_POINT ( 'NONE',  ( -102.4556608295032163, -5.503647192016156708, 12.00000000000000000 ) ) ;
#2342 = EDGE_LOOP ( 'NONE', ( #1233, #352, #2437, #2035 ) ) ;
#2343 = APPROVAL_PERSON_ORGANIZATION ( #1519, #2896, #65 ) ;
#2344 = ORIENTED_EDGE ( 'NONE', *, *, #664, .T. ) ;
#2345 = FACE_OUTER_BOUND ( 'NONE', #1829, .T. ) ;
#2346 = VERTEX_POINT ( 'NONE', #3137 ) ;
#2347 = CARTESIAN_POINT ( 'NONE',  ( -14.11169872123017477, -0.7560170833218096131, 4.000000000000000000 ) ) ;
#2348 = ORIENTED_EDGE ( 'NONE', *, *, #2029, .T. ) ;
#2349 = CARTESIAN_POINT ( 'NONE',  ( -91.32188393734173815, -9.438678552286734913, 12.00000000000000000 ) ) ;
#2350 = MECHANICAL_CONTEXT ( 'NONE', #2444, 'mechanical' ) ;
#2351 = CARTESIAN_POINT ( 'NONE',  ( -44.02415406327858705, 79.26020423582379237, 16.00000000000000000 ) ) ;
#2352 = CARTESIAN_POINT ( 'NONE',  ( 102.0054555761009141, -5.546772929637214133, 12.00000000000000000 ) ) ;
#2353 = EDGE_LOOP ( 'NONE', ( #193, #711, #1826, #1848 ) ) ;
#2354 = CIRCLE ( 'NONE', #1444, 103.1852416701762820 ) ;
#2355 = DIRECTION ( 'NONE',  ( 0.5036115573820342250, 0.8639302050925421472, 0.000000000000000000 ) ) ;
#2356 = CARTESIAN_POINT ( 'NONE',  ( -102.9946715168661910, 4.166994245635290639, 12.00000000000000000 ) ) ;
#2357 = EDGE_CURVE ( 'NONE', #1793, #1161, #2604, .T. ) ;
#2358 = CARTESIAN_POINT ( 'NONE',  ( -16.19181371413777271, -4.569913789786324010, 10.00000000000000000 ) ) ;
#2359 = CARTESIAN_POINT ( 'NONE',  ( -66.91363624440054991, 78.54781590270177105, 16.00000000000000000 ) ) ;
#2360 = B_SPLINE_SURFACE_WITH_KNOTS ( 'NONE', 3, 1, ( 
 ( #2710, #2156 ),
 ( #662, #1540 ),
 ( #1816, #1835 ),
 ( #3047, #3027 ) ),
 .UNSPECIFIED., .F., .F., .F.,
 ( 4, 4 ),
 ( 2, 2 ),
 ( 0.6560855630836304186, 0.8716606150501748917 ),
 ( 0.000000000000000000, 1.000000000000000000 ),
 .UNSPECIFIED. ) ;
#2361 = ADVANCED_FACE ( 'NONE', ( #1220 ), #895, .T. ) ;
#2362 = CARTESIAN_POINT ( 'NONE',  ( 65.30837925407898581, 79.90788900709814868, 16.00000000000000000 ) ) ;
#2363 = CARTESIAN_POINT ( 'NONE',  ( 92.52350067897327790, -11.72456804945989184, 16.00000000000000000 ) ) ;
#2364 = FACE_OUTER_BOUND ( 'NONE', #411, .T. ) ;
#2365 = CARTESIAN_POINT ( 'NONE',  ( -13.61486804501912928, 0.000000000000000000, 16.00000000000000000 ) ) ;
#2366 = VERTEX_POINT ( 'NONE', #1785 ) ;
#2367 = DIRECTION ( 'NONE',  ( -0.000000000000000000, 0.000000000000000000, 1.000000000000000000 ) ) ;
#2368 = ORIENTED_EDGE ( 'NONE', *, *, #2520, .T. ) ;
#2369 = CARTESIAN_POINT ( 'NONE',  ( 14.11169872123017655, -0.7560170833218108344, 10.00000000000000533 ) ) ;
#2370 = ORIENTED_EDGE ( 'NONE', *, *, #218, .T. ) ;
#2371 = FACE_BOUND ( 'NONE', #795, .T. ) ;
#2372 = APPROVAL_ROLE ( '' ) ;
#2373 = B_SPLINE_CURVE_WITH_KNOTS ( 'NONE', 3,
 ( #2913, #2290, #296, #1776, #3245, #2272, #562, #3736, #1695, #3527, #3471, #1422, #1460, #1150 ),
 .UNSPECIFIED., .F., .F.,
 ( 4, 1, 1, 1, 1, 1, 1, 1, 1, 1, 1, 4 ),
 ( 0.000000000000000000, 0.1489369628854519123, 0.2187406032244147980, 0.2837510101583713418, 0.3573881234826286613, 0.4340133846367745241, 0.5232015280749875430, 0.6022686970478416946, 0.6773789796004616726, 0.7942826686123175550, 0.8855241963004978345, 1.000000000000000000 ),
 .UNSPECIFIED. ) ;
#2374 = CARTESIAN_POINT ( 'NONE',  ( -44.68019288019633706, 86.63453829268611628, 12.00000000000000000 ) ) ;
#2375 = CARTESIAN_POINT ( 'NONE',  ( 103.0398048839039546, 5.476559870912546479, 16.00000000000000000 ) ) ;
#2376 = ORIENTED_EDGE ( 'NONE', *, *, #1373, .T. ) ;
#2377 = CARTESIAN_POINT ( 'NONE',  ( 12.60220191339104190, 15.48079204061328440, 4.000000000000000000 ) ) ;
#2378 = EDGE_CURVE ( 'NONE', #3304, #2147, #553, .T. ) ;
#2379 = CARTESIAN_POINT ( 'NONE',  ( -98.45780254357383399, -6.139432607529490049, 4.000000000000000000 ) ) ;
#2380 = CARTESIAN_POINT ( 'NONE',  ( -28.04659553532030003, -9.334253580416488560, 12.00000000000000000 ) ) ;
#2381 = AXIS2_PLACEMENT_3D ( 'NONE', #1177, #3557, #934 ) ;
#2382 = DIRECTION ( 'NONE',  ( 0.5036115573820342250, -0.8639302050925421472, 0.000000000000000000 ) ) ;
#2383 = CARTESIAN_POINT ( 'NONE',  ( 34.18751149398478617, 97.54523304310770015, 10.00000000000000533 ) ) ;
#2384 = CARTESIAN_POINT ( 'NONE',  ( -4.993359424043473993, -0.2576075742601952601, 22.00000000000000000 ) ) ;
#2385 = LINE ( 'NONE', #3559, #2899 ) ;
#2386 = CARTESIAN_POINT ( 'NONE',  ( -94.10103776802442610, -11.27324159862228470, 10.00000000000000000 ) ) ;
#2387 = EDGE_CURVE ( 'NONE', #1326, #877, #2280, .T. ) ;
#2388 = VECTOR ( 'NONE', #904, 1000.000000000000114 ) ;
#2389 = CARTESIAN_POINT ( 'NONE',  ( 1.121715567653502887E-15, -7.505553499465140277, 30.39999999999999858 ) ) ;
#2390 = ORIENTED_EDGE ( 'NONE', *, *, #2144, .F. ) ;
#2391 = CARTESIAN_POINT ( 'NONE',  ( -11.50000000000000000, 1.408343819019456176E-15, 0.000000000000000000 ) ) ;
#2392 = EDGE_LOOP ( 'NONE', ( #2754, #880, #1591, #3241 ) ) ;
#2393 = DIRECTION ( 'NONE',  ( -0.5036115573820343361, 0.8639302050925422582, 0.000000000000000000 ) ) ;
#2394 = VECTOR ( 'NONE', #681, 1000.000000000000000 ) ;
#2395 = CARTESIAN_POINT ( 'NONE',  ( -45.34545802003545134, 83.60963418298197780, 16.00000000000000000 ) ) ;
#2396 = CARTESIAN_POINT ( 'NONE',  ( 20.94624439764723434, -7.837647619075617023, 10.00000000000000000 ) ) ;
#2397 = ORIENTED_EDGE ( 'NONE', *, *, #2568, .F. ) ;
#2398 = FACE_OUTER_BOUND ( 'NONE', #735, .T. ) ;
#2399 = CARTESIAN_POINT ( 'NONE',  ( -98.45780254357383399, -6.139432607529490049, 10.00000000000000178 ) ) ;
#2400 = CARTESIAN_POINT ( 'NONE',  ( 12.65491811937066835, 27.14315975095284017, 10.00000000000000000 ) ) ;
#2401 = DIRECTION ( 'NONE',  ( 0.000000000000000000, 0.000000000000000000, 1.000000000000000000 ) ) ;
#2402 = CARTESIAN_POINT ( 'NONE',  ( -62.00719827582999955, 81.93640675327760903, 12.00000000000000000 ) ) ;
#2403 = CARTESIAN_POINT ( 'NONE',  ( 0.01532814986793104572, -9.287942205700460363, 16.00000000000000000 ) ) ;
#2404 = CARTESIAN_POINT ( 'NONE',  ( -14.42377164587935212, -2.127023687252404649, 4.000000000000000000 ) ) ;
#2405 = CARTESIAN_POINT ( 'NONE',  ( -14.29935285123792532, 21.89312541265675449, 10.00000000000000000 ) ) ;
#2406 = LINE ( 'NONE', #1009, #2251 ) ;
#2407 = ORIENTED_EDGE ( 'NONE', *, *, #1653, .T. ) ;
#2408 = LINE ( 'NONE', #3297, #803 ) ;
#2409 = ORIENTED_EDGE ( 'NONE', *, *, #1315, .F. ) ;
#2410 = CARTESIAN_POINT ( 'NONE',  ( 42.29253798694047362, 78.52576933831133488, 4.000000000000000000 ) ) ;
#2411 = PERSON_AND_ORGANIZATION_ROLE ( 'design_supplier' ) ;
#2412 = EDGE_CURVE ( 'NONE', #1601, #62, #3061, .T. ) ;
#2413 = CARTESIAN_POINT ( 'NONE',  ( 1.564312525769949058, 0.9102056232125397273, 16.00000000000000000 ) ) ;
#2414 = CARTESIAN_POINT ( 'NONE',  ( 98.45780254357384820, -6.139432607529491825, 10.00000000000000000 ) ) ;
#2415 = ORIENTED_EDGE ( 'NONE', *, *, #581, .F. ) ;
#2416 = CARTESIAN_POINT ( 'NONE',  ( -94.60142919475676138, -8.634474376662318207, 10.00000000000000178 ) ) ;
#2417 = CARTESIAN_POINT ( 'NONE',  ( -4.293223980211161361, 19.25422940976884689, 4.000000000000000000 ) ) ;
#2418 = AXIS2_PLACEMENT_3D ( 'NONE', #1832, #1587, #1305 ) ;
#2419 = ORIENTED_EDGE ( 'NONE', *, *, #2128, .T. ) ;
#2420 = CARTESIAN_POINT ( 'NONE',  ( 42.70751593584237327, 88.44992427182512529, 12.00000000000000000 ) ) ;
#2421 = LINE ( 'NONE', #150, #2008 ) ;
#2422 = EDGE_CURVE ( 'NONE', #2019, #3618, #871, .T. ) ;
#2423 = CARTESIAN_POINT ( 'NONE',  ( -99.54940066188206060, -4.472610537853937807, 12.00000000000000000 ) ) ;
#2424 = CARTESIAN_POINT ( 'NONE',  ( -98.17736425259940347, -9.146146354359407482, 10.00000000000000000 ) ) ;
#2425 = CARTESIAN_POINT ( 'NONE',  ( 66.91363624440050728, 78.54781590270181368, 16.00000000000000000 ) ) ;
#2426 = ORIENTED_EDGE ( 'NONE', *, *, #2822, .T. ) ;
#2427 = LINE ( 'NONE', #2135, #3435 ) ;
#2428 = ORIENTED_EDGE ( 'NONE', *, *, #2618, .F. ) ;
#2429 = FACE_OUTER_BOUND ( 'NONE', #3680, .T. ) ;
#2430 = DIRECTION ( 'NONE',  ( 1.000000000000000000, 0.000000000000000000, 0.000000000000000000 ) ) ;
#2431 = ORIENTED_EDGE ( 'NONE', *, *, #2533, .T. ) ;
#2432 = CARTESIAN_POINT ( 'NONE',  ( 99.54940066188207481, -4.472610537853936030, 4.000000000000000000 ) ) ;
#2433 = ORIENTED_EDGE ( 'NONE', *, *, #229, .T. ) ;
#2434 = ADVANCED_FACE ( 'NONE', ( #1806 ), #1304, .F. ) ;
#2435 = CARTESIAN_POINT ( 'NONE',  ( -91.32188393734173815, -9.438678552286734913, 10.00000000000000178 ) ) ;
#2436 = CARTESIAN_POINT ( 'NONE',  ( -101.9262948962494164, -5.709331410736211865, 4.000000000000000000 ) ) ;
#2437 = ORIENTED_EDGE ( 'NONE', *, *, #2631, .T. ) ;
#2438 = CARTESIAN_POINT ( 'NONE',  ( 103.0398048839039689, 5.476559870912545591, 12.00000000000000000 ) ) ;
#2439 = CARTESIAN_POINT ( 'NONE',  ( -63.92836056386667565, 80.96992915787178902, 16.00000000000000000 ) ) ;
#2440 = FACE_OUTER_BOUND ( 'NONE', #2887, .T. ) ;
#2441 = DIRECTION ( 'NONE',  ( 1.000000000000000000, 0.000000000000000000, 0.000000000000000000 ) ) ;
#2442 = AXIS2_PLACEMENT_3D ( 'NONE', #2460, #3332, #743 ) ;
#2443 = CARTESIAN_POINT ( 'NONE',  ( 101.3134947225302938, -2.836936634874512198, 4.000000000000000000 ) ) ;
#2444 = APPLICATION_CONTEXT ( 'configuration controlled 3d designs of mechanical parts and assemblies' ) ;
#2445 = EDGE_LOOP ( 'NONE', ( #3188, #266, #1675, #2470 ) ) ;
#2446 = CARTESIAN_POINT ( 'NONE',  ( -44.13614470617245189, 88.69147528192418406, 16.00000000000000000 ) ) ;
#2447 = VERTEX_POINT ( 'NONE', #1900 ) ;
#2448 = DIRECTION ( 'NONE',  ( -0.000000000000000000, 0.000000000000000000, 1.000000000000000000 ) ) ;
#2449 = ADVANCED_FACE ( 'NONE', ( #1598 ), #989, .T. ) ;
#2450 = CARTESIAN_POINT ( 'NONE',  ( -40.59479093392905469, 94.11982914663285271, 12.00000000000000000 ) ) ;
#2451 = CARTESIAN_POINT ( 'NONE',  ( 92.65778439187667459, -9.254426244762964160, 12.00000000000000000 ) ) ;
#2452 = VERTEX_POINT ( 'NONE', #442 ) ;
#2453 = CIRCLE ( 'NONE', #1542, 103.3627516641538193 ) ;
#2454 = CARTESIAN_POINT ( 'NONE',  ( 0.01532814986793104572, -9.287942205700460363, 10.00000000000000000 ) ) ;
#2455 = CARTESIAN_POINT ( 'NONE',  ( -99.54940066188206060, -4.472610537853937807, 4.000000000000000000 ) ) ;
#2456 = CARTESIAN_POINT ( 'NONE',  ( 8.223740567289853587, 21.89769805209878939, 4.000000000000000000 ) ) ;
#2457 = CARTESIAN_POINT ( 'NONE',  ( 101.9262948962494022, -5.709331410736213641, 4.000000000000000000 ) ) ;
#2458 = CARTESIAN_POINT ( 'NONE',  ( -94.60142919475676138, -8.634474376662318207, 16.00000000000000000 ) ) ;
#2459 = CARTESIAN_POINT ( 'NONE',  ( -12.60220191339104368, 15.48079204061328440, 16.00000000000000000 ) ) ;
#2460 = CARTESIAN_POINT ( 'NONE',  ( 0.000000000000000000, 0.000000000000000000, 16.00000000000000000 ) ) ;
#2461 = ORIENTED_EDGE ( 'NONE', *, *, #3236, .T. ) ;
#2462 = DIRECTION ( 'NONE',  ( -0.000000000000000000, -0.000000000000000000, -1.000000000000000000 ) ) ;
#2463 = ORIENTED_EDGE ( 'NONE', *, *, #2144, .T. ) ;
#2464 = CARTESIAN_POINT ( 'NONE',  ( -1.147309555492924016, -0.6688021192397001213, 4.000000000000000000 ) ) ;
#2465 = FACE_OUTER_BOUND ( 'NONE', #2342, .T. ) ;
#2466 = CARTESIAN_POINT ( 'NONE',  ( 28.04659553532030003, -9.334253580416488560, 4.000000000000000000 ) ) ;
#2467 = B_SPLINE_CURVE_WITH_KNOTS ( 'NONE', 3,
 ( #626, #2918, #1739, #2089, #3495, #3780, #870, #2651, #2030, #648, #3185, #3273, #3759, #3476, #1719, #2900, #1138, #1155, #2296, #2011, #567, #3515, #1447, #890 ),
 .UNSPECIFIED., .F., .F.,
 ( 4, 1, 1, 1, 1, 1, 1, 1, 1, 1, 1, 1, 1, 1, 1, 1, 1, 1, 1, 1, 1, 4 ),
 ( 0.000000000000000000, 0.08656765682406110385, 0.1479039510435258276, 0.1922751962830901440, 0.2489070958634956587, 0.2914066986512173774, 0.3518358770510202627, 0.4034809531883021827, 0.4420349376179233403, 0.4800239516846724896, 0.5308487561187591464, 0.5691669341502195723, 0.6061368118922073611, 0.6547925348442905635, 0.6953229118272797882, 0.7249328358589900434, 0.7596260772862258870, 0.7938533265150851115, 0.8346016812522725203, 0.8816281379054209388, 0.9149353323568446550, 1.000000000000000000 ),
 .UNSPECIFIED. ) ;
#2468 = FACE_OUTER_BOUND ( 'NONE', #3298, .T. ) ;
#2469 = SECURITY_CLASSIFICATION ( '', '', #378 ) ;
#2470 = ORIENTED_EDGE ( 'NONE', *, *, #1407, .F. ) ;
#2471 = CARTESIAN_POINT ( 'NONE',  ( -20.94624439764723789, -7.837647619075618799, 4.000000000000000000 ) ) ;
#2472 = FACE_OUTER_BOUND ( 'NONE', #2334, .T. ) ;
#2473 = DIRECTION ( 'NONE',  ( -0.4999999999999997780, 0.8660254037844388186, 0.000000000000000000 ) ) ;
#2474 = ORIENTED_EDGE ( 'NONE', *, *, #1382, .F. ) ;
#2475 = EDGE_CURVE ( 'NONE', #3618, #332, #671, .T. ) ;
#2476 = CARTESIAN_POINT ( 'NONE',  ( 10.98539073289564350, 0.5667366633724321145, 22.00000000000000000 ) ) ;
#2477 = CARTESIAN_POINT ( 'NONE',  ( -100.4217976402183723, -7.441125030998751555, 9.999999999999998224 ) ) ;
#2478 = CARTESIAN_POINT ( 'NONE',  ( -92.52350067897327790, -11.72456804945989361, 4.000000000000000000 ) ) ;
#2479 = VECTOR ( 'NONE', #1911, 999.9999999999998863 ) ;
#2480 = EDGE_CURVE ( 'NONE', #973, #435, #1565, .T. ) ;
#2481 = CARTESIAN_POINT ( 'NONE',  ( 92.65778439187667459, -9.254426244762964160, 4.000000000000000000 ) ) ;
#2482 = CARTESIAN_POINT ( 'NONE',  ( -12.60220191339104368, 15.48079204061328440, 10.00000000000000000 ) ) ;
#2483 = VERTEX_POINT ( 'NONE', #423 ) ;
#2484 = CARTESIAN_POINT ( 'NONE',  ( 43.35663588922312073, 82.89263312496298397, 16.00000000000000000 ) ) ;
#2485 = CARTESIAN_POINT ( 'NONE',  ( 0.000000000000000000, 0.000000000000000000, 16.00000000000000000 ) ) ;
#2486 = CARTESIAN_POINT ( 'NONE',  ( 14.42377164587935212, -2.127023687252404205, 4.000000000000000000 ) ) ;
#2487 = LINE ( 'NONE', #1035, #2261 ) ;
#2488 = ORIENTED_EDGE ( 'NONE', *, *, #191, .F. ) ;
#2489 = CARTESIAN_POINT ( 'NONE',  ( -104.9768680301030770, 2.203900766895053209, 4.000000000000000000 ) ) ;
#2490 = B_SPLINE_SURFACE_WITH_KNOTS ( 'NONE', 3, 1, ( 
 ( #1429, #1390 ),
 ( #267, #1684 ),
 ( #2920, #2860 ),
 ( #1974, #568 ),
 ( #815, #3208 ),
 ( #243, #2611 ),
 ( #2278, #3782 ),
 ( #1667, #2901 ),
 ( #3187, #1703 ),
 ( #285, #1157 ),
 ( #12, #3743 ),
 ( #3456, #2031 ) ),
 .UNSPECIFIED., .F., .F., .F.,
 ( 4, 1, 1, 1, 1, 1, 1, 1, 1, 4 ),
 ( 2, 2 ),
 ( 0.000000000000000000, 0.07984134518936002178, 0.1529309427693458789, 0.2761214748056889379, 0.3757152083410297827, 0.4330997905698241723, 0.5790779275548477711, 0.6766347224225566226, 0.7207672962006216322, 1.000000000000000000 ),
 ( 0.000000000000000000, 1.000000000000000000 ),
 .UNSPECIFIED. ) ;
#2491 = CARTESIAN_POINT ( 'NONE',  ( 5.898552909013184298, 20.26427960201245426, 12.00000000000000000 ) ) ;
#2492 = CARTESIAN_POINT ( 'NONE',  ( 0.000000000000000000, 0.000000000000000000, 22.00000000000000000 ) ) ;
#2493 = ADVANCED_FACE ( 'NONE', ( #2440 ), #723, .F. ) ;
#2494 = CARTESIAN_POINT ( 'NONE',  ( 0.000000000000000000, 0.000000000000000000, 20.00000000000000000 ) ) ;
#2495 = DIRECTION ( 'NONE',  ( 0.000000000000000000, 0.000000000000000000, 1.000000000000000000 ) ) ;
#2496 = CARTESIAN_POINT ( 'NONE',  ( -101.9262948962494164, -5.709331410736211865, 4.000000000000000000 ) ) ;
#2497 = VECTOR ( 'NONE', #2709, 1000.000000000000000 ) ;
#2498 = CARTESIAN_POINT ( 'NONE',  ( 38.15154374022015560, 95.05230011271468982, 4.000000000000000000 ) ) ;
#2499 = B_SPLINE_CURVE_WITH_KNOTS ( 'NONE', 3,
 ( #1605, #1322, #1887, #2774, #2484, #1032, #3661, #1757, #2937, #1192, #2567, #1114, #565, #299, #1700, #849, #2027, #282, #3512, #3757, #3740, #2009, #262, #2916 ),
 .UNSPECIFIED., .F., .F.,
 ( 4, 1, 1, 1, 1, 1, 1, 1, 1, 1, 1, 1, 1, 1, 1, 1, 1, 1, 1, 1, 1, 4 ),
 ( 0.000000000000000000, 0.08656765682406110385, 0.1479039510435258276, 0.1922751962830901440, 0.2489070958634956587, 0.2914066986512173774, 0.3518358770510202627, 0.4034809531883021827, 0.4420349376179233403, 0.4800239516846724896, 0.5308487561187591464, 0.5691669341502195723, 0.6061368118922073611, 0.6547925348442905635, 0.6953229118272797882, 0.7249328358589900434, 0.7596260772862258870, 0.7938533265150851115, 0.8346016812522725203, 0.8816281379054209388, 0.9149353323568446550, 1.000000000000000000 ),
 .UNSPECIFIED. ) ;
#2500 = ADVANCED_FACE ( 'NONE', ( #3366 ), #1861, .F. ) ;
#2501 = CARTESIAN_POINT ( 'NONE',  ( -12.45341646805670877, 6.164201771396467855, 4.000000000000000000 ) ) ;
#2502 = ORIENTED_EDGE ( 'NONE', *, *, #1688, .F. ) ;
#2503 = VECTOR ( 'NONE', #956, 1000.000000000000000 ) ;
#2504 = CARTESIAN_POINT ( 'NONE',  ( -59.69026461210930279, 82.35876107693567860, 4.000000000000000000 ) ) ;
#2505 = CARTESIAN_POINT ( 'NONE',  ( 22.54697192685822671, -8.311285597245346324, 4.000000000000000000 ) ) ;
#2506 = LINE ( 'NONE', #1344, #325 ) ;
#2507 = ORIENTED_EDGE ( 'NONE', *, *, #3228, .F. ) ;
#2508 = CARTESIAN_POINT ( 'NONE',  ( 34.65548007856868651, 97.05127322762321285, 12.00000000000000000 ) ) ;
#2509 = DIRECTION ( 'NONE',  ( -0.9999986382117440620, -0.001650325621624664733, 0.000000000000000000 ) ) ;
#2510 = FACE_OUTER_BOUND ( 'NONE', #1866, .T. ) ;
#2511 = DIRECTION ( 'NONE',  ( 1.000000000000000000, 0.000000000000000000, 0.000000000000000000 ) ) ;
#2512 = AXIS2_PLACEMENT_3D ( 'NONE', #1505, #52, #931 ) ;
#2513 = CARTESIAN_POINT ( 'NONE',  ( 62.00719827582999955, 81.93640675327759482, 4.000000000000000000 ) ) ;
#2514 = CARTESIAN_POINT ( 'NONE',  ( 91.32188393734173815, -9.438678552286734913, 10.00000000000000000 ) ) ;
#2515 = CARTESIAN_POINT ( 'NONE',  ( -14.00133309853872987, 21.25068224866967626, 12.00000000000000000 ) ) ;
#2516 = CARTESIAN_POINT ( 'NONE',  ( 96.83532422476577040, -7.335353874765145221, 16.00000000000000000 ) ) ;
#2517 = CARTESIAN_POINT ( 'NONE',  ( -14.00133309853872987, 21.25068224866967626, 4.000000000000000000 ) ) ;
#2518 = ORIENTED_EDGE ( 'NONE', *, *, #1745, .F. ) ;
#2519 = CARTESIAN_POINT ( 'NONE',  ( -46.24195549096754831, 76.68968209453016982, 16.00000000000000000 ) ) ;
#2520 = EDGE_CURVE ( 'NONE', #400, #2915, #185, .T. ) ;
#2521 = CARTESIAN_POINT ( 'NONE',  ( 8.223740567289853587, 21.89769805209878939, 4.000000000000000000 ) ) ;
#2522 = CARTESIAN_POINT ( 'NONE',  ( -10.80480706952578629, 23.01520563626386107, 12.00000000000000000 ) ) ;
#2523 = ORIENTED_EDGE ( 'NONE', *, *, #2712, .F. ) ;
#2524 = CARTESIAN_POINT ( 'NONE',  ( 8.223740567289853587, 21.89769805209878939, 10.00000000000000000 ) ) ;
#2525 = EDGE_CURVE ( 'NONE', #1462, #674, #2554, .T. ) ;
#2526 = CARTESIAN_POINT ( 'NONE',  ( -98.45780254357383399, -6.139432607529490049, 16.00000000000000000 ) ) ;
#2527 = CARTESIAN_POINT ( 'NONE',  ( -0.7127477939199755586, 18.50885608312994179, 12.00000000000000000 ) ) ;
#2528 = LINE ( 'NONE', #492, #3124 ) ;
#2529 = CARTESIAN_POINT ( 'NONE',  ( 66.44747720935816915, 79.22565238055983627, 4.000000000000000000 ) ) ;
#2530 = FACE_OUTER_BOUND ( 'NONE', #1837, .T. ) ;
#2531 = ORIENTED_EDGE ( 'NONE', *, *, #1836, .T. ) ;
#2532 = CARTESIAN_POINT ( 'NONE',  ( 103.9650961824314237, -1.767881847963786335, 10.00000000000000178 ) ) ;
#2533 = EDGE_CURVE ( 'NONE', #281, #709, #143, .T. ) ;
#2534 = CARTESIAN_POINT ( 'NONE',  ( 42.70751593584237327, 88.44992427182512529, 4.000000000000000000 ) ) ;
#2535 = CARTESIAN_POINT ( 'NONE',  ( 3.250000000000002220, -5.629165124598856984, 28.40000000000000213 ) ) ;
#2536 = VECTOR ( 'NONE', #2393, 999.9999999999998863 ) ;
#2537 = EDGE_LOOP ( 'NONE', ( #1202, #2502, #2292, #3041 ) ) ;
#2538 = EDGE_CURVE ( 'NONE', #1170, #596, #952, .T. ) ;
#2539 = CARTESIAN_POINT ( 'NONE',  ( 104.2314294937194461, -0.8984156310739133122, 12.00000000000000000 ) ) ;
#2540 = CARTESIAN_POINT ( 'NONE',  ( 4.483002770040532603, 19.46745503705359326, 4.000000000000000000 ) ) ;
#2541 = CARTESIAN_POINT ( 'NONE',  ( 2.706348326447599373, 19.07012903421702887, 16.00000000000000000 ) ) ;
#2542 = ORIENTED_EDGE ( 'NONE', *, *, #3487, .F. ) ;
#2543 = DIRECTION ( 'NONE',  ( -0.5000000000000002220, -0.8660254037844385966, 0.000000000000000000 ) ) ;
#2544 = CARTESIAN_POINT ( 'NONE',  ( 9.264247147714717912, 22.68462024131437360, 12.00000000000000000 ) ) ;
#2545 = CARTESIAN_POINT ( 'NONE',  ( 19.75370466724846708, -6.934803996443100971, 16.00000000000000000 ) ) ;
#2546 = EDGE_CURVE ( 'NONE', #375, #3028, #1825, .T. ) ;
#2547 = ORIENTED_EDGE ( 'NONE', *, *, #3090, .F. ) ;
#2548 = CARTESIAN_POINT ( 'NONE',  ( -97.93042587694398549, -9.305914660885321155, 12.00000000000000000 ) ) ;
#2549 = CARTESIAN_POINT ( 'NONE',  ( -12.28252948003778044, 24.70789247510376896, 16.00000000000000000 ) ) ;
#2550 = CARTESIAN_POINT ( 'NONE',  ( 0.01532814986793104572, -9.287942205700460363, 16.00000000000000000 ) ) ;
#2551 = CARTESIAN_POINT ( 'NONE',  ( 92.65778439187667459, -9.254426244762964160, 16.00000000000000000 ) ) ;
#2552 = CARTESIAN_POINT ( 'NONE',  ( 41.56991051861120923, 91.14236359620733197, 12.00000000000000000 ) ) ;
#2553 = ORIENTED_EDGE ( 'NONE', *, *, #2689, .F. ) ;
#2554 = CIRCLE ( 'NONE', #1284, 103.1852416701762820 ) ;
#2555 = CARTESIAN_POINT ( 'NONE',  ( -11.50000000000000000, 1.408343819019456176E-15, 0.000000000000000000 ) ) ;
#2556 = CARTESIAN_POINT ( 'NONE',  ( 104.9769395856255301, 2.206356871753986315, 16.00000000000000000 ) ) ;
#2557 = AXIS2_PLACEMENT_3D ( 'NONE', #96, #991, #3657 ) ;
#2558 = VERTEX_POINT ( 'NONE', #2718 ) ;
#2559 = CARTESIAN_POINT ( 'NONE',  ( -18.37229210177823191, -6.314889749586358292, 4.000000000000000000 ) ) ;
#2560 = ORIENTED_EDGE ( 'NONE', *, *, #3586, .T. ) ;
#2561 = CARTESIAN_POINT ( 'NONE',  ( -5.905110423656681817, 19.74343890363579490, 10.00000000000000000 ) ) ;
#2562 = VECTOR ( 'NONE', #126, 1000.000000000000114 ) ;
#2563 = CARTESIAN_POINT ( 'NONE',  ( 101.9262948962494022, -5.709331410736213641, 4.000000000000000000 ) ) ;
#2564 = CARTESIAN_POINT ( 'NONE',  ( 12.74312034550123407, 17.98947295078569297, 12.00000000000000000 ) ) ;
#2565 = FACE_OUTER_BOUND ( 'NONE', #2931, .T. ) ;
#2566 = AXIS2_PLACEMENT_3D ( 'NONE', #2645, #864, #2024 ) ;
#2567 = CARTESIAN_POINT ( 'NONE',  ( 42.39386818192176065, 89.37719346822775890, 16.00000000000000000 ) ) ;
#2568 = EDGE_CURVE ( 'NONE', #693, #2711, #1962, .T. ) ;
#2569 = DIRECTION ( 'NONE',  ( -0.000000000000000000, -0.000000000000000000, -1.000000000000000000 ) ) ;
#2570 = CARTESIAN_POINT ( 'NONE',  ( -18.37229210177823191, -6.314889749586358292, 12.00000000000000000 ) ) ;
#2571 = EDGE_LOOP ( 'NONE', ( #3398, #882, #3095, #1854 ) ) ;
#2572 = B_SPLINE_CURVE_WITH_KNOTS ( 'NONE', 3,
 ( #1232, #2451, #2990, #2970, #2085, #1574, #3269, #3009, #1590, #698, #359 ),
 .UNSPECIFIED., .F., .F.,
 ( 4, 1, 1, 1, 1, 1, 1, 1, 4 ),
 ( 0.000000000000000000, 0.1949571952945148567, 0.2904616644566326289, 0.3738167854987162197, 0.4830204466706601862, 0.5763719702222344088, 0.7141170624379623577, 0.8073561366014027074, 1.000000000000000000 ),
 .UNSPECIFIED. ) ;
#2573 = LINE ( 'NONE', #3150, #832 ) ;
#2574 = VECTOR ( 'NONE', #314, 1000.000000000000000 ) ;
#2575 = ADVANCED_FACE ( 'NONE', ( #2530 ), #224, .F. ) ;
#2576 = CARTESIAN_POINT ( 'NONE',  ( 37.43338548952037570, 95.65582995305429392, 4.000000000000000000 ) ) ;
#2577 = CARTESIAN_POINT ( 'NONE',  ( 34.18751149398477907, 97.54523304310770015, 12.00000000000000000 ) ) ;
#2578 = ORIENTED_EDGE ( 'NONE', *, *, #3012, .T. ) ;
#2579 = ORIENTED_EDGE ( 'NONE', *, *, #1223, .T. ) ;
#2580 = CARTESIAN_POINT ( 'NONE',  ( -17.38101777888877209, -5.225061316532367606, 12.00000000000000000 ) ) ;
#2581 = CARTESIAN_POINT ( 'NONE',  ( -12.85613651940623647, 10.60072605994906780, 4.000000000000000000 ) ) ;
#2582 = ORIENTED_EDGE ( 'NONE', *, *, #1769, .T. ) ;
#2583 = CARTESIAN_POINT ( 'NONE',  ( 104.0225928249257947, -1.780946870443558705, 12.00000000000000000 ) ) ;
#2584 = CARTESIAN_POINT ( 'NONE',  ( 104.9769395856255301, 2.206356871753986315, 4.000000000000000000 ) ) ;
#2585 = EDGE_CURVE ( 'NONE', #1281, #321, #2276, .T. ) ;
#2586 = CARTESIAN_POINT ( 'NONE',  ( 12.85613651940623825, 10.60072605994906780, 12.00000000000000000 ) ) ;
#2587 = DIRECTION ( 'NONE',  ( -0.000000000000000000, -0.000000000000000000, -1.000000000000000000 ) ) ;
#2588 = EDGE_LOOP ( 'NONE', ( #1010, #2136, #1779, #3154 ) ) ;
#2589 = PRODUCT_DEFINITION_FORMATION_WITH_SPECIFIED_SOURCE ( 'ANY', '', #1482, .NOT_KNOWN. ) ;
#2590 = CARTESIAN_POINT ( 'NONE',  ( 16.19181371413777626, -4.569913789786324010, 12.00000000000000000 ) ) ;
#2591 = CARTESIAN_POINT ( 'NONE',  ( 14.00133309853873165, 21.25068224866967626, 4.000000000000000000 ) ) ;
#2592 = DIRECTION ( 'NONE',  ( 0.000000000000000000, 0.000000000000000000, -1.000000000000000000 ) ) ;
#2593 = CARTESIAN_POINT ( 'NONE',  ( 1.116067733176190346, 18.47538363182966492, 16.00000000000000000 ) ) ;
#2594 = CARTESIAN_POINT ( 'NONE',  ( 62.00719827582999955, 81.93640675327759482, 16.00000000000000000 ) ) ;
#2595 = CARTESIAN_POINT ( 'NONE',  ( -103.3970670614508407, -3.414581306962506613, 12.00000000000000000 ) ) ;
#2596 = VERTEX_POINT ( 'NONE', #3722 ) ;
#2597 = EDGE_CURVE ( 'NONE', #1476, #535, #3671, .T. ) ;
#2598 = CARTESIAN_POINT ( 'NONE',  ( -26.08876656290921758, -9.371797397112899830, 12.00000000000000000 ) ) ;
#2599 = VECTOR ( 'NONE', #942, 1000.000000000000000 ) ;
#2600 = PLANE ( 'NONE',  #261 ) ;
#2601 = ORIENTED_EDGE ( 'NONE', *, *, #3347, .F. ) ;
#2602 = CARTESIAN_POINT ( 'NONE',  ( 8.500000000000005329, 4.907477288111821601, 22.00000000000000000 ) ) ;
#2603 = CARTESIAN_POINT ( 'NONE',  ( -103.0518618345317350, 2.100478337209354063, 16.00000000000000000 ) ) ;
#2604 = B_SPLINE_CURVE_WITH_KNOTS ( 'NONE', 3,
 ( #14, #3211, #2072, #2033, #306, #347 ),
 .UNSPECIFIED., .F., .F.,
 ( 4, 1, 1, 4 ),
 ( 0.4259232083550338888, 0.4856485324772289447, 0.6188506265022477582, 0.7296582169229196557 ),
 .UNSPECIFIED. ) ;
#2605 = CARTESIAN_POINT ( 'NONE',  ( 0.000000000000000000, 0.000000000000000000, 30.39999999999999858 ) ) ;
#2606 = CARTESIAN_POINT ( 'NONE',  ( 0.000000000000000000, 0.000000000000000000, 0.000000000000000000 ) ) ;
#2607 = EDGE_LOOP ( 'NONE', ( #659, #3237, #3316, #3571 ) ) ;
#2608 = DIRECTION ( 'NONE',  ( -0.000000000000000000, -0.000000000000000000, -1.000000000000000000 ) ) ;
#2609 = CARTESIAN_POINT ( 'NONE',  ( 14.29935285123792177, 21.89312541265675449, 10.00000000000000000 ) ) ;
#2610 = CARTESIAN_POINT ( 'NONE',  ( 104.2314294937194461, -0.8984156310739133122, 12.00000000000000000 ) ) ;
#2611 = CARTESIAN_POINT ( 'NONE',  ( -42.06433261006535673, 92.64766713434946155, 4.000000000000000000 ) ) ;
#2612 = EDGE_CURVE ( 'NONE', #2711, #483, #813, .T. ) ;
#2613 = PLANE ( 'NONE',  #2695 ) ;
#2614 = CARTESIAN_POINT ( 'NONE',  ( -102.4556608295032163, -5.503647192016156708, 9.999999999999998224 ) ) ;
#2615 = ORIENTED_EDGE ( 'NONE', *, *, #79, .F. ) ;
#2616 = VERTEX_POINT ( 'NONE', #1116 ) ;
#2617 = CARTESIAN_POINT ( 'NONE',  ( 8.500000000000005329, -4.907477288111823377, 28.40000000000000213 ) ) ;
#2618 = EDGE_CURVE ( 'NONE', #1425, #1245, #2247, .T. ) ;
#2619 = CARTESIAN_POINT ( 'NONE',  ( 66.80333017543827623, 78.71087431966309111, 12.00000000000000000 ) ) ;
#2620 = ORIENTED_EDGE ( 'NONE', *, *, #844, .T. ) ;
#2621 = CARTESIAN_POINT ( 'NONE',  ( 59.69026461210930989, 82.35876107693567860, 12.00000000000000000 ) ) ;
#2622 = LINE ( 'NONE', #2310, #3142 ) ;
#2623 = DIRECTION ( 'NONE',  ( -0.000000000000000000, -0.000000000000000000, -1.000000000000000000 ) ) ;
#2624 = CARTESIAN_POINT ( 'NONE',  ( 91.32188393734173815, -9.438678552286734913, 12.00000000000000000 ) ) ;
#2625 = VERTEX_POINT ( 'NONE', #2549 ) ;
#2626 = CARTESIAN_POINT ( 'NONE',  ( 26.08876656290921758, -9.371797397112901606, 12.00000000000000000 ) ) ;
#2627 = CARTESIAN_POINT ( 'NONE',  ( 13.34052234755442434, 20.01411531491224949, 10.00000000000000000 ) ) ;
#2628 = CARTESIAN_POINT ( 'NONE',  ( -13.61486804501912928, 0.000000000000000000, 10.00000000000000000 ) ) ;
#2629 = CARTESIAN_POINT ( 'NONE',  ( 12.10857102087429382, 26.42812441157807868, 16.00000000000000000 ) ) ;
#2630 = FACE_OUTER_BOUND ( 'NONE', #2683, .T. ) ;
#2631 = EDGE_CURVE ( 'NONE', #1303, #1563, #610, .T. ) ;
#2632 = CARTESIAN_POINT ( 'NONE',  ( 22.54697192685822671, -8.311285597245346324, 16.00000000000000000 ) ) ;
#2633 = CARTESIAN_POINT ( 'NONE',  ( 43.34286445842195690, 86.40621228920208807, 12.00000000000000000 ) ) ;
#2634 = VERTEX_POINT ( 'NONE', #2841 ) ;
#2635 = ORIENTED_EDGE ( 'NONE', *, *, #496, .F. ) ;
#2636 = B_SPLINE_SURFACE_WITH_KNOTS ( 'NONE', 3, 1, ( 
 ( #716, #1308 ),
 ( #67, #644 ),
 ( #963, #121 ),
 ( #1271, #105 ),
 ( #2414, #3570 ),
 ( #945, #2432 ),
 ( #3591, #3607 ),
 ( #2106, #2123 ),
 ( #981, #2139 ),
 ( #3320, #2833 ),
 ( #785, #1944 ) ),
 .UNSPECIFIED., .F., .F., .F.,
 ( 4, 1, 1, 1, 1, 1, 1, 1, 4 ),
 ( 2, 2 ),
 ( 0.000000000000000000, 0.1949571952945148567, 0.2904616644566326289, 0.3738167854987162197, 0.4830204466706601862, 0.5763719702222344088, 0.7141170624379623577, 0.8073561366014027074, 1.000000000000000000 ),
 ( 0.000000000000000000, 1.000000000000000000 ),
 .UNSPECIFIED. ) ;
#2637 = B_SPLINE_CURVE_WITH_KNOTS ( 'NONE', 3,
 ( #678, #3284, #2967, #3007, #3604, #696, #977, #64, #3317, #355, #1851, #1518 ),
 .UNSPECIFIED., .F., .F.,
 ( 4, 1, 1, 1, 1, 1, 1, 1, 1, 4 ),
 ( 0.000000000000000000, 0.07984134518936002178, 0.1529309427693458789, 0.2761214748056889379, 0.3757152083410297827, 0.4330997905698241723, 0.5790779275548477711, 0.6766347224225566226, 0.7207672962006216322, 1.000000000000000000 ),
 .UNSPECIFIED. ) ;
#2638 = CARTESIAN_POINT ( 'NONE',  ( -101.8277817151371352, -0.5672003041223961928, 4.000000000000000000 ) ) ;
#2639 = VERTEX_POINT ( 'NONE', #2514 ) ;
#2640 = CARTESIAN_POINT ( 'NONE',  ( 46.24195549096756253, 76.68968209453018403, 16.00000000000000000 ) ) ;
#2641 = ORIENTED_EDGE ( 'NONE', *, *, #609, .T. ) ;
#2642 = CARTESIAN_POINT ( 'NONE',  ( 66.44747720935816915, 79.22565238055983627, 12.00000000000000000 ) ) ;
#2643 = EDGE_CURVE ( 'NONE', #3239, #1380, #2185, .T. ) ;
#2644 = ORIENTED_EDGE ( 'NONE', *, *, #3307, .T. ) ;
#2645 = CARTESIAN_POINT ( 'NONE',  ( 0.000000000000000000, 0.000000000000000000, 0.000000000000000000 ) ) ;
#2646 = CARTESIAN_POINT ( 'NONE',  ( 92.65778439187667459, -9.254426244762964160, 12.00000000000000000 ) ) ;
#2647 = ORIENTED_EDGE ( 'NONE', *, *, #3534, .F. ) ;
#2648 = EDGE_CURVE ( 'NONE', #591, #2346, #1098, .T. ) ;
#2649 = CARTESIAN_POINT ( 'NONE',  ( 15.63458344004602729, -3.385382909620526792, 12.00000000000000000 ) ) ;
#2650 = CARTESIAN_POINT ( 'NONE',  ( -99.54940066188206060, -4.472610537853937807, 12.00000000000000000 ) ) ;
#2651 = CARTESIAN_POINT ( 'NONE',  ( 43.34286445842195690, 86.40621228920208807, 10.00000000000000000 ) ) ;
#2652 = CARTESIAN_POINT ( 'NONE',  ( 43.34286445842195690, 86.40621228920208807, 16.00000000000000000 ) ) ;
#2653 = VECTOR ( 'NONE', #560, 1000.000000000000000 ) ;
#2654 = CARTESIAN_POINT ( 'NONE',  ( 46.24195549096754831, 76.68968209453016982, 16.00000000000000000 ) ) ;
#2655 = CARTESIAN_POINT ( 'NONE',  ( -100.0291701482464219, -7.893069880356907930, 16.00000000000000000 ) ) ;
#2656 = CARTESIAN_POINT ( 'NONE',  ( -18.37229210177823191, -6.314889749586358292, 4.000000000000000000 ) ) ;
#2657 = DIRECTION ( 'NONE',  ( -0.8660254037844385966, 0.5000000000000002220, -0.000000000000000000 ) ) ;
#2658 = ADVANCED_FACE ( 'NONE', ( #1802 ), #1216, .F. ) ;
#2659 = ORIENTED_EDGE ( 'NONE', *, *, #918, .T. ) ;
#2660 = CARTESIAN_POINT ( 'NONE',  ( -101.3134947225302938, -2.836936634874510865, 4.000000000000000000 ) ) ;
#2661 = CARTESIAN_POINT ( 'NONE',  ( 20.94624439764723434, -7.837647619075617023, 10.00000000000000533 ) ) ;
#2662 = ORIENTED_EDGE ( 'NONE', *, *, #2480, .F. ) ;
#2663 = CARTESIAN_POINT ( 'NONE',  ( -2.252061831604196485, 1.298994991094602591, 10.00000000000000000 ) ) ;
#2664 =( BOUNDED_CURVE ( )  B_SPLINE_CURVE ( 3, ( #599, #297, #1500, #2042 ),
 .UNSPECIFIED., .F., .T. ) 
 B_SPLINE_CURVE_WITH_KNOTS ( ( 4, 4 ),
 ( 1.570796326794896558, 3.141592653589793116 ),
 .UNSPECIFIED. ) 
 CURVE ( )  GEOMETRIC_REPRESENTATION_ITEM ( )  RATIONAL_B_SPLINE_CURVE ( ( 1.000000000000000000, 0.8047378541243649375, 0.8047378541243649375, 1.000000000000000000 ) ) 
 REPRESENTATION_ITEM ( '' )  );
#2665 = EDGE_CURVE ( 'NONE', #18, #2188, #3346, .T. ) ;
#2666 = PERSON_AND_ORGANIZATION_ROLE ( 'creator' ) ;
#2667 = CARTESIAN_POINT ( 'NONE',  ( 13.61486804501912928, 2.050608912650808861E-16, 10.00000000000000000 ) ) ;
#2668 = B_SPLINE_CURVE_WITH_KNOTS ( 'NONE', 3,
 ( #1927, #3099, #486, #1643, #1068, #3695, #2230, #3066, #3408, #453, #1608, #162, #3484, #860 ),
 .UNSPECIFIED., .F., .F.,
 ( 4, 1, 1, 1, 1, 1, 1, 1, 1, 1, 1, 4 ),
 ( 0.000000000000000000, 0.1350157672856901747, 0.2179046148332286215, 0.3067643743810078427, 0.4223730587531137060, 0.5057640773318350380, 0.6126836707157689021, 0.7071238278624992768, 0.7844254153922861628, 0.8646262954099761533, 0.9153497856511333408, 0.9385356789504563091 ),
 .UNSPECIFIED. ) ;
#2669 = CARTESIAN_POINT ( 'NONE',  ( 99.54940066188207481, -4.472610537853936030, 16.00000000000000000 ) ) ;
#2670 = ORIENTED_EDGE ( 'NONE', *, *, #1111, .T. ) ;
#2671 = VECTOR ( 'NONE', #3356, 1000.000000000000000 ) ;
#2672 = CARTESIAN_POINT ( 'NONE',  ( 14.00133309853873165, 21.25068224866967626, 4.000000000000000000 ) ) ;
#2673 = CARTESIAN_POINT ( 'NONE',  ( -48.03388812670046804, 79.08737944992141422, 12.00000000000000000 ) ) ;
#2674 = CARTESIAN_POINT ( 'NONE',  ( -14.42377164587935212, -2.127023687252404649, 10.00000000000000000 ) ) ;
#2675 = CARTESIAN_POINT ( 'NONE',  ( 12.45341646805670344, 6.164201771396467855, 16.00000000000000000 ) ) ;
#2676 = CARTESIAN_POINT ( 'NONE',  ( 57.28524719688054745, 82.66500473020417417, 16.00000000000000000 ) ) ;
#2677 = CARTESIAN_POINT ( 'NONE',  ( 28.04659553532030003, -9.334253580416488560, 16.00000000000000000 ) ) ;
#2678 = DIRECTION ( 'NONE',  ( -1.000000000000000000, 0.000000000000000000, 0.000000000000000000 ) ) ;
#2679 = ORIENTED_EDGE ( 'NONE', *, *, #2784, .F. ) ;
#2680 = CARTESIAN_POINT ( 'NONE',  ( 91.32188393734173815, -9.438678552286734913, 16.00000000000000000 ) ) ;
#2681 = ORIENTED_EDGE ( 'NONE', *, *, #775, .F. ) ;
#2682 = CARTESIAN_POINT ( 'NONE',  ( 14.42377164587935212, -2.127023687252404205, 10.00000000000000533 ) ) ;
#2683 = EDGE_LOOP ( 'NONE', ( #1726, #115, #1904, #842 ) ) ;
#2684 = B_SPLINE_CURVE_WITH_KNOTS ( 'NONE', 3,
 ( #3205, #3454, #323, #1174, #3250, #2650, #2336, #3513, #602, #2356, #910 ),
 .UNSPECIFIED., .F., .F.,
 ( 4, 1, 1, 1, 1, 1, 1, 1, 4 ),
 ( 0.000000000000000000, 0.1949571952945148567, 0.2904616644566326289, 0.3738167854987162197, 0.4830204466706601862, 0.5763719702222344088, 0.7141170624379623577, 0.8073561366014027074, 1.000000000000000000 ),
 .UNSPECIFIED. ) ;
#2685 = FACE_OUTER_BOUND ( 'NONE', #3256, .T. ) ;
#2686 = APPROVAL_STATUS ( 'not_yet_approved' ) ;
#2687 = CARTESIAN_POINT ( 'NONE',  ( -42.06433261006535673, 92.64766713434946155, 16.00000000000000000 ) ) ;
#2688 = CARTESIAN_POINT ( 'NONE',  ( 18.37229210177823902, -6.314889749586356515, 10.00000000000000000 ) ) ;
#2689 = EDGE_CURVE ( 'NONE', #3584, #391, #284, .T. ) ;
#2690 = VERTEX_POINT ( 'NONE', #3207 ) ;
#2691 = AXIS2_PLACEMENT_3D ( 'NONE', #3311, #169, #3577 ) ;
#2692 = CARTESIAN_POINT ( 'NONE',  ( -62.00719827582999955, 81.93640675327760903, 10.00000000000000178 ) ) ;
#2693 = CARTESIAN_POINT ( 'NONE',  ( -66.44747720935821178, 79.22565238055980785, 16.00000000000000000 ) ) ;
#2694 = FACE_OUTER_BOUND ( 'NONE', #1735, .T. ) ;
#2695 = AXIS2_PLACEMENT_3D ( 'NONE', #2320, #3497, #3210 ) ;
#2696 = CARTESIAN_POINT ( 'NONE',  ( 39.94084417660519648, 93.45736105760562396, 12.00000000000000000 ) ) ;
#2697 = ADVANCED_FACE ( 'NONE', ( #3251 ), #851, .F. ) ;
#2698 = DIRECTION ( 'NONE',  ( 1.000000000000000000, 0.000000000000000000, 0.000000000000000000 ) ) ;
#2699 = CARTESIAN_POINT ( 'NONE',  ( 1.126124656488282285E-16, 7.505553499465141165, 30.39999999999999858 ) ) ;
#2700 = CARTESIAN_POINT ( 'NONE',  ( -14.11169872123017477, -0.7560170833218096131, 4.000000000000000000 ) ) ;
#2701 = LINE ( 'NONE', #78, #3096 ) ;
#2702 = EDGE_CURVE ( 'NONE', #142, #2452, #1428, .T. ) ;
#2703 = CARTESIAN_POINT ( 'NONE',  ( -2.252061831604196485, 1.298994991094602591, 12.00000000000000000 ) ) ;
#2704 = ORIENTED_EDGE ( 'NONE', *, *, #238, .T. ) ;
#2705 = CARTESIAN_POINT ( 'NONE',  ( -44.02415406327858705, 79.26020423582379237, 16.00000000000000000 ) ) ;
#2706 = ORIENTED_EDGE ( 'NONE', *, *, #1424, .T. ) ;
#2707 = LINE ( 'NONE', #712, #2671 ) ;
#2708 = SHAPE_DEFINITION_REPRESENTATION ( #1203, #3716 ) ;
#2709 = DIRECTION ( 'NONE',  ( -0.000000000000000000, -0.000000000000000000, -1.000000000000000000 ) ) ;
#2710 = CARTESIAN_POINT ( 'NONE',  ( 97.42256809865511968, -9.605901838244546909, 12.00000000000000178 ) ) ;
#2711 = VERTEX_POINT ( 'NONE', #2380 ) ;
#2712 = EDGE_CURVE ( 'NONE', #1692, #3756, #2467, .T. ) ;
#2713 = CARTESIAN_POINT ( 'NONE',  ( -62.00719827582999955, 81.93640675327760903, 16.00000000000000000 ) ) ;
#2714 = CARTESIAN_POINT ( 'NONE',  ( 2.764715539838036307E-15, 9.814954576223644978, 22.00000000000000000 ) ) ;
#2715 = VECTOR ( 'NONE', #2509, 1000.000000000000114 ) ;
#2716 = CARTESIAN_POINT ( 'NONE',  ( 43.16501441732660993, 81.66766345942305350, 16.00000000000000000 ) ) ;
#2717 = CARTESIAN_POINT ( 'NONE',  ( -63.92836056386667565, 80.96992915787178902, 12.00000000000000000 ) ) ;
#2718 = CARTESIAN_POINT ( 'NONE',  ( 103.3803218193327353, -3.451738654234191017, 12.00000000000000000 ) ) ;
#2719 = CARTESIAN_POINT ( 'NONE',  ( -96.25318652701621147, -10.40320267869283732, 12.00000000000000000 ) ) ;
#2720 = DIRECTION ( 'NONE',  ( 0.000000000000000000, 0.000000000000000000, 1.000000000000000000 ) ) ;
#2721 = EDGE_CURVE ( 'NONE', #2882, #142, #2318, .T. ) ;
#2722 = EDGE_LOOP ( 'NONE', ( #3748, #3418, #1443, #3485 ) ) ;
#2723 = DIRECTION ( 'NONE',  ( 0.5029184093000442779, -0.8643338901067765256, 0.000000000000000000 ) ) ;
#2724 = ORIENTED_EDGE ( 'NONE', *, *, #392, .F. ) ;
#2725 = CARTESIAN_POINT ( 'NONE',  ( 12.65491811937066835, 27.14315975095284017, 16.00000000000000000 ) ) ;
#2726 = CARTESIAN_POINT ( 'NONE',  ( -0.01532814986793104572, -9.287942205700460363, 16.00000000000000000 ) ) ;
#2727 = CARTESIAN_POINT ( 'NONE',  ( 27.35495800672315880, -9.230192200835292127, 10.00000000000000000 ) ) ;
#2728 = ORIENTED_EDGE ( 'NONE', *, *, #1187, .T. ) ;
#2729 = CARTESIAN_POINT ( 'NONE',  ( 12.45341646805670344, 6.164201771396467855, 12.00000000000000000 ) ) ;
#2730 = CARTESIAN_POINT ( 'NONE',  ( -9.493792484785206653, 21.87716241359039060, 10.00000000000000000 ) ) ;
#2731 = VECTOR ( 'NONE', #2951, 1000.000000000000000 ) ;
#2732 = CARTESIAN_POINT ( 'NONE',  ( 14.29935285123792355, 21.89312541265675449, 16.00000000000000000 ) ) ;
#2733 = CARTESIAN_POINT ( 'NONE',  ( 8.500000000000005329, 4.907477288111821601, 22.00000000000000000 ) ) ;
#2734 = CARTESIAN_POINT ( 'NONE',  ( -103.0518618345317350, 2.100478337209354063, 12.00000000000000000 ) ) ;
#2735 = ADVANCED_FACE ( 'NONE', ( #603 ), #1273, .T. ) ;
#2736 = CARTESIAN_POINT ( 'NONE',  ( -98.17736425259940347, -9.146146354359407482, 12.00000000000000000 ) ) ;
#2737 = CARTESIAN_POINT ( 'NONE',  ( -5.000000000000000000, 0.000000000000000000, 0.000000000000000000 ) ) ;
#2738 = ORIENTED_EDGE ( 'NONE', *, *, #2309, .T. ) ;
#2739 = CARTESIAN_POINT ( 'NONE',  ( 17.38101777888876853, -5.225061316532367606, 4.000000000000000000 ) ) ;
#2740 = ORIENTED_EDGE ( 'NONE', *, *, #1975, .T. ) ;
#2741 = CARTESIAN_POINT ( 'NONE',  ( 1.870248747537495149E-15, -9.814954576223643201, 28.40000000000000213 ) ) ;
#2742 = ADVANCED_FACE ( 'NONE', ( #2162 ), #720, .T. ) ;
#2743 = CARTESIAN_POINT ( 'NONE',  ( 12.85613651940623825, 10.60072605994906780, 10.00000000000000000 ) ) ;
#2744 = FACE_OUTER_BOUND ( 'NONE', #2607, .T. ) ;
#2745 = ORIENTED_EDGE ( 'NONE', *, *, #3069, .T. ) ;
#2746 = CARTESIAN_POINT ( 'NONE',  ( 102.0054555761009141, -5.546772929637214133, 12.00000000000000000 ) ) ;
#2747 = CARTESIAN_POINT ( 'NONE',  ( -66.91363624440054991, 78.54781590270177105, 16.00000000000000000 ) ) ;
#2748 = CARTESIAN_POINT ( 'NONE',  ( 1.116067733176190346, 18.47538363182966492, 4.000000000000000000 ) ) ;
#2749 = LINE ( 'NONE', #1614, #1408 ) ;
#2750 = CARTESIAN_POINT ( 'NONE',  ( -103.0283520123723662, -4.201047159786525320, 10.00000000000000000 ) ) ;
#2751 = CARTESIAN_POINT ( 'NONE',  ( -13.34052234755442612, 20.01411531491224949, 12.00000000000000000 ) ) ;
#2752 = AXIS2_PLACEMENT_3D ( 'NONE', #859, #2367, #1768 ) ;
#2753 = CARTESIAN_POINT ( 'NONE',  ( 98.45780254357384820, -6.139432607529491825, 4.000000000000000000 ) ) ;
#2754 = ORIENTED_EDGE ( 'NONE', *, *, #1956, .F. ) ;
#2755 = DIRECTION ( 'NONE',  ( -0.000000000000000000, -0.000000000000000000, -1.000000000000000000 ) ) ;
#2756 = ORIENTED_EDGE ( 'NONE', *, *, #2822, .F. ) ;
#2757 = CARTESIAN_POINT ( 'NONE',  ( 0.01532814986793104572, -9.287942205700460363, 16.00000000000000000 ) ) ;
#2758 = CARTESIAN_POINT ( 'NONE',  ( 14.29935285123792355, 21.89312541265675449, 4.000000000000000000 ) ) ;
#2759 = CARTESIAN_POINT ( 'NONE',  ( 0.000000000000000000, 0.000000000000000000, 22.00000000000000000 ) ) ;
#2760 = CARTESIAN_POINT ( 'NONE',  ( 26.08876656290921758, -9.371797397112901606, 10.00000000000000000 ) ) ;
#2761 = EDGE_LOOP ( 'NONE', ( #764, #1180, #60, #2905 ) ) ;
#2762 = VECTOR ( 'NONE', #3505, 1000.000000000000114 ) ;
#2763 = CARTESIAN_POINT ( 'NONE',  ( 104.0225928191030391, -1.780946890756815559, 10.00000000000000000 ) ) ;
#2764 = LINE ( 'NONE', #3030, #2562 ) ;
#2765 = CARTESIAN_POINT ( 'NONE',  ( -10.80480706952578629, 23.01520563626386107, 10.00000000000000000 ) ) ;
#2766 = ADVANCED_FACE ( 'NONE', ( #2694 ), #985, .T. ) ;
#2767 = CARTESIAN_POINT ( 'NONE',  ( 0.000000000000000000, 2.206356871753986315, 4.000000000000000000 ) ) ;
#2768 = CARTESIAN_POINT ( 'NONE',  ( 0.000000000000000000, 0.000000000000000000, 12.00000000000000000 ) ) ;
#2769 = FACE_OUTER_BOUND ( 'NONE', #2169, .T. ) ;
#2770 = CARTESIAN_POINT ( 'NONE',  ( 91.32188393734173815, -9.438678552286734913, 4.000000000000000000 ) ) ;
#2771 = ORIENTED_EDGE ( 'NONE', *, *, #3612, .T. ) ;
#2772 = LINE ( 'NONE', #1654, #3199 ) ;
#2773 = EDGE_LOOP ( 'NONE', ( #1206, #2426, #717, #3177 ) ) ;
#2774 = CARTESIAN_POINT ( 'NONE',  ( 43.16501441732660993, 81.66766345942305350, 16.00000000000000000 ) ) ;
#2775 = B_SPLINE_CURVE_WITH_KNOTS ( 'NONE', 3,
 ( #1085, #2228, #3729, #2539 ),
 .UNSPECIFIED., .F., .F.,
 ( 4, 4 ),
 ( 0.7296581976957003945, 0.8486710806393376050 ),
 .UNSPECIFIED. ) ;
#2776 = CARTESIAN_POINT ( 'NONE',  ( -66.80333017543829044, 78.71087431966306269, 10.00000000000000178 ) ) ;
#2777 = CARTESIAN_POINT ( 'NONE',  ( -5.000000000000000000, 6.123233995736766282E-16, 22.00000000000000000 ) ) ;
#2778 = CARTESIAN_POINT ( 'NONE',  ( 9.264247147714717912, 22.68462024131437360, 16.00000000000000000 ) ) ;
#2779 = ORIENTED_EDGE ( 'NONE', *, *, #2894, .T. ) ;
#2780 = EDGE_CURVE ( 'NONE', #1798, #1326, #3290, .T. ) ;
#2781 = DIRECTION ( 'NONE',  ( 0.000000000000000000, 0.000000000000000000, 1.000000000000000000 ) ) ;
#2782 = PLANE ( 'NONE',  #440 ) ;
#2783 = CARTESIAN_POINT ( 'NONE',  ( 24.16211051039899615, -8.887915735620087077, 16.00000000000000000 ) ) ;
#2784 = EDGE_CURVE ( 'NONE', #2966, #1345, #667, .T. ) ;
#2785 = LINE ( 'NONE', #3380, #2998 ) ;
#2786 = CIRCLE ( 'NONE', #2110, 5.000000000000000000 ) ;
#2787 = CARTESIAN_POINT ( 'NONE',  ( -103.0398048839039546, 5.476559870912546479, 16.00000000000000000 ) ) ;
#2788 = CARTESIAN_POINT ( 'NONE',  ( -12.60220191339104368, 15.48079204061328440, 12.00000000000000000 ) ) ;
#2789 = VECTOR ( 'NONE', #3493, 1000.000000000000000 ) ;
#2790 = CARTESIAN_POINT ( 'NONE',  ( -11.50000000000000000, 1.408343819019456176E-15, 4.000000000000000000 ) ) ;
#2791 = CARTESIAN_POINT ( 'NONE',  ( 0.000000000000000000, 0.000000000000000000, 22.00000000000000000 ) ) ;
#2792 = ORIENTED_EDGE ( 'NONE', *, *, #2533, .F. ) ;
#2793 = CARTESIAN_POINT ( 'NONE',  ( -50.23241145150166886, 80.44161158385092847, 10.00000000000000178 ) ) ;
#2794 = DIRECTION ( 'NONE',  ( 0.000000000000000000, 0.000000000000000000, -1.000000000000000000 ) ) ;
#2795 = CARTESIAN_POINT ( 'NONE',  ( 2.706348326447599373, 19.07012903421702887, 12.00000000000000000 ) ) ;
#2796 = VERTEX_POINT ( 'NONE', #1820 ) ;
#2797 = CARTESIAN_POINT ( 'NONE',  ( 38.84398191647171217, 94.56826757864757838, 16.00000000000000000 ) ) ;
#2798 = CARTESIAN_POINT ( 'NONE',  ( 7.671572875253815482, -4.429184664635621438, 30.40000000000000213 ) ) ;
#2799 = B_SPLINE_SURFACE_WITH_KNOTS ( 'NONE', 3, 1, ( 
 ( #2435, #3323 ),
 ( #719, #2126 ),
 ( #2416, #1292 ),
 ( #2993, #1818 ),
 ( #2399, #2379 ),
 ( #983, #2455 ),
 ( #930, #1577 ),
 ( #947, #2088 ),
 ( #1003, #1235 ),
 ( #1877, #2108 ),
 ( #3050, #3272 ) ),
 .UNSPECIFIED., .F., .F., .F.,
 ( 4, 1, 1, 1, 1, 1, 1, 1, 4 ),
 ( 2, 2 ),
 ( 0.000000000000000000, 0.1949571952945148567, 0.2904616644566326289, 0.3738167854987162197, 0.4830204466706601862, 0.5763719702222344088, 0.7141170624379623577, 0.8073561366014027074, 1.000000000000000000 ),
 ( 0.000000000000000000, 1.000000000000000000 ),
 .UNSPECIFIED. ) ;
#2800 = CARTESIAN_POINT ( 'NONE',  ( 57.28524719688054745, 82.66500473020417417, 10.00000000000000000 ) ) ;
#2801 = B_SPLINE_CURVE_WITH_KNOTS ( 'NONE', 3,
 ( #3699, #1348, #125, #1912 ),
 .UNSPECIFIED., .F., .F.,
 ( 4, 4 ),
 ( 0.000000000000000000, 1.000000000000000000 ),
 .UNSPECIFIED. ) ;
#2802 = DIRECTION ( 'NONE',  ( 1.000000000000000000, 0.000000000000000000, 0.000000000000000000 ) ) ;
#2803 = CARTESIAN_POINT ( 'NONE',  ( -8.500000000000000000, 4.907477288111825153, 28.40000000000000213 ) ) ;
#2804 = CARTESIAN_POINT ( 'NONE',  ( -17.38101777888877209, -5.225061316532367606, 12.00000000000000000 ) ) ;
#2805 = CARTESIAN_POINT ( 'NONE',  ( -104.9458029058368709, 1.147427208322749026, 4.000000000000000000 ) ) ;
#2806 = EDGE_CURVE ( 'NONE', #1960, #3606, #3760, .T. ) ;
#2807 = AXIS2_PLACEMENT_3D ( 'NONE', #2413, #119, #1852 ) ;
#2808 = CARTESIAN_POINT ( 'NONE',  ( 36.61771657896527898, 96.10687651928014930, 4.000000000000000000 ) ) ;
#2809 = DIRECTION ( 'NONE',  ( -0.000000000000000000, -0.000000000000000000, -1.000000000000000000 ) ) ;
#2810 = EDGE_LOOP ( 'NONE', ( #1370, #3752, #2834, #2929 ) ) ;
#2811 = ADVANCED_FACE ( 'NONE', ( #2565 ), #1632, .T. ) ;
#2812 = VECTOR ( 'NONE', #2903, 1000.000000000000000 ) ;
#2813 = DIRECTION ( 'NONE',  ( -0.8662307767690619054, 0.4996441147237377645, 0.000000000000000000 ) ) ;
#2814 = CARTESIAN_POINT ( 'NONE',  ( -11.67946877867742828, 24.00821486140138106, 4.000000000000000000 ) ) ;
#2815 = ORIENTED_EDGE ( 'NONE', *, *, #2784, .T. ) ;
#2816 = CARTESIAN_POINT ( 'NONE',  ( 7.297683906235955753, 21.02329957099748725, 12.00000000000000000 ) ) ;
#2817 = EDGE_LOOP ( 'NONE', ( #3771, #3538, #2890, #897 ) ) ;
#2818 = CARTESIAN_POINT ( 'NONE',  ( -0.7127477939199755586, 18.50885608312994179, 10.00000000000000000 ) ) ;
#2819 = DIRECTION ( 'NONE',  ( 1.000000000000000000, 0.000000000000000000, 0.000000000000000000 ) ) ;
#2820 = CARTESIAN_POINT ( 'NONE',  ( -98.93158933006843370, -8.625360308519736563, 10.00000000000000000 ) ) ;
#2821 = CARTESIAN_POINT ( 'NONE',  ( 18.37229210177823902, -6.314889749586356515, 16.00000000000000000 ) ) ;
#2822 = EDGE_CURVE ( 'NONE', #1541, #1125, #2528, .T. ) ;
#2823 = DIRECTION ( 'NONE',  ( -0.000000000000000000, -0.000000000000000000, -1.000000000000000000 ) ) ;
#2824 = CARTESIAN_POINT ( 'NONE',  ( 42.39386818192176065, 89.37719346822775890, 4.000000000000000000 ) ) ;
#2825 = DIRECTION ( 'NONE',  ( -0.000000000000000000, -0.000000000000000000, -1.000000000000000000 ) ) ;
#2826 = EDGE_CURVE ( 'NONE', #2796, #2330, #136, .T. ) ;
#2827 = CARTESIAN_POINT ( 'NONE',  ( 101.3824554654405006, -6.342246649524330593, 12.00000000000000178 ) ) ;
#2828 = DIRECTION ( 'NONE',  ( 0.000000000000000000, 0.000000000000000000, 1.000000000000000000 ) ) ;
#2829 = ORIENTED_EDGE ( 'NONE', *, *, #2631, .F. ) ;
#2830 = CYLINDRICAL_SURFACE ( 'NONE', #2189, 2.000000000000001776 ) ;
#2831 = ADVANCED_FACE ( 'NONE', ( #3104 ), #3072, .T. ) ;
#2832 = LINE ( 'NONE', #2777, #2066 ) ;
#2833 = CARTESIAN_POINT ( 'NONE',  ( 102.9946715168661910, 4.166994245635292415, 4.000000000000000000 ) ) ;
#2834 = ORIENTED_EDGE ( 'NONE', *, *, #2029, .F. ) ;
#2835 = CARTESIAN_POINT ( 'NONE',  ( -12.28252948003778044, 24.70789247510376896, 10.00000000000000000 ) ) ;
#2836 = DIRECTION ( 'NONE',  ( -0.8660254037844388186, -0.4999999999999997780, 0.000000000000000000 ) ) ;
#2837 = CARTESIAN_POINT ( 'NONE',  ( 7.297683906235955753, 21.02329957099748725, 12.00000000000000000 ) ) ;
#2838 = APPLICATION_CONTEXT ( 'configuration controlled 3d designs of mechanical parts and assemblies' ) ;
#2839 = CARTESIAN_POINT ( 'NONE',  ( -40.59479093392905469, 94.11982914663285271, 12.00000000000000000 ) ) ;
#2840 = DIRECTION ( 'NONE',  ( 0.000000000000000000, -1.000000000000000000, 0.000000000000000000 ) ) ;
#2841 = CARTESIAN_POINT ( 'NONE',  ( 34.18751149398477907, 97.54523304310770015, 12.00000000000000000 ) ) ;
#2842 = CARTESIAN_POINT ( 'NONE',  ( -7.170913673061643401, 20.52120068081685034, 16.00000000000000000 ) ) ;
#2843 = CARTESIAN_POINT ( 'NONE',  ( 39.94084417660519648, 93.45736105760562396, 10.00000000000000533 ) ) ;
#2844 = CARTESIAN_POINT ( 'NONE',  ( 43.05315509022149456, 80.15741867147563937, 12.00000000000000000 ) ) ;
#2845 = AXIS2_PLACEMENT_3D ( 'NONE', #2757, #2102, #1869 ) ;
#2846 = ORIENTED_EDGE ( 'NONE', *, *, #1935, .T. ) ;
#2847 = CARTESIAN_POINT ( 'NONE',  ( 14.29935285123792355, 21.89312541265675449, 4.000000000000000000 ) ) ;
#2848 = CARTESIAN_POINT ( 'NONE',  ( 3.548556132661695705E-15, 9.814954576223644978, 29.57157287525380340 ) ) ;
#2849 = CARTESIAN_POINT ( 'NONE',  ( 8.223740567289853587, 21.89769805209878939, 16.00000000000000000 ) ) ;
#2850 = EDGE_LOOP ( 'NONE', ( #1744, #3073, #2348, #2431 ) ) ;
#2851 = CARTESIAN_POINT ( 'NONE',  ( 39.34615736308141010, 93.99728617236064565, 16.00000000000000000 ) ) ;
#2852 = ADVANCED_FACE ( 'NONE', ( #1074 ), #724, .T. ) ;
#2853 = CARTESIAN_POINT ( 'NONE',  ( 34.18751149398478617, 97.54523304310770015, 10.00000000000000000 ) ) ;
#2854 = CARTESIAN_POINT ( 'NONE',  ( 12.10857102087429382, 26.42812441157807868, 12.00000000000000000 ) ) ;
#2855 = CARTESIAN_POINT ( 'NONE',  ( -35.50495322693360833, 97.07346047163864000, 12.00000000000000000 ) ) ;
#2856 = EDGE_CURVE ( 'NONE', #148, #1553, #976, .T. ) ;
#2857 = DIRECTION ( 'NONE',  ( 0.5029184093000442779, -0.8643338901067765256, 0.000000000000000000 ) ) ;
#2858 = CARTESIAN_POINT ( 'NONE',  ( 42.29253798694047362, 78.52576933831133488, 10.00000000000000000 ) ) ;
#2859 = CARTESIAN_POINT ( 'NONE',  ( 36.61771657896527898, 96.10687651928014930, 4.000000000000000000 ) ) ;
#2860 = CARTESIAN_POINT ( 'NONE',  ( -37.13113155750699690, 96.52015040603306772, 4.000000000000000000 ) ) ;
#2861 = CARTESIAN_POINT ( 'NONE',  ( 99.97589112178562232, -7.772746847274828674, 12.00000000000000355 ) ) ;
#2862 = CARTESIAN_POINT ( 'NONE',  ( 43.07701276409059687, 87.53767513099332120, 12.00000000000000000 ) ) ;
#2863 = EDGE_LOOP ( 'NONE', ( #3140, #2324, #946, #1213 ) ) ;
#2864 = AXIS2_PLACEMENT_3D ( 'NONE', #494, #1060, #2881 ) ;
#2865 = B_SPLINE_CURVE_WITH_KNOTS ( 'NONE', 3,
 ( #1463, #2315, #1426, #2649, #2590, #1135, #2046, #1717, #1445, #3227, #1485, #2626, #9, #1173 ),
 .UNSPECIFIED., .F., .F.,
 ( 4, 1, 1, 1, 1, 1, 1, 1, 1, 1, 1, 4 ),
 ( 0.000000000000000000, 0.1489369628854519123, 0.2187406032244147980, 0.2837510101583713418, 0.3573881234826286613, 0.4340133846367745241, 0.5232015280749875430, 0.6022686970478416946, 0.6773789796004616726, 0.7942826686123175550, 0.8855241963004978345, 1.000000000000000000 ),
 .UNSPECIFIED. ) ;
#2866 = FACE_OUTER_BOUND ( 'NONE', #2277, .T. ) ;
#2867 = AXIS2_PLACEMENT_3D ( 'NONE', #2983, #2964, #350 ) ;
#2868 = CARTESIAN_POINT ( 'NONE',  ( 63.92836056386667565, 80.96992915787180323, 16.00000000000000000 ) ) ;
#2869 = ORIENTED_EDGE ( 'NONE', *, *, #2612, .T. ) ;
#2870 = DIRECTION ( 'NONE',  ( -0.8660254037844384856, 0.5000000000000002220, 0.000000000000000000 ) ) ;
#2871 = VECTOR ( 'NONE', #3683, 1000.000000000000000 ) ;
#2872 = LINE ( 'NONE', #257, #2653 ) ;
#2873 = CARTESIAN_POINT ( 'NONE',  ( 1.870248747537495149E-15, -9.814954576223643201, 22.00000000000000000 ) ) ;
#2874 = AXIS2_PLACEMENT_3D ( 'NONE', #447, #3060, #1083 ) ;
#2875 = CARTESIAN_POINT ( 'NONE',  ( 96.83532422476577040, -7.335353874765145221, 12.00000000000000000 ) ) ;
#2876 = VERTEX_POINT ( 'NONE', #2200 ) ;
#2877 = VECTOR ( 'NONE', #3489, 999.9999999999998863 ) ;
#2878 = LINE ( 'NONE', #2335, #1804 ) ;
#2879 = CARTESIAN_POINT ( 'NONE',  ( -48.03388812670046804, 79.08737944992141422, 16.00000000000000000 ) ) ;
#2880 = ADVANCED_FACE ( 'NONE', ( #3452 ), #758, .T. ) ;
#2881 = DIRECTION ( 'NONE',  ( 1.000000000000000000, 0.000000000000000000, 0.000000000000000000 ) ) ;
#2882 = VERTEX_POINT ( 'NONE', #7 ) ;
#2883 = CARTESIAN_POINT ( 'NONE',  ( -0.7127477939199755586, 18.50885608312994179, 16.00000000000000000 ) ) ;
#2884 = CARTESIAN_POINT ( 'NONE',  ( 52.36457512509295498, 81.61970303100666513, 16.00000000000000000 ) ) ;
#2885 = CARTESIAN_POINT ( 'NONE',  ( -43.21970682755805626, 90.72575300733905124, 10.00000000000000000 ) ) ;
#2886 = ORIENTED_EDGE ( 'NONE', *, *, #1971, .F. ) ;
#2887 = EDGE_LOOP ( 'NONE', ( #1817, #3647, #3692, #2681 ) ) ;
#2888 = CARTESIAN_POINT ( 'NONE',  ( -13.61486804501912928, 0.000000000000000000, 12.00000000000000000 ) ) ;
#2889 = CARTESIAN_POINT ( 'NONE',  ( 57.28524719688054745, 82.66500473020417417, 12.00000000000000000 ) ) ;
#2890 = ORIENTED_EDGE ( 'NONE', *, *, #103, .F. ) ;
#2891 = CARTESIAN_POINT ( 'NONE',  ( 54.74598794976408556, 82.14886767526016342, 12.00000000000000000 ) ) ;
#2892 = FACE_BOUND ( 'NONE', #1133, .T. ) ;
#2893 = CARTESIAN_POINT ( 'NONE',  ( 96.83532422476577040, -7.335353874765145221, 16.00000000000000000 ) ) ;
#2894 = EDGE_CURVE ( 'NONE', #1772, #1125, #561, .T. ) ;
#2895 = ORIENTED_EDGE ( 'NONE', *, *, #2480, .T. ) ;
#2896 = APPROVAL ( #2686, 'UNSPECIFIED' ) ;
#2897 = DIRECTION ( 'NONE',  ( 0.000000000000000000, 0.000000000000000000, 1.000000000000000000 ) ) ;
#2898 = CARTESIAN_POINT ( 'NONE',  ( 12.45341646805670344, 6.164201771396467855, 10.00000000000000000 ) ) ;
#2899 = VECTOR ( 'NONE', #936, 1000.000000000000000 ) ;
#2900 = CARTESIAN_POINT ( 'NONE',  ( 39.94084417660519648, 93.45736105760562396, 10.00000000000000000 ) ) ;
#2901 = CARTESIAN_POINT ( 'NONE',  ( -44.13614470617245189, 88.69147528192418406, 4.000000000000000000 ) ) ;
#2902 = EDGE_CURVE ( 'NONE', #600, #290, #3472, .T. ) ;
#2903 = DIRECTION ( 'NONE',  ( -0.000000000000000000, -0.000000000000000000, -1.000000000000000000 ) ) ;
#2904 = FACE_OUTER_BOUND ( 'NONE', #1559, .T. ) ;
#2905 = ORIENTED_EDGE ( 'NONE', *, *, #1769, .F. ) ;
#2906 = EDGE_LOOP ( 'NONE', ( #3353, #3147 ) ) ;
#2907 = DIRECTION ( 'NONE',  ( 0.4999999999999997780, -0.8660254037844389297, 0.000000000000000000 ) ) ;
#2908 = AXIS2_PLACEMENT_3D ( 'NONE', #1186, #1497, #1773 ) ;
#2909 = ORIENTED_EDGE ( 'NONE', *, *, #1527, .F. ) ;
#2910 = CARTESIAN_POINT ( 'NONE',  ( 46.73335961545028994, 77.72947279566328405, 12.00000000000000000 ) ) ;
#2911 = ORIENTED_EDGE ( 'NONE', *, *, #3131, .F. ) ;
#2912 = CARTESIAN_POINT ( 'NONE',  ( 46.24195549096754831, 76.68968209453016982, 12.00000000000000000 ) ) ;
#2913 = CARTESIAN_POINT ( 'NONE',  ( -13.61486804501912928, 0.000000000000000000, 16.00000000000000000 ) ) ;
#2914 = DIRECTION ( 'NONE',  ( -0.5036115573820342250, -0.8639302050925421472, 0.000000000000000000 ) ) ;
#2915 = VERTEX_POINT ( 'NONE', #1423 ) ;
#2916 = CARTESIAN_POINT ( 'NONE',  ( 34.18751149398477907, 97.54523304310770015, 16.00000000000000000 ) ) ;
#2917 = CARTESIAN_POINT ( 'NONE',  ( -46.73335961545028283, 77.72947279566328405, 12.00000000000000000 ) ) ;
#2918 = CARTESIAN_POINT ( 'NONE',  ( 42.18425668011549590, 79.26931622844453784, 10.00000000000000000 ) ) ;
#2919 = VERTEX_POINT ( 'NONE', #2352 ) ;
#2920 = CARTESIAN_POINT ( 'NONE',  ( -37.13113155750699690, 96.52015040603306772, 10.00000000000000000 ) ) ;
#2921 = LINE ( 'NONE', #13, #2812 ) ;
#2922 = CARTESIAN_POINT ( 'NONE',  ( 16.19181371413777626, -4.569913789786324010, 16.00000000000000000 ) ) ;
#2923 = CARTESIAN_POINT ( 'NONE',  ( -98.93158905302945527, -8.625360510358630606, 12.00000000000000000 ) ) ;
#2924 = EDGE_LOOP ( 'NONE', ( #2474, #2601, #3192, #3786 ) ) ;
#2925 = EDGE_CURVE ( 'NONE', #1339, #572, #389, .T. ) ;
#2926 = EDGE_LOOP ( 'NONE', ( #2662, #3321, #1584, #273 ) ) ;
#2927 = CARTESIAN_POINT ( 'NONE',  ( -13.34052234755442612, 20.01411531491224949, 12.00000000000000000 ) ) ;
#2928 = EDGE_CURVE ( 'NONE', #290, #1791, #3775, .T. ) ;
#2929 = ORIENTED_EDGE ( 'NONE', *, *, #1929, .F. ) ;
#2930 = FACE_OUTER_BOUND ( 'NONE', #3473, .T. ) ;
#2931 = EDGE_LOOP ( 'NONE', ( #3640, #872, #3409, #2177 ) ) ;
#2932 = CARTESIAN_POINT ( 'NONE',  ( 5.000000000000000000, 6.123233995736766282E-16, 0.000000000000000000 ) ) ;
#2933 = PERSON_AND_ORGANIZATION ( #3439, #1664 ) ;
#2934 = CARTESIAN_POINT ( 'NONE',  ( 91.32188393734173815, -9.438678552286734913, 16.00000000000000000 ) ) ;
#2935 = FACE_OUTER_BOUND ( 'NONE', #120, .T. ) ;
#2936 = ORIENTED_EDGE ( 'NONE', *, *, #943, .T. ) ;
#2937 = CARTESIAN_POINT ( 'NONE',  ( 43.07701276409059687, 87.53767513099332120, 16.00000000000000000 ) ) ;
#2938 = CARTESIAN_POINT ( 'NONE',  ( 13.61486804501912928, 2.050608912650808861E-16, 10.00000000000000000 ) ) ;
#2939 = CARTESIAN_POINT ( 'NONE',  ( -17.38101777888877209, -5.225061316532367606, 10.00000000000000000 ) ) ;
#2940 = CARTESIAN_POINT ( 'NONE',  ( 40.96529387711908754, 91.88567406541078242, 16.00000000000000000 ) ) ;
#2941 = CARTESIAN_POINT ( 'NONE',  ( 35.55459399563605416, 96.80404722883905322, 4.000000000000000000 ) ) ;
#2942 = CARTESIAN_POINT ( 'NONE',  ( -96.18576306641722340, -10.59256769103866347, 16.00000000000000000 ) ) ;
#2943 = CARTESIAN_POINT ( 'NONE',  ( -18.37229210177823191, -6.314889749586358292, 10.00000000000000178 ) ) ;
#2944 = ADVANCED_FACE ( 'NONE', ( #2935, #905 ), #886, .T. ) ;
#2945 = CARTESIAN_POINT ( 'NONE',  ( -12.85613651940623647, 10.60072605994906780, 16.00000000000000000 ) ) ;
#2946 = AXIS2_PLACEMENT_3D ( 'NONE', #509, #475, #2511 ) ;
#2947 = B_SPLINE_SURFACE_WITH_KNOTS ( 'NONE', 3, 1, ( 
 ( #675, #2099 ),
 ( #2369, #3004 ),
 ( #2682, #99 ),
 ( #412, #710 ),
 ( #3619, #1516 ),
 ( #1570, #2739 ),
 ( #1267, #2150 ),
 ( #3040, #1282 ),
 ( #2661, #1535 ),
 ( #395, #116 ),
 ( #1495, #3543 ),
 ( #41, #1207 ),
 ( #353, #921 ),
 ( #974, #3281 ) ),
 .UNSPECIFIED., .F., .F., .F.,
 ( 4, 1, 1, 1, 1, 1, 1, 1, 1, 1, 1, 4 ),
 ( 2, 2 ),
 ( 0.000000000000000000, 0.1489369628854519123, 0.2187406032244147980, 0.2837510101583713418, 0.3573881234826286613, 0.4340133846367745241, 0.5232015280749875430, 0.6022686970478416946, 0.6773789796004616726, 0.7942826686123175550, 0.8855241963004978345, 1.000000000000000000 ),
 ( 0.000000000000000000, 1.000000000000000000 ),
 .UNSPECIFIED. ) ;
#2948 = CARTESIAN_POINT ( 'NONE',  ( 8.500000000000005329, -4.907477288111823377, 22.00000000000000000 ) ) ;
#2949 = CARTESIAN_POINT ( 'NONE',  ( -16.19181371413777271, -4.569913789786324010, 4.000000000000000000 ) ) ;
#2950 = VERTEX_POINT ( 'NONE', #865 ) ;
#2951 = DIRECTION ( 'NONE',  ( -0.000000000000000000, -0.000000000000000000, -1.000000000000000000 ) ) ;
#2952 = ADVANCED_FACE ( 'NONE', ( #1988 ), #3246, .F. ) ;
#2953 = COORDINATED_UNIVERSAL_TIME_OFFSET ( 1, 0, .AHEAD. ) ;
#2954 = CARTESIAN_POINT ( 'NONE',  ( -28.04659553532030003, -9.334253580416488560, 10.00000000000000000 ) ) ;
#2955 = EDGE_LOOP ( 'NONE', ( #3039, #84, #3203, #315 ) ) ;
#2956 = CARTESIAN_POINT ( 'NONE',  ( -66.91363624440501212, 78.54781590269540459, 4.000000000000000000 ) ) ;
#2957 = CARTESIAN_POINT ( 'NONE',  ( 42.29253798694047362, 78.52576933831133488, 12.00000000000000000 ) ) ;
#2958 = CARTESIAN_POINT ( 'NONE',  ( 0.000000000000000000, 0.000000000000000000, 34.99999999999999289 ) ) ;
#2959 = CARTESIAN_POINT ( 'NONE',  ( 12.85613651940623825, 10.60072605994906780, 16.00000000000000000 ) ) ;
#2960 = CARTESIAN_POINT ( 'NONE',  ( -14.29935285123792532, 21.89312541265675449, 10.00000000000000000 ) ) ;
#2961 = DIRECTION ( 'NONE',  ( 0.001650325621624664733, -0.9999986382117440620, 0.000000000000000000 ) ) ;
#2962 = CARTESIAN_POINT ( 'NONE',  ( -20.94624439764723789, -7.837647619075618799, 10.00000000000000178 ) ) ;
#2963 = CARTESIAN_POINT ( 'NONE',  ( -14.00133309853872987, 21.25068224866967626, 10.00000000000000000 ) ) ;
#2964 = DIRECTION ( 'NONE',  ( 0.000000000000000000, 0.000000000000000000, 1.000000000000000000 ) ) ;
#2965 = CARTESIAN_POINT ( 'NONE',  ( -8.500000000000000000, -4.907477288111820712, 22.00000000000000000 ) ) ;
#2966 = VERTEX_POINT ( 'NONE', #1734 ) ;
#2967 = CARTESIAN_POINT ( 'NONE',  ( -37.13113155750699690, 96.52015040603306772, 4.000000000000000000 ) ) ;
#2968 = APPROVAL_STATUS ( 'not_yet_approved' ) ;
#2969 = CARTESIAN_POINT ( 'NONE',  ( 14.00133309853873165, 21.25068224866967626, 10.00000000000000000 ) ) ;
#2970 = CARTESIAN_POINT ( 'NONE',  ( 96.83532422476577040, -7.335353874765145221, 12.00000000000000000 ) ) ;
#2971 = VERTEX_POINT ( 'NONE', #3549 ) ;
#2972 = AXIS2_PLACEMENT_3D ( 'NONE', #3533, #627, #2382 ) ;
#2973 = CARTESIAN_POINT ( 'NONE',  ( -46.24195549096756253, 76.68968209453018403, 4.000000000000000000 ) ) ;
#2974 = CARTESIAN_POINT ( 'NONE',  ( 14.00133309853873165, 21.25068224866967626, 12.00000000000000000 ) ) ;
#2975 = CARTESIAN_POINT ( 'NONE',  ( -27.35495800672316236, -9.230192200835293903, 10.00000000000000000 ) ) ;
#2976 = EDGE_CURVE ( 'NONE', #1749, #1621, #2664, .T. ) ;
#2977 = ORIENTED_EDGE ( 'NONE', *, *, #3466, .F. ) ;
#2978 = CARTESIAN_POINT ( 'NONE',  ( 41.95765329725570325, 90.24986891931260402, 12.00000000000000000 ) ) ;
#2979 = CARTESIAN_POINT ( 'NONE',  ( -66.44747720936047131, 79.22565238055847203, 12.00000000000000000 ) ) ;
#2980 = CARTESIAN_POINT ( 'NONE',  ( 96.18576306641723761, -10.59256769103866702, 16.00000000000000000 ) ) ;
#2981 = DIRECTION ( 'NONE',  ( 1.000000000000000000, 0.000000000000000000, 0.000000000000000000 ) ) ;
#2982 = CARTESIAN_POINT ( 'NONE',  ( -96.25318652701621147, -10.40320267869283732, 10.00000000000000000 ) ) ;
#2983 = CARTESIAN_POINT ( 'NONE',  ( 0.000000000000000000, 0.000000000000000000, 0.000000000000000000 ) ) ;
#2984 = CARTESIAN_POINT ( 'NONE',  ( -36.05107508881541634, 96.85275697340217960, 16.00000000000000000 ) ) ;
#2985 = ORIENTED_EDGE ( 'NONE', *, *, #1262, .F. ) ;
#2986 = ADVANCED_FACE ( 'NONE', ( #1461 ), #2209, .T. ) ;
#2987 = LINE ( 'NONE', #1269, #2599 ) ;
#2988 = PERSON_AND_ORGANIZATION ( #3439, #1664 ) ;
#2989 = CARTESIAN_POINT ( 'NONE',  ( 13.34052234755442434, 20.01411531491224949, 10.00000000000000000 ) ) ;
#2990 = CARTESIAN_POINT ( 'NONE',  ( 94.60142919475674717, -8.634474376662318207, 12.00000000000000000 ) ) ;
#2991 = ORIENTED_EDGE ( 'NONE', *, *, #3629, .F. ) ;
#2992 = VECTOR ( 'NONE', #461, 1000.000000000000000 ) ;
#2993 = CARTESIAN_POINT ( 'NONE',  ( -96.83532422476575618, -7.335353874765146109, 10.00000000000000178 ) ) ;
#2994 = CARTESIAN_POINT ( 'NONE',  ( -89.99525595592842819, -11.59606026179955585, 4.000000000000000000 ) ) ;
#2995 = CIRCLE ( 'NONE', #3175, 103.3627516641538193 ) ;
#2996 = CARTESIAN_POINT ( 'NONE',  ( 8.500000000000005329, -4.907477288111823377, 28.40000000000000213 ) ) ;
#2997 = ADVANCED_FACE ( 'NONE', ( #3225 ), #1696, .T. ) ;
#2998 = VECTOR ( 'NONE', #2569, 1000.000000000000000 ) ;
#2999 = CARTESIAN_POINT ( 'NONE',  ( 97.42256809861466138, -9.605901838267850934, 12.00000000000000178 ) ) ;
#3000 = CARTESIAN_POINT ( 'NONE',  ( 92.97062026337313512, -11.34423151455725076, 12.00000000000000000 ) ) ;
#3001 = ORIENTED_EDGE ( 'NONE', *, *, #2925, .F. ) ;
#3002 = CARTESIAN_POINT ( 'NONE',  ( 102.9946715168661910, 4.166994245635292415, 10.00000000000000000 ) ) ;
#3003 = VERTEX_POINT ( 'NONE', #2313 ) ;
#3004 = CARTESIAN_POINT ( 'NONE',  ( 14.11169872123017655, -0.7560170833218108344, 4.000000000000000000 ) ) ;
#3005 = AXIS2_PLACEMENT_3D ( 'NONE', #2492, #3146, #525 ) ;
#3006 = VERTEX_POINT ( 'NONE', #3490 ) ;
#3007 = CARTESIAN_POINT ( 'NONE',  ( -38.94887543118768036, 95.56856342631546397, 4.000000000000000000 ) ) ;
#3008 = CARTESIAN_POINT ( 'NONE',  ( -38.94887543118768036, 95.56856342631546397, 12.00000000000000000 ) ) ;
#3009 = CARTESIAN_POINT ( 'NONE',  ( 101.8277817151371494, -0.5672003041223958597, 12.00000000000000000 ) ) ;
#3010 = ORIENTED_EDGE ( 'NONE', *, *, #3260, .F. ) ;
#3011 = B_SPLINE_SURFACE_WITH_KNOTS ( 'NONE', 3, 1, ( 
 ( #1168, #2063 ),
 ( #3509, #621 ),
 ( #2041, #3223 ),
 ( #1402, #2564 ),
 ( #3162, #539 ),
 ( #258, #2586 ),
 ( #3754, #715 ),
 ( #997, #104 ),
 ( #2084, #1796 ),
 ( #1557, #2138 ) ),
 .UNSPECIFIED., .F., .F., .F.,
 ( 4, 1, 1, 1, 1, 1, 1, 4 ),
 ( 2, 2 ),
 ( 0.000000000000000000, 0.04935486653583651129, 0.09747967005435721755, 0.1455889594514178376, 0.2236071140838355731, 0.4378949316624155541, 0.4540957697174577423, 0.5179851620738900042 ),
 ( 0.000000000000000000, 1.000000000000000000 ),
 .UNSPECIFIED. ) ;
#3012 = EDGE_CURVE ( 'NONE', #1692, #591, #1287, .T. ) ;
#3013 = LINE ( 'NONE', #1857, #439 ) ;
#3014 = CARTESIAN_POINT ( 'NONE',  ( 10.21394015829099722, 23.71425225392868086, 4.000000000000000000 ) ) ;
#3015 = AXIS2_PLACEMENT_3D ( 'NONE', #2095, #3255, #916 ) ;
#3016 = CARTESIAN_POINT ( 'NONE',  ( 46.24195549096754831, 76.68968209453016982, 4.000000000000000000 ) ) ;
#3017 = FACE_OUTER_BOUND ( 'NONE', #2537, .T. ) ;
#3018 = CARTESIAN_POINT ( 'NONE',  ( -102.9946715168661910, 4.166994245635290639, 16.00000000000000000 ) ) ;
#3019 = DIRECTION ( 'NONE',  ( 0.000000000000000000, 0.000000000000000000, 1.000000000000000000 ) ) ;
#3020 = EDGE_CURVE ( 'NONE', #695, #693, #1872, .T. ) ;
#3021 = CARTESIAN_POINT ( 'NONE',  ( 103.0398048839039689, 5.476559870912545591, 16.00000000000000000 ) ) ;
#3022 = ORIENTED_EDGE ( 'NONE', *, *, #1677, .T. ) ;
#3023 = FACE_OUTER_BOUND ( 'NONE', #2060, .T. ) ;
#3024 = ORIENTED_EDGE ( 'NONE', *, *, #1722, .T. ) ;
#3025 = FACE_OUTER_BOUND ( 'NONE', #517, .T. ) ;
#3026 = LINE ( 'NONE', #661, #2497 ) ;
#3027 = CARTESIAN_POINT ( 'NONE',  ( 92.97062026338548435, -11.34423151455467860, 10.00000000000000000 ) ) ;
#3028 = VERTEX_POINT ( 'NONE', #1853 ) ;
#3029 = CARTESIAN_POINT ( 'NONE',  ( 103.7733787529072913, -2.650354418742614460, 10.00000000000000000 ) ) ;
#3030 = CARTESIAN_POINT ( 'NONE',  ( -2.252061831604196485, 1.298994991094602591, 4.000000000000000000 ) ) ;
#3031 = B_SPLINE_CURVE_WITH_KNOTS ( 'NONE', 3,
 ( #1849, #2984, #1830, #83, #3315, #374, #3262, #2446, #638, #1554, #1792, #2705 ),
 .UNSPECIFIED., .F., .F.,
 ( 4, 1, 1, 1, 1, 1, 1, 1, 1, 4 ),
 ( 0.000000000000000000, 0.07984134518936002178, 0.1529309427693458789, 0.2761214748056889379, 0.3757152083410297827, 0.4330997905698241723, 0.5790779275548477711, 0.6766347224225566226, 0.7207672962006216322, 1.000000000000000000 ),
 .UNSPECIFIED. ) ;
#3032 = CARTESIAN_POINT ( 'NONE',  ( -8.597731984005093864, 20.88619471304047437, 10.00000000000000000 ) ) ;
#3033 = VECTOR ( 'NONE', #2897, 1000.000000000000000 ) ;
#3034 = EDGE_LOOP ( 'NONE', ( #2159, #1438, #729, #3564 ) ) ;
#3035 = DIRECTION ( 'NONE',  ( -0.8660254037844384856, 0.5000000000000002220, 0.000000000000000000 ) ) ;
#3036 = DIRECTION ( 'NONE',  ( -0.000000000000000000, 0.000000000000000000, 1.000000000000000000 ) ) ;
#3037 = CARTESIAN_POINT ( 'NONE',  ( -104.9768680301031054, 2.203900766896666141, 16.00000000000000000 ) ) ;
#3038 = CARTESIAN_POINT ( 'NONE',  ( -66.91363624440054991, 78.54781590270177105, 4.000000000000000000 ) ) ;
#3039 = ORIENTED_EDGE ( 'NONE', *, *, #978, .F. ) ;
#3040 = CARTESIAN_POINT ( 'NONE',  ( 19.75370466724846708, -6.934803996443100971, 10.00000000000000533 ) ) ;
#3041 = ORIENTED_EDGE ( 'NONE', *, *, #496, .T. ) ;
#3042 = B_SPLINE_SURFACE_WITH_KNOTS ( 'NONE', 3, 1, ( 
 ( #1286, #380 ),
 ( #1231, #45 ),
 ( #3338, #3302 ),
 ( #1520, #3008 ),
 ( #944, #2450 ),
 ( #2687, #338 ),
 ( #3590, #1499 ),
 ( #2122, #1211 ),
 ( #962, #2374 ),
 ( #2395, #3568 ),
 ( #398, #3548 ),
 ( #926, #3267 ) ),
 .UNSPECIFIED., .F., .F., .F.,
 ( 4, 1, 1, 1, 1, 1, 1, 1, 1, 4 ),
 ( 2, 2 ),
 ( 0.000000000000000000, 0.07984134518936002178, 0.1529309427693458789, 0.2761214748056889379, 0.3757152083410297827, 0.4330997905698241723, 0.5790779275548477711, 0.6766347224225566226, 0.7207672962006216322, 1.000000000000000000 ),
 ( 0.000000000000000000, 1.000000000000000000 ),
 .UNSPECIFIED. ) ;
#3043 = DIRECTION ( 'NONE',  ( -0.8660254037844387076, -0.4999999999999998890, -0.000000000000000000 ) ) ;
#3044 = DIRECTION ( 'NONE',  ( -0.000000000000000000, 0.000000000000000000, 1.000000000000000000 ) ) ;
#3045 = EDGE_CURVE ( 'NONE', #2039, #2625, #416, .T. ) ;
#3046 = LINE ( 'NONE', #1623, #63 ) ;
#3047 = CARTESIAN_POINT ( 'NONE',  ( 92.97062026338548435, -11.34423151455467860, 12.00000000000000355 ) ) ;
#3048 = ORIENTED_EDGE ( 'NONE', *, *, #909, .T. ) ;
#3049 = CARTESIAN_POINT ( 'NONE',  ( 6.500000000000005329, -3.752776749732571471, 30.39999999999999858 ) ) ;
#3050 = CARTESIAN_POINT ( 'NONE',  ( -103.0398048839039546, 5.476559870912546479, 10.00000000000000178 ) ) ;
#3051 = CARTESIAN_POINT ( 'NONE',  ( -1.147309555492924016, -0.6688021192397001213, 12.00000000000000000 ) ) ;
#3052 = VECTOR ( 'NONE', #1353, 1000.000000000000114 ) ;
#3053 = DIRECTION ( 'NONE',  ( 0.9986718848086948430, 0.05152151485203915887, 0.000000000000000000 ) ) ;
#3054 = CARTESIAN_POINT ( 'NONE',  ( -101.3134947225302938, -2.836936634874510865, 12.00000000000000000 ) ) ;
#3055 = CARTESIAN_POINT ( 'NONE',  ( -104.2099257345085022, -0.7268683302015175318, 4.000000000000000000 ) ) ;
#3056 = CARTESIAN_POINT ( 'NONE',  ( 99.54940066188207481, -4.472610537853936030, 10.00000000000000000 ) ) ;
#3057 = ADVANCED_FACE ( 'NONE', ( #2468 ), #2360, .T. ) ;
#3058 = VECTOR ( 'NONE', #2332, 1000.000000000000000 ) ;
#3059 = ORIENTED_EDGE ( 'NONE', *, *, #1140, .T. ) ;
#3060 = DIRECTION ( 'NONE',  ( -0.8660254037844385966, 0.5000000000000003331, 0.000000000000000000 ) ) ;
#3061 = B_SPLINE_CURVE_WITH_KNOTS ( 'NONE', 3,
 ( #2340, #606, #2942, #2655, #76, #1396, #34, #3446, #1240 ),
 .UNSPECIFIED., .F., .F.,
 ( 4, 1, 1, 1, 1, 1, 4 ),
 ( 0.000000000000000000, 0.3466577217541806921, 0.4856485324772289447, 0.6188506265022477582, 0.7296581976956886262, 0.8486710806393250595, 0.9896099787889852673 ),
 .UNSPECIFIED. ) ;
#3062 = ORIENTED_EDGE ( 'NONE', *, *, #797, .T. ) ;
#3063 = DIRECTION ( 'NONE',  ( -0.9986718848086948430, -0.05152151485203915887, 0.000000000000000000 ) ) ;
#3064 = CARTESIAN_POINT ( 'NONE',  ( -54.74598794976407135, 82.14886767526019185, 10.00000000000000178 ) ) ;
#3065 = CARTESIAN_POINT ( 'NONE',  ( -54.74598794976407135, 82.14886767526019185, 10.00000000000000000 ) ) ;
#3066 = CARTESIAN_POINT ( 'NONE',  ( 59.69026461210930989, 82.35876107693567860, 10.00000000000000000 ) ) ;
#3067 = B_SPLINE_CURVE_WITH_KNOTS ( 'NONE', 3,
 ( #755, #2763, #3029, #473 ),
 .UNSPECIFIED., .F., .F.,
 ( 4, 4 ),
 ( 0.1440020883695690423, 0.2654023067004613323 ),
 .UNSPECIFIED. ) ;
#3068 = ORIENTED_EDGE ( 'NONE', *, *, #1677, .F. ) ;
#3069 = EDGE_CURVE ( 'NONE', #250, #400, #2572, .T. ) ;
#3070 = CARTESIAN_POINT ( 'NONE',  ( 8.500000000000005329, 4.907477288111821601, 28.40000000000000213 ) ) ;
#3071 = CARTESIAN_POINT ( 'NONE',  ( 66.44747720935816915, 79.22565238055983627, 4.000000000000000000 ) ) ;
#3072 = CYLINDRICAL_SURFACE ( 'NONE', #3005, 11.00000000000000000 ) ;
#3073 = ORIENTED_EDGE ( 'NONE', *, *, #2357, .F. ) ;
#3074 = DIRECTION ( 'NONE',  ( 1.000000000000000000, 0.000000000000000000, 0.000000000000000000 ) ) ;
#3075 = DIRECTION ( 'NONE',  ( -0.8639302050925421472, 0.5036115573820342250, 0.000000000000000000 ) ) ;
#3076 = CARTESIAN_POINT ( 'NONE',  ( -14.29935285123792532, 21.89312541265675449, 12.00000000000000000 ) ) ;
#3077 = CIRCLE ( 'NONE', #1908, 5.000000000000000000 ) ;
#3078 = CARTESIAN_POINT ( 'NONE',  ( -59.69026461210930279, 82.35876107693567860, 4.000000000000000000 ) ) ;
#3079 = CARTESIAN_POINT ( 'NONE',  ( -12.74312034550123229, 17.98947295078569653, 4.000000000000000000 ) ) ;
#3080 = EDGE_LOOP ( 'NONE', ( #1822, #1452, #2895, #3603 ) ) ;
#3081 = CARTESIAN_POINT ( 'NONE',  ( -52.36457512509296919, 81.61970303100665092, 4.000000000000000000 ) ) ;
#3082 = DIRECTION ( 'NONE',  ( -0.000000000000000000, 0.000000000000000000, 1.000000000000000000 ) ) ;
#3083 = CARTESIAN_POINT ( 'NONE',  ( -4.293223980211161361, 19.25422940976884689, 16.00000000000000000 ) ) ;
#3084 = ORIENTED_EDGE ( 'NONE', *, *, #1615, .F. ) ;
#3085 = CARTESIAN_POINT ( 'NONE',  ( -98.17736405654174803, -9.146146482442958359, 12.00000000000000000 ) ) ;
#3086 = CARTESIAN_POINT ( 'NONE',  ( 66.91363624440496949, 78.54781590269544722, 4.000000000000000000 ) ) ;
#3087 = DIRECTION ( 'NONE',  ( 0.000000000000000000, 0.000000000000000000, 1.000000000000000000 ) ) ;
#3088 = CARTESIAN_POINT ( 'NONE',  ( 52.36457512509295498, 81.61970303100666513, 4.000000000000000000 ) ) ;
#3089 = AXIS2_PLACEMENT_3D ( 'NONE', #1572, #118, #1285 ) ;
#3090 = EDGE_CURVE ( 'NONE', #1398, #1047, #1023, .T. ) ;
#3091 = CARTESIAN_POINT ( 'NONE',  ( 43.07701276409059687, 87.53767513099332120, 4.000000000000000000 ) ) ;
#3092 = CARTESIAN_POINT ( 'NONE',  ( -89.99525595592842819, -11.59606026179955585, 16.00000000000000000 ) ) ;
#3093 = CARTESIAN_POINT ( 'NONE',  ( 43.16501441732660993, 81.66766345942305350, 4.000000000000000000 ) ) ;
#3094 = LINE ( 'NONE', #1320, #149 ) ;
#3095 = ORIENTED_EDGE ( 'NONE', *, *, #3660, .F. ) ;
#3096 = VECTOR ( 'NONE', #2657, 999.9999999999998863 ) ;
#3097 = DIRECTION ( 'NONE',  ( -0.000000000000000000, -0.000000000000000000, -1.000000000000000000 ) ) ;
#3098 = CARTESIAN_POINT ( 'NONE',  ( -57.28524719688056877, 82.66500473020414574, 10.00000000000000000 ) ) ;
#3099 = CARTESIAN_POINT ( 'NONE',  ( 46.73335961545028994, 77.72947279566328405, 10.00000000000000000 ) ) ;
#3100 = ORIENTED_EDGE ( 'NONE', *, *, #819, .T. ) ;
#3101 = CARTESIAN_POINT ( 'NONE',  ( -8.597731984005093864, 20.88619471304047437, 10.00000000000000000 ) ) ;
#3102 = CARTESIAN_POINT ( 'NONE',  ( 13.61486804501912928, 2.050608912650808861E-16, 16.00000000000000000 ) ) ;
#3103 = CARTESIAN_POINT ( 'NONE',  ( -8.500000000000000000, 4.907477288111825153, 22.00000000000000000 ) ) ;
#3104 = FACE_OUTER_BOUND ( 'NONE', #2214, .T. ) ;
#3105 = CARTESIAN_POINT ( 'NONE',  ( -46.24195549096754831, 76.68968209453016982, 16.00000000000000000 ) ) ;
#3106 = CARTESIAN_POINT ( 'NONE',  ( -28.04659553532030003, -9.334253580416488560, 12.00000000000000000 ) ) ;
#3107 = CARTESIAN_POINT ( 'NONE',  ( -13.61486804501912928, 2.050608912650810586E-16, 16.00000000000000000 ) ) ;
#3108 = ADVANCED_FACE ( 'NONE', ( #2744 ), #2636, .T. ) ;
#3109 = CARTESIAN_POINT ( 'NONE',  ( 43.07701276409059687, 87.53767513099332120, 10.00000000000000533 ) ) ;
#3110 = UNCERTAINTY_MEASURE_WITH_UNIT (LENGTH_MEASURE( 1.000000000000000082E-05 ), #3198, 'distance_accuracy_value', 'NONE');
#3111 = DIRECTION ( 'NONE',  ( 0.000000000000000000, 0.000000000000000000, 1.000000000000000000 ) ) ;
#3112 = ORIENTED_EDGE ( 'NONE', *, *, #3045, .T. ) ;
#3113 = VECTOR ( 'NONE', #3562, 1000.000000000000000 ) ;
#3114 = CARTESIAN_POINT ( 'NONE',  ( 0.000000000000000000, 0.000000000000000000, 16.00000000000000000 ) ) ;
#3115 = VECTOR ( 'NONE', #2160, 1000.000000000000000 ) ;
#3116 = CARTESIAN_POINT ( 'NONE',  ( 102.0054555761009141, -5.546772929637214133, 12.00000000000000000 ) ) ;
#3117 = DIRECTION ( 'NONE',  ( 0.000000000000000000, -0.000000000000000000, -1.000000000000000000 ) ) ;
#3118 = ORIENTED_EDGE ( 'NONE', *, *, #2166, .F. ) ;
#3119 = LINE ( 'NONE', #3449, #2167 ) ;
#3120 = CARTESIAN_POINT ( 'NONE',  ( -101.8277817151371352, -0.5672003041223961928, 16.00000000000000000 ) ) ;
#3121 = CARTESIAN_POINT ( 'NONE',  ( 59.69026461210930989, 82.35876107693567860, 10.00000000000000000 ) ) ;
#3122 = CARTESIAN_POINT ( 'NONE',  ( 14.11169872123017655, -0.7560170833218108344, 12.00000000000000000 ) ) ;
#3123 = ORIENTED_EDGE ( 'NONE', *, *, #1697, .F. ) ;
#3124 = VECTOR ( 'NONE', #3701, 1000.000000000000000 ) ;
#3125 = EDGE_CURVE ( 'NONE', #618, #1772, #2487, .T. ) ;
#3126 = CARTESIAN_POINT ( 'NONE',  ( -11.50000000000000000, 1.408343819019456176E-15, 20.00000000000000000 ) ) ;
#3127 = CARTESIAN_POINT ( 'NONE',  ( -22.54697192685821960, -8.311285597245346324, 12.00000000000000000 ) ) ;
#3128 = CARTESIAN_POINT ( 'NONE',  ( 12.65491811937066835, 27.14315975095284017, 16.00000000000000000 ) ) ;
#3129 = ORIENTED_EDGE ( 'NONE', *, *, #217, .F. ) ;
#3130 = CARTESIAN_POINT ( 'NONE',  ( 43.35663588922312073, 82.89263312496298397, 10.00000000000000533 ) ) ;
#3131 = EDGE_CURVE ( 'NONE', #3642, #2149, #2506, .T. ) ;
#3132 = CARTESIAN_POINT ( 'NONE',  ( 42.18425668011549590, 79.26931622844453784, 12.00000000000000000 ) ) ;
#3133 = ORIENTED_EDGE ( 'NONE', *, *, #3288, .F. ) ;
#3134 = B_SPLINE_SURFACE_WITH_KNOTS ( 'NONE', 3, 1, ( 
 ( #3092, #1881 ),
 ( #2165, #2478 ),
 ( #1371, #1901 ),
 ( #3384, #1617 ),
 ( #1354, #2496 ),
 ( #1027, #3655 ),
 ( #1599, #3055 ),
 ( #742, #2805 ),
 ( #3037, #1651 ) ),
 .UNSPECIFIED., .F., .F., .F.,
 ( 4, 1, 1, 1, 1, 1, 4 ),
 ( 2, 2 ),
 ( 0.000000000000000000, 0.3466577217541806921, 0.4856485324772289447, 0.6188506265022477582, 0.7296581976956886262, 0.8486710806393250595, 0.9896099787890568766 ),
 ( 0.000000000000000000, 1.000000000000000000 ),
 .UNSPECIFIED. ) ;
#3135 = B_SPLINE_CURVE_WITH_KNOTS ( 'NONE', 3,
 ( #3306, #2974, #1838, #1560, #363, #2142, #2729, #1524, #107, #1274 ),
 .UNSPECIFIED., .F., .F.,
 ( 4, 1, 1, 1, 1, 1, 1, 4 ),
 ( 0.000000000000000000, 0.04935486653583651129, 0.09747967005435721755, 0.1455889594514178376, 0.2236071140838355731, 0.4378949316624155541, 0.4540957697174577423, 0.5179851620738900042 ),
 .UNSPECIFIED. ) ;
#3136 = CARTESIAN_POINT ( 'NONE',  ( -19.75370466724846708, -6.934803996443099194, 12.00000000000000000 ) ) ;
#3137 = CARTESIAN_POINT ( 'NONE',  ( 34.18751149398477907, 97.54523304310770015, 4.000000000000000000 ) ) ;
#3138 = EDGE_LOOP ( 'NONE', ( #1886, #1670, #2547, #3118, #3062, #134, #3705 ) ) ;
#3139 = CARTESIAN_POINT ( 'NONE',  ( -12.28252948003778400, 24.70789247510377251, 16.00000000000000000 ) ) ;
#3140 = ORIENTED_EDGE ( 'NONE', *, *, #2387, .F. ) ;
#3141 = ORIENTED_EDGE ( 'NONE', *, *, #2422, .T. ) ;
#3142 = VECTOR ( 'NONE', #2836, 1000.000000000000114 ) ;
#3143 = LINE ( 'NONE', #471, #351 ) ;
#3144 = CARTESIAN_POINT ( 'NONE',  ( 89.99525595592842819, -11.59606026179955585, 4.000000000000000000 ) ) ;
#3145 = CARTESIAN_POINT ( 'NONE',  ( -66.91363624440501212, 78.54781590269540459, 12.00000000000000000 ) ) ;
#3146 = DIRECTION ( 'NONE',  ( 0.000000000000000000, -0.000000000000000000, -1.000000000000000000 ) ) ;
#3147 = ORIENTED_EDGE ( 'NONE', *, *, #1612, .T. ) ;
#3148 = LINE ( 'NONE', #477, #249 ) ;
#3149 = CARTESIAN_POINT ( 'NONE',  ( 40.55652416215527722, 92.77312483053795233, 4.000000000000000000 ) ) ;
#3150 = CARTESIAN_POINT ( 'NONE',  ( 5.000000000000000000, 0.000000000000000000, 22.00000000000000000 ) ) ;
#3151 = CARTESIAN_POINT ( 'NONE',  ( 38.15154374022015560, 95.05230011271468982, 10.00000000000000533 ) ) ;
#3152 = CARTESIAN_POINT ( 'NONE',  ( 43.16501441732660993, 81.66766345942305350, 12.00000000000000000 ) ) ;
#3153 = VECTOR ( 'NONE', #3724, 1000.000000000000114 ) ;
#3154 = ORIENTED_EDGE ( 'NONE', *, *, #123, .T. ) ;
#3155 = CARTESIAN_POINT ( 'NONE',  ( -27.35495800672316236, -9.230192200835293903, 16.00000000000000000 ) ) ;
#3156 = ADVANCED_FACE ( 'NONE', ( #2195 ), #628, .T. ) ;
#3157 = CARTESIAN_POINT ( 'NONE',  ( -20.94624439764723789, -7.837647619075618799, 4.000000000000000000 ) ) ;
#3158 = EDGE_LOOP ( 'NONE', ( #867, #1031, #2523, #1644, #137, #939 ) ) ;
#3159 = CARTESIAN_POINT ( 'NONE',  ( 11.44165915220281704, 25.12747389820310673, 10.00000000000000000 ) ) ;
#3160 = EDGE_CURVE ( 'NONE', #861, #1748, #2668, .T. ) ;
#3161 = DIRECTION ( 'NONE',  ( -1.000000000000000000, 0.000000000000000000, 0.000000000000000000 ) ) ;
#3162 = CARTESIAN_POINT ( 'NONE',  ( 12.60220191339104190, 15.48079204061328440, 16.00000000000000000 ) ) ;
#3163 = DIRECTION ( 'NONE',  ( 0.4996441147237377645, 0.8662307767690619054, 0.000000000000000000 ) ) ;
#3164 = LINE ( 'NONE', #2294, #2288 ) ;
#3165 = CARTESIAN_POINT ( 'NONE',  ( -46.24195549096754831, 76.68968209453016982, 16.00000000000000000 ) ) ;
#3166 = DIRECTION ( 'NONE',  ( 0.000000000000000000, 0.000000000000000000, 1.000000000000000000 ) ) ;
#3167 = CARTESIAN_POINT ( 'NONE',  ( 5.898552909013184298, 20.26427960201245426, 16.00000000000000000 ) ) ;
#3168 = CARTESIAN_POINT ( 'NONE',  ( 39.94084417660519648, 93.45736105760562396, 4.000000000000000000 ) ) ;
#3169 = CARTESIAN_POINT ( 'NONE',  ( -98.17736494882784370, -9.146145903901887309, 10.00000000000000000 ) ) ;
#3170 = ORIENTED_EDGE ( 'NONE', *, *, #444, .T. ) ;
#3171 = ORIENTED_EDGE ( 'NONE', *, *, #2665, .T. ) ;
#3172 = ADVANCED_FACE ( 'NONE', ( #881 ), #2600, .F. ) ;
#3173 = CARTESIAN_POINT ( 'NONE',  ( -16.19181371413777271, -4.569913789786324010, 12.00000000000000000 ) ) ;
#3174 = PRODUCT_RELATED_PRODUCT_CATEGORY ( 'detail', '', ( #1482 ) ) ;
#3175 = AXIS2_PLACEMENT_3D ( 'NONE', #3636, #1260, #2698 ) ;
#3176 = CARTESIAN_POINT ( 'NONE',  ( 57.28524719688054745, 82.66500473020417417, 16.00000000000000000 ) ) ;
#3177 = ORIENTED_EDGE ( 'NONE', *, *, #3125, .F. ) ;
#3178 = CARTESIAN_POINT ( 'NONE',  ( 46.73335961545028994, 77.72947279566328405, 12.00000000000000000 ) ) ;
#3179 =( NAMED_UNIT ( * ) SI_UNIT ( $, .STERADIAN. ) SOLID_ANGLE_UNIT ( ) );
#3180 = CARTESIAN_POINT ( 'NONE',  ( 99.97588816569164294, -7.772749526029449463, 10.00000000000000000 ) ) ;
#3181 = CARTESIAN_POINT ( 'NONE',  ( -2.252061831604196485, 1.298994991094602591, 16.00000000000000000 ) ) ;
#3182 = VERTEX_POINT ( 'NONE', #3751 ) ;
#3183 = CARTESIAN_POINT ( 'NONE',  ( 103.3803218193327353, -3.451738654234191017, 12.00000000000000000 ) ) ;
#3184 = CARTESIAN_POINT ( 'NONE',  ( 14.29935285123792532, 21.89312541265675449, 4.000000000000000000 ) ) ;
#3185 = CARTESIAN_POINT ( 'NONE',  ( 42.39386818192176065, 89.37719346822775890, 10.00000000000000000 ) ) ;
#3186 = AXIS2_PLACEMENT_3D ( 'NONE', #958, #993, #2118 ) ;
#3187 = CARTESIAN_POINT ( 'NONE',  ( -44.68019288019633706, 86.63453829268611628, 10.00000000000000000 ) ) ;
#3188 = ORIENTED_EDGE ( 'NONE', *, *, #3669, .F. ) ;
#3189 = CARTESIAN_POINT ( 'NONE',  ( 99.97588816569164294, -7.772749526029449463, 10.00000000000000000 ) ) ;
#3190 = CARTESIAN_POINT ( 'NONE',  ( -103.0398048839039689, 5.476559870912545591, 12.00000000000000000 ) ) ;
#3191 = ORIENTED_EDGE ( 'NONE', *, *, #1543, .T. ) ;
#3192 = ORIENTED_EDGE ( 'NONE', *, *, #1506, .T. ) ;
#3193 = CARTESIAN_POINT ( 'NONE',  ( -91.32188393734173815, -9.438678552286734913, 4.000000000000000000 ) ) ;
#3194 = CARTESIAN_POINT ( 'NONE',  ( -12.74312034550123229, 17.98947295078569653, 4.000000000000000000 ) ) ;
#3195 = ORIENTED_EDGE ( 'NONE', *, *, #3539, .T. ) ;
#3196 = LINE ( 'NONE', #640, #527 ) ;
#3197 =( BOUNDED_CURVE ( )  B_SPLINE_CURVE ( 3, ( #236, #3451, #828, #1189 ),
 .UNSPECIFIED., .F., .F. ) 
 B_SPLINE_CURVE_WITH_KNOTS ( ( 4, 4 ),
 ( 1.570796326794896558, 3.141592653589793116 ),
 .UNSPECIFIED. ) 
 CURVE ( )  GEOMETRIC_REPRESENTATION_ITEM ( )  RATIONAL_B_SPLINE_CURVE ( ( 1.000000000000000000, 0.8047378541243649375, 0.8047378541243649375, 1.000000000000000000 ) ) 
 REPRESENTATION_ITEM ( '' )  );
#3198 =( LENGTH_UNIT ( ) NAMED_UNIT ( * ) SI_UNIT ( .MILLI., .METRE. ) );
#3199 = VECTOR ( 'NONE', #2755, 1000.000000000000000 ) ;
#3200 = CARTESIAN_POINT ( 'NONE',  ( -35.50495322693360833, 97.07346047163864000, 16.00000000000000000 ) ) ;
#3201 = DIRECTION ( 'NONE',  ( 1.000000000000000000, 0.000000000000000000, 0.000000000000000000 ) ) ;
#3202 = LOCAL_TIME ( 17, 39, 1.000000000000000000, #44 ) ;
#3203 = ORIENTED_EDGE ( 'NONE', *, *, #1855, .T. ) ;
#3204 = CARTESIAN_POINT ( 'NONE',  ( -3.250000000000002665, -5.629165124598854320, 30.39999999999999858 ) ) ;
#3205 = CARTESIAN_POINT ( 'NONE',  ( -91.32188393734173815, -9.438678552286734913, 12.00000000000000000 ) ) ;
#3206 = EDGE_CURVE ( 'NONE', #2483, #959, #1298, .T. ) ;
#3207 = CARTESIAN_POINT ( 'NONE',  ( -44.02415406327857994, 79.26020423582379237, 10.00000000000000000 ) ) ;
#3208 = CARTESIAN_POINT ( 'NONE',  ( -40.59479093392905469, 94.11982914663285271, 4.000000000000000000 ) ) ;
#3209 = ADVANCED_FACE ( 'NONE', ( #2930 ), #2050, .F. ) ;
#3210 = DIRECTION ( 'NONE',  ( 1.000000000000000000, 0.000000000000000000, -0.000000000000000000 ) ) ;
#3211 = CARTESIAN_POINT ( 'NONE',  ( -99.29424554682570658, -8.357955683883078635, 12.00000000000000000 ) ) ;
#3212 = CARTESIAN_POINT ( 'NONE',  ( -103.3915101884524006, -3.426978660622741035, 12.00000000000000000 ) ) ;
#3213 = ORIENTED_EDGE ( 'NONE', *, *, #151, .F. ) ;
#3214 = ORIENTED_EDGE ( 'NONE', *, *, #1865, .F. ) ;
#3215 = DIRECTION ( 'NONE',  ( -0.000000000000000000, -0.000000000000000000, -1.000000000000000000 ) ) ;
#3216 = VECTOR ( 'NONE', #2608, 1000.000000000000000 ) ;
#3217 = ORIENTED_EDGE ( 'NONE', *, *, #3397, .F. ) ;
#3218 = CARTESIAN_POINT ( 'NONE',  ( 62.00719827582999955, 81.93640675327759482, 12.00000000000000000 ) ) ;
#3219 = ORIENTED_EDGE ( 'NONE', *, *, #2216, .F. ) ;
#3220 = CARTESIAN_POINT ( 'NONE',  ( 63.92836056386667565, 80.96992915787180323, 12.00000000000000000 ) ) ;
#3221 = APPLICATION_PROTOCOL_DEFINITION ( 'international standard', 'config_control_design', 1994, #2838 ) ;
#3222 = EDGE_CURVE ( 'NONE', #2249, #2596, #616, .T. ) ;
#3223 = CARTESIAN_POINT ( 'NONE',  ( 13.34052234755442434, 20.01411531491224949, 12.00000000000000000 ) ) ;
#3224 = B_SPLINE_SURFACE_WITH_KNOTS ( 'NONE', 3, 1, ( 
 ( #2054, #1530 ),
 ( #3537, #2700 ),
 ( #77, #2404 ),
 ( #3578, #953 ),
 ( #3234, #631 ),
 ( #607, #1764 ),
 ( #2943, #2656 ),
 ( #1491, #1786 ),
 ( #2962, #2471 ),
 ( #3361, #771 ),
 ( #1932, #3648 ),
 ( #2198, #1072 ),
 ( #3377, #736 ),
 ( #1594, #1020 ) ),
 .UNSPECIFIED., .F., .F., .F.,
 ( 4, 1, 1, 1, 1, 1, 1, 1, 1, 1, 1, 4 ),
 ( 2, 2 ),
 ( 0.000000000000000000, 0.1489369628854519123, 0.2187406032244147980, 0.2837510101583713418, 0.3573881234826286613, 0.4340133846367745241, 0.5232015280749875430, 0.6022686970478416946, 0.6773789796004616726, 0.7942826686123175550, 0.8855241963004978345, 1.000000000000000000 ),
 ( 0.000000000000000000, 1.000000000000000000 ),
 .UNSPECIFIED. ) ;
#3225 = FACE_OUTER_BOUND ( 'NONE', #3482, .T. ) ;
#3226 = ORIENTED_EDGE ( 'NONE', *, *, #2007, .T. ) ;
#3227 = CARTESIAN_POINT ( 'NONE',  ( 22.54697192685822671, -8.311285597245346324, 12.00000000000000000 ) ) ;
#3228 = EDGE_CURVE ( 'NONE', #271, #2711, #1981, .T. ) ;
#3229 = CARTESIAN_POINT ( 'NONE',  ( -66.91363624440501212, 78.54781590269540459, 12.00000000000000000 ) ) ;
#3230 = DIRECTION ( 'NONE',  ( 0.000000000000000000, -1.000000000000000000, 0.000000000000000000 ) ) ;
#3231 = CARTESIAN_POINT ( 'NONE',  ( 43.05315509022149456, 80.15741867147563937, 12.00000000000000000 ) ) ;
#3232 = CARTESIAN_POINT ( 'NONE',  ( -94.60142919475676138, -8.634474376662318207, 10.00000000000000000 ) ) ;
#3233 = CARTESIAN_POINT ( 'NONE',  ( 2.764715539838036307E-15, 9.814954576223644978, 28.40000000000000213 ) ) ;
#3234 = CARTESIAN_POINT ( 'NONE',  ( -16.19181371413777271, -4.569913789786324010, 10.00000000000000178 ) ) ;
#3235 = ORIENTED_EDGE ( 'NONE', *, *, #2141, .F. ) ;
#3236 = EDGE_CURVE ( 'NONE', #959, #2249, #1788, .T. ) ;
#3237 = ORIENTED_EDGE ( 'NONE', *, *, #1330, .T. ) ;
#3238 = LINE ( 'NONE', #2703, #3365 ) ;
#3239 = VERTEX_POINT ( 'NONE', #2391 ) ;
#3240 = CARTESIAN_POINT ( 'NONE',  ( -14.29935285123792355, 21.89312541265675449, 4.000000000000000000 ) ) ;
#3241 = ORIENTED_EDGE ( 'NONE', *, *, #655, .F. ) ;
#3242 = DIRECTION ( 'NONE',  ( -0.000000000000000000, -0.000000000000000000, -1.000000000000000000 ) ) ;
#3243 = B_SPLINE_CURVE_WITH_KNOTS ( 'NONE', 3,
 ( #425, #3295, #1568, #1847, #1582, #3056, #673, #445, #1827, #3002, #393 ),
 .UNSPECIFIED., .F., .F.,
 ( 4, 1, 1, 1, 1, 1, 1, 1, 4 ),
 ( 0.000000000000000000, 0.1949571952945148567, 0.2904616644566326289, 0.3738167854987162197, 0.4830204466706601862, 0.5763719702222344088, 0.7141170624379623577, 0.8073561366014027074, 1.000000000000000000 ),
 .UNSPECIFIED. ) ;
#3244 = PERSON_AND_ORGANIZATION ( #3439, #1664 ) ;
#3245 = CARTESIAN_POINT ( 'NONE',  ( -16.19181371413777271, -4.569913789786324010, 16.00000000000000000 ) ) ;
#3246 = PLANE ( 'NONE',  #3620 ) ;
#3247 = ORIENTED_EDGE ( 'NONE', *, *, #1929, .T. ) ;
#3248 = CIRCLE ( 'NONE', #1037, 103.3627516641538193 ) ;
#3249 = CARTESIAN_POINT ( 'NONE',  ( 8.500000000000005329, -4.907477288111823377, 22.00000000000000000 ) ) ;
#3250 = CARTESIAN_POINT ( 'NONE',  ( -98.45780254357383399, -6.139432607529490049, 12.00000000000000000 ) ) ;
#3251 = FACE_OUTER_BOUND ( 'NONE', #1834, .T. ) ;
#3252 = PLANE ( 'NONE',  #2972 ) ;
#3253 = CARTESIAN_POINT ( 'NONE',  ( 13.61486804501912928, 2.050608912650808861E-16, 10.00000000000000000 ) ) ;
#3254 = CARTESIAN_POINT ( 'NONE',  ( 19.75370466724846708, -6.934803996443100971, 16.00000000000000000 ) ) ;
#3255 = DIRECTION ( 'NONE',  ( -1.000000000000000000, 0.000000000000000000, 0.000000000000000000 ) ) ;
#3256 = EDGE_LOOP ( 'NONE', ( #2026, #2869, #293, #3477 ) ) ;
#3257 = VECTOR ( 'NONE', #2462, 1000.000000000000000 ) ;
#3258 = VERTEX_POINT ( 'NONE', #1867 ) ;
#3259 = CARTESIAN_POINT ( 'NONE',  ( 0.000000000000000000, 0.000000000000000000, 16.00000000000000000 ) ) ;
#3260 = EDGE_CURVE ( 'NONE', #618, #1541, #1899, .T. ) ;
#3261 = ORIENTED_EDGE ( 'NONE', *, *, #289, .T. ) ;
#3262 = CARTESIAN_POINT ( 'NONE',  ( -43.21970682755805626, 90.72575300733905124, 16.00000000000000000 ) ) ;
#3263 = ORIENTED_EDGE ( 'NONE', *, *, #97, .F. ) ;
#3264 = DIRECTION ( 'NONE',  ( 1.000000000000000000, 0.000000000000000000, 0.000000000000000000 ) ) ;
#3265 = PERSON_AND_ORGANIZATION ( #3439, #1664 ) ;
#3266 = EDGE_CURVE ( 'NONE', #142, #2269, #658, .T. ) ;
#3267 = CARTESIAN_POINT ( 'NONE',  ( -44.02415406327857994, 79.26020423582379237, 12.00000000000000000 ) ) ;
#3268 = AXIS2_PLACEMENT_3D ( 'NONE', #499, #1903, #1338 ) ;
#3269 = CARTESIAN_POINT ( 'NONE',  ( 101.3134947225302938, -2.836936634874512198, 12.00000000000000000 ) ) ;
#3270 = ORIENTED_EDGE ( 'NONE', *, *, #2216, .T. ) ;
#3271 = CARTESIAN_POINT ( 'NONE',  ( -66.44747720935821178, 79.22565238055980785, 10.00000000000000178 ) ) ;
#3272 = CARTESIAN_POINT ( 'NONE',  ( -103.0398048839039546, 5.476559870912546479, 4.000000000000000000 ) ) ;
#3273 = CARTESIAN_POINT ( 'NONE',  ( 41.95765329725570325, 90.24986891931260402, 10.00000000000000000 ) ) ;
#3274 = CARTESIAN_POINT ( 'NONE',  ( 43.07701276409059687, 87.53767513099332120, 12.00000000000000000 ) ) ;
#3275 = CARTESIAN_POINT ( 'NONE',  ( -103.0398048839039546, 5.476559870912544703, 10.00000000000000000 ) ) ;
#3276 = EDGE_CURVE ( 'NONE', #3756, #973, #2453, .T. ) ;
#3277 = DIRECTION ( 'NONE',  ( 0.000000000000000000, 0.000000000000000000, 1.000000000000000000 ) ) ;
#3278 = CYLINDRICAL_SURFACE ( 'NONE', #278, 103.1852416701762820 ) ;
#3279 = FACE_OUTER_BOUND ( 'NONE', #2761, .T. ) ;
#3280 = CARTESIAN_POINT ( 'NONE',  ( -12.45341646805670877, 6.164201771396467855, 12.00000000000000000 ) ) ;
#3281 = CARTESIAN_POINT ( 'NONE',  ( 28.04659553532030003, -9.334253580416488560, 4.000000000000000000 ) ) ;
#3282 = OPEN_SHELL ( 'NONE', ( #2575, #687, #387, #3551, #2766, #1592, #823, #2361, #3371, #1194, #1053, #1430, #3414, #2043, #3609 ) ) ;
#3283 = ORIENTED_EDGE ( 'NONE', *, *, #1543, .F. ) ;
#3284 = CARTESIAN_POINT ( 'NONE',  ( -36.05107508881541634, 96.85275697340217960, 4.000000000000000000 ) ) ;
#3285 = CARTESIAN_POINT ( 'NONE',  ( 12.45341646805670344, 6.164201771396467855, 10.00000000000000000 ) ) ;
#3286 = CARTESIAN_POINT ( 'NONE',  ( 1.564312525769949058, 0.9102056232125397273, 16.00000000000000000 ) ) ;
#3287 = EDGE_LOOP ( 'NONE', ( #3068, #825, #564, #3709 ) ) ;
#3288 = EDGE_CURVE ( 'NONE', #1462, #3626, #2408, .T. ) ;
#3289 = CARTESIAN_POINT ( 'NONE',  ( -102.4458810731994163, -5.514077852239701372, 12.00000000000000178 ) ) ;
#3290 = LINE ( 'NONE', #3574, #2083 ) ;
#3291 = CARTESIAN_POINT ( 'NONE',  ( 42.18425668011549590, 79.26931622844453784, 12.00000000000000000 ) ) ;
#3292 = CARTESIAN_POINT ( 'NONE',  ( -89.99525595592842819, -11.59606026179955585, 16.00000000000000000 ) ) ;
#3293 = CARTESIAN_POINT ( 'NONE',  ( -102.9946715168661910, 4.166994245635290639, 12.00000000000000000 ) ) ;
#3294 = ORIENTED_EDGE ( 'NONE', *, *, #784, .T. ) ;
#3295 = CARTESIAN_POINT ( 'NONE',  ( 92.65778439187667459, -9.254426244762964160, 10.00000000000000000 ) ) ;
#3296 = ORIENTED_EDGE ( 'NONE', *, *, #3331, .T. ) ;
#3297 = CARTESIAN_POINT ( 'NONE',  ( -103.0398048839039689, 5.476559870912545591, 16.00000000000000000 ) ) ;
#3298 = EDGE_LOOP ( 'NONE', ( #3314, #3191, #2097, #780 ) ) ;
#3299 = LINE ( 'NONE', #2464, #2536 ) ;
#3300 = ADVANCED_FACE ( 'NONE', ( #3023 ), #2947, .T. ) ;
#3301 = CALENDAR_DATE ( 2023, 3, 12 ) ;
#3302 = CARTESIAN_POINT ( 'NONE',  ( -37.13113155750699690, 96.52015040603306772, 12.00000000000000000 ) ) ;
#3303 = CARTESIAN_POINT ( 'NONE',  ( -13.61486804501912928, 0.000000000000000000, 16.00000000000000000 ) ) ;
#3304 = VERTEX_POINT ( 'NONE', #2079 ) ;
#3305 = AXIS2_PLACEMENT_3D ( 'NONE', #1529, #368, #3277 ) ;
#3306 = CARTESIAN_POINT ( 'NONE',  ( 14.29935285123792355, 21.89312541265675449, 12.00000000000000000 ) ) ;
#3307 = EDGE_CURVE ( 'NONE', #1065, #2039, #3031, .T. ) ;
#3308 = CARTESIAN_POINT ( 'NONE',  ( 7.297683906235955753, 21.02329957099748725, 4.000000000000000000 ) ) ;
#3309 = CARTESIAN_POINT ( 'NONE',  ( 40.55652416215527722, 92.77312483053795233, 16.00000000000000000 ) ) ;
#3310 = CARTESIAN_POINT ( 'NONE',  ( -65.30837925407895739, 79.90788900709814868, 16.00000000000000000 ) ) ;
#3311 = CARTESIAN_POINT ( 'NONE',  ( 0.000000000000000000, 0.000000000000000000, 16.00000000000000000 ) ) ;
#3312 = ORIENTED_EDGE ( 'NONE', *, *, #1111, .F. ) ;
#3313 = CARTESIAN_POINT ( 'NONE',  ( -48.03388812670046804, 79.08737944992141422, 4.000000000000000000 ) ) ;
#3314 = ORIENTED_EDGE ( 'NONE', *, *, #537, .F. ) ;
#3315 = CARTESIAN_POINT ( 'NONE',  ( -40.59479093392905469, 94.11982914663285271, 16.00000000000000000 ) ) ;
#3316 = ORIENTED_EDGE ( 'NONE', *, *, #3397, .T. ) ;
#3317 = CARTESIAN_POINT ( 'NONE',  ( -44.68019288019633706, 86.63453829268611628, 4.000000000000000000 ) ) ;
#3318 = ORIENTED_EDGE ( 'NONE', *, *, #341, .F. ) ;
#3319 = CARTESIAN_POINT ( 'NONE',  ( 0.000000000000000000, 0.000000000000000000, 20.00000000000000000 ) ) ;
#3320 = CARTESIAN_POINT ( 'NONE',  ( 102.9946715168661910, 4.166994245635292415, 10.00000000000000000 ) ) ;
#3321 = ORIENTED_EDGE ( 'NONE', *, *, #3500, .T. ) ;
#3322 = DIRECTION ( 'NONE',  ( -0.000000000000000000, -0.000000000000000000, -1.000000000000000000 ) ) ;
#3323 = CARTESIAN_POINT ( 'NONE',  ( -91.32188393734173815, -9.438678552286734913, 4.000000000000000000 ) ) ;
#3324 = CARTESIAN_POINT ( 'NONE',  ( -104.9458029058364588, 1.147427208321716074, 4.000000000000000000 ) ) ;
#3325 = DIRECTION ( 'NONE',  ( 0.5000000000000003331, 0.8660254037844385966, -0.000000000000000000 ) ) ;
#3326 = CARTESIAN_POINT ( 'NONE',  ( -96.83532422476575618, -7.335353874765146109, 12.00000000000000000 ) ) ;
#3327 = AXIS2_PLACEMENT_3D ( 'NONE', #3432, #827, #3161 ) ;
#3328 = B_SPLINE_CURVE_WITH_KNOTS ( 'NONE', 3,
 ( #3193, #656, #1727, #1494, #1454, #310, #2660, #2638, #20, #371, #1182 ),
 .UNSPECIFIED., .F., .F.,
 ( 4, 1, 1, 1, 1, 1, 1, 1, 4 ),
 ( 0.000000000000000000, 0.1949571952945148567, 0.2904616644566326289, 0.3738167854987162197, 0.4830204466706601862, 0.5763719702222344088, 0.7141170624379623577, 0.8073561366014027074, 1.000000000000000000 ),
 .UNSPECIFIED. ) ;
#3329 = CARTESIAN_POINT ( 'NONE',  ( -12.85613651940623647, 10.60072605994906780, 16.00000000000000000 ) ) ;
#3330 = EDGE_CURVE ( 'NONE', #2690, #1079, #1246, .T. ) ;
#3331 = EDGE_CURVE ( 'NONE', #2452, #3388, #2427, .T. ) ;
#3332 = DIRECTION ( 'NONE',  ( -0.000000000000000000, 0.000000000000000000, 1.000000000000000000 ) ) ;
#3333 = ORIENTED_EDGE ( 'NONE', *, *, #744, .F. ) ;
#3334 = DIRECTION ( 'NONE',  ( 0.000000000000000000, 0.000000000000000000, 1.000000000000000000 ) ) ;
#3335 = ORIENTED_EDGE ( 'NONE', *, *, #2007, .F. ) ;
#3336 = FACE_OUTER_BOUND ( 'NONE', #2773, .T. ) ;
#3337 = DIRECTION ( 'NONE',  ( 1.000000000000000000, 0.000000000000000000, 0.000000000000000000 ) ) ;
#3338 = CARTESIAN_POINT ( 'NONE',  ( -37.13113155750699690, 96.52015040603306772, 16.00000000000000000 ) ) ;
#3339 = CARTESIAN_POINT ( 'NONE',  ( 22.54697192685822671, -8.311285597245346324, 10.00000000000000000 ) ) ;
#3340 = ORIENTED_EDGE ( 'NONE', *, *, #2357, .T. ) ;
#3341 = EDGE_CURVE ( 'NONE', #2039, #1553, #2242, .T. ) ;
#3342 = CARTESIAN_POINT ( 'NONE',  ( -101.3134947225302938, -2.836936634874510865, 16.00000000000000000 ) ) ;
#3343 = DIRECTION ( 'NONE',  ( -0.000000000000000000, -0.000000000000000000, -1.000000000000000000 ) ) ;
#3344 = CARTESIAN_POINT ( 'NONE',  ( 9.264247147714717912, 22.68462024131437360, 4.000000000000000000 ) ) ;
#3345 = VECTOR ( 'NONE', #601, 999.9999999999998863 ) ;
#3346 = B_SPLINE_CURVE_WITH_KNOTS ( 'NONE', 3,
 ( #2628, #1782, #2674, #1487, #2358, #2939, #3555, #11, #585, #301, #344, #2337, #2975, #3532 ),
 .UNSPECIFIED., .F., .F.,
 ( 4, 1, 1, 1, 1, 1, 1, 1, 1, 1, 1, 4 ),
 ( 0.000000000000000000, 0.1489369628854519123, 0.2187406032244147980, 0.2837510101583713418, 0.3573881234826286613, 0.4340133846367745241, 0.5232015280749875430, 0.6022686970478416946, 0.6773789796004616726, 0.7942826686123175550, 0.8855241963004978345, 1.000000000000000000 ),
 .UNSPECIFIED. ) ;
#3347 = EDGE_CURVE ( 'NONE', #58, #2634, #3354, .T. ) ;
#3348 = CARTESIAN_POINT ( 'NONE',  ( -46.73335961545028283, 77.72947279566328405, 16.00000000000000000 ) ) ;
#3349 = CARTESIAN_POINT ( 'NONE',  ( -92.65778439187667459, -9.254426244762964160, 12.00000000000000000 ) ) ;
#3350 = CARTESIAN_POINT ( 'NONE',  ( 0.000000000000000000, 0.000000000000000000, 4.000000000000000000 ) ) ;
#3351 = CARTESIAN_POINT ( 'NONE',  ( -63.92836056386667565, 80.96992915787178902, 4.000000000000000000 ) ) ;
#3352 = ADVANCED_FACE ( 'NONE', ( #3674 ), #1777, .F. ) ;
#3353 = ORIENTED_EDGE ( 'NONE', *, *, #3260, .T. ) ;
#3354 = LINE ( 'NONE', #3422, #3257 ) ;
#3355 = VERTEX_POINT ( 'NONE', #1011 ) ;
#3356 = DIRECTION ( 'NONE',  ( 0.000000000000000000, 0.000000000000000000, -1.000000000000000000 ) ) ;
#3357 = DIRECTION ( 'NONE',  ( 0.9986718848086949540, 0.05152151485203917275, 0.000000000000000000 ) ) ;
#3358 = CARTESIAN_POINT ( 'NONE',  ( -52.36457512509296919, 81.61970303100665092, 10.00000000000000000 ) ) ;
#3359 = CARTESIAN_POINT ( 'NONE',  ( 10.21394015829099722, 23.71425225392868086, 12.00000000000000000 ) ) ;
#3360 = EDGE_LOOP ( 'NONE', ( #639, #3542, #1148, #1191 ) ) ;
#3361 = CARTESIAN_POINT ( 'NONE',  ( -22.54697192685821960, -8.311285597245346324, 10.00000000000000178 ) ) ;
#3362 = CARTESIAN_POINT ( 'NONE',  ( -7.170913673061643401, 20.52120068081685034, 12.00000000000000000 ) ) ;
#3363 = CARTESIAN_POINT ( 'NONE',  ( -7.170913673061643401, 20.52120068081685034, 4.000000000000000000 ) ) ;
#3364 = CARTESIAN_POINT ( 'NONE',  ( 100.0291701482464362, -7.893069880356906154, 4.000000000000000000 ) ) ;
#3365 = VECTOR ( 'NONE', #81, 1000.000000000000000 ) ;
#3366 = FACE_OUTER_BOUND ( 'NONE', #3080, .T. ) ;
#3367 = CARTESIAN_POINT ( 'NONE',  ( -12.45341646805670877, 6.164201771396467855, 12.00000000000000000 ) ) ;
#3368 = CARTESIAN_POINT ( 'NONE',  ( 99.54940066188207481, -4.472610537853936030, 4.000000000000000000 ) ) ;
#3369 = CARTESIAN_POINT ( 'NONE',  ( -14.29935285123792532, 21.89312541265675449, 4.000000000000000000 ) ) ;
#3370 = ORIENTED_EDGE ( 'NONE', *, *, #3660, .T. ) ;
#3371 = ADVANCED_FACE ( 'NONE', ( #2207 ), #427, .T. ) ;
#3372 = CARTESIAN_POINT ( 'NONE',  ( -48.03388812670046804, 79.08737944992141422, 10.00000000000000178 ) ) ;
#3373 = CARTESIAN_POINT ( 'NONE',  ( -28.04659553532030003, -9.334253580416488560, 4.000000000000000000 ) ) ;
#3374 = CARTESIAN_POINT ( 'NONE',  ( -8.597731984005093864, 20.88619471304047437, 12.00000000000000000 ) ) ;
#3375 = ORIENTED_EDGE ( 'NONE', *, *, #3656, .F. ) ;
#3376 = CARTESIAN_POINT ( 'NONE',  ( 1.147309555492924016, -0.6688021192397001213, 4.000000000000000000 ) ) ;
#3377 = CARTESIAN_POINT ( 'NONE',  ( -27.35495800672316236, -9.230192200835293903, 10.00000000000000178 ) ) ;
#3378 = CARTESIAN_POINT ( 'NONE',  ( 59.69026461210930989, 82.35876107693567860, 4.000000000000000000 ) ) ;
#3379 = CARTESIAN_POINT ( 'NONE',  ( 20.94624439764723434, -7.837647619075617023, 16.00000000000000000 ) ) ;
#3380 = CARTESIAN_POINT ( 'NONE',  ( 13.61486804501912928, 2.050608912650808861E-16, 16.00000000000000000 ) ) ;
#3381 = CARTESIAN_POINT ( 'NONE',  ( 43.42637297858192369, 85.21948945588665936, 4.000000000000000000 ) ) ;
#3382 = B_SPLINE_SURFACE_WITH_KNOTS ( 'NONE', 3, 1, ( 
 ( #1337, #2279 ),
 ( #2205, #481 ),
 ( #246, #3688 ),
 ( #1939, #3093 ),
 ( #3130, #835 ),
 ( #1045, #1958 ),
 ( #1355, #2224 ),
 ( #778, #1391 ),
 ( #3109, #498 ),
 ( #1652, #2534 ),
 ( #1081, #2241 ),
 ( #3421, #3459 ),
 ( #515, #1668 ),
 ( #1704, #1921 ),
 ( #1994, #1637 ),
 ( #2843, #3168 ),
 ( #549, #1976 ),
 ( #226, #3726 ),
 ( #3151, #2498 ),
 ( #1412, #2576 ),
 ( #3673, #2808 ),
 ( #2071, #2941 ),
 ( #605, #1741 ),
 ( #2383, #1509 ) ),
 .UNSPECIFIED., .F., .F., .F.,
 ( 4, 1, 1, 1, 1, 1, 1, 1, 1, 1, 1, 1, 1, 1, 1, 1, 1, 1, 1, 1, 1, 4 ),
 ( 2, 2 ),
 ( 0.000000000000000000, 0.08656765682406110385, 0.1479039510435258276, 0.1922751962830901440, 0.2489070958634956587, 0.2914066986512173774, 0.3518358770510202627, 0.4034809531883021827, 0.4420349376179233403, 0.4800239516846724896, 0.5308487561187591464, 0.5691669341502195723, 0.6061368118922073611, 0.6547925348442905635, 0.6953229118272797882, 0.7249328358589900434, 0.7596260772862258870, 0.7938533265150851115, 0.8346016812522725203, 0.8816281379054209388, 0.9149353323568446550, 1.000000000000000000 ),
 ( 0.000000000000000000, 1.000000000000000000 ),
 .UNSPECIFIED. ) ;
#3383 = VECTOR ( 'NONE', #3394, 1000.000000000000000 ) ;
#3384 = CARTESIAN_POINT ( 'NONE',  ( -100.0291701482464219, -7.893069880356907930, 16.00000000000000000 ) ) ;
#3385 = ADVANCED_FACE ( 'NONE', ( #135 ), #3387, .T. ) ;
#3386 = FACE_OUTER_BOUND ( 'NONE', #3776, .T. ) ;
#3387 = CYLINDRICAL_SURFACE ( 'NONE', #1247, 104.9999999999999858 ) ;
#3388 = VERTEX_POINT ( 'NONE', #464 ) ;
#3389 = CARTESIAN_POINT ( 'NONE',  ( -20.94624439764723789, -7.837647619075618799, 12.00000000000000000 ) ) ;
#3390 = CARTESIAN_POINT ( 'NONE',  ( 1.116067733176190346, 18.47538363182966492, 4.000000000000000000 ) ) ;
#3391 = CARTESIAN_POINT ( 'NONE',  ( 10.21394015829099722, 23.71425225392868086, 16.00000000000000000 ) ) ;
#3392 = ORIENTED_EDGE ( 'NONE', *, *, #1336, .F. ) ;
#3393 = CARTESIAN_POINT ( 'NONE',  ( 34.18751149398478617, 97.54523304310770015, 16.00000000000000000 ) ) ;
#3394 = DIRECTION ( 'NONE',  ( 0.000000000000000000, 0.000000000000000000, 1.000000000000000000 ) ) ;
#3395 = CARTESIAN_POINT ( 'NONE',  ( 46.73335961545028994, 77.72947279566328405, 4.000000000000000000 ) ) ;
#3396 = CARTESIAN_POINT ( 'NONE',  ( 26.08876656290921758, -9.371797397112901606, 16.00000000000000000 ) ) ;
#3397 = EDGE_CURVE ( 'NONE', #3003, #1425, #2772, .T. ) ;
#3398 = ORIENTED_EDGE ( 'NONE', *, *, #3689, .T. ) ;
#3399 = DIRECTION ( 'NONE',  ( -0.000000000000000000, 0.000000000000000000, 1.000000000000000000 ) ) ;
#3400 = AXIS2_PLACEMENT_3D ( 'NONE', #25, #2308, #3486 ) ;
#3401 = CARTESIAN_POINT ( 'NONE',  ( 11.50000000000000000, 0.000000000000000000, 0.000000000000000000 ) ) ;
#3402 = CARTESIAN_POINT ( 'NONE',  ( -12.85613651940623647, 10.60072605994906780, 12.00000000000000000 ) ) ;
#3403 = CARTESIAN_POINT ( 'NONE',  ( 101.3134947225302938, -2.836936634874512198, 16.00000000000000000 ) ) ;
#3404 = CARTESIAN_POINT ( 'NONE',  ( -13.34052234755442612, 20.01411531491224949, 4.000000000000000000 ) ) ;
#3405 = ORIENTED_EDGE ( 'NONE', *, *, #1501, .F. ) ;
#3406 = DIRECTION ( 'NONE',  ( 1.000000000000000000, 0.000000000000000000, 0.000000000000000000 ) ) ;
#3407 = CARTESIAN_POINT ( 'NONE',  ( 3.250000000000003109, 5.629165124598854320, 30.39999999999999858 ) ) ;
#3408 = CARTESIAN_POINT ( 'NONE',  ( 62.00719827582999955, 81.93640675327759482, 10.00000000000000000 ) ) ;
#3409 = ORIENTED_EDGE ( 'NONE', *, *, #2585, .T. ) ;
#3410 = EDGE_CURVE ( 'NONE', #2056, #1720, #3094, .T. ) ;
#3411 = PLANE ( 'NONE',  #472 ) ;
#3412 = CARTESIAN_POINT ( 'NONE',  ( 46.24195549096756253, 76.68968209453018403, 10.00000000000000000 ) ) ;
#3413 = CARTESIAN_POINT ( 'NONE',  ( 13.61486804501912928, 0.000000000000000000, 16.00000000000000000 ) ) ;
#3414 = ADVANCED_FACE ( 'NONE', ( #3708 ), #2225, .T. ) ;
#3415 = ORIENTED_EDGE ( 'NONE', *, *, #2237, .F. ) ;
#3416 = CARTESIAN_POINT ( 'NONE',  ( 59.69026461210930989, 82.35876107693567860, 4.000000000000000000 ) ) ;
#3417 = CARTESIAN_POINT ( 'NONE',  ( 43.41941829552141741, 83.99565647030571824, 4.000000000000000000 ) ) ;
#3418 = ORIENTED_EDGE ( 'NONE', *, *, #1672, .T. ) ;
#3419 = CARTESIAN_POINT ( 'NONE',  ( 9.264247147714717912, 22.68462024131437360, 16.00000000000000000 ) ) ;
#3420 = VECTOR ( 'NONE', #1549, 1000.000000000000000 ) ;
#3421 = CARTESIAN_POINT ( 'NONE',  ( 41.95765329725570325, 90.24986891931260402, 10.00000000000000533 ) ) ;
#3422 = CARTESIAN_POINT ( 'NONE',  ( 34.18751149398477907, 97.54523304310770015, 16.00000000000000000 ) ) ;
#3423 = ORIENTED_EDGE ( 'NONE', *, *, #392, .T. ) ;
#3424 = VECTOR ( 'NONE', #2133, 1000.000000000000000 ) ;
#3425 = CARTESIAN_POINT ( 'NONE',  ( -18.37229210177823191, -6.314889749586358292, 16.00000000000000000 ) ) ;
#3426 = VECTOR ( 'NONE', #3436, 1000.000000000000000 ) ;
#3427 = DIRECTION ( 'NONE',  ( 0.000000000000000000, 0.000000000000000000, 1.000000000000000000 ) ) ;
#3428 = B_SPLINE_CURVE_WITH_KNOTS ( 'NONE', 3,
 ( #160, #2212, #3645, #3694, #3358, #3065, #3098, #1607, #1325, #2053, #3518, #802, #231, #935 ),
 .UNSPECIFIED., .F., .F.,
 ( 4, 1, 1, 1, 1, 1, 1, 1, 1, 1, 1, 4 ),
 ( 0.000000000000000000, 0.1350157672856901747, 0.2179046148332286215, 0.3067643743810078427, 0.4223730587531137615, 0.5057640773318350380, 0.6126836707157689021, 0.7071238278624992768, 0.7844254153922860517, 0.8646262954099761533, 0.9153497856511333408, 0.9385356789504586406 ),
 .UNSPECIFIED. ) ;
#3429 = CARTESIAN_POINT ( 'NONE',  ( -10.80480706952578629, 23.01520563626386107, 16.00000000000000000 ) ) ;
#3430 = ORIENTED_EDGE ( 'NONE', *, *, #2284, .T. ) ;
#3431 = CARTESIAN_POINT ( 'NONE',  ( 5.898552909013184298, 20.26427960201245426, 10.00000000000000000 ) ) ;
#3432 = CARTESIAN_POINT ( 'NONE',  ( 0.000000000000000000, 0.000000000000000000, 34.99999999999999289 ) ) ;
#3433 = CARTESIAN_POINT ( 'NONE',  ( 10.21394015829099722, 23.71425225392868086, 12.00000000000000000 ) ) ;
#3434 = CARTESIAN_POINT ( 'NONE',  ( 20.94624439764723434, -7.837647619075617023, 12.00000000000000000 ) ) ;
#3435 = VECTOR ( 'NONE', #2828, 1000.000000000000000 ) ;
#3436 = DIRECTION ( 'NONE',  ( 0.000000000000000000, 1.000000000000000000, 0.000000000000000000 ) ) ;
#3437 = CARTESIAN_POINT ( 'NONE',  ( 41.56991051861120923, 91.14236359620733197, 4.000000000000000000 ) ) ;
#3438 = DIRECTION ( 'NONE',  ( -0.000000000000000000, 0.000000000000000000, 1.000000000000000000 ) ) ;
#3439 = PERSON ( 'UNSPECIFIED', 'UNSPECIFIED', 'UNSPECIFIED', ('UNSPECIFIED'), ('UNSPECIFIED'), ('UNSPECIFIED') ) ;
#3440 = EDGE_CURVE ( 'NONE', #2330, #2796, #3077, .T. ) ;
#3441 = CARTESIAN_POINT ( 'NONE',  ( 100.7195594227095796, -7.100971405791611346, 9.999999999999998224 ) ) ;
#3442 = CARTESIAN_POINT ( 'NONE',  ( 38.15154374022015560, 95.05230011271468982, 12.00000000000000000 ) ) ;
#3443 = VERTEX_POINT ( 'NONE', #156 ) ;
#3444 = ADVANCED_FACE ( 'NONE', ( #1030 ), #2187, .T. ) ;
#3445 = FACE_OUTER_BOUND ( 'NONE', #3544, .T. ) ;
#3446 = CARTESIAN_POINT ( 'NONE',  ( -104.9458029058364588, 1.147427208321716074, 16.00000000000000000 ) ) ;
#3447 = CARTESIAN_POINT ( 'NONE',  ( -13.34052234755442612, 20.01411531491224949, 4.000000000000000000 ) ) ;
#3448 = ORIENTED_EDGE ( 'NONE', *, *, #3341, .F. ) ;
#3449 = CARTESIAN_POINT ( 'NONE',  ( -0.01532814986793104572, -9.287942205700460363, 4.000000000000000000 ) ) ;
#3450 = CARTESIAN_POINT ( 'NONE',  ( 103.5658675834909275, -3.465399017147191785, 16.00000000000000000 ) ) ;
#3451 = CARTESIAN_POINT ( 'NONE',  ( -7.671572875253811041, -4.429184664635620550, 30.40000000000000213 ) ) ;
#3452 = FACE_OUTER_BOUND ( 'NONE', #2955, .T. ) ;
#3453 = LINE ( 'NONE', #1153, #2789 ) ;
#3454 = CARTESIAN_POINT ( 'NONE',  ( -92.65778439187667459, -9.254426244762964160, 12.00000000000000000 ) ) ;
#3455 = CARTESIAN_POINT ( 'NONE',  ( -16.19181371413777271, -4.569913789786324010, 12.00000000000000000 ) ) ;
#3456 = CARTESIAN_POINT ( 'NONE',  ( -44.02415406327857994, 79.26020423582379237, 10.00000000000000000 ) ) ;
#3457 = EDGE_CURVE ( 'NONE', #62, #3606, #1922, .T. ) ;
#3458 = CC_DESIGN_PERSON_AND_ORGANIZATION_ASSIGNMENT ( #3244, #961, ( #1482 ) ) ;
#3459 = CARTESIAN_POINT ( 'NONE',  ( 41.95765329725570325, 90.24986891931260402, 4.000000000000000000 ) ) ;
#3460 = B_SPLINE_CURVE_WITH_KNOTS ( 'NONE', 3,
 ( #888, #29, #3530, #3183 ),
 .UNSPECIFIED., .F., .F.,
 ( 4, 4 ),
 ( 0.1440020869513424506, 0.2654023041441748720 ),
 .UNSPECIFIED. ) ;
#3461 = CARTESIAN_POINT ( 'NONE',  ( 0.000000000000000000, 0.000000000000000000, 16.00000000000000000 ) ) ;
#3462 = VECTOR ( 'NONE', #578, 1000.000000000000000 ) ;
#3463 = ORIENTED_EDGE ( 'NONE', *, *, #2538, .F. ) ;
#3464 = ORIENTED_EDGE ( 'NONE', *, *, #2902, .F. ) ;
#3465 = CARTESIAN_POINT ( 'NONE',  ( -27.35495800672316236, -9.230192200835293903, 12.00000000000000000 ) ) ;
#3466 = EDGE_CURVE ( 'NONE', #487, #521, #1790, .T. ) ;
#3467 = CARTESIAN_POINT ( 'NONE',  ( -12.60220191339104368, 15.48079204061328440, 4.000000000000000000 ) ) ;
#3468 = VERTEX_POINT ( 'NONE', #192 ) ;
#3469 = CIRCLE ( 'NONE', #1450, 11.50000000000000000 ) ;
#3470 = CARTESIAN_POINT ( 'NONE',  ( 103.3803218193326217, -3.451738654234429049, 10.00000000000000178 ) ) ;
#3471 = CARTESIAN_POINT ( 'NONE',  ( -24.16211051039899260, -8.887915735620087077, 16.00000000000000000 ) ) ;
#3472 = LINE ( 'NONE', #3181, #80 ) ;
#3473 = EDGE_LOOP ( 'NONE', ( #964, #805, #1603, #228 ) ) ;
#3474 = LINE ( 'NONE', #2274, #3216 ) ;
#3475 = CARTESIAN_POINT ( 'NONE',  ( 12.60220191339104190, 15.48079204061328440, 10.00000000000000000 ) ) ;
#3476 = CARTESIAN_POINT ( 'NONE',  ( 40.96529387711908754, 91.88567406541078242, 10.00000000000000000 ) ) ;
#3477 = ORIENTED_EDGE ( 'NONE', *, *, #218, .F. ) ;
#3478 = DIRECTION ( 'NONE',  ( -0.8660254037844388186, -0.4999999999999997780, 0.000000000000000000 ) ) ;
#3479 = CARTESIAN_POINT ( 'NONE',  ( -103.0518618345317350, 2.100478337209354063, 10.00000000000000000 ) ) ;
#3480 = CARTESIAN_POINT ( 'NONE',  ( 37.43338548952037570, 95.65582995305429392, 12.00000000000000000 ) ) ;
#3481 = ORIENTED_EDGE ( 'NONE', *, *, #3698, .T. ) ;
#3482 = EDGE_LOOP ( 'NONE', ( #3423, #2745, #2368, #2415, #3214, #2846, #2243 ) ) ;
#3483 = CARTESIAN_POINT ( 'NONE',  ( -12.85613651940623647, 10.60072605994906780, 12.00000000000000000 ) ) ;
#3484 = CARTESIAN_POINT ( 'NONE',  ( 66.80333017543827623, 78.71087431966309111, 10.00000000000000000 ) ) ;
#3485 = ORIENTED_EDGE ( 'NONE', *, *, #2585, .F. ) ;
#3486 = DIRECTION ( 'NONE',  ( 1.000000000000000000, 0.000000000000000000, 0.000000000000000000 ) ) ;
#3487 = EDGE_CURVE ( 'NONE', #1812, #1036, #2321, .T. ) ;
#3488 = CARTESIAN_POINT ( 'NONE',  ( 103.5658675834909275, -3.465399017147191785, 4.000000000000000000 ) ) ;
#3489 = DIRECTION ( 'NONE',  ( -0.5036115573820343361, 0.8639302050925422582, 0.000000000000000000 ) ) ;
#3490 = CARTESIAN_POINT ( 'NONE',  ( 5.000000000000000000, 0.000000000000000000, 30.39999999999999858 ) ) ;
#3491 = ORIENTED_EDGE ( 'NONE', *, *, #811, .F. ) ;
#3492 = ADVANCED_FACE ( 'NONE', ( #1179 ), #593, .F. ) ;
#3493 = DIRECTION ( 'NONE',  ( -0.000000000000000000, -0.000000000000000000, -1.000000000000000000 ) ) ;
#3494 = CARTESIAN_POINT ( 'NONE',  ( -62.00719827582999955, 81.93640675327760903, 12.00000000000000000 ) ) ;
#3495 = CARTESIAN_POINT ( 'NONE',  ( 43.35663588922312073, 82.89263312496298397, 10.00000000000000000 ) ) ;
#3496 = CARTESIAN_POINT ( 'NONE',  ( -9.493792484785206653, 21.87716241359039060, 16.00000000000000000 ) ) ;
#3497 = DIRECTION ( 'NONE',  ( 0.000000000000000000, 0.000000000000000000, 1.000000000000000000 ) ) ;
#3498 = CARTESIAN_POINT ( 'NONE',  ( -94.12670133760420299, -11.26284964270339195, 10.00000000000000000 ) ) ;
#3499 = ORIENTED_EDGE ( 'NONE', *, *, #3457, .T. ) ;
#3500 = EDGE_CURVE ( 'NONE', #973, #2690, #1253, .T. ) ;
#3501 = B_SPLINE_CURVE_WITH_KNOTS ( 'NONE', 3,
 ( #2654, #629, #1198, #3517, #2884, #1431, #2676, #3535, #2594, #894, #2362, #854, #1784, #3783 ),
 .UNSPECIFIED., .F., .F.,
 ( 4, 1, 1, 1, 1, 1, 1, 1, 1, 1, 1, 4 ),
 ( 0.000000000000000000, 0.1350157672856901747, 0.2179046148332286215, 0.3067643743810078427, 0.4223730587531137060, 0.5057640773318350380, 0.6126836707157689021, 0.7071238278624992768, 0.7844254153922861628, 0.8646262954099761533, 0.9153497856511333408, 0.9385356789504563091 ),
 .UNSPECIFIED. ) ;
#3502 = ORIENTED_EDGE ( 'NONE', *, *, #1980, .F. ) ;
#3503 = DIRECTION ( 'NONE',  ( -1.000000000000000000, 0.000000000000000000, 0.000000000000000000 ) ) ;
#3504 = EDGE_LOOP ( 'NONE', ( #3696, #3170, #3059, #3133 ) ) ;
#3505 = DIRECTION ( 'NONE',  ( -0.9999986382117440620, -0.001650325621624664516, 0.000000000000000000 ) ) ;
#3506 = EDGE_LOOP ( 'NONE', ( #2407, #839, #2006, #907 ) ) ;
#3507 = CARTESIAN_POINT ( 'NONE',  ( 50.23241145150168308, 80.44161158385092847, 12.00000000000000000 ) ) ;
#3508 = CALENDAR_DATE ( 2023, 3, 12 ) ;
#3509 = CARTESIAN_POINT ( 'NONE',  ( 14.00133309853873165, 21.25068224866967626, 16.00000000000000000 ) ) ;
#3510 = DIRECTION ( 'NONE',  ( -0.000000000000000000, 0.000000000000000000, 1.000000000000000000 ) ) ;
#3511 = ORIENTED_EDGE ( 'NONE', *, *, #2284, .F. ) ;
#3512 = CARTESIAN_POINT ( 'NONE',  ( 38.15154374022015560, 95.05230011271468982, 16.00000000000000000 ) ) ;
#3513 = CARTESIAN_POINT ( 'NONE',  ( -101.8277817151371352, -0.5672003041223961928, 12.00000000000000000 ) ) ;
#3514 = EDGE_CURVE ( 'NONE', #1791, #2634, #933, .T. ) ;
#3515 = CARTESIAN_POINT ( 'NONE',  ( 35.55459399563605416, 96.80404722883905322, 10.00000000000000000 ) ) ;
#3516 = CARTESIAN_POINT ( 'NONE',  ( 42.39386818192176065, 89.37719346822775890, 16.00000000000000000 ) ) ;
#3517 = CARTESIAN_POINT ( 'NONE',  ( 50.23241145150168308, 80.44161158385092847, 16.00000000000000000 ) ) ;
#3518 = CARTESIAN_POINT ( 'NONE',  ( -65.30837925407895739, 79.90788900709814868, 10.00000000000000000 ) ) ;
#3519 = CARTESIAN_POINT ( 'NONE',  ( -44.13614470617245189, 88.69147528192418406, 10.00000000000000000 ) ) ;
#3520 = ORIENTED_EDGE ( 'NONE', *, *, #1745, .T. ) ;
#3521 = PLANE ( 'NONE',  #2752 ) ;
#3522 = AXIS2_PLACEMENT_3D ( 'NONE', #230, #501, #3406 ) ;
#3523 = CARTESIAN_POINT ( 'NONE',  ( 62.00719827582999955, 81.93640675327759482, 16.00000000000000000 ) ) ;
#3524 = ORIENTED_EDGE ( 'NONE', *, *, #2166, .T. ) ;
#3525 = CARTESIAN_POINT ( 'NONE',  ( 103.7733787574990743, -2.650354409380650811, 12.00000000000000000 ) ) ;
#3526 = APPROVAL_DATE_TIME ( #1753, #2098 ) ;
#3527 = CARTESIAN_POINT ( 'NONE',  ( -22.54697192685821960, -8.311285597245346324, 16.00000000000000000 ) ) ;
#3528 = CARTESIAN_POINT ( 'NONE',  ( 101.3134947225302938, -2.836936634874512198, 16.00000000000000000 ) ) ;
#3529 = VERTEX_POINT ( 'NONE', #1995 ) ;
#3530 = CARTESIAN_POINT ( 'NONE',  ( 103.7733787574991311, -2.650354409380484721, 12.00000000000000000 ) ) ;
#3531 = CARTESIAN_POINT ( 'NONE',  ( -46.24195549096754831, 76.68968209453016982, 12.00000000000000000 ) ) ;
#3532 = CARTESIAN_POINT ( 'NONE',  ( -28.04659553532030003, -9.334253580416488560, 10.00000000000000000 ) ) ;
#3533 = CARTESIAN_POINT ( 'NONE',  ( -1.147309555492924016, -0.6688021192397001213, 16.00000000000000000 ) ) ;
#3534 = EDGE_CURVE ( 'NONE', #3258, #1281, #456, .T. ) ;
#3535 = CARTESIAN_POINT ( 'NONE',  ( 59.69026461210930989, 82.35876107693567860, 16.00000000000000000 ) ) ;
#3536 = CARTESIAN_POINT ( 'NONE',  ( 101.9262948962494022, -5.709331410736213641, 16.00000000000000000 ) ) ;
#3537 = CARTESIAN_POINT ( 'NONE',  ( -14.11169872123017477, -0.7560170833218096131, 10.00000000000000178 ) ) ;
#3538 = ORIENTED_EDGE ( 'NONE', *, *, #978, .T. ) ;
#3539 = EDGE_CURVE ( 'NONE', #3618, #2056, #3747, .T. ) ;
#3540 = VERTEX_POINT ( 'NONE', #3190 ) ;
#3541 = CARTESIAN_POINT ( 'NONE',  ( 28.04659553532030003, -9.334253580416488560, 16.00000000000000000 ) ) ;
#3542 = ORIENTED_EDGE ( 'NONE', *, *, #1075, .T. ) ;
#3543 = CARTESIAN_POINT ( 'NONE',  ( 24.16211051039899615, -8.887915735620087077, 4.000000000000000000 ) ) ;
#3544 = EDGE_LOOP ( 'NONE', ( #856, #1659, #2507, #3335 ) ) ;
#3545 = VECTOR ( 'NONE', #2113, 1000.000000000000000 ) ;
#3546 = CARTESIAN_POINT ( 'NONE',  ( -66.91363624440054991, 78.54781590270177105, 16.00000000000000000 ) ) ;
#3547 = PERSON_AND_ORGANIZATION ( #3439, #1664 ) ;
#3548 = CARTESIAN_POINT ( 'NONE',  ( -45.10807307240187214, 81.02069710910515710, 12.00000000000000000 ) ) ;
#3549 = CARTESIAN_POINT ( 'NONE',  ( -91.32188393734173815, -9.438678552286734913, 10.00000000000000000 ) ) ;
#3550 = VERTEX_POINT ( 'NONE', #1724 ) ;
#3551 = ADVANCED_FACE ( 'NONE', ( #2904 ), #57, .T. ) ;
#3552 = CARTESIAN_POINT ( 'NONE',  ( 12.85613651940623825, 10.60072605994906780, 4.000000000000000000 ) ) ;
#3553 = CARTESIAN_POINT ( 'NONE',  ( 11.50000000000000000, 0.000000000000000000, 0.000000000000000000 ) ) ;
#3554 = CIRCLE ( 'NONE', #2566, 5.000000000000000000 ) ;
#3555 = CARTESIAN_POINT ( 'NONE',  ( -18.37229210177823191, -6.314889749586358292, 10.00000000000000000 ) ) ;
#3556 = CARTESIAN_POINT ( 'NONE',  ( 43.35663588922312073, 82.89263312496298397, 16.00000000000000000 ) ) ;
#3557 = DIRECTION ( 'NONE',  ( 0.8660254037844385966, -0.5000000000000002220, -0.000000000000000000 ) ) ;
#3558 = CARTESIAN_POINT ( 'NONE',  ( 104.2101154566506409, -0.7260616329997064966, 16.00000000000000000 ) ) ;
#3559 = CARTESIAN_POINT ( 'NONE',  ( 12.65491811937066835, 27.14315975095284017, 16.00000000000000000 ) ) ;
#3560 = CARTESIAN_POINT ( 'NONE',  ( -91.87269138377355659, -11.52680595500048533, 12.00000000000000000 ) ) ;
#3561 = VECTOR ( 'NONE', #381, 1000.000000000000000 ) ;
#3562 = DIRECTION ( 'NONE',  ( -0.000000000000000000, -0.000000000000000000, -1.000000000000000000 ) ) ;
#3563 = ADVANCED_FACE ( 'NONE', ( #1511 ), #3278, .F. ) ;
#3564 = ORIENTED_EDGE ( 'NONE', *, *, #3347, .T. ) ;
#3565 = CARTESIAN_POINT ( 'NONE',  ( 0.000000000000000000, 0.000000000000000000, 10.00000000000000000 ) ) ;
#3566 = ORIENTED_EDGE ( 'NONE', *, *, #2096, .F. ) ;
#3567 = PLANE ( 'NONE',  #3089 ) ;
#3568 = CARTESIAN_POINT ( 'NONE',  ( -45.34545802003545134, 83.60963418298197780, 12.00000000000000000 ) ) ;
#3569 = VECTOR ( 'NONE', #35, 1000.000000000000000 ) ;
#3570 = CARTESIAN_POINT ( 'NONE',  ( 98.45780254357384820, -6.139432607529491825, 4.000000000000000000 ) ) ;
#3571 = ORIENTED_EDGE ( 'NONE', *, *, #1244, .F. ) ;
#3572 = AXIS2_PLACEMENT_3D ( 'NONE', #2535, #1885, #1602 ) ;
#3573 = CARTESIAN_POINT ( 'NONE',  ( -44.02415406327858705, 79.26020423582379237, 4.000000000000000000 ) ) ;
#3574 = CARTESIAN_POINT ( 'NONE',  ( 2.764715539838036307E-15, 9.814954576223644978, 22.00000000000000000 ) ) ;
#3575 = CARTESIAN_POINT ( 'NONE',  ( 43.35663588922312073, 82.89263312496298397, 12.00000000000000000 ) ) ;
#3576 = CARTESIAN_POINT ( 'NONE',  ( -66.80333017544123209, 78.71087431965882786, 16.00000000000000000 ) ) ;
#3577 = DIRECTION ( 'NONE',  ( -1.000000000000000000, 0.000000000000000000, 0.000000000000000000 ) ) ;
#3578 = CARTESIAN_POINT ( 'NONE',  ( -15.63458344004603084, -3.385382909620526792, 10.00000000000000178 ) ) ;
#3579 = EDGE_CURVE ( 'NONE', #2366, #1228, #2385, .T. ) ;
#3580 = CARTESIAN_POINT ( 'NONE',  ( -12.60220191339104368, 15.48079204061328440, 10.00000000000000000 ) ) ;
#3581 = CARTESIAN_POINT ( 'NONE',  ( 0.000000000000000000, -11.59606026179955585, 16.00000000000000000 ) ) ;
#3582 = EDGE_LOOP ( 'NONE', ( #173, #2560, #1414, #821 ) ) ;
#3583 = CARTESIAN_POINT ( 'NONE',  ( 1.564312525769949058, 0.9102056232125397273, 10.00000000000000000 ) ) ;
#3584 = VERTEX_POINT ( 'NONE', #1241 ) ;
#3585 = CARTESIAN_POINT ( 'NONE',  ( 46.24195549096754831, 76.68968209453016982, 12.00000000000000000 ) ) ;
#3586 = EDGE_CURVE ( 'NONE', #1326, #558, #1221, .T. ) ;
#3587 = CALENDAR_DATE ( 2023, 3, 12 ) ;
#3588 = AXIS2_PLACEMENT_3D ( 'NONE', #1870, #3044, #342 ) ;
#3589 = ADVANCED_FACE ( 'NONE', ( #1200 ), #1807, .F. ) ;
#3590 = CARTESIAN_POINT ( 'NONE',  ( -43.21970682755805626, 90.72575300733905124, 16.00000000000000000 ) ) ;
#3591 = CARTESIAN_POINT ( 'NONE',  ( 101.3134947225302938, -2.836936634874512198, 10.00000000000000000 ) ) ;
#3592 = ORIENTED_EDGE ( 'NONE', *, *, #677, .T. ) ;
#3593 = DIRECTION ( 'NONE',  ( -0.9999986382117440620, 0.001650325621624664733, 0.000000000000000000 ) ) ;
#3594 = CARTESIAN_POINT ( 'NONE',  ( 2.706348326447599373, 19.07012903421702887, 10.00000000000000000 ) ) ;
#3595 = CARTESIAN_POINT ( 'NONE',  ( 41.95765329725570325, 90.24986891931260402, 16.00000000000000000 ) ) ;
#3596 = DIRECTION ( 'NONE',  ( -0.000000000000000000, 1.000000000000000000, -0.000000000000000000 ) ) ;
#3597 = CARTESIAN_POINT ( 'NONE',  ( -99.54940066188206060, -4.472610537853937807, 16.00000000000000000 ) ) ;
#3598 = CARTESIAN_POINT ( 'NONE',  ( -13.34052234755442612, 20.01411531491224949, 10.00000000000000000 ) ) ;
#3599 = ADVANCED_FACE ( 'NONE', ( #2364 ), #3224, .F. ) ;
#3600 = CARTESIAN_POINT ( 'NONE',  ( -46.24195549096754831, 76.68968209453016982, 4.000000000000000000 ) ) ;
#3601 = VERTEX_POINT ( 'NONE', #1329 ) ;
#3602 = DIRECTION ( 'NONE',  ( -0.000000000000000000, -0.000000000000000000, -1.000000000000000000 ) ) ;
#3603 = ORIENTED_EDGE ( 'NONE', *, *, #918, .F. ) ;
#3604 = CARTESIAN_POINT ( 'NONE',  ( -40.59479093392905469, 94.11982914663285271, 4.000000000000000000 ) ) ;
#3605 = CARTESIAN_POINT ( 'NONE',  ( 14.29935285123792177, 21.89312541265675449, 10.00000000000000000 ) ) ;
#3606 = VERTEX_POINT ( 'NONE', #2489 ) ;
#3607 = CARTESIAN_POINT ( 'NONE',  ( 101.3134947225302938, -2.836936634874512198, 4.000000000000000000 ) ) ;
#3608 = ORIENTED_EDGE ( 'NONE', *, *, #304, .T. ) ;
#3609 = ADVANCED_FACE ( 'NONE', ( #1629 ), #436, .F. ) ;
#3610 = CARTESIAN_POINT ( 'NONE',  ( -0.01532814986793104572, -9.287942205700460363, 16.00000000000000000 ) ) ;
#3611 = CARTESIAN_POINT ( 'NONE',  ( -103.5658675834909133, -3.465399017147192229, 4.000000000000000000 ) ) ;
#3612 = EDGE_CURVE ( 'NONE', #3182, #375, #2801, .T. ) ;
#3613 = DIRECTION ( 'NONE',  ( 0.000000000000000000, -0.000000000000000000, -1.000000000000000000 ) ) ;
#3614 = CARTESIAN_POINT ( 'NONE',  ( -57.28524719688056877, 82.66500473020414574, 12.00000000000000000 ) ) ;
#3615 = CARTESIAN_POINT ( 'NONE',  ( -101.8277817151371352, -0.5672003041223961928, 16.00000000000000000 ) ) ;
#3616 = CARTESIAN_POINT ( 'NONE',  ( -14.29935285123792355, 21.89312541265675449, 16.00000000000000000 ) ) ;
#3617 = CARTESIAN_POINT ( 'NONE',  ( 66.91363624440050728, 78.54781590270181368, 4.000000000000000000 ) ) ;
#3618 = VERTEX_POINT ( 'NONE', #1856 ) ;
#3619 = CARTESIAN_POINT ( 'NONE',  ( 16.19181371413777626, -4.569913789786324010, 10.00000000000000533 ) ) ;
#3620 = AXIS2_PLACEMENT_3D ( 'NONE', #1483, #622, #2914 ) ;
#3621 = ORIENTED_EDGE ( 'NONE', *, *, #1310, .T. ) ;
#3622 = EDGE_CURVE ( 'NONE', #3304, #672, #1875, .T. ) ;
#3623 = CARTESIAN_POINT ( 'NONE',  ( -13.61486804501912928, 0.000000000000000000, 12.00000000000000000 ) ) ;
#3624 = CARTESIAN_POINT ( 'NONE',  ( -65.30837925407895739, 79.90788900709814868, 10.00000000000000178 ) ) ;
#3625 = LINE ( 'NONE', #1833, #376 ) ;
#3626 = VERTEX_POINT ( 'NONE', #1038 ) ;
#3627 = CARTESIAN_POINT ( 'NONE',  ( 13.61486804501912928, 2.050608912650808861E-16, 10.00000000000000000 ) ) ;
#3628 = EDGE_LOOP ( 'NONE', ( #3592, #2433, #40, #887, #396, #2659 ) ) ;
#3629 = EDGE_CURVE ( 'NONE', #391, #2616, #3067, .T. ) ;
#3630 = CARTESIAN_POINT ( 'NONE',  ( 103.3803218193327353, -3.451738654234191017, 12.00000000000000000 ) ) ;
#3631 = FACE_OUTER_BOUND ( 'NONE', #454, .T. ) ;
#3632 = CARTESIAN_POINT ( 'NONE',  ( 12.10857102087429382, 26.42812441157807868, 10.00000000000000000 ) ) ;
#3633 = EDGE_LOOP ( 'NONE', ( #1357, #1954 ) ) ;
#3634 = ORIENTED_EDGE ( 'NONE', *, *, #444, .F. ) ;
#3635 = EDGE_CURVE ( 'NONE', #2616, #2558, #700, .T. ) ;
#3636 = CARTESIAN_POINT ( 'NONE',  ( 0.000000000000000000, 0.000000000000000000, 16.00000000000000000 ) ) ;
#3637 = CARTESIAN_POINT ( 'NONE',  ( 1.147309555492924016, -0.6688021192397001213, 16.00000000000000000 ) ) ;
#3638 = LINE ( 'NONE', #761, #479 ) ;
#3639 = DIRECTION ( 'NONE',  ( 0.000000000000000000, 0.000000000000000000, 1.000000000000000000 ) ) ;
#3640 = ORIENTED_EDGE ( 'NONE', *, *, #1672, .F. ) ;
#3641 = CARTESIAN_POINT ( 'NONE',  ( -12.86725591994920137, 1.945464068658449008, 4.000000000000000000 ) ) ;
#3642 = VERTEX_POINT ( 'NONE', #2178 ) ;
#3643 = FACE_OUTER_BOUND ( 'NONE', #3158, .T. ) ;
#3644 = LINE ( 'NONE', #159, #2045 ) ;
#3645 = CARTESIAN_POINT ( 'NONE',  ( -48.03388812670046804, 79.08737944992141422, 10.00000000000000000 ) ) ;
#3646 = CARTESIAN_POINT ( 'NONE',  ( -11.67946877867742828, 24.00821486140138106, 16.00000000000000000 ) ) ;
#3647 = ORIENTED_EDGE ( 'NONE', *, *, #3487, .T. ) ;
#3648 = CARTESIAN_POINT ( 'NONE',  ( -24.16211051039899260, -8.887915735620087077, 4.000000000000000000 ) ) ;
#3649 = ADVANCED_FACE ( 'NONE', ( #3666 ), #144, .T. ) ;
#3650 = LINE ( 'NONE', #3103, #739 ) ;
#3651 = CARTESIAN_POINT ( 'NONE',  ( -4.293223980211161361, 19.25422940976884689, 10.00000000000000000 ) ) ;
#3652 = VECTOR ( 'NONE', #1458, 1000.000000000000000 ) ;
#3653 = CARTESIAN_POINT ( 'NONE',  ( 94.53052666204830246, -11.01921838830597089, 12.00000000000000000 ) ) ;
#3654 = CARTESIAN_POINT ( 'NONE',  ( -101.9262948962494164, -5.709331410736211865, 10.00000000000000000 ) ) ;
#3655 = CARTESIAN_POINT ( 'NONE',  ( -103.5658675834909133, -3.465399017147192229, 4.000000000000000000 ) ) ;
#3656 = EDGE_CURVE ( 'NONE', #2188, #2971, #1054, .T. ) ;
#3657 = DIRECTION ( 'NONE',  ( 1.000000000000000000, 0.000000000000000000, 0.000000000000000000 ) ) ;
#3658 = CARTESIAN_POINT ( 'NONE',  ( -12.85613651940623647, 10.60072605994906780, 10.00000000000000000 ) ) ;
#3659 = ORIENTED_EDGE ( 'NONE', *, *, #3206, .F. ) ;
#3660 = EDGE_CURVE ( 'NONE', #298, #3601, #2161, .T. ) ;
#3661 = CARTESIAN_POINT ( 'NONE',  ( 43.42637297858192369, 85.21948945588665936, 16.00000000000000000 ) ) ;
#3662 = DIRECTION ( 'NONE',  ( -0.000000000000000000, -0.000000000000000000, -1.000000000000000000 ) ) ;
#3663 = CARTESIAN_POINT ( 'NONE',  ( 18.37229210177823902, -6.314889749586356515, 4.000000000000000000 ) ) ;
#3664 = CARTESIAN_POINT ( 'NONE',  ( -7.170913673061643401, 20.52120068081685034, 12.00000000000000000 ) ) ;
#3665 = ORIENTED_EDGE ( 'NONE', *, *, #1814, .T. ) ;
#3666 = FACE_OUTER_BOUND ( 'NONE', #2392, .T. ) ;
#3667 = CARTESIAN_POINT ( 'NONE',  ( 66.80333017543827623, 78.71087431966309111, 4.000000000000000000 ) ) ;
#3668 = CARTESIAN_POINT ( 'NONE',  ( 26.08876656290921758, -9.371797397112901606, 12.00000000000000000 ) ) ;
#3669 = EDGE_CURVE ( 'NONE', #2919, #3468, #1364, .T. ) ;
#3670 = DIRECTION ( 'NONE',  ( -0.000000000000000000, -0.000000000000000000, -1.000000000000000000 ) ) ;
#3671 = LINE ( 'NONE', #188, #242 ) ;
#3672 = CARTESIAN_POINT ( 'NONE',  ( 103.7583550257669458, -2.646943778762766541, 10.00000000000000000 ) ) ;
#3673 = CARTESIAN_POINT ( 'NONE',  ( 36.61771657896527898, 96.10687651928014930, 10.00000000000000533 ) ) ;
#3674 = FACE_OUTER_BOUND ( 'NONE', #982, .T. ) ;
#3675 = VERTEX_POINT ( 'NONE', #1894 ) ;
#3676 = CARTESIAN_POINT ( 'NONE',  ( -48.03388812670046804, 79.08737944992141422, 4.000000000000000000 ) ) ;
#3677 = CARTESIAN_POINT ( 'NONE',  ( 15.63458344004602729, -3.385382909620526792, 4.000000000000000000 ) ) ;
#3678 = VECTOR ( 'NONE', #2723, 1000.000000000000114 ) ;
#3679 = CARTESIAN_POINT ( 'NONE',  ( -4.293223980211161361, 19.25422940976884689, 12.00000000000000000 ) ) ;
#3680 = EDGE_LOOP ( 'NONE', ( #2196, #3048, #309, #3318 ) ) ;
#3681 = DIRECTION ( 'NONE',  ( 0.9999986382117440620, -0.001650325621624664516, 0.000000000000000000 ) ) ;
#3682 = CARTESIAN_POINT ( 'NONE',  ( -91.32188393734173815, -9.438678552286734913, 16.00000000000000000 ) ) ;
#3683 = DIRECTION ( 'NONE',  ( -0.000000000000000000, -0.000000000000000000, -1.000000000000000000 ) ) ;
#3684 = CARTESIAN_POINT ( 'NONE',  ( 17.38101777888876853, -5.225061316532367606, 16.00000000000000000 ) ) ;
#3685 = LINE ( 'NONE', #3105, #1100 ) ;
#3686 = CARTESIAN_POINT ( 'NONE',  ( 42.29253798694047362, 78.52576933831133488, 4.000000000000000000 ) ) ;
#3687 = DIRECTION ( 'NONE',  ( -0.000000000000000000, -0.000000000000000000, -1.000000000000000000 ) ) ;
#3688 = CARTESIAN_POINT ( 'NONE',  ( 43.05315509022149456, 80.15741867147563937, 4.000000000000000000 ) ) ;
#3689 = EDGE_CURVE ( 'NONE', #558, #878, #753, .T. ) ;
#3690 = APPROVAL_PERSON_ORGANIZATION ( #2988, #2098, #1188 ) ;
#3691 = CARTESIAN_POINT ( 'NONE',  ( -12.86725591994920137, 1.945464068658449008, 10.00000000000000000 ) ) ;
#3692 = ORIENTED_EDGE ( 'NONE', *, *, #410, .T. ) ;
#3693 = LINE ( 'NONE', #2617, #614 ) ;
#3694 = CARTESIAN_POINT ( 'NONE',  ( -50.23241145150166886, 80.44161158385092847, 10.00000000000000000 ) ) ;
#3695 = CARTESIAN_POINT ( 'NONE',  ( 54.74598794976408556, 82.14886767526016342, 10.00000000000000000 ) ) ;
#3696 = ORIENTED_EDGE ( 'NONE', *, *, #1424, .F. ) ;
#3697 = CARTESIAN_POINT ( 'NONE',  ( 12.10857102087429382, 26.42812441157807868, 10.00000000000000000 ) ) ;
#3698 = EDGE_CURVE ( 'NONE', #1522, #2151, #16, .T. ) ;
#3699 = CARTESIAN_POINT ( 'NONE',  ( 97.42256524717357991, -9.605903479966565683, 9.999999999999998224 ) ) ;
#3700 = CARTESIAN_POINT ( 'NONE',  ( -89.99525595592842819, -11.59606026179955585, 4.000000000000000000 ) ) ;
#3701 = DIRECTION ( 'NONE',  ( 0.000000000000000000, -0.000000000000000000, -1.000000000000000000 ) ) ;
#3702 = CARTESIAN_POINT ( 'NONE',  ( 66.80333017543827623, 78.71087431966309111, 4.000000000000000000 ) ) ;
#3703 = VECTOR ( 'NONE', #2120, 1000.000000000000000 ) ;
#3704 = CARTESIAN_POINT ( 'NONE',  ( 0.01532814986793104572, -9.287942205700460363, 12.00000000000000000 ) ) ;
#3705 = ORIENTED_EDGE ( 'NONE', *, *, #514, .F. ) ;
#3706 = DIRECTION ( 'NONE',  ( -0.000000000000000000, 0.000000000000000000, 1.000000000000000000 ) ) ;
#3707 = CARTESIAN_POINT ( 'NONE',  ( 99.97589112178562232, -7.772746847274828674, 10.00000000000000000 ) ) ;
#3708 = FACE_OUTER_BOUND ( 'NONE', #3767, .T. ) ;
#3709 = ORIENTED_EDGE ( 'NONE', *, *, #2206, .F. ) ;
#3710 = DIRECTION ( 'NONE',  ( 0.000000000000000000, 0.000000000000000000, 1.000000000000000000 ) ) ;
#3711 = CARTESIAN_POINT ( 'NONE',  ( 0.000000000000000000, 0.000000000000000000, 4.000000000000000000 ) ) ;
#3712 = CARTESIAN_POINT ( 'NONE',  ( 8.223740567289853587, 21.89769805209878939, 12.00000000000000000 ) ) ;
#3713 = ORIENTED_EDGE ( 'NONE', *, *, #1841, .F. ) ;
#3714 = ORIENTED_EDGE ( 'NONE', *, *, #311, .T. ) ;
#3715 = DIRECTION ( 'NONE',  ( 0.8660254037844384856, -0.5000000000000001110, 0.000000000000000000 ) ) ;
#3716 = MANIFOLD_SURFACE_SHAPE_REPRESENTATION ( 'PiÞce1_Roue_ecrou_DÚfaut_sldprt', ( #1017, #1058 ), #1913 ) ;
#3717 = FACE_BOUND ( 'NONE', #302, .T. ) ;
#3718 = CARTESIAN_POINT ( 'NONE',  ( 46.24195549096756253, 76.68968209453018403, 4.000000000000000000 ) ) ;
#3719 = CARTESIAN_POINT ( 'NONE',  ( -36.05107508881541634, 96.85275697340217960, 12.00000000000000000 ) ) ;
#3720 = LINE ( 'NONE', #1898, #3426 ) ;
#3721 = ADVANCED_FACE ( 'NONE', ( #538 ), #507, .T. ) ;
#3722 = CARTESIAN_POINT ( 'NONE',  ( -91.32188393734173815, -9.438678552286734913, 4.000000000000000000 ) ) ;
#3723 = ADVANCED_FACE ( 'NONE', ( #1713, #3717, #5, #807 ), #46, .F. ) ;
#3724 = DIRECTION ( 'NONE',  ( -0.9999986382117440620, -0.001650325621624664516, 0.000000000000000000 ) ) ;
#3725 = CIRCLE ( 'NONE', #2442, 104.9999999999999858 ) ;
#3726 = CARTESIAN_POINT ( 'NONE',  ( 38.84398191647171217, 94.56826757864757838, 4.000000000000000000 ) ) ;
#3727 = CARTESIAN_POINT ( 'NONE',  ( 39.34615736308141010, 93.99728617236064565, 12.00000000000000000 ) ) ;
#3728 = ORIENTED_EDGE ( 'NONE', *, *, #171, .F. ) ;
#3729 = CARTESIAN_POINT ( 'NONE',  ( 103.9650961824314805, -1.767881847963468145, 12.00000000000000000 ) ) ;
#3730 = VECTOR ( 'NONE', #145, 1000.000000000000114 ) ;
#3731 = CARTESIAN_POINT ( 'NONE',  ( -91.32188393734173815, -9.438678552286734913, 16.00000000000000000 ) ) ;
#3732 = CARTESIAN_POINT ( 'NONE',  ( 48.03388812670044672, 79.08737944992141422, 12.00000000000000000 ) ) ;
#3733 = ORIENTED_EDGE ( 'NONE', *, *, #54, .T. ) ;
#3734 = CARTESIAN_POINT ( 'NONE',  ( 9.264247147714717912, 22.68462024131437360, 10.00000000000000000 ) ) ;
#3735 = CARTESIAN_POINT ( 'NONE',  ( 104.2101154566506409, -0.7260616329997064966, 4.000000000000000000 ) ) ;
#3736 = CARTESIAN_POINT ( 'NONE',  ( -19.75370466724846708, -6.934803996443099194, 16.00000000000000000 ) ) ;
#3737 = CARTESIAN_POINT ( 'NONE',  ( 27.35495800672315880, -9.230192200835292127, 16.00000000000000000 ) ) ;
#3738 = EDGE_CURVE ( 'NONE', #3756, #2346, #2872, .T. ) ;
#3739 = AXIS2_PLACEMENT_3D ( 'NONE', #2714, #2473, #403 ) ;
#3740 = CARTESIAN_POINT ( 'NONE',  ( 36.61771657896527898, 96.10687651928014930, 16.00000000000000000 ) ) ;
#3741 = CARTESIAN_POINT ( 'NONE',  ( -91.32188393734173815, -9.438678552286734913, 16.00000000000000000 ) ) ;
#3742 = DIRECTION ( 'NONE',  ( -0.5036115573820342250, 0.8639302050925421472, -0.000000000000000000 ) ) ;
#3743 = CARTESIAN_POINT ( 'NONE',  ( -45.10807307240187214, 81.02069710910515710, 4.000000000000000000 ) ) ;
#3744 = EDGE_CURVE ( 'NONE', #1798, #2882, #2622, .T. ) ;
#3745 = B_SPLINE_CURVE_WITH_KNOTS ( 'NONE', 3,
 ( #3116, #213, #1086, #1034 ),
 .UNSPECIFIED., .F., .F.,
 ( 4, 4 ),
 ( 0.000000000000000000, 1.000000000000000000 ),
 .UNSPECIFIED. ) ;
#3746 = CARTESIAN_POINT ( 'NONE',  ( 100.7195594227095796, -7.100971405791611346, 12.00000000000000178 ) ) ;
#3747 = LINE ( 'NONE', #2015, #1917 ) ;
#3748 = ORIENTED_EDGE ( 'NONE', *, *, #19, .T. ) ;
#3749 = VERTEX_POINT ( 'NONE', #1678 ) ;
#3750 = CARTESIAN_POINT ( 'NONE',  ( -24.16211051039899260, -8.887915735620087077, 16.00000000000000000 ) ) ;
#3751 = CARTESIAN_POINT ( 'NONE',  ( 97.42256524717357991, -9.605903479966565683, 9.999999999999998224 ) ) ;
#3752 = ORIENTED_EDGE ( 'NONE', *, *, #1971, .T. ) ;
#3753 = CARTESIAN_POINT ( 'NONE',  ( 104.0225928249257947, -1.780946870443558705, 10.00000000000000178 ) ) ;
#3754 = CARTESIAN_POINT ( 'NONE',  ( 12.45341646805670344, 6.164201771396467855, 16.00000000000000000 ) ) ;
#3755 = CARTESIAN_POINT ( 'NONE',  ( 101.8277817151371494, -0.5672003041223958597, 12.00000000000000000 ) ) ;
#3756 = VERTEX_POINT ( 'NONE', #2853 ) ;
#3757 = CARTESIAN_POINT ( 'NONE',  ( 37.43338548952037570, 95.65582995305429392, 16.00000000000000000 ) ) ;
#3758 = CARTESIAN_POINT ( 'NONE',  ( -52.36457512509296919, 81.61970303100665092, 16.00000000000000000 ) ) ;
#3759 = CARTESIAN_POINT ( 'NONE',  ( 41.56991051861120923, 91.14236359620733197, 10.00000000000000000 ) ) ;
#3760 = B_SPLINE_CURVE_WITH_KNOTS ( 'NONE', 3,
 ( #2994, #90, #1275, #1596, #2436, #3611, #2143, #3324, #1915 ),
 .UNSPECIFIED., .F., .F.,
 ( 4, 1, 1, 1, 1, 1, 4 ),
 ( 0.000000000000000000, 0.3466577217541806921, 0.4856485324772289447, 0.6188506265022477582, 0.7296581976956886262, 0.8486710806393250595, 0.9896099787889852673 ),
 .UNSPECIFIED. ) ;
#3761 = LINE ( 'NONE', #2299, #3762 ) ;
#3762 = VECTOR ( 'NONE', #3478, 1000.000000000000114 ) ;
#3763 = CARTESIAN_POINT ( 'NONE',  ( -101.3134947225302938, -2.836936634874510865, 10.00000000000000000 ) ) ;
#3764 = EDGE_CURVE ( 'NONE', #1621, #1326, #2003, .T. ) ;
#3765 = CARTESIAN_POINT ( 'NONE',  ( 42.70751593584237327, 88.44992427182512529, 12.00000000000000000 ) ) ;
#3766 = ORIENTED_EDGE ( 'NONE', *, *, #1551, .F. ) ;
#3767 = EDGE_LOOP ( 'NONE', ( #394, #532, #3370, #994 ) ) ;
#3768 = DIRECTION ( 'NONE',  ( -0.000000000000000000, -0.000000000000000000, -1.000000000000000000 ) ) ;
#3769 = ADVANCED_FACE ( 'NONE', ( #1420 ), #235, .F. ) ;
#3770 = CARTESIAN_POINT ( 'NONE',  ( 65.30837925407898581, 79.90788900709814868, 16.00000000000000000 ) ) ;
#3771 = ORIENTED_EDGE ( 'NONE', *, *, #79, .T. ) ;
#3772 = CIRCLE ( 'NONE', #2115, 104.9999999999999858 ) ;
#3773 = FACE_BOUND ( 'NONE', #1569, .T. ) ;
#3774 = DIRECTION ( 'NONE',  ( -0.000000000000000000, 0.000000000000000000, 1.000000000000000000 ) ) ;
#3775 = LINE ( 'NONE', #320, #2202 ) ;
#3776 = EDGE_LOOP ( 'NONE', ( #233, #1183, #2101, #1517 ) ) ;
#3777 = B_SPLINE_CURVE_WITH_KNOTS ( 'NONE', 3,
 ( #2999, #670, #3653, #130 ),
 .UNSPECIFIED., .F., .F.,
 ( 4, 4 ),
 ( 0.000000000000000000, 1.000000000000000000 ),
 .UNSPECIFIED. ) ;
#3778 = DIRECTION ( 'NONE',  ( 1.000000000000000000, 0.000000000000000000, 0.000000000000000000 ) ) ;
#3779 = CARTESIAN_POINT ( 'NONE',  ( 12.45341646805670344, 6.164201771396467855, 4.000000000000000000 ) ) ;
#3780 = CARTESIAN_POINT ( 'NONE',  ( 43.41941829552141741, 83.99565647030571824, 10.00000000000000000 ) ) ;
#3781 = EDGE_LOOP ( 'NONE', ( #2620, #2328, #2635, #1144 ) ) ;
#3782 = CARTESIAN_POINT ( 'NONE',  ( -43.21970682755805626, 90.72575300733905124, 4.000000000000000000 ) ) ;
#3783 = CARTESIAN_POINT ( 'NONE',  ( 66.91363624440050728, 78.54781590270181368, 16.00000000000000000 ) ) ;
#3784 = CARTESIAN_POINT ( 'NONE',  ( -45.34545802003545134, 83.60963418298197780, 10.00000000000000000 ) ) ;
#3785 = EDGE_LOOP ( 'NONE', ( #1874, #1434, #3022, #500 ) ) ;
#3786 = ORIENTED_EDGE ( 'NONE', *, *, #2103, .T. ) ;
#3787 = CARTESIAN_POINT ( 'NONE',  ( -12.28252948003778044, 24.70789247510376896, 10.00000000000000000 ) ) ;
ENDSEC;
END-ISO-10303-21;
