ISO-10303-21;
HEADER;
FILE_DESCRIPTION (( 'STEP AP203' ),
    '1' );
FILE_NAME ('Pièce0_Base_Défaut_sldprt.STEP',
    '2023-12-03T16:38:52',
    ( 'LIA INFO' ),
    ( '' ),
    'SwSTEP 2.0',
    'SolidWorks 2022',
    '' );
FILE_SCHEMA (( 'CONFIG_CONTROL_DESIGN' ));
ENDSEC;

DATA;
#1 = DIRECTION ( 'NONE',  ( -0.000000000000000000, -0.000000000000000000, -1.000000000000000000 ) ) ;
#2 = EDGE_CURVE ( 'NONE', #7568, #1236, #791, .T. ) ;
#3 = EDGE_CURVE ( 'NONE', #6467, #9296, #3770, .T. ) ;
#4 = VERTEX_POINT ( 'NONE', #1671 ) ;
#5 = EDGE_CURVE ( 'NONE', #9374, #6149, #8446, .T. ) ;
#6 = EDGE_CURVE ( 'NONE', #5874, #4253, #4295, .T. ) ;
#7 = VERTEX_POINT ( 'NONE', #3860 ) ;
#8 = DIRECTION ( 'NONE',  ( 0.4999999999999998890, -0.8660254037844387076, -1.982541115402064863E-16 ) ) ;
#9 = CARTESIAN_POINT ( 'NONE',  ( -112.8852632902272859, 248.3268590217633403, 10.00000000000000000 ) ) ;
#10 = DIRECTION ( 'NONE',  ( 0.000000000000000000, 0.000000000000000000, -1.000000000000000000 ) ) ;
#11 = ORIENTED_EDGE ( 'NONE', *, *, #4457, .F. ) ;
#12 = CARTESIAN_POINT ( 'NONE',  ( -192.7365149746330246, -135.8294364098945266, 8.000000000000028422 ) ) ;
#13 = CARTESIAN_POINT ( 'NONE',  ( -142.1243556529558987, -218.1666049839790844, -17.99999999999999645 ) ) ;
#14 = OPEN_SHELL ( 'NONE', ( #3521, #8362, #8560, #5846, #5037, #1984, #6870, #5300, #8809, #4921, #2370, #8708, #6803, #4402, #2934, #3104, #6771, #9332, #8784, #4174, #785, #8916, #4697, #7415, #5493, #2470, #258, #8246, #5726, #1374, #7779, #1247, #8168, #5170, #836, #8698, #8633, #9057, #4565, #1803, #2394, #7071, #359, #4600, #9343, #2820 ) ) ;
#15 = EDGE_LOOP ( 'NONE', ( #5917, #3324, #4443, #1491 ) ) ;
#16 = EDGE_CURVE ( 'NONE', #1619, #7279, #3046, .T. ) ;
#17 = EDGE_CURVE ( 'NONE', #6329, #1157, #165, .T. ) ;
#18 = FACE_BOUND ( 'NONE', #1837, .T. ) ;
#19 = LINE ( 'NONE', #160, #3996 ) ;
#20 = LINE ( 'NONE', #3617, #3002 ) ;
#21 = DIRECTION ( 'NONE',  ( 0.4999999999999996669, 0.8660254037844388186, -6.308085367188379394E-16 ) ) ;
#22 = ORIENTED_EDGE ( 'NONE', *, *, #5220, .F. ) ;
#23 = DIRECTION ( 'NONE',  ( 0.8660254037844390407, -0.4999999999999992228, 0.000000000000000000 ) ) ;
#24 = CARTESIAN_POINT ( 'NONE',  ( -219.4297447047771357, 310.0634665204914313, 0.000000000000000000 ) ) ;
#25 = VERTEX_POINT ( 'NONE', #3147 ) ;
#26 = ADVANCED_FACE ( 'NONE', ( #7571 ), #1770, .T. ) ;
#27 = VERTEX_POINT ( 'NONE', #5943 ) ;
#28 = ORIENTED_EDGE ( 'NONE', *, *, #7936, .T. ) ;
#29 = CARTESIAN_POINT ( 'NONE',  ( -118.9304353137946322, -92.99355652984641551, 10.00000000000000000 ) ) ;
#30 = CARTESIAN_POINT ( 'NONE',  ( 270.0000000000000000, -56.50000000000001421, 24.99999999999997513 ) ) ;
#31 = EDGE_LOOP ( 'NONE', ( #9512, #5377, #1405, #4563 ) ) ;
#32 = CARTESIAN_POINT ( 'NONE',  ( 197.4999999999993179, -14.00000000000001243, -137.5000000000000000 ) ) ;
#33 = DIRECTION ( 'NONE',  ( 0.000000000000000000, 0.000000000000000000, 1.000000000000000000 ) ) ;
#34 = DIRECTION ( 'NONE',  ( 0.8660254037844387076, 0.4999999999999997780, 0.000000000000000000 ) ) ;
#35 = ORIENTED_EDGE ( 'NONE', *, *, #1555, .F. ) ;
#36 = EDGE_LOOP ( 'NONE', ( #2681, #5587 ) ) ;
#37 = FACE_OUTER_BOUND ( 'NONE', #5178, .T. ) ;
#38 = CARTESIAN_POINT ( 'NONE',  ( -38.19392033913517537, -151.1538105676907833, 0.000000000000000000 ) ) ;
#39 = CYLINDRICAL_SURFACE ( 'NONE', #7351, 2.999999999999947153 ) ;
#40 = ORIENTED_EDGE ( 'NONE', *, *, #5612, .F. ) ;
#41 = EDGE_CURVE ( 'NONE', #7955, #1714, #320, .T. ) ;
#42 = DIRECTION ( 'NONE',  ( -0.000000000000000000, -0.000000000000000000, -1.000000000000000000 ) ) ;
#43 = CYLINDRICAL_SURFACE ( 'NONE', #828, 10.99999999999999645 ) ;
#44 = CARTESIAN_POINT ( 'NONE',  ( -163.1147367097202050, -219.3268590218235659, 0.000000000000000000 ) ) ;
#45 = EDGE_CURVE ( 'NONE', #5413, #2809, #6705, .T. ) ;
#46 = ORIENTED_EDGE ( 'NONE', *, *, #2246, .F. ) ;
#47 = AXIS2_PLACEMENT_3D ( 'NONE', #386, #6256, #9181 ) ;
#48 = AXIS2_PLACEMENT_3D ( 'NONE', #5824, #7356, #6629 ) ;
#49 = ORIENTED_EDGE ( 'NONE', *, *, #8920, .F. ) ;
#50 = EDGE_CURVE ( 'NONE', #7101, #1009, #2623, .T. ) ;
#51 = AXIS2_PLACEMENT_3D ( 'NONE', #9431, #3470, #2085 ) ;
#52 = CARTESIAN_POINT ( 'NONE',  ( 11.98651497465087701, 177.2387470581691673, -110.6698729810778161 ) ) ;
#53 = LINE ( 'NONE', #2268, #1526 ) ;
#54 = VERTEX_POINT ( 'NONE', #5555 ) ;
#55 = EDGE_CURVE ( 'NONE', #3328, #5685, #7541, .T. ) ;
#56 = PLANE ( 'NONE',  #1455 ) ;
#57 = CARTESIAN_POINT ( 'NONE',  ( -170.7365149746333088, -97.72431864337963248, -6.938893903907228378E-15 ) ) ;
#58 = AXIS2_PLACEMENT_3D ( 'NONE', #8979, #9175, #9127 ) ;
#59 = VERTEX_POINT ( 'NONE', #7715 ) ;
#60 = FACE_BOUND ( 'NONE', #7989, .T. ) ;
#61 = EDGE_CURVE ( 'NONE', #2110, #530, #4874, .T. ) ;
#62 = DIRECTION ( 'NONE',  ( 1.000000000000000000, 0.000000000000000000, 0.000000000000000000 ) ) ;
#63 = LINE ( 'NONE', #5256, #3529 ) ;
#64 = DIRECTION ( 'NONE',  ( -0.3535533905932730092, 0.6123724356957932491, -0.7071067811865490160 ) ) ;
#65 = DIRECTION ( 'NONE',  ( 0.8660254037844387076, 0.4999999999999998890, 0.000000000000000000 ) ) ;
#66 = EDGE_LOOP ( 'NONE', ( #9470, #5299 ) ) ;
#67 = FACE_BOUND ( 'NONE', #2160, .T. ) ;
#68 = EDGE_CURVE ( 'NONE', #3488, #9179, #642, .T. ) ;
#69 = DIRECTION ( 'NONE',  ( -1.000000000000000000, 0.000000000000000000, 0.000000000000000000 ) ) ;
#70 = ADVANCED_FACE ( 'NONE', ( #3958 ), #2573, .T. ) ;
#71 = VECTOR ( 'NONE', #3750, 1000.000000000000000 ) ;
#72 = ORIENTED_EDGE ( 'NONE', *, *, #8333, .F. ) ;
#73 = AXIS2_PLACEMENT_3D ( 'NONE', #3468, #2751, #5088 ) ;
#74 = EDGE_LOOP ( 'NONE', ( #6926, #5167 ) ) ;
#75 = CARTESIAN_POINT ( 'NONE',  ( -162.0560796608473595, 195.6893636479667009, 0.000000000000000000 ) ) ;
#76 = FACE_OUTER_BOUND ( 'NONE', #3848, .T. ) ;
#77 = VECTOR ( 'NONE', #7967, 1000.000000000000000 ) ;
#78 = DIRECTION ( 'NONE',  ( 1.000000000000000000, 0.000000000000000000, 0.000000000000000000 ) ) ;
#79 = VECTOR ( 'NONE', #8542, 1000.000000000000114 ) ;
#80 = EDGE_CURVE ( 'NONE', #6488, #706, #2324, .T. ) ;
#81 = VECTOR ( 'NONE', #8705, 1000.000000000000000 ) ;
#82 = ORIENTED_EDGE ( 'NONE', *, *, #3716, .T. ) ;
#83 = DIRECTION ( 'NONE',  ( 1.635429539641433941E-16, -2.832647054857943335E-16, -1.000000000000000000 ) ) ;
#84 = VECTOR ( 'NONE', #1811, 1000.000000000000000 ) ;
#85 = LINE ( 'NONE', #1439, #6362 ) ;
#86 = DIRECTION ( 'NONE',  ( 1.635429539641431722E-16, 2.832647054857944814E-16, 1.000000000000000000 ) ) ;
#87 = AXIS2_PLACEMENT_3D ( 'NONE', #5492, #6066, #251 ) ;
#88 = EDGE_LOOP ( 'NONE', ( #506, #7536 ) ) ;
#89 = CIRCLE ( 'NONE', #6684, 2.000000000000001776 ) ;
#90 = CIRCLE ( 'NONE', #1639, 3.500000000000013323 ) ;
#91 = VERTEX_POINT ( 'NONE', #6321 ) ;
#92 = FACE_BOUND ( 'NONE', #286, .T. ) ;
#93 = DIRECTION ( 'NONE',  ( 1.000000000000000000, 0.000000000000000000, 0.000000000000000000 ) ) ;
#94 = DIRECTION ( 'NONE',  ( -3.105958772499037896E-16, -1.025445864033519576E-16, -1.000000000000000000 ) ) ;
#95 = EDGE_LOOP ( 'NONE', ( #7210, #6404 ) ) ;
#96 = DIRECTION ( 'NONE',  ( -0.000000000000000000, -0.000000000000000000, -1.000000000000000000 ) ) ;
#97 = DIRECTION ( 'NONE',  ( -0.8660254037844387076, -0.4999999999999998890, -7.703719777548943412E-34 ) ) ;
#98 = APPROVAL_PERSON_ORGANIZATION ( #8437, #8282, #7006 ) ;
#99 = PLANE ( 'NONE',  #3606 ) ;
#100 = ORIENTED_EDGE ( 'NONE', *, *, #5583, .F. ) ;
#101 = VERTEX_POINT ( 'NONE', #6369 ) ;
#102 = EDGE_LOOP ( 'NONE', ( #1299, #9336, #1556, #6681 ) ) ;
#103 = CARTESIAN_POINT ( 'NONE',  ( 270.0000000000000000, -29.00000000000000000, 10.00000000000000000 ) ) ;
#104 = CARTESIAN_POINT ( 'NONE',  ( -207.7461339178665867, -191.8268590218234806, 19.49999999999997513 ) ) ;
#105 = ORIENTED_EDGE ( 'NONE', *, *, #7357, .T. ) ;
#106 = CARTESIAN_POINT ( 'NONE',  ( 0.000000000000000000, 0.000000000000000000, 10.00000000000000000 ) ) ;
#107 = CARTESIAN_POINT ( 'NONE',  ( -47.88526329027689599, 135.7435565297862468, 0.000000000000000000 ) ) ;
#108 = ORIENTED_EDGE ( 'NONE', *, *, #8155, .T. ) ;
#109 = EDGE_CURVE ( 'NONE', #8025, #8901, #5648, .T. ) ;
#110 = CARTESIAN_POINT ( 'NONE',  ( 378.2377111446261324, 35.00000000000000000, 10.00000000000000000 ) ) ;
#111 = DIRECTION ( 'NONE',  ( -1.635429539641433941E-16, 2.832647054857943335E-16, -1.000000000000000000 ) ) ;
#112 = CARTESIAN_POINT ( 'NONE',  ( -94.37564434702667882, 191.4634110060504213, -17.00000000000048672 ) ) ;
#113 = DIRECTION ( 'NONE',  ( -0.8660254037844391517, -0.4999999999999992228, 7.012543237461991856E-16 ) ) ;
#114 = DIRECTION ( 'NONE',  ( 1.635429539641433941E-16, -2.832647054857943335E-16, 1.000000000000000000 ) ) ;
#115 = ORIENTED_EDGE ( 'NONE', *, *, #1362, .F. ) ;
#116 = DIRECTION ( 'NONE',  ( 3.895519384649671855E-16, 1.000000000000000000, 0.000000000000000000 ) ) ;
#117 = CARTESIAN_POINT ( 'NONE',  ( 41.49355652981271447, 208.1310519035828861, 0.000000000000000000 ) ) ;
#118 = ORIENTED_EDGE ( 'NONE', *, *, #9178, .T. ) ;
#119 = ADVANCED_FACE ( 'NONE', ( #1143 ), #8475, .F. ) ;
#120 = EDGE_CURVE ( 'NONE', #2396, #8596, #6924, .T. ) ;
#121 = ADVANCED_FACE ( 'NONE', ( #1239, #502 ), #1914, .T. ) ;
#122 = EDGE_LOOP ( 'NONE', ( #3204, #2498 ) ) ;
#123 = LINE ( 'NONE', #1771, #9303 ) ;
#124 = DIRECTION ( 'NONE',  ( 2.220446049250312588E-16, 1.000000000000000000, -1.025445864033519699E-16 ) ) ;
#125 = ORIENTED_EDGE ( 'NONE', *, *, #2783, .F. ) ;
#126 = CARTESIAN_POINT ( 'NONE',  ( -225.7365149746331952, -192.9871130596679336, 10.00000000000000178 ) ) ;
#127 = CIRCLE ( 'NONE', #7207, 3.000000000000002665 ) ;
#128 = DIRECTION ( 'NONE',  ( 0.000000000000000000, 1.000000000000000000, 0.000000000000000000 ) ) ;
#129 = VERTEX_POINT ( 'NONE', #4145 ) ;
#130 = ADVANCED_FACE ( 'NONE', ( #6274, #2621, #1197, #4100, #7038, #4728, #7857 ), #2668, .T. ) ;
#131 = EDGE_LOOP ( 'NONE', ( #406, #511, #5382, #8434 ) ) ;
#132 = EDGE_CURVE ( 'NONE', #8668, #1797, #3430, .T. ) ;
#133 = AXIS2_PLACEMENT_3D ( 'NONE', #8171, #6632, #5100 ) ;
#134 = ADVANCED_FACE ( 'NONE', ( #7674 ), #6178, .T. ) ;
#136 = AXIS2_PLACEMENT_3D ( 'NONE', #4087, #9234, #2647 ) ;
#135 = CARTESIAN_POINT ( 'NONE',  ( -151.7365149746333088, -64.81535329957092983, 24.99999999999998224 ) ) ;
#137 = ORIENTED_EDGE ( 'NONE', *, *, #8655, .T. ) ;
#138 = DIRECTION ( 'NONE',  ( 1.000000000000000000, 0.000000000000000000, 0.000000000000000000 ) ) ;
#139 = EDGE_CURVE ( 'NONE', #1157, #6329, #8617, .T. ) ;
#140 = LINE ( 'NONE', #7346, #5051 ) ;
#141 = VERTEX_POINT ( 'NONE', #3294 ) ;
#142 = DIRECTION ( 'NONE',  ( -0.8660254037844391517, 0.4999999999999992784, 0.000000000000000000 ) ) ;
#143 = DIRECTION ( 'NONE',  ( 0.8660254037844391517, -0.4999999999999992784, 0.000000000000000000 ) ) ;
#144 = CARTESIAN_POINT ( 'NONE',  ( -118.9304353137946606, -92.99355652984644394, -3.000000000000030198 ) ) ;
#145 = CIRCLE ( 'NONE', #1992, 2.000000000000001776 ) ;
#146 = CIRCLE ( 'NONE', #3367, 2.000000000000001776 ) ;
#147 = ORIENTED_EDGE ( 'NONE', *, *, #903, .F. ) ;
#148 = AXIS2_PLACEMENT_3D ( 'NONE', #6504, #4148, #7087 ) ;
#149 = ORIENTED_EDGE ( 'NONE', *, *, #5490, .F. ) ;
#150 = VERTEX_POINT ( 'NONE', #4972 ) ;
#151 = DIRECTION ( 'NONE',  ( 1.000000000000000000, 0.000000000000000000, 0.000000000000000000 ) ) ;
#152 = VECTOR ( 'NONE', #4319, 1000.000000000000000 ) ;
#153 = CARTESIAN_POINT ( 'NONE',  ( -192.7365149746330246, -135.8294364098945266, 8.000000000000028422 ) ) ;
#154 = ORIENTED_EDGE ( 'NONE', *, *, #1422, .F. ) ;
#155 = CARTESIAN_POINT ( 'NONE',  ( 272.9999999999999432, -84.00000000000000000, 10.00000000000000000 ) ) ;
#156 = DIRECTION ( 'NONE',  ( 1.635429539641433941E-16, -2.832647054857943335E-16, -1.000000000000000000 ) ) ;
#157 = ORIENTED_EDGE ( 'NONE', *, *, #1155, .F. ) ;
#158 = CARTESIAN_POINT ( 'NONE',  ( 270.0000000000000000, -29.00000000000001066, 24.99999999999997513 ) ) ;
#159 = FACE_OUTER_BOUND ( 'NONE', #862, .T. ) ;
#160 = CARTESIAN_POINT ( 'NONE',  ( -399.2377111446260187, -230.5000000000000284, 0.000000000000000000 ) ) ;
#161 = CARTESIAN_POINT ( 'NONE',  ( 138.9999999999994884, -99.00000000000002842, -115.0000000000000142 ) ) ;
#162 = CARTESIAN_POINT ( 'NONE',  ( -8.273103968582558920, 242.3294364098343863, -18.00000000000001066 ) ) ;
#163 = ORIENTED_EDGE ( 'NONE', *, *, #1546, .T. ) ;
#164 = FACE_BOUND ( 'NONE', #1522, .T. ) ;
#165 = CIRCLE ( 'NONE', #3686, 3.999999999999991562 ) ;
#166 = LINE ( 'NONE', #8242, #8738 ) ;
#167 = EDGE_CURVE ( 'NONE', #7498, #7082, #3085, .T. ) ;
#168 = VERTEX_POINT ( 'NONE', #2044 ) ;
#169 = CARTESIAN_POINT ( 'NONE',  ( -66.33974596216414454, 134.9038105676303019, -115.0000000000000426 ) ) ;
#170 = CARTESIAN_POINT ( 'NONE',  ( -54.26348502534936813, 291.9871130596077933, 10.00000000000000178 ) ) ;
#171 = CARTESIAN_POINT ( 'NONE',  ( -107.1352632902600561, 243.5637193009489465, 24.99999999999997868 ) ) ;
#172 = ORIENTED_EDGE ( 'NONE', *, *, #242, .F. ) ;
#173 = EDGE_CURVE ( 'NONE', #2696, #1191, #3479, .T. ) ;
#174 = CARTESIAN_POINT ( 'NONE',  ( -140.9961339178667288, -76.21246761660091806, 19.49999999999997513 ) ) ;
#175 = AXIS2_PLACEMENT_3D ( 'NONE', #2139, #8622, #1378 ) ;
#176 = ORIENTED_EDGE ( 'NONE', *, *, #8996, .T. ) ;
#177 = VERTEX_POINT ( 'NONE', #2233 ) ;
#178 = VECTOR ( 'NONE', #7658, 1000.000000000000114 ) ;
#179 = DIRECTION ( 'NONE',  ( 0.000000000000000000, 0.000000000000000000, 1.000000000000000000 ) ) ;
#180 = EDGE_CURVE ( 'NONE', #3153, #6008, #4238, .T. ) ;
#181 = CARTESIAN_POINT ( 'NONE',  ( -21.26348502534913365, 234.8294364098343863, 24.99999999999999289 ) ) ;
#182 = ORIENTED_EDGE ( 'NONE', *, *, #8133, .T. ) ;
#183 = CARTESIAN_POINT ( 'NONE',  ( -170.2833209967994890, 190.9393636479667293, 10.00000000000000000 ) ) ;
#184 = CYLINDRICAL_SURFACE ( 'NONE', #2752, 2.999999999997643663 ) ;
#185 = ORIENTED_EDGE ( 'NONE', *, *, #7237, .T. ) ;
#186 = DIRECTION ( 'NONE',  ( 0.000000000000000000, 0.000000000000000000, 1.000000000000000000 ) ) ;
#187 = EDGE_CURVE ( 'NONE', #2503, #6547, #1377, .T. ) ;
#188 = DIRECTION ( 'NONE',  ( 0.3535533905932738419, 0.6123724356957960246, 0.7071067811865462405 ) ) ;
#189 = CARTESIAN_POINT ( 'NONE',  ( 33.26631519386057789, 203.3810519035829429, 10.00000000000000000 ) ) ;
#190 = ORIENTED_EDGE ( 'NONE', *, *, #4956, .T. ) ;
#191 = ADVANCED_FACE ( 'NONE', ( #8718 ), #5064, .F. ) ;
#192 = ORIENTED_EDGE ( 'NONE', *, *, #6353, .T. ) ;
#193 = EDGE_LOOP ( 'NONE', ( #1249, #4753, #2557, #7386 ) ) ;
#194 = DIRECTION ( 'NONE',  ( -1.000000000000000000, 0.000000000000000000, 0.000000000000000000 ) ) ;
#195 = CARTESIAN_POINT ( 'NONE',  ( -47.63526329026010586, 140.5066962506007542, 24.99999999999997868 ) ) ;
#196 = ORIENTED_EDGE ( 'NONE', *, *, #7405, .F. ) ;
#197 = FACE_OUTER_BOUND ( 'NONE', #1598, .T. ) ;
#198 = EDGE_CURVE ( 'NONE', #1180, #6149, #2138, .T. ) ;
#199 = DIRECTION ( 'NONE',  ( -1.000000000000000000, 0.000000000000000000, 0.000000000000000000 ) ) ;
#200 = DIRECTION ( 'NONE',  ( 1.635429539641431722E-16, 2.832647054857944814E-16, 1.000000000000000000 ) ) ;
#201 = AXIS2_PLACEMENT_3D ( 'NONE', #3641, #2881, #3546 ) ;
#202 = VERTEX_POINT ( 'NONE', #8808 ) ;
#203 = AXIS2_PLACEMENT_3D ( 'NONE', #4045, #9096, #496 ) ;
#204 = CYLINDRICAL_SURFACE ( 'NONE', #6320, 5.500000000000008882 ) ;
#205 = CARTESIAN_POINT ( 'NONE',  ( 380.2377111446261324, 35.00000000000000000, 10.00000000000000000 ) ) ;
#206 = CARTESIAN_POINT ( 'NONE',  ( 38.01631519386056368, 195.1538105676307566, 0.000000000000000000 ) ) ;
#207 = CARTESIAN_POINT ( 'NONE',  ( -45.42021828561268393, 297.6701257614999463, 0.000000000000000000 ) ) ;
#208 = CIRCLE ( 'NONE', #8803, 5.000000000000007994 ) ;
#209 = DIRECTION ( 'NONE',  ( 1.635429539641431722E-16, 2.832647054857944814E-16, 1.000000000000000000 ) ) ;
#210 = ORIENTED_EDGE ( 'NONE', *, *, #3123, .T. ) ;
#211 = CARTESIAN_POINT ( 'NONE',  ( -88.44392033913516116, -238.1893636480269834, 10.00000000000000000 ) ) ;
#212 = VECTOR ( 'NONE', #2591, 1000.000000000000000 ) ;
#213 = CYLINDRICAL_SURFACE ( 'NONE', #9046, 2.000000000016960655 ) ;
#214 = ORIENTED_EDGE ( 'NONE', *, *, #4237, .T. ) ;
#215 = VECTOR ( 'NONE', #116, 1000.000000000000000 ) ;
#216 = AXIS2_PLACEMENT_3D ( 'NONE', #1478, #4390, #9050 ) ;
#217 = DIRECTION ( 'NONE',  ( -0.5000000000000015543, -0.8660254037844377084, 0.000000000000000000 ) ) ;
#218 = CARTESIAN_POINT ( 'NONE',  ( -92.36473670972256400, -101.9804168090319791, 19.49999999999997158 ) ) ;
#219 = DIRECTION ( 'NONE',  ( 0.000000000000000000, 0.000000000000000000, 1.000000000000000000 ) ) ;
#220 = AXIS2_PLACEMENT_3D ( 'NONE', #1175, #3412, #1802 ) ;
#221 = VERTEX_POINT ( 'NONE', #7951 ) ;
#222 = DIRECTION ( 'NONE',  ( 0.000000000000000000, 0.000000000000000000, 1.000000000000000000 ) ) ;
#223 = ORIENTED_EDGE ( 'NONE', *, *, #7865, .F. ) ;
#224 = ORIENTED_EDGE ( 'NONE', *, *, #1895, .T. ) ;
#225 = ADVANCED_FACE ( 'NONE', ( #7267 ), #7175, .F. ) ;
#226 = CARTESIAN_POINT ( 'NONE',  ( 218.9999999999995453, -99.00000000000001421, 8.000000000000037303 ) ) ;
#227 = AXIS2_PLACEMENT_3D ( 'NONE', #7749, #8556, #1986 ) ;
#228 = DIRECTION ( 'NONE',  ( 1.000000000000000000, 0.000000000000000000, 0.000000000000000000 ) ) ;
#229 = ORIENTED_EDGE ( 'NONE', *, *, #6993, .T. ) ;
#230 = CARTESIAN_POINT ( 'NONE',  ( -258.0163151938431270, -185.8973670975123014, 0.000000000000000000 ) ) ;
#231 = CARTESIAN_POINT ( 'NONE',  ( -109.8852632902600561, 248.3268590217633403, 24.99999999999997513 ) ) ;
#232 = VERTEX_POINT ( 'NONE', #2860 ) ;
#233 = LINE ( 'NONE', #6816, #7138 ) ;
#234 = DIRECTION ( 'NONE',  ( -0.000000000000000000, -0.000000000000000000, -1.000000000000000000 ) ) ;
#235 = CIRCLE ( 'NONE', #7144, 4.999999999999990230 ) ;
#236 = DIRECTION ( 'NONE',  ( -0.8660254037844387076, -0.4999999999999998890, 7.703719777548943412E-34 ) ) ;
#237 = ORIENTED_EDGE ( 'NONE', *, *, #733, .F. ) ;
#238 = EDGE_CURVE ( 'NONE', #8126, #4941, #5082, .T. ) ;
#239 = ORIENTED_EDGE ( 'NONE', *, *, #7478, .T. ) ;
#240 = VERTEX_POINT ( 'NONE', #1420 ) ;
#241 = EDGE_CURVE ( 'NONE', #1989, #8750, #1569, .T. ) ;
#242 = EDGE_CURVE ( 'NONE', #3593, #5644, #4621, .T. ) ;
#243 = AXIS2_PLACEMENT_3D ( 'NONE', #4669, #200, #295 ) ;
#244 = AXIS2_PLACEMENT_3D ( 'NONE', #3234, #3084, #4484 ) ;
#245 = CARTESIAN_POINT ( 'NONE',  ( -204.7461339178688036, -191.8268590218235659, 10.00000000000000000 ) ) ;
#246 = CIRCLE ( 'NONE', #8694, 4.999999999999995559 ) ;
#247 = DIRECTION ( 'NONE',  ( -0.8660254037844391517, 0.4999999999999992784, 0.000000000000000000 ) ) ;
#248 = ORIENTED_EDGE ( 'NONE', *, *, #3687, .F. ) ;
#249 = CARTESIAN_POINT ( 'NONE',  ( -62.25386608211591977, 275.8268590217633687, 19.49999999999997513 ) ) ;
#250 = CARTESIAN_POINT ( 'NONE',  ( 16.98651497465088767, 168.5784930203247711, -137.5000000000000000 ) ) ;
#251 = DIRECTION ( 'NONE',  ( 0.4999999999999972800, -0.8660254037844402619, -4.336808689942005410E-16 ) ) ;
#252 = ORIENTED_EDGE ( 'NONE', *, *, #1195, .T. ) ;
#253 = ORIENTED_EDGE ( 'NONE', *, *, #1372, .T. ) ;
#254 = EDGE_CURVE ( 'NONE', #5586, #4617, #8671, .T. ) ;
#255 = FACE_BOUND ( 'NONE', #740, .T. ) ;
#256 = DIRECTION ( 'NONE',  ( 2.220446049250312588E-16, 1.000000000000000000, -1.025445864033519699E-16 ) ) ;
#257 = EDGE_CURVE ( 'NONE', #2494, #3580, #2096, .T. ) ;
#258 = ADVANCED_FACE ( 'NONE', ( #6455 ), #5880, .T. ) ;
#259 = CARTESIAN_POINT ( 'NONE',  ( -72.94703358218229994, 131.0890912815995364, -115.0000000000000426 ) ) ;
#260 = CARTESIAN_POINT ( 'NONE',  ( 264.5000000000000000, -84.00000000000001421, 19.49999999999998224 ) ) ;
#261 = DIRECTION ( 'NONE',  ( -3.105958772499037896E-16, -1.025445864033519576E-16, -1.000000000000000000 ) ) ;
#262 = ORIENTED_EDGE ( 'NONE', *, *, #1495, .F. ) ;
#263 = CARTESIAN_POINT ( 'NONE',  ( 4.496133917884018949, 160.2124676165408346, 10.00000000000000178 ) ) ;
#264 = CARTESIAN_POINT ( 'NONE',  ( -6.273103968582563361, 238.8653347946966505, 8.000000000000028422 ) ) ;
#265 = EDGE_LOOP ( 'NONE', ( #6586, #8855 ) ) ;
#266 = DIRECTION ( 'NONE',  ( -0.8660254037844390407, -0.4999999999999991673, 7.012543237461990870E-16 ) ) ;
#267 = LINE ( 'NONE', #2526, #6069 ) ;
#268 = CYLINDRICAL_SURFACE ( 'NONE', #9352, 3.500000000000013323 ) ;
#269 = ADVANCED_FACE ( 'NONE', ( #1472, #2764, #4385, #7320, #745, #5020, #3663, #1283, #6599, #18, #4184, #7131, #8621, #255, #794, #3133, #8947, #4480, #8136, #5254, #4529, #8856, #60, #8283, #4574, #3034, #7513, #2367, #7468, #1517, #841, #8903 ), #5975, .F. ) ;
#270 = ORIENTED_EDGE ( 'NONE', *, *, #9458, .T. ) ;
#271 = DIRECTION ( 'NONE',  ( 0.2499999999999999167, -0.4330127018922189097, -0.8660254037844388186 ) ) ;
#272 = CARTESIAN_POINT ( 'NONE',  ( 136.9999999999999716, -29.00000000000000000, 10.00000000000000000 ) ) ;
#273 = VERTEX_POINT ( 'NONE', #2273 ) ;
#274 = ORIENTED_EDGE ( 'NONE', *, *, #8487, .T. ) ;
#275 = DIRECTION ( 'NONE',  ( -0.000000000000000000, -0.000000000000000000, -1.000000000000000000 ) ) ;
#276 = LINE ( 'NONE', #181, #4904 ) ;
#277 = DIRECTION ( 'NONE',  ( 1.635429539641433941E-16, -2.832647054857943335E-16, -1.000000000000000000 ) ) ;
#278 = ORIENTED_EDGE ( 'NONE', *, *, #5232, .F. ) ;
#279 = CYLINDRICAL_SURFACE ( 'NONE', #8968, 2.999999999981226129 ) ;
#280 = DIRECTION ( 'NONE',  ( -0.4999999999999992784, -0.8660254037844391517, 0.000000000000000000 ) ) ;
#281 = DIRECTION ( 'NONE',  ( 0.8660254037844381525, 0.5000000000000006661, 0.000000000000000000 ) ) ;
#282 = EDGE_LOOP ( 'NONE', ( #5194, #668, #630, #3561 ) ) ;
#283 = ORIENTED_EDGE ( 'NONE', *, *, #6499, .T. ) ;
#284 = AXIS2_PLACEMENT_3D ( 'NONE', #4568, #8799, #2940 ) ;
#285 = CIRCLE ( 'NONE', #8116, 11.00000000000001066 ) ;
#286 = EDGE_LOOP ( 'NONE', ( #1067, #2403 ) ) ;
#287 = DIRECTION ( 'NONE',  ( -0.000000000000000000, -0.000000000000000000, -1.000000000000000000 ) ) ;
#288 = DIRECTION ( 'NONE',  ( 0.2500000000000001665, 0.4330127018922187432, 0.8660254037844388186 ) ) ;
#289 = ORIENTED_EDGE ( 'NONE', *, *, #5490, .T. ) ;
#290 = DIRECTION ( 'NONE',  ( -0.8660254037844387076, -0.4999999999999998890, -0.000000000000000000 ) ) ;
#291 = AXIS2_PLACEMENT_3D ( 'NONE', #5772, #8701, #2120 ) ;
#292 = VECTOR ( 'NONE', #8046, 1000.000000000000000 ) ;
#293 = DIRECTION ( 'NONE',  ( 0.000000000000000000, 0.000000000000000000, 1.000000000000000000 ) ) ;
#294 = ADVANCED_FACE ( 'NONE', ( #6019 ), #2320, .T. ) ;
#295 = DIRECTION ( 'NONE',  ( 0.4999999999999996669, 0.8660254037844388186, -6.308085367188379394E-16 ) ) ;
#296 = EDGE_CURVE ( 'NONE', #1779, #4661, #956, .T. ) ;
#297 = EDGE_CURVE ( 'NONE', #4634, #6919, #3552, .T. ) ;
#298 = ORIENTED_EDGE ( 'NONE', *, *, #4944, .T. ) ;
#299 = ORIENTED_EDGE ( 'NONE', *, *, #987, .F. ) ;
#300 = AXIS2_PLACEMENT_3D ( 'NONE', #2280, #946, #3714 ) ;
#301 = AXIS2_PLACEMENT_3D ( 'NONE', #9481, #3747, #2313 ) ;
#302 = DIRECTION ( 'NONE',  ( 0.5000000000000004441, -0.8660254037844383745, -6.308085367188393199E-16 ) ) ;
#303 = CARTESIAN_POINT ( 'NONE',  ( -193.9865149746330530, -137.9944999193556328, 3.669872981077832108 ) ) ;
#304 = DIRECTION ( 'NONE',  ( -0.8660254037844384856, 0.5000000000000003331, 0.000000000000000000 ) ) ;
#305 = LINE ( 'NONE', #7516, #1947 ) ;
#306 = CARTESIAN_POINT ( 'NONE',  ( -117.9304353137946606, -91.26150572227757607, -3.000000000000031086 ) ) ;
#307 = EDGE_LOOP ( 'NONE', ( #6849, #5275, #7916, #7401 ) ) ;
#308 = FACE_BOUND ( 'NONE', #7526, .T. ) ;
#309 = CARTESIAN_POINT ( 'NONE',  ( -0.003866082115976717665, 168.0066962506007826, 19.49999999999997868 ) ) ;
#310 = EDGE_CURVE ( 'NONE', #3769, #2311, #2034, .T. ) ;
#311 = VERTEX_POINT ( 'NONE', #1709 ) ;
#312 = EDGE_CURVE ( 'NONE', #2431, #5586, #7417, .T. ) ;
#313 = DIRECTION ( 'NONE',  ( -1.000000000000000000, 0.000000000000000000, -3.154042683594191669E-16 ) ) ;
#314 = PLANE ( 'NONE',  #3315 ) ;
#315 = FACE_BOUND ( 'NONE', #5485, .T. ) ;
#316 = VECTOR ( 'NONE', #6600, 1000.000000000000000 ) ;
#317 = CARTESIAN_POINT ( 'NONE',  ( -43.39745962156486314, 275.1666049839189441, 10.00000000000000000 ) ) ;
#318 = EDGE_CURVE ( 'NONE', #1935, #872, #5087, .T. ) ;
#319 = LINE ( 'NONE', #6857, #1185 ) ;
#320 = CIRCLE ( 'NONE', #4925, 5.000000000000004441 ) ;
#321 = ORIENTED_EDGE ( 'NONE', *, *, #2355, .F. ) ;
#322 = VERTEX_POINT ( 'NONE', #4624 ) ;
#323 = CARTESIAN_POINT ( 'NONE',  ( -8.273103968582558920, 242.3294364098343863, 8.000000000000028422 ) ) ;
#324 = DIRECTION ( 'NONE',  ( -2.220446049250312588E-16, -1.000000000000000000, 1.025445864033519699E-16 ) ) ;
#325 = VECTOR ( 'NONE', #647, 1000.000000000000227 ) ;
#326 = FACE_OUTER_BOUND ( 'NONE', #9021, .T. ) ;
#327 = ORIENTED_EDGE ( 'NONE', *, *, #3106, .T. ) ;
#328 = CYLINDRICAL_SURFACE ( 'NONE', #3448, 4.999999999999994671 ) ;
#329 = DIRECTION ( 'NONE',  ( -1.000000000000000000, 0.000000000000000000, 0.000000000000000000 ) ) ;
#330 = LINE ( 'NONE', #3976, #2384 ) ;
#331 = ORIENTED_EDGE ( 'NONE', *, *, #3524, .F. ) ;
#332 = VERTEX_POINT ( 'NONE', #2467 ) ;
#333 = AXIS2_PLACEMENT_3D ( 'NONE', #3995, #1125, #6927 ) ;
#334 = ORIENTED_EDGE ( 'NONE', *, *, #7948, .T. ) ;
#335 = DIRECTION ( 'NONE',  ( -0.000000000000000000, 0.000000000000000000, -1.000000000000000000 ) ) ;
#336 = DIRECTION ( 'NONE',  ( -1.000000000000000000, 0.000000000000000000, 0.000000000000000000 ) ) ;
#337 = ORIENTED_EDGE ( 'NONE', *, *, #4944, .F. ) ;
#338 = DIRECTION ( 'NONE',  ( 0.4999999999999992228, 0.8660254037844390407, -1.425800117241210969E-16 ) ) ;
#339 = DIRECTION ( 'NONE',  ( -1.000000000000000000, 2.220446049250312341E-16, -1.590700424025043174E-16 ) ) ;
#340 = DIRECTION ( 'NONE',  ( -1.635429539641433941E-16, 2.832647054857943335E-16, 1.000000000000000000 ) ) ;
#341 = ORIENTED_EDGE ( 'NONE', *, *, #4133, .T. ) ;
#342 = VERTEX_POINT ( 'NONE', #938 ) ;
#343 = LINE ( 'NONE', #6214, #5858 ) ;
#344 = DIRECTION ( 'NONE',  ( -0.3535533905932757293, 0.6123724356957980230, 0.7071067811865435759 ) ) ;
#345 = EDGE_CURVE ( 'NONE', #2329, #2488, #4628, .T. ) ;
#346 = CARTESIAN_POINT ( 'NONE',  ( -207.7461339178667004, -191.8268590218235659, 0.000000000000000000 ) ) ;
#347 = FACE_OUTER_BOUND ( 'NONE', #7845, .T. ) ;
#348 = DIRECTION ( 'NONE',  ( -0.8660254037844387076, -0.4999999999999998890, -7.703719777548943412E-34 ) ) ;
#349 = ORIENTED_EDGE ( 'NONE', *, *, #3463, .F. ) ;
#350 = DIRECTION ( 'NONE',  ( 0.000000000000000000, 0.000000000000000000, 1.000000000000000000 ) ) ;
#351 = CARTESIAN_POINT ( 'NONE',  ( -200.9935565297952849, -68.13105190364302644, 0.000000000000000000 ) ) ;
#352 = AXIS2_PLACEMENT_3D ( 'NONE', #2397, #3685, #7394 ) ;
#353 = CIRCLE ( 'NONE', #2663, 1.999999999997809086 ) ;
#354 = EDGE_LOOP ( 'NONE', ( #7406, #1742 ) ) ;
#355 = AXIS2_PLACEMENT_3D ( 'NONE', #2144, #8048, #7376 ) ;
#356 = AXIS2_PLACEMENT_3D ( 'NONE', #2890, #8, #8029 ) ;
#357 = DIRECTION ( 'NONE',  ( -0.5000000000000015543, -0.8660254037844377084, 0.000000000000000000 ) ) ;
#358 = CIRCLE ( 'NONE', #4805, 11.00000000000001066 ) ;
#359 = ADVANCED_FACE ( 'NONE', ( #6783 ), #204, .F. ) ;
#360 = CARTESIAN_POINT ( 'NONE',  ( -77.12435565295596973, -105.5833024920020051, -17.99999999999999645 ) ) ;
#361 = CARTESIAN_POINT ( 'NONE',  ( -80.21667900318301747, -242.9393636480269549, 0.000000000000000000 ) ) ;
#362 = FACE_OUTER_BOUND ( 'NONE', #570, .T. ) ;
#363 = EDGE_CURVE ( 'NONE', #1730, #8744, #490, .T. ) ;
#364 = CARTESIAN_POINT ( 'NONE',  ( 213.9999999999995453, -99.00000000000001421, 8.000000000000035527 ) ) ;
#365 = CIRCLE ( 'NONE', #1608, 9.499999999999953815 ) ;
#366 = APPROVAL_DATE_TIME ( #4836, #2711 ) ;
#367 = AXIS2_PLACEMENT_3D ( 'NONE', #3494, #6429, #810 ) ;
#368 = ORIENTED_EDGE ( 'NONE', *, *, #2005, .F. ) ;
#369 = VECTOR ( 'NONE', #5475, 1000.000000000000000 ) ;
#370 = ORIENTED_EDGE ( 'NONE', *, *, #4482, .F. ) ;
#371 = EDGE_CURVE ( 'NONE', #7240, #839, #2792, .T. ) ;
#372 = CARTESIAN_POINT ( 'NONE',  ( -109.8852632902600419, 248.3268590217633403, 10.00000000000000000 ) ) ;
#373 = AXIS2_PLACEMENT_3D ( 'NONE', #6259, #7840, #6395 ) ;
#374 = DIRECTION ( 'NONE',  ( 0.4941902632238107107, -0.8559626445094812297, 0.1519997859837830534 ) ) ;
#375 = EDGE_CURVE ( 'NONE', #706, #9249, #8092, .T. ) ;
#376 = FACE_OUTER_BOUND ( 'NONE', #7462, .T. ) ;
#377 = VERTEX_POINT ( 'NONE', #1184 ) ;
#378 = FACE_OUTER_BOUND ( 'NONE', #9030, .T. ) ;
#379 = DIRECTION ( 'NONE',  ( -0.000000000000000000, -0.000000000000000000, -1.000000000000000000 ) ) ;
#380 = CARTESIAN_POINT ( 'NONE',  ( -111.8060796608472600, 108.6538105676306145, 10.00000000000000000 ) ) ;
#381 = ORIENTED_EDGE ( 'NONE', *, *, #4235, .T. ) ;
#382 = CIRCLE ( 'NONE', #3304, 2.999999999999947153 ) ;
#383 = VERTEX_POINT ( 'NONE', #1756 ) ;
#384 = AXIS2_PLACEMENT_3D ( 'NONE', #3534, #5125, #6469 ) ;
#385 = VERTEX_POINT ( 'NONE', #8463 ) ;
#386 = CARTESIAN_POINT ( 'NONE',  ( -189.1188555722868614, -327.5634665205517422, 10.00000000000000000 ) ) ;
#387 = VECTOR ( 'NONE', #8162, 1000.000000000000000 ) ;
#388 = DIRECTION ( 'NONE',  ( -0.8660254037844387076, -0.4999999999999997780, 0.000000000000000000 ) ) ;
#389 = VERTEX_POINT ( 'NONE', #1809 ) ;
#390 = CARTESIAN_POINT ( 'NONE',  ( -42.94392033913519668, -159.3810519036429696, 10.00000000000000000 ) ) ;
#391 = AXIS2_PLACEMENT_3D ( 'NONE', #7625, #3913, #1627 ) ;
#392 = CARTESIAN_POINT ( 'NONE',  ( 290.0000000000000568, -130.5000000000000000, 10.00000000000000000 ) ) ;
#393 = AXIS2_PLACEMENT_3D ( 'NONE', #3787, #6723, #8024 ) ;
#394 = DIRECTION ( 'NONE',  ( -1.000000000000000000, 0.000000000000000000, -6.308085367188383338E-16 ) ) ;
#395 = ORIENTED_EDGE ( 'NONE', *, *, #4225, .F. ) ;
#396 = CIRCLE ( 'NONE', #7457, 5.500000000000017764 ) ;
#397 = ORIENTED_EDGE ( 'NONE', *, *, #318, .F. ) ;
#398 = VECTOR ( 'NONE', #8476, 1000.000000000000227 ) ;
#399 = LINE ( 'NONE', #3330, #178 ) ;
#400 = AXIS2_PLACEMENT_3D ( 'NONE', #1008, #5418, #3052 ) ;
#401 = CARTESIAN_POINT ( 'NONE',  ( -191.7185657822019209, -130.0662966890801329, 17.52627944162885854 ) ) ;
#402 = CARTESIAN_POINT ( 'NONE',  ( -152.1243556529558703, -235.4871130596678483, -17.99999999999999645 ) ) ;
#403 = CARTESIAN_POINT ( 'NONE',  ( 213.9999999999995453, -101.0000000000000142, -18.00000000000000355 ) ) ;
#404 = EDGE_CURVE ( 'NONE', #948, #232, #343, .T. ) ;
#405 = CARTESIAN_POINT ( 'NONE',  ( -97.12435565295595552, -140.2243186433795756, -6.938893903907228378E-15 ) ) ;
#406 = ORIENTED_EDGE ( 'NONE', *, *, #759, .F. ) ;
#407 = LINE ( 'NONE', #9297, #5740 ) ;
#408 = CARTESIAN_POINT ( 'NONE',  ( 143.5000000000000568, -83.99999999999998579, 19.49999999999998224 ) ) ;
#409 = CIRCLE ( 'NONE', #4227, 1.999999999967569497 ) ;
#410 = EDGE_CURVE ( 'NONE', #8187, #6754, #3278, .T. ) ;
#411 = ORIENTED_EDGE ( 'NONE', *, *, #8451, .T. ) ;
#412 = DIRECTION ( 'NONE',  ( 3.105958772499035924E-16, 1.025445864033519576E-16, 1.000000000000000000 ) ) ;
#413 = CARTESIAN_POINT ( 'NONE',  ( -116.9304353138135610, -92.99355652984641551, 10.00000000000000000 ) ) ;
#414 = ADVANCED_FACE ( 'NONE', ( #9093 ), #8418, .T. ) ;
#415 = DIRECTION ( 'NONE',  ( 0.4999999999999985567, -0.8660254037844394848, 3.717264591378858399E-16 ) ) ;
#416 = ORIENTED_EDGE ( 'NONE', *, *, #769, .F. ) ;
#417 = DIRECTION ( 'NONE',  ( -0.8660254037844390407, 0.4999999999999992228, 0.000000000000000000 ) ) ;
#418 = DIRECTION ( 'NONE',  ( 0.8660254037844387076, 0.4999999999999998890, -7.703719777548943412E-34 ) ) ;
#419 = EDGE_CURVE ( 'NONE', #4513, #4980, #8512, .T. ) ;
#420 = DIRECTION ( 'NONE',  ( 1.000000000000000000, 0.000000000000000000, 0.000000000000000000 ) ) ;
#421 = EDGE_CURVE ( 'NONE', #1236, #7568, #646, .T. ) ;
#422 = EDGE_CURVE ( 'NONE', #5284, #6053, #399, .T. ) ;
#423 = EDGE_LOOP ( 'NONE', ( #4759, #3793, #4001, #2630 ) ) ;
#424 = ORIENTED_EDGE ( 'NONE', *, *, #4013, .F. ) ;
#425 = LINE ( 'NONE', #8587, #79 ) ;
#426 = CARTESIAN_POINT ( 'NONE',  ( 149.9999999999994884, -99.00000000000002842, -115.0000000000000142 ) ) ;
#427 = DIRECTION ( 'NONE',  ( 1.000000000000000000, -2.220446049250313081E-16, -3.105958772499035924E-16 ) ) ;
#428 = EDGE_LOOP ( 'NONE', ( #2351, #8387, #5348, #8100 ) ) ;
#429 = PLANE ( 'NONE',  #7284 ) ;
#430 = CARTESIAN_POINT ( 'NONE',  ( -77.12435565295596973, -105.5833024920020051, 22.99999999999998579 ) ) ;
#431 = DIRECTION ( 'NONE',  ( -0.000000000000000000, -0.000000000000000000, -1.000000000000000000 ) ) ;
#432 = EDGE_CURVE ( 'NONE', #1273, #7047, #6471, .T. ) ;
#433 = EDGE_LOOP ( 'NONE', ( #2572, #4623, #3921, #4658 ) ) ;
#434 = ORIENTED_EDGE ( 'NONE', *, *, #8422, .F. ) ;
#435 = EDGE_CURVE ( 'NONE', #3373, #1732, #1728, .T. ) ;
#436 = CARTESIAN_POINT ( 'NONE',  ( -210.4961339178665867, -196.5899987426378743, 19.49999999999997158 ) ) ;
#437 = DIRECTION ( 'NONE',  ( 0.000000000000000000, 0.000000000000000000, 1.000000000000000000 ) ) ;
#438 = ORIENTED_EDGE ( 'NONE', *, *, #2033, .T. ) ;
#439 = CARTESIAN_POINT ( 'NONE',  ( -119.1243556529556713, -178.3294364098944698, 24.99999999999999289 ) ) ;
#440 = CARTESIAN_POINT ( 'NONE',  ( -261.4935565297952280, -172.9201257615600866, 10.00000000000000000 ) ) ;
#441 = DIRECTION ( 'NONE',  ( 2.220446049250312588E-16, 1.000000000000000000, -1.025445864033519699E-16 ) ) ;
#442 = AXIS2_PLACEMENT_3D ( 'NONE', #8503, #4950, #8601 ) ;
#443 = ORIENTED_EDGE ( 'NONE', *, *, #1282, .F. ) ;
#444 = ORIENTED_EDGE ( 'NONE', *, *, #8359, .T. ) ;
#445 = DIRECTION ( 'NONE',  ( -1.635429539641433941E-16, 2.832647054857943335E-16, 1.000000000000000000 ) ) ;
#446 = FACE_OUTER_BOUND ( 'NONE', #3218, .T. ) ;
#448 = CARTESIAN_POINT ( 'NONE',  ( -217.4297447047613048, -310.0634665205517422, 0.000000000000000000 ) ) ;
#447 = AXIS2_PLACEMENT_3D ( 'NONE', #9025, #2445, #5381 ) ;
#449 = DIRECTION ( 'NONE',  ( -0.000000000000000000, -0.000000000000000000, -1.000000000000000000 ) ) ;
#450 = AXIS2_PLACEMENT_3D ( 'NONE', #8943, #5878, #5346 ) ;
#451 = FACE_OUTER_BOUND ( 'NONE', #9366, .T. ) ;
#452 = ORIENTED_EDGE ( 'NONE', *, *, #3123, .F. ) ;
#453 = CARTESIAN_POINT ( 'NONE',  ( 260.0000000000000568, -14.00000000000001243, -75.00000000000001421 ) ) ;
#454 = CARTESIAN_POINT ( 'NONE',  ( -65.47372055837969640, 135.4038105676303019, -115.0000000000000426 ) ) ;
#455 = EDGE_LOOP ( 'NONE', ( #2036, #1364, #2664, #4249 ) ) ;
#456 = AXIS2_PLACEMENT_3D ( 'NONE', #4004, #6938, #3287 ) ;
#457 = AXIS2_PLACEMENT_3D ( 'NONE', #8433, #3296, #1871 ) ;
#458 = DIRECTION ( 'NONE',  ( 1.000000000000000000, 0.000000000000000000, 0.000000000000000000 ) ) ;
#459 = CARTESIAN_POINT ( 'NONE',  ( 280.5000000000000000, -100.0000000000000284, 10.00000000000000000 ) ) ;
#460 = CARTESIAN_POINT ( 'NONE',  ( -42.13526329026009876, 130.9804168089719383, 19.49999999999997158 ) ) ;
#461 = EDGE_LOOP ( 'NONE', ( #9013, #149, #8203, #2166 ) ) ;
#462 = DIRECTION ( 'NONE',  ( 0.5000000000000007772, -0.8660254037844382635, 6.308085367188392213E-16 ) ) ;
#463 = DIRECTION ( 'NONE',  ( -0.8660254037844391517, 0.4999999999999992784, 0.000000000000000000 ) ) ;
#464 = VECTOR ( 'NONE', #7126, 1000.000000000000000 ) ;
#465 = CIRCLE ( 'NONE', #7369, 2.000000000016322055 ) ;
#466 = COORDINATED_UNIVERSAL_TIME_OFFSET ( 1, 0, .AHEAD. ) ;
#467 = ORIENTED_EDGE ( 'NONE', *, *, #5662, .F. ) ;
#468 = ORIENTED_EDGE ( 'NONE', *, *, #2785, .F. ) ;
#469 = CARTESIAN_POINT ( 'NONE',  ( -62.25386608211591977, 275.8268590217633118, -3.000000000000030198 ) ) ;
#471 = EDGE_CURVE ( 'NONE', #9081, #4656, #4761, .T. ) ;
#470 = DIRECTION ( 'NONE',  ( -1.635429539641433941E-16, 2.832647054857943335E-16, 1.000000000000000000 ) ) ;
#472 = EDGE_CURVE ( 'NONE', #5501, #9180, #8467, .T. ) ;
#473 = DIRECTION ( 'NONE',  ( 3.105958772499035924E-16, 1.025445864033519576E-16, 1.000000000000000000 ) ) ;
#474 = EDGE_LOOP ( 'NONE', ( #5857, #5135 ) ) ;
#475 = DIRECTION ( 'NONE',  ( -0.3535533905932757293, 0.6123724356957980230, 0.7071067811865435759 ) ) ;
#476 = AXIS2_PLACEMENT_3D ( 'NONE', #1626, #6228, #8572 ) ;
#477 = DIRECTION ( 'NONE',  ( -0.5000000000000014433, -0.8660254037844379305, 0.000000000000000000 ) ) ;
#478 = LINE ( 'NONE', #2065, #3317 ) ;
#479 = EDGE_LOOP ( 'NONE', ( #6067, #5101, #1535, #6905 ) ) ;
#480 = EDGE_CURVE ( 'NONE', #4305, #7164, #7028, .T. ) ;
#481 = ORIENTED_EDGE ( 'NONE', *, *, #5344, .T. ) ;
#482 = EDGE_CURVE ( 'NONE', #4305, #8153, #5562, .T. ) ;
#483 = CARTESIAN_POINT ( 'NONE',  ( -200.9935565297952849, -68.13105190364302644, 10.00000000000000000 ) ) ;
#484 = CYLINDRICAL_SURFACE ( 'NONE', #9194, 9.500000000000008882 ) ;
#485 = ORIENTED_EDGE ( 'NONE', *, *, #9478, .F. ) ;
#486 = DIRECTION ( 'NONE',  ( -0.8660254037844387076, -0.4999999999999998890, 7.703719777548943412E-34 ) ) ;
#487 = EDGE_CURVE ( 'NONE', #5281, #4981, #9083, .T. ) ;
#488 = FACE_OUTER_BOUND ( 'NONE', #8682, .T. ) ;
#489 = DIRECTION ( 'NONE',  ( -0.4999999999999997224, -0.8660254037844387076, 0.000000000000000000 ) ) ;
#490 = CIRCLE ( 'NONE', #3251, 2.000000000000007550 ) ;
#491 = EDGE_LOOP ( 'NONE', ( #5820, #707 ) ) ;
#492 = VERTEX_POINT ( 'NONE', #6979 ) ;
#493 = DIRECTION ( 'NONE',  ( -0.000000000000000000, -0.000000000000000000, -1.000000000000000000 ) ) ;
#494 = FACE_BOUND ( 'NONE', #6761, .T. ) ;
#495 = EDGE_CURVE ( 'NONE', #2959, #2143, #8377, .T. ) ;
#496 = DIRECTION ( 'NONE',  ( 1.000000000000000000, 0.000000000000000000, 0.000000000000000000 ) ) ;
#497 = CARTESIAN_POINT ( 'NONE',  ( 213.9999999999995453, -101.0000000000000142, 8.000000000000035527 ) ) ;
#498 = EDGE_LOOP ( 'NONE', ( #2581, #7145 ) ) ;
#499 = CARTESIAN_POINT ( 'NONE',  ( -195.7185657822019209, -136.9944999193556328, 3.669872981077832108 ) ) ;
#500 = CARTESIAN_POINT ( 'NONE',  ( 2.746133917884198805, 163.2435565297862752, 10.00000000000000000 ) ) ;
#501 = EDGE_LOOP ( 'NONE', ( #4710, #4757, #9371, #4058 ) ) ;
#502 = FACE_OUTER_BOUND ( 'NONE', #5967, .T. ) ;
#503 = CARTESIAN_POINT ( 'NONE',  ( 149.9999999999994600, -2.370561427938470356, -115.0000000000000284 ) ) ;
#504 = CARTESIAN_POINT ( 'NONE',  ( 139.9999999999999716, -84.00000000000000000, 10.00000000000000000 ) ) ;
#505 = DIRECTION ( 'NONE',  ( -0.5000000000000008882, 0.8660254037844381525, 0.000000000000000000 ) ) ;
#506 = ORIENTED_EDGE ( 'NONE', *, *, #8487, .F. ) ;
#507 = CARTESIAN_POINT ( 'NONE',  ( -192.7365149746330246, -135.8294364098945266, -18.00000000000001066 ) ) ;
#508 = APPROVAL_ROLE ( '' ) ;
#509 = VECTOR ( 'NONE', #3122, 1000.000000000000000 ) ;
#510 = CIRCLE ( 'NONE', #48, 3.500000000000009326 ) ;
#511 = ORIENTED_EDGE ( 'NONE', *, *, #5124, .T. ) ;
#512 = VECTOR ( 'NONE', #5732, 1000.000000000000114 ) ;
#513 = ORIENTED_EDGE ( 'NONE', *, *, #1611, .T. ) ;
#514 = LINE ( 'NONE', #4197, #7452 ) ;
#515 = DIRECTION ( 'NONE',  ( -0.3535533905932752852, -0.6123724356957982451, 0.7071067811865434649 ) ) ;
#516 = EDGE_CURVE ( 'NONE', #6258, #4965, #7550, .T. ) ;
#517 = CIRCLE ( 'NONE', #2516, 3.500000000000013323 ) ;
#518 = ORIENTED_EDGE ( 'NONE', *, *, #619, .F. ) ;
#519 = CARTESIAN_POINT ( 'NONE',  ( -20.78143421778027289, 237.9944999192954924, 12.33012701892222118 ) ) ;
#520 = CIRCLE ( 'NONE', #4340, 5.500000000000005329 ) ;
#521 = DIRECTION ( 'NONE',  ( -0.8660254037844390407, 0.4999999999999992228, 0.000000000000000000 ) ) ;
#522 = CARTESIAN_POINT ( 'NONE',  ( -21.26348502534913720, 234.8294364098343863, -137.5000000000000000 ) ) ;
#523 = EDGE_CURVE ( 'NONE', #129, #8334, #9240, .T. ) ;
#524 = EDGE_LOOP ( 'NONE', ( #2887, #3705 ) ) ;
#525 = AXIS2_PLACEMENT_3D ( 'NONE', #5786, #4232, #3559 ) ;
#526 = ORIENTED_EDGE ( 'NONE', *, *, #4543, .F. ) ;
#527 = AXIS2_PLACEMENT_3D ( 'NONE', #6840, #7371, #62 ) ;
#528 = DIRECTION ( 'NONE',  ( -0.8660254037844390407, 0.4999999999999992784, 0.000000000000000000 ) ) ;
#529 = DIRECTION ( 'NONE',  ( 0.4999999999999985567, -0.8660254037844394848, 3.717264591378858399E-16 ) ) ;
#530 = VERTEX_POINT ( 'NONE', #6456 ) ;
#531 = FACE_OUTER_BOUND ( 'NONE', #5357, .T. ) ;
#532 = DIRECTION ( 'NONE',  ( 1.000000000000000000, -3.469446951953611231E-16, 0.000000000000000000 ) ) ;
#533 = VECTOR ( 'NONE', #6062, 1000.000000000000114 ) ;
#534 = CARTESIAN_POINT ( 'NONE',  ( -188.0163151938431270, -64.65381056769086854, 10.00000000000000000 ) ) ;
#535 = AXIS2_PLACEMENT_3D ( 'NONE', #9094, #9148, #4674 ) ;
#536 = ADVANCED_FACE ( 'NONE', ( #2861 ), #7269, .T. ) ;
#537 = EDGE_CURVE ( 'NONE', #4267, #9314, #4284, .T. ) ;
#538 = VERTEX_POINT ( 'NONE', #5791 ) ;
#539 = EDGE_CURVE ( 'NONE', #8744, #1730, #6016, .T. ) ;
#540 = VERTEX_POINT ( 'NONE', #2721 ) ;
#541 = AXIS2_PLACEMENT_3D ( 'NONE', #5129, #3632, #661 ) ;
#542 = DIRECTION ( 'NONE',  ( -0.8660254037844390407, 0.4999999999999992228, 0.000000000000000000 ) ) ;
#543 = AXIS2_PLACEMENT_3D ( 'NONE', #7527, #5319, #2429 ) ;
#544 = CARTESIAN_POINT ( 'NONE',  ( 213.9999999999995453, -114.0000000000000142, 8.000000000000035527 ) ) ;
#545 = CARTESIAN_POINT ( 'NONE',  ( -93.19392033913517537, -246.4166049839790844, 10.00000000000000000 ) ) ;
#546 = AXIS2_PLACEMENT_3D ( 'NONE', #189, #3213, #1649 ) ;
#547 = CARTESIAN_POINT ( 'NONE',  ( -106.8852632902927837, 248.3268590217633403, 10.00000000000000000 ) ) ;
#548 = ORIENTED_EDGE ( 'NONE', *, *, #3485, .F. ) ;
#549 = CARTESIAN_POINT ( 'NONE',  ( -5.773103968582561585, 237.9993093909122024, -18.00000000000001066 ) ) ;
#550 = EDGE_CURVE ( 'NONE', #1651, #6487, #1271, .T. ) ;
#551 = DIRECTION ( 'NONE',  ( 0.000000000000000000, 0.000000000000000000, 1.000000000000000000 ) ) ;
#552 = VECTOR ( 'NONE', #1006, 1000.000000000000000 ) ;
#553 = ORIENTED_EDGE ( 'NONE', *, *, #6981, .T. ) ;
#554 = VECTOR ( 'NONE', #4975, 1000.000000000000000 ) ;
#555 = EDGE_CURVE ( 'NONE', #377, #3829, #7226, .T. ) ;
#556 = AXIS2_PLACEMENT_3D ( 'NONE', #7578, #3965, #3777 ) ;
#557 = EDGE_CURVE ( 'NONE', #2107, #5637, #9345, .T. ) ;
#558 = ADVANCED_FACE ( 'NONE', ( #5021 ), #9394, .F. ) ;
#559 = DIRECTION ( 'NONE',  ( 1.000000000000000000, 0.000000000000000000, 0.000000000000000000 ) ) ;
#560 = FACE_OUTER_BOUND ( 'NONE', #4259, .T. ) ;
#561 = DIRECTION ( 'NONE',  ( -1.000000000000000000, 6.769652589177797684E-16, 0.000000000000000000 ) ) ;
#562 = DIRECTION ( 'NONE',  ( -3.435759386066699840E-16, 1.025445864033521055E-16, 1.000000000000000000 ) ) ;
#563 = ORIENTED_EDGE ( 'NONE', *, *, #3250, .F. ) ;
#564 = DIRECTION ( 'NONE',  ( 1.000000000000000000, 0.000000000000000000, 0.000000000000000000 ) ) ;
#565 = APPROVAL_PERSON_ORGANIZATION ( #566, #2010, #508 ) ;
#566 = PERSON_AND_ORGANIZATION ( #3110, #5628 ) ;
#567 = EDGE_LOOP ( 'NONE', ( #1147, #223, #2304, #1373 ) ) ;
#568 = VERTEX_POINT ( 'NONE', #7995 ) ;
#569 = EDGE_CURVE ( 'NONE', #2093, #4634, #7176, .T. ) ;
#570 = EDGE_LOOP ( 'NONE', ( #2163, #973, #1853, #4040 ) ) ;
#571 = DIRECTION ( 'NONE',  ( 1.635429539641431722E-16, 2.832647054857944814E-16, 1.000000000000000000 ) ) ;
#572 = DIRECTION ( 'NONE',  ( -2.220446049250312588E-16, -1.000000000000000000, 1.025445864033519699E-16 ) ) ;
#573 = EDGE_LOOP ( 'NONE', ( #8861, #4726, #902, #6821 ) ) ;
#574 = DIRECTION ( 'NONE',  ( 0.8660254037844391517, -0.4999999999999992784, -0.000000000000000000 ) ) ;
#575 = CYLINDRICAL_SURFACE ( 'NONE', #367, 5.000000000000004441 ) ;
#576 = DIRECTION ( 'NONE',  ( -1.000000000000000000, 0.000000000000000000, 0.000000000000000000 ) ) ;
#577 = ORIENTED_EDGE ( 'NONE', *, *, #5, .T. ) ;
#578 = ORIENTED_EDGE ( 'NONE', *, *, #771, .F. ) ;
#579 = CARTESIAN_POINT ( 'NONE',  ( 2.746133917884023390, 163.2435565297863604, 19.49999999999997513 ) ) ;
#580 = CARTESIAN_POINT ( 'NONE',  ( -158.8079664398314605, -345.0634665205517422, 0.000000000000000000 ) ) ;
#581 = ORIENTED_EDGE ( 'NONE', *, *, #3776, .F. ) ;
#582 = FACE_OUTER_BOUND ( 'NONE', #9044, .T. ) ;
#583 = FACE_OUTER_BOUND ( 'NONE', #9087, .T. ) ;
#584 = CARTESIAN_POINT ( 'NONE',  ( -144.8743556529556429, -222.9297447047930802, -69.50000000000056843 ) ) ;
#585 = EDGE_LOOP ( 'NONE', ( #3838, #7480 ) ) ;
#586 = ORIENTED_EDGE ( 'NONE', *, *, #5339, .T. ) ;
#587 = DIRECTION ( 'NONE',  ( 1.635429539641433941E-16, -2.832647054857943335E-16, -1.000000000000000000 ) ) ;
#588 = DIRECTION ( 'NONE',  ( -1.000000000000000000, 0.000000000000000000, 0.000000000000000000 ) ) ;
#589 = LINE ( 'NONE', #547, #5505 ) ;
#590 = VERTEX_POINT ( 'NONE', #2765 ) ;
#591 = ADVANCED_FACE ( 'NONE', ( #9442 ), #3523, .T. ) ;
#592 = CARTESIAN_POINT ( 'NONE',  ( 270.0000000000000000, -84.00000000000000000, 0.000000000000000000 ) ) ;
#593 = AXIS2_PLACEMENT_3D ( 'NONE', #4765, #9053, #2517 ) ;
#594 = EDGE_CURVE ( 'NONE', #7135, #6526, #4974, .T. ) ;
#595 = DIRECTION ( 'NONE',  ( 0.5000000000000007772, -0.8660254037844382635, -6.308085367188392213E-16 ) ) ;
#596 = CIRCLE ( 'NONE', #4418, 2.999999999980962340 ) ;
#597 = ORIENTED_EDGE ( 'NONE', *, *, #8001, .F. ) ;
#598 = VECTOR ( 'NONE', #5827, 1000.000000000000114 ) ;
#599 = CIRCLE ( 'NONE', #4427, 5.500000000000005329 ) ;
#600 = DIRECTION ( 'NONE',  ( 0.5000000000000003331, -0.8660254037844385966, 0.000000000000000000 ) ) ;
#601 = DIRECTION ( 'NONE',  ( -0.000000000000000000, -0.000000000000000000, -1.000000000000000000 ) ) ;
#602 = FACE_OUTER_BOUND ( 'NONE', #2641, .T. ) ;
#603 = DIRECTION ( 'NONE',  ( -2.220446049250312588E-16, -1.000000000000000000, 1.025445864033519699E-16 ) ) ;
#604 = ORIENTED_EDGE ( 'NONE', *, *, #2665, .F. ) ;
#605 = DIRECTION ( 'NONE',  ( -1.635429539641431969E-16, -2.832647054857945307E-16, 1.000000000000000000 ) ) ;
#606 = EDGE_CURVE ( 'NONE', #2554, #1852, #8599, .T. ) ;
#607 = CIRCLE ( 'NONE', #3661, 5.500000000000005329 ) ;
#608 = AXIS2_PLACEMENT_3D ( 'NONE', #2937, #1686, #6147 ) ;
#609 = EDGE_CURVE ( 'NONE', #4980, #4256, #5065, .T. ) ;
#610 = AXIS2_PLACEMENT_3D ( 'NONE', #2808, #3566, #4329 ) ;
#611 = VERTEX_POINT ( 'NONE', #7952 ) ;
#612 = EDGE_LOOP ( 'NONE', ( #984, #3157 ) ) ;
#613 = ORIENTED_EDGE ( 'NONE', *, *, #1541, .T. ) ;
#614 = VECTOR ( 'NONE', #4871, 1000.000000000000000 ) ;
#616 = AXIS2_PLACEMENT_3D ( 'NONE', #5454, #5549, #7564 ) ;
#615 = PLANE ( 'NONE',  #3306 ) ;
#617 = DIRECTION ( 'NONE',  ( 0.5000000000000000000, 0.8660254037844385966, 0.000000000000000000 ) ) ;
#618 = CIRCLE ( 'NONE', #4132, 1.999999999999995781 ) ;
#619 = EDGE_CURVE ( 'NONE', #7235, #4750, #3480, .T. ) ;
#620 = ORIENTED_EDGE ( 'NONE', *, *, #3630, .F. ) ;
#621 = LINE ( 'NONE', #7151, #2377 ) ;
#622 = DIRECTION ( 'NONE',  ( -3.435759386066700333E-16, 1.025445864033521055E-16, 1.000000000000000000 ) ) ;
#623 = DIRECTION ( 'NONE',  ( -0.8660254037844390407, 0.4999999999999992228, 0.000000000000000000 ) ) ;
#624 = ORIENTED_EDGE ( 'NONE', *, *, #1187, .T. ) ;
#625 = VERTEX_POINT ( 'NONE', #7085 ) ;
#626 = VECTOR ( 'NONE', #2097, 1000.000000000000114 ) ;
#627 = ORIENTED_EDGE ( 'NONE', *, *, #3478, .T. ) ;
#628 = DIRECTION ( 'NONE',  ( 1.649003067838308177E-17, -1.025445864033520315E-16, -1.000000000000000000 ) ) ;
#629 = DIRECTION ( 'NONE',  ( -1.000000000000000000, 0.000000000000000000, 0.000000000000000000 ) ) ;
#630 = ORIENTED_EDGE ( 'NONE', *, *, #8295, .T. ) ;
#631 = CARTESIAN_POINT ( 'NONE',  ( -119.9304353137946606, -94.72560733741532601, 10.00000000000000178 ) ) ;
#632 = CARTESIAN_POINT ( 'NONE',  ( 278.0000000000000000, -99.00000000000002842, 25.00000000000000711 ) ) ;
#633 = DIRECTION ( 'NONE',  ( 0.4941902632238114879, -0.8559626445094808966, 0.1519997859837828591 ) ) ;
#634 = EDGE_LOOP ( 'NONE', ( #7041, #7790, #7333, #253 ) ) ;
#635 = OPEN_SHELL ( 'NONE', ( #1950, #6572, #5075, #2553, #7657, #3858, #3421, #4820, #8285, #8010, #7939, #4633, #1135, #8537, #2457, #5229, #591, #4812, #5013, #6365, #2184, #26, #3960, #3640, #5245, #1962, #7486, #8688, #6537, #7483, #8610, #2892, #6466, #1676, #8637, #4524, #5109, #1298, #7523, #130, #558, #2293, #7862, #1066 ) ) ;
#636 = ORIENTED_EDGE ( 'NONE', *, *, #6075, .T. ) ;
#637 = DIRECTION ( 'NONE',  ( 1.000000000000000000, 0.000000000000000000, 0.000000000000000000 ) ) ;
#638 = CARTESIAN_POINT ( 'NONE',  ( -162.0560796608473595, 195.6893636479667009, 10.00000000000000000 ) ) ;
#639 = DIRECTION ( 'NONE',  ( -0.000000000000000000, -0.000000000000000000, -1.000000000000000000 ) ) ;
#640 = EDGE_LOOP ( 'NONE', ( #3439, #8819 ) ) ;
#641 = CYLINDRICAL_SURFACE ( 'NONE', #678, 9.499999999999991118 ) ;
#642 = CIRCLE ( 'NONE', #798, 2.000000000000001776 ) ;
#643 = DIRECTION ( 'NONE',  ( -0.000000000000000000, -0.000000000000000000, -1.000000000000000000 ) ) ;
#644 = ORIENTED_EDGE ( 'NONE', *, *, #7880, .T. ) ;
#645 = ADVANCED_FACE ( 'NONE', ( #560 ), #9307, .T. ) ;
#646 = CIRCLE ( 'NONE', #4014, 10.00000000000000178 ) ;
#647 = DIRECTION ( 'NONE',  ( -0.8660254037844384856, -0.5000000000000001110, 0.000000000000000000 ) ) ;
#648 = DIRECTION ( 'NONE',  ( 0.8660254037844387076, 0.4999999999999998890, 0.000000000000000000 ) ) ;
#649 = CARTESIAN_POINT ( 'NONE',  ( 270.0000000000000000, -56.50000000000000000, 0.000000000000000000 ) ) ;
#650 = DIRECTION ( 'NONE',  ( -1.000000000000000000, 0.000000000000000000, 0.000000000000000000 ) ) ;
#651 = EDGE_LOOP ( 'NONE', ( #6819, #5994 ) ) ;
#652 = DIRECTION ( 'NONE',  ( -1.000000000000000000, 0.000000000000000000, 0.000000000000000000 ) ) ;
#653 = CARTESIAN_POINT ( 'NONE',  ( -19.53143421778025868, 235.8294364098344147, -18.00000000000001421 ) ) ;
#654 = ORIENTED_EDGE ( 'NONE', *, *, #9185, .T. ) ;
#655 = ORIENTED_EDGE ( 'NONE', *, *, #6650, .F. ) ;
#656 = EDGE_CURVE ( 'NONE', #3973, #2474, #8573, .T. ) ;
#657 = VERTEX_POINT ( 'NONE', #7905 ) ;
#658 = CYLINDRICAL_SURFACE ( 'NONE', #384, 5.500000000000008882 ) ;
#659 = DIRECTION ( 'NONE',  ( -0.8660254037844391517, 0.4999999999999992784, 0.000000000000000000 ) ) ;
#660 = ORIENTED_EDGE ( 'NONE', *, *, #4996, .F. ) ;
#661 = DIRECTION ( 'NONE',  ( -1.000000000000000000, 0.000000000000000000, 0.000000000000000000 ) ) ;
#662 = DIRECTION ( 'NONE',  ( 1.000000000000000000, -2.220446049250312588E-16, 1.649003067838320811E-17 ) ) ;
#663 = VECTOR ( 'NONE', #6157, 1000.000000000000114 ) ;
#664 = DIRECTION ( 'NONE',  ( -0.5000000000000003331, 0.8660254037844383745, 0.000000000000000000 ) ) ;
#665 = AXIS2_PLACEMENT_3D ( 'NONE', #6491, #3512, #5825 ) ;
#666 = VERTEX_POINT ( 'NONE', #8672 ) ;
#667 = EDGE_CURVE ( 'NONE', #3648, #311, #19, .T. ) ;
#668 = ORIENTED_EDGE ( 'NONE', *, *, #6477, .T. ) ;
#669 = EDGE_CURVE ( 'NONE', #3530, #4656, #4435, .T. ) ;
#670 = CIRCLE ( 'NONE', #3274, 5.500000000000017764 ) ;
#671 = VECTOR ( 'NONE', #521, 1000.000000000000114 ) ;
#672 = CARTESIAN_POINT ( 'NONE',  ( -83.66025403781794978, -124.9038105676903285, -115.0000000000000142 ) ) ;
#673 = CARTESIAN_POINT ( 'NONE',  ( 127.4999999999995595, -13.99999999999998401, -127.5000000000000284 ) ) ;
#674 = ORIENTED_EDGE ( 'NONE', *, *, #852, .T. ) ;
#675 = DIRECTION ( 'NONE',  ( 0.8660254037844391517, -0.4999999999999992784, 0.000000000000000000 ) ) ;
#676 = CYLINDRICAL_SURFACE ( 'NONE', #6281, 5.000000000000004441 ) ;
#677 = CARTESIAN_POINT ( 'NONE',  ( 280.5000000000000000, -130.5000000000000000, 0.000000000000000000 ) ) ;
#678 = AXIS2_PLACEMENT_3D ( 'NONE', #2986, #2089, #2270 ) ;
#679 = ORIENTED_EDGE ( 'NONE', *, *, #3684, .F. ) ;
#680 = CIRCLE ( 'NONE', #5130, 9.499999999999953815 ) ;
#681 = EDGE_LOOP ( 'NONE', ( #224, #8608, #6333, #8969 ) ) ;
#682 = CIRCLE ( 'NONE', #8501, 3.500000000000003109 ) ;
#683 = DIRECTION ( 'NONE',  ( 0.000000000000000000, 0.000000000000000000, 1.000000000000000000 ) ) ;
#684 = CYLINDRICAL_SURFACE ( 'NONE', #8485, 2.999999999980962340 ) ;
#685 = AXIS2_PLACEMENT_3D ( 'NONE', #1358, #7160, #3502 ) ;
#686 = DIRECTION ( 'NONE',  ( -0.2499999999999998890, 0.4330127018922188542, -0.8660254037844389297 ) ) ;
#688 = VERTEX_POINT ( 'NONE', #7471 ) ;
#687 = CIRCLE ( 'NONE', #7277, 9.499999999999987566 ) ;
#689 = DIRECTION ( 'NONE',  ( -0.000000000000000000, -0.000000000000000000, -1.000000000000000000 ) ) ;
#690 = CIRCLE ( 'NONE', #535, 2.999999999967251085 ) ;
#691 = LINE ( 'NONE', #8566, #7355 ) ;
#692 = VERTEX_POINT ( 'NONE', #8905 ) ;
#693 = CIRCLE ( 'NONE', #860, 1.999999999981072474 ) ;
#694 = EDGE_CURVE ( 'NONE', #3514, #7264, #3759, .T. ) ;
#695 = DIRECTION ( 'NONE',  ( 0.8660254037844387076, 0.4999999999999998890, 0.000000000000000000 ) ) ;
#696 = VECTOR ( 'NONE', #1112, 1000.000000000000000 ) ;
#697 = DIRECTION ( 'NONE',  ( 1.635429539641431722E-16, 2.832647054857944814E-16, 1.000000000000000000 ) ) ;
#698 = CARTESIAN_POINT ( 'NONE',  ( 143.5000000000000568, -28.99999999999998579, 19.49999999999997513 ) ) ;
#699 = CARTESIAN_POINT ( 'NONE',  ( 136.9999999999999716, -29.00000000000000000, 10.00000000000000000 ) ) ;
#700 = ORIENTED_EDGE ( 'NONE', *, *, #7605, .T. ) ;
#701 = DIRECTION ( 'NONE',  ( 1.000000000000000000, 0.000000000000000000, 0.000000000000000000 ) ) ;
#702 = CIRCLE ( 'NONE', #6068, 11.00000000000000000 ) ;
#703 = CARTESIAN_POINT ( 'NONE',  ( 136.5000000000000284, -83.99999999999998579, 19.49999999999998224 ) ) ;
#704 = AXIS2_PLACEMENT_3D ( 'NONE', #3816, #3093, #6032 ) ;
#705 = CIRCLE ( 'NONE', #2539, 5.999999999981048049 ) ;
#706 = VERTEX_POINT ( 'NONE', #1474 ) ;
#707 = ORIENTED_EDGE ( 'NONE', *, *, #4470, .T. ) ;
#708 = ADVANCED_FACE ( 'NONE', ( #2948 ), #4578, .T. ) ;
#709 = CIRCLE ( 'NONE', #1934, 5.000000000000004441 ) ;
#710 = VERTEX_POINT ( 'NONE', #6021 ) ;
#711 = AXIS2_PLACEMENT_3D ( 'NONE', #6643, #8673, #1617 ) ;
#712 = DIRECTION ( 'NONE',  ( -1.635429539641434187E-16, 2.832647054857943828E-16, 1.000000000000000000 ) ) ;
#713 = VECTOR ( 'NONE', #623, 1000.000000000000114 ) ;
#714 = PLANE ( 'NONE',  #6967 ) ;
#715 = ADVANCED_FACE ( 'NONE', ( #2371, #796 ), #8763, .T. ) ;
#716 = ORIENTED_EDGE ( 'NONE', *, *, #5992, .F. ) ;
#717 = EDGE_CURVE ( 'NONE', #8119, #4182, #7419, .T. ) ;
#718 = LINE ( 'NONE', #6386, #3914 ) ;
#719 = EDGE_CURVE ( 'NONE', #8324, #3882, #5209, .T. ) ;
#720 = FACE_OUTER_BOUND ( 'NONE', #8696, .T. ) ;
#721 = FACE_OUTER_BOUND ( 'NONE', #3374, .T. ) ;
#722 = ORIENTED_EDGE ( 'NONE', *, *, #6298, .F. ) ;
#723 = VERTEX_POINT ( 'NONE', #1616 ) ;
#724 = CARTESIAN_POINT ( 'NONE',  ( -205.7268960313996047, -128.3294364098945550, 8.000000000000028422 ) ) ;
#725 = ORIENTED_EDGE ( 'NONE', *, *, #9484, .T. ) ;
#726 = CARTESIAN_POINT ( 'NONE',  ( -59.25386608214811446, 275.8268590217634255, 10.00000000000000000 ) ) ;
#727 = CARTESIAN_POINT ( 'NONE',  ( 140.0000000000000284, -83.99999999999998579, 19.49999999999998224 ) ) ;
#728 = VERTEX_POINT ( 'NONE', #5110 ) ;
#729 = DIRECTION ( 'NONE',  ( 2.220446049250312588E-16, 1.000000000000000000, -1.025445864033519699E-16 ) ) ;
#730 = EDGE_CURVE ( 'NONE', #5889, #6727, #5844, .T. ) ;
#731 = CYLINDRICAL_SURFACE ( 'NONE', #6959, 5.500000000000005329 ) ;
#732 = CARTESIAN_POINT ( 'NONE',  ( 140.0000000000000284, -28.99999999999998579, 19.49999999999997513 ) ) ;
#733 = EDGE_CURVE ( 'NONE', #8461, #3011, #5881, .T. ) ;
#734 = ORIENTED_EDGE ( 'NONE', *, *, #1839, .T. ) ;
#735 = EDGE_CURVE ( 'NONE', #7823, #8913, #5227, .T. ) ;
#736 = ORIENTED_EDGE ( 'NONE', *, *, #5928, .F. ) ;
#737 = CARTESIAN_POINT ( 'NONE',  ( 149.9999999999994600, -13.99999999999999467, -115.0000000000000284 ) ) ;
#738 = LINE ( 'NONE', #7987, #7255 ) ;
#739 = LINE ( 'NONE', #3792, #7340 ) ;
#740 = EDGE_LOOP ( 'NONE', ( #2782, #6480 ) ) ;
#741 = CARTESIAN_POINT ( 'NONE',  ( -183.1188555723051934, 327.5634665204914882, 10.00000000000000000 ) ) ;
#742 = EDGE_CURVE ( 'NONE', #8576, #3539, #4386, .T. ) ;
#743 = DIRECTION ( 'NONE',  ( -0.000000000000000000, -0.000000000000000000, -1.000000000000000000 ) ) ;
#744 = EDGE_LOOP ( 'NONE', ( #8314, #7551, #1753, #7489 ) ) ;
#745 = FACE_BOUND ( 'NONE', #1840, .T. ) ;
#746 = FACE_OUTER_BOUND ( 'NONE', #8289, .T. ) ;
#747 = DIRECTION ( 'NONE',  ( -0.8660254037844390407, 0.4999999999999992228, 0.000000000000000000 ) ) ;
#748 = DIRECTION ( 'NONE',  ( -0.4999999999999998890, 0.8660254037844387076, 0.000000000000000000 ) ) ;
#749 = EDGE_LOOP ( 'NONE', ( #4671, #8349 ) ) ;
#750 = CARTESIAN_POINT ( 'NONE',  ( -399.2377111446260187, 230.4999999999999432, 10.00000000000000000 ) ) ;
#751 = DIRECTION ( 'NONE',  ( 0.4999999999999998890, -0.8660254037844387076, -1.425800117241211216E-16 ) ) ;
#752 = AXIS2_PLACEMENT_3D ( 'NONE', #3915, #6998, #5509 ) ;
#753 = ORIENTED_EDGE ( 'NONE', *, *, #5705, .F. ) ;
#754 = AXIS2_PLACEMENT_3D ( 'NONE', #7793, #6343, #2072 ) ;
#755 = AXIS2_PLACEMENT_3D ( 'NONE', #7606, #6972, #1894 ) ;
#756 = ORIENTED_EDGE ( 'NONE', *, *, #9304, .F. ) ;
#757 = ORIENTED_EDGE ( 'NONE', *, *, #167, .T. ) ;
#758 = LINE ( 'NONE', #4297, #2693 ) ;
#759 = EDGE_CURVE ( 'NONE', #3718, #9374, #5977, .T. ) ;
#760 = DIRECTION ( 'NONE',  ( -0.7071067811865489050, 2.295192182881577078E-16, 0.7071067811865462405 ) ) ;
#761 = AXIS2_PLACEMENT_3D ( 'NONE', #1356, #2644, #7158 ) ;
#762 = AXIS2_PLACEMENT_3D ( 'NONE', #5068, #2863, #4534 ) ;
#763 = ORIENTED_EDGE ( 'NONE', *, *, #2290, .T. ) ;
#764 = LINE ( 'NONE', #5324, #9301 ) ;
#765 = CARTESIAN_POINT ( 'NONE',  ( -140.9961339178667288, -76.21246761660093227, 10.00000000000000178 ) ) ;
#766 = CARTESIAN_POINT ( 'NONE',  ( -170.2833209967994890, 190.9393636479667293, 10.00000000000000000 ) ) ;
#767 = ORIENTED_EDGE ( 'NONE', *, *, #2414, .F. ) ;
#768 = AXIS2_PLACEMENT_3D ( 'NONE', #497, #2657, #7988 ) ;
#769 = EDGE_CURVE ( 'NONE', #2479, #6127, #1094, .T. ) ;
#770 = ORIENTED_EDGE ( 'NONE', *, *, #3588, .F. ) ;
#771 = EDGE_CURVE ( 'NONE', #5690, #240, #63, .T. ) ;
#772 = CARTESIAN_POINT ( 'NONE',  ( 250.5000000000000568, 42.50000000000000711, 10.00000000000000000 ) ) ;
#773 = DIRECTION ( 'NONE',  ( -0.8660254037844391517, 0.4999999999999992784, 0.000000000000000000 ) ) ;
#774 = CARTESIAN_POINT ( 'NONE',  ( 21.98651497465085214, 159.9182389824804602, -102.5000000000000142 ) ) ;
#775 = ORIENTED_EDGE ( 'NONE', *, *, #1674, .F. ) ;
#776 = DIRECTION ( 'NONE',  ( 0.8660254037844387076, 0.4999999999999998890, 0.000000000000000000 ) ) ;
#777 = LINE ( 'NONE', #6624, #2669 ) ;
#778 = DIRECTION ( 'NONE',  ( 0.5000000000000007772, -0.8660254037844382635, -6.308085367188392213E-16 ) ) ;
#779 = EDGE_CURVE ( 'NONE', #4898, #5327, #3664, .T. ) ;
#780 = ORIENTED_EDGE ( 'NONE', *, *, #8521, .T. ) ;
#781 = VERTEX_POINT ( 'NONE', #8044 ) ;
#782 = ADVANCED_FACE ( 'NONE', ( #9488 ), #2995, .T. ) ;
#783 = CARTESIAN_POINT ( 'NONE',  ( 21.98651497465085214, 159.9182389824804602, -127.5000000000000284 ) ) ;
#784 = CYLINDRICAL_SURFACE ( 'NONE', #1139, 5.500000000000005329 ) ;
#785 = ADVANCED_FACE ( 'NONE', ( #746 ), #8858, .T. ) ;
#786 = AXIS2_PLACEMENT_3D ( 'NONE', #5836, #6697, #3037 ) ;
#787 = PLANE ( 'NONE',  #7359 ) ;
#788 = ORIENTED_EDGE ( 'NONE', *, *, #1733, .F. ) ;
#789 = CARTESIAN_POINT ( 'NONE',  ( -31.98368480613950737, 316.3973670974521042, 0.000000000000000000 ) ) ;
#790 = CARTESIAN_POINT ( 'NONE',  ( 290.0000000000000568, -130.5000000000000000, 0.000000000000000000 ) ) ;
#791 = CIRCLE ( 'NONE', #5698, 10.00000000000000178 ) ;
#792 = VERTEX_POINT ( 'NONE', #3902 ) ;
#793 = EDGE_CURVE ( 'NONE', #4734, #8063, #8327, .T. ) ;
#794 = FACE_BOUND ( 'NONE', #66, .T. ) ;
#795 = CARTESIAN_POINT ( 'NONE',  ( -142.7461339178667288, -79.24355652984645815, 19.49999999999997513 ) ) ;
#796 = FACE_BOUND ( 'NONE', #7304, .T. ) ;
#797 = CARTESIAN_POINT ( 'NONE',  ( -95.11473670972256400, -106.7435565298464013, 19.49999999999997513 ) ) ;
#798 = AXIS2_PLACEMENT_3D ( 'NONE', #3387, #7811, #4827 ) ;
#799 = CARTESIAN_POINT ( 'NONE',  ( 10.73651497465086280, 179.4038105676303019, -115.0000000000000142 ) ) ;
#800 = ORIENTED_EDGE ( 'NONE', *, *, #1388, .T. ) ;
#801 = LINE ( 'NONE', #3668, #3731 ) ;
#802 = CYLINDRICAL_SURFACE ( 'NONE', #7677, 5.999999999981048049 ) ;
#803 = ORIENTED_EDGE ( 'NONE', *, *, #1155, .T. ) ;
#804 = VERTEX_POINT ( 'NONE', #4810 ) ;
#805 = VERTEX_POINT ( 'NONE', #6217 ) ;
#806 = CARTESIAN_POINT ( 'NONE',  ( -399.2377111446260187, 230.4999999999999432, 10.00000000000000000 ) ) ;
#807 = FACE_OUTER_BOUND ( 'NONE', #31, .T. ) ;
#808 = ORIENTED_EDGE ( 'NONE', *, *, #5532, .F. ) ;
#809 = LINE ( 'NONE', #3775, #1628 ) ;
#810 = DIRECTION ( 'NONE',  ( -1.000000000000000000, 0.000000000000000000, 0.000000000000000000 ) ) ;
#811 = PLANE ( 'NONE',  #9456 ) ;
#812 = ORIENTED_EDGE ( 'NONE', *, *, #2813, .F. ) ;
#813 = VERTEX_POINT ( 'NONE', #206 ) ;
#814 = CARTESIAN_POINT ( 'NONE',  ( -88.06956468615554456, 262.0768590217633687, 10.00000000000000000 ) ) ;
#815 = VERTEX_POINT ( 'NONE', #1127 ) ;
#816 = DIRECTION ( 'NONE',  ( 0.2499999999999998335, 0.4330127018922207416, 0.8660254037844379305 ) ) ;
#817 = VECTOR ( 'NONE', #4556, 1000.000000000000227 ) ;
#818 = CARTESIAN_POINT ( 'NONE',  ( -157.1147367097249230, -219.3268590218235659, 10.00000000000000000 ) ) ;
#819 = ORIENTED_EDGE ( 'NONE', *, *, #7835, .T. ) ;
#820 = CARTESIAN_POINT ( 'NONE',  ( -111.8060796608472600, 108.6538105676306145, 0.000000000000000000 ) ) ;
#821 = AXIS2_PLACEMENT_3D ( 'NONE', #8169, #7552, #151 ) ;
#822 = DIRECTION ( 'NONE',  ( 0.000000000000000000, 0.000000000000000000, 1.000000000000000000 ) ) ;
#823 = CARTESIAN_POINT ( 'NONE',  ( -62.25386608211591977, 275.8268590217634255, 10.00000000000000000 ) ) ;
#824 = EDGE_CURVE ( 'NONE', #6174, #4389, #6530, .T. ) ;
#825 = ORIENTED_EDGE ( 'NONE', *, *, #5875, .T. ) ;
#826 = VERTEX_POINT ( 'NONE', #1758 ) ;
#827 = ORIENTED_EDGE ( 'NONE', *, *, #2193, .F. ) ;
#828 = AXIS2_PLACEMENT_3D ( 'NONE', #6722, #2263, #3691 ) ;
#829 = CARTESIAN_POINT ( 'NONE',  ( -139.7461339178857145, -79.24355652984641551, 10.00000000000000000 ) ) ;
#830 = FACE_OUTER_BOUND ( 'NONE', #2542, .T. ) ;
#831 = VERTEX_POINT ( 'NONE', #6170 ) ;
#832 = DIRECTION ( 'NONE',  ( 0.8660254037844387076, 0.4999999999999998890, 0.000000000000000000 ) ) ;
#833 = DIRECTION ( 'NONE',  ( -2.220446049250312588E-16, -1.000000000000000000, 1.025445864033519699E-16 ) ) ;
#834 = CIRCLE ( 'NONE', #1913, 6.000000000016575186 ) ;
#835 = EDGE_CURVE ( 'NONE', #5658, #4266, #4044, .T. ) ;
#836 = ADVANCED_FACE ( 'NONE', ( #4626 ), #5547, .F. ) ;
#837 = VECTOR ( 'NONE', #5854, 1000.000000000000000 ) ;
#838 = EDGE_CURVE ( 'NONE', #6160, #2247, #1333, .T. ) ;
#839 = VERTEX_POINT ( 'NONE', #9095 ) ;
#840 = VECTOR ( 'NONE', #7710, 1000.000000000000000 ) ;
#841 = FACE_BOUND ( 'NONE', #6778, .T. ) ;
#842 = CARTESIAN_POINT ( 'NONE',  ( -192.7365149746330246, -135.8294364098945266, -137.5000000000000000 ) ) ;
#843 = AXIS2_PLACEMENT_3D ( 'NONE', #5624, #8547, #7830 ) ;
#844 = CARTESIAN_POINT ( 'NONE',  ( -170.7365149746333088, -97.72431864337963248, -18.00000000000000711 ) ) ;
#845 = DIRECTION ( 'NONE',  ( 0.2500000000000001665, 0.4330127018922187432, 0.8660254037844388186 ) ) ;
#846 = CARTESIAN_POINT ( 'NONE',  ( 376.2377111446261324, -35.00000000000000000, 10.00000000000000000 ) ) ;
#847 = ORIENTED_EDGE ( 'NONE', *, *, #5864, .T. ) ;
#848 = CYLINDRICAL_SURFACE ( 'NONE', #3573, 2.000000000016322055 ) ;
#849 = CARTESIAN_POINT ( 'NONE',  ( -23.06956468620458622, 149.4935565297863036, 10.00000000000000000 ) ) ;
#850 = EDGE_CURVE ( 'NONE', #4573, #3681, #1041, .T. ) ;
#851 = AXIS2_PLACEMENT_3D ( 'NONE', #7348, #5678, #8603 ) ;
#852 = EDGE_CURVE ( 'NONE', #1583, #4411, #1344, .T. ) ;
#853 = ORIENTED_EDGE ( 'NONE', *, *, #3356, .F. ) ;
#854 = CIRCLE ( 'NONE', #7280, 3.000000000016484147 ) ;
#855 = EDGE_CURVE ( 'NONE', #6200, #1477, #1497, .T. ) ;
#856 = DIRECTION ( 'NONE',  ( 1.000000000000000000, 0.000000000000000000, 0.000000000000000000 ) ) ;
#857 = CARTESIAN_POINT ( 'NONE',  ( -117.8756443470266646, 232.1666049839190009, -75.00000000000001421 ) ) ;
#858 = AXIS2_PLACEMENT_3D ( 'NONE', #3581, #3493, #5667 ) ;
#859 = CARTESIAN_POINT ( 'NONE',  ( -205.9961339178665867, -188.7957701085779263, -3.000000000000029310 ) ) ;
#860 = AXIS2_PLACEMENT_3D ( 'NONE', #4841, #1158, #7010 ) ;
#861 = CIRCLE ( 'NONE', #8681, 9.500000000000008882 ) ;
#862 = EDGE_LOOP ( 'NONE', ( #9503, #7921, #7249, #8549 ) ) ;
#863 = DIRECTION ( 'NONE',  ( -0.4999999999999975575, 0.8660254037844400399, -6.308085367188369533E-16 ) ) ;
#864 = LINE ( 'NONE', #2921, #837 ) ;
#865 = DIRECTION ( 'NONE',  ( 0.000000000000000000, 0.000000000000000000, 1.000000000000000000 ) ) ;
#866 = AXIS2_PLACEMENT_3D ( 'NONE', #955, #3866, #5899 ) ;
#867 = EDGE_LOOP ( 'NONE', ( #7456, #1368 ) ) ;
#868 = VECTOR ( 'NONE', #5652, 1000.000000000000114 ) ;
#869 = VECTOR ( 'NONE', #7969, 1000.000000000000000 ) ;
#870 = EDGE_LOOP ( 'NONE', ( #4700, #2250, #7380, #1092 ) ) ;
#871 = LINE ( 'NONE', #4172, #9132 ) ;
#872 = VERTEX_POINT ( 'NONE', #3851 ) ;
#873 = DIRECTION ( 'NONE',  ( -3.435759386066700333E-16, 1.025445864033521055E-16, 1.000000000000000000 ) ) ;
#874 = CARTESIAN_POINT ( 'NONE',  ( -51.62564434702643723, 117.4182389824804460, -127.5000000000000284 ) ) ;
#875 = ORIENTED_EDGE ( 'NONE', *, *, #6861, .T. ) ;
#876 = CARTESIAN_POINT ( 'NONE',  ( -150.7365149746333088, -63.08330249200205486, -17.99999999999999645 ) ) ;
#877 = DIRECTION ( 'NONE',  ( 0.7576652352932681245, -2.351605240746643964E-16, -0.6526433874850773309 ) ) ;
#878 = LOCAL_TIME ( 17, 38, 52.00000000000000000, #466 ) ;
#879 = DIRECTION ( 'NONE',  ( -0.4999999999999985567, -0.8660254037844395958, 0.000000000000000000 ) ) ;
#880 = VERTEX_POINT ( 'NONE', #5452 ) ;
#881 = EDGE_LOOP ( 'NONE', ( #3339, #2853 ) ) ;
#882 = ORIENTED_EDGE ( 'NONE', *, *, #9169, .T. ) ;
#883 = CARTESIAN_POINT ( 'NONE',  ( -108.1352632902600561, 245.2957701085177860, -3.000000000000029310 ) ) ;
#884 = EDGE_CURVE ( 'NONE', #7017, #2503, #6076, .T. ) ;
#885 = LINE ( 'NONE', #6729, #5969 ) ;
#886 = ORIENTED_EDGE ( 'NONE', *, *, #5108, .F. ) ;
#887 = CARTESIAN_POINT ( 'NONE',  ( 13.23651497465086457, 175.0736835487081180, -115.0000000000000142 ) ) ;
#888 = FACE_OUTER_BOUND ( 'NONE', #4960, .T. ) ;
#889 = ORIENTED_EDGE ( 'NONE', *, *, #3653, .F. ) ;
#890 = DIRECTION ( 'NONE',  ( 0.000000000000000000, 0.000000000000000000, 1.000000000000000000 ) ) ;
#891 = DIRECTION ( 'NONE',  ( -0.4999999999999992228, -0.8660254037844390407, 0.000000000000000000 ) ) ;
#892 = EDGE_CURVE ( 'NONE', #8324, #3682, #3233, .T. ) ;
#893 = CARTESIAN_POINT ( 'NONE',  ( -88.06956468615554456, 262.0768590217633687, 10.00000000000000000 ) ) ;
#894 = ADVANCED_FACE ( 'NONE', ( #4719 ), #9005, .T. ) ;
#895 = PLANE ( 'NONE',  #9454 ) ;
#896 = PLANE ( 'NONE',  #7973 ) ;
#897 = VERTEX_POINT ( 'NONE', #6983 ) ;
#898 = APPLICATION_CONTEXT ( 'configuration controlled 3d designs of mechanical parts and assemblies' ) ;
#899 = DIRECTION ( 'NONE',  ( 0.2499999999999998890, -0.4330127018922192428, -0.8660254037844387076 ) ) ;
#900 = PLANE ( 'NONE',  #7824 ) ;
#901 = ORIENTED_EDGE ( 'NONE', *, *, #3407, .F. ) ;
#902 = ORIENTED_EDGE ( 'NONE', *, *, #5532, .T. ) ;
#903 = EDGE_CURVE ( 'NONE', #9452, #7375, #7628, .T. ) ;
#904 = CARTESIAN_POINT ( 'NONE',  ( 208.9999999999995453, -101.0000000000000142, 8.000000000000033751 ) ) ;
#905 = DIRECTION ( 'NONE',  ( 0.8660254037844377084, -0.5000000000000015543, 0.000000000000000000 ) ) ;
#906 = ADVANCED_FACE ( 'NONE', ( #2613 ), #8465, .F. ) ;
#907 = VERTEX_POINT ( 'NONE', #9051 ) ;
#908 = DIRECTION ( 'NONE',  ( -2.220446049250312588E-16, -1.000000000000000000, 1.025445864033519699E-16 ) ) ;
#909 = AXIS2_PLACEMENT_3D ( 'NONE', #153, #2225, #4422 ) ;
#910 = DIRECTION ( 'NONE',  ( -0.000000000000000000, -0.000000000000000000, -1.000000000000000000 ) ) ;
#911 = ORIENTED_EDGE ( 'NONE', *, *, #7635, .F. ) ;
#912 = ORIENTED_EDGE ( 'NONE', *, *, #8107, .T. ) ;
#913 = AXIS2_PLACEMENT_3D ( 'NONE', #7021, #7930, #529 ) ;
#914 = ADVANCED_FACE ( 'NONE', ( #7562 ), #990, .F. ) ;
#916 = AXIS2_PLACEMENT_3D ( 'NONE', #7981, #7841, #9424 ) ;
#915 = LINE ( 'NONE', #3101, #5916 ) ;
#917 = EDGE_LOOP ( 'NONE', ( #5734, #5785, #8846, #9507 ) ) ;
#918 = PLANE ( 'NONE',  #5574 ) ;
#919 = FACE_OUTER_BOUND ( 'NONE', #870, .T. ) ;
#920 = ORIENTED_EDGE ( 'NONE', *, *, #2414, .T. ) ;
#921 = CARTESIAN_POINT ( 'NONE',  ( 270.0000000000000000, -29.00000000000000000, 10.00000000000000000 ) ) ;
#922 = CARTESIAN_POINT ( 'NONE',  ( 136.5000000000000284, -28.99999999999998579, 19.49999999999997513 ) ) ;
#923 = CARTESIAN_POINT ( 'NONE',  ( -72.94703358218229994, 131.0890912815995364, -115.0000000000000426 ) ) ;
#924 = AXIS2_PLACEMENT_3D ( 'NONE', #8354, #1786, #4699 ) ;
#925 = VERTEX_POINT ( 'NONE', #448 ) ;
#926 = CIRCLE ( 'NONE', #6286, 3.500000000000001332 ) ;
#927 = EDGE_LOOP ( 'NONE', ( #7828, #8405, #3643, #1354 ) ) ;
#928 = ORIENTED_EDGE ( 'NONE', *, *, #8748, .T. ) ;
#929 = VECTOR ( 'NONE', #8428, 1000.000000000000000 ) ;
#930 = AXIS2_PLACEMENT_3D ( 'NONE', #1208, #9170, #5621 ) ;
#931 = CARTESIAN_POINT ( 'NONE',  ( 213.9999999999995453, -99.00000000000001421, -18.00000000000000355 ) ) ;
#932 = CARTESIAN_POINT ( 'NONE',  ( 2.746133917884016729, 163.2435565297863889, 10.00000000000000178 ) ) ;
#933 = ORIENTED_EDGE ( 'NONE', *, *, #5601, .F. ) ;
#934 = CARTESIAN_POINT ( 'NONE',  ( -87.12435565295569972, -122.9038105676903285, -115.0000000000000142 ) ) ;
#935 = DIRECTION ( 'NONE',  ( -0.4999999999999998890, 0.8660254037844387076, 0.000000000000000000 ) ) ;
#936 = PLANE ( 'NONE',  #5625 ) ;
#937 = EDGE_LOOP ( 'NONE', ( #4489, #2523, #4226, #1103 ) ) ;
#938 = CARTESIAN_POINT ( 'NONE',  ( -20.01348502534914786, 232.6643729003732801, 3.669872981077833884 ) ) ;
#939 = DIRECTION ( 'NONE',  ( 0.4999999999999992228, 0.8660254037844390407, -3.270859079282867882E-16 ) ) ;
#940 = CARTESIAN_POINT ( 'NONE',  ( -87.12435565295571394, -122.9038105676903569, -115.0000000000000142 ) ) ;
#941 = DIRECTION ( 'NONE',  ( 3.105958772499038389E-16, 1.025445864033519576E-16, 1.000000000000000000 ) ) ;
#942 = FACE_OUTER_BOUND ( 'NONE', #423, .T. ) ;
#943 = ORIENTED_EDGE ( 'NONE', *, *, #421, .F. ) ;
#944 = CARTESIAN_POINT ( 'NONE',  ( -60.50386608211591977, 272.7957701085177860, 19.49999999999997513 ) ) ;
#945 = OPEN_SHELL ( 'NONE', ( #3449, #5896 ) ) ;
#946 = DIRECTION ( 'NONE',  ( 0.8660254037844391517, -0.4999999999999992784, 0.000000000000000000 ) ) ;
#947 = EDGE_CURVE ( 'NONE', #8369, #1233, #7623, .T. ) ;
#948 = VERTEX_POINT ( 'NONE', #7166 ) ;
#949 = AXIS2_PLACEMENT_3D ( 'NONE', #6551, #7904, #6501 ) ;
#950 = ORIENTED_EDGE ( 'NONE', *, *, #9055, .F. ) ;
#951 = CARTESIAN_POINT ( 'NONE',  ( 158.3908233834578141, -13.99999999999998401, 9.999999999999998224 ) ) ;
#952 = DIRECTION ( 'NONE',  ( -1.635429539641431722E-16, -2.832647054857944814E-16, 1.000000000000000000 ) ) ;
#953 = EDGE_CURVE ( 'NONE', #1892, #5694, #8228, .T. ) ;
#954 = ORIENTED_EDGE ( 'NONE', *, *, #8232, .T. ) ;
#955 = CARTESIAN_POINT ( 'NONE',  ( -142.7461339178667288, -79.24355652984645815, 19.49999999999997513 ) ) ;
#956 = CIRCLE ( 'NONE', #1575, 2.000000000000001776 ) ;
#957 = CARTESIAN_POINT ( 'NONE',  ( -62.87564434702643013, 136.9038105676303019, -115.0000000000000142 ) ) ;
#958 = ADVANCED_FACE ( 'NONE', ( #4962 ), #5687, .T. ) ;
#959 = EDGE_CURVE ( 'NONE', #1732, #3373, #8539, .T. ) ;
#960 = VERTEX_POINT ( 'NONE', #2849 ) ;
#961 = ORIENTED_EDGE ( 'NONE', *, *, #4107, .F. ) ;
#962 = CIRCLE ( 'NONE', #457, 5.000000000000005329 ) ;
#963 = DIRECTION ( 'NONE',  ( 0.000000000000000000, 0.000000000000000000, 1.000000000000000000 ) ) ;
#964 = CARTESIAN_POINT ( 'NONE',  ( 384.2377111446261324, 7.347880794884088182E-16, 0.000000000000000000 ) ) ;
#965 = ORIENTED_EDGE ( 'NONE', *, *, #363, .F. ) ;
#966 = DIRECTION ( 'NONE',  ( -0.3535533905932725096, -0.6123724356957934711, -0.7071067811865489050 ) ) ;
#967 = DIRECTION ( 'NONE',  ( -1.000000000000000000, 0.000000000000000000, 0.000000000000000000 ) ) ;
#968 = ORIENTED_EDGE ( 'NONE', *, *, #5953, .T. ) ;
#969 = CARTESIAN_POINT ( 'NONE',  ( -162.8647367097224219, -224.0899987426378743, 19.49999999999997158 ) ) ;
#970 = LINE ( 'NONE', #9028, #3120 ) ;
#971 = LINE ( 'NONE', #8214, #6065 ) ;
#973 = ORIENTED_EDGE ( 'NONE', *, *, #9049, .F. ) ;
#972 = EDGE_CURVE ( 'NONE', #6823, #8025, #8515, .T. ) ;
#974 = ORIENTED_EDGE ( 'NONE', *, *, #2614, .F. ) ;
#975 = EDGE_CURVE ( 'NONE', #129, #8707, #9243, .T. ) ;
#976 = ORIENTED_EDGE ( 'NONE', *, *, #1093, .T. ) ;
#977 = LINE ( 'NONE', #5293, #6187 ) ;
#978 = DIRECTION ( 'NONE',  ( 2.220446049250312588E-16, 1.000000000000000000, -1.025445864033519699E-16 ) ) ;
#979 = ORIENTED_EDGE ( 'NONE', *, *, #5317, .T. ) ;
#980 = DIRECTION ( 'NONE',  ( 0.000000000000000000, 0.000000000000000000, 1.000000000000000000 ) ) ;
#981 = DIRECTION ( 'NONE',  ( -1.635429539641431722E-16, -2.832647054857944814E-16, -1.000000000000000000 ) ) ;
#982 = CARTESIAN_POINT ( 'NONE',  ( -399.2377111446260187, -230.5000000000000284, 10.00000000000000000 ) ) ;
#983 = AXIS2_PLACEMENT_3D ( 'NONE', #8502, #2697, #3362 ) ;
#984 = ORIENTED_EDGE ( 'NONE', *, *, #1483, .F. ) ;
#985 = VECTOR ( 'NONE', #6267, 1000.000000000000000 ) ;
#986 = ORIENTED_EDGE ( 'NONE', *, *, #3883, .T. ) ;
#987 = EDGE_CURVE ( 'NONE', #4469, #6053, #9430, .T. ) ;
#988 = DIRECTION ( 'NONE',  ( 1.635429539641431969E-16, 2.832647054857945307E-16, 1.000000000000000000 ) ) ;
#989 = DIRECTION ( 'NONE',  ( 1.635429539641431722E-16, 2.832647054857944814E-16, 1.000000000000000000 ) ) ;
#990 = CYLINDRICAL_SURFACE ( 'NONE', #7005, 6.000000000000005329 ) ;
#991 = CARTESIAN_POINT ( 'NONE',  ( -72.94703358218229994, 131.0890912815995364, -115.0000000000000426 ) ) ;
#992 = AXIS2_PLACEMENT_3D ( 'NONE', #5955, #2342, #138 ) ;
#993 = FACE_OUTER_BOUND ( 'NONE', #9070, .T. ) ;
#994 = EDGE_LOOP ( 'NONE', ( #8007, #2207 ) ) ;
#995 = CARTESIAN_POINT ( 'NONE',  ( -18.51348502534915497, 230.0662966890199925, -1.526279441628797917 ) ) ;
#996 = CIRCLE ( 'NONE', #2354, 5.500000000000005329 ) ;
#997 = CARTESIAN_POINT ( 'NONE',  ( -189.1188555722868614, -327.5634665205517422, 10.00000000000000000 ) ) ;
#998 = EDGE_LOOP ( 'NONE', ( #8974, #1695 ) ) ;
#999 = CIRCLE ( 'NONE', #4345, 4.999999999999998224 ) ;
#1000 = AXIS2_PLACEMENT_3D ( 'NONE', #9462, #4404, #662 ) ;
#1001 = ORIENTED_EDGE ( 'NONE', *, *, #2823, .F. ) ;
#1002 = CARTESIAN_POINT ( 'NONE',  ( -140.9961339178667288, -76.21246761660093227, -3.000000000000031530 ) ) ;
#1003 = DIRECTION ( 'NONE',  ( -1.000000000000000000, 2.220446049250312341E-16, -2.147441422185896328E-16 ) ) ;
#1004 = VECTOR ( 'NONE', #4127, 1000.000000000000000 ) ;
#1005 = ORIENTED_EDGE ( 'NONE', *, *, #7605, .F. ) ;
#1006 = DIRECTION ( 'NONE',  ( -0.000000000000000000, -0.000000000000000000, -1.000000000000000000 ) ) ;
#1007 = AXIS2_PLACEMENT_3D ( 'NONE', #7800, #2708, #3948 ) ;
#1008 = CARTESIAN_POINT ( 'NONE',  ( 140.0000000000000568, -83.99999999999998579, 10.00000000000000888 ) ) ;
#1009 = VERTEX_POINT ( 'NONE', #7893 ) ;
#1010 = AXIS2_PLACEMENT_3D ( 'NONE', #3311, #7829, #7014 ) ;
#1011 = ORIENTED_EDGE ( 'NONE', *, *, #3749, .F. ) ;
#1012 = VECTOR ( 'NONE', #2248, 1000.000000000000114 ) ;
#1013 = PLANE ( 'NONE',  #3292 ) ;
#1015 = ADVANCED_FACE ( 'NONE', ( #1323, #494 ), #5781, .T. ) ;
#1014 = LINE ( 'NONE', #8973, #4648 ) ;
#1016 = AXIS2_PLACEMENT_3D ( 'NONE', #7684, #8442, #1972 ) ;
#1017 = EDGE_CURVE ( 'NONE', #2422, #5568, #2343, .T. ) ;
#1018 = DIRECTION ( 'NONE',  ( 0.8660254037844390407, -0.4999999999999992228, 0.000000000000000000 ) ) ;
#1019 = ORIENTED_EDGE ( 'NONE', *, *, #9185, .F. ) ;
#1020 = CYLINDRICAL_SURFACE ( 'NONE', #6223, 2.999999999999947153 ) ;
#1021 = CARTESIAN_POINT ( 'NONE',  ( 140.0000000000000284, -56.49999999999998579, 24.99999999999997513 ) ) ;
#1022 = VECTOR ( 'NONE', #4989, 1000.000000000000000 ) ;
#1023 = CARTESIAN_POINT ( 'NONE',  ( -47.91635220350565305, 133.9935565297863604, 10.00000000000000178 ) ) ;
#1024 = AXIS2_PLACEMENT_3D ( 'NONE', #2622, #9158, #5556 ) ;
#1025 = EDGE_LOOP ( 'NONE', ( #7353, #3508 ) ) ;
#1026 = AXIS2_PLACEMENT_3D ( 'NONE', #6036, #865, #3822 ) ;
#1027 = ORIENTED_EDGE ( 'NONE', *, *, #735, .F. ) ;
#1028 = ORIENTED_EDGE ( 'NONE', *, *, #7181, .F. ) ;
#1029 = EDGE_CURVE ( 'NONE', #6418, #240, #1138, .T. ) ;
#1030 = CARTESIAN_POINT ( 'NONE',  ( -160.8079664398126454, -345.0634665205517422, 10.00000000000000000 ) ) ;
#1031 = FACE_OUTER_BOUND ( 'NONE', #2200, .T. ) ;
#1032 = ORIENTED_EDGE ( 'NONE', *, *, #7949, .F. ) ;
#1033 = CARTESIAN_POINT ( 'NONE',  ( -44.26348502534936813, 274.6666049839190009, -17.99999999999999645 ) ) ;
#1034 = CARTESIAN_POINT ( 'NONE',  ( -192.7365149746330246, -135.8294364098945266, 24.99999999999999289 ) ) ;
#1035 = CARTESIAN_POINT ( 'NONE',  ( -181.9304353137968349, -205.5768590218235374, 0.000000000000000000 ) ) ;
#1036 = ORIENTED_EDGE ( 'NONE', *, *, #3100, .F. ) ;
#1037 = EDGE_LOOP ( 'NONE', ( #7785, #5365, #3143, #3797 ) ) ;
#1038 = VECTOR ( 'NONE', #3998, 1000.000000000000114 ) ;
#1039 = CARTESIAN_POINT ( 'NONE',  ( -97.12435565295595552, -140.2243186433795756, -60.00000000000000711 ) ) ;
#1040 = FACE_OUTER_BOUND ( 'NONE', #681, .T. ) ;
#1041 = LINE ( 'NONE', #6886, #3624 ) ;
#1042 = EDGE_CURVE ( 'NONE', #6329, #7596, #7759, .T. ) ;
#1043 = CARTESIAN_POINT ( 'NONE',  ( -83.66025403781794978, -124.9038105676903285, -104.0000000000000284 ) ) ;
#1044 = DIRECTION ( 'NONE',  ( 0.000000000000000000, 0.000000000000000000, 1.000000000000000000 ) ) ;
#1045 = ORIENTED_EDGE ( 'NONE', *, *, #4601, .F. ) ;
#1046 = FACE_BOUND ( 'NONE', #88, .T. ) ;
#1047 = DIRECTION ( 'NONE',  ( 0.2499999999999999445, -0.4330127018922215743, 0.8660254037844375974 ) ) ;
#1048 = ORIENTED_EDGE ( 'NONE', *, *, #7660, .T. ) ;
#1049 = DIRECTION ( 'NONE',  ( 0.2500000000000000000, 0.4330127018922182436, -0.8660254037844391517 ) ) ;
#1050 = DIRECTION ( 'NONE',  ( -0.000000000000000000, -0.000000000000000000, -1.000000000000000000 ) ) ;
#1051 = DIRECTION ( 'NONE',  ( 1.635429539641433941E-16, -2.832647054857943335E-16, -1.000000000000000000 ) ) ;
#1052 = CARTESIAN_POINT ( 'NONE',  ( -20.06956468618804834, 147.7615057222174642, 10.00000000000000178 ) ) ;
#1053 = CARTESIAN_POINT ( 'NONE',  ( -207.7461339178665867, -191.8268590218234806, 19.49999999999997513 ) ) ;
#1054 = DIRECTION ( 'NONE',  ( -0.7071067811865515695, 8.449927344859873071E-17, -0.7071067811865434649 ) ) ;
#1055 = ORIENTED_EDGE ( 'NONE', *, *, #9312, .F. ) ;
#1056 = ORIENTED_EDGE ( 'NONE', *, *, #1555, .T. ) ;
#1057 = CYLINDRICAL_SURFACE ( 'NONE', #1782, 2.999999999967251085 ) ;
#1058 = CARTESIAN_POINT ( 'NONE',  ( -62.25386608211591977, 275.8268590217634255, 0.000000000000000000 ) ) ;
#1059 = AXIS2_PLACEMENT_3D ( 'NONE', #1521, #3711, #4485 ) ;
#1060 = DIRECTION ( 'NONE',  ( 0.000000000000000000, 0.000000000000000000, 1.000000000000000000 ) ) ;
#1061 = ORIENTED_EDGE ( 'NONE', *, *, #7934, .F. ) ;
#1062 = DIRECTION ( 'NONE',  ( -1.635429539641431722E-16, -2.832647054857944814E-16, -1.000000000000000000 ) ) ;
#1063 = DIRECTION ( 'NONE',  ( 1.000000000000000000, 0.000000000000000000, 0.000000000000000000 ) ) ;
#1064 = CARTESIAN_POINT ( 'NONE',  ( 130.0000000000000284, -13.99999999999997158, 9.999999999999998224 ) ) ;
#1065 = ORIENTED_EDGE ( 'NONE', *, *, #4472, .F. ) ;
#1066 = ADVANCED_FACE ( 'NONE', ( #5641, #1275, #4269, #7030 ), #1951, .T. ) ;
#1067 = ORIENTED_EDGE ( 'NONE', *, *, #3368, .T. ) ;
#1068 = AXIS2_PLACEMENT_3D ( 'NONE', #6436, #6300, #9231 ) ;
#1069 = AXIS2_PLACEMENT_3D ( 'NONE', #7747, #3225, #8371 ) ;
#1070 = VERTEX_POINT ( 'NONE', #3379 ) ;
#1071 = DIRECTION ( 'NONE',  ( -1.000000000000000000, 0.000000000000000000, 0.000000000000000000 ) ) ;
#1072 = CARTESIAN_POINT ( 'NONE',  ( 270.0000000000000000, -84.00000000000000000, 10.00000000000000000 ) ) ;
#1073 = EDGE_LOOP ( 'NONE', ( #370, #2359, #1864, #5392 ) ) ;
#1074 = LINE ( 'NONE', #3270, #3298 ) ;
#1075 = VECTOR ( 'NONE', #3688, 1000.000000000000000 ) ;
#1076 = VECTOR ( 'NONE', #8533, 1000.000000000000000 ) ;
#1077 = CYLINDRICAL_SURFACE ( 'NONE', #7342, 9.500000000000008882 ) ;
#1078 = DIRECTION ( 'NONE',  ( -1.635429539641431722E-16, -2.832647054857944814E-16, 1.000000000000000000 ) ) ;
#1079 = ORIENTED_EDGE ( 'NONE', *, *, #8408, .T. ) ;
#1080 = EDGE_CURVE ( 'NONE', #6328, #1801, #6446, .T. ) ;
#1081 = ORIENTED_EDGE ( 'NONE', *, *, #7116, .F. ) ;
#1082 = VECTOR ( 'NONE', #3766, 1000.000000000000000 ) ;
#1083 = AXIS2_PLACEMENT_3D ( 'NONE', #8329, #1131, #1905 ) ;
#1084 = CARTESIAN_POINT ( 'NONE',  ( 2.746133917884023390, 163.2435565297863604, 19.49999999999997513 ) ) ;
#1085 = CYLINDRICAL_SURFACE ( 'NONE', #1318, 9.500000000000008882 ) ;
#1086 = DIRECTION ( 'NONE',  ( -1.000000000000000000, 0.000000000000000000, -6.308085367188383338E-16 ) ) ;
#1087 = DIRECTION ( 'NONE',  ( -1.000000000000000000, 0.000000000000000000, 0.000000000000000000 ) ) ;
#1088 = DIRECTION ( 'NONE',  ( -0.8660254037844387076, -0.4999999999999998890, -7.703719777548943412E-34 ) ) ;
#1089 = ORIENTED_EDGE ( 'NONE', *, *, #6935, .F. ) ;
#1090 = FACE_OUTER_BOUND ( 'NONE', #8450, .T. ) ;
#1091 = DIRECTION ( 'NONE',  ( -0.4999999999999996669, -0.8660254037844388186, 0.000000000000000000 ) ) ;
#1092 = ORIENTED_EDGE ( 'NONE', *, *, #7833, .F. ) ;
#1093 = EDGE_CURVE ( 'NONE', #813, #389, #687, .T. ) ;
#1094 = CIRCLE ( 'NONE', #6448, 5.500000000000008882 ) ;
#1095 = EDGE_CURVE ( 'NONE', #3302, #8963, #7570, .T. ) ;
#1096 = DIRECTION ( 'NONE',  ( 2.220446049250312588E-16, 1.000000000000000000, -1.025445864033519699E-16 ) ) ;
#1097 = CARTESIAN_POINT ( 'NONE',  ( -21.06956468618784939, 149.4935565297863036, 10.00000000000000000 ) ) ;
#1098 = DIRECTION ( 'NONE',  ( 1.000000000000000000, 0.000000000000000000, 0.000000000000000000 ) ) ;
#1099 = CIRCLE ( 'NONE', #6606, 2.000000000000001776 ) ;
#1100 = AXIS2_PLACEMENT_3D ( 'NONE', #2904, #1518, #3709 ) ;
#1101 = DIRECTION ( 'NONE',  ( -6.769652589177796698E-16, -1.000000000000000000, 0.000000000000000000 ) ) ;
#1102 = PERSON_AND_ORGANIZATION ( #3110, #5628 ) ;
#1103 = ORIENTED_EDGE ( 'NONE', *, *, #3106, .F. ) ;
#1104 = EDGE_CURVE ( 'NONE', #9349, #826, #1441, .T. ) ;
#1105 = ORIENTED_EDGE ( 'NONE', *, *, #6337, .T. ) ;
#1106 = CARTESIAN_POINT ( 'NONE',  ( -253.2663151938430701, -177.6701257615601151, 10.00000000000000000 ) ) ;
#1107 = CARTESIAN_POINT ( 'NONE',  ( -182.9304353137945327, -203.8448082142545843, -3.000000000000029754 ) ) ;
#1108 = CYLINDRICAL_SURFACE ( 'NONE', #447, 7.500000000000007105 ) ;
#1109 = ORIENTED_EDGE ( 'NONE', *, *, #9038, .F. ) ;
#1110 = FACE_OUTER_BOUND ( 'NONE', #1632, .T. ) ;
#1111 = CARTESIAN_POINT ( 'NONE',  ( 130.0000000000000284, -13.99999999999997158, 22.99999999999998579 ) ) ;
#1112 = DIRECTION ( 'NONE',  ( 0.8660254037844387076, -0.4999999999999998335, 0.000000000000000000 ) ) ;
#1113 = ORIENTED_EDGE ( 'NONE', *, *, #61, .F. ) ;
#1114 = ORIENTED_EDGE ( 'NONE', *, *, #8970, .F. ) ;
#1115 = ORIENTED_EDGE ( 'NONE', *, *, #6463, .T. ) ;
#1116 = CYLINDRICAL_SURFACE ( 'NONE', #9410, 2.000000000000001776 ) ;
#1117 = DIRECTION ( 'NONE',  ( 0.8660254037844387076, 0.4999999999999998890, 0.000000000000000000 ) ) ;
#1118 = ORIENTED_EDGE ( 'NONE', *, *, #5583, .T. ) ;
#1119 = EDGE_CURVE ( 'NONE', #5517, #2479, #1014, .T. ) ;
#1120 = CYLINDRICAL_SURFACE ( 'NONE', #8962, 9.500000000000015987 ) ;
#1121 = DIRECTION ( 'NONE',  ( 0.000000000000000000, 0.000000000000000000, 1.000000000000000000 ) ) ;
#1122 = CYLINDRICAL_SURFACE ( 'NONE', #4078, 5.000000000000004441 ) ;
#1123 = ORIENTED_EDGE ( 'NONE', *, *, #5243, .F. ) ;
#1124 = ORIENTED_EDGE ( 'NONE', *, *, #7183, .T. ) ;
#1125 = DIRECTION ( 'NONE',  ( -0.000000000000000000, -0.000000000000000000, 1.000000000000000000 ) ) ;
#1126 = CARTESIAN_POINT ( 'NONE',  ( -120.6256443470264088, 236.9297447047329683, -69.50000000000056843 ) ) ;
#1127 = CARTESIAN_POINT ( 'NONE',  ( -210.7461339178645972, -191.8268590218235659, 10.00000000000000000 ) ) ;
#1128 = CARTESIAN_POINT ( 'NONE',  ( -112.6352632902600703, 253.0899987425777624, 19.49999999999997158 ) ) ;
#1129 = EDGE_CURVE ( 'NONE', #7805, #8728, #6792, .T. ) ;
#1130 = EDGE_CURVE ( 'NONE', #8153, #4305, #510, .T. ) ;
#1131 = DIRECTION ( 'NONE',  ( -0.000000000000000000, -0.000000000000000000, -1.000000000000000000 ) ) ;
#1132 = VERTEX_POINT ( 'NONE', #6043 ) ;
#1133 = ADVANCED_FACE ( 'NONE', ( #3103 ), #2395, .F. ) ;
#1134 = CARTESIAN_POINT ( 'NONE',  ( -204.9961339178665867, -187.0637193010090584, 24.99999999999997868 ) ) ;
#1135 = ADVANCED_FACE ( 'NONE', ( #3649 ), #3926, .T. ) ;
#1136 = CARTESIAN_POINT ( 'NONE',  ( -189.9865149746329962, -131.0662966890801329, -8.473720558371180545 ) ) ;
#1137 = AXIS2_PLACEMENT_3D ( 'NONE', #8258, #6813, #5999 ) ;
#1138 = CIRCLE ( 'NONE', #8176, 9.500000000000008882 ) ;
#1139 = AXIS2_PLACEMENT_3D ( 'NONE', #8269, #8990, #3841 ) ;
#1140 = ORIENTED_EDGE ( 'NONE', *, *, #68, .F. ) ;
#1141 = AXIS2_PLACEMENT_3D ( 'NONE', #2676, #7720, #2050 ) ;
#1142 = CIRCLE ( 'NONE', #7731, 9.499999999999994671 ) ;
#1143 = FACE_OUTER_BOUND ( 'NONE', #2439, .T. ) ;
#1144 = AXIS2_PLACEMENT_3D ( 'NONE', #4117, #4302, #8692 ) ;
#1145 = DIRECTION ( 'NONE',  ( -0.000000000000000000, -0.000000000000000000, -1.000000000000000000 ) ) ;
#1146 = CARTESIAN_POINT ( 'NONE',  ( 10.00000000000000178, 1.224646799147353454E-15, 10.00000000000000000 ) ) ;
#1147 = ORIENTED_EDGE ( 'NONE', *, *, #1973, .F. ) ;
#1148 = DIRECTION ( 'NONE',  ( -1.000000000000000000, 0.000000000000000000, 0.000000000000000000 ) ) ;
#1149 = EDGE_CURVE ( 'NONE', #8063, #1516, #1142, .T. ) ;
#1150 = EDGE_CURVE ( 'NONE', #3748, #5074, #8952, .T. ) ;
#1151 = DIRECTION ( 'NONE',  ( -0.000000000000000000, -0.000000000000000000, -1.000000000000000000 ) ) ;
#1152 = AXIS2_PLACEMENT_3D ( 'NONE', #249, #1657, #3078 ) ;
#1153 = APPROVAL_DATE_TIME ( #4106, #2010 ) ;
#1154 = AXIS2_PLACEMENT_3D ( 'NONE', #6474, #4847, #4251 ) ;
#1155 = EDGE_CURVE ( 'NONE', #925, #6603, #8280, .T. ) ;
#1156 = VERTEX_POINT ( 'NONE', #1510 ) ;
#1157 = VERTEX_POINT ( 'NONE', #2174 ) ;
#1158 = DIRECTION ( 'NONE',  ( 0.000000000000000000, 0.000000000000000000, 1.000000000000000000 ) ) ;
#1159 = CIRCLE ( 'NONE', #6509, 10.99999999999999645 ) ;
#1160 = FACE_OUTER_BOUND ( 'NONE', #8822, .T. ) ;
#1161 = VECTOR ( 'NONE', #4911, 999.9999999999998863 ) ;
#1162 = FACE_OUTER_BOUND ( 'NONE', #7259, .T. ) ;
#1163 = ORIENTED_EDGE ( 'NONE', *, *, #45, .F. ) ;
#1164 = CARTESIAN_POINT ( 'NONE',  ( 2.746133917884198805, 163.2435565297862752, 10.00000000000000000 ) ) ;
#1165 = DIRECTION ( 'NONE',  ( -1.000000000000000000, -1.525031627232357151E-16, 0.000000000000000000 ) ) ;
#1166 = CARTESIAN_POINT ( 'NONE',  ( -97.12435565295595552, -140.2243186433795756, -60.00000000000000711 ) ) ;
#1167 = AXIS2_PLACEMENT_3D ( 'NONE', #8445, #1975, #4116 ) ;
#1168 = ORIENTED_EDGE ( 'NONE', *, *, #5937, .F. ) ;
#1169 = VECTOR ( 'NONE', #2870, 1000.000000000000114 ) ;
#1170 = EDGE_LOOP ( 'NONE', ( #9144, #1574, #7298, #8004 ) ) ;
#1171 = LINE ( 'NONE', #5861, #2047 ) ;
#1172 = AXIS2_PLACEMENT_3D ( 'NONE', #5373, #9112, #2528 ) ;
#1173 = CARTESIAN_POINT ( 'NONE',  ( 270.0000000000000000, -29.00000000000001066, 19.49999999999997513 ) ) ;
#1174 = ORIENTED_EDGE ( 'NONE', *, *, #132, .F. ) ;
#1175 = CARTESIAN_POINT ( 'NONE',  ( -109.8852632902600561, 248.3268590217633403, 19.49999999999997513 ) ) ;
#1176 = CIRCLE ( 'NONE', #1481, 3.500000000000006661 ) ;
#1177 = CARTESIAN_POINT ( 'NONE',  ( -45.42021828561268393, 297.6701257614999463, 10.00000000000000000 ) ) ;
#1178 = CIRCLE ( 'NONE', #546, 9.499999999999987566 ) ;
#1179 = FACE_OUTER_BOUND ( 'NONE', #2631, .T. ) ;
#1180 = VERTEX_POINT ( 'NONE', #6863 ) ;
#1181 = VECTOR ( 'NONE', #5007, 1000.000000000000000 ) ;
#1182 = ORIENTED_EDGE ( 'NONE', *, *, #9033, .F. ) ;
#1183 = VECTOR ( 'NONE', #4533, 1000.000000000000000 ) ;
#1184 = CARTESIAN_POINT ( 'NONE',  ( -56.62564434702640170, 126.0784930203247569, -137.5000000000000000 ) ) ;
#1185 = VECTOR ( 'NONE', #8393, 1000.000000000000114 ) ;
#1186 = DIRECTION ( 'NONE',  ( 0.2500000000000000000, 0.4330127018922182436, -0.8660254037844391517 ) ) ;
#1187 = EDGE_CURVE ( 'NONE', #232, #8407, #276, .T. ) ;
#1188 = DIRECTION ( 'NONE',  ( -0.5000000000000007772, 0.8660254037844382635, -6.308085367188392213E-16 ) ) ;
#1189 = DIRECTION ( 'NONE',  ( 2.220446049250312588E-16, 1.000000000000000000, -1.025445864033519699E-16 ) ) ;
#1190 = CARTESIAN_POINT ( 'NONE',  ( 144.9999999999994884, -99.00000000000002842, -115.0000000000000142 ) ) ;
#1191 = VERTEX_POINT ( 'NONE', #783 ) ;
#1192 = CARTESIAN_POINT ( 'NONE',  ( 0.000000000000000000, 0.000000000000000000, 10.00000000000000000 ) ) ;
#1193 = FACE_OUTER_BOUND ( 'NONE', #102, .T. ) ;
#1194 = VERTEX_POINT ( 'NONE', #964 ) ;
#1195 = EDGE_CURVE ( 'NONE', #8795, #6617, #8887, .T. ) ;
#1196 = EDGE_CURVE ( 'NONE', #5038, #168, #146, .T. ) ;
#1197 = FACE_BOUND ( 'NONE', #3635, .T. ) ;
#1198 = CARTESIAN_POINT ( 'NONE',  ( 149.9999999999995168, -13.99999999999999822, -115.0000000000000284 ) ) ;
#1199 = CARTESIAN_POINT ( 'NONE',  ( 208.9999999999995453, -101.0000000000000142, -18.00000000000000355 ) ) ;
#1200 = EDGE_LOOP ( 'NONE', ( #1707, #2177, #3172, #411 ) ) ;
#1201 = CARTESIAN_POINT ( 'NONE',  ( 149.9999999999994884, -101.0000000000000284, -115.0000000000000142 ) ) ;
#1202 = COORDINATED_UNIVERSAL_TIME_OFFSET ( 1, 0, .AHEAD. ) ;
#1203 = ORIENTED_EDGE ( 'NONE', *, *, #2, .F. ) ;
#1204 = EDGE_CURVE ( 'NONE', #3050, #1868, #1854, .T. ) ;
#1205 = ORIENTED_EDGE ( 'NONE', *, *, #9402, .F. ) ;
#1206 = EDGE_CURVE ( 'NONE', #792, #2409, #8256, .T. ) ;
#1207 = CARTESIAN_POINT ( 'NONE',  ( -118.9304353137946464, -92.99355652984641551, 24.99999999999997513 ) ) ;
#1208 = CARTESIAN_POINT ( 'NONE',  ( -118.9304353137946606, -92.99355652984644394, -3.000000000000030198 ) ) ;
#1209 = PLANE ( 'NONE',  #2761 ) ;
#1210 = ORIENTED_EDGE ( 'NONE', *, *, #8170, .T. ) ;
#1211 = DIRECTION ( 'NONE',  ( 0.000000000000000000, 0.000000000000000000, 1.000000000000000000 ) ) ;
#1212 = FACE_OUTER_BOUND ( 'NONE', #7173, .T. ) ;
#1213 = CARTESIAN_POINT ( 'NONE',  ( -207.7461339178667004, -191.8268590218235659, 0.000000000000000000 ) ) ;
#1214 = EDGE_LOOP ( 'NONE', ( #4630, #7115, #3329, #4947 ) ) ;
#1215 = ADVANCED_FACE ( 'NONE', ( #5379, #6097, #9023, #7256, #9073, #8306, #1735 ), #1412, .T. ) ;
#1216 = ORIENTED_EDGE ( 'NONE', *, *, #4638, .F. ) ;
#1217 = CARTESIAN_POINT ( 'NONE',  ( 378.2377111446261324, -35.00000000000000000, 10.00000000000000000 ) ) ;
#1218 = DIRECTION ( 'NONE',  ( 0.000000000000000000, -0.000000000000000000, 1.000000000000000000 ) ) ;
#1219 = ORIENTED_EDGE ( 'NONE', *, *, #7769, .F. ) ;
#1220 = FACE_OUTER_BOUND ( 'NONE', #4304, .T. ) ;
#1221 = DIRECTION ( 'NONE',  ( -0.000000000000000000, -0.000000000000000000, -1.000000000000000000 ) ) ;
#1222 = CYLINDRICAL_SURFACE ( 'NONE', #3145, 2.000000000000001776 ) ;
#1223 = AXIS2_PLACEMENT_3D ( 'NONE', #5246, #7503, #4376 ) ;
#1224 = VECTOR ( 'NONE', #339, 1000.000000000000000 ) ;
#1225 = ORIENTED_EDGE ( 'NONE', *, *, #7237, .F. ) ;
#1226 = ORIENTED_EDGE ( 'NONE', *, *, #3810, .T. ) ;
#1227 = FACE_OUTER_BOUND ( 'NONE', #5318, .T. ) ;
#1229 = CARTESIAN_POINT ( 'NONE',  ( 137.4999999999994884, -13.99999999999999822, -137.5000000000000000 ) ) ;
#1228 = VECTOR ( 'NONE', #9279, 1000.000000000000000 ) ;
#1230 = CARTESIAN_POINT ( 'NONE',  ( -65.47372055837969640, 135.4038105676303019, -115.0000000000000426 ) ) ;
#1231 = AXIS2_PLACEMENT_3D ( 'NONE', #6877, #293, #9089 ) ;
#1232 = CYLINDRICAL_SURFACE ( 'NONE', #3801, 2.000000000000001776 ) ;
#1233 = VERTEX_POINT ( 'NONE', #5052 ) ;
#1234 = DIRECTION ( 'NONE',  ( -0.000000000000000000, -0.000000000000000000, -1.000000000000000000 ) ) ;
#1235 = DIRECTION ( 'NONE',  ( -1.635429539641431722E-16, -2.832647054857945307E-16, 1.000000000000000000 ) ) ;
#1236 = VERTEX_POINT ( 'NONE', #7986 ) ;
#1237 = VECTOR ( 'NONE', #8471, 1000.000000000000000 ) ;
#1238 = VECTOR ( 'NONE', #2672, 1000.000000000000000 ) ;
#1239 = FACE_BOUND ( 'NONE', #6534, .T. ) ;
#1240 = AXIS2_PLACEMENT_3D ( 'NONE', #5066, #6322, #1961 ) ;
#1241 = DIRECTION ( 'NONE',  ( 0.000000000000000000, -0.000000000000000000, 1.000000000000000000 ) ) ;
#1242 = DIRECTION ( 'NONE',  ( 1.000000000000000000, 0.000000000000000000, 0.000000000000000000 ) ) ;
#1243 = CYLINDRICAL_SURFACE ( 'NONE', #7199, 2.000000000000001776 ) ;
#1244 = ORIENTED_EDGE ( 'NONE', *, *, #656, .T. ) ;
#1245 = DIRECTION ( 'NONE',  ( 1.649003067838308177E-17, -1.025445864033520315E-16, -1.000000000000000000 ) ) ;
#1246 = VECTOR ( 'NONE', #1607, 1000.000000000000000 ) ;
#1247 = ADVANCED_FACE ( 'NONE', ( #4317 ), #3604, .F. ) ;
#1248 =( NAMED_UNIT ( * ) PLANE_ANGLE_UNIT ( ) SI_UNIT ( $, .RADIAN. ) );
#1249 = ORIENTED_EDGE ( 'NONE', *, *, #5939, .T. ) ;
#1250 = ORIENTED_EDGE ( 'NONE', *, *, #9273, .T. ) ;
#1251 = DIRECTION ( 'NONE',  ( 0.000000000000000000, 0.000000000000000000, 1.000000000000000000 ) ) ;
#1252 = EDGE_CURVE ( 'NONE', #3016, #6297, #7782, .T. ) ;
#1253 = AXIS2_PLACEMENT_3D ( 'NONE', #7372, #4532, #2275 ) ;
#1254 = CARTESIAN_POINT ( 'NONE',  ( -44.26348502534936813, 274.6666049839190009, 10.00000000000000178 ) ) ;
#1255 = EDGE_LOOP ( 'NONE', ( #5659, #2000, #229, #395 ) ) ;
#1256 = ADVANCED_FACE ( 'NONE', ( #2584 ), #3351, .F. ) ;
#1257 = CARTESIAN_POINT ( 'NONE',  ( 380.2377111446261324, -35.00000000000000000, 10.00000000000000000 ) ) ;
#1258 = EDGE_CURVE ( 'NONE', #8783, #8015, #465, .T. ) ;
#1259 = CARTESIAN_POINT ( 'NONE',  ( -160.8079664398126454, -345.0634665205517422, 10.00000000000000000 ) ) ;
#1260 = LINE ( 'NONE', #1932, #2095 ) ;
#1261 = ORIENTED_EDGE ( 'NONE', *, *, #8086, .F. ) ;
#1262 = ORIENTED_EDGE ( 'NONE', *, *, #471, .T. ) ;
#1263 = CARTESIAN_POINT ( 'NONE',  ( 140.0000000000000568, -83.99999999999998579, 10.00000000000000888 ) ) ;
#1264 = CARTESIAN_POINT ( 'NONE',  ( -219.4297447047422054, -310.0634665205517422, 10.00000000000000000 ) ) ;
#1265 = VERTEX_POINT ( 'NONE', #4112 ) ;
#1266 = LINE ( 'NONE', #439, #1774 ) ;
#1267 = EDGE_CURVE ( 'NONE', #1730, #5564, #6384, .T. ) ;
#1268 = FACE_OUTER_BOUND ( 'NONE', #8550, .T. ) ;
#1269 = CARTESIAN_POINT ( 'NONE',  ( -16.78143421778027644, 231.0662966890199925, -1.526279441628797917 ) ) ;
#1270 = EDGE_CURVE ( 'NONE', #383, #7397, #4447, .T. ) ;
#1271 = CIRCLE ( 'NONE', #7856, 5.500000000000008882 ) ;
#1272 = ORIENTED_EDGE ( 'NONE', *, *, #6856, .T. ) ;
#1273 = VERTEX_POINT ( 'NONE', #3256 ) ;
#1274 = CARTESIAN_POINT ( 'NONE',  ( -83.66025403781794978, -124.9038105676903285, -120.0000000000000284 ) ) ;
#1275 = FACE_BOUND ( 'NONE', #3354, .T. ) ;
#1276 = CARTESIAN_POINT ( 'NONE',  ( -194.4685657822018925, -134.8294364098945266, -18.00000000000001066 ) ) ;
#1277 = CARTESIAN_POINT ( 'NONE',  ( 127.4999999999995595, -13.99999999999998401, -102.5000000000000284 ) ) ;
#1278 = ORIENTED_EDGE ( 'NONE', *, *, #6070, .T. ) ;
#1279 = DIRECTION ( 'NONE',  ( -1.635429539641434187E-16, 2.832647054857943828E-16, 1.000000000000000000 ) ) ;
#1280 = FACE_OUTER_BOUND ( 'NONE', #5541, .T. ) ;
#1281 = ORIENTED_EDGE ( 'NONE', *, *, #4707, .F. ) ;
#1282 = EDGE_CURVE ( 'NONE', #3058, #492, #2684, .T. ) ;
#1283 = FACE_BOUND ( 'NONE', #8967, .T. ) ;
#1284 = CARTESIAN_POINT ( 'NONE',  ( -226.8525403784177286, -192.9201257615600866, 10.00000000000000000 ) ) ;
#1285 = CARTESIAN_POINT ( 'NONE',  ( -171.5560796608473311, 195.6893636479667009, 10.00000000000000000 ) ) ;
#1286 = FACE_OUTER_BOUND ( 'NONE', #8210, .T. ) ;
#1287 = ORIENTED_EDGE ( 'NONE', *, *, #5160, .T. ) ;
#1288 = CARTESIAN_POINT ( 'NONE',  ( -149.4865149746330815, -60.91823898254055081, -17.99999999999999645 ) ) ;
#1289 = DIRECTION ( 'NONE',  ( 0.8660254037844394848, -0.4999999999999985567, 0.000000000000000000 ) ) ;
#1290 = PERSON_AND_ORGANIZATION ( #3110, #5628 ) ;
#1291 = ORIENTED_EDGE ( 'NONE', *, *, #975, .F. ) ;
#1292 = CIRCLE ( 'NONE', #5883, 2.000000000016738610 ) ;
#1293 = ORIENTED_EDGE ( 'NONE', *, *, #6920, .F. ) ;
#1294 = AXIS2_PLACEMENT_3D ( 'NONE', #6630, #7407, #6058 ) ;
#1295 = ORIENTED_EDGE ( 'NONE', *, *, #4225, .T. ) ;
#1296 = DIRECTION ( 'NONE',  ( 1.635429539641431722E-16, 2.832647054857945307E-16, 1.000000000000000000 ) ) ;
#1297 = DIRECTION ( 'NONE',  ( 0.000000000000000000, 0.000000000000000000, 1.000000000000000000 ) ) ;
#1298 = ADVANCED_FACE ( 'NONE', ( #8351, #1160 ), #9262, .T. ) ;
#1299 = ORIENTED_EDGE ( 'NONE', *, *, #8473, .T. ) ;
#1300 = CARTESIAN_POINT ( 'NONE',  ( -80.21667900318301747, -242.9393636480269549, 10.00000000000000000 ) ) ;
#1301 = AXIS2_PLACEMENT_3D ( 'NONE', #5913, #5286, #877 ) ;
#1302 = CARTESIAN_POINT ( 'NONE',  ( -10.77310396858255537, 246.6595634287565701, -18.00000000000001066 ) ) ;
#1303 = DIRECTION ( 'NONE',  ( 0.8660254037844387076, 0.4999999999999998890, -7.703719777548943412E-34 ) ) ;
#1304 = ORIENTED_EDGE ( 'NONE', *, *, #730, .F. ) ;
#1305 = VECTOR ( 'NONE', #4178, 1000.000000000000000 ) ;
#1306 = EDGE_CURVE ( 'NONE', #8707, #3044, #9218, .T. ) ;
#1307 = VERTEX_POINT ( 'NONE', #5566 ) ;
#1308 = EDGE_CURVE ( 'NONE', #3373, #1236, #6954, .T. ) ;
#1309 = VECTOR ( 'NONE', #5570, 1000.000000000000000 ) ;
#1310 = EDGE_CURVE ( 'NONE', #1307, #4361, #5542, .T. ) ;
#1311 = FACE_OUTER_BOUND ( 'NONE', #8316, .T. ) ;
#1312 = CARTESIAN_POINT ( 'NONE',  ( -0.2538660821322855088, 163.2435565297862752, 10.00000000000000000 ) ) ;
#1313 = VERTEX_POINT ( 'NONE', #6331 ) ;
#1314 = FACE_OUTER_BOUND ( 'NONE', #8643, .T. ) ;
#1315 = LINE ( 'NONE', #4218, #7221 ) ;
#1316 = AXIS2_PLACEMENT_3D ( 'NONE', #934, #5393, #3844 ) ;
#1317 = CARTESIAN_POINT ( 'NONE',  ( -87.12435565295571394, -122.9038105676903569, -115.0000000000000142 ) ) ;
#1318 = AXIS2_PLACEMENT_3D ( 'NONE', #3378, #3232, #1757 ) ;
#1319 = ORIENTED_EDGE ( 'NONE', *, *, #2412, .T. ) ;
#1320 = VERTEX_POINT ( 'NONE', #1785 ) ;
#1321 = EDGE_CURVE ( 'NONE', #3945, #3316, #3146, .T. ) ;
#1322 = AXIS2_PLACEMENT_3D ( 'NONE', #4695, #7636, #9120 ) ;
#1323 = FACE_OUTER_BOUND ( 'NONE', #1025, .T. ) ;
#1324 = DIRECTION ( 'NONE',  ( -0.000000000000000000, -0.000000000000000000, -1.000000000000000000 ) ) ;
#1325 = CIRCLE ( 'NONE', #4684, 2.000000000000007550 ) ;
#1326 = LINE ( 'NONE', #4230, #6726 ) ;
#1327 = ORIENTED_EDGE ( 'NONE', *, *, #6130, .F. ) ;
#1328 = DIRECTION ( 'NONE',  ( -0.4999999999999995559, -0.8660254037844389297, 0.000000000000000000 ) ) ;
#1329 = DIRECTION ( 'NONE',  ( -3.435759386066699840E-16, 1.025445864033521055E-16, 1.000000000000000000 ) ) ;
#1330 = AXIS2_PLACEMENT_3D ( 'NONE', #2201, #574, #1438 ) ;
#1331 = ORIENTED_EDGE ( 'NONE', *, *, #4061, .F. ) ;
#1332 = CIRCLE ( 'NONE', #3916, 3.000000000000002665 ) ;
#1333 = CIRCLE ( 'NONE', #6691, 5.000000000000007105 ) ;
#1334 = ADVANCED_FACE ( 'NONE', ( #3308, #4072 ), #3971, .T. ) ;
#1335 = DIRECTION ( 'NONE',  ( -1.000000000000000000, 0.000000000000000000, 0.000000000000000000 ) ) ;
#1336 = DIRECTION ( 'NONE',  ( -0.000000000000000000, -0.000000000000000000, -1.000000000000000000 ) ) ;
#1337 = DIRECTION ( 'NONE',  ( -1.000000000000000000, 0.000000000000000000, 0.000000000000000000 ) ) ;
#1338 = DIRECTION ( 'NONE',  ( 1.000000000000000000, -3.469446951953611231E-16, 0.000000000000000000 ) ) ;
#1339 = ORIENTED_EDGE ( 'NONE', *, *, #1789, .T. ) ;
#1340 = DIRECTION ( 'NONE',  ( -0.000000000000000000, 0.000000000000000000, -1.000000000000000000 ) ) ;
#1341 = VERTEX_POINT ( 'NONE', #4887 ) ;
#1342 = EDGE_LOOP ( 'NONE', ( #5028, #8699, #9091, #6541 ) ) ;
#1343 = ORIENTED_EDGE ( 'NONE', *, *, #8398, .T. ) ;
#1344 = CIRCLE ( 'NONE', #9001, 5.500000000000005329 ) ;
#1345 = DIRECTION ( 'NONE',  ( -0.8660254037844390407, -0.4999999999999991673, 7.012543237461990870E-16 ) ) ;
#1346 = CARTESIAN_POINT ( 'NONE',  ( 134.5000000000000284, -28.99999999999998579, 19.49999999999997158 ) ) ;
#1347 = EDGE_CURVE ( 'NONE', #6297, #3453, #4843, .T. ) ;
#1348 = ORIENTED_EDGE ( 'NONE', *, *, #838, .T. ) ;
#1349 = CARTESIAN_POINT ( 'NONE',  ( 275.5000000000000000, -84.00000000000001421, 19.49999999999998224 ) ) ;
#1350 = FACE_OUTER_BOUND ( 'NONE', #4126, .T. ) ;
#1351 = CARTESIAN_POINT ( 'NONE',  ( -19.53143421778025868, 235.8294364098344147, -18.00000000000001421 ) ) ;
#1352 = VERTEX_POINT ( 'NONE', #1254 ) ;
#1353 = EDGE_LOOP ( 'NONE', ( #7644, #1939, #2958, #3444, #176, #4254 ) ) ;
#1354 = ORIENTED_EDGE ( 'NONE', *, *, #8925, .T. ) ;
#1355 = CARTESIAN_POINT ( 'NONE',  ( 224.9999999999995737, -99.00000000000001421, -18.00000000000000000 ) ) ;
#1356 = CARTESIAN_POINT ( 'NONE',  ( -95.11473670972256400, -106.7435565298464013, 10.00000000000000000 ) ) ;
#1357 = ORIENTED_EDGE ( 'NONE', *, *, #2694, .F. ) ;
#1358 = CARTESIAN_POINT ( 'NONE',  ( 2.746133917884016729, 163.2435565297863889, -3.000000000000030198 ) ) ;
#1359 = CARTESIAN_POINT ( 'NONE',  ( -170.2833209967994890, 190.9393636479667293, 10.00000000000000000 ) ) ;
#1360 = DIRECTION ( 'NONE',  ( -0.3535533905932711773, -0.6123724356957913617, -0.7071067811865515695 ) ) ;
#1361 = ADVANCED_FACE ( 'NONE', ( #4739 ), #4155, .F. ) ;
#1362 = EDGE_CURVE ( 'NONE', #3011, #2809, #4785, .T. ) ;
#1363 = EDGE_LOOP ( 'NONE', ( #4081, #1226, #5946, #7602, #9208, #3390, #4816, #4211, #6307, #5488, #6339, #2642, #2719, #2595, #6682 ) ) ;
#1364 = ORIENTED_EDGE ( 'NONE', *, *, #4457, .T. ) ;
#1365 = DIRECTION ( 'NONE',  ( 0.8660254037844390407, -0.4999999999999992228, -0.000000000000000000 ) ) ;
#1366 = CARTESIAN_POINT ( 'NONE',  ( -77.05296641779979439, -128.7185298537210940, -115.0000000000000142 ) ) ;
#1367 = CARTESIAN_POINT ( 'NONE',  ( -6.273103968582558032, 238.8653347946966505, 8.000000000000028422 ) ) ;
#1368 = ORIENTED_EDGE ( 'NONE', *, *, #8295, .F. ) ;
#1369 = CARTESIAN_POINT ( 'NONE',  ( -204.7461339178688036, -191.8268590218235659, 0.000000000000000000 ) ) ;
#1370 = AXIS2_PLACEMENT_3D ( 'NONE', #7077, #2039, #4964 ) ;
#1371 = CARTESIAN_POINT ( 'NONE',  ( 140.0000000000000568, -87.50000000000000000, 10.00000000000000888 ) ) ;
#1372 = EDGE_CURVE ( 'NONE', #5148, #1352, #1394, .T. ) ;
#1373 = ORIENTED_EDGE ( 'NONE', *, *, #730, .T. ) ;
#1374 = ADVANCED_FACE ( 'NONE', ( #5079 ), #5850, .T. ) ;
#1375 = AXIS2_PLACEMENT_3D ( 'NONE', #5440, #8368, #4709 ) ;
#1376 = CIRCLE ( 'NONE', #6575, 3.500000000000001332 ) ;
#1377 = LINE ( 'NONE', #3562, #325 ) ;
#1378 = DIRECTION ( 'NONE',  ( -0.4999999999999993339, 0.8660254037844390407, 0.000000000000000000 ) ) ;
#1379 = DIRECTION ( 'NONE',  ( 1.000000000000000000, 0.000000000000000000, 0.000000000000000000 ) ) ;
#1380 = DIRECTION ( 'NONE',  ( -0.000000000000000000, -0.000000000000000000, -1.000000000000000000 ) ) ;
#1381 = EDGE_LOOP ( 'NONE', ( #2552, #4122, #6061, #2484 ) ) ;
#1382 = DIRECTION ( 'NONE',  ( -2.220446049250312588E-16, -1.000000000000000000, 1.025445864033519699E-16 ) ) ;
#1383 = DIRECTION ( 'NONE',  ( -1.000000000000000000, 0.000000000000000000, 0.000000000000000000 ) ) ;
#1384 = AXIS2_PLACEMENT_3D ( 'NONE', #3020, #8020, #7248 ) ;
#1385 = EDGE_CURVE ( 'NONE', #4617, #3855, #4248, .T. ) ;
#1386 = CIRCLE ( 'NONE', #4432, 6.000000000000005329 ) ;
#1387 = ORIENTED_EDGE ( 'NONE', *, *, #1424, .F. ) ;
#1388 = EDGE_CURVE ( 'NONE', #9153, #9314, #5663, .T. ) ;
#1389 = ORIENTED_EDGE ( 'NONE', *, *, #4235, .F. ) ;
#1390 = ORIENTED_EDGE ( 'NONE', *, *, #6250, .F. ) ;
#1391 = VECTOR ( 'NONE', #7477, 1000.000000000000227 ) ;
#1393 = AXIS2_PLACEMENT_3D ( 'NONE', #4677, #7618, #8425 ) ;
#1392 = DIRECTION ( 'NONE',  ( -0.000000000000000000, -0.000000000000000000, -1.000000000000000000 ) ) ;
#1394 = LINE ( 'NONE', #8689, #5588 ) ;
#1395 = EDGE_LOOP ( 'NONE', ( #3712, #9280 ) ) ;
#1396 = CYLINDRICAL_SURFACE ( 'NONE', #1330, 5.000000000000007105 ) ;
#1397 = CARTESIAN_POINT ( 'NONE',  ( 145.5000000000000568, -83.99999999999998579, 19.49999999999998579 ) ) ;
#1398 = DIRECTION ( 'NONE',  ( 0.000000000000000000, 0.000000000000000000, 1.000000000000000000 ) ) ;
#1399 = ORIENTED_EDGE ( 'NONE', *, *, #8902, .T. ) ;
#1400 = VERTEX_POINT ( 'NONE', #5126 ) ;
#1401 = VECTOR ( 'NONE', #3802, 1000.000000000000000 ) ;
#1402 = LINE ( 'NONE', #5809, #3725 ) ;
#1403 = AXIS2_PLACEMENT_3D ( 'NONE', #5265, #3195, #6134 ) ;
#1404 = CARTESIAN_POINT ( 'NONE',  ( 270.0000000000000000, -29.00000000000000000, 10.00000000000000000 ) ) ;
#1405 = ORIENTED_EDGE ( 'NONE', *, *, #4369, .T. ) ;
#1406 = PLANE ( 'NONE',  #2683 ) ;
#1407 = CARTESIAN_POINT ( 'NONE',  ( -109.8852632902600561, 248.3268590217633118, -3.000000000000030198 ) ) ;
#1408 = FACE_OUTER_BOUND ( 'NONE', #9215, .T. ) ;
#1409 = ADVANCED_FACE ( 'NONE', ( #7239 ), #714, .T. ) ;
#1410 = ORIENTED_EDGE ( 'NONE', *, *, #6937, .F. ) ;
#1411 = ORIENTED_EDGE ( 'NONE', *, *, #9174, .F. ) ;
#1412 = PLANE ( 'NONE',  #6746 ) ;
#1413 = DIRECTION ( 'NONE',  ( 0.8660254037844390407, -0.4999999999999992784, -0.000000000000000000 ) ) ;
#1414 = CARTESIAN_POINT ( 'NONE',  ( -189.1188555723217632, 327.5634665204914882, 10.00000000000000000 ) ) ;
#1415 = ORIENTED_EDGE ( 'NONE', *, *, #1498, .F. ) ;
#1416 = LINE ( 'NONE', #6494, #6964 ) ;
#1417 = VECTOR ( 'NONE', #4091, 1000.000000000000000 ) ;
#1418 = FACE_OUTER_BOUND ( 'NONE', #9019, .T. ) ;
#1419 = ORIENTED_EDGE ( 'NONE', *, *, #7058, .T. ) ;
#1421 = EDGE_CURVE ( 'NONE', #540, #221, #6423, .T. ) ;
#1420 = CARTESIAN_POINT ( 'NONE',  ( -262.7663151938430701, -177.6701257615601151, 0.000000000000000000 ) ) ;
#1422 = EDGE_CURVE ( 'NONE', #7846, #3222, #9272, .T. ) ;
#1423 = DIRECTION ( 'NONE',  ( 0.8660254037844395958, -0.4999999999999985567, 0.000000000000000000 ) ) ;
#1424 = EDGE_CURVE ( 'NONE', #826, #141, #7285, .T. ) ;
#1425 = LINE ( 'NONE', #7322, #2848 ) ;
#1426 = CARTESIAN_POINT ( 'NONE',  ( -34.71667900318302458, -164.1310519036429696, 10.00000000000000000 ) ) ;
#1427 = ORIENTED_EDGE ( 'NONE', *, *, #7403, .T. ) ;
#1428 = CARTESIAN_POINT ( 'NONE',  ( 158.3908233834577857, -99.00000000000000000, 10.00000000000000888 ) ) ;
#1429 = DIRECTION ( 'NONE',  ( -0.000000000000000000, -0.000000000000000000, -1.000000000000000000 ) ) ;
#1430 = VERTEX_POINT ( 'NONE', #3537 ) ;
#1431 = ORIENTED_EDGE ( 'NONE', *, *, #5518, .T. ) ;
#1432 = ORIENTED_EDGE ( 'NONE', *, *, #2614, .T. ) ;
#1433 = EDGE_CURVE ( 'NONE', #3639, #5009, #6657, .T. ) ;
#1434 = CARTESIAN_POINT ( 'NONE',  ( -195.1188555722679041, -327.5634665205517422, 10.00000000000000000 ) ) ;
#1435 = EDGE_CURVE ( 'NONE', #9314, #8226, #3585, .T. ) ;
#1436 = DIRECTION ( 'NONE',  ( 0.8660254037844391517, -0.4999999999999992784, -0.000000000000000000 ) ) ;
#1437 = ORIENTED_EDGE ( 'NONE', *, *, #9384, .F. ) ;
#1438 = DIRECTION ( 'NONE',  ( 0.4999999999999997224, 0.8660254037844387076, 0.000000000000000000 ) ) ;
#1439 = CARTESIAN_POINT ( 'NONE',  ( 9.986514974650809506, 180.7028486733070451, 44.49999999999970157 ) ) ;
#1440 = VECTOR ( 'NONE', #5486, 1000.000000000000000 ) ;
#1441 = CIRCLE ( 'NONE', #3109, 4.000000000000003553 ) ;
#1442 = CARTESIAN_POINT ( 'NONE',  ( 218.9999999999995453, -101.0000000000000142, 8.000000000000037303 ) ) ;
#1443 = AXIS2_PLACEMENT_3D ( 'NONE', #638, #7358, #588 ) ;
#1444 = ORIENTED_EDGE ( 'NONE', *, *, #667, .F. ) ;
#1445 = ORIENTED_EDGE ( 'NONE', *, *, #419, .T. ) ;
#1446 = CARTESIAN_POINT ( 'NONE',  ( -21.26348502534913720, 234.8294364098343863, 10.00000000000000178 ) ) ;
#1447 = VECTOR ( 'NONE', #8769, 1000.000000000000000 ) ;
#1448 = CIRCLE ( 'NONE', #2210, 5.000000000000004441 ) ;
#1449 = FACE_BOUND ( 'NONE', #749, .T. ) ;
#1450 = DIRECTION ( 'NONE',  ( -0.000000000000000000, -0.000000000000000000, -1.000000000000000000 ) ) ;
#1451 = ORIENTED_EDGE ( 'NONE', *, *, #1093, .F. ) ;
#1452 = LINE ( 'NONE', #2030, #6667 ) ;
#1453 = LINE ( 'NONE', #3786, #6037 ) ;
#1454 = DIRECTION ( 'NONE',  ( -1.000000000000000000, 0.000000000000000000, 0.000000000000000000 ) ) ;
#1455 = AXIS2_PLACEMENT_3D ( 'NONE', #1514, #7991, #3515 ) ;
#1456 = ORIENTED_EDGE ( 'NONE', *, *, #550, .F. ) ;
#1457 = VECTOR ( 'NONE', #8904, 1000.000000000000114 ) ;
#1458 = EDGE_LOOP ( 'NONE', ( #9276, #6498 ) ) ;
#1459 = DIRECTION ( 'NONE',  ( 0.4999999999999998890, -0.8660254037844387076, -1.425800117241211216E-16 ) ) ;
#1460 = FACE_OUTER_BOUND ( 'NONE', #4909, .T. ) ;
#1461 = AXIS2_PLACEMENT_3D ( 'NONE', #4711, #5580, #1940 ) ;
#1462 = DIRECTION ( 'NONE',  ( 1.635429539641433941E-16, -2.832647054857943335E-16, 1.000000000000000000 ) ) ;
#1463 = EDGE_LOOP ( 'NONE', ( #620, #5296, #4908, #6464 ) ) ;
#1464 = LINE ( 'NONE', #2854, #2060 ) ;
#1465 = EDGE_CURVE ( 'NONE', #3277, #2979, #682, .T. ) ;
#1466 = CARTESIAN_POINT ( 'NONE',  ( -191.7185657822018925, -130.0662966890801329, -8.473720558371180545 ) ) ;
#1467 = EDGE_CURVE ( 'NONE', #7547, #3973, #6212, .T. ) ;
#1468 = ORIENTED_EDGE ( 'NONE', *, *, #8040, .F. ) ;
#1469 = CIRCLE ( 'NONE', #1622, 2.000000000016960655 ) ;
#1470 = EDGE_CURVE ( 'NONE', #960, #8615, #9316, .T. ) ;
#1471 = AXIS2_PLACEMENT_3D ( 'NONE', #9217, #5565, #7869 ) ;
#1472 = FACE_BOUND ( 'NONE', #491, .T. ) ;
#1473 = VECTOR ( 'NONE', #8934, 1000.000000000000000 ) ;
#1474 = CARTESIAN_POINT ( 'NONE',  ( -53.64745962156482761, 292.9201257614998894, 10.00000000000000000 ) ) ;
#1475 = DIRECTION ( 'NONE',  ( 1.635429539641431722E-16, 2.832647054857944814E-16, 1.000000000000000000 ) ) ;
#1476 = CYLINDRICAL_SURFACE ( 'NONE', #2603, 3.500000000000014211 ) ;
#1477 = VERTEX_POINT ( 'NONE', #8060 ) ;
#1478 = CARTESIAN_POINT ( 'NONE',  ( -45.42021828561268393, 297.6701257614999463, 10.00000000000000000 ) ) ;
#1479 = LINE ( 'NONE', #4391, #6201 ) ;
#1480 = CARTESIAN_POINT ( 'NONE',  ( 250.5000000000000568, 52.00000000000002132, 10.00000000000000000 ) ) ;
#1481 = AXIS2_PLACEMENT_3D ( 'NONE', #6086, #9014, #5366 ) ;
#1482 = AXIS2_PLACEMENT_3D ( 'NONE', #766, #8111, #5762 ) ;
#1483 = EDGE_CURVE ( 'NONE', #101, #7596, #5834, .T. ) ;
#1484 = ORIENTED_EDGE ( 'NONE', *, *, #9012, .T. ) ;
#1485 = ORIENTED_EDGE ( 'NONE', *, *, #3831, .T. ) ;
#1486 = AXIS2_PLACEMENT_3D ( 'NONE', #3129, #3273, #6209 ) ;
#1487 = ORIENTED_EDGE ( 'NONE', *, *, #8438, .F. ) ;
#1488 = CARTESIAN_POINT ( 'NONE',  ( -31.98368480613950737, 316.3973670974521042, 0.000000000000000000 ) ) ;
#1489 = APPROVAL_PERSON_ORGANIZATION ( #1290, #2711, #4781 ) ;
#1490 = CARTESIAN_POINT ( 'NONE',  ( -114.2039678976131398, -169.8070748247014308, -29.42433009472867056 ) ) ;
#1491 = ORIENTED_EDGE ( 'NONE', *, *, #2562, .F. ) ;
#1492 = DIRECTION ( 'NONE',  ( 0.5000000000000007772, -0.8660254037844382635, -6.308085367188392213E-16 ) ) ;
#1493 = DIRECTION ( 'NONE',  ( -9.912705577010309526E-17, -1.716930969985325558E-16, -1.000000000000000000 ) ) ;
#1494 = DIRECTION ( 'NONE',  ( -2.220446049250312588E-16, -1.000000000000000000, 1.025445864033519699E-16 ) ) ;
#1495 = EDGE_CURVE ( 'NONE', #6989, #3275, #7870, .T. ) ;
#1496 = ORIENTED_EDGE ( 'NONE', *, *, #8182, .T. ) ;
#1497 = CIRCLE ( 'NONE', #4548, 7.500000000000007105 ) ;
#1498 = EDGE_CURVE ( 'NONE', #6409, #2975, #9212, .T. ) ;
#1499 = ORIENTED_EDGE ( 'NONE', *, *, #2011, .F. ) ;
#1500 = DIRECTION ( 'NONE',  ( 0.5000000000000000000, 0.8660254037844385966, 0.000000000000000000 ) ) ;
#1501 = DIRECTION ( 'NONE',  ( -2.220446049250312588E-16, -1.000000000000000000, 1.025445864033519699E-16 ) ) ;
#1502 = FACE_OUTER_BOUND ( 'NONE', #7185, .T. ) ;
#1503 = EDGE_LOOP ( 'NONE', ( #3701, #2760 ) ) ;
#1504 = FACE_OUTER_BOUND ( 'NONE', #6453, .T. ) ;
#1505 = FACE_OUTER_BOUND ( 'NONE', #4474, .T. ) ;
#1506 = CARTESIAN_POINT ( 'NONE',  ( -21.26348502534915141, 234.8294364098343863, 8.000000000000028422 ) ) ;
#1507 = EDGE_CURVE ( 'NONE', #5633, #5989, #5063, .T. ) ;
#1508 = ORIENTED_EDGE ( 'NONE', *, *, #9484, .F. ) ;
#1509 = EDGE_LOOP ( 'NONE', ( #2956, #4017 ) ) ;
#1510 = CARTESIAN_POINT ( 'NONE',  ( 275.5000000000000000, -84.00000000000001421, 19.49999999999998224 ) ) ;
#1511 = DIRECTION ( 'NONE',  ( 0.000000000000000000, 0.000000000000000000, 1.000000000000000000 ) ) ;
#1512 = CYLINDRICAL_SURFACE ( 'NONE', #2896, 5.000000000000007105 ) ;
#1513 = ORIENTED_EDGE ( 'NONE', *, *, #717, .T. ) ;
#1514 = CARTESIAN_POINT ( 'NONE',  ( 260.0000000000000568, -100.0000000000000142, 10.00000000000000000 ) ) ;
#1515 = LINE ( 'NONE', #3796, #5665 ) ;
#1516 = VERTEX_POINT ( 'NONE', #5801 ) ;
#1517 = FACE_BOUND ( 'NONE', #2269, .T. ) ;
#1518 = DIRECTION ( 'NONE',  ( 0.8660254037844390407, -0.4999999999999992784, -0.000000000000000000 ) ) ;
#1519 = CYLINDRICAL_SURFACE ( 'NONE', #4371, 11.00000000000000355 ) ;
#1520 = VECTOR ( 'NONE', #6708, 1000.000000000000114 ) ;
#1521 = CARTESIAN_POINT ( 'NONE',  ( 378.2377111446261324, 35.00000000000000000, 10.00000000000000000 ) ) ;
#1522 = EDGE_LOOP ( 'NONE', ( #8207, #6079 ) ) ;
#1523 = CARTESIAN_POINT ( 'NONE',  ( -193.2185657822019209, -132.6643729004334205, 12.33012701892222296 ) ) ;
#1524 = DIRECTION ( 'NONE',  ( 0.4999999999999992784, 0.8660254037844391517, 0.000000000000000000 ) ) ;
#1525 = ORIENTED_EDGE ( 'NONE', *, *, #9225, .F. ) ;
#1526 = VECTOR ( 'NONE', #8851, 1000.000000000000000 ) ;
#1527 = CIRCLE ( 'NONE', #450, 4.999999999999993783 ) ;
#1528 = VERTEX_POINT ( 'NONE', #1346 ) ;
#1529 = ORIENTED_EDGE ( 'NONE', *, *, #824, .F. ) ;
#1530 = CARTESIAN_POINT ( 'NONE',  ( -162.0560796608473595, 195.6893636479667009, 10.00000000000000000 ) ) ;
#1532 = ADVANCED_FACE ( 'NONE', ( #3578 ), #6516, .T. ) ;
#1531 = CARTESIAN_POINT ( 'NONE',  ( -192.7663151938431270, -72.88105190364302644, 10.00000000000000000 ) ) ;
#1533 = CIRCLE ( 'NONE', #6894, 9.499999999999953815 ) ;
#1534 = CIRCLE ( 'NONE', #762, 5.499999999999997335 ) ;
#1535 = ORIENTED_EDGE ( 'NONE', *, *, #4814, .T. ) ;
#1536 = CARTESIAN_POINT ( 'NONE',  ( -22.28143421778027289, 240.5925761306488084, 17.52627944162885498 ) ) ;
#1537 = FACE_OUTER_BOUND ( 'NONE', #2121, .T. ) ;
#1538 = PLANE ( 'NONE',  #1482 ) ;
#1539 = EDGE_LOOP ( 'NONE', ( #5043, #5615 ) ) ;
#1540 = AXIS2_PLACEMENT_3D ( 'NONE', #932, #10, #2984 ) ;
#1541 = EDGE_CURVE ( 'NONE', #9310, #2093, #3385, .T. ) ;
#1542 = ORIENTED_EDGE ( 'NONE', *, *, #4263, .F. ) ;
#1543 = EDGE_CURVE ( 'NONE', #7543, #5684, #8604, .T. ) ;
#1544 = CARTESIAN_POINT ( 'NONE',  ( 268.0000000000000000, -56.50000000000000000, 0.000000000000000000 ) ) ;
#1545 = ADVANCED_FACE ( 'NONE', ( #1578 ), #3817, .T. ) ;
#1546 = EDGE_CURVE ( 'NONE', #8293, #2043, #2286, .T. ) ;
#1547 = EDGE_CURVE ( 'NONE', #2029, #2284, #1099, .T. ) ;
#1548 = CARTESIAN_POINT ( 'NONE',  ( -158.3647367097224503, -216.2957701085779263, 10.00000000000000178 ) ) ;
#1549 = CARTESIAN_POINT ( 'NONE',  ( -144.4961339178667288, -82.27464544309202665, 10.00000000000000178 ) ) ;
#1550 = ORIENTED_EDGE ( 'NONE', *, *, #1886, .T. ) ;
#1551 = DIRECTION ( 'NONE',  ( -0.2499999999999998890, 0.4330127018922188542, -0.8660254037844389297 ) ) ;
#1552 = CARTESIAN_POINT ( 'NONE',  ( 134.5000000000000284, -28.99999999999997158, 24.99999999999997158 ) ) ;
#1553 = DIRECTION ( 'NONE',  ( -1.000000000000000000, 0.000000000000000000, 0.000000000000000000 ) ) ;
#1554 = VERTEX_POINT ( 'NONE', #8869 ) ;
#1555 = EDGE_CURVE ( 'NONE', #1157, #101, #1725, .T. ) ;
#1556 = ORIENTED_EDGE ( 'NONE', *, *, #4263, .T. ) ;
#1557 = EDGE_CURVE ( 'NONE', #9321, #4970, #4590, .T. ) ;
#1558 = CARTESIAN_POINT ( 'NONE',  ( -65.25386608208373218, 275.8268590217634255, 10.00000000000000000 ) ) ;
#1559 = DIRECTION ( 'NONE',  ( -1.635429539641431969E-16, -2.832647054857945307E-16, 1.000000000000000000 ) ) ;
#1560 = ORIENTED_EDGE ( 'NONE', *, *, #1017, .F. ) ;
#1561 = CARTESIAN_POINT ( 'NONE',  ( -42.13526329026009876, 130.9804168089719383, 19.49999999999997158 ) ) ;
#1562 = EDGE_CURVE ( 'NONE', #7868, #3395, #618, .T. ) ;
#1563 = DIRECTION ( 'NONE',  ( -1.000000000000000000, 0.000000000000000000, 0.000000000000000000 ) ) ;
#1564 = ORIENTED_EDGE ( 'NONE', *, *, #4444, .F. ) ;
#1565 = DIRECTION ( 'NONE',  ( 0.000000000000000000, 0.000000000000000000, 1.000000000000000000 ) ) ;
#1566 = CARTESIAN_POINT ( 'NONE',  ( -87.87435565295575657, -124.2028486733671002, 44.49999999999970157 ) ) ;
#1567 = DIRECTION ( 'NONE',  ( 0.4999999999999996669, 0.8660254037844388186, -6.308085367188379394E-16 ) ) ;
#1568 = CARTESIAN_POINT ( 'NONE',  ( -161.2185657822019209, -77.23874705822932185, -119.3301270189222123 ) ) ;
#1569 = CIRCLE ( 'NONE', #6317, 5.000000000000007105 ) ;
#1570 = DIRECTION ( 'NONE',  ( 1.635429539641433941E-16, -2.832647054857943335E-16, 1.000000000000000000 ) ) ;
#1571 = VERTEX_POINT ( 'NONE', #171 ) ;
#1572 = DIRECTION ( 'NONE',  ( 1.000000000000000000, 0.000000000000000000, 0.000000000000000000 ) ) ;
#1573 = DIRECTION ( 'NONE',  ( -0.000000000000000000, -0.000000000000000000, -1.000000000000000000 ) ) ;
#1574 = ORIENTED_EDGE ( 'NONE', *, *, #2427, .T. ) ;
#1575 = AXIS2_PLACEMENT_3D ( 'NONE', #110, #1565, #6737 ) ;
#1576 = ORIENTED_EDGE ( 'NONE', *, *, #8399, .T. ) ;
#1577 = DIRECTION ( 'NONE',  ( 0.3263216937425386099, -0.5652057531740080076, -0.7576652352932680135 ) ) ;
#1578 = FACE_OUTER_BOUND ( 'NONE', #2309, .T. ) ;
#1579 = EDGE_LOOP ( 'NONE', ( #1415, #8630 ) ) ;
#1580 = CYLINDRICAL_SURFACE ( 'NONE', #4537, 2.000000000016960655 ) ;
#1581 = CARTESIAN_POINT ( 'NONE',  ( -62.25386608211591977, 275.8268590217634255, 10.00000000000000000 ) ) ;
#1582 = CARTESIAN_POINT ( 'NONE',  ( -77.05296641779979439, -128.7185298537210940, -120.0000000000000284 ) ) ;
#1583 = VERTEX_POINT ( 'NONE', #2430 ) ;
#1584 = ORIENTED_EDGE ( 'NONE', *, *, #7880, .F. ) ;
#1585 = EDGE_CURVE ( 'NONE', #5638, #6467, #7827, .T. ) ;
#1586 = CARTESIAN_POINT ( 'NONE',  ( 399.2377111446261324, -230.5000000000001421, 10.00000000000000000 ) ) ;
#1587 = VERTEX_POINT ( 'NONE', #1673 ) ;
#1588 = FACE_OUTER_BOUND ( 'NONE', #4028, .T. ) ;
#1589 = ADVANCED_FACE ( 'NONE', ( #807 ), #1629, .F. ) ;
#1590 = DIRECTION ( 'NONE',  ( 1.635429539641431722E-16, 2.832647054857944814E-16, -1.000000000000000000 ) ) ;
#1591 = ORIENTED_EDGE ( 'NONE', *, *, #1841, .T. ) ;
#1592 = DIRECTION ( 'NONE',  ( 2.220446049250312588E-16, 1.000000000000000000, -1.025445864033519699E-16 ) ) ;
#1593 = CIRCLE ( 'NONE', #4652, 9.500000000000008882 ) ;
#1594 = FACE_OUTER_BOUND ( 'NONE', #7169, .T. ) ;
#1595 = DIRECTION ( 'NONE',  ( 2.220446049250312588E-16, 1.000000000000000000, -1.025445864033519699E-16 ) ) ;
#1596 = ORIENTED_EDGE ( 'NONE', *, *, #3476, .T. ) ;
#1597 = EDGE_CURVE ( 'NONE', #7047, #3945, #8196, .T. ) ;
#1598 = EDGE_LOOP ( 'NONE', ( #1899, #1115, #943, #8629 ) ) ;
#1599 = EDGE_CURVE ( 'NONE', #1341, #5934, #5219, .T. ) ;
#1600 = CIRCLE ( 'NONE', #8343, 4.999999999999990230 ) ;
#1601 = VERTEX_POINT ( 'NONE', #4637 ) ;
#1602 = CIRCLE ( 'NONE', #1144, 3.500000000000001332 ) ;
#1603 = LINE ( 'NONE', #2356, #7572 ) ;
#1604 = DIRECTION ( 'NONE',  ( 0.8660254037844390407, -0.4999999999999992228, -0.000000000000000000 ) ) ;
#1605 = ORIENTED_EDGE ( 'NONE', *, *, #835, .F. ) ;
#1606 = DIRECTION ( 'NONE',  ( 0.8660254037844387076, 0.4999999999999998890, -7.703719777548943412E-34 ) ) ;
#1607 = DIRECTION ( 'NONE',  ( 0.000000000000000000, 0.000000000000000000, 1.000000000000000000 ) ) ;
#1608 = AXIS2_PLACEMENT_3D ( 'NONE', #4916, #350, #4870 ) ;
#1609 = VECTOR ( 'NONE', #9398, 1000.000000000000000 ) ;
#1610 = ORIENTED_EDGE ( 'NONE', *, *, #6070, .F. ) ;
#1611 = EDGE_CURVE ( 'NONE', #8615, #3631, #1988, .T. ) ;
#1612 = EDGE_CURVE ( 'NONE', #492, #4315, #8727, .T. ) ;
#1613 = DIRECTION ( 'NONE',  ( -3.105958772499037896E-16, -1.025445864033519576E-16, -1.000000000000000000 ) ) ;
#1614 = CARTESIAN_POINT ( 'NONE',  ( -22.28143421778025512, 240.5925761306488369, -8.473720558371189426 ) ) ;
#1615 = VECTOR ( 'NONE', #5590, 1000.000000000000000 ) ;
#1616 = CARTESIAN_POINT ( 'NONE',  ( -24.01348502534913365, 239.5925761306488369, -8.473720558371189426 ) ) ;
#1617 = DIRECTION ( 'NONE',  ( 0.4999999999999985567, 0.8660254037844394848, 3.717264591378858399E-16 ) ) ;
#1618 = CARTESIAN_POINT ( 'NONE',  ( -95.11473670972256400, -106.7435565298464013, 0.000000000000000000 ) ) ;
#1619 = VERTEX_POINT ( 'NONE', #3862 ) ;
#1620 = CYLINDRICAL_SURFACE ( 'NONE', #3894, 5.000000000000004441 ) ;
#1621 = DIRECTION ( 'NONE',  ( 0.000000000000000000, 0.000000000000000000, 1.000000000000000000 ) ) ;
#1622 = AXIS2_PLACEMENT_3D ( 'NONE', #4651, #9027, #2976 ) ;
#1623 = ORIENTED_EDGE ( 'NONE', *, *, #120, .T. ) ;
#1624 = VECTOR ( 'NONE', #8058, 1000.000000000000114 ) ;
#1625 = EDGE_CURVE ( 'NONE', #692, #9131, #5895, .T. ) ;
#1626 = CARTESIAN_POINT ( 'NONE',  ( -21.26348502534915141, 234.8294364098343863, 8.000000000000028422 ) ) ;
#1627 = DIRECTION ( 'NONE',  ( -1.000000000000000000, 0.000000000000000000, 0.000000000000000000 ) ) ;
#1628 = VECTOR ( 'NONE', #7531, 1000.000000000000000 ) ;
#1629 = CYLINDRICAL_SURFACE ( 'NONE', #2436, 1.999999999981183496 ) ;
#1630 = AXIS2_PLACEMENT_3D ( 'NONE', #5792, #8720, #2140 ) ;
#1631 = CIRCLE ( 'NONE', #2992, 5.000000000000005329 ) ;
#1632 = EDGE_LOOP ( 'NONE', ( #3030, #7088, #9370, #5419 ) ) ;
#1633 = CARTESIAN_POINT ( 'NONE',  ( -184.9304353137945327, -207.3089098293923485, -3.000000000000031086 ) ) ;
#1634 = FACE_OUTER_BOUND ( 'NONE', #5600, .T. ) ;
#1635 = CIRCLE ( 'NONE', #1937, 9.500000000000063949 ) ;
#1636 = ORIENTED_EDGE ( 'NONE', *, *, #8231, .F. ) ;
#1637 = VECTOR ( 'NONE', #3803, 1000.000000000000000 ) ;
#1638 = EDGE_CURVE ( 'NONE', #1801, #1070, #596, .T. ) ;
#1639 = AXIS2_PLACEMENT_3D ( 'NONE', #3314, #2639, #9369 ) ;
#1640 = ORIENTED_EDGE ( 'NONE', *, *, #4758, .F. ) ;
#1641 = CARTESIAN_POINT ( 'NONE',  ( 378.2377111446261324, -35.00000000000000000, 0.000000000000000000 ) ) ;
#1642 = VERTEX_POINT ( 'NONE', #2332 ) ;
#1643 = PLANE ( 'NONE',  #9258 ) ;
#1644 = CARTESIAN_POINT ( 'NONE',  ( -88.44392033913516116, -238.1893636480269834, 0.000000000000000000 ) ) ;
#1645 = ORIENTED_EDGE ( 'NONE', *, *, #6239, .T. ) ;
#1646 = CARTESIAN_POINT ( 'NONE',  ( -21.06956468618784939, 149.4935565297863036, 10.00000000000000000 ) ) ;
#1647 = CARTESIAN_POINT ( 'NONE',  ( 12.46856578221975553, 180.4038105676302735, -115.0000000000000142 ) ) ;
#1648 = SECURITY_CLASSIFICATION ( '', '', #4193 ) ;
#1649 = DIRECTION ( 'NONE',  ( 1.000000000000000000, 0.000000000000000000, 0.000000000000000000 ) ) ;
#1650 = ORIENTED_EDGE ( 'NONE', *, *, #4274, .T. ) ;
#1651 = VERTEX_POINT ( 'NONE', #5268 ) ;
#1652 = ORIENTED_EDGE ( 'NONE', *, *, #6947, .F. ) ;
#1653 = DIRECTION ( 'NONE',  ( -0.3535533905932725096, -0.6123724356957934711, -0.7071067811865489050 ) ) ;
#1654 = LINE ( 'NONE', #5966, #6424 ) ;
#1655 = EDGE_LOOP ( 'NONE', ( #8135, #3117, #2489, #2883 ) ) ;
#1656 = EDGE_CURVE ( 'NONE', #8596, #2396, #1830, .T. ) ;
#1657 = DIRECTION ( 'NONE',  ( -1.635429539641434187E-16, 2.832647054857943828E-16, 1.000000000000000000 ) ) ;
#1658 = CARTESIAN_POINT ( 'NONE',  ( -110.8743556529555576, -164.0400172474510043, -137.5000000000000000 ) ) ;
#1659 = EDGE_LOOP ( 'NONE', ( #8510, #1958, #6710, #4791 ) ) ;
#1660 = DIRECTION ( 'NONE',  ( 1.000000000000000000, 0.000000000000000000, 0.000000000000000000 ) ) ;
#1661 = DIRECTION ( 'NONE',  ( 0.4999999999999985567, -0.8660254037844394848, 0.000000000000000000 ) ) ;
#1662 = DIRECTION ( 'NONE',  ( -0.8660254037844391517, 0.4999999999999992228, 2.775557561562891351E-17 ) ) ;
#1663 = DIRECTION ( 'NONE',  ( 1.000000000000000000, 0.000000000000000000, 0.000000000000000000 ) ) ;
#1664 = CARTESIAN_POINT ( 'NONE',  ( 136.9999999999999716, -29.00000000000000000, 0.000000000000000000 ) ) ;
#1665 = EDGE_LOOP ( 'NONE', ( #6962, #8201 ) ) ;
#1666 = CARTESIAN_POINT ( 'NONE',  ( 260.0000000000000568, -100.0000000000000142, 10.00000000000000000 ) ) ;
#1667 = ADVANCED_FACE ( 'NONE', ( #6136, #1964 ), #3389, .T. ) ;
#1668 = CARTESIAN_POINT ( 'NONE',  ( -5.773103968582558032, 237.9993093909122024, -18.00000000000001066 ) ) ;
#1669 = EDGE_CURVE ( 'NONE', #839, #7240, #962, .T. ) ;
#1670 = ORIENTED_EDGE ( 'NONE', *, *, #61, .T. ) ;
#1671 = CARTESIAN_POINT ( 'NONE',  ( 150.0000000000000284, -130.5000000000000000, 0.000000000000000000 ) ) ;
#1672 = DIRECTION ( 'NONE',  ( 0.000000000000000000, 0.000000000000000000, 1.000000000000000000 ) ) ;
#1673 = CARTESIAN_POINT ( 'NONE',  ( -112.8852632902272859, 248.3268590217633403, 0.000000000000000000 ) ) ;
#1674 = EDGE_CURVE ( 'NONE', #1619, #27, #7814, .T. ) ;
#1676 = ADVANCED_FACE ( 'NONE', ( #4877 ), #268, .F. ) ;
#1675 = ORIENTED_EDGE ( 'NONE', *, *, #4294, .T. ) ;
#1677 = CARTESIAN_POINT ( 'NONE',  ( 144.9999999999995168, -13.99999999999999645, -115.0000000000000284 ) ) ;
#1678 = ADVANCED_FACE ( 'NONE', ( #6899 ), #1821, .F. ) ;
#1679 = CIRCLE ( 'NONE', #1068, 5.000000000000004441 ) ;
#1680 = DIRECTION ( 'NONE',  ( 1.635429539641431722E-16, 2.832647054857944814E-16, -1.000000000000000000 ) ) ;
#1681 = EDGE_LOOP ( 'NONE', ( #5156, #5212 ) ) ;
#1682 = ORIENTED_EDGE ( 'NONE', *, *, #8438, .T. ) ;
#1683 = VECTOR ( 'NONE', #4309, 1000.000000000000000 ) ;
#1685 = AXIS2_PLACEMENT_3D ( 'NONE', #6064, #8090, #2411 ) ;
#1684 = DIRECTION ( 'NONE',  ( 0.4999999999999985567, -0.8660254037844394848, 6.308085367188364603E-16 ) ) ;
#1686 = DIRECTION ( 'NONE',  ( 0.000000000000000000, 0.000000000000000000, 1.000000000000000000 ) ) ;
#1687 = EDGE_LOOP ( 'NONE', ( #2333, #1272, #4027, #7877 ) ) ;
#1688 = DIRECTION ( 'NONE',  ( 2.220446049250312834E-16, 1.000000000000000000, -1.025445864033519699E-16 ) ) ;
#1689 = FACE_OUTER_BOUND ( 'NONE', #8220, .T. ) ;
#1690 = EDGE_LOOP ( 'NONE', ( #9497, #4678, #6571, #7876 ) ) ;
#1691 = CARTESIAN_POINT ( 'NONE',  ( 218.9999999999995453, -101.0000000000000142, -18.00000000000000355 ) ) ;
#1692 = CYLINDRICAL_SURFACE ( 'NONE', #6802, 1.999999999980905940 ) ;
#1693 = LINE ( 'NONE', #6868, #5461 ) ;
#1694 = VECTOR ( 'NONE', #7035, 1000.000000000000000 ) ;
#1695 = ORIENTED_EDGE ( 'NONE', *, *, #6882, .T. ) ;
#1696 = VECTOR ( 'NONE', #5557, 1000.000000000000227 ) ;
#1697 = ORIENTED_EDGE ( 'NONE', *, *, #8268, .F. ) ;
#1698 = ORIENTED_EDGE ( 'NONE', *, *, #4294, .F. ) ;
#1699 = AXIS2_PLACEMENT_3D ( 'NONE', #5646, #6549, #3475 ) ;
#1700 = DIRECTION ( 'NONE',  ( 0.8660254037844383745, -0.5000000000000003331, 0.000000000000000000 ) ) ;
#1701 = PLANE ( 'NONE',  #6885 ) ;
#1702 = ORIENTED_EDGE ( 'NONE', *, *, #3991, .T. ) ;
#1703 = CYLINDRICAL_SURFACE ( 'NONE', #5279, 4.999999999999994671 ) ;
#1704 = EDGE_CURVE ( 'NONE', #4330, #7244, #8281, .T. ) ;
#1705 = CYLINDRICAL_SURFACE ( 'NONE', #6888, 9.500000000000008882 ) ;
#1706 = FACE_OUTER_BOUND ( 'NONE', #2025, .T. ) ;
#1707 = ORIENTED_EDGE ( 'NONE', *, *, #5339, .F. ) ;
#1708 = ORIENTED_EDGE ( 'NONE', *, *, #241, .F. ) ;
#1709 = CARTESIAN_POINT ( 'NONE',  ( 1.029127839489753446E-13, -460.9999999999998863, 0.000000000000000000 ) ) ;
#1710 = LINE ( 'NONE', #3186, #5900 ) ;
#1711 = DIRECTION ( 'NONE',  ( 0.8660254037844390407, -0.4999999999999992228, 0.000000000000000000 ) ) ;
#1712 = LINE ( 'NONE', #161, #1637 ) ;
#1713 = CARTESIAN_POINT ( 'NONE',  ( 12.46856578221975553, 180.4038105676302735, -115.0000000000000142 ) ) ;
#1714 = VERTEX_POINT ( 'NONE', #1199 ) ;
#1715 = FACE_BOUND ( 'NONE', #5409, .T. ) ;
#1716 = OPEN_SHELL ( 'NONE', ( #2587, #2244, #8597, #6760, #1256 ) ) ;
#1717 = CARTESIAN_POINT ( 'NONE',  ( 10.73651497465087878, 179.4038105676302735, -115.0000000000000142 ) ) ;
#1718 = ORIENTED_EDGE ( 'NONE', *, *, #5599, .T. ) ;
#1719 = EDGE_CURVE ( 'NONE', #2247, #6160, #6433, .T. ) ;
#1720 = ADVANCED_FACE ( 'NONE', ( #3247, #315 ), #3197, .F. ) ;
#1721 = EDGE_CURVE ( 'NONE', #7547, #3543, #6181, .T. ) ;
#1722 = VECTOR ( 'NONE', #9441, 1000.000000000000000 ) ;
#1723 = DIRECTION ( 'NONE',  ( 0.000000000000000000, 0.000000000000000000, 1.000000000000000000 ) ) ;
#1724 = DIRECTION ( 'NONE',  ( -0.4999999999999992228, -0.8660254037844390407, 0.000000000000000000 ) ) ;
#1725 = LINE ( 'NONE', #3721, #9364 ) ;
#1726 = VERTEX_POINT ( 'NONE', #6852 ) ;
#1727 = CARTESIAN_POINT ( 'NONE',  ( 280.5000000000000000, -100.0000000000000284, 10.00000000000000000 ) ) ;
#1728 = CIRCLE ( 'NONE', #4476, 10.00000000000000178 ) ;
#1729 = CARTESIAN_POINT ( 'NONE',  ( 33.26631519386057789, 203.3810519035829429, 10.00000000000000000 ) ) ;
#1730 = VERTEX_POINT ( 'NONE', #4829 ) ;
#1731 = ADVANCED_FACE ( 'NONE', ( #9111 ), #2482, .F. ) ;
#1732 = VERTEX_POINT ( 'NONE', #1146 ) ;
#1733 = EDGE_CURVE ( 'NONE', #4438, #8484, #7626, .T. ) ;
#1734 = FACE_OUTER_BOUND ( 'NONE', #4246, .T. ) ;
#1735 = FACE_OUTER_BOUND ( 'NONE', #2117, .T. ) ;
#1736 = CYLINDRICAL_SURFACE ( 'NONE', #3429, 2.000000000000007550 ) ;
#1737 = DIRECTION ( 'NONE',  ( -0.8660254037844391517, 0.4999999999999992784, 0.000000000000000000 ) ) ;
#1738 = ORIENTED_EDGE ( 'NONE', *, *, #6749, .T. ) ;
#1739 = DIRECTION ( 'NONE',  ( 0.4999999999999972800, -0.8660254037844402619, 0.000000000000000000 ) ) ;
#1740 = DIRECTION ( 'NONE',  ( 1.000000000000000000, 0.000000000000000000, 0.000000000000000000 ) ) ;
#1741 = LINE ( 'NONE', #380, #9450 ) ;
#1742 = ORIENTED_EDGE ( 'NONE', *, *, #6598, .F. ) ;
#1743 = VERTEX_POINT ( 'NONE', #361 ) ;
#1744 = EDGE_CURVE ( 'NONE', #2466, #7872, #8890, .T. ) ;
#1745 = ORIENTED_EDGE ( 'NONE', *, *, #5372, .F. ) ;
#1746 = LINE ( 'NONE', #52, #6794 ) ;
#1747 = FACE_OUTER_BOUND ( 'NONE', #9216, .T. ) ;
#1748 = ORIENTED_EDGE ( 'NONE', *, *, #9188, .T. ) ;
#1749 = LINE ( 'NONE', #4618, #533 ) ;
#1750 = CARTESIAN_POINT ( 'NONE',  ( 144.9999999999995168, -99.00000000000001421, -115.0000000000000142 ) ) ;
#1751 = CARTESIAN_POINT ( 'NONE',  ( 149.9999999999994600, -2.370561427938470356, -115.0000000000000284 ) ) ;
#1752 = AXIS2_PLACEMENT_3D ( 'NONE', #6435, #2071, #4899 ) ;
#1753 = ORIENTED_EDGE ( 'NONE', *, *, #3571, .T. ) ;
#1754 = AXIS2_PLACEMENT_3D ( 'NONE', #3420, #9196, #7076 ) ;
#1755 = EDGE_LOOP ( 'NONE', ( #3262, #7026, #4208, #2989 ) ) ;
#1756 = CARTESIAN_POINT ( 'NONE',  ( -19.00644347018732461, 312.9201257614998894, 0.000000000000000000 ) ) ;
#1757 = DIRECTION ( 'NONE',  ( -1.000000000000000000, 0.000000000000000000, 0.000000000000000000 ) ) ;
#1758 = CARTESIAN_POINT ( 'NONE',  ( 217.9999999999995453, -114.0000000000000142, 8.000000000000035527 ) ) ;
#1759 = DIRECTION ( 'NONE',  ( -2.220446049250312588E-16, -1.000000000000000000, 1.025445864033519699E-16 ) ) ;
#1760 = CIRCLE ( 'NONE', #992, 3.000000000017002844 ) ;
#1761 = DIRECTION ( 'NONE',  ( 1.000000000000000000, 0.000000000000000000, 0.000000000000000000 ) ) ;
#1762 = ORIENTED_EDGE ( 'NONE', *, *, #5106, .T. ) ;
#1763 = DIRECTION ( 'NONE',  ( 1.635429539641433941E-16, -2.832647054857943335E-16, -1.000000000000000000 ) ) ;
#1764 = AXIS2_PLACEMENT_3D ( 'NONE', #2780, #8640, #477 ) ;
#1765 = LINE ( 'NONE', #9100, #929 ) ;
#1766 = EDGE_CURVE ( 'NONE', #5416, #4423, #2442, .T. ) ;
#1767 = EDGE_LOOP ( 'NONE', ( #6252, #1019 ) ) ;
#1768 = AXIS2_PLACEMENT_3D ( 'NONE', #6634, #8089, #8714 ) ;
#1769 = VECTOR ( 'NONE', #4059, 1000.000000000000114 ) ;
#1770 = PLANE ( 'NONE',  #1403 ) ;
#1771 = CARTESIAN_POINT ( 'NONE',  ( -19.00644347018732461, 312.9201257614998894, 10.00000000000000000 ) ) ;
#1772 = CARTESIAN_POINT ( 'NONE',  ( -109.8852632902600561, 248.3268590217633118, -3.000000000000030198 ) ) ;
#1773 = LINE ( 'NONE', #7627, #1769 ) ;
#1774 = VECTOR ( 'NONE', #338, 1000.000000000000114 ) ;
#1775 = EDGE_CURVE ( 'NONE', #826, #9349, #2288, .T. ) ;
#1776 = FACE_OUTER_BOUND ( 'NONE', #5183, .T. ) ;
#1777 = AXIS2_PLACEMENT_3D ( 'NONE', #772, #4358, #7299 ) ;
#1778 = DIRECTION ( 'NONE',  ( 0.000000000000000000, -0.000000000000000000, 1.000000000000000000 ) ) ;
#1779 = VERTEX_POINT ( 'NONE', #4057 ) ;
#1780 = AXIS2_PLACEMENT_3D ( 'NONE', #8120, #2305, #1551 ) ;
#1781 = VERTEX_POINT ( 'NONE', #4010 ) ;
#1782 = AXIS2_PLACEMENT_3D ( 'NONE', #372, #7683, #8924 ) ;
#1783 = CARTESIAN_POINT ( 'NONE',  ( -139.9961339178667288, -74.48041680903205020, 24.99999999999997158 ) ) ;
#1784 = AXIS2_PLACEMENT_3D ( 'NONE', #144, #5960, #3067 ) ;
#1785 = CARTESIAN_POINT ( 'NONE',  ( -144.4961339178667288, -82.27464544309201244, 19.49999999999997513 ) ) ;
#1786 = DIRECTION ( 'NONE',  ( 0.3535533905932711773, 0.6123724356957913617, 0.7071067811865515695 ) ) ;
#1787 = ORIENTED_EDGE ( 'NONE', *, *, #9020, .F. ) ;
#1788 = CARTESIAN_POINT ( 'NONE',  ( 132.0000000000000000, -13.99999999999997158, 24.99999999999998224 ) ) ;
#1789 = EDGE_CURVE ( 'NONE', #2266, #8602, #5054, .T. ) ;
#1790 = DIRECTION ( 'NONE',  ( 1.000000000000000000, 0.000000000000000000, 0.000000000000000000 ) ) ;
#1791 = AXIS2_PLACEMENT_3D ( 'NONE', #6092, #6755, #1492 ) ;
#1792 = LINE ( 'NONE', #1064, #3757 ) ;
#1793 = CIRCLE ( 'NONE', #8527, 7.500000000000007994 ) ;
#1794 = ORIENTED_EDGE ( 'NONE', *, *, #9355, .F. ) ;
#1795 = EDGE_CURVE ( 'NONE', #6934, #4783, #7672, .T. ) ;
#1796 = VECTOR ( 'NONE', #7831, 1000.000000000000000 ) ;
#1797 = VERTEX_POINT ( 'NONE', #5839 ) ;
#1798 = ORIENTED_EDGE ( 'NONE', *, *, #5483, .F. ) ;
#1799 = CARTESIAN_POINT ( 'NONE',  ( -95.11473670972256400, -106.7435565298464297, 10.00000000000000178 ) ) ;
#1800 = DIRECTION ( 'NONE',  ( -0.4999999999999998890, 0.8660254037844387076, 0.000000000000000000 ) ) ;
#1801 = VERTEX_POINT ( 'NONE', #2187 ) ;
#1802 = DIRECTION ( 'NONE',  ( 0.5000000000000007772, -0.8660254037844382635, 6.308085367188392213E-16 ) ) ;
#1803 = ADVANCED_FACE ( 'NONE', ( #6554, #1286 ), #3433, .T. ) ;
#1804 = CARTESIAN_POINT ( 'NONE',  ( -253.2663151938430701, -177.6701257615601151, 10.00000000000000000 ) ) ;
#1805 = CARTESIAN_POINT ( 'NONE',  ( -160.1147367097224219, -219.3268590218234806, 19.49999999999997513 ) ) ;
#1806 = VERTEX_POINT ( 'NONE', #2723 ) ;
#1807 = VERTEX_POINT ( 'NONE', #1426 ) ;
#1808 = AXIS2_PLACEMENT_3D ( 'NONE', #5011, #7118, #7848 ) ;
#1809 = CARTESIAN_POINT ( 'NONE',  ( 41.49355652981271447, 208.1310519035828861, 0.000000000000000000 ) ) ;
#1810 = DIRECTION ( 'NONE',  ( 0.8660254037844391517, -0.4999999999999992784, 0.000000000000000000 ) ) ;
#1811 = DIRECTION ( 'NONE',  ( -0.000000000000000000, -0.000000000000000000, -1.000000000000000000 ) ) ;
#1812 = DIRECTION ( 'NONE',  ( -1.000000000000000000, 0.000000000000000000, -3.154042683594191669E-16 ) ) ;
#1813 = DIRECTION ( 'NONE',  ( -1.000000000000000000, 0.000000000000000000, 0.000000000000000000 ) ) ;
#1814 = EDGE_LOOP ( 'NONE', ( #5198, #8021, #8657, #4599 ) ) ;
#1815 = DIRECTION ( 'NONE',  ( -0.8660254037844389297, -0.4999999999999993894, 0.000000000000000000 ) ) ;
#1816 = CARTESIAN_POINT ( 'NONE',  ( -10.00000000000000178, 0.000000000000000000, 10.00000000000000000 ) ) ;
#1817 = EDGE_CURVE ( 'NONE', #2576, #6200, #7271, .T. ) ;
#1818 = ORIENTED_EDGE ( 'NONE', *, *, #1674, .T. ) ;
#1819 = DIRECTION ( 'NONE',  ( 1.000000000000000000, 0.000000000000000000, 0.000000000000000000 ) ) ;
#1820 = CARTESIAN_POINT ( 'NONE',  ( -44.88526329025989270, 135.7435565297862468, 10.00000000000000000 ) ) ;
#1821 = CYLINDRICAL_SURFACE ( 'NONE', #5826, 9.500000000000008882 ) ;
#1822 = CARTESIAN_POINT ( 'NONE',  ( -239.8297817143698580, -196.3973670975122729, 10.00000000000000000 ) ) ;
#1823 = EDGE_CURVE ( 'NONE', #9445, #1935, #4241, .T. ) ;
#1824 = FACE_OUTER_BOUND ( 'NONE', #4033, .T. ) ;
#1825 = ORIENTED_EDGE ( 'NONE', *, *, #2355, .T. ) ;
#1826 = ORIENTED_EDGE ( 'NONE', *, *, #4223, .F. ) ;
#1827 = EDGE_CURVE ( 'NONE', #2696, #377, #7178, .T. ) ;
#1828 = DIRECTION ( 'NONE',  ( -0.8660254037844391517, 0.4999999999999992784, 0.000000000000000000 ) ) ;
#1829 = CARTESIAN_POINT ( 'NONE',  ( -161.8647367097224219, -222.3579479350690065, -3.000000000000031530 ) ) ;
#1830 = CIRCLE ( 'NONE', #5506, 1.999999999997809086 ) ;
#1831 = DIRECTION ( 'NONE',  ( 0.2500000000000001665, 0.4330127018922187432, 0.8660254037844388186 ) ) ;
#1832 = VERTEX_POINT ( 'NONE', #6459 ) ;
#1833 = CARTESIAN_POINT ( 'NONE',  ( 270.0000000000000000, -56.50000000000000000, 10.00000000000000000 ) ) ;
#1834 = DIRECTION ( 'NONE',  ( -3.105958772499037896E-16, -1.025445864033519576E-16, -1.000000000000000000 ) ) ;
#1835 = CARTESIAN_POINT ( 'NONE',  ( -203.2268960313996047, -123.9993093909723569, -18.00000000000001066 ) ) ;
#1836 = ORIENTED_EDGE ( 'NONE', *, *, #5182, .F. ) ;
#1837 = EDGE_LOOP ( 'NONE', ( #882, #6194, #5185, #3715, #5008, #5952, #3567, #7914, #5253, #7159, #1419, #7027 ) ) ;
#1838 = AXIS2_PLACEMENT_3D ( 'NONE', #8318, #247, #2502 ) ;
#1839 = EDGE_CURVE ( 'NONE', #6510, #8684, #6591, .T. ) ;
#1840 = EDGE_LOOP ( 'NONE', ( #7253, #8264 ) ) ;
#1841 = EDGE_CURVE ( 'NONE', #9403, #7441, #9509, .T. ) ;
#1842 = EDGE_CURVE ( 'NONE', #611, #3898, #2906, .T. ) ;
#1843 = CYLINDRICAL_SURFACE ( 'NONE', #47, 5.999999999981048049 ) ;
#1844 = CARTESIAN_POINT ( 'NONE',  ( -51.62564434702643723, 117.4182389824804460, -17.99999999999999645 ) ) ;
#1845 = ORIENTED_EDGE ( 'NONE', *, *, #7378, .F. ) ;
#1846 = CYLINDRICAL_SURFACE ( 'NONE', #220, 5.499999999999997335 ) ;
#1847 = AXIS2_PLACEMENT_3D ( 'NONE', #6148, #3209, #9171 ) ;
#1848 = CIRCLE ( 'NONE', #3207, 10.99999999999999645 ) ;
#1849 = LINE ( 'NONE', #9042, #3964 ) ;
#1850 = CARTESIAN_POINT ( 'NONE',  ( 149.9999999999994600, -10.99999999999999467, -126.0000000000000284 ) ) ;
#1851 = AXIS2_PLACEMENT_3D ( 'NONE', #5742, #4146, #9252 ) ;
#1852 = VERTEX_POINT ( 'NONE', #2142 ) ;
#1853 = ORIENTED_EDGE ( 'NONE', *, *, #8864, .T. ) ;
#1854 = CIRCLE ( 'NONE', #4280, 2.000000000000001776 ) ;
#1855 = EDGE_CURVE ( 'NONE', #7200, #5056, #7818, .T. ) ;
#1856 = CIRCLE ( 'NONE', #1059, 2.000000000000001776 ) ;
#1857 = DIRECTION ( 'NONE',  ( 0.000000000000000000, 0.000000000000000000, 1.000000000000000000 ) ) ;
#1858 = DIRECTION ( 'NONE',  ( 1.635429539641433941E-16, -2.832647054857943335E-16, 1.000000000000000000 ) ) ;
#1859 = EDGE_CURVE ( 'NONE', #1132, #5327, #5370, .T. ) ;
#1860 = ADVANCED_FACE ( 'NONE', ( #5113 ), #1243, .F. ) ;
#1861 = DIRECTION ( 'NONE',  ( 0.8660254037844390407, -0.4999999999999992784, -0.000000000000000000 ) ) ;
#1862 = CARTESIAN_POINT ( 'NONE',  ( -145.7461339178476294, -79.24355652984641551, 10.00000000000000000 ) ) ;
#1863 = LINE ( 'NONE', #6173, #2762 ) ;
#1864 = ORIENTED_EDGE ( 'NONE', *, *, #8999, .T. ) ;
#1865 = LINE ( 'NONE', #4767, #840 ) ;
#1866 = EDGE_CURVE ( 'NONE', #8582, #1313, #1848, .T. ) ;
#1867 = CARTESIAN_POINT ( 'NONE',  ( -189.1188555723217632, 327.5634665204914882, 0.000000000000000000 ) ) ;
#1868 = VERTEX_POINT ( 'NONE', #7230 ) ;
#1869 = CARTESIAN_POINT ( 'NONE',  ( 213.9999999999995453, -101.0000000000000142, -18.00000000000000355 ) ) ;
#1870 = LINE ( 'NONE', #2997, #3151 ) ;
#1871 = DIRECTION ( 'NONE',  ( 0.2499999999999999445, -0.4330127018922209636, -0.8660254037844378194 ) ) ;
#1872 = ORIENTED_EDGE ( 'NONE', *, *, #6748, .T. ) ;
#1873 = DIRECTION ( 'NONE',  ( -0.000000000000000000, -0.000000000000000000, -1.000000000000000000 ) ) ;
#1874 = DIRECTION ( 'NONE',  ( -0.5000000000000007772, -0.8660254037844382635, -6.308085367188392213E-16 ) ) ;
#1875 = CALENDAR_DATE ( 2023, 3, 12 ) ;
#1876 = EDGE_LOOP ( 'NONE', ( #8557, #9419, #4445, #8302 ) ) ;
#1877 = ORIENTED_EDGE ( 'NONE', *, *, #8268, .T. ) ;
#1878 = CARTESIAN_POINT ( 'NONE',  ( -34.71667900318302458, -164.1310519036429696, 10.00000000000000000 ) ) ;
#1879 = DIRECTION ( 'NONE',  ( -0.8660254037844391517, -0.4999999999999992228, 7.012543237461991856E-16 ) ) ;
#1880 = VECTOR ( 'NONE', #6897, 1000.000000000000114 ) ;
#1881 = LINE ( 'NONE', #8002, #4441 ) ;
#1882 = EDGE_LOOP ( 'NONE', ( #4948, #5441 ) ) ;
#1883 = CARTESIAN_POINT ( 'NONE',  ( -31.98368480613950737, 316.3973670974521042, 10.00000000000000000 ) ) ;
#1884 = FACE_OUTER_BOUND ( 'NONE', #6701, .T. ) ;
#1885 = CARTESIAN_POINT ( 'NONE',  ( -160.1147367097224219, -219.3268590218234806, 19.49999999999997513 ) ) ;
#1886 = EDGE_CURVE ( 'NONE', #9403, #5962, #8674, .T. ) ;
#1887 = ORIENTED_EDGE ( 'NONE', *, *, #4712, .T. ) ;
#1888 = VERTEX_POINT ( 'NONE', #2099 ) ;
#1889 = ADVANCED_FACE ( 'NONE', ( #9444 ), #7860, .F. ) ;
#1890 = CARTESIAN_POINT ( 'NONE',  ( -8.273103968582558920, 242.3294364098343863, 8.000000000000028422 ) ) ;
#1891 = FACE_OUTER_BOUND ( 'NONE', #2608, .T. ) ;
#1892 = VERTEX_POINT ( 'NONE', #2767 ) ;
#1893 = FACE_OUTER_BOUND ( 'NONE', #4766, .T. ) ;
#1894 = DIRECTION ( 'NONE',  ( -1.000000000000000000, 0.000000000000000000, 0.000000000000000000 ) ) ;
#1895 = EDGE_CURVE ( 'NONE', #6836, #3125, #2755, .T. ) ;
#1896 = CARTESIAN_POINT ( 'NONE',  ( -163.1147367097202050, -219.3268590218235659, 10.00000000000000000 ) ) ;
#1897 = EDGE_CURVE ( 'NONE', #3543, #2474, #1534, .T. ) ;
#1898 = VERTEX_POINT ( 'NONE', #3138 ) ;
#1899 = ORIENTED_EDGE ( 'NONE', *, *, #435, .T. ) ;
#1900 = CARTESIAN_POINT ( 'NONE',  ( 115.9999999999993321, -13.99999999999998401, -115.9999999999998010 ) ) ;
#1901 = CARTESIAN_POINT ( 'NONE',  ( 2.746133917884198805, 163.2435565297862752, 10.00000000000000000 ) ) ;
#1902 = CARTESIAN_POINT ( 'NONE',  ( 140.0000000000000284, -83.99999999999998579, 24.99999999999998224 ) ) ;
#1903 = CARTESIAN_POINT ( 'NONE',  ( -159.7185657822019209, -74.64067084687600584, -124.5262794416288443 ) ) ;
#1904 = ADVANCED_FACE ( 'NONE', ( #2277 ), #8907, .F. ) ;
#1905 = DIRECTION ( 'NONE',  ( -1.000000000000000000, 0.000000000000000000, 0.000000000000000000 ) ) ;
#1906 = EDGE_LOOP ( 'NONE', ( #2845, #5701, #4075, #9255 ) ) ;
#1907 = LINE ( 'NONE', #3424, #1305 ) ;
#1908 = CARTESIAN_POINT ( 'NONE',  ( -208.2268960313996047, -132.6595634288167389, -18.00000000000001066 ) ) ;
#1909 = VECTOR ( 'NONE', #6917, 1000.000000000000000 ) ;
#1910 = CIRCLE ( 'NONE', #2811, 2.999999999997893241 ) ;
#1911 = ADVANCED_FACE ( 'NONE', ( #2421 ), #7323, .F. ) ;
#1912 = ORIENTED_EDGE ( 'NONE', *, *, #8864, .F. ) ;
#1913 = AXIS2_PLACEMENT_3D ( 'NONE', #2769, #8577, #1572 ) ;
#1914 = PLANE ( 'NONE',  #6765 ) ;
#1915 = VECTOR ( 'NONE', #4560, 1000.000000000000000 ) ;
#1916 = LINE ( 'NONE', #7086, #5004 ) ;
#1917 = CARTESIAN_POINT ( 'NONE',  ( 149.9999999999994884, -99.00000000000002842, -115.0000000000000142 ) ) ;
#1918 = EDGE_LOOP ( 'NONE', ( #8520, #965, #5262, #5536 ) ) ;
#1919 = DIRECTION ( 'NONE',  ( 0.000000000000000000, 1.000000000000000000, 0.000000000000000000 ) ) ;
#1920 = EDGE_CURVE ( 'NONE', #5056, #7200, #1386, .T. ) ;
#1921 = CIRCLE ( 'NONE', #6358, 11.00000000000000178 ) ;
#1922 = AXIS2_PLACEMENT_3D ( 'NONE', #5668, #5035, #1976 ) ;
#1923 = VERTEX_POINT ( 'NONE', #5309 ) ;
#1924 = ORIENTED_EDGE ( 'NONE', *, *, #3522, .T. ) ;
#1925 = CARTESIAN_POINT ( 'NONE',  ( -117.8756443470266646, 232.1666049839190009, 10.00000000000000178 ) ) ;
#1926 = AXIS2_PLACEMENT_3D ( 'NONE', #7398, #7544, #1739 ) ;
#1927 = CARTESIAN_POINT ( 'NONE',  ( -207.7461339178665867, -191.8268590218234806, 19.49999999999997513 ) ) ;
#1928 = CARTESIAN_POINT ( 'NONE',  ( -98.14582562296811830, -104.9935565298464297, 10.00000000000000178 ) ) ;
#1929 = ORIENTED_EDGE ( 'NONE', *, *, #4207, .T. ) ;
#1930 = DIRECTION ( 'NONE',  ( -1.000000000000000000, 0.000000000000000000, 0.000000000000000000 ) ) ;
#1931 = LINE ( 'NONE', #1259, #2220 ) ;
#1932 = CARTESIAN_POINT ( 'NONE',  ( -144.8743556529556429, -222.9297447047930802, -69.50000000000056843 ) ) ;
#1933 = ORIENTED_EDGE ( 'NONE', *, *, #523, .T. ) ;
#1934 = AXIS2_PLACEMENT_3D ( 'NONE', #7843, #441, #4088 ) ;
#1935 = VERTEX_POINT ( 'NONE', #1664 ) ;
#1936 = DIRECTION ( 'NONE',  ( -1.000000000000000000, 0.000000000000000000, 0.000000000000000000 ) ) ;
#1937 = AXIS2_PLACEMENT_3D ( 'NONE', #3821, #222, #2432 ) ;
#1938 = LINE ( 'NONE', #4125, #1228 ) ;
#1939 = ORIENTED_EDGE ( 'NONE', *, *, #2785, .T. ) ;
#1940 = DIRECTION ( 'NONE',  ( 0.4999999999999996669, 0.8660254037844388186, -6.308085367188379394E-16 ) ) ;
#1941 = AXIS2_PLACEMENT_3D ( 'NONE', #6275, #3388, #1242 ) ;
#1942 = CARTESIAN_POINT ( 'NONE',  ( -205.9961339178665867, -188.7957701085779263, 19.49999999999997513 ) ) ;
#1943 = DIRECTION ( 'NONE',  ( -2.220446049250312588E-16, -1.000000000000000000, 1.025445864033519699E-16 ) ) ;
#1944 = EDGE_LOOP ( 'NONE', ( #4611, #5459, #5069, #8027 ) ) ;
#1945 = CIRCLE ( 'NONE', #3611, 5.500000000000005329 ) ;
#1946 = ORIENTED_EDGE ( 'NONE', *, *, #884, .T. ) ;
#1947 = VECTOR ( 'NONE', #6786, 1000.000000000000000 ) ;
#1948 = AXIS2_PLACEMENT_3D ( 'NONE', #4849, #7060, #4079 ) ;
#1949 = FACE_OUTER_BOUND ( 'NONE', #2580, .T. ) ;
#1950 = ADVANCED_FACE ( 'NONE', ( #2998 ), #1476, .F. ) ;
#1951 = PLANE ( 'NONE',  #6029 ) ;
#1952 = CARTESIAN_POINT ( 'NONE',  ( 270.0000000000000000, -84.00000000000001421, 19.49999999999998224 ) ) ;
#1953 = FACE_OUTER_BOUND ( 'NONE', #9065, .T. ) ;
#1954 = ORIENTED_EDGE ( 'NONE', *, *, #480, .F. ) ;
#1955 = LINE ( 'NONE', #453, #7429 ) ;
#1956 = DIRECTION ( 'NONE',  ( -3.435759386066699840E-16, 1.025445864033521055E-16, 1.000000000000000000 ) ) ;
#1957 = PRODUCT_DEFINITION_FORMATION_WITH_SPECIFIED_SOURCE ( 'ANY', '', #4335, .NOT_KNOWN. ) ;
#1958 = ORIENTED_EDGE ( 'NONE', *, *, #1467, .F. ) ;
#1959 = DIRECTION ( 'NONE',  ( 0.000000000000000000, 0.000000000000000000, 1.000000000000000000 ) ) ;
#1960 = EDGE_CURVE ( 'NONE', #831, #9153, #6741, .T. ) ;
#1961 = DIRECTION ( 'NONE',  ( 0.5000000000000004441, -0.8660254037844383745, -6.308085367188393199E-16 ) ) ;
#1962 = ADVANCED_FACE ( 'NONE', ( #6023 ), #896, .T. ) ;
#1963 = LINE ( 'NONE', #4729, #868 ) ;
#1964 = FACE_BOUND ( 'NONE', #1503, .T. ) ;
#1965 = VERTEX_POINT ( 'NONE', #2236 ) ;
#1966 = DIRECTION ( 'NONE',  ( 1.635429539641433941E-16, -2.832647054857943335E-16, -1.000000000000000000 ) ) ;
#1967 = ORIENTED_EDGE ( 'NONE', *, *, #7983, .F. ) ;
#1968 = EDGE_LOOP ( 'NONE', ( #5018, #8755 ) ) ;
#1969 = EDGE_CURVE ( 'NONE', #7091, #6165, #3819, .T. ) ;
#1970 = LINE ( 'NONE', #1878, #5758 ) ;
#1971 = EDGE_CURVE ( 'NONE', #8360, #1320, #926, .T. ) ;
#1972 = DIRECTION ( 'NONE',  ( -1.000000000000000000, 2.220446049250312341E-16, -3.435759386066699347E-16 ) ) ;
#1973 = EDGE_CURVE ( 'NONE', #3302, #6727, #4388, .T. ) ;
#1974 = ORIENTED_EDGE ( 'NONE', *, *, #1421, .T. ) ;
#1975 = DIRECTION ( 'NONE',  ( -0.000000000000000000, -0.000000000000000000, -1.000000000000000000 ) ) ;
#1976 = DIRECTION ( 'NONE',  ( -1.000000000000000000, 0.000000000000000000, -6.308085367188383338E-16 ) ) ;
#1977 = CARTESIAN_POINT ( 'NONE',  ( 20.73651497465061411, 162.0833024919419643, 10.00000000000000178 ) ) ;
#1978 = EDGE_LOOP ( 'NONE', ( #6107, #6576, #6593, #5980, #1105, #6791, #7142, #2510, #7703, #163, #5089, #82, #9031, #6773, #4694 ) ) ;
#1979 = ORIENTED_EDGE ( 'NONE', *, *, #80, .F. ) ;
#1980 = CYLINDRICAL_SURFACE ( 'NONE', #8641, 5.499999999999997335 ) ;
#1981 = CYLINDRICAL_SURFACE ( 'NONE', #913, 3.500000000000013323 ) ;
#1982 = VERTEX_POINT ( 'NONE', #4437 ) ;
#1983 = DIRECTION ( 'NONE',  ( -0.000000000000000000, -0.000000000000000000, -1.000000000000000000 ) ) ;
#1984 = ADVANCED_FACE ( 'NONE', ( #942 ), #3854, .F. ) ;
#1985 = CARTESIAN_POINT ( 'NONE',  ( 130.0000000000000000, -98.99999999999998579, 10.00000000000000888 ) ) ;
#1986 = DIRECTION ( 'NONE',  ( 1.000000000000000000, 0.000000000000000000, 0.000000000000000000 ) ) ;
#1987 = CIRCLE ( 'NONE', #7037, 1.999999999980905940 ) ;
#1988 = CIRCLE ( 'NONE', #4429, 3.000000000017002844 ) ;
#1989 = VERTEX_POINT ( 'NONE', #6787 ) ;
#1990 = VERTEX_POINT ( 'NONE', #6602 ) ;
#1991 = DIRECTION ( 'NONE',  ( -1.000000000000000000, 0.000000000000000000, 0.000000000000000000 ) ) ;
#1993 = DIRECTION ( 'NONE',  ( -0.8660254037844387076, -0.4999999999999998890, 0.000000000000000000 ) ) ;
#1992 = AXIS2_PLACEMENT_3D ( 'NONE', #9469, #94, #5091 ) ;
#1994 = CARTESIAN_POINT ( 'NONE',  ( -43.39745962156486314, 275.1666049839189441, 0.000000000000000000 ) ) ;
#1995 = VECTOR ( 'NONE', #7134, 1000.000000000000114 ) ;
#1996 = FACE_OUTER_BOUND ( 'NONE', #282, .T. ) ;
#1997 = ORIENTED_EDGE ( 'NONE', *, *, #7103, .F. ) ;
#1998 = LINE ( 'NONE', #3474, #6660 ) ;
#1999 = FACE_OUTER_BOUND ( 'NONE', #1463, .T. ) ;
#2000 = ORIENTED_EDGE ( 'NONE', *, *, #7056, .T. ) ;
#2001 = VECTOR ( 'NONE', #8332, 1000.000000000000114 ) ;
#2002 = CARTESIAN_POINT ( 'NONE',  ( -183.9304353137946464, -205.5768590218235374, 0.000000000000000000 ) ) ;
#2003 = CARTESIAN_POINT ( 'NONE',  ( 2.746133917884198805, 163.2435565297862752, 10.00000000000000000 ) ) ;
#2004 = PLANE ( 'NONE',  #6381 ) ;
#2005 = EDGE_CURVE ( 'NONE', #6127, #2479, #6747, .T. ) ;
#2006 = DIRECTION ( 'NONE',  ( 0.000000000000000000, 1.577021341797097807E-16, 1.000000000000000000 ) ) ;
#2007 = VERTEX_POINT ( 'NONE', #2950 ) ;
#2008 = DIRECTION ( 'NONE',  ( -2.220446049250312588E-16, -1.000000000000000000, 1.025445864033519699E-16 ) ) ;
#2009 = AXIS2_PLACEMENT_3D ( 'NONE', #3425, #7261, #6363 ) ;
#2010 = APPROVAL ( #4881, 'UNSPECIFIED' ) ;
#2011 = EDGE_CURVE ( 'NONE', #9486, #3183, #6901, .T. ) ;
#2012 = VERTEX_POINT ( 'NONE', #8140 ) ;
#2013 = EDGE_CURVE ( 'NONE', #4661, #1779, #1856, .T. ) ;
#2014 = VERTEX_POINT ( 'NONE', #846 ) ;
#2015 = ORIENTED_EDGE ( 'NONE', *, *, #3303, .F. ) ;
#2016 = LINE ( 'NONE', #2682, #3451 ) ;
#2017 = DIRECTION ( 'NONE',  ( 1.000000000000000000, 0.000000000000000000, 0.000000000000000000 ) ) ;
#2018 = ORIENTED_EDGE ( 'NONE', *, *, #6587, .F. ) ;
#2019 = DIRECTION ( 'NONE',  ( 1.635429539641431722E-16, 2.832647054857944814E-16, 1.000000000000000000 ) ) ;
#2020 = DIRECTION ( 'NONE',  ( -0.000000000000000000, -0.000000000000000000, -1.000000000000000000 ) ) ;
#2021 = DIRECTION ( 'NONE',  ( 0.2499999999999999167, -0.4330127018922189097, -0.8660254037844388186 ) ) ;
#2022 = EDGE_CURVE ( 'NONE', #5684, #7543, #3036, .T. ) ;
#2023 = ORIENTED_EDGE ( 'NONE', *, *, #9300, .F. ) ;
#2024 = EDGE_CURVE ( 'NONE', #5195, #3944, #5963, .T. ) ;
#2025 = EDGE_LOOP ( 'NONE', ( #8540, #3063, #1445, #9313 ) ) ;
#2026 = AXIS2_PLACEMENT_3D ( 'NONE', #9205, #5507, #7768 ) ;
#2027 = DIRECTION ( 'NONE',  ( -1.635429539641433941E-16, 2.832647054857943335E-16, 1.000000000000000000 ) ) ;
#2028 = CYLINDRICAL_SURFACE ( 'NONE', #442, 5.000000000000004441 ) ;
#2029 = VERTEX_POINT ( 'NONE', #3334 ) ;
#2030 = CARTESIAN_POINT ( 'NONE',  ( -52.87564434702667882, 119.5833024919419643, 10.00000000000000178 ) ) ;
#2031 = DIRECTION ( 'NONE',  ( 2.220446049250312588E-16, 1.000000000000000000, -1.025445864033519699E-16 ) ) ;
#2032 = CYLINDRICAL_SURFACE ( 'NONE', #6997, 5.000000000000007105 ) ;
#2033 = EDGE_CURVE ( 'NONE', #150, #1156, #2610, .T. ) ;
#2034 = CIRCLE ( 'NONE', #5250, 2.000000000016738610 ) ;
#2035 = ORIENTED_EDGE ( 'NONE', *, *, #779, .F. ) ;
#2036 = ORIENTED_EDGE ( 'NONE', *, *, #6626, .F. ) ;
#2037 = DIRECTION ( 'NONE',  ( 0.5000000000000005551, -0.8660254037844383745, 0.000000000000000000 ) ) ;
#2038 = FACE_OUTER_BOUND ( 'NONE', #6860, .T. ) ;
#2039 = DIRECTION ( 'NONE',  ( -2.220446049250312588E-16, -1.000000000000000000, 1.025445864033519699E-16 ) ) ;
#2040 = ORIENTED_EDGE ( 'NONE', *, *, #5821, .F. ) ;
#2041 = LINE ( 'NONE', #4002, #4192 ) ;
#2042 = LINE ( 'NONE', #7992, #7061 ) ;
#2043 = VERTEX_POINT ( 'NONE', #6933 ) ;
#2044 = CARTESIAN_POINT ( 'NONE',  ( 376.2377111446261324, -35.00000000000000000, 0.000000000000000000 ) ) ;
#2045 = DIRECTION ( 'NONE',  ( 3.105958772499038389E-16, 1.025445864033519576E-16, 1.000000000000000000 ) ) ;
#2046 = CARTESIAN_POINT ( 'NONE',  ( 143.0000000000000000, -29.00000000000000000, 10.00000000000000000 ) ) ;
#2047 = VECTOR ( 'NONE', #2164, 1000.000000000000000 ) ;
#2048 = DIRECTION ( 'NONE',  ( 0.000000000000000000, 0.000000000000000000, 1.000000000000000000 ) ) ;
#2049 = ORIENTED_EDGE ( 'NONE', *, *, #569, .T. ) ;
#2050 = DIRECTION ( 'NONE',  ( 1.000000000000000000, 0.000000000000000000, 0.000000000000000000 ) ) ;
#2051 = ORIENTED_EDGE ( 'NONE', *, *, #5243, .T. ) ;
#2052 = AXIS2_PLACEMENT_3D ( 'NONE', #211, #6743, #8331 ) ;
#2053 = ORIENTED_EDGE ( 'NONE', *, *, #2996, .T. ) ;
#2054 = VECTOR ( 'NONE', #6248, 1000.000000000000000 ) ;
#2055 = ORIENTED_EDGE ( 'NONE', *, *, #3290, .F. ) ;
#2056 = CARTESIAN_POINT ( 'NONE',  ( 150.0000000000000000, 42.50000000000000000, 10.00000000000000000 ) ) ;
#2058 = EDGE_CURVE ( 'NONE', #7150, #5039, #6844, .T. ) ;
#2057 = DIRECTION ( 'NONE',  ( 0.8660254037844387076, 0.4999999999999998890, 0.000000000000000000 ) ) ;
#2059 = EDGE_CURVE ( 'NONE', #4110, #5573, #8382, .T. ) ;
#2060 = VECTOR ( 'NONE', #7317, 1000.000000000000000 ) ;
#2061 = ORIENTED_EDGE ( 'NONE', *, *, #903, .T. ) ;
#2062 = FACE_BOUND ( 'NONE', #5898, .T. ) ;
#2063 = VECTOR ( 'NONE', #4349, 1000.000000000000000 ) ;
#2064 = LINE ( 'NONE', #9368, #5892 ) ;
#2065 = CARTESIAN_POINT ( 'NONE',  ( -171.5560796608473311, 195.6893636479667009, 10.00000000000000000 ) ) ;
#2066 = EDGE_LOOP ( 'NONE', ( #9008, #4162, #1250, #2930 ) ) ;
#2067 = CIRCLE ( 'NONE', #4813, 11.00000000000000355 ) ;
#2068 = VERTEX_POINT ( 'NONE', #9152 ) ;
#2069 = VECTOR ( 'NONE', #3969, 1000.000000000000000 ) ;
#2070 = EDGE_CURVE ( 'NONE', #2409, #221, #7184, .T. ) ;
#2071 = DIRECTION ( 'NONE',  ( 1.649003067838308177E-17, -1.025445864033520315E-16, -1.000000000000000000 ) ) ;
#2072 = DIRECTION ( 'NONE',  ( 1.000000000000000000, 0.000000000000000000, 0.000000000000000000 ) ) ;
#2073 = ORIENTED_EDGE ( 'NONE', *, *, #2318, .T. ) ;
#2074 = DIRECTION ( 'NONE',  ( -0.8660254037844391517, 0.4999999999999992784, 0.000000000000000000 ) ) ;
#2075 = LINE ( 'NONE', #9376, #7507 ) ;
#2076 = CIRCLE ( 'NONE', #3746, 9.500000000000008882 ) ;
#2077 = LINE ( 'NONE', #8653, #4848 ) ;
#2078 = AXIS2_PLACEMENT_3D ( 'NONE', #3683, #2208, #7117 ) ;
#2079 = ORIENTED_EDGE ( 'NONE', *, *, #1775, .F. ) ;
#2080 = EDGE_LOOP ( 'NONE', ( #9260, #2768, #4354, #825 ) ) ;
#2081 = VECTOR ( 'NONE', #9408, 1000.000000000000000 ) ;
#2082 = AXIS2_PLACEMENT_3D ( 'NONE', #469, #3397, #3307 ) ;
#2083 = CARTESIAN_POINT ( 'NONE',  ( 33.26631519386057789, 203.3810519035829429, 0.000000000000000000 ) ) ;
#2084 = EDGE_CURVE ( 'NONE', #3395, #5985, #5356, .T. ) ;
#2085 = DIRECTION ( 'NONE',  ( -1.000000000000000000, 0.000000000000000000, 0.000000000000000000 ) ) ;
#2086 = AXIS2_PLACEMENT_3D ( 'NONE', #584, #1360, #3504 ) ;
#2087 = CARTESIAN_POINT ( 'NONE',  ( 266.5000000000000000, -29.00000000000001066, 19.49999999999997513 ) ) ;
#2088 = EDGE_LOOP ( 'NONE', ( #7958, #8478 ) ) ;
#2089 = DIRECTION ( 'NONE',  ( -0.000000000000000000, -0.000000000000000000, -1.000000000000000000 ) ) ;
#2090 = EDGE_CURVE ( 'NONE', #5893, #1400, #7678, .T. ) ;
#2091 = CARTESIAN_POINT ( 'NONE',  ( -84.06956468622040290, 262.0768590217633687, 10.00000000000000000 ) ) ;
#2092 = VECTOR ( 'NONE', #4401, 1000.000000000000000 ) ;
#2093 = VERTEX_POINT ( 'NONE', #5500 ) ;
#2094 = AXIS2_PLACEMENT_3D ( 'NONE', #3771, #4589, #4686 ) ;
#2095 = VECTOR ( 'NONE', #8496, 1000.000000000000114 ) ;
#2096 = LINE ( 'NONE', #5790, #8308 ) ;
#2097 = DIRECTION ( 'NONE',  ( 0.8660254037844390407, -0.4999999999999992228, 0.000000000000000000 ) ) ;
#2098 = CARTESIAN_POINT ( 'NONE',  ( -19.06956468617110900, 149.4935565297863036, 10.00000000000000000 ) ) ;
#2099 = CARTESIAN_POINT ( 'NONE',  ( 278.0000000000000000, -14.00000000000001243, 25.00000000000000000 ) ) ;
#2100 = ORIENTED_EDGE ( 'NONE', *, *, #5864, .F. ) ;
#2101 = DIRECTION ( 'NONE',  ( 7.129000586206044986E-17, 1.234779122249720447E-16, 1.000000000000000000 ) ) ;
#2102 = CARTESIAN_POINT ( 'NONE',  ( -399.2377111446260187, 230.4999999999999432, 0.000000000000000000 ) ) ;
#2103 = CC_DESIGN_APPROVAL ( #2010, ( #1957 ) ) ;
#2104 = AXIS2_PLACEMENT_3D ( 'NONE', #259, #5354, #8286 ) ;
#2105 = VERTEX_POINT ( 'NONE', #3953 ) ;
#2106 = ORIENTED_EDGE ( 'NONE', *, *, #7018, .T. ) ;
#2107 = VERTEX_POINT ( 'NONE', #3236 ) ;
#2108 = LINE ( 'NONE', #6658, #1169 ) ;
#2109 = DIRECTION ( 'NONE',  ( 1.525031627232357151E-16, -1.000000000000000000, 0.000000000000000000 ) ) ;
#2110 = VERTEX_POINT ( 'NONE', #4722 ) ;
#2111 = DIRECTION ( 'NONE',  ( 3.105958772499038389E-16, 1.025445864033519576E-16, 1.000000000000000000 ) ) ;
#2112 = FACE_OUTER_BOUND ( 'NONE', #8052, .T. ) ;
#2113 = DIRECTION ( 'NONE',  ( 0.8660254037844390407, -0.4999999999999992228, 0.000000000000000000 ) ) ;
#2114 = AXIS2_PLACEMENT_3D ( 'NONE', #346, #6841, #9195 ) ;
#2115 = ADVANCED_FACE ( 'NONE', ( #451 ), #4629, .F. ) ;
#2116 = VERTEX_POINT ( 'NONE', #1190 ) ;
#2117 = EDGE_LOOP ( 'NONE', ( #8112, #8737, #5077, #8416 ) ) ;
#2118 = FACE_BOUND ( 'NONE', #498, .T. ) ;
#2119 = EDGE_CURVE ( 'NONE', #5766, #4505, #8129, .T. ) ;
#2120 = DIRECTION ( 'NONE',  ( 0.2499999999999998335, 0.4330127018922207416, 0.8660254037844379305 ) ) ;
#2121 = EDGE_LOOP ( 'NONE', ( #9016, #1123, #8644, #1933 ) ) ;
#2122 = DIRECTION ( 'NONE',  ( 0.000000000000000000, 0.000000000000000000, 1.000000000000000000 ) ) ;
#2123 = DIRECTION ( 'NONE',  ( 0.2500000000000001665, 0.4330127018922187432, 0.8660254037844388186 ) ) ;
#2124 = CARTESIAN_POINT ( 'NONE',  ( 213.9999999999995453, -99.00000000000001421, 10.00000000000000888 ) ) ;
#2125 = ADVANCED_FACE ( 'NONE', ( #993 ), #3381, .F. ) ;
#2126 = EDGE_CURVE ( 'NONE', #4, #666, #4442, .T. ) ;
#2127 = ORIENTED_EDGE ( 'NONE', *, *, #2988, .T. ) ;
#2128 = EDGE_CURVE ( 'NONE', #540, #792, #3519, .T. ) ;
#2129 = ORIENTED_EDGE ( 'NONE', *, *, #8422, .T. ) ;
#2130 = CARTESIAN_POINT ( 'NONE',  ( 170.0000000000000568, -13.99999999999999822, -60.00000000000000711 ) ) ;
#2131 = DIRECTION ( 'NONE',  ( -0.000000000000000000, -0.000000000000000000, -1.000000000000000000 ) ) ;
#2132 = FACE_OUTER_BOUND ( 'NONE', #8852, .T. ) ;
#2133 = ORIENTED_EDGE ( 'NONE', *, *, #5108, .T. ) ;
#2134 = CARTESIAN_POINT ( 'NONE',  ( -118.9304353137946322, -92.99355652984641551, 10.00000000000000000 ) ) ;
#2135 = CARTESIAN_POINT ( 'NONE',  ( -47.88526329027689599, 135.7435565297862468, 10.00000000000000000 ) ) ;
#2136 = ORIENTED_EDGE ( 'NONE', *, *, #3825, .F. ) ;
#2137 = EDGE_CURVE ( 'NONE', #706, #273, #1863, .T. ) ;
#2138 = LINE ( 'NONE', #5741, #9388 ) ;
#2139 = CARTESIAN_POINT ( 'NONE',  ( -53.64745962156482761, 292.9201257614998894, 10.00000000000000000 ) ) ;
#2140 = DIRECTION ( 'NONE',  ( -0.2499999999999999445, 0.4330127018922215743, -0.8660254037844375974 ) ) ;
#2141 = ADVANCED_FACE ( 'NONE', ( #9097 ), #6126, .T. ) ;
#2142 = CARTESIAN_POINT ( 'NONE',  ( 5.746133917900682953, 163.2435565297862752, 10.00000000000000000 ) ) ;
#2143 = VERTEX_POINT ( 'NONE', #4047 ) ;
#2144 = CARTESIAN_POINT ( 'NONE',  ( 139.9999999999999716, -56.50000000000000000, 10.00000000000000000 ) ) ;
#2145 = CARTESIAN_POINT ( 'NONE',  ( 376.2377111446261324, -35.00000000000000000, 10.00000000000000000 ) ) ;
#2146 = AXIS2_PLACEMENT_3D ( 'NONE', #24, #5796, #2192 ) ;
#2147 = VECTOR ( 'NONE', #9007, 1000.000000000000114 ) ;
#2148 = EDGE_LOOP ( 'NONE', ( #1304, #9451 ) ) ;
#2149 = ORIENTED_EDGE ( 'NONE', *, *, #3812, .F. ) ;
#2150 = EDGE_LOOP ( 'NONE', ( #2061, #4368 ) ) ;
#2151 = CIRCLE ( 'NONE', #4591, 11.00000000000000888 ) ;
#2152 = DIRECTION ( 'NONE',  ( 1.000000000000000000, 0.000000000000000000, 0.000000000000000000 ) ) ;
#2153 = CARTESIAN_POINT ( 'NONE',  ( 260.0000000000000568, -100.0000000000000142, 0.000000000000000000 ) ) ;
#2154 = ORIENTED_EDGE ( 'NONE', *, *, #2231, .T. ) ;
#2155 = DIRECTION ( 'NONE',  ( 0.4999999999999992228, 0.8660254037844390407, -3.270859079282867882E-16 ) ) ;
#2156 = CYLINDRICAL_SURFACE ( 'NONE', #7268, 2.999999999980962340 ) ;
#2157 = DIRECTION ( 'NONE',  ( 0.7576652352932681245, -2.351605240746643964E-16, -0.6526433874850773309 ) ) ;
#2158 = ORIENTED_EDGE ( 'NONE', *, *, #953, .T. ) ;
#2159 = EDGE_CURVE ( 'NONE', #3275, #3530, #6985, .T. ) ;
#2160 = EDGE_LOOP ( 'NONE', ( #8191, #1427 ) ) ;
#2161 = ADVANCED_FACE ( 'NONE', ( #7761, #4095 ), #9245, .T. ) ;
#2162 = DIRECTION ( 'NONE',  ( 0.8660254037844391517, -0.4999999999999992784, -0.000000000000000000 ) ) ;
#2163 = ORIENTED_EDGE ( 'NONE', *, *, #1149, .F. ) ;
#2164 = DIRECTION ( 'NONE',  ( -0.000000000000000000, -0.000000000000000000, -1.000000000000000000 ) ) ;
#2165 = DIRECTION ( 'NONE',  ( 1.000000000000000000, 0.000000000000000000, 0.000000000000000000 ) ) ;
#2166 = ORIENTED_EDGE ( 'NONE', *, *, #8101, .T. ) ;
#2167 = ADVANCED_FACE ( 'NONE', ( #7168 ), #9385, .F. ) ;
#2168 = CARTESIAN_POINT ( 'NONE',  ( -77.05296641779979439, -128.7185298537210940, -115.0000000000000142 ) ) ;
#2169 = DIRECTION ( 'NONE',  ( -2.220446049250312588E-16, -1.000000000000000000, 1.025445864033519699E-16 ) ) ;
#2170 = CARTESIAN_POINT ( 'NONE',  ( -19.53143421778027289, 235.8294364098343863, 8.000000000000028422 ) ) ;
#2171 = ADVANCED_FACE ( 'NONE', ( #2798 ), #5733, .T. ) ;
#2172 = ORIENTED_EDGE ( 'NONE', *, *, #3372, .T. ) ;
#2173 = ORIENTED_EDGE ( 'NONE', *, *, #8413, .F. ) ;
#2174 = CARTESIAN_POINT ( 'NONE',  ( -203.7268960313996047, -124.8653347947567909, 8.000000000000028422 ) ) ;
#2175 = DIRECTION ( 'NONE',  ( 0.000000000000000000, 0.000000000000000000, -1.000000000000000000 ) ) ;
#2176 = CARTESIAN_POINT ( 'NONE',  ( 268.0000000000000000, -56.50000000000002132, 10.00000000000000533 ) ) ;
#2177 = ORIENTED_EDGE ( 'NONE', *, *, #375, .F. ) ;
#2178 = EDGE_CURVE ( 'NONE', #6199, #8901, #8519, .T. ) ;
#2179 = DIRECTION ( 'NONE',  ( -1.604368532695312734E-16, 1.000000000000000000, 0.000000000000000000 ) ) ;
#2180 = VECTOR ( 'NONE', #1336, 1000.000000000000000 ) ;
#2181 = CARTESIAN_POINT ( 'NONE',  ( 138.9999999999994884, -101.0000000000000284, -115.0000000000000142 ) ) ;
#2182 = ORIENTED_EDGE ( 'NONE', *, *, #2316, .F. ) ;
#2183 = CARTESIAN_POINT ( 'NONE',  ( 280.0000000000000000, -99.00000000000002842, -17.99999999999998934 ) ) ;
#2184 = ADVANCED_FACE ( 'NONE', ( #6449 ), #7122, .T. ) ;
#2185 = DIRECTION ( 'NONE',  ( -0.4999999999999992228, -0.8660254037844390407, 0.000000000000000000 ) ) ;
#2186 = LINE ( 'NONE', #5112, #554 ) ;
#2187 = CARTESIAN_POINT ( 'NONE',  ( -139.7461339178857145, -79.24355652984641551, 0.000000000000000000 ) ) ;
#2188 = ORIENTED_EDGE ( 'NONE', *, *, #7714, .F. ) ;
#2189 = CARTESIAN_POINT ( 'NONE',  ( -166.8060796608473311, 203.9166049839188304, 10.00000000000000000 ) ) ;
#2190 = FACE_OUTER_BOUND ( 'NONE', #5326, .T. ) ;
#2191 = EDGE_CURVE ( 'NONE', #5759, #9445, #127, .T. ) ;
#2192 = DIRECTION ( 'NONE',  ( 1.000000000000000000, 0.000000000000000000, 0.000000000000000000 ) ) ;
#2193 = EDGE_CURVE ( 'NONE', #3580, #6560, #3422, .T. ) ;
#2194 = ORIENTED_EDGE ( 'NONE', *, *, #1839, .F. ) ;
#2195 = EDGE_LOOP ( 'NONE', ( #4089, #8394, #4082, #780 ) ) ;
#2196 = ORIENTED_EDGE ( 'NONE', *, *, #6932, .T. ) ;
#2197 = CARTESIAN_POINT ( 'NONE',  ( -399.2377111446260187, 230.4999999999999432, 10.00000000000000000 ) ) ;
#2198 = CARTESIAN_POINT ( 'NONE',  ( -44.88526329026009876, 135.7435565297863320, 19.49999999999997513 ) ) ;
#2199 = EDGE_CURVE ( 'NONE', #4389, #9071, #589, .T. ) ;
#2200 = EDGE_LOOP ( 'NONE', ( #3986, #1055, #7778, #6622 ) ) ;
#2201 = CARTESIAN_POINT ( 'NONE',  ( -205.7268960313996047, -128.3294364098945550, -18.00000000000001066 ) ) ;
#2202 = CARTESIAN_POINT ( 'NONE',  ( -191.7185657822019209, -130.0662966890801329, 17.52627944162885854 ) ) ;
#2203 = CIRCLE ( 'NONE', #4029, 3.500000000000007550 ) ;
#2204 = CARTESIAN_POINT ( 'NONE',  ( -216.6025403784177286, -175.1666049839791413, 10.00000000000000000 ) ) ;
#2205 = AXIS2_PLACEMENT_3D ( 'NONE', #2891, #2175, #4963 ) ;
#2206 = VERTEX_POINT ( 'NONE', #7943 ) ;
#2207 = ORIENTED_EDGE ( 'NONE', *, *, #9304, .T. ) ;
#2208 = DIRECTION ( 'NONE',  ( -0.000000000000000000, -0.000000000000000000, -1.000000000000000000 ) ) ;
#2209 = CIRCLE ( 'NONE', #3118, 9.499999999999991118 ) ;
#2210 = AXIS2_PLACEMENT_3D ( 'NONE', #3460, #7161, #532 ) ;
#2211 = ORIENTED_EDGE ( 'NONE', *, *, #4642, .T. ) ;
#2212 = CYLINDRICAL_SURFACE ( 'NONE', #4183, 5.000000000000004441 ) ;
#2213 = CARTESIAN_POINT ( 'NONE',  ( 144.9999999999994884, -101.0000000000000284, -115.0000000000000142 ) ) ;
#2214 = ORIENTED_EDGE ( 'NONE', *, *, #1435, .T. ) ;
#2215 = DIRECTION ( 'NONE',  ( -1.000000000000000000, 0.000000000000000000, 0.000000000000000000 ) ) ;
#2216 = CARTESIAN_POINT ( 'NONE',  ( -194.4685657822019209, -134.8294364098945266, 8.000000000000028422 ) ) ;
#2217 = CARTESIAN_POINT ( 'NONE',  ( -93.36473670972256400, -103.7124676166008612, 19.49999999999997513 ) ) ;
#2218 = CIRCLE ( 'NONE', #5897, 5.500000000000017764 ) ;
#2219 = EDGE_LOOP ( 'NONE', ( #4798, #3558 ) ) ;
#2220 = VECTOR ( 'NONE', #2020, 1000.000000000000000 ) ;
#2221 = VERTEX_POINT ( 'NONE', #6403 ) ;
#2222 = DIRECTION ( 'NONE',  ( 0.000000000000000000, 0.000000000000000000, 1.000000000000000000 ) ) ;
#2223 = CARTESIAN_POINT ( 'NONE',  ( -111.8060796608472600, 108.6538105676306145, 10.00000000000000000 ) ) ;
#2224 = AXIS2_PLACEMENT_3D ( 'NONE', #9326, #675, #2744 ) ;
#2225 = DIRECTION ( 'NONE',  ( -0.8660254037844391517, 0.4999999999999992784, 0.000000000000000000 ) ) ;
#2226 = ORIENTED_EDGE ( 'NONE', *, *, #7647, .T. ) ;
#2227 = FACE_OUTER_BOUND ( 'NONE', #193, .T. ) ;
#2228 = CIRCLE ( 'NONE', #1007, 2.000000000000001776 ) ;
#2229 = CARTESIAN_POINT ( 'NONE',  ( -69.24060660800371636, 124.6693714477784454, -113.8600016051216812 ) ) ;
#2230 = VERTEX_POINT ( 'NONE', #5594 ) ;
#2231 = EDGE_CURVE ( 'NONE', #3626, #5517, #3826, .T. ) ;
#2232 = AXIS2_PLACEMENT_3D ( 'NONE', #7238, #5894, #9499 ) ;
#2233 = CARTESIAN_POINT ( 'NONE',  ( 280.5000000000000000, -100.0000000000000284, 0.000000000000000000 ) ) ;
#2234 = CARTESIAN_POINT ( 'NONE',  ( -78.38312647764422536, 140.5046803712038468, -116.6719976458216621 ) ) ;
#2235 = CARTESIAN_POINT ( 'NONE',  ( -205.7268960313996047, -128.3294364098945550, 8.000000000000028422 ) ) ;
#2236 = CARTESIAN_POINT ( 'NONE',  ( -162.8647367097224219, -224.0899987426378743, 19.49999999999997158 ) ) ;
#2237 = EDGE_LOOP ( 'NONE', ( #1118, #8459, #8921, #7316 ) ) ;
#2238 = LINE ( 'NONE', #5842, #1447 ) ;
#2239 = CIRCLE ( 'NONE', #1172, 1.999999999999994893 ) ;
#2240 = DIRECTION ( 'NONE',  ( 1.000000000000000000, 0.000000000000000000, 0.000000000000000000 ) ) ;
#2241 = AXIS2_PLACEMENT_3D ( 'NONE', #7716, #6941, #6323 ) ;
#2242 = CIRCLE ( 'NONE', #8378, 2.999999999997893241 ) ;
#2243 = ORIENTED_EDGE ( 'NONE', *, *, #2783, .T. ) ;
#2244 = ADVANCED_FACE ( 'NONE', ( #1996 ), #2756, .T. ) ;
#2245 = ORIENTED_EDGE ( 'NONE', *, *, #5422, .F. ) ;
#2246 = EDGE_CURVE ( 'NONE', #3318, #8602, #8663, .T. ) ;
#2247 = VERTEX_POINT ( 'NONE', #4272 ) ;
#2248 = DIRECTION ( 'NONE',  ( -0.3535533905932725096, -0.6123724356957934711, -0.7071067811865489050 ) ) ;
#2249 = DIRECTION ( 'NONE',  ( -0.000000000000000000, 0.000000000000000000, -1.000000000000000000 ) ) ;
#2250 = ORIENTED_EDGE ( 'NONE', *, *, #2059, .T. ) ;
#2251 = CARTESIAN_POINT ( 'NONE',  ( -111.6352632902600845, 251.3579479350088661, 19.49999999999997513 ) ) ;
#2252 = DIRECTION ( 'NONE',  ( -0.000000000000000000, -0.000000000000000000, -1.000000000000000000 ) ) ;
#2253 = CARTESIAN_POINT ( 'NONE',  ( -91.31976734468483414, -130.1704767764337021, 10.00000000000000178 ) ) ;
#2254 = ORIENTED_EDGE ( 'NONE', *, *, #3463, .T. ) ;
#2255 = EDGE_CURVE ( 'NONE', #5622, #8319, #1326, .T. ) ;
#2256 = VERTEX_POINT ( 'NONE', #2087 ) ;
#2257 = ADVANCED_FACE ( 'NONE', ( #2132 ), #1232, .F. ) ;
#2258 = CYLINDRICAL_SURFACE ( 'NONE', #1777, 9.500000000000035527 ) ;
#2259 = CARTESIAN_POINT ( 'NONE',  ( 213.9999999999995453, -99.00000000000001421, -17.99999999999998934 ) ) ;
#2260 = CARTESIAN_POINT ( 'NONE',  ( 134.5000000000000284, -83.99999999999998579, 19.49999999999997868 ) ) ;
#2261 = EDGE_LOOP ( 'NONE', ( #5092, #5436 ) ) ;
#2262 = LINE ( 'NONE', #820, #3132 ) ;
#2263 = DIRECTION ( 'NONE',  ( 2.220446049250312588E-16, 1.000000000000000000, -1.025445864033519699E-16 ) ) ;
#2264 = DIRECTION ( 'NONE',  ( 1.635429539641433941E-16, -2.832647054857943335E-16, 1.000000000000000000 ) ) ;
#2265 = EDGE_LOOP ( 'NONE', ( #4300, #1113, #6263, #8253 ) ) ;
#2266 = VERTEX_POINT ( 'NONE', #9433 ) ;
#2267 = DIRECTION ( 'NONE',  ( -0.8660254037844387076, -0.4999999999999998890, 0.000000000000000000 ) ) ;
#2268 = CARTESIAN_POINT ( 'NONE',  ( 170.0000000000000568, -13.99999999999998401, -18.00000000000000711 ) ) ;
#2269 = EDGE_LOOP ( 'NONE', ( #239, #5173 ) ) ;
#2270 = DIRECTION ( 'NONE',  ( -1.000000000000000000, 0.000000000000000000, 0.000000000000000000 ) ) ;
#2271 = CARTESIAN_POINT ( 'NONE',  ( -54.92021828561267682, 297.6701257614999463, 10.00000000000000000 ) ) ;
#2272 = ORIENTED_EDGE ( 'NONE', *, *, #7936, .F. ) ;
#2273 = CARTESIAN_POINT ( 'NONE',  ( -43.39745962156486314, 275.1666049839189441, 10.00000000000000000 ) ) ;
#2274 = CARTESIAN_POINT ( 'NONE',  ( 280.0000000000000000, -99.00000000000002842, 23.00000000000001421 ) ) ;
#2275 = DIRECTION ( 'NONE',  ( -0.5000000000000008882, -0.8660254037844380415, 0.000000000000000000 ) ) ;
#2276 = FACE_BOUND ( 'NONE', #5840, .T. ) ;
#2277 = FACE_OUTER_BOUND ( 'NONE', #7466, .T. ) ;
#2278 = ORIENTED_EDGE ( 'NONE', *, *, #2058, .F. ) ;
#2279 = FACE_BOUND ( 'NONE', #9166, .T. ) ;
#2280 = CARTESIAN_POINT ( 'NONE',  ( -160.7365149746330246, -80.40381056769041379, -115.0000000000000142 ) ) ;
#2281 = ORIENTED_EDGE ( 'NONE', *, *, #2602, .F. ) ;
#2282 = CIRCLE ( 'NONE', #1069, 9.500000000000008882 ) ;
#2283 = EDGE_LOOP ( 'NONE', ( #5926, #6909, #3671, #5477 ) ) ;
#2284 = VERTEX_POINT ( 'NONE', #5055 ) ;
#2285 = CARTESIAN_POINT ( 'NONE',  ( 170.0000000000000284, -13.99999999999998401, -1.040834085586084257E-14 ) ) ;
#2286 = LINE ( 'NONE', #7482, #5208 ) ;
#2287 = VECTOR ( 'NONE', #2541, 1000.000000000000000 ) ;
#2288 = CIRCLE ( 'NONE', #8739, 4.000000000000003553 ) ;
#2289 = ORIENTED_EDGE ( 'NONE', *, *, #5927, .T. ) ;
#2290 = EDGE_CURVE ( 'NONE', #3222, #7846, #2586, .T. ) ;
#2291 = CARTESIAN_POINT ( 'NONE',  ( -8.273103968582558920, 242.3294364098343863, 8.000000000000028422 ) ) ;
#2292 = ADVANCED_FACE ( 'NONE', ( #1953 ), #6359, .F. ) ;
#2293 = ADVANCED_FACE ( 'NONE', ( #7850, #4176 ), #787, .T. ) ;
#2294 = LINE ( 'NONE', #8151, #2524 ) ;
#2295 = DIRECTION ( 'NONE',  ( 0.8660254037844387076, 0.4999999999999998890, 0.000000000000000000 ) ) ;
#2296 = ORIENTED_EDGE ( 'NONE', *, *, #1362, .T. ) ;
#2297 = AXIS2_PLACEMENT_3D ( 'NONE', #4098, #9248, #5503 ) ;
#2298 = AXIS2_PLACEMENT_3D ( 'NONE', #9295, #5643, #4914 ) ;
#2299 = ORIENTED_EDGE ( 'NONE', *, *, #9312, .T. ) ;
#2300 = CARTESIAN_POINT ( 'NONE',  ( 270.0000000000000000, -29.00000000000001066, 19.49999999999997513 ) ) ;
#2301 = EDGE_LOOP ( 'NONE', ( #4807, #4804 ) ) ;
#2302 = DIRECTION ( 'NONE',  ( 2.220446049250312588E-16, 1.000000000000000000, -1.025445864033519699E-16 ) ) ;
#2303 = CARTESIAN_POINT ( 'NONE',  ( -159.4865149746330246, -78.23874705822932185, -119.3301270189222123 ) ) ;
#2304 = ORIENTED_EDGE ( 'NONE', *, *, #2425, .T. ) ;
#2305 = DIRECTION ( 'NONE',  ( 0.8660254037844387076, 0.4999999999999998890, 7.703719777548943412E-34 ) ) ;
#2306 = EDGE_CURVE ( 'NONE', #7164, #4508, #8588, .T. ) ;
#2307 = CYLINDRICAL_SURFACE ( 'NONE', #7114, 9.499999999999994671 ) ;
#2308 = CARTESIAN_POINT ( 'NONE',  ( 127.4999999999995595, -99.00000000000000000, -102.5000000000000142 ) ) ;
#2309 = EDGE_LOOP ( 'NONE', ( #4998, #6213, #1825, #4581 ) ) ;
#2310 = ORIENTED_EDGE ( 'NONE', *, *, #7008, .F. ) ;
#2311 = VERTEX_POINT ( 'NONE', #8940 ) ;
#2312 = CARTESIAN_POINT ( 'NONE',  ( -92.08364779647700971, -108.4935565298464297, 10.00000000000000178 ) ) ;
#2313 = DIRECTION ( 'NONE',  ( 0.4999999999999985567, -0.8660254037844394848, 0.000000000000000000 ) ) ;
#2314 = ORIENTED_EDGE ( 'NONE', *, *, #2522, .F. ) ;
#2315 = CARTESIAN_POINT ( 'NONE',  ( 2.100566918256370383E-14, 460.9999999999999432, 10.00000000000000000 ) ) ;
#2316 = EDGE_CURVE ( 'NONE', #7099, #1990, #5680, .T. ) ;
#2317 = CYLINDRICAL_SURFACE ( 'NONE', #9341, 2.000000000000001776 ) ;
#2318 = EDGE_CURVE ( 'NONE', #7596, #101, #6439, .T. ) ;
#2319 = ORIENTED_EDGE ( 'NONE', *, *, #5172, .T. ) ;
#2320 = PLANE ( 'NONE',  #5554 ) ;
#2321 = CYLINDRICAL_SURFACE ( 'NONE', #9123, 4.999999999999995559 ) ;
#2322 = DIRECTION ( 'NONE',  ( 0.000000000000000000, 0.000000000000000000, 1.000000000000000000 ) ) ;
#2323 = CARTESIAN_POINT ( 'NONE',  ( 149.9999999999994600, -9.999999999999992895, -115.0000000000000284 ) ) ;
#2324 = CIRCLE ( 'NONE', #6009, 9.499999999999994671 ) ;
#2325 = CARTESIAN_POINT ( 'NONE',  ( -160.7365149746330246, -80.40381056769041379, -115.0000000000000142 ) ) ;
#2326 = ORIENTED_EDGE ( 'NONE', *, *, #4222, .T. ) ;
#2327 = FACE_BOUND ( 'NONE', #2935, .T. ) ;
#2328 = DIRECTION ( 'NONE',  ( 0.8660254037844387076, 0.4999999999999998890, 7.703719777548943412E-34 ) ) ;
#2329 = VERTEX_POINT ( 'NONE', #2176 ) ;
#2330 = DIRECTION ( 'NONE',  ( 0.000000000000000000, 0.000000000000000000, -1.000000000000000000 ) ) ;
#2331 = DIRECTION ( 'NONE',  ( 0.000000000000000000, 0.000000000000000000, 1.000000000000000000 ) ) ;
#2332 = CARTESIAN_POINT ( 'NONE',  ( -46.63526329026010586, 138.7746454430318863, 19.49999999999997513 ) ) ;
#2333 = ORIENTED_EDGE ( 'NONE', *, *, #5717, .T. ) ;
#2334 = DIRECTION ( 'NONE',  ( -0.000000000000000000, -0.000000000000000000, -1.000000000000000000 ) ) ;
#2335 = EDGE_CURVE ( 'NONE', #4508, #7164, #2747, .T. ) ;
#2336 = DIRECTION ( 'NONE',  ( 0.5000000000000005551, -0.8660254037844383745, 0.000000000000000000 ) ) ;
#2337 = ORIENTED_EDGE ( 'NONE', *, *, #41, .F. ) ;
#2338 = ORIENTED_EDGE ( 'NONE', *, *, #2774, .T. ) ;
#2339 = EDGE_CURVE ( 'NONE', #6053, #3882, #2893, .T. ) ;
#2340 = CARTESIAN_POINT ( 'NONE',  ( 384.2377111446261324, 7.347880794884088182E-16, 10.00000000000000000 ) ) ;
#2341 = EDGE_LOOP ( 'NONE', ( #3320, #4048, #1056, #7447 ) ) ;
#2342 = DIRECTION ( 'NONE',  ( 0.000000000000000000, 0.000000000000000000, 1.000000000000000000 ) ) ;
#2343 = CIRCLE ( 'NONE', #4825, 2.000000000016960655 ) ;
#2344 = FACE_OUTER_BOUND ( 'NONE', #4293, .T. ) ;
#2345 = VERTEX_POINT ( 'NONE', #8087 ) ;
#2346 = DIRECTION ( 'NONE',  ( -1.000000000000000000, 0.000000000000000000, 0.000000000000000000 ) ) ;
#2347 = CIRCLE ( 'NONE', #1294, 2.000000000000001776 ) ;
#2348 = DIRECTION ( 'NONE',  ( -0.2500000000000001665, -0.4330127018922187432, -0.8660254037844388186 ) ) ;
#2349 = CARTESIAN_POINT ( 'NONE',  ( -16.78143421778027289, 231.0662966890199925, -1.526279441628797917 ) ) ;
#2350 = ORIENTED_EDGE ( 'NONE', *, *, #2365, .T. ) ;
#2351 = ORIENTED_EDGE ( 'NONE', *, *, #1507, .T. ) ;
#2352 = CIRCLE ( 'NONE', #4660, 5.000000000000004441 ) ;
#2353 = EDGE_LOOP ( 'NONE', ( #6559, #4066 ) ) ;
#2354 = AXIS2_PLACEMENT_3D ( 'NONE', #8312, #1834, #1740 ) ;
#2355 = EDGE_CURVE ( 'NONE', #590, #6823, #53, .T. ) ;
#2356 = CARTESIAN_POINT ( 'NONE',  ( 4.496133917884019837, 160.2124676165408346, -3.000000000000031530 ) ) ;
#2357 = EDGE_CURVE ( 'NONE', #2488, #2329, #3809, .T. ) ;
#2358 = DIRECTION ( 'NONE',  ( 0.4999999999999997224, 0.8660254037844387076, 0.000000000000000000 ) ) ;
#2359 = ORIENTED_EDGE ( 'NONE', *, *, #3485, .T. ) ;
#2360 = CARTESIAN_POINT ( 'NONE',  ( -21.26348502534915141, 234.8294364098343863, 8.000000000000028422 ) ) ;
#2361 = DIRECTION ( 'NONE',  ( -0.4999999999999998890, 0.8660254037844387076, 0.000000000000000000 ) ) ;
#2362 = AXIS2_PLACEMENT_3D ( 'NONE', #5199, #3177, #8132 ) ;
#2363 = AXIS2_PLACEMENT_3D ( 'NONE', #4945, #7874, #4204 ) ;
#2364 = ORIENTED_EDGE ( 'NONE', *, *, #5303, .F. ) ;
#2365 = EDGE_CURVE ( 'NONE', #8576, #3450, #3076, .T. ) ;
#2366 = VECTOR ( 'NONE', #1983, 1000.000000000000000 ) ;
#2367 = FACE_BOUND ( 'NONE', #2301, .T. ) ;
#2368 = DIRECTION ( 'NONE',  ( -0.5000000000000008882, 0.8660254037844380415, 0.000000000000000000 ) ) ;
#2369 = VECTOR ( 'NONE', #2926, 1000.000000000000000 ) ;
#2370 = ADVANCED_FACE ( 'NONE', ( #5197 ), #1512, .T. ) ;
#2371 = FACE_OUTER_BOUND ( 'NONE', #7891, .T. ) ;
#2372 = DIRECTION ( 'NONE',  ( -1.000000000000000000, 0.000000000000000000, 0.000000000000000000 ) ) ;
#2373 = CARTESIAN_POINT ( 'NONE',  ( 2.746133917884016729, 163.2435565297863889, -3.000000000000030198 ) ) ;
#2374 = ORIENTED_EDGE ( 'NONE', *, *, #6587, .T. ) ;
#2375 = DIRECTION ( 'NONE',  ( -0.4999999999999975575, 0.8660254037844400399, -6.308085367188369533E-16 ) ) ;
#2376 = LINE ( 'NONE', #849, #3375 ) ;
#2377 = VECTOR ( 'NONE', #7241, 1000.000000000000000 ) ;
#2378 = ORIENTED_EDGE ( 'NONE', *, *, #6289, .T. ) ;
#2379 = AXIS2_PLACEMENT_3D ( 'NONE', #1530, #8686, #3720 ) ;
#2380 = EDGE_LOOP ( 'NONE', ( #7944, #2816, #6460, #1650 ) ) ;
#2381 = FACE_BOUND ( 'NONE', #2219, .T. ) ;
#2382 = AXIS2_PLACEMENT_3D ( 'NONE', #6280, #3199, #2578 ) ;
#2383 = CARTESIAN_POINT ( 'NONE',  ( 270.0000000000000000, -29.00000000000001066, 19.49999999999997513 ) ) ;
#2384 = VECTOR ( 'NONE', #5431, 1000.000000000000000 ) ;
#2385 = EDGE_LOOP ( 'NONE', ( #416, #368 ) ) ;
#2386 = DIRECTION ( 'NONE',  ( -0.8660254037844387076, -0.4999999999999998890, -0.000000000000000000 ) ) ;
#2387 = DIRECTION ( 'NONE',  ( -1.000000000000000000, 0.000000000000000000, 0.000000000000000000 ) ) ;
#2388 = AXIS2_PLACEMENT_3D ( 'NONE', #7935, #6486, #5682 ) ;
#2389 = EDGE_LOOP ( 'NONE', ( #3253, #3406, #7619, #8865 ) ) ;
#2390 = VECTOR ( 'NONE', #941, 1000.000000000000000 ) ;
#2391 = AXIS2_PLACEMENT_3D ( 'NONE', #6665, #86, #3542 ) ;
#2392 = EDGE_LOOP ( 'NONE', ( #3717, #627, #2794, #2035 ) ) ;
#2393 = CYLINDRICAL_SURFACE ( 'NONE', #3598, 5.500000000000021316 ) ;
#2394 = ADVANCED_FACE ( 'NONE', ( #4519 ), #8130, .F. ) ;
#2395 = CYLINDRICAL_SURFACE ( 'NONE', #8036, 1.999999999981072474 ) ;
#2396 = VERTEX_POINT ( 'NONE', #3654 ) ;
#2397 = CARTESIAN_POINT ( 'NONE',  ( -83.66025403781794978, -124.9038105676903285, -115.0000000000000142 ) ) ;
#2398 = DIRECTION ( 'NONE',  ( 0.000000000000000000, 0.000000000000000000, 1.000000000000000000 ) ) ;
#2399 = ORIENTED_EDGE ( 'NONE', *, *, #8517, .F. ) ;
#2400 = DIRECTION ( 'NONE',  ( 0.8660254037844387076, 0.4999999999999998890, 0.000000000000000000 ) ) ;
#2401 = CARTESIAN_POINT ( 'NONE',  ( -142.1243556529558987, -218.1666049839790844, -17.99999999999999645 ) ) ;
#2402 = DIRECTION ( 'NONE',  ( 3.435759386066699840E-16, -1.025445864033521055E-16, -1.000000000000000000 ) ) ;
#2403 = ORIENTED_EDGE ( 'NONE', *, *, #9119, .T. ) ;
#2404 = ORIENTED_EDGE ( 'NONE', *, *, #1385, .F. ) ;
#2405 = ORIENTED_EDGE ( 'NONE', *, *, #3694, .T. ) ;
#2406 = EDGE_CURVE ( 'NONE', #4182, #907, #3029, .T. ) ;
#2407 = DIRECTION ( 'NONE',  ( -0.4999999999999998890, 0.8660254037844387076, 0.000000000000000000 ) ) ;
#2408 = DIRECTION ( 'NONE',  ( -0.3788326176466335071, -0.6561573413282845157, -0.6526433874850773309 ) ) ;
#2409 = VERTEX_POINT ( 'NONE', #3700 ) ;
#2410 = CYLINDRICAL_SURFACE ( 'NONE', #9432, 11.00000000000000000 ) ;
#2411 = DIRECTION ( 'NONE',  ( 0.000000000000000000, 1.577021341797097807E-16, 1.000000000000000000 ) ) ;
#2412 = EDGE_CURVE ( 'NONE', #3905, #6661, #7662, .T. ) ;
#2413 = CARTESIAN_POINT ( 'NONE',  ( -80.87435565295569972, -112.0784930203848262, -137.5000000000000000 ) ) ;
#2414 = EDGE_CURVE ( 'NONE', #1528, #3980, #1654, .T. ) ;
#2415 = ADVANCED_FACE ( 'NONE', ( #830 ), #8031, .T. ) ;
#2416 = ORIENTED_EDGE ( 'NONE', *, *, #297, .F. ) ;
#2417 = DIRECTION ( 'NONE',  ( 0.000000000000000000, -0.000000000000000000, 1.000000000000000000 ) ) ;
#2418 = FACE_OUTER_BOUND ( 'NONE', #5029, .T. ) ;
#2419 = DIRECTION ( 'NONE',  ( 0.000000000000000000, 0.000000000000000000, 1.000000000000000000 ) ) ;
#2420 = DIRECTION ( 'NONE',  ( 0.000000000000000000, 0.000000000000000000, 1.000000000000000000 ) ) ;
#2421 = FACE_OUTER_BOUND ( 'NONE', #4006, .T. ) ;
#2422 = VERTEX_POINT ( 'NONE', #7315 ) ;
#2423 = FACE_BOUND ( 'NONE', #1539, .T. ) ;
#2424 = DIRECTION ( 'NONE',  ( -0.8660254037844390407, 0.4999999999999992228, 0.000000000000000000 ) ) ;
#2425 = EDGE_CURVE ( 'NONE', #8963, #5889, #739, .T. ) ;
#2426 = EDGE_LOOP ( 'NONE', ( #1591, #3790, #6619, #7580 ) ) ;
#2427 = EDGE_CURVE ( 'NONE', #3626, #6127, #885, .T. ) ;
#2428 = ORIENTED_EDGE ( 'NONE', *, *, #2357, .F. ) ;
#2429 = DIRECTION ( 'NONE',  ( -1.000000000000000000, 0.000000000000000000, 0.000000000000000000 ) ) ;
#2430 = CARTESIAN_POINT ( 'NONE',  ( 134.5000000000000284, -83.99999999999998579, 24.99999999999997868 ) ) ;
#2431 = VERTEX_POINT ( 'NONE', #9086 ) ;
#2432 = DIRECTION ( 'NONE',  ( 1.000000000000000000, 0.000000000000000000, 0.000000000000000000 ) ) ;
#2433 = CIRCLE ( 'NONE', #6121, 10.99999999999999645 ) ;
#2434 = EDGE_CURVE ( 'NONE', #141, #2221, #3505, .T. ) ;
#2435 = AXIS2_PLACEMENT_3D ( 'NONE', #9473, #6485, #7208 ) ;
#2436 = AXIS2_PLACEMENT_3D ( 'NONE', #7574, #5367, #8915 ) ;
#2437 = DIRECTION ( 'NONE',  ( 0.000000000000000000, 0.000000000000000000, 1.000000000000000000 ) ) ;
#2438 = ORIENTED_EDGE ( 'NONE', *, *, #4760, .T. ) ;
#2439 = EDGE_LOOP ( 'NONE', ( #9092, #341, #3071, #7733 ) ) ;
#2440 = CIRCLE ( 'NONE', #6432, 1.999999999981183496 ) ;
#2442 = CIRCLE ( 'NONE', #7512, 5.500000000000017764 ) ;
#2441 = CARTESIAN_POINT ( 'NONE',  ( -62.25386608211591977, 275.8268590217633687, 19.49999999999997513 ) ) ;
#2443 = CARTESIAN_POINT ( 'NONE',  ( -19.53143421778027289, 235.8294364098343863, 8.000000000000028422 ) ) ;
#2444 = FACE_OUTER_BOUND ( 'NONE', #4861, .T. ) ;
#2445 = DIRECTION ( 'NONE',  ( 0.8660254037844390407, -0.4999999999999992784, -0.000000000000000000 ) ) ;
#2446 = EDGE_LOOP ( 'NONE', ( #5595, #1293, #1287, #1675 ) ) ;
#2447 = CARTESIAN_POINT ( 'NONE',  ( -109.8852632902600561, 248.3268590217633403, 24.99999999999997513 ) ) ;
#2448 = CARTESIAN_POINT ( 'NONE',  ( -127.8756443470266646, 249.4871130596077364, 23.00000000000000711 ) ) ;
#2449 = LINE ( 'NONE', #2349, #1473 ) ;
#2450 = CIRCLE ( 'NONE', #2297, 11.00000000000000000 ) ;
#2451 = VERTEX_POINT ( 'NONE', #7744 ) ;
#2452 = AXIS2_PLACEMENT_3D ( 'NONE', #3526, #2048, #5744 ) ;
#2453 = ORIENTED_EDGE ( 'NONE', *, *, #1435, .F. ) ;
#2454 = EDGE_CURVE ( 'NONE', #7272, #4310, #4732, .T. ) ;
#2455 = ORIENTED_EDGE ( 'NONE', *, *, #3102, .F. ) ;
#2456 = DIRECTION ( 'NONE',  ( -1.000000000000000000, 0.000000000000000000, 0.000000000000000000 ) ) ;
#2457 = ADVANCED_FACE ( 'NONE', ( #4752 ), #6110, .T. ) ;
#2458 = FACE_OUTER_BOUND ( 'NONE', #433, .T. ) ;
#2459 = ORIENTED_EDGE ( 'NONE', *, *, #3408, .F. ) ;
#2460 = AXIS2_PLACEMENT_3D ( 'NONE', #4398, #659, #5756 ) ;
#2461 = PLANE ( 'NONE',  #4979 ) ;
#2462 = CARTESIAN_POINT ( 'NONE',  ( 170.0000000000000284, -99.00000000000000000, -18.00000000000000000 ) ) ;
#2463 = DIRECTION ( 'NONE',  ( 0.000000000000000000, 0.000000000000000000, 1.000000000000000000 ) ) ;
#2464 = ORIENTED_EDGE ( 'NONE', *, *, #1130, .F. ) ;
#2465 = VECTOR ( 'NONE', #6191, 1000.000000000000000 ) ;
#2466 = VERTEX_POINT ( 'NONE', #3939 ) ;
#2467 = CARTESIAN_POINT ( 'NONE',  ( -0.2538660821322855088, 163.2435565297862752, 0.000000000000000000 ) ) ;
#2468 = CARTESIAN_POINT ( 'NONE',  ( -183.9304353137946464, -205.5768590218235374, 10.00000000000000000 ) ) ;
#2469 = ADVANCED_FACE ( 'NONE', ( #6969 ), #4616, .T. ) ;
#2470 = ADVANCED_FACE ( 'NONE', ( #1031 ), #6777, .T. ) ;
#2471 = CARTESIAN_POINT ( 'NONE',  ( 378.2377111446261324, 0.000000000000000000, 10.00000000000000000 ) ) ;
#2472 = DIRECTION ( 'NONE',  ( -1.204146447532707802E-16, 1.000000000000000000, 0.000000000000000000 ) ) ;
#2473 = CARTESIAN_POINT ( 'NONE',  ( -89.95525659168389154, 183.8070748246413473, -29.42433009472867056 ) ) ;
#2474 = VERTEX_POINT ( 'NONE', #195 ) ;
#2475 = FACE_BOUND ( 'NONE', #4141, .T. ) ;
#2476 = VECTOR ( 'NONE', #2330, 1000.000000000000000 ) ;
#2477 = CARTESIAN_POINT ( 'NONE',  ( 1.029127839489753446E-13, -460.9999999999998863, 10.00000000000000000 ) ) ;
#2478 = ORIENTED_EDGE ( 'NONE', *, *, #3121, .T. ) ;
#2479 = VERTEX_POINT ( 'NONE', #3889 ) ;
#2480 = ADVANCED_FACE ( 'NONE', ( #9036 ), #1701, .F. ) ;
#2481 = CYLINDRICAL_SURFACE ( 'NONE', #543, 2.000000000016738610 ) ;
#2482 = CYLINDRICAL_SURFACE ( 'NONE', #4271, 5.500000000000005329 ) ;
#2483 = EDGE_CURVE ( 'NONE', #2093, #9310, #5512, .T. ) ;
#2484 = ORIENTED_EDGE ( 'NONE', *, *, #6920, .T. ) ;
#2485 = CARTESIAN_POINT ( 'NONE',  ( 139.9999999999999716, -29.00000000000000000, 10.00000000000000000 ) ) ;
#2486 = AXIS2_PLACEMENT_3D ( 'NONE', #1900, #8325, #3377 ) ;
#2487 = CARTESIAN_POINT ( 'NONE',  ( -31.98368480613950737, 316.3973670974521042, 10.00000000000000000 ) ) ;
#2488 = VERTEX_POINT ( 'NONE', #6827 ) ;
#2489 = ORIENTED_EDGE ( 'NONE', *, *, #3524, .T. ) ;
#2490 = ADVANCED_FACE ( 'NONE', ( #2458 ), #3323, .T. ) ;
#2491 = DIRECTION ( 'NONE',  ( -1.000000000000000000, 0.000000000000000000, 0.000000000000000000 ) ) ;
#2492 = DIRECTION ( 'NONE',  ( 0.000000000000000000, 0.000000000000000000, 1.000000000000000000 ) ) ;
#2493 = CARTESIAN_POINT ( 'NONE',  ( 270.0000000000000000, -29.00000000000000000, 0.000000000000000000 ) ) ;
#2494 = VERTEX_POINT ( 'NONE', #6060 ) ;
#2495 = CARTESIAN_POINT ( 'NONE',  ( -185.9304353137924295, -205.5768590218235374, 10.00000000000000000 ) ) ;
#2496 = DIRECTION ( 'NONE',  ( 1.635429539641433941E-16, -2.832647054857943335E-16, 1.000000000000000000 ) ) ;
#2497 = LINE ( 'NONE', #9029, #696 ) ;
#2498 = ORIENTED_EDGE ( 'NONE', *, *, #7102, .F. ) ;
#2499 = ORIENTED_EDGE ( 'NONE', *, *, #7645, .F. ) ;
#2500 = ORIENTED_EDGE ( 'NONE', *, *, #5358, .T. ) ;
#2501 = LINE ( 'NONE', #6873, #663 ) ;
#2502 = DIRECTION ( 'NONE',  ( -0.2500000000000001665, -0.4330127018922187432, 0.8660254037844388186 ) ) ;
#2503 = VERTEX_POINT ( 'NONE', #9137 ) ;
#2504 = FACE_OUTER_BOUND ( 'NONE', #9356, .T. ) ;
#2505 = DIRECTION ( 'NONE',  ( 0.2500000000000001665, 0.4330127018922187432, -0.8660254037844388186 ) ) ;
#2506 = DIRECTION ( 'NONE',  ( 0.4941902632238115434, -0.8559626445094810077, 0.1519997859837824150 ) ) ;
#2507 = CIRCLE ( 'NONE', #6028, 3.500000000000013323 ) ;
#2508 = VECTOR ( 'NONE', #4138, 1000.000000000000000 ) ;
#2509 = EDGE_LOOP ( 'NONE', ( #1140, #1542 ) ) ;
#2510 = ORIENTED_EDGE ( 'NONE', *, *, #1347, .T. ) ;
#2511 = DIRECTION ( 'NONE',  ( -0.8660254037844390407, 0.4999999999999992228, 0.000000000000000000 ) ) ;
#2512 = CYLINDRICAL_SURFACE ( 'NONE', #4053, 3.000000000000002665 ) ;
#2513 = DIRECTION ( 'NONE',  ( 2.220446049250312588E-16, 1.000000000000000000, -1.025445864033519699E-16 ) ) ;
#2514 = DIRECTION ( 'NONE',  ( -1.635429539641434187E-16, 2.832647054857943828E-16, 1.000000000000000000 ) ) ;
#2515 = EDGE_CURVE ( 'NONE', #1477, #6200, #4264, .T. ) ;
#2516 = AXIS2_PLACEMENT_3D ( 'NONE', #7816, #1340, #1289 ) ;
#2517 = DIRECTION ( 'NONE',  ( -1.000000000000000000, 0.000000000000000000, 0.000000000000000000 ) ) ;
#2518 = ORIENTED_EDGE ( 'NONE', *, *, #5601, .T. ) ;
#2519 = FACE_BOUND ( 'NONE', #4320, .T. ) ;
#2520 = AXIS2_PLACEMENT_3D ( 'NONE', #2828, #5761, #7787 ) ;
#2521 = DIRECTION ( 'NONE',  ( -0.8660254037844390407, -0.4999999999999991673, 7.012543237461990870E-16 ) ) ;
#2522 = EDGE_CURVE ( 'NONE', #7279, #7150, #6257, .T. ) ;
#2523 = ORIENTED_EDGE ( 'NONE', *, *, #1470, .T. ) ;
#2524 = VECTOR ( 'NONE', #8831, 1000.000000000000000 ) ;
#2525 = DIRECTION ( 'NONE',  ( 1.649003067838307869E-17, -1.025445864033519699E-16, -1.000000000000000000 ) ) ;
#2526 = CARTESIAN_POINT ( 'NONE',  ( 267.4999999999997158, -13.99999999999999822, 35.50000000000031974 ) ) ;
#2527 = CARTESIAN_POINT ( 'NONE',  ( -52.87564434702667882, 119.5833024919419643, 22.99999999999998579 ) ) ;
#2528 = DIRECTION ( 'NONE',  ( 0.000000000000000000, 1.000000000000000000, 0.000000000000000000 ) ) ;
#2529 = AXIS2_PLACEMENT_3D ( 'NONE', #323, #9022, #6906 ) ;
#2530 = ADVANCED_FACE ( 'NONE', ( #1747 ), #3221, .T. ) ;
#2531 = DIRECTION ( 'NONE',  ( 0.5000000000000004441, -0.8660254037844383745, -6.308085367188393199E-16 ) ) ;
#2532 = EDGE_CURVE ( 'NONE', #5495, #4587, #6204, .T. ) ;
#2533 = EDGE_CURVE ( 'NONE', #7872, #2466, #9340, .T. ) ;
#2534 = ORIENTED_EDGE ( 'NONE', *, *, #1306, .T. ) ;
#2535 = CIRCLE ( 'NONE', #8511, 1.999999999967569497 ) ;
#2536 = ORIENTED_EDGE ( 'NONE', *, *, #7403, .F. ) ;
#2537 = AXIS2_PLACEMENT_3D ( 'NONE', #1207, #571, #5619 ) ;
#2538 = CYLINDRICAL_SURFACE ( 'NONE', #7903, 9.500000000000008882 ) ;
#2539 = AXIS2_PLACEMENT_3D ( 'NONE', #6961, #3261, #6006 ) ;
#2540 = DIRECTION ( 'NONE',  ( -1.635429539641431722E-16, -2.832647054857944814E-16, 1.000000000000000000 ) ) ;
#2541 = DIRECTION ( 'NONE',  ( 2.220446049250312588E-16, 1.000000000000000000, -1.025445864033519699E-16 ) ) ;
#2542 = EDGE_LOOP ( 'NONE', ( #1584, #4166, #2549, #2478 ) ) ;
#2543 = LINE ( 'NONE', #5478, #7600 ) ;
#2544 = CARTESIAN_POINT ( 'NONE',  ( -116.9304353138135610, -92.99355652984641551, 0.000000000000000000 ) ) ;
#2545 = CIRCLE ( 'NONE', #1791, 5.499999999999997335 ) ;
#2546 = DIRECTION ( 'NONE',  ( 1.000000000000000000, 0.000000000000000000, 0.000000000000000000 ) ) ;
#2547 = CIRCLE ( 'NONE', #704, 3.500000000000014211 ) ;
#2549 = ORIENTED_EDGE ( 'NONE', *, *, #8970, .T. ) ;
#2548 = ADVANCED_FACE ( 'NONE', ( #1891 ), #4797, .F. ) ;
#2550 = CIRCLE ( 'NONE', #1948, 9.499999999999980460 ) ;
#2551 = ADVANCED_FACE ( 'NONE', ( #2699 ), #484, .F. ) ;
#2552 = ORIENTED_EDGE ( 'NONE', *, *, #3716, .F. ) ;
#2553 = ADVANCED_FACE ( 'NONE', ( #5632 ), #1981, .F. ) ;
#2554 = VERTEX_POINT ( 'NONE', #1312 ) ;
#2555 = LINE ( 'NONE', #5577, #1440 ) ;
#2556 = DIRECTION ( 'NONE',  ( -2.220446049250312588E-16, -1.000000000000000000, 1.025445864033519699E-16 ) ) ;
#2557 = ORIENTED_EDGE ( 'NONE', *, *, #4942, .F. ) ;
#2558 = DIRECTION ( 'NONE',  ( -0.000000000000000000, -0.000000000000000000, -1.000000000000000000 ) ) ;
#2559 = DIRECTION ( 'NONE',  ( 0.000000000000000000, 1.000000000000000000, 0.000000000000000000 ) ) ;
#2560 = DIRECTION ( 'NONE',  ( 0.4999999999999998890, 0.8660254037844387076, -0.000000000000000000 ) ) ;
#2561 = ORIENTED_EDGE ( 'NONE', *, *, #9117, .T. ) ;
#2562 = EDGE_CURVE ( 'NONE', #7367, #6754, #7964, .T. ) ;
#2563 = ORIENTED_EDGE ( 'NONE', *, *, #1308, .T. ) ;
#2564 = CARTESIAN_POINT ( 'NONE',  ( -157.3647367097224219, -214.5637193010090584, 19.49999999999997868 ) ) ;
#2565 = DIRECTION ( 'NONE',  ( 0.8660254037844390407, -0.4999999999999992228, 0.000000000000000000 ) ) ;
#2566 = DIRECTION ( 'NONE',  ( -0.4999999999999992784, -0.8660254037844391517, 0.000000000000000000 ) ) ;
#2567 = DIRECTION ( 'NONE',  ( -0.000000000000000000, -0.000000000000000000, -1.000000000000000000 ) ) ;
#2568 = DIRECTION ( 'NONE',  ( 1.635429539641431722E-16, 2.832647054857945307E-16, 1.000000000000000000 ) ) ;
#2569 = ORIENTED_EDGE ( 'NONE', *, *, #8805, .T. ) ;
#2570 = CARTESIAN_POINT ( 'NONE',  ( -52.87564434702667882, 119.5833024919419643, 10.00000000000000178 ) ) ;
#2571 = DIRECTION ( 'NONE',  ( -1.000000000000000000, 0.000000000000000000, 0.000000000000000000 ) ) ;
#2572 = ORIENTED_EDGE ( 'NONE', *, *, #2825, .F. ) ;
#2573 = CYLINDRICAL_SURFACE ( 'NONE', #6164, 11.00000000000001066 ) ;
#2574 = CARTESIAN_POINT ( 'NONE',  ( -19.06956468617110900, 149.4935565297863036, 10.00000000000000000 ) ) ;
#2575 = CARTESIAN_POINT ( 'NONE',  ( -87.12435565295571394, -122.9038105676903569, -115.0000000000000142 ) ) ;
#2576 = VERTEX_POINT ( 'NONE', #9373 ) ;
#2577 = EDGE_CURVE ( 'NONE', #1400, #5893, #6273, .T. ) ;
#2578 = DIRECTION ( 'NONE',  ( 0.3535533905932757293, -0.6123724356957980230, -0.7071067811865435759 ) ) ;
#2579 = COORDINATED_UNIVERSAL_TIME_OFFSET ( 1, 0, .AHEAD. ) ;
#2580 = EDGE_LOOP ( 'NONE', ( #49, #2459, #9379, #7836 ) ) ;
#2581 = ORIENTED_EDGE ( 'NONE', *, *, #7068, .F. ) ;
#2582 = DIRECTION ( 'NONE',  ( 0.4999999999999996669, 0.8660254037844388186, -6.308085367188379394E-16 ) ) ;
#2583 = EDGE_CURVE ( 'NONE', #4597, #5962, #2433, .T. ) ;
#2585 = ADVANCED_FACE ( 'NONE', ( #7838 ), #3456, .F. ) ;
#2584 = FACE_OUTER_BOUND ( 'NONE', #8936, .T. ) ;
#2586 = CIRCLE ( 'NONE', #768, 11.00000000000001066 ) ;
#2587 = ADVANCED_FACE ( 'NONE', ( #3363 ), #2028, .F. ) ;
#2588 = DIRECTION ( 'NONE',  ( 1.000000000000000000, 0.000000000000000000, 0.000000000000000000 ) ) ;
#2589 = ORIENTED_EDGE ( 'NONE', *, *, #2126, .T. ) ;
#2590 = DIRECTION ( 'NONE',  ( -0.000000000000000000, -0.000000000000000000, -1.000000000000000000 ) ) ;
#2591 = DIRECTION ( 'NONE',  ( 0.8660254037844387076, 0.4999999999999998890, 0.000000000000000000 ) ) ;
#2592 = DIRECTION ( 'NONE',  ( -0.8660254037844387076, -0.4999999999999998890, -7.703719777548943412E-34 ) ) ;
#2593 = ORIENTED_EDGE ( 'NONE', *, *, #537, .T. ) ;
#2594 = CIRCLE ( 'NONE', #136, 4.000000000000003553 ) ;
#2595 = ORIENTED_EDGE ( 'NONE', *, *, #3102, .T. ) ;
#2596 = EDGE_CURVE ( 'NONE', #7, #3681, #1679, .T. ) ;
#2597 = FACE_OUTER_BOUND ( 'NONE', #5216, .T. ) ;
#2598 = DIRECTION ( 'NONE',  ( -0.4999999999999992228, -0.8660254037844390407, 0.000000000000000000 ) ) ;
#2599 = ORIENTED_EDGE ( 'NONE', *, *, #7751, .T. ) ;
#2600 = CARTESIAN_POINT ( 'NONE',  ( -89.62435565295571394, -127.2339375866125550, -115.0000000000000142 ) ) ;
#2601 = AXIS2_PLACEMENT_3D ( 'NONE', #9124, #2398, #6814 ) ;
#2602 = EDGE_CURVE ( 'NONE', #3125, #6836, #1987, .T. ) ;
#2603 = AXIS2_PLACEMENT_3D ( 'NONE', #2373, #1570, #8953 ) ;
#2604 = LINE ( 'NONE', #5491, #1224 ) ;
#2605 = CARTESIAN_POINT ( 'NONE',  ( 290.0000000000000568, -130.5000000000000000, 10.00000000000000000 ) ) ;
#2606 = EDGE_CURVE ( 'NONE', #5694, #3886, #8266, .T. ) ;
#2607 = ORIENTED_EDGE ( 'NONE', *, *, #1597, .F. ) ;
#2608 = EDGE_LOOP ( 'NONE', ( #4564, #2941, #5226, #8240 ) ) ;
#2609 = VECTOR ( 'NONE', #4334, 1000.000000000000114 ) ;
#2610 = CIRCLE ( 'NONE', #4747, 5.500000000000005329 ) ;
#2611 = CARTESIAN_POINT ( 'NONE',  ( -142.7461339178667288, -79.24355652984645815, 24.99999999999997513 ) ) ;
#2612 = FACE_OUTER_BOUND ( 'NONE', #8876, .T. ) ;
#2613 = FACE_OUTER_BOUND ( 'NONE', #2894, .T. ) ;
#2614 = EDGE_CURVE ( 'NONE', #3944, #5195, #4888, .T. ) ;
#2615 = DIRECTION ( 'NONE',  ( -0.4999999999999997224, -0.8660254037844387076, 0.000000000000000000 ) ) ;
#2616 = DIRECTION ( 'NONE',  ( 3.105958772499037896E-16, 1.025445864033519576E-16, 1.000000000000000000 ) ) ;
#2617 = EDGE_LOOP ( 'NONE', ( #2464, #8893, #9498, #1954 ) ) ;
#2618 = DIRECTION ( 'NONE',  ( 0.8660254037844387076, 0.4999999999999998890, -7.703719777548943412E-34 ) ) ;
#2619 = CARTESIAN_POINT ( 'NONE',  ( 154.9999999999994884, -99.00000000000002842, -115.0000000000000142 ) ) ;
#2620 = ORIENTED_EDGE ( 'NONE', *, *, #9162, .T. ) ;
#2621 = FACE_BOUND ( 'NONE', #3859, .T. ) ;
#2622 = CARTESIAN_POINT ( 'NONE',  ( -109.8852632902600419, 248.3268590217633403, 0.000000000000000000 ) ) ;
#2623 = CIRCLE ( 'NONE', #476, 11.00000000000000000 ) ;
#2624 = CARTESIAN_POINT ( 'NONE',  ( -21.26348502534913720, 234.8294364098343863, 8.000000000000028422 ) ) ;
#2625 = ORIENTED_EDGE ( 'NONE', *, *, #4720, .T. ) ;
#2626 = DIRECTION ( 'NONE',  ( -1.000000000000000000, 0.000000000000000000, 0.000000000000000000 ) ) ;
#2627 = CYLINDRICAL_SURFACE ( 'NONE', #5271, 2.000000000000001776 ) ;
#2628 = DIRECTION ( 'NONE',  ( -0.000000000000000000, -0.000000000000000000, -1.000000000000000000 ) ) ;
#2629 = COORDINATED_UNIVERSAL_TIME_OFFSET ( 1, 0, .AHEAD. ) ;
#2630 = ORIENTED_EDGE ( 'NONE', *, *, #5162, .F. ) ;
#2631 = EDGE_LOOP ( 'NONE', ( #443, #4915, #8057, #5161 ) ) ;
#2632 = DIRECTION ( 'NONE',  ( 0.4941902632238114879, -0.8559626445094808966, 0.1519997859837828591 ) ) ;
#2633 = DIRECTION ( 'NONE',  ( 0.8660254037844389297, -0.4999999999999993894, 0.000000000000000000 ) ) ;
#2634 = AXIS2_PLACEMENT_3D ( 'NONE', #5350, #890, #8180 ) ;
#2635 = CARTESIAN_POINT ( 'NONE',  ( -68.81069727828321447, 139.1836237901777054, -115.7599989299189644 ) ) ;
#2636 = ORIENTED_EDGE ( 'NONE', *, *, #9285, .T. ) ;
#2637 = CYLINDRICAL_SURFACE ( 'NONE', #1167, 6.000000000000005329 ) ;
#2638 = DIRECTION ( 'NONE',  ( 0.000000000000000000, 0.000000000000000000, 1.000000000000000000 ) ) ;
#2639 = DIRECTION ( 'NONE',  ( -0.000000000000000000, -0.000000000000000000, 1.000000000000000000 ) ) ;
#2640 = EDGE_CURVE ( 'NONE', #7047, #1273, #3200, .T. ) ;
#2641 = EDGE_LOOP ( 'NONE', ( #2867, #4196, #7961, #2607 ) ) ;
#2642 = ORIENTED_EDGE ( 'NONE', *, *, #3863, .T. ) ;
#2643 = CARTESIAN_POINT ( 'NONE',  ( -261.4935565297952280, -172.9201257615600866, 0.000000000000000000 ) ) ;
#2644 = DIRECTION ( 'NONE',  ( -0.000000000000000000, -0.000000000000000000, -1.000000000000000000 ) ) ;
#2645 = ORIENTED_EDGE ( 'NONE', *, *, #4817, .T. ) ;
#2646 = CARTESIAN_POINT ( 'NONE',  ( -18.76348502534914786, 230.4993093909122024, -18.00000000000001066 ) ) ;
#2647 = DIRECTION ( 'NONE',  ( 1.000000000000000000, 0.000000000000000000, 0.000000000000000000 ) ) ;
#2648 = LINE ( 'NONE', #8508, #1181 ) ;
#2649 = ADVANCED_FACE ( 'NONE', ( #5676 ), #5042, .F. ) ;
#2650 = ORIENTED_EDGE ( 'NONE', *, *, #4720, .F. ) ;
#2651 = EDGE_CURVE ( 'NONE', #4171, #6186, #2440, .T. ) ;
#2652 = ORIENTED_EDGE ( 'NONE', *, *, #2532, .F. ) ;
#2653 = DIRECTION ( 'NONE',  ( 1.635429539641433941E-16, -2.832647054857943335E-16, 1.000000000000000000 ) ) ;
#2654 = CARTESIAN_POINT ( 'NONE',  ( -195.1188555722679041, -327.5634665205517422, 10.00000000000000000 ) ) ;
#2655 = DIRECTION ( 'NONE',  ( 1.000000000000000000, 0.000000000000000000, 0.000000000000000000 ) ) ;
#2656 = DIRECTION ( 'NONE',  ( 0.000000000000000000, 0.000000000000000000, 1.000000000000000000 ) ) ;
#2657 = DIRECTION ( 'NONE',  ( -2.220446049250312588E-16, -1.000000000000000000, 1.025445864033519699E-16 ) ) ;
#2658 = EDGE_LOOP ( 'NONE', ( #3933, #725 ) ) ;
#2659 = CARTESIAN_POINT ( 'NONE',  ( -235.0797817143698865, -188.1701257615600866, 0.000000000000000000 ) ) ;
#2660 = CARTESIAN_POINT ( 'NONE',  ( 138.0000000000000568, -56.49999999999998579, -3.000000000000031086 ) ) ;
#2661 = AXIS2_PLACEMENT_3D ( 'NONE', #672, #528, #3454 ) ;
#2662 = AXIS2_PLACEMENT_3D ( 'NONE', #2443, #4420, #5152 ) ;
#2663 = AXIS2_PLACEMENT_3D ( 'NONE', #4663, #3174, #194 ) ;
#2664 = ORIENTED_EDGE ( 'NONE', *, *, #6367, .T. ) ;
#2665 = EDGE_CURVE ( 'NONE', #1806, #9179, #1938, .T. ) ;
#2666 = EDGE_CURVE ( 'NONE', #6919, #4634, #607, .T. ) ;
#2667 = VECTOR ( 'NONE', #7042, 1000.000000000000000 ) ;
#2668 = PLANE ( 'NONE',  #7080 ) ;
#2669 = VECTOR ( 'NONE', #8122, 1000.000000000000114 ) ;
#2670 = CARTESIAN_POINT ( 'NONE',  ( -56.62564434702640170, 126.0784930203247569, -137.5000000000000000 ) ) ;
#2671 = CARTESIAN_POINT ( 'NONE',  ( 8.236514974650873455, 183.7339375865524858, -115.0000000000000142 ) ) ;
#2672 = DIRECTION ( 'NONE',  ( 1.635429539641434187E-16, -2.832647054857943828E-16, 1.000000000000000000 ) ) ;
#2673 = ORIENTED_EDGE ( 'NONE', *, *, #2119, .F. ) ;
#2674 = CARTESIAN_POINT ( 'NONE',  ( -109.8852632902600561, 248.3268590217633403, 19.49999999999997513 ) ) ;
#2675 = VECTOR ( 'NONE', #6564, 1000.000000000000000 ) ;
#2676 = CARTESIAN_POINT ( 'NONE',  ( -142.7461339178666719, -79.24355652984641551, 10.00000000000000000 ) ) ;
#2677 = AXIS2_PLACEMENT_3D ( 'NONE', #7945, #5016, #2179 ) ;
#2678 = CALENDAR_DATE ( 2023, 3, 12 ) ;
#2679 = VECTOR ( 'NONE', #891, 1000.000000000000114 ) ;
#2680 = ORIENTED_EDGE ( 'NONE', *, *, #7835, .F. ) ;
#2681 = ORIENTED_EDGE ( 'NONE', *, *, #8521, .F. ) ;
#2682 = CARTESIAN_POINT ( 'NONE',  ( -127.8756443470266646, 249.4871130596077364, -17.99999999999999645 ) ) ;
#2683 = AXIS2_PLACEMENT_3D ( 'NONE', #5044, #2074, #3594 ) ;
#2684 = LINE ( 'NONE', #1829, #2465 ) ;
#2685 = AXIS2_PLACEMENT_3D ( 'NONE', #4458, #8115, #8611 ) ;
#2686 = FACE_OUTER_BOUND ( 'NONE', #2771, .T. ) ;
#2687 = EDGE_LOOP ( 'NONE', ( #7479, #4501, #2833, #1468 ) ) ;
#2688 = DIRECTION ( 'NONE',  ( -3.435759386066699840E-16, 1.025445864033521055E-16, 1.000000000000000000 ) ) ;
#2689 = LINE ( 'NONE', #430, #671 ) ;
#2690 = DIRECTION ( 'NONE',  ( 0.000000000000000000, 0.000000000000000000, 1.000000000000000000 ) ) ;
#2691 = VECTOR ( 'NONE', #3355, 1000.000000000000114 ) ;
#2692 = VERTEX_POINT ( 'NONE', #2836 ) ;
#2693 = VECTOR ( 'NONE', #3675, 1000.000000000000227 ) ;
#2694 = EDGE_CURVE ( 'NONE', #657, #4750, #4736, .T. ) ;
#2695 = CIRCLE ( 'NONE', #6992, 4.999999999999994671 ) ;
#2696 = VERTEX_POINT ( 'NONE', #874 ) ;
#2697 = DIRECTION ( 'NONE',  ( 0.000000000000000000, 0.000000000000000000, 1.000000000000000000 ) ) ;
#2698 = CIRCLE ( 'NONE', #3455, 5.000000000000004441 ) ;
#2699 = FACE_OUTER_BOUND ( 'NONE', #6131, .T. ) ;
#2700 = VERTEX_POINT ( 'NONE', #6578 ) ;
#2701 = DIRECTION ( 'NONE',  ( -1.000000000000000000, 0.000000000000000000, 0.000000000000000000 ) ) ;
#2702 = CARTESIAN_POINT ( 'NONE',  ( 150.0000000000000000, 42.50000000000000000, 0.000000000000000000 ) ) ;
#2703 = AXIS2_PLACEMENT_3D ( 'NONE', #2829, #1398, #3634 ) ;
#2704 = DIRECTION ( 'NONE',  ( 3.105958772499037896E-16, 1.025445864033519576E-16, 1.000000000000000000 ) ) ;
#2705 = EDGE_CURVE ( 'NONE', #6174, #1587, #6001, .T. ) ;
#2706 = VERTEX_POINT ( 'NONE', #2213 ) ;
#2707 = ORIENTED_EDGE ( 'NONE', *, *, #6, .F. ) ;
#2708 = DIRECTION ( 'NONE',  ( 0.000000000000000000, 0.000000000000000000, 1.000000000000000000 ) ) ;
#2709 = DIRECTION ( 'NONE',  ( 0.000000000000000000, 0.000000000000000000, 1.000000000000000000 ) ) ;
#2710 = CYLINDRICAL_SURFACE ( 'NONE', #4030, 2.000000000000001776 ) ;
#2711 = APPROVAL ( #5704, 'UNSPECIFIED' ) ;
#2712 = CARTESIAN_POINT ( 'NONE',  ( 10.73651497465087878, 179.4038105676302735, -115.0000000000000142 ) ) ;
#2713 = ORIENTED_EDGE ( 'NONE', *, *, #1895, .F. ) ;
#2714 = EDGE_CURVE ( 'NONE', #6427, #3514, #4895, .T. ) ;
#2715 = EDGE_CURVE ( 'NONE', #6617, #2692, #3592, .T. ) ;
#2716 = DIRECTION ( 'NONE',  ( 0.000000000000000000, 0.000000000000000000, -1.000000000000000000 ) ) ;
#2717 = EDGE_CURVE ( 'NONE', #6111, #4573, #4268, .T. ) ;
#2718 = DIRECTION ( 'NONE',  ( 0.4999999999999985567, 0.8660254037844394848, -3.717264591378858399E-16 ) ) ;
#2719 = ORIENTED_EDGE ( 'NONE', *, *, #557, .T. ) ;
#2720 = CARTESIAN_POINT ( 'NONE',  ( -75.87435565295575657, -103.4182389825404869, -102.5000000000000142 ) ) ;
#2721 = CARTESIAN_POINT ( 'NONE',  ( 13.48651497465087523, 174.6406708468158513, -105.4737205583711841 ) ) ;
#2722 = CARTESIAN_POINT ( 'NONE',  ( -65.25386608208373218, 275.8268590217634255, 10.00000000000000000 ) ) ;
#2723 = CARTESIAN_POINT ( 'NONE',  ( 142.0000000000000568, -56.49999999999998579, 10.00000000000000533 ) ) ;
#2724 = ORIENTED_EDGE ( 'NONE', *, *, #4237, .F. ) ;
#2725 = DIRECTION ( 'NONE',  ( -1.000000000000000000, 0.000000000000000000, 0.000000000000000000 ) ) ;
#2726 = CARTESIAN_POINT ( 'NONE',  ( -210.4961339178665867, -196.5899987426378743, 19.49999999999997158 ) ) ;
#2727 = ADVANCED_FACE ( 'NONE', ( #4507, #2344 ), #7303, .F. ) ;
#2728 = APPLICATION_PROTOCOL_DEFINITION ( 'international standard', 'config_control_design', 1994, #898 ) ;
#2729 = ORIENTED_EDGE ( 'NONE', *, *, #6, .T. ) ;
#2730 = ORIENTED_EDGE ( 'NONE', *, *, #487, .T. ) ;
#2731 = ORIENTED_EDGE ( 'NONE', *, *, #6709, .F. ) ;
#2732 = CARTESIAN_POINT ( 'NONE',  ( 272.9999999999999432, -84.00000000000000000, 0.000000000000000000 ) ) ;
#2733 = CARTESIAN_POINT ( 'NONE',  ( -95.11473670972256400, -106.7435565298464297, 10.00000000000000178 ) ) ;
#2734 = EDGE_CURVE ( 'NONE', #2284, #2029, #145, .T. ) ;
#2735 = ORIENTED_EDGE ( 'NONE', *, *, #2577, .F. ) ;
#2736 = CARTESIAN_POINT ( 'NONE',  ( 137.9999999999999716, -56.50000000000000000, 10.00000000000000000 ) ) ;
#2737 = PLANE ( 'NONE',  #1154 ) ;
#2738 = DIRECTION ( 'NONE',  ( 0.8660254037844394848, -0.4999999999999985567, 0.000000000000000000 ) ) ;
#2739 = ORIENTED_EDGE ( 'NONE', *, *, #6004, .F. ) ;
#2740 = ORIENTED_EDGE ( 'NONE', *, *, #1267, .F. ) ;
#2741 = DIRECTION ( 'NONE',  ( 0.5000000000000004441, -0.8660254037844383745, -6.308085367188393199E-16 ) ) ;
#2742 = CARTESIAN_POINT ( 'NONE',  ( -207.7461339178665867, -191.8268590218234806, 10.00000000000000178 ) ) ;
#2743 = EDGE_LOOP ( 'NONE', ( #1623, #6596 ) ) ;
#2744 = DIRECTION ( 'NONE',  ( -0.2499999999999999167, -0.4330127018922208526, -0.8660254037844380415 ) ) ;
#2745 = DIRECTION ( 'NONE',  ( -0.8660254037844384856, -0.5000000000000004441, 0.000000000000000000 ) ) ;
#2746 = FACE_OUTER_BOUND ( 'NONE', #9156, .T. ) ;
#2747 = CIRCLE ( 'NONE', #3657, 3.500000000000013323 ) ;
#2748 = AXIS2_PLACEMENT_3D ( 'NONE', #8704, #5681, #2123 ) ;
#2749 = ORIENTED_EDGE ( 'NONE', *, *, #3571, .F. ) ;
#2750 = ORIENTED_EDGE ( 'NONE', *, *, #3478, .F. ) ;
#2751 = DIRECTION ( 'NONE',  ( 2.220446049250312588E-16, 1.000000000000000000, -1.025445864033519699E-16 ) ) ;
#2753 = DIRECTION ( 'NONE',  ( 0.8660254037844382635, 0.5000000000000004441, 0.000000000000000000 ) ) ;
#2752 = AXIS2_PLACEMENT_3D ( 'NONE', #3875, #6046, #4649 ) ;
#2754 = CARTESIAN_POINT ( 'NONE',  ( -44.88526329026009876, 135.7435565297863320, 19.49999999999997513 ) ) ;
#2755 = CIRCLE ( 'NONE', #8430, 1.999999999980905940 ) ;
#2756 = CYLINDRICAL_SURFACE ( 'NONE', #1370, 11.00000000000001066 ) ;
#2757 = VERTEX_POINT ( 'NONE', #2260 ) ;
#2758 = CARTESIAN_POINT ( 'NONE',  ( 10.73651497465087878, 179.4038105676302735, -115.0000000000000142 ) ) ;
#2759 = CARTESIAN_POINT ( 'NONE',  ( 138.0000000000000284, -56.49999999999998579, 24.99999999999997513 ) ) ;
#2760 = ORIENTED_EDGE ( 'NONE', *, *, #4133, .F. ) ;
#2761 = AXIS2_PLACEMENT_3D ( 'NONE', #9265, #3622, #8679 ) ;
#2762 = VECTOR ( 'NONE', #3904, 1000.000000000000227 ) ;
#2763 = EDGE_CURVE ( 'NONE', #6661, #5874, #5811, .T. ) ;
#2764 = FACE_BOUND ( 'NONE', #2743, .T. ) ;
#2765 = CARTESIAN_POINT ( 'NONE',  ( 170.0000000000000284, -13.99999999999998401, -1.040834085586084257E-14 ) ) ;
#2766 = DIRECTION ( 'NONE',  ( 1.000000000000000000, -3.469446951953611231E-16, 0.000000000000000000 ) ) ;
#2767 = CARTESIAN_POINT ( 'NONE',  ( -166.8060796608473311, 203.9166049839188304, 10.00000000000000000 ) ) ;
#2768 = ORIENTED_EDGE ( 'NONE', *, *, #3509, .F. ) ;
#2769 = CARTESIAN_POINT ( 'NONE',  ( -189.1188555723217632, 327.5634665204914882, 0.000000000000000000 ) ) ;
#2770 = VERTEX_POINT ( 'NONE', #8743 ) ;
#2771 = EDGE_LOOP ( 'NONE', ( #3808, #4245 ) ) ;
#2772 = ADVANCED_FACE ( 'NONE', ( #8160 ), #39, .F. ) ;
#2773 = ORIENTED_EDGE ( 'NONE', *, *, #8170, .F. ) ;
#2774 = EDGE_CURVE ( 'NONE', #385, #4830, #6583, .T. ) ;
#2775 = DIRECTION ( 'NONE',  ( -0.000000000000000000, -0.000000000000000000, -1.000000000000000000 ) ) ;
#2776 = VECTOR ( 'NONE', #3616, 1000.000000000000000 ) ;
#2777 = CARTESIAN_POINT ( 'NONE',  ( 250.5000000000000568, 42.50000000000000711, 0.000000000000000000 ) ) ;
#2778 = ORIENTED_EDGE ( 'NONE', *, *, #4953, .T. ) ;
#2779 = CARTESIAN_POINT ( 'NONE',  ( 275.5000000000000000, -29.00000000000001421, 19.49999999999997513 ) ) ;
#2780 = CARTESIAN_POINT ( 'NONE',  ( -226.8525403784177286, -192.9201257615600866, 10.00000000000000000 ) ) ;
#2781 = FACE_OUTER_BOUND ( 'NONE', #4244, .T. ) ;
#2782 = ORIENTED_EDGE ( 'NONE', *, *, #318, .T. ) ;
#2783 = EDGE_CURVE ( 'NONE', #2345, #3004, #5816, .T. ) ;
#2784 = ORIENTED_EDGE ( 'NONE', *, *, #5787, .T. ) ;
#2785 = EDGE_CURVE ( 'NONE', #9082, #4535, #140, .T. ) ;
#2786 = LINE ( 'NONE', #5770, #3426 ) ;
#2787 = DIRECTION ( 'NONE',  ( -1.000000000000000000, 0.000000000000000000, 0.000000000000000000 ) ) ;
#2788 = VERTEX_POINT ( 'NONE', #1549 ) ;
#2789 = CYLINDRICAL_SURFACE ( 'NONE', #7748, 10.00000000000000178 ) ;
#2790 = CARTESIAN_POINT ( 'NONE',  ( 272.9999999999999432, -29.00000000000000000, 10.00000000000000000 ) ) ;
#2791 = DIRECTION ( 'NONE',  ( -0.8660254037844391517, 0.4999999999999992784, 0.000000000000000000 ) ) ;
#2792 = CIRCLE ( 'NONE', #3091, 5.000000000000005329 ) ;
#2793 = EDGE_LOOP ( 'NONE', ( #1496, #2133, #2319, #6241 ) ) ;
#2794 = ORIENTED_EDGE ( 'NONE', *, *, #9480, .F. ) ;
#2795 = EDGE_CURVE ( 'NONE', #5039, #8461, #9515, .T. ) ;
#2796 = DIRECTION ( 'NONE',  ( -0.000000000000000000, 0.000000000000000000, -1.000000000000000000 ) ) ;
#2797 = DIRECTION ( 'NONE',  ( 1.000000000000000000, 0.000000000000000000, 0.000000000000000000 ) ) ;
#2798 = FACE_OUTER_BOUND ( 'NONE', #3069, .T. ) ;
#2799 = ORIENTED_EDGE ( 'NONE', *, *, #779, .T. ) ;
#2800 = DIRECTION ( 'NONE',  ( 0.4999999999999992784, 0.8660254037844391517, 0.000000000000000000 ) ) ;
#2801 = CARTESIAN_POINT ( 'NONE',  ( 149.9999999999994600, -2.370561427938470356, -115.0000000000000284 ) ) ;
#2802 = ORIENTED_EDGE ( 'NONE', *, *, #1306, .F. ) ;
#2803 = EDGE_CURVE ( 'NONE', #2012, #2757, #7671, .T. ) ;
#2804 = CARTESIAN_POINT ( 'NONE',  ( -205.7268960313996047, -128.3294364098945550, -18.00000000000001066 ) ) ;
#2805 = CARTESIAN_POINT ( 'NONE',  ( -183.9304353137945327, -205.5768590218234806, 10.00000000000000178 ) ) ;
#2806 = DIRECTION ( 'NONE',  ( -0.8660254037844391517, 0.4999999999999992784, 0.000000000000000000 ) ) ;
#2807 = CIRCLE ( 'NONE', #7569, 3.500000000000003109 ) ;
#2808 = CARTESIAN_POINT ( 'NONE',  ( -207.7461339178665867, -191.8268590218234806, 19.49999999999997513 ) ) ;
#2809 = VERTEX_POINT ( 'NONE', #774 ) ;
#2810 = FACE_BOUND ( 'NONE', #5848, .T. ) ;
#2811 = AXIS2_PLACEMENT_3D ( 'NONE', #3380, #2656, #1087 ) ;
#2812 = UNCERTAINTY_MEASURE_WITH_UNIT (LENGTH_MEASURE( 1.000000000000000082E-05 ), #5374, 'distance_accuracy_value', 'NONE');
#2813 = EDGE_CURVE ( 'NONE', #7073, #5284, #8841, .T. ) ;
#2814 = ORIENTED_EDGE ( 'NONE', *, *, #2705, .F. ) ;
#2815 = AXIS2_PLACEMENT_3D ( 'NONE', #507, #463, #7137 ) ;
#2816 = ORIENTED_EDGE ( 'NONE', *, *, #2533, .F. ) ;
#2817 = EDGE_CURVE ( 'NONE', #5203, #3648, #2929, .T. ) ;
#2818 = ORIENTED_EDGE ( 'NONE', *, *, #5705, .T. ) ;
#2819 = DIRECTION ( 'NONE',  ( -0.000000000000000000, -0.000000000000000000, -1.000000000000000000 ) ) ;
#2820 = ADVANCED_FACE ( 'NONE', ( #8788, #5140, #8118, #1502 ), #4461, .T. ) ;
#2821 = DIRECTION ( 'NONE',  ( 0.5000000000000007772, -0.8660254037844382635, -6.308085367188392213E-16 ) ) ;
#2822 = AXIS2_PLACEMENT_3D ( 'NONE', #2134, #5157, #8033 ) ;
#2823 = EDGE_CURVE ( 'NONE', #3882, #5421, #7685, .T. ) ;
#2824 = ORIENTED_EDGE ( 'NONE', *, *, #7701, .F. ) ;
#2825 = EDGE_CURVE ( 'NONE', #7846, #2451, #6245, .T. ) ;
#2826 = FACE_OUTER_BOUND ( 'NONE', #994, .T. ) ;
#2827 = EDGE_CURVE ( 'NONE', #3411, #8440, #9040, .T. ) ;
#2828 = CARTESIAN_POINT ( 'NONE',  ( 2.746133917884198805, 163.2435565297862752, 0.000000000000000000 ) ) ;
#2829 = CARTESIAN_POINT ( 'NONE',  ( -158.8079664398314605, -345.0634665205517422, 10.00000000000000000 ) ) ;
#2830 = AXIS2_PLACEMENT_3D ( 'NONE', #5032, #1436, #617 ) ;
#2831 = EDGE_LOOP ( 'NONE', ( #1001, #8987, #3827, #1124 ) ) ;
#2832 = AXIS2_PLACEMENT_3D ( 'NONE', #5865, #8703, #9423 ) ;
#2833 = ORIENTED_EDGE ( 'NONE', *, *, #6945, .F. ) ;
#2834 = AXIS2_PLACEMENT_3D ( 'NONE', #3082, #111, #1661 ) ;
#2835 = FACE_BOUND ( 'NONE', #8716, .T. ) ;
#2836 = CARTESIAN_POINT ( 'NONE',  ( -157.1147367097249230, -219.3268590218235659, 0.000000000000000000 ) ) ;
#2837 = EDGE_LOOP ( 'NONE', ( #4837, #2873, #6277, #2739, #8315, #5885, #2802, #1291, #4706, #788, #1331, #2680 ) ) ;
#2838 = CYLINDRICAL_SURFACE ( 'NONE', #2224, 5.000000000000006217 ) ;
#2839 = ADVANCED_FACE ( 'NONE', ( #7587 ), #6193, .T. ) ;
#2840 = DIRECTION ( 'NONE',  ( -1.000000000000000000, 2.220446049250312341E-16, -1.590700424025043174E-16 ) ) ;
#2841 = CIRCLE ( 'NONE', #7911, 5.499999999999997335 ) ;
#2842 = DIRECTION ( 'NONE',  ( 1.000000000000000000, 0.000000000000000000, 3.469446951953611231E-16 ) ) ;
#2843 = ADVANCED_FACE ( 'NONE', ( #919 ), #3111, .T. ) ;
#2844 = CIRCLE ( 'NONE', #6226, 5.000000000000004441 ) ;
#2845 = ORIENTED_EDGE ( 'NONE', *, *, #4588, .F. ) ;
#2846 = ORIENTED_EDGE ( 'NONE', *, *, #8121, .T. ) ;
#2847 = VECTOR ( 'NONE', #2628, 1000.000000000000000 ) ;
#2848 = VECTOR ( 'NONE', #5165, 1000.000000000000000 ) ;
#2849 = CARTESIAN_POINT ( 'NONE',  ( -41.88526329024288941, 135.7435565297862468, 10.00000000000000000 ) ) ;
#2850 = CARTESIAN_POINT ( 'NONE',  ( 127.4999999999995595, -13.99999999999998401, -102.5000000000000284 ) ) ;
#2851 = CIRCLE ( 'NONE', #6528, 1.999999999967569497 ) ;
#2852 = DIRECTION ( 'NONE',  ( 1.000000000000000000, -2.220446049250312341E-16, 2.220446049250312588E-16 ) ) ;
#2853 = ORIENTED_EDGE ( 'NONE', *, *, #6312, .T. ) ;
#2854 = CARTESIAN_POINT ( 'NONE',  ( -77.05296641779979439, -128.7185298537210940, -126.0000000000000284 ) ) ;
#2855 = FACE_OUTER_BOUND ( 'NONE', #4336, .T. ) ;
#2856 = AXIS2_PLACEMENT_3D ( 'NONE', #3226, #6163, #2506 ) ;
#2857 = ORIENTED_EDGE ( 'NONE', *, *, #7983, .T. ) ;
#2858 = VECTOR ( 'NONE', #5978, 1000.000000000000000 ) ;
#2859 = CIRCLE ( 'NONE', #5006, 5.499999999999997335 ) ;
#2860 = CARTESIAN_POINT ( 'NONE',  ( -53.26348502534936813, 290.2550622520388970, 25.00000000000000000 ) ) ;
#2861 = FACE_OUTER_BOUND ( 'NONE', #1200, .T. ) ;
#2862 = DIRECTION ( 'NONE',  ( 1.635429539641431722E-16, 2.832647054857944814E-16, -1.000000000000000000 ) ) ;
#2863 = DIRECTION ( 'NONE',  ( 1.635429539641433941E-16, -2.832647054857943335E-16, 1.000000000000000000 ) ) ;
#2864 = ORIENTED_EDGE ( 'NONE', *, *, #3638, .T. ) ;
#2865 = LINE ( 'NONE', #6647, #6653 ) ;
#2866 = LINE ( 'NONE', #9494, #2609 ) ;
#2867 = ORIENTED_EDGE ( 'NONE', *, *, #432, .F. ) ;
#2868 = ORIENTED_EDGE ( 'NONE', *, *, #838, .F. ) ;
#2869 = ORIENTED_EDGE ( 'NONE', *, *, #5990, .T. ) ;
#2870 = DIRECTION ( 'NONE',  ( 0.3535533905932730647, -0.6123724356957934711, -0.7071067811865486830 ) ) ;
#2871 = EDGE_CURVE ( 'NONE', #3897, #9329, #7506, .T. ) ;
#2872 = CARTESIAN_POINT ( 'NONE',  ( 267.4999999999996589, -99.00000000000001421, 35.50000000000032685 ) ) ;
#2873 = ORIENTED_EDGE ( 'NONE', *, *, #1585, .F. ) ;
#2874 = FACE_BOUND ( 'NONE', #7883, .T. ) ;
#2875 = DIRECTION ( 'NONE',  ( 0.4999999999999992784, 0.8660254037844391517, -1.982541115402065110E-16 ) ) ;
#2876 = CARTESIAN_POINT ( 'NONE',  ( -119.1243556529556713, -178.3294364098944698, -137.5000000000000000 ) ) ;
#2877 = ORIENTED_EDGE ( 'NONE', *, *, #6942, .F. ) ;
#2878 = ORIENTED_EDGE ( 'NONE', *, *, #793, .T. ) ;
#2879 = EDGE_CURVE ( 'NONE', #9131, #1743, #1533, .T. ) ;
#2880 = ADVANCED_FACE ( 'NONE', ( #8309 ), #184, .F. ) ;
#2881 = DIRECTION ( 'NONE',  ( -1.635429539641431722E-16, -2.832647054857944814E-16, 1.000000000000000000 ) ) ;
#2882 = CARTESIAN_POINT ( 'NONE',  ( -207.7461339178665867, -191.8268590218234806, 19.49999999999997513 ) ) ;
#2883 = ORIENTED_EDGE ( 'NONE', *, *, #4523, .T. ) ;
#2884 = LINE ( 'NONE', #5813, #7595 ) ;
#2885 = DIRECTION ( 'NONE',  ( 0.5000000000000003331, -0.8660254037844383745, 0.000000000000000000 ) ) ;
#2886 = DIRECTION ( 'NONE',  ( 0.000000000000000000, 0.000000000000000000, 1.000000000000000000 ) ) ;
#2887 = ORIENTED_EDGE ( 'NONE', *, *, #3053, .T. ) ;
#2888 = ORIENTED_EDGE ( 'NONE', *, *, #3359, .T. ) ;
#2889 = EDGE_CURVE ( 'NONE', #6420, #6202, #8124, .T. ) ;
#2890 = CARTESIAN_POINT ( 'NONE',  ( -72.87564434702667882, 154.2243186433195490, -18.00000000000000711 ) ) ;
#2891 = CARTESIAN_POINT ( 'NONE',  ( -21.06956468618804124, 149.4935565297863604, 10.00000000000000178 ) ) ;
#2892 = ADVANCED_FACE ( 'NONE', ( #6766, #7493 ), #5332, .T. ) ;
#2893 = LINE ( 'NONE', #5922, #9496 ) ;
#2894 = EDGE_LOOP ( 'NONE', ( #7738, #6970, #1295, #2243 ) ) ;
#2895 = LINE ( 'NONE', #741, #8192 ) ;
#2896 = AXIS2_PLACEMENT_3D ( 'NONE', #8897, #7361, #2358 ) ;
#2897 = CARTESIAN_POINT ( 'NONE',  ( -97.12435565295595552, -140.2243186433795756, -18.00000000000000711 ) ) ;
#2898 = ADVANCED_FACE ( 'NONE', ( #1689 ), #7542, .F. ) ;
#2899 = EDGE_LOOP ( 'NONE', ( #2015, #8355, #7339, #6399 ) ) ;
#2900 = AXIS2_PLACEMENT_3D ( 'NONE', #727, #3642, #5956 ) ;
#2901 = EDGE_CURVE ( 'NONE', #4323, #1571, #9501, .T. ) ;
#2902 = VECTOR ( 'NONE', #833, 1000.000000000000000 ) ;
#2903 = DIRECTION ( 'NONE',  ( -0.000000000000000000, -0.000000000000000000, -1.000000000000000000 ) ) ;
#2904 = CARTESIAN_POINT ( 'NONE',  ( -77.05296641779979439, -128.7185298537210940, -115.0000000000000142 ) ) ;
#2905 = DIRECTION ( 'NONE',  ( 0.8660254037844390407, -0.4999999999999992228, 0.000000000000000000 ) ) ;
#2906 = LINE ( 'NONE', #8721, #7352 ) ;
#2907 = ORIENTED_EDGE ( 'NONE', *, *, #3471, .T. ) ;
#2908 = DIRECTION ( 'NONE',  ( -1.635429539641431722E-16, -2.832647054857944814E-16, 1.000000000000000000 ) ) ;
#2909 = CARTESIAN_POINT ( 'NONE',  ( 399.2377111446260756, 230.4999999999998579, 0.000000000000000000 ) ) ;
#2910 = DIRECTION ( 'NONE',  ( 2.220446049250312588E-16, 1.000000000000000000, -1.025445864033519699E-16 ) ) ;
#2911 = VECTOR ( 'NONE', #3570, 1000.000000000000000 ) ;
#2912 = VECTOR ( 'NONE', #5793, 1000.000000000000000 ) ;
#2913 = ORIENTED_EDGE ( 'NONE', *, *, #3372, .F. ) ;
#2914 = ORIENTED_EDGE ( 'NONE', *, *, #472, .T. ) ;
#2915 = EDGE_LOOP ( 'NONE', ( #1319, #8927, #3784, #4569 ) ) ;
#2916 = VECTOR ( 'NONE', #9389, 1000.000000000000000 ) ;
#2917 = CARTESIAN_POINT ( 'NONE',  ( 127.4999999999995595, -99.00000000000000000, -127.5000000000000000 ) ) ;
#2918 = DIRECTION ( 'NONE',  ( 1.635429539641433941E-16, -2.832647054857943335E-16, 1.000000000000000000 ) ) ;
#2919 = ORIENTED_EDGE ( 'NONE', *, *, #3991, .F. ) ;
#2920 = DIRECTION ( 'NONE',  ( -0.000000000000000000, -0.000000000000000000, -1.000000000000000000 ) ) ;
#2921 = CARTESIAN_POINT ( 'NONE',  ( 159.5000000000000284, -140.0000000000000284, 0.000000000000000000 ) ) ;
#2922 = CARTESIAN_POINT ( 'NONE',  ( -53.64745962156482761, 292.9201257614998894, 0.000000000000000000 ) ) ;
#2923 = AXIS2_PLACEMENT_3D ( 'NONE', #5424, #8397, #7053 ) ;
#2924 = ORIENTED_EDGE ( 'NONE', *, *, #8984, .F. ) ;
#2925 = ORIENTED_EDGE ( 'NONE', *, *, #3179, .F. ) ;
#2926 = DIRECTION ( 'NONE',  ( -1.204146447532707802E-16, 1.000000000000000000, 0.000000000000000000 ) ) ;
#2927 = ADVANCED_FACE ( 'NONE', ( #376 ), #6864, .T. ) ;
#2928 = CARTESIAN_POINT ( 'NONE',  ( 137.9999999999999716, -56.50000000000000000, 10.00000000000000000 ) ) ;
#2929 = LINE ( 'NONE', #5862, #1075 ) ;
#2930 = ORIENTED_EDGE ( 'NONE', *, *, #5182, .T. ) ;
#2931 = FACE_OUTER_BOUND ( 'NONE', #1978, .T. ) ;
#2932 = DIRECTION ( 'NONE',  ( 1.000000000000000000, 0.000000000000000000, 0.000000000000000000 ) ) ;
#2933 = FACE_OUTER_BOUND ( 'NONE', #8725, .T. ) ;
#2934 = ADVANCED_FACE ( 'NONE', ( #4740 ), #3257, .T. ) ;
#2935 = EDGE_LOOP ( 'NONE', ( #8486, #1967 ) ) ;
#2936 = ORIENTED_EDGE ( 'NONE', *, *, #17, .F. ) ;
#2937 = CARTESIAN_POINT ( 'NONE',  ( -160.1147367097225640, -219.3268590218235659, 10.00000000000000000 ) ) ;
#2938 = CARTESIAN_POINT ( 'NONE',  ( -221.4297447047941034, 310.0634665204914313, 0.000000000000000000 ) ) ;
#2939 = ADVANCED_FACE ( 'NONE', ( #326 ), #1108, .T. ) ;
#2940 = DIRECTION ( 'NONE',  ( 0.000000000000000000, 1.000000000000000000, 0.000000000000000000 ) ) ;
#2941 = ORIENTED_EDGE ( 'NONE', *, *, #7803, .T. ) ;
#2942 = PLANE ( 'NONE',  #2677 ) ;
#2943 = CARTESIAN_POINT ( 'NONE',  ( 280.0000000000000000, -14.00000000000001243, 23.00000000000000711 ) ) ;
#2944 = ADVANCED_FACE ( 'NONE', ( #3309, #2686 ), #6605, .T. ) ;
#2945 = EDGE_CURVE ( 'NONE', #6202, #6420, #6284, .T. ) ;
#2946 = ORIENTED_EDGE ( 'NONE', *, *, #2454, .T. ) ;
#2947 = DIRECTION ( 'NONE',  ( -0.4999999999999997224, -0.8660254037844387076, 0.000000000000000000 ) ) ;
#2948 = FACE_OUTER_BOUND ( 'NONE', #7499, .T. ) ;
#2949 = DIRECTION ( 'NONE',  ( 0.000000000000000000, 0.000000000000000000, 1.000000000000000000 ) ) ;
#2950 = CARTESIAN_POINT ( 'NONE',  ( 268.0000000000000000, -56.50000000000000000, 10.00000000000000000 ) ) ;
#2951 = ORIENTED_EDGE ( 'NONE', *, *, #7278, .F. ) ;
#2952 = CARTESIAN_POINT ( 'NONE',  ( -107.1352632902600561, 243.5637193009489465, 19.49999999999997868 ) ) ;
#2953 = FACE_BOUND ( 'NONE', #6693, .T. ) ;
#2954 = EDGE_CURVE ( 'NONE', #7066, #3530, #9448, .T. ) ;
#2955 = EDGE_CURVE ( 'NONE', #5564, #728, #7044, .T. ) ;
#2956 = ORIENTED_EDGE ( 'NONE', *, *, #8926, .T. ) ;
#2957 = EDGE_CURVE ( 'NONE', #2105, #8226, #3669, .T. ) ;
#2958 = ORIENTED_EDGE ( 'NONE', *, *, #6156, .T. ) ;
#2959 = VERTEX_POINT ( 'NONE', #7274 ) ;
#2960 = LINE ( 'NONE', #9455, #1012 ) ;
#2961 = DIRECTION ( 'NONE',  ( 1.000000000000000000, 0.000000000000000000, 0.000000000000000000 ) ) ;
#2962 = EDGE_LOOP ( 'NONE', ( #8733, #8553 ) ) ;
#2963 = DIRECTION ( 'NONE',  ( 0.000000000000000000, 0.000000000000000000, 1.000000000000000000 ) ) ;
#2964 = CARTESIAN_POINT ( 'NONE',  ( -183.9304353137946464, -205.5768590218235374, 10.00000000000000000 ) ) ;
#2965 = AXIS2_PLACEMENT_3D ( 'NONE', #1890, #4796, #7743 ) ;
#2966 = CARTESIAN_POINT ( 'NONE',  ( 204.1592244893145107, -13.99999999999999822, -29.42433009472867411 ) ) ;
#2967 = VECTOR ( 'NONE', #2131, 1000.000000000000000 ) ;
#2968 = ORIENTED_EDGE ( 'NONE', *, *, #9066, .F. ) ;
#2969 = ORIENTED_EDGE ( 'NONE', *, *, #9467, .T. ) ;
#2970 = DIRECTION ( 'NONE',  ( -0.8660254037844389297, 0.4999999999999995004, 0.000000000000000000 ) ) ;
#2971 = AXIS2_PLACEMENT_3D ( 'NONE', #4831, #1245, #1919 ) ;
#2972 = AXIS2_PLACEMENT_3D ( 'NONE', #6960, #5430, #5525 ) ;
#2973 = FACE_BOUND ( 'NONE', #6742, .T. ) ;
#2974 = DIRECTION ( 'NONE',  ( -2.220446049250312588E-16, -1.000000000000000000, 1.025445864033519699E-16 ) ) ;
#2975 = VERTEX_POINT ( 'NONE', #1928 ) ;
#2976 = DIRECTION ( 'NONE',  ( 1.000000000000000000, 0.000000000000000000, 0.000000000000000000 ) ) ;
#2977 = CARTESIAN_POINT ( 'NONE',  ( 290.0000000000000568, -109.5000000000000142, 0.000000000000000000 ) ) ;
#2978 = CARTESIAN_POINT ( 'NONE',  ( 202.9999999999995453, -101.0000000000000142, -18.00000000000000711 ) ) ;
#2979 = VERTEX_POINT ( 'NONE', #703 ) ;
#2980 = CIRCLE ( 'NONE', #3438, 2.999999999967813302 ) ;
#2981 = ORIENTED_EDGE ( 'NONE', *, *, #371, .F. ) ;
#2982 = LINE ( 'NONE', #5920, #5730 ) ;
#2983 = VECTOR ( 'NONE', #6580, 1000.000000000000000 ) ;
#2984 = DIRECTION ( 'NONE',  ( -0.8660254037844390407, -0.4999999999999995004, 0.000000000000000000 ) ) ;
#2985 = ORIENTED_EDGE ( 'NONE', *, *, #3950, .F. ) ;
#2986 = CARTESIAN_POINT ( 'NONE',  ( -27.23368480613949316, 308.1701257614999463, 10.00000000000000000 ) ) ;
#2987 = CARTESIAN_POINT ( 'NONE',  ( -183.1188555723058187, -327.5634665205517422, 0.000000000000000000 ) ) ;
#2988 = EDGE_CURVE ( 'NONE', #3254, #804, #2866, .T. ) ;
#2989 = ORIENTED_EDGE ( 'NONE', *, *, #6350, .T. ) ;
#2990 = AXIS2_PLACEMENT_3D ( 'NONE', #2447, #3877, #7448 ) ;
#2991 = DIRECTION ( 'NONE',  ( 0.000000000000000000, 0.000000000000000000, 1.000000000000000000 ) ) ;
#2992 = AXIS2_PLACEMENT_3D ( 'NONE', #1506, #5915, #8081 ) ;
#2993 = DIRECTION ( 'NONE',  ( -0.000000000000000000, -0.000000000000000000, -1.000000000000000000 ) ) ;
#2994 = EDGE_CURVE ( 'NONE', #2014, #168, #6290, .T. ) ;
#2995 = CYLINDRICAL_SURFACE ( 'NONE', #1100, 10.99999999999999645 ) ;
#2996 = EDGE_CURVE ( 'NONE', #907, #5455, #9219, .T. ) ;
#2997 = CARTESIAN_POINT ( 'NONE',  ( -191.7185657822018925, -130.0662966890801329, -8.473720558371180545 ) ) ;
#2998 = FACE_OUTER_BOUND ( 'NONE', #4494, .T. ) ;
#2999 = ORIENTED_EDGE ( 'NONE', *, *, #9049, .T. ) ;
#3000 = FACE_BOUND ( 'NONE', #5371, .T. ) ;
#3001 = DIRECTION ( 'NONE',  ( 1.000000000000000000, -2.220446049250312588E-16, 1.649003067838320811E-17 ) ) ;
#3002 = VECTOR ( 'NONE', #7906, 1000.000000000000000 ) ;
#3003 = CIRCLE ( 'NONE', #6072, 3.500000000000013323 ) ;
#3004 = VERTEX_POINT ( 'NONE', #2635 ) ;
#3005 = EDGE_LOOP ( 'NONE', ( #734, #214 ) ) ;
#3006 = CARTESIAN_POINT ( 'NONE',  ( -200.9935565297952849, -68.13105190364302644, 10.00000000000000000 ) ) ;
#3007 = ADVANCED_FACE ( 'NONE', ( #1162 ), #8049, .F. ) ;
#3008 = DIRECTION ( 'NONE',  ( -0.000000000000000000, -0.000000000000000000, -1.000000000000000000 ) ) ;
#3009 = DIRECTION ( 'NONE',  ( 0.8660254037844387076, 0.4999999999999998890, 0.000000000000000000 ) ) ;
#3010 = EDGE_CURVE ( 'NONE', #7966, #6673, #9358, .T. ) ;
#3011 = VERTEX_POINT ( 'NONE', #7784 ) ;
#3012 = DIRECTION ( 'NONE',  ( 2.220446049250312588E-16, 1.000000000000000000, -1.025445864033519699E-16 ) ) ;
#3013 = LINE ( 'NONE', #5223, #8352 ) ;
#3014 = LINE ( 'NONE', #1582, #869 ) ;
#3015 = ORIENTED_EDGE ( 'NONE', *, *, #6757, .T. ) ;
#3016 = VERTEX_POINT ( 'NONE', #5843 ) ;
#3017 = ADVANCED_FACE ( 'NONE', ( #5118 ), #1209, .T. ) ;
#3018 = PLANE ( 'NONE',  #2685 ) ;
#3019 = LINE ( 'NONE', #3873, #6340 ) ;
#3020 = CARTESIAN_POINT ( 'NONE',  ( 270.0000000000000000, -29.00000000000000000, 10.00000000000000000 ) ) ;
#3021 = EDGE_LOOP ( 'NONE', ( #7324, #8908, #6177, #2593 ) ) ;
#3022 = CARTESIAN_POINT ( 'NONE',  ( -207.7461339178665867, -191.8268590218234806, 24.99999999999997513 ) ) ;
#3023 = DIRECTION ( 'NONE',  ( 0.2499999999999998890, -0.4330127018922188542, 0.8660254037844389297 ) ) ;
#3024 = CARTESIAN_POINT ( 'NONE',  ( 280.0000000000000000, -14.00000000000001243, -17.99999999999999645 ) ) ;
#3025 = EDGE_LOOP ( 'NONE', ( #8829, #1261 ) ) ;
#3026 = ORIENTED_EDGE ( 'NONE', *, *, #7894, .F. ) ;
#3027 = ORIENTED_EDGE ( 'NONE', *, *, #9164, .T. ) ;
#3028 = LINE ( 'NONE', #883, #7412 ) ;
#3029 = LINE ( 'NONE', #8225, #5353 ) ;
#3030 = ORIENTED_EDGE ( 'NONE', *, *, #1704, .F. ) ;
#3031 = CARTESIAN_POINT ( 'NONE',  ( 208.9999999999995453, -99.00000000000001421, 8.000000000000033751 ) ) ;
#3032 = DIRECTION ( 'NONE',  ( 0.8660254037844387076, 0.4999999999999998890, 0.000000000000000000 ) ) ;
#3033 = ORIENTED_EDGE ( 'NONE', *, *, #241, .T. ) ;
#3034 = FACE_BOUND ( 'NONE', #5241, .T. ) ;
#3035 = FACE_OUTER_BOUND ( 'NONE', #1458, .T. ) ;
#3037 = DIRECTION ( 'NONE',  ( 0.4941902632238120430, -0.8559626445094805636, 0.1519997859837830256 ) ) ;
#3036 = CIRCLE ( 'NONE', #8872, 4.999999999999995559 ) ;
#3038 = DIRECTION ( 'NONE',  ( -0.8660254037844391517, 0.4999999999999992784, 0.000000000000000000 ) ) ;
#3039 = DIRECTION ( 'NONE',  ( 0.000000000000000000, 0.000000000000000000, 1.000000000000000000 ) ) ;
#3040 = ORIENTED_EDGE ( 'NONE', *, *, #6944, .F. ) ;
#3041 = CARTESIAN_POINT ( 'NONE',  ( 209.9999999999995453, -114.0000000000000142, 8.000000000000035527 ) ) ;
#3042 = CARTESIAN_POINT ( 'NONE',  ( -117.8756443470266646, 232.1666049839190009, -17.99999999999999645 ) ) ;
#3043 = EDGE_CURVE ( 'NONE', #6111, #7, #1881, .T. ) ;
#3044 = VERTEX_POINT ( 'NONE', #6558 ) ;
#3045 = VECTOR ( 'NONE', #4379, 1000.000000000000000 ) ;
#3046 = LINE ( 'NONE', #5986, #2476 ) ;
#3047 = CARTESIAN_POINT ( 'NONE',  ( -0.003866082115979753431, 168.0066962506007826, 19.49999999999997868 ) ) ;
#3048 = DIRECTION ( 'NONE',  ( 1.000000000000000000, 0.000000000000000000, 0.000000000000000000 ) ) ;
#3049 = AXIS2_PLACEMENT_3D ( 'NONE', #9075, #3165, #967 ) ;
#3050 = VERTEX_POINT ( 'NONE', #8770 ) ;
#3051 = LINE ( 'NONE', #5991, #5464 ) ;
#3052 = DIRECTION ( 'NONE',  ( 0.000000000000000000, 1.000000000000000000, 0.000000000000000000 ) ) ;
#3053 = EDGE_CURVE ( 'NONE', #4584, #4110, #5215, .T. ) ;
#3054 = ORIENTED_EDGE ( 'NONE', *, *, #5019, .F. ) ;
#3055 = AXIS2_PLACEMENT_3D ( 'NONE', #5567, #7012, #4074 ) ;
#3056 = EDGE_CURVE ( 'NONE', #2230, #9191, #4786, .T. ) ;
#3057 = VECTOR ( 'NONE', #4815, 1000.000000000000114 ) ;
#3058 = VERTEX_POINT ( 'NONE', #7732 ) ;
#3059 = FACE_OUTER_BOUND ( 'NONE', #8278, .T. ) ;
#3060 = ORIENTED_EDGE ( 'NONE', *, *, #3407, .T. ) ;
#3061 = DIRECTION ( 'NONE',  ( -0.4999999999999997224, -0.8660254037844387076, 0.000000000000000000 ) ) ;
#3062 = DIRECTION ( 'NONE',  ( -9.912705577010323084E-17, 1.716930969985324818E-16, -1.000000000000000000 ) ) ;
#3063 = ORIENTED_EDGE ( 'NONE', *, *, #6250, .T. ) ;
#3064 = DIRECTION ( 'NONE',  ( -0.5000000000000007772, -0.8660254037844382635, -6.308085367188392213E-16 ) ) ;
#3065 = VECTOR ( 'NONE', #8489, 1000.000000000000000 ) ;
#3066 = CARTESIAN_POINT ( 'NONE',  ( 202.9999999999995453, -99.00000000000001421, -18.00000000000000711 ) ) ;
#3067 = DIRECTION ( 'NONE',  ( 0.5000000000000015543, 0.8660254037844377084, -4.336808689942027104E-16 ) ) ;
#3069 = EDGE_LOOP ( 'NONE', ( #8815, #2951, #4234, #3227 ) ) ;
#3068 = EDGE_CURVE ( 'NONE', #6547, #3648, #7233, .T. ) ;
#3070 = AXIS2_PLACEMENT_3D ( 'NONE', #8811, #2322, #6739 ) ;
#3071 = ORIENTED_EDGE ( 'NONE', *, *, #5483, .T. ) ;
#3072 = EDGE_CURVE ( 'NONE', #3453, #8293, #7054, .T. ) ;
#3073 = ORIENTED_EDGE ( 'NONE', *, *, #6004, .T. ) ;
#3074 = OPEN_SHELL ( 'NONE', ( #1361, #708, #9064, #2727, #906 ) ) ;
#3075 = FACE_OUTER_BOUND ( 'NONE', #4793, .T. ) ;
#3076 = LINE ( 'NONE', #5873, #598 ) ;
#3077 = ORIENTED_EDGE ( 'NONE', *, *, #1817, .F. ) ;
#3078 = DIRECTION ( 'NONE',  ( 0.4999999999999985567, -0.8660254037844394848, 6.308085367188364603E-16 ) ) ;
#3079 = FACE_OUTER_BOUND ( 'NONE', #2237, .T. ) ;
#3080 = ORIENTED_EDGE ( 'NONE', *, *, #5073, .F. ) ;
#3081 = CARTESIAN_POINT ( 'NONE',  ( 139.9999999999999716, -29.00000000000000000, 0.000000000000000000 ) ) ;
#3082 = CARTESIAN_POINT ( 'NONE',  ( -44.88526329026009876, 135.7435565297863320, 19.49999999999997513 ) ) ;
#3083 = CARTESIAN_POINT ( 'NONE',  ( -204.9961339178665867, -187.0637193010090584, 19.49999999999997868 ) ) ;
#3084 = DIRECTION ( 'NONE',  ( 0.000000000000000000, 0.000000000000000000, 1.000000000000000000 ) ) ;
#3085 = CIRCLE ( 'NONE', #4468, 9.499999999999953815 ) ;
#3086 = CARTESIAN_POINT ( 'NONE',  ( -77.05296641779979439, -128.7185298537210940, -115.0000000000000142 ) ) ;
#3087 = EDGE_LOOP ( 'NONE', ( #3744, #6091 ) ) ;
#3088 = FACE_BOUND ( 'NONE', #6679, .T. ) ;
#3089 = LINE ( 'NONE', #4538, #5983 ) ;
#3090 = ORIENTED_EDGE ( 'NONE', *, *, #3538, .T. ) ;
#3091 = AXIS2_PLACEMENT_3D ( 'NONE', #3185, #6119, #9048 ) ;
#3092 = EDGE_LOOP ( 'NONE', ( #679, #4593 ) ) ;
#3093 = DIRECTION ( 'NONE',  ( -1.635429539641433941E-16, 2.832647054857943335E-16, -1.000000000000000000 ) ) ;
#3094 = DIRECTION ( 'NONE',  ( 0.000000000000000000, 0.000000000000000000, 1.000000000000000000 ) ) ;
#3095 = ORIENTED_EDGE ( 'NONE', *, *, #7469, .T. ) ;
#3096 = CARTESIAN_POINT ( 'NONE',  ( 149.9999999999994884, -101.0000000000000284, -115.0000000000000142 ) ) ;
#3097 = FACE_OUTER_BOUND ( 'NONE', #5998, .T. ) ;
#3098 = ORIENTED_EDGE ( 'NONE', *, *, #3798, .F. ) ;
#3099 = VERTEX_POINT ( 'NONE', #8724 ) ;
#3100 = EDGE_CURVE ( 'NONE', #389, #383, #5313, .T. ) ;
#3101 = CARTESIAN_POINT ( 'NONE',  ( -16.34309727000660217, 226.3070748246413189, -29.42433009472867056 ) ) ;
#3102 = EDGE_CURVE ( 'NONE', #5637, #3978, #8291, .T. ) ;
#3104 = ADVANCED_FACE ( 'NONE', ( #3807 ), #900, .T. ) ;
#3103 = FACE_OUTER_BOUND ( 'NONE', #7404, .T. ) ;
#3105 = ORIENTED_EDGE ( 'NONE', *, *, #9012, .F. ) ;
#3106 = EDGE_CURVE ( 'NONE', #3434, #3631, #166, .T. ) ;
#3107 = CARTESIAN_POINT ( 'NONE',  ( 149.9999999999994884, -99.00000000000002842, -115.0000000000000142 ) ) ;
#3108 = VECTOR ( 'NONE', #3938, 1000.000000000000000 ) ;
#3109 = AXIS2_PLACEMENT_3D ( 'NONE', #544, #6401, #6490 ) ;
#3110 = PERSON ( 'UNSPECIFIED', 'UNSPECIFIED', 'UNSPECIFIED', ('UNSPECIFIED'), ('UNSPECIFIED'), ('UNSPECIFIED') ) ;
#3111 = CYLINDRICAL_SURFACE ( 'NONE', #1847, 11.00000000000000000 ) ;
#3112 = ORIENTED_EDGE ( 'NONE', *, *, #5010, .F. ) ;
#3113 = DIRECTION ( 'NONE',  ( -0.000000000000000000, -0.000000000000000000, -1.000000000000000000 ) ) ;
#3114 = DIRECTION ( 'NONE',  ( 0.000000000000000000, 0.000000000000000000, 1.000000000000000000 ) ) ;
#3115 = DIRECTION ( 'NONE',  ( 0.8660254037844387076, 0.4999999999999998890, 0.000000000000000000 ) ) ;
#3116 = ORIENTED_EDGE ( 'NONE', *, *, #2128, .F. ) ;
#3117 = ORIENTED_EDGE ( 'NONE', *, *, #4953, .F. ) ;
#3118 = AXIS2_PLACEMENT_3D ( 'NONE', #4060, #4243, #4978 ) ;
#3119 = ORIENTED_EDGE ( 'NONE', *, *, #6650, .T. ) ;
#3120 = VECTOR ( 'NONE', #2496, 1000.000000000000000 ) ;
#3121 = EDGE_CURVE ( 'NONE', #6282, #813, #3089, .T. ) ;
#3122 = DIRECTION ( 'NONE',  ( -0.000000000000000000, -0.000000000000000000, -1.000000000000000000 ) ) ;
#3123 = EDGE_CURVE ( 'NONE', #7218, #3769, #2376, .T. ) ;
#3124 = DIRECTION ( 'NONE',  ( -0.4999999999999998335, 0.8660254037844388186, 0.000000000000000000 ) ) ;
#3125 = VERTEX_POINT ( 'NONE', #4440 ) ;
#3126 = DIRECTION ( 'NONE',  ( -0.000000000000000000, -0.000000000000000000, -1.000000000000000000 ) ) ;
#3127 = CARTESIAN_POINT ( 'NONE',  ( -94.87564434702643723, 192.3294364098344147, -17.99999999999999645 ) ) ;
#3128 = VECTOR ( 'NONE', #9099, 1000.000000000000000 ) ;
#3129 = CARTESIAN_POINT ( 'NONE',  ( -258.0163151938431270, -185.8973670975123014, 10.00000000000000000 ) ) ;
#3130 = CIRCLE ( 'NONE', #6210, 2.999999999997643663 ) ;
#3131 = ORIENTED_EDGE ( 'NONE', *, *, #4016, .T. ) ;
#3132 = VECTOR ( 'NONE', #5285, 1000.000000000000227 ) ;
#3133 = FACE_BOUND ( 'NONE', #7713, .T. ) ;
#3134 = DIRECTION ( 'NONE',  ( -0.8660254037844389297, 0.4999999999999995004, 0.000000000000000000 ) ) ;
#3135 = AXIS2_PLACEMENT_3D ( 'NONE', #8709, #7214, #3555 ) ;
#3136 = DIRECTION ( 'NONE',  ( -3.435759386066699840E-16, 1.025445864033521055E-16, 1.000000000000000000 ) ) ;
#3137 = CARTESIAN_POINT ( 'NONE',  ( -192.7365149746330246, -135.8294364098945266, -18.00000000000001066 ) ) ;
#3138 = CARTESIAN_POINT ( 'NONE',  ( 208.9999999999995453, -101.0000000000000142, 8.000000000000033751 ) ) ;
#3139 = ORIENTED_EDGE ( 'NONE', *, *, #404, .F. ) ;
#3140 = AXIS2_PLACEMENT_3D ( 'NONE', #2198, #2918, #2821 ) ;
#3141 = DIRECTION ( 'NONE',  ( 0.000000000000000000, 0.000000000000000000, -1.000000000000000000 ) ) ;
#3142 = CARTESIAN_POINT ( 'NONE',  ( -219.4297447047771357, 310.0634665204914313, 10.00000000000000000 ) ) ;
#3143 = ORIENTED_EDGE ( 'NONE', *, *, #8888, .T. ) ;
#3144 = CIRCLE ( 'NONE', #8204, 2.999999999997893241 ) ;
#3145 = AXIS2_PLACEMENT_3D ( 'NONE', #3462, #2704, #5636 ) ;
#3146 = CIRCLE ( 'NONE', #5614, 3.500000000000013323 ) ;
#3147 = CARTESIAN_POINT ( 'NONE',  ( -10.27310396858255359, 245.7935380249721504, 8.000000000000028422 ) ) ;
#3148 = DIRECTION ( 'NONE',  ( 0.8660254037844387076, 0.4999999999999998890, 0.000000000000000000 ) ) ;
#3149 = CIRCLE ( 'NONE', #4370, 11.00000000000001066 ) ;
#3150 = DIRECTION ( 'NONE',  ( -1.635429539641431722E-16, -2.832647054857945307E-16, 1.000000000000000000 ) ) ;
#3151 = VECTOR ( 'NONE', #2905, 1000.000000000000114 ) ;
#3152 = VECTOR ( 'NONE', #6524, 1000.000000000000000 ) ;
#3153 = VERTEX_POINT ( 'NONE', #9010 ) ;
#3154 = CARTESIAN_POINT ( 'NONE',  ( 19.73651497465062121, 163.8153532995108321, 24.99999999999998224 ) ) ;
#3155 = CARTESIAN_POINT ( 'NONE',  ( -142.7461339178666719, -79.24355652984641551, 10.00000000000000000 ) ) ;
#3156 = CIRCLE ( 'NONE', #2856, 7.500000000000007994 ) ;
#3157 = ORIENTED_EDGE ( 'NONE', *, *, #2318, .F. ) ;
#3158 = CIRCLE ( 'NONE', #4382, 11.00000000000000355 ) ;
#3159 = AXIS2_PLACEMENT_3D ( 'NONE', #7819, #6327, #420 ) ;
#3160 = ORIENTED_EDGE ( 'NONE', *, *, #4873, .F. ) ;
#3161 = CARTESIAN_POINT ( 'NONE',  ( -72.87564434702667882, 154.2243186433195206, -6.938893903907228378E-15 ) ) ;
#3162 = DIRECTION ( 'NONE',  ( 0.8660254037844387076, 0.4999999999999998890, 7.703719777548943412E-34 ) ) ;
#3163 = ORIENTED_EDGE ( 'NONE', *, *, #254, .F. ) ;
#3164 = CARTESIAN_POINT ( 'NONE',  ( 149.9999999999994884, -101.0000000000000284, -115.0000000000000142 ) ) ;
#3165 = DIRECTION ( 'NONE',  ( -0.000000000000000000, -0.000000000000000000, -1.000000000000000000 ) ) ;
#3166 = ORIENTED_EDGE ( 'NONE', *, *, #7163, .T. ) ;
#3167 = DIRECTION ( 'NONE',  ( 1.635429539641431969E-16, 2.832647054857945307E-16, 1.000000000000000000 ) ) ;
#3168 = DIRECTION ( 'NONE',  ( -1.000000000000000000, 0.000000000000000000, -6.308085367188383338E-16 ) ) ;
#3169 = DIRECTION ( 'NONE',  ( 0.000000000000000000, 0.000000000000000000, 1.000000000000000000 ) ) ;
#3170 = EDGE_LOOP ( 'NONE', ( #2913, #7311, #6865, #5338 ) ) ;
#3171 = ADVANCED_FACE ( 'NONE', ( #6648 ), #7567, .F. ) ;
#3172 = ORIENTED_EDGE ( 'NONE', *, *, #2137, .T. ) ;
#3173 = ORIENTED_EDGE ( 'NONE', *, *, #1546, .F. ) ;
#3174 = DIRECTION ( 'NONE',  ( 0.000000000000000000, 0.000000000000000000, 1.000000000000000000 ) ) ;
#3175 = CARTESIAN_POINT ( 'NONE',  ( -192.7365149746330246, -135.8294364098945266, 8.000000000000028422 ) ) ;
#3176 = ORIENTED_EDGE ( 'NONE', *, *, #1789, .F. ) ;
#3177 = DIRECTION ( 'NONE',  ( -0.8660254037844391517, 0.4999999999999992784, 0.000000000000000000 ) ) ;
#3178 = CARTESIAN_POINT ( 'NONE',  ( -86.06956468618800216, 262.0768590217633687, 24.99999999999997513 ) ) ;
#3179 = EDGE_CURVE ( 'NONE', #4750, #657, #3977, .T. ) ;
#3180 = FACE_OUTER_BOUND ( 'NONE', #2380, .T. ) ;
#3181 = ORIENTED_EDGE ( 'NONE', *, *, #2199, .T. ) ;
#3182 = EDGE_CURVE ( 'NONE', #2206, #5558, #6745, .T. ) ;
#3183 = VERTEX_POINT ( 'NONE', #5261 ) ;
#3184 = EDGE_CURVE ( 'NONE', #7244, #7609, #7426, .T. ) ;
#3185 = CARTESIAN_POINT ( 'NONE',  ( -19.53143421778027289, 235.8294364098343863, 8.000000000000028422 ) ) ;
#3186 = CARTESIAN_POINT ( 'NONE',  ( -156.8079664398502757, -345.0634665205517422, 10.00000000000000000 ) ) ;
#3187 = DIRECTION ( 'NONE',  ( 0.4999999999999985567, 0.8660254037844395958, 4.336808689942001466E-16 ) ) ;
#3188 = CARTESIAN_POINT ( 'NONE',  ( 266.5000000000000000, -84.00000000000001421, 19.49999999999998224 ) ) ;
#3189 = DIRECTION ( 'NONE',  ( 0.2499999999999998890, -0.4330127018922188542, 0.8660254037844389297 ) ) ;
#3190 = EDGE_LOOP ( 'NONE', ( #6666, #2338, #5523, #5310 ) ) ;
#3191 = CARTESIAN_POINT ( 'NONE',  ( -62.25386608211591977, 275.8268590217633687, 19.49999999999997513 ) ) ;
#3192 = FACE_OUTER_BOUND ( 'NONE', #5096, .T. ) ;
#3193 = ORIENTED_EDGE ( 'NONE', *, *, #5876, .T. ) ;
#3194 = EDGE_CURVE ( 'NONE', #6106, #1982, #4745, .T. ) ;
#3195 = DIRECTION ( 'NONE',  ( 0.3535533905932742860, -0.6123724356957955806, 0.7071067811865463515 ) ) ;
#3196 = CARTESIAN_POINT ( 'NONE',  ( -142.1243556529558987, -218.1666049839790844, 10.00000000000000178 ) ) ;
#3197 = PLANE ( 'NONE',  #5205 ) ;
#3198 = ORIENTED_EDGE ( 'NONE', *, *, #2059, .F. ) ;
#3199 = DIRECTION ( 'NONE',  ( 0.3535533905932717325, -0.6123724356957911397, 0.7071067811865515695 ) ) ;
#3200 = CIRCLE ( 'NONE', #3205, 3.500000000000013323 ) ;
#3201 = VECTOR ( 'NONE', #5394, 1000.000000000000114 ) ;
#3202 = CARTESIAN_POINT ( 'NONE',  ( 2.746133917884023390, 163.2435565297863604, 24.99999999999997513 ) ) ;
#3203 = ORIENTED_EDGE ( 'NONE', *, *, #242, .T. ) ;
#3204 = ORIENTED_EDGE ( 'NONE', *, *, #6289, .F. ) ;
#3205 = AXIS2_PLACEMENT_3D ( 'NONE', #2742, #1218, #5001 ) ;
#3207 = AXIS2_PLACEMENT_3D ( 'NONE', #5653, #3482, #2006 ) ;
#3206 = LINE ( 'NONE', #4645, #2069 ) ;
#3208 = DIRECTION ( 'NONE',  ( -1.000000000000000000, 2.220446049250312341E-16, -1.590700424025043174E-16 ) ) ;
#3209 = DIRECTION ( 'NONE',  ( -0.8660254037844387076, -0.4999999999999998890, 7.703719777548943412E-34 ) ) ;
#3210 = ORIENTED_EDGE ( 'NONE', *, *, #7792, .F. ) ;
#3211 = DIRECTION ( 'NONE',  ( -2.220446049250312588E-16, -1.000000000000000000, 1.025445864033519699E-16 ) ) ;
#3212 = DIRECTION ( 'NONE',  ( 0.8660254037844390407, -0.4999999999999992228, 0.000000000000000000 ) ) ;
#3213 = DIRECTION ( 'NONE',  ( 0.000000000000000000, 0.000000000000000000, 1.000000000000000000 ) ) ;
#3214 = AXIS2_PLACEMENT_3D ( 'NONE', #7901, #1329, #4233 ) ;
#3215 = VERTEX_POINT ( 'NONE', #3907 ) ;
#3216 = AXIS2_PLACEMENT_3D ( 'NONE', #7032, #6314, #2852 ) ;
#3217 = ORIENTED_EDGE ( 'NONE', *, *, #1638, .F. ) ;
#3218 = EDGE_LOOP ( 'NONE', ( #7718, #7019, #5780, #452 ) ) ;
#3219 = EDGE_CURVE ( 'NONE', #5433, #5148, #4632, .T. ) ;
#3220 = DIRECTION ( 'NONE',  ( -0.5000000000000003331, 0.8660254037844383745, 0.000000000000000000 ) ) ;
#3221 = PLANE ( 'NONE',  #1375 ) ;
#3222 = VERTEX_POINT ( 'NONE', #4583 ) ;
#3223 = ADVANCED_FACE ( 'NONE', ( #8956 ), #802, .F. ) ;
#3224 = DIRECTION ( 'NONE',  ( 0.5000000000000006661, -0.8660254037844382635, 0.000000000000000000 ) ) ;
#3225 = DIRECTION ( 'NONE',  ( 0.000000000000000000, 0.000000000000000000, 1.000000000000000000 ) ) ;
#3226 = CARTESIAN_POINT ( 'NONE',  ( -62.87564434702638749, 136.9038105676303019, -115.0000000000000426 ) ) ;
#3227 = ORIENTED_EDGE ( 'NONE', *, *, #2070, .T. ) ;
#3228 = EDGE_LOOP ( 'NONE', ( #3263, #11 ) ) ;
#3229 = DIRECTION ( 'NONE',  ( 0.000000000000000000, 0.000000000000000000, 1.000000000000000000 ) ) ;
#3230 = EDGE_CURVE ( 'NONE', #6661, #3905, #9508, .T. ) ;
#3231 = AXIS2_PLACEMENT_3D ( 'NONE', #4483, #1662, #8183 ) ;
#3232 = DIRECTION ( 'NONE',  ( -0.000000000000000000, -0.000000000000000000, -1.000000000000000000 ) ) ;
#3233 = LINE ( 'NONE', #8380, #1038 ) ;
#3234 = CARTESIAN_POINT ( 'NONE',  ( -158.8079664398664193, 345.0634665204915450, 10.00000000000000000 ) ) ;
#3235 = ADVANCED_FACE ( 'NONE', ( #3857 ), #213, .F. ) ;
#3236 = CARTESIAN_POINT ( 'NONE',  ( 132.0000000000000000, -98.99999999999998579, 24.99999999999998579 ) ) ;
#3237 = ORIENTED_EDGE ( 'NONE', *, *, #5073, .T. ) ;
#3238 = ADVANCED_FACE ( 'NONE', ( #6848, #2953 ), #5888, .F. ) ;
#3239 = FACE_BOUND ( 'NONE', #2837, .T. ) ;
#3240 = EDGE_CURVE ( 'NONE', #5221, #3488, #6318, .T. ) ;
#3241 = OPEN_SHELL ( 'NONE', ( #6057, #715, #9365 ) ) ;
#3242 = LINE ( 'NONE', #2477, #1694 ) ;
#3243 = VERTEX_POINT ( 'NONE', #1136 ) ;
#3244 = VECTOR ( 'NONE', #3245, 1000.000000000000114 ) ;
#3245 = DIRECTION ( 'NONE',  ( -0.8660254037844390407, 0.4999999999999992228, 0.000000000000000000 ) ) ;
#3246 = DIRECTION ( 'NONE',  ( -0.8660254037844391517, 0.4999999999999992784, 0.000000000000000000 ) ) ;
#3247 = FACE_OUTER_BOUND ( 'NONE', #8417, .T. ) ;
#3248 = EDGE_CURVE ( 'NONE', #9296, #6418, #5598, .T. ) ;
#3249 = CARTESIAN_POINT ( 'NONE',  ( -72.87564434702669303, 154.2243186433195490, -60.00000000000000711 ) ) ;
#3250 = EDGE_CURVE ( 'NONE', #8728, #7805, #2450, .T. ) ;
#3251 = AXIS2_PLACEMENT_3D ( 'NONE', #9003, #2417, #6838 ) ;
#3252 = CARTESIAN_POINT ( 'NONE',  ( -150.7365149746333088, -63.08330249200205486, 22.99999999999998579 ) ) ;
#3253 = ORIENTED_EDGE ( 'NONE', *, *, #4073, .T. ) ;
#3254 = VERTEX_POINT ( 'NONE', #4725 ) ;
#3255 = CARTESIAN_POINT ( 'NONE',  ( -20.06956468618803768, 147.7615057222174642, 24.99999999999997513 ) ) ;
#3256 = CARTESIAN_POINT ( 'NONE',  ( -209.4961339178665867, -194.8579479350690349, 10.00000000000000178 ) ) ;
#3257 = PLANE ( 'NONE',  #924 ) ;
#3258 = ORIENTED_EDGE ( 'NONE', *, *, #371, .T. ) ;
#3259 = DIRECTION ( 'NONE',  ( -0.4999999999999996114, -0.8660254037844389297, 0.000000000000000000 ) ) ;
#3260 = FACE_OUTER_BOUND ( 'NONE', #9516, .T. ) ;
#3261 = DIRECTION ( 'NONE',  ( 0.000000000000000000, 0.000000000000000000, 1.000000000000000000 ) ) ;
#3262 = ORIENTED_EDGE ( 'NONE', *, *, #2879, .F. ) ;
#3263 = ORIENTED_EDGE ( 'NONE', *, *, #1507, .F. ) ;
#3264 = ORIENTED_EDGE ( 'NONE', *, *, #2715, .T. ) ;
#3265 = CIRCLE ( 'NONE', #6949, 1.999999999999995781 ) ;
#3266 = CIRCLE ( 'NONE', #3719, 5.000000000000007105 ) ;
#3267 = CARTESIAN_POINT ( 'NONE',  ( -54.92021828561267682, 297.6701257614999463, 10.00000000000000000 ) ) ;
#3268 = CARTESIAN_POINT ( 'NONE',  ( 213.9999999999995453, -101.0000000000000142, 8.000000000000035527 ) ) ;
#3269 = VERTEX_POINT ( 'NONE', #6176 ) ;
#3270 = CARTESIAN_POINT ( 'NONE',  ( 399.2377111446260756, 230.4999999999998579, 10.00000000000000000 ) ) ;
#3271 = EDGE_CURVE ( 'NONE', #1180, #3718, #2151, .T. ) ;
#3272 = CARTESIAN_POINT ( 'NONE',  ( 280.5000000000000000, -109.5000000000000142, 10.00000000000000000 ) ) ;
#3273 = DIRECTION ( 'NONE',  ( 0.4999999999999987232, 0.8660254037844393737, -0.000000000000000000 ) ) ;
#3274 = AXIS2_PLACEMENT_3D ( 'NONE', #9350, #1966, #9256 ) ;
#3275 = VERTEX_POINT ( 'NONE', #6988 ) ;
#3276 = AXIS2_PLACEMENT_3D ( 'NONE', #6103, #3114, #1790 ) ;
#3277 = VERTEX_POINT ( 'NONE', #408 ) ;
#3278 = LINE ( 'NONE', #2564, #6172 ) ;
#3279 = LINE ( 'NONE', #2654, #1615 ) ;
#3280 = DIRECTION ( 'NONE',  ( 2.220446049250312588E-16, 1.000000000000000000, -1.025445864033519699E-16 ) ) ;
#3281 = FACE_OUTER_BOUND ( 'NONE', #5330, .T. ) ;
#3282 = CIRCLE ( 'NONE', #1768, 2.999999999997643663 ) ;
#3283 = CARTESIAN_POINT ( 'NONE',  ( 270.0000000000000000, -84.00000000000001421, 19.49999999999998224 ) ) ;
#3284 = EDGE_LOOP ( 'NONE', ( #8016, #8113, #3027, #2778 ) ) ;
#3285 = FACE_BOUND ( 'NONE', #8998, .T. ) ;
#3286 = VECTOR ( 'NONE', #622, 1000.000000000000000 ) ;
#3287 = DIRECTION ( 'NONE',  ( 0.2499999999999999167, -0.4330127018922189097, -0.8660254037844388186 ) ) ;
#3288 = VERTEX_POINT ( 'NONE', #3337 ) ;
#3289 = AXIS2_PLACEMENT_3D ( 'NONE', #3325, #486, #3988 ) ;
#3290 = EDGE_CURVE ( 'NONE', #5558, #3215, #5408, .T. ) ;
#3291 = EDGE_CURVE ( 'NONE', #1009, #7101, #5527, .T. ) ;
#3292 = AXIS2_PLACEMENT_3D ( 'NONE', #6953, #6146, #9072 ) ;
#3293 = EDGE_CURVE ( 'NONE', #1528, #7453, #4128, .T. ) ;
#3294 = CARTESIAN_POINT ( 'NONE',  ( 217.9999999999995453, -99.00000000000001421, 8.000000000000035527 ) ) ;
#3295 = CARTESIAN_POINT ( 'NONE',  ( -22.06956468618803413, 151.2256073373552283, 10.00000000000000178 ) ) ;
#3296 = DIRECTION ( 'NONE',  ( 0.8660254037844387076, 0.4999999999999998890, -7.703719777548943412E-34 ) ) ;
#3297 = DIRECTION ( 'NONE',  ( -1.635429539641434187E-16, 2.832647054857943828E-16, 1.000000000000000000 ) ) ;
#3298 = VECTOR ( 'NONE', #6206, 1000.000000000000000 ) ;
#3299 = PLANE ( 'NONE',  #2382 ) ;
#3300 = VECTOR ( 'NONE', #1296, 1000.000000000000000 ) ;
#3301 = CALENDAR_DATE ( 2023, 3, 12 ) ;
#3302 = VERTEX_POINT ( 'NONE', #1908 ) ;
#3303 = EDGE_CURVE ( 'NONE', #1273, #3316, #4143, .T. ) ;
#3304 = AXIS2_PLACEMENT_3D ( 'NONE', #3785, #6721, #6623 ) ;
#3305 = EDGE_LOOP ( 'NONE', ( #8267, #8545, #192, #8922 ) ) ;
#3306 = AXIS2_PLACEMENT_3D ( 'NONE', #5944, #1577, #7384 ) ;
#3307 = DIRECTION ( 'NONE',  ( 0.4999999999999985567, -0.8660254037844394848, 3.717264591378858399E-16 ) ) ;
#3308 = FACE_OUTER_BOUND ( 'NONE', #640, .T. ) ;
#3309 = FACE_BOUND ( 'NONE', #3092, .T. ) ;
#3310 = ORIENTED_EDGE ( 'NONE', *, *, #2803, .F. ) ;
#3311 = CARTESIAN_POINT ( 'NONE',  ( 2.746133917884023390, 163.2435565297863604, 19.49999999999997513 ) ) ;
#3312 = CARTESIAN_POINT ( 'NONE',  ( -399.2377111446260187, 230.4999999999999432, 10.00000000000000000 ) ) ;
#3313 = CIRCLE ( 'NONE', #8833, 3.000000000000002665 ) ;
#3314 = CARTESIAN_POINT ( 'NONE',  ( -109.8852632902600561, 248.3268590217633403, 10.00000000000000178 ) ) ;
#3315 = AXIS2_PLACEMENT_3D ( 'NONE', #8195, #3246, #1724 ) ;
#3316 = VERTEX_POINT ( 'NONE', #3384 ) ;
#3317 = VECTOR ( 'NONE', #431, 1000.000000000000000 ) ;
#3318 = VERTEX_POINT ( 'NONE', #264 ) ;
#3319 = ADVANCED_FACE ( 'NONE', ( #3192 ), #6129, .T. ) ;
#3320 = ORIENTED_EDGE ( 'NONE', *, *, #1042, .F. ) ;
#3321 = DIRECTION ( 'NONE',  ( 0.5000000000000007772, -0.8660254037844382635, -6.308085367188392213E-16 ) ) ;
#3322 = CIRCLE ( 'NONE', #3467, 5.499999999999997335 ) ;
#3323 = CYLINDRICAL_SURFACE ( 'NONE', #6573, 11.00000000000001066 ) ;
#3324 = ORIENTED_EDGE ( 'NONE', *, *, #8517, .T. ) ;
#3325 = CARTESIAN_POINT ( 'NONE',  ( -19.53143421778027289, 235.8294364098343863, 8.000000000000028422 ) ) ;
#3326 = DIRECTION ( 'NONE',  ( 0.8660254037844391517, -0.4999999999999992784, 0.000000000000000000 ) ) ;
#3327 = CARTESIAN_POINT ( 'NONE',  ( -53.87564434702667171, 121.3153532995108321, 24.99999999999998224 ) ) ;
#3328 = VERTEX_POINT ( 'NONE', #9058 ) ;
#3329 = ORIENTED_EDGE ( 'NONE', *, *, #5660, .T. ) ;
#3330 = CARTESIAN_POINT ( 'NONE',  ( 115.9999999999993179, -99.00000000000000000, -115.9999999999997868 ) ) ;
#3331 = DIRECTION ( 'NONE',  ( 0.4999999999999972800, -0.8660254037844402619, -4.336808689942005410E-16 ) ) ;
#3332 = DIRECTION ( 'NONE',  ( 0.5000000000000004441, -0.8660254037844382635, 0.000000000000000000 ) ) ;
#3333 = LINE ( 'NONE', #4094, #985 ) ;
#3334 = CARTESIAN_POINT ( 'NONE',  ( 268.0000000000000000, -56.50000000000002132, 24.99999999999997513 ) ) ;
#3335 = ORIENTED_EDGE ( 'NONE', *, *, #45, .T. ) ;
#3336 = DIRECTION ( 'NONE',  ( -0.000000000000000000, -0.000000000000000000, -1.000000000000000000 ) ) ;
#3337 = CARTESIAN_POINT ( 'NONE',  ( -87.12435565295569972, -122.9038105676903427, -120.0000000000000284 ) ) ;
#3338 = EDGE_CURVE ( 'NONE', #4723, #311, #3242, .T. ) ;
#3339 = ORIENTED_EDGE ( 'NONE', *, *, #1258, .T. ) ;
#3340 = DIRECTION ( 'NONE',  ( 1.000000000000000000, -2.220446049250313081E-16, -3.105958772499035924E-16 ) ) ;
#3341 = LINE ( 'NONE', #2574, #9146 ) ;
#3342 = CARTESIAN_POINT ( 'NONE',  ( -8.273103968582558920, 242.3294364098343863, -18.00000000000001066 ) ) ;
#3343 = ORIENTED_EDGE ( 'NONE', *, *, #2996, .F. ) ;
#3344 = DIRECTION ( 'NONE',  ( -0.000000000000000000, -0.000000000000000000, -1.000000000000000000 ) ) ;
#3345 = DIRECTION ( 'NONE',  ( 2.220446049250312588E-16, 1.000000000000000000, -1.025445864033519699E-16 ) ) ;
#3346 = EDGE_CURVE ( 'NONE', #6836, #6603, #1765, .T. ) ;
#3347 = LINE ( 'NONE', #6183, #4067 ) ;
#3348 = ORIENTED_EDGE ( 'NONE', *, *, #7925, .T. ) ;
#3349 = ORIENTED_EDGE ( 'NONE', *, *, #3182, .T. ) ;
#3350 = CARTESIAN_POINT ( 'NONE',  ( -162.4685657822019209, -79.40381056769041379, -115.0000000000000142 ) ) ;
#3351 = CYLINDRICAL_SURFACE ( 'NONE', #5376, 5.000000000000004441 ) ;
#3352 = AXIS2_PLACEMENT_3D ( 'NONE', #4084, #4214, #629 ) ;
#3353 = CARTESIAN_POINT ( 'NONE',  ( -187.8161272192904789, -127.3070748247014592, -29.42433009472867056 ) ) ;
#3354 = EDGE_LOOP ( 'NONE', ( #8534, #1390 ) ) ;
#3355 = DIRECTION ( 'NONE',  ( -0.8660254037844390407, 0.4999999999999992228, 0.000000000000000000 ) ) ;
#3356 = EDGE_CURVE ( 'NONE', #1265, #1832, #4903, .T. ) ;
#3357 = CYLINDRICAL_SURFACE ( 'NONE', #6352, 11.00000000000000000 ) ;
#3358 = CARTESIAN_POINT ( 'NONE',  ( 5.496133917884024278, 158.4804168089719667, 19.49999999999997158 ) ) ;
#3359 = EDGE_CURVE ( 'NONE', #8440, #3967, #4769, .T. ) ;
#3360 = ORIENTED_EDGE ( 'NONE', *, *, #8651, .F. ) ;
#3361 = EDGE_LOOP ( 'NONE', ( #3080, #3040, #3778, #7634 ) ) ;
#3362 = DIRECTION ( 'NONE',  ( -1.000000000000000000, 0.000000000000000000, 0.000000000000000000 ) ) ;
#3363 = FACE_OUTER_BOUND ( 'NONE', #8935, .T. ) ;
#3364 = ORIENTED_EDGE ( 'NONE', *, *, #5649, .T. ) ;
#3365 = CYLINDRICAL_SURFACE ( 'NONE', #3289, 5.000000000000005329 ) ;
#3366 = VECTOR ( 'NONE', #751, 1000.000000000000000 ) ;
#3367 = AXIS2_PLACEMENT_3D ( 'NONE', #3698, #4372, #228 ) ;
#3368 = EDGE_CURVE ( 'NONE', #5860, #6047, #7521, .T. ) ;
#3369 = AXIS2_PLACEMENT_3D ( 'NONE', #3342, #4730, #9159 ) ;
#3370 = CARTESIAN_POINT ( 'NONE',  ( -142.7461339178667288, -79.24355652984645815, 19.49999999999997513 ) ) ;
#3371 = CARTESIAN_POINT ( 'NONE',  ( 275.5000000000000000, -84.00000000000001421, 24.99999999999998224 ) ) ;
#3372 = EDGE_CURVE ( 'NONE', #5501, #3183, #3956, .T. ) ;
#3373 = VERTEX_POINT ( 'NONE', #1816 ) ;
#3374 = EDGE_LOOP ( 'NONE', ( #5024, #4558, #9138, #2136 ) ) ;
#3375 = VECTOR ( 'NONE', #1573, 1000.000000000000000 ) ;
#3376 = VECTOR ( 'NONE', #515, 1000.000000000000114 ) ;
#3377 = DIRECTION ( 'NONE',  ( 0.7071067811865461294, -2.295192182881574120E-16, -0.7071067811865489050 ) ) ;
#3378 = CARTESIAN_POINT ( 'NONE',  ( 280.5000000000000000, -130.5000000000000000, 10.00000000000000000 ) ) ;
#3379 = CARTESIAN_POINT ( 'NONE',  ( -145.7461339178476294, -79.24355652984641551, 0.000000000000000000 ) ) ;
#3380 = CARTESIAN_POINT ( 'NONE',  ( -207.7461339178667004, -191.8268590218235659, 10.00000000000000000 ) ) ;
#3381 = CYLINDRICAL_SURFACE ( 'NONE', #1393, 9.499999999999980460 ) ;
#3382 = VERTEX_POINT ( 'NONE', #2619 ) ;
#3383 = CARTESIAN_POINT ( 'NONE',  ( 372.2377111446261324, 0.000000000000000000, 10.00000000000000000 ) ) ;
#3384 = CARTESIAN_POINT ( 'NONE',  ( -209.4961339178665867, -194.8579479350690349, 19.49999999999997513 ) ) ;
#3385 = CIRCLE ( 'NONE', #7673, 5.500000000000005329 ) ;
#3386 = ORIENTED_EDGE ( 'NONE', *, *, #1467, .T. ) ;
#3387 = CARTESIAN_POINT ( 'NONE',  ( 140.0000000000000284, -56.49999999999998579, 24.99999999999997513 ) ) ;
#3388 = DIRECTION ( 'NONE',  ( 0.000000000000000000, 0.000000000000000000, 1.000000000000000000 ) ) ;
#3389 = PLANE ( 'NONE',  #752 ) ;
#3390 = ORIENTED_EDGE ( 'NONE', *, *, #2339, .T. ) ;
#3391 = FACE_OUTER_BOUND ( 'NONE', #7090, .T. ) ;
#3392 = EDGE_CURVE ( 'NONE', #625, #6585, #7764, .T. ) ;
#3393 = PERSON_AND_ORGANIZATION ( #3110, #5628 ) ;
#3394 = VECTOR ( 'NONE', #7994, 1000.000000000000114 ) ;
#3395 = VERTEX_POINT ( 'NONE', #4821 ) ;
#3396 = ORIENTED_EDGE ( 'NONE', *, *, #5838, .T. ) ;
#3397 = DIRECTION ( 'NONE',  ( -1.635429539641433941E-16, 2.832647054857943335E-16, 1.000000000000000000 ) ) ;
#3398 = DIRECTION ( 'NONE',  ( -1.000000000000000000, 0.000000000000000000, 0.000000000000000000 ) ) ;
#3399 = DIRECTION ( 'NONE',  ( -0.000000000000000000, -0.000000000000000000, -1.000000000000000000 ) ) ;
#3400 = ORIENTED_EDGE ( 'NONE', *, *, #3056, .F. ) ;
#3401 = DIRECTION ( 'NONE',  ( -0.8660254037844387076, -0.4999999999999998890, -0.000000000000000000 ) ) ;
#3402 = LINE ( 'NONE', #1397, #3286 ) ;
#3403 = CARTESIAN_POINT ( 'NONE',  ( 139.9999999999999716, -56.50000000000000000, 10.00000000000000000 ) ) ;
#3404 = ORIENTED_EDGE ( 'NONE', *, *, #9164, .F. ) ;
#3405 = ADVANCED_FACE ( 'NONE', ( #1193 ), #8715, .F. ) ;
#3406 = ORIENTED_EDGE ( 'NONE', *, *, #1842, .F. ) ;
#3407 = EDGE_CURVE ( 'NONE', #4438, #6782, #691, .T. ) ;
#3408 = EDGE_CURVE ( 'NONE', #2143, #880, #2042, .T. ) ;
#3409 = CARTESIAN_POINT ( 'NONE',  ( 160.9999999999995168, -99.00000000000002842, -115.0000000000000142 ) ) ;
#3410 = DIRECTION ( 'NONE',  ( 3.105958772499037896E-16, 1.025445864033519576E-16, 1.000000000000000000 ) ) ;
#3411 = VERTEX_POINT ( 'NONE', #1466 ) ;
#3412 = DIRECTION ( 'NONE',  ( -1.635429539641434187E-16, 2.832647054857943828E-16, 1.000000000000000000 ) ) ;
#3413 = CARTESIAN_POINT ( 'NONE',  ( 399.2377111446261324, -230.5000000000001421, 0.000000000000000000 ) ) ;
#3414 = LINE ( 'NONE', #534, #5305 ) ;
#3415 = ORIENTED_EDGE ( 'NONE', *, *, #8639, .T. ) ;
#3416 = ORIENTED_EDGE ( 'NONE', *, *, #6856, .F. ) ;
#3417 = ADVANCED_FACE ( 'NONE', ( #5058 ), #7220, .F. ) ;
#3418 = CARTESIAN_POINT ( 'NONE',  ( -219.4297447047422054, -310.0634665205517422, 10.00000000000000000 ) ) ;
#3419 = DIRECTION ( 'NONE',  ( -3.435759386066699347E-16, 1.025445864033521055E-16, 1.000000000000000000 ) ) ;
#3420 = CARTESIAN_POINT ( 'NONE',  ( -19.53143421778027289, 235.8294364098343863, 8.000000000000028422 ) ) ;
#3421 = ADVANCED_FACE ( 'NONE', ( #2855 ), #3560, .F. ) ;
#3422 = LINE ( 'NONE', #3472, #152 ) ;
#3423 = ORIENTED_EDGE ( 'NONE', *, *, #1204, .F. ) ;
#3424 = CARTESIAN_POINT ( 'NONE',  ( -163.1147367097202050, -219.3268590218235659, 10.00000000000000000 ) ) ;
#3425 = CARTESIAN_POINT ( 'NONE',  ( 139.9999999999999716, -29.00000000000000000, 10.00000000000000000 ) ) ;
#3426 = VECTOR ( 'NONE', #8600, 1000.000000000000000 ) ;
#3427 = EDGE_LOOP ( 'NONE', ( #1032, #1698, #3477, #9390 ) ) ;
#3428 = EDGE_CURVE ( 'NONE', #6704, #3058, #8594, .T. ) ;
#3429 = AXIS2_PLACEMENT_3D ( 'NONE', #5609, #5380, #6326 ) ;
#3430 = LINE ( 'NONE', #2720, #3244 ) ;
#3431 = DIRECTION ( 'NONE',  ( 0.000000000000000000, 1.182766006347823355E-16, 1.000000000000000000 ) ) ;
#3432 = FACE_OUTER_BOUND ( 'NONE', #7246, .T. ) ;
#3433 = PLANE ( 'NONE',  #610 ) ;
#3434 = VERTEX_POINT ( 'NONE', #2135 ) ;
#3435 = DIRECTION ( 'NONE',  ( -0.5000000000000007772, 0.8660254037844382635, -6.308085367188392213E-16 ) ) ;
#3436 = CIRCLE ( 'NONE', #8656, 5.499999999999997335 ) ;
#3437 = CALENDAR_DATE ( 2023, 3, 12 ) ;
#3438 = AXIS2_PLACEMENT_3D ( 'NONE', #1581, #3679, #6664 ) ;
#3439 = ORIENTED_EDGE ( 'NONE', *, *, #3293, .T. ) ;
#3440 = ORIENTED_EDGE ( 'NONE', *, *, #16, .T. ) ;
#3441 = DIRECTION ( 'NONE',  ( 0.8660254037844391517, -0.4999999999999992784, 0.000000000000000000 ) ) ;
#3442 = CARTESIAN_POINT ( 'NONE',  ( -10.00000000000000178, 0.000000000000000000, 10.00000000000000000 ) ) ;
#3443 = AXIS2_PLACEMENT_3D ( 'NONE', #8379, #1810, #4718 ) ;
#3444 = ORIENTED_EDGE ( 'NONE', *, *, #4156, .T. ) ;
#3445 = PLANE ( 'NONE',  #7450 ) ;
#3446 = DIRECTION ( 'NONE',  ( -0.8660254037844387076, -0.4999999999999998890, 7.703719777548943412E-34 ) ) ;
#3447 = DIRECTION ( 'NONE',  ( -0.000000000000000000, 0.000000000000000000, -1.000000000000000000 ) ) ;
#3448 = AXIS2_PLACEMENT_3D ( 'NONE', #7786, #3401, #9267 ) ;
#3449 = ADVANCED_FACE ( 'NONE', ( #1418 ), #3516, .T. ) ;
#3450 = VERTEX_POINT ( 'NONE', #6452 ) ;
#3451 = VECTOR ( 'NONE', #8441, 1000.000000000000000 ) ;
#3452 = AXIS2_PLACEMENT_3D ( 'NONE', #6770, #3115, #7592 ) ;
#3453 = VERTEX_POINT ( 'NONE', #9437 ) ;
#3454 = DIRECTION ( 'NONE',  ( -0.000000000000000000, 0.000000000000000000, -1.000000000000000000 ) ) ;
#3455 = AXIS2_PLACEMENT_3D ( 'NONE', #364, #8392, #8299 ) ;
#3456 = CYLINDRICAL_SURFACE ( 'NONE', #3352, 2.000000000000001776 ) ;
#3457 = EDGE_LOOP ( 'NONE', ( #3116, #1974, #7670, #3994 ) ) ;
#3458 = CYLINDRICAL_SURFACE ( 'NONE', #6820, 5.000000000000004441 ) ;
#3459 = VECTOR ( 'NONE', #4828, 1000.000000000000000 ) ;
#3460 = CARTESIAN_POINT ( 'NONE',  ( 149.9999999999995168, -13.99999999999999822, -115.0000000000000284 ) ) ;
#3461 = VECTOR ( 'NONE', #8252, 1000.000000000000000 ) ;
#3462 = CARTESIAN_POINT ( 'NONE',  ( 270.0000000000000000, -56.50000000000002132, -3.000000000000027089 ) ) ;
#3463 = EDGE_CURVE ( 'NONE', #2105, #2206, #9338, .T. ) ;
#3464 = ADVANCED_FACE ( 'NONE', ( #1999 ), #4917, .F. ) ;
#3465 = ORIENTED_EDGE ( 'NONE', *, *, #2795, .F. ) ;
#3466 = EDGE_LOOP ( 'NONE', ( #2968, #1718, #1339, #46 ) ) ;
#3467 = AXIS2_PLACEMENT_3D ( 'NONE', #8344, #1680, #7631 ) ;
#3468 = CARTESIAN_POINT ( 'NONE',  ( 149.9999999999994600, -10.99999999999999289, -115.0000000000000284 ) ) ;
#3469 = DIRECTION ( 'NONE',  ( 0.000000000000000000, 0.000000000000000000, 1.000000000000000000 ) ) ;
#3470 = DIRECTION ( 'NONE',  ( -0.000000000000000000, -0.000000000000000000, -1.000000000000000000 ) ) ;
#3471 = EDGE_CURVE ( 'NONE', #3275, #9081, #7853, .T. ) ;
#3472 = CARTESIAN_POINT ( 'NONE',  ( -50.17021828561271235, 305.8973670974521042, 10.00000000000000000 ) ) ;
#3473 = EDGE_LOOP ( 'NONE', ( #4500, #8363 ) ) ;
#3474 = CARTESIAN_POINT ( 'NONE',  ( -192.7365149746330246, -135.8294364098945266, 10.00000000000000178 ) ) ;
#3475 = DIRECTION ( 'NONE',  ( 0.4941902632238116544, -0.8559626445094808966, 0.1519997859837827481 ) ) ;
#3476 = EDGE_CURVE ( 'NONE', #2706, #688, #7832, .T. ) ;
#3477 = ORIENTED_EDGE ( 'NONE', *, *, #5662, .T. ) ;
#3478 = EDGE_CURVE ( 'NONE', #54, #1132, #8757, .T. ) ;
#3479 = LINE ( 'NONE', #8042, #8150 ) ;
#3480 = LINE ( 'NONE', #4239, #626 ) ;
#3481 = CARTESIAN_POINT ( 'NONE',  ( 150.0000000000000000, 42.50000000000000000, 10.00000000000000000 ) ) ;
#3482 = DIRECTION ( 'NONE',  ( 2.220446049250312588E-16, 1.000000000000000000, -1.025445864033519699E-16 ) ) ;
#3483 = VERTEX_POINT ( 'NONE', #2181 ) ;
#3484 = FACE_OUTER_BOUND ( 'NONE', #7931, .T. ) ;
#3485 = EDGE_CURVE ( 'NONE', #1852, #2554, #8292, .T. ) ;
#3486 = DATE_TIME_ROLE ( 'classification_date' ) ;
#3487 = ORIENTED_EDGE ( 'NONE', *, *, #5782, .T. ) ;
#3488 = VERTEX_POINT ( 'NONE', #2759 ) ;
#3489 = ORIENTED_EDGE ( 'NONE', *, *, #8231, .T. ) ;
#3490 = CARTESIAN_POINT ( 'NONE',  ( -92.11473670974133654, -106.7435565298464013, 0.000000000000000000 ) ) ;
#3491 = DIRECTION ( 'NONE',  ( 0.8660254037844394848, -0.4999999999999985567, 0.000000000000000000 ) ) ;
#3492 = ORIENTED_EDGE ( 'NONE', *, *, #5942, .T. ) ;
#3493 = DIRECTION ( 'NONE',  ( -0.000000000000000000, 0.000000000000000000, -1.000000000000000000 ) ) ;
#3494 = CARTESIAN_POINT ( 'NONE',  ( 213.9999999999995453, -114.0000000000000142, -18.00000000000000355 ) ) ;
#3495 = DIRECTION ( 'NONE',  ( 1.000000000000000000, 0.000000000000000000, 0.000000000000000000 ) ) ;
#3496 = ORIENTED_EDGE ( 'NONE', *, *, #6652, .F. ) ;
#3497 = VERTEX_POINT ( 'NONE', #1371 ) ;
#3498 = AXIS2_PLACEMENT_3D ( 'NONE', #5884, #114, #8814 ) ;
#3499 = DIRECTION ( 'NONE',  ( 1.635429539641434187E-16, -2.832647054857943828E-16, 1.000000000000000000 ) ) ;
#3500 = CARTESIAN_POINT ( 'NONE',  ( -160.1147367097224219, -219.3268590218234806, 24.99999999999997513 ) ) ;
#3501 = ORIENTED_EDGE ( 'NONE', *, *, #8051, .T. ) ;
#3502 = DIRECTION ( 'NONE',  ( 0.4999999999999989453, -0.8660254037844392627, -3.717264591378857413E-16 ) ) ;
#3503 = CARTESIAN_POINT ( 'NONE',  ( 272.9999999999999432, -29.00000000000000000, 0.000000000000000000 ) ) ;
#3504 = DIRECTION ( 'NONE',  ( -0.3535533905932752852, -0.6123724356957982451, 0.7071067811865434649 ) ) ;
#3505 = CIRCLE ( 'NONE', #7500, 4.000000000000003553 ) ;
#3506 = CIRCLE ( 'NONE', #5201, 5.499999999999996447 ) ;
#3507 = ORIENTED_EDGE ( 'NONE', *, *, #2955, .T. ) ;
#3508 = ORIENTED_EDGE ( 'NONE', *, *, #2803, .T. ) ;
#3509 = EDGE_CURVE ( 'NONE', #7823, #4099, #5692, .T. ) ;
#3511 = CARTESIAN_POINT ( 'NONE',  ( -253.2663151938430701, -177.6701257615601151, 0.000000000000000000 ) ) ;
#3510 = AXIS2_PLACEMENT_3D ( 'NONE', #8976, #1737, #1831 ) ;
#3512 = DIRECTION ( 'NONE',  ( 2.220446049250312588E-16, 1.000000000000000000, -1.025445864033519699E-16 ) ) ;
#3513 = DIRECTION ( 'NONE',  ( 0.4999999999999996669, 0.8660254037844388186, -6.308085367188379394E-16 ) ) ;
#3514 = VERTEX_POINT ( 'NONE', #4277 ) ;
#3515 = DIRECTION ( 'NONE',  ( -3.895519384649671855E-16, -1.000000000000000000, 0.000000000000000000 ) ) ;
#3516 = CYLINDRICAL_SURFACE ( 'NONE', #1699, 7.499999999999992006 ) ;
#3517 = ORIENTED_EDGE ( 'NONE', *, *, #5351, .F. ) ;
#3518 = VECTOR ( 'NONE', #1235, 1000.000000000000000 ) ;
#3519 = CIRCLE ( 'NONE', #6138, 11.00000000000000178 ) ;
#3521 = ADVANCED_FACE ( 'NONE', ( #1280 ), #4967, .F. ) ;
#3520 = DIRECTION ( 'NONE',  ( 1.000000000000000000, 0.000000000000000000, 0.000000000000000000 ) ) ;
#3522 = EDGE_CURVE ( 'NONE', #568, #6952, #8174, .T. ) ;
#3523 = PLANE ( 'NONE',  #1851 ) ;
#3524 = EDGE_CURVE ( 'NONE', #3269, #5495, #6017, .T. ) ;
#3525 = FACE_OUTER_BOUND ( 'NONE', #3473, .T. ) ;
#3526 = CARTESIAN_POINT ( 'NONE',  ( -86.06956468618797373, 262.0768590217633687, 0.000000000000000000 ) ) ;
#3527 = ORIENTED_EDGE ( 'NONE', *, *, #1465, .T. ) ;
#3528 = LINE ( 'NONE', #8535, #2667 ) ;
#3529 = VECTOR ( 'NONE', #5164, 1000.000000000000000 ) ;
#3530 = VERTEX_POINT ( 'NONE', #57 ) ;
#3531 = ORIENTED_EDGE ( 'NONE', *, *, #5111, .F. ) ;
#3532 = ORIENTED_EDGE ( 'NONE', *, *, #5533, .F. ) ;
#3533 = EDGE_CURVE ( 'NONE', #7681, #5860, #7465, .T. ) ;
#3534 = CARTESIAN_POINT ( 'NONE',  ( -95.11473670972256400, -106.7435565298464013, 19.49999999999997513 ) ) ;
#3535 = VECTOR ( 'NONE', #6552, 1000.000000000000000 ) ;
#3536 = EDGE_CURVE ( 'NONE', #6811, #7609, #1527, .T. ) ;
#3537 = CARTESIAN_POINT ( 'NONE',  ( 372.2377111446261324, 0.000000000000000000, 0.000000000000000000 ) ) ;
#3538 = EDGE_CURVE ( 'NONE', #6488, #59, #8275, .T. ) ;
#3539 = VERTEX_POINT ( 'NONE', #1658 ) ;
#3540 = DIRECTION ( 'NONE',  ( 0.000000000000000000, 0.000000000000000000, 1.000000000000000000 ) ) ;
#3541 = CARTESIAN_POINT ( 'NONE',  ( -65.25386608208373218, 275.8268590217634255, 0.000000000000000000 ) ) ;
#3542 = DIRECTION ( 'NONE',  ( 0.4999999999999985567, 0.8660254037844394848, -3.717264591378858399E-16 ) ) ;
#3543 = VERTEX_POINT ( 'NONE', #4477 ) ;
#3544 = EDGE_LOOP ( 'NONE', ( #2713, #2281 ) ) ;
#3545 = ORIENTED_EDGE ( 'NONE', *, *, #2339, .F. ) ;
#3546 = DIRECTION ( 'NONE',  ( 0.4999999999999985567, 0.8660254037844394848, 0.000000000000000000 ) ) ;
#3547 = CARTESIAN_POINT ( 'NONE',  ( 270.0000000000000000, -29.00000000000001066, 24.99999999999997513 ) ) ;
#3548 = ORIENTED_EDGE ( 'NONE', *, *, #5412, .T. ) ;
#3549 = FACE_BOUND ( 'NONE', #2148, .T. ) ;
#3550 = CARTESIAN_POINT ( 'NONE',  ( 41.49355652981271447, 208.1310519035828861, 10.00000000000000000 ) ) ;
#3551 = LINE ( 'NONE', #8886, #7454 ) ;
#3552 = CIRCLE ( 'NONE', #8156, 5.500000000000005329 ) ;
#3553 = EDGE_LOOP ( 'NONE', ( #4845, #2172, #2969, #7839 ) ) ;
#3554 = ORIENTED_EDGE ( 'NONE', *, *, #6463, .F. ) ;
#3555 = DIRECTION ( 'NONE',  ( -0.5000000000000008882, -0.8660254037844380415, 0.000000000000000000 ) ) ;
#3556 = CYLINDRICAL_SURFACE ( 'NONE', #3727, 5.000000000000004441 ) ;
#3557 = DIRECTION ( 'NONE',  ( -0.8660254037844387076, -0.4999999999999998890, -0.000000000000000000 ) ) ;
#3558 = ORIENTED_EDGE ( 'NONE', *, *, #6631, .F. ) ;
#3559 = DIRECTION ( 'NONE',  ( 1.204146447532707802E-16, -1.000000000000000000, 0.000000000000000000 ) ) ;
#3560 = CYLINDRICAL_SURFACE ( 'NONE', #6597, 5.499999999999997335 ) ;
#3561 = ORIENTED_EDGE ( 'NONE', *, *, #5951, .F. ) ;
#3562 = CARTESIAN_POINT ( 'NONE',  ( 2.100566918256370383E-14, 460.9999999999999432, 0.000000000000000000 ) ) ;
#3563 = DIRECTION ( 'NONE',  ( -0.7071067811865463515, 8.449927344859704205E-17, -0.7071067811865486830 ) ) ;
#3564 = CARTESIAN_POINT ( 'NONE',  ( -161.9865149746330530, -82.56887407715150573, -110.6698729810778161 ) ) ;
#3565 = AXIS2_PLACEMENT_3D ( 'NONE', #8076, #7540, #966 ) ;
#3566 = DIRECTION ( 'NONE',  ( -1.635429539641431722E-16, -2.832647054857944814E-16, 1.000000000000000000 ) ) ;
#3567 = ORIENTED_EDGE ( 'NONE', *, *, #4929, .T. ) ;
#3568 = DIRECTION ( 'NONE',  ( -1.649003067838308177E-17, 1.025445864033520315E-16, 1.000000000000000000 ) ) ;
#3569 = AXIS2_PLACEMENT_3D ( 'NONE', #4566, #2407, #2267 ) ;
#3570 = DIRECTION ( 'NONE',  ( 0.000000000000000000, -1.000000000000000000, 0.000000000000000000 ) ) ;
#3571 = EDGE_CURVE ( 'NONE', #6199, #7073, #4522, .T. ) ;
#3572 = ORIENTED_EDGE ( 'NONE', *, *, #5010, .T. ) ;
#3573 = AXIS2_PLACEMENT_3D ( 'NONE', #8723, #4487, #652 ) ;
#3574 = ORIENTED_EDGE ( 'NONE', *, *, #1562, .F. ) ;
#3575 = VECTOR ( 'NONE', #8746, 1000.000000000000000 ) ;
#3576 = VERTEX_POINT ( 'NONE', #8854 ) ;
#3577 = LINE ( 'NONE', #1488, #1624 ) ;
#3578 = FACE_OUTER_BOUND ( 'NONE', #9416, .T. ) ;
#3579 = AXIS2_PLACEMENT_3D ( 'NONE', #7806, #1234, #4966 ) ;
#3580 = VERTEX_POINT ( 'NONE', #6692 ) ;
#3581 = CARTESIAN_POINT ( 'NONE',  ( -118.9304353137946606, -92.99355652984644394, 10.00000000000000178 ) ) ;
#3582 = CIRCLE ( 'NONE', #2834, 3.500000000000013323 ) ;
#3583 = FACE_OUTER_BOUND ( 'NONE', #4705, .T. ) ;
#3584 = DIRECTION ( 'NONE',  ( 1.000000000000000000, 0.000000000000000000, 0.000000000000000000 ) ) ;
#3585 = CIRCLE ( 'NONE', #4822, 9.500000000000063949 ) ;
#3586 = EDGE_CURVE ( 'NONE', #8499, #5225, #9197, .T. ) ;
#3587 = ORIENTED_EDGE ( 'NONE', *, *, #5289, .T. ) ;
#3588 = EDGE_CURVE ( 'NONE', #9172, #6360, #1515, .T. ) ;
#3589 = CIRCLE ( 'NONE', #4824, 4.999999999999995559 ) ;
#3590 = ORIENTED_EDGE ( 'NONE', *, *, #296, .F. ) ;
#3591 = CARTESIAN_POINT ( 'NONE',  ( -18.28143421778025868, 233.6643729003733085, -22.33012701892220875 ) ) ;
#3592 = LINE ( 'NONE', #818, #1683 ) ;
#3593 = VERTEX_POINT ( 'NONE', #8802 ) ;
#3594 = DIRECTION ( 'NONE',  ( -0.4999999999999992228, -0.8660254037844390407, 0.000000000000000000 ) ) ;
#3595 = DIRECTION ( 'NONE',  ( 0.000000000000000000, 0.000000000000000000, -1.000000000000000000 ) ) ;
#3596 = VECTOR ( 'NONE', #8780, 1000.000000000000000 ) ;
#3597 = LINE ( 'NONE', #2124, #81 ) ;
#3598 = AXIS2_PLACEMENT_3D ( 'NONE', #2441, #8255, #1684 ) ;
#3599 = ADVANCED_FACE ( 'NONE', ( #5202 ), #2317, .F. ) ;
#3600 = ORIENTED_EDGE ( 'NONE', *, *, #1424, .T. ) ;
#3601 = ORIENTED_EDGE ( 'NONE', *, *, #6807, .T. ) ;
#3602 = AXIS2_PLACEMENT_3D ( 'NONE', #3678, #6799, #5270 ) ;
#3603 = VECTOR ( 'NONE', #4187, 1000.000000000000000 ) ;
#3604 = CYLINDRICAL_SURFACE ( 'NONE', #930, 1.999999999999995781 ) ;
#3605 = CARTESIAN_POINT ( 'NONE',  ( -142.7461339178666719, -79.24355652984641551, 10.00000000000000000 ) ) ;
#3606 = AXIS2_PLACEMENT_3D ( 'NONE', #3024, #8845, #5145 ) ;
#3607 = DIRECTION ( 'NONE',  ( -0.000000000000000000, -0.000000000000000000, -1.000000000000000000 ) ) ;
#3608 = ORIENTED_EDGE ( 'NONE', *, *, #1656, .F. ) ;
#3609 = CARTESIAN_POINT ( 'NONE',  ( -38.19392033913517537, -151.1538105676907833, 10.00000000000000000 ) ) ;
#3610 = DIRECTION ( 'NONE',  ( 2.220446049250312588E-16, 1.000000000000000000, -1.025445864033519699E-16 ) ) ;
#3611 = AXIS2_PLACEMENT_3D ( 'NONE', #4620, #9187, #394 ) ;
#3612 = EDGE_LOOP ( 'NONE', ( #3416, #4526, #7639, #2536 ) ) ;
#3613 = CIRCLE ( 'NONE', #5314, 9.499999999999994671 ) ;
#3614 = AXIS2_PLACEMENT_3D ( 'NONE', #6475, #9411, #3584 ) ;
#3615 = CARTESIAN_POINT ( 'NONE',  ( -86.06956468618797373, 262.0768590217633687, 10.00000000000000000 ) ) ;
#3616 = DIRECTION ( 'NONE',  ( -9.912705577010310758E-17, -1.716930969985325805E-16, -1.000000000000000000 ) ) ;
#3617 = CARTESIAN_POINT ( 'NONE',  ( -10.77310396858255892, 246.6595634287565701, -18.00000000000001066 ) ) ;
#3618 = CARTESIAN_POINT ( 'NONE',  ( -77.05296641779979439, -128.7185298537210940, -122.5000000000000284 ) ) ;
#3619 = ORIENTED_EDGE ( 'NONE', *, *, #1823, .F. ) ;
#3620 = FACE_OUTER_BOUND ( 'NONE', #2899, .T. ) ;
#3621 = LINE ( 'NONE', #6557, #7112 ) ;
#3622 = DIRECTION ( 'NONE',  ( -0.7071067811865486830, 2.295192182881577078E-16, 0.7071067811865463515 ) ) ;
#3623 = CC_DESIGN_SECURITY_CLASSIFICATION ( #1648, ( #1957 ) ) ;
#3624 = VECTOR ( 'NONE', #2513, 1000.000000000000000 ) ;
#3625 = VERTEX_POINT ( 'NONE', #790 ) ;
#3626 = VERTEX_POINT ( 'NONE', #4428 ) ;
#3627 = EDGE_LOOP ( 'NONE', ( #5677, #4890 ) ) ;
#3628 = CARTESIAN_POINT ( 'NONE',  ( -145.4961339178667288, -84.00669625066088031, 24.99999999999997868 ) ) ;
#3630 = EDGE_CURVE ( 'NONE', #5074, #7611, #3704, .T. ) ;
#3629 = CARTESIAN_POINT ( 'NONE',  ( 217.9999999999995453, -114.0000000000000142, 8.000000000000035527 ) ) ;
#3631 = VERTEX_POINT ( 'NONE', #107 ) ;
#3632 = DIRECTION ( 'NONE',  ( 3.105958772499038389E-16, 1.025445864033519576E-16, 1.000000000000000000 ) ) ;
#3633 = DIRECTION ( 'NONE',  ( -0.8660254037844390407, 0.4999999999999992228, 0.000000000000000000 ) ) ;
#3634 = DIRECTION ( 'NONE',  ( 1.000000000000000000, 0.000000000000000000, 0.000000000000000000 ) ) ;
#3635 = EDGE_LOOP ( 'NONE', ( #7143, #1485 ) ) ;
#3636 = ORIENTED_EDGE ( 'NONE', *, *, #5810, .F. ) ;
#3637 = CARTESIAN_POINT ( 'NONE',  ( 213.9999999999995453, -99.00000000000001421, 8.000000000000035527 ) ) ;
#3638 = EDGE_CURVE ( 'NONE', #9180, #5501, #3506, .T. ) ;
#3639 = VERTEX_POINT ( 'NONE', #2987 ) ;
#3640 = ADVANCED_FACE ( 'NONE', ( #888, #6734 ), #3659, .F. ) ;
#3641 = CARTESIAN_POINT ( 'NONE',  ( -160.1147367097224219, -219.3268590218234806, 19.49999999999997513 ) ) ;
#3642 = DIRECTION ( 'NONE',  ( -3.435759386066699840E-16, 1.025445864033521055E-16, 1.000000000000000000 ) ) ;
#3643 = ORIENTED_EDGE ( 'NONE', *, *, #1599, .T. ) ;
#3644 = CARTESIAN_POINT ( 'NONE',  ( 224.9999999999995737, -101.0000000000000142, 8.000000000000039080 ) ) ;
#3645 = FACE_OUTER_BOUND ( 'NONE', #8272, .T. ) ;
#3646 = DIRECTION ( 'NONE',  ( -1.649003067838308177E-17, 1.025445864033520315E-16, 1.000000000000000000 ) ) ;
#3647 = ORIENTED_EDGE ( 'NONE', *, *, #1129, .F. ) ;
#3648 = VERTEX_POINT ( 'NONE', #4571 ) ;
#3649 = FACE_OUTER_BOUND ( 'NONE', #8993, .T. ) ;
#3650 = ADVANCED_FACE ( 'NONE', ( #3079 ), #3845, .F. ) ;
#3651 = PRODUCT_DEFINITION_SHAPE ( 'NONE', 'NONE',  #5410 ) ;
#3652 = CARTESIAN_POINT ( 'NONE',  ( -84.52627944160238371, -124.4038105676903285, -122.5000000000000284 ) ) ;
#3653 = EDGE_CURVE ( 'NONE', #5617, #4617, #8134, .T. ) ;
#3654 = CARTESIAN_POINT ( 'NONE',  ( -185.9304353137924295, -205.5768590218235374, 0.000000000000000000 ) ) ;
#3655 = ORIENTED_EDGE ( 'NONE', *, *, #7885, .F. ) ;
#3656 = FACE_OUTER_BOUND ( 'NONE', #8154, .T. ) ;
#3657 = AXIS2_PLACEMENT_3D ( 'NONE', #4473, #3842, #5295 ) ;
#3658 = AXIS2_PLACEMENT_3D ( 'NONE', #5298, #156, #3752 ) ;
#3659 = PLANE ( 'NONE',  #5364 ) ;
#3660 = ORIENTED_EDGE ( 'NONE', *, *, #3950, .T. ) ;
#3661 = AXIS2_PLACEMENT_3D ( 'NONE', #3547, #6482, #9421 ) ;
#3662 = VECTOR ( 'NONE', #4926, 1000.000000000000000 ) ;
#3663 = FACE_BOUND ( 'NONE', #95, .T. ) ;
#3664 = LINE ( 'NONE', #893, #3535 ) ;
#3665 = CARTESIAN_POINT ( 'NONE',  ( -160.7365149746330246, -80.40381056769041379, -115.0000000000000142 ) ) ;
#3666 = CARTESIAN_POINT ( 'NONE',  ( -160.1147367097224219, -219.3268590218234522, -3.000000000000030198 ) ) ;
#3667 = ORIENTED_EDGE ( 'NONE', *, *, #3368, .F. ) ;
#3668 = CARTESIAN_POINT ( 'NONE',  ( -75.41798489830135566, 135.3689045041469683, -115.7599989299189644 ) ) ;
#3669 = LINE ( 'NONE', #1480, #6900 ) ;
#3670 = EDGE_CURVE ( 'NONE', #91, #6085, #8732, .T. ) ;
#3671 = ORIENTED_EDGE ( 'NONE', *, *, #8996, .F. ) ;
#3672 = ORIENTED_EDGE ( 'NONE', *, *, #4123, .F. ) ;
#3673 = ORIENTED_EDGE ( 'NONE', *, *, #7693, .F. ) ;
#3674 = AXIS2_PLACEMENT_3D ( 'NONE', #4179, #9298, #2718 ) ;
#3675 = DIRECTION ( 'NONE',  ( 0.4999999999999992784, -0.8660254037844389297, 0.000000000000000000 ) ) ;
#3676 = DIRECTION ( 'NONE',  ( -0.3788326176466335071, -0.6561573413282845157, -0.6526433874850773309 ) ) ;
#3677 = EDGE_LOOP ( 'NONE', ( #8945, #2620 ) ) ;
#3678 = CARTESIAN_POINT ( 'NONE',  ( 159.5000000000000000, 42.50000000000000000, 0.000000000000000000 ) ) ;
#3679 = DIRECTION ( 'NONE',  ( 0.000000000000000000, 0.000000000000000000, 1.000000000000000000 ) ) ;
#3680 = CARTESIAN_POINT ( 'NONE',  ( 1.029127839489753446E-13, -460.9999999999998863, 10.00000000000000000 ) ) ;
#3681 = VERTEX_POINT ( 'NONE', #5925 ) ;
#3682 = VERTEX_POINT ( 'NONE', #6162 ) ;
#3683 = CARTESIAN_POINT ( 'NONE',  ( -62.25386608211591977, 275.8268590217634255, 10.00000000000000000 ) ) ;
#3684 = EDGE_CURVE ( 'NONE', #2256, #7753, #6584, .T. ) ;
#3685 = DIRECTION ( 'NONE',  ( 0.8660254037844390407, -0.4999999999999992784, -0.000000000000000000 ) ) ;
#3686 = AXIS2_PLACEMENT_3D ( 'NONE', #7430, #6793, #217 ) ;
#3687 = EDGE_CURVE ( 'NONE', #8602, #2266, #6124, .T. ) ;
#3688 = DIRECTION ( 'NONE',  ( -0.000000000000000000, -0.000000000000000000, -1.000000000000000000 ) ) ;
#3689 = ORIENTED_EDGE ( 'NONE', *, *, #3356, .T. ) ;
#3690 = DIRECTION ( 'NONE',  ( 1.000000000000000000, 0.000000000000000000, 0.000000000000000000 ) ) ;
#3691 = DIRECTION ( 'NONE',  ( 0.000000000000000000, 1.182766006347823355E-16, 1.000000000000000000 ) ) ;
#3692 = FACE_OUTER_BOUND ( 'NONE', #917, .T. ) ;
#3693 = CC_DESIGN_DATE_AND_TIME_ASSIGNMENT ( #9214, #3486, ( #1648 ) ) ;
#3694 = EDGE_CURVE ( 'NONE', #4965, #6258, #8424, .T. ) ;
#3695 = ORIENTED_EDGE ( 'NONE', *, *, #6479, .F. ) ;
#3696 = ADVANCED_FACE ( 'NONE', ( #5443 ), #1077, .F. ) ;
#3697 = VERTEX_POINT ( 'NONE', #6304 ) ;
#3698 = CARTESIAN_POINT ( 'NONE',  ( 378.2377111446261324, -35.00000000000000000, 0.000000000000000000 ) ) ;
#3699 = PLANE ( 'NONE',  #5429 ) ;
#3700 = CARTESIAN_POINT ( 'NONE',  ( 9.718565782219759086, 185.1669502884446956, -124.5262794416288443 ) ) ;
#3701 = ORIENTED_EDGE ( 'NONE', *, *, #8748, .F. ) ;
#3702 = DIRECTION ( 'NONE',  ( 0.8660254037844389297, -0.4999999999999995559, 0.000000000000000000 ) ) ;
#3703 = VECTOR ( 'NONE', #648, 1000.000000000000000 ) ;
#3704 = LINE ( 'NONE', #7508, #9032 ) ;
#3705 = ORIENTED_EDGE ( 'NONE', *, *, #9150, .T. ) ;
#3706 = EDGE_CURVE ( 'NONE', #8584, #7823, #6922, .T. ) ;
#3707 = DIRECTION ( 'NONE',  ( 0.000000000000000000, 1.000000000000000000, 0.000000000000000000 ) ) ;
#3708 = CARTESIAN_POINT ( 'NONE',  ( 264.5000000000000000, -29.00000000000001066, 24.99999999999997513 ) ) ;
#3709 = DIRECTION ( 'NONE',  ( 0.000000000000000000, 0.000000000000000000, 1.000000000000000000 ) ) ;
#3710 = CYLINDRICAL_SURFACE ( 'NONE', #711, 3.500000000000013323 ) ;
#3711 = DIRECTION ( 'NONE',  ( 0.000000000000000000, 0.000000000000000000, 1.000000000000000000 ) ) ;
#3712 = ORIENTED_EDGE ( 'NONE', *, *, #4577, .T. ) ;
#3713 = DIRECTION ( 'NONE',  ( 0.000000000000000000, 0.000000000000000000, 1.000000000000000000 ) ) ;
#3714 = DIRECTION ( 'NONE',  ( 0.2500000000000000000, 0.4330127018922182436, -0.8660254037844391517 ) ) ;
#3715 = ORIENTED_EDGE ( 'NONE', *, *, #5664, .T. ) ;
#3716 = EDGE_CURVE ( 'NONE', #804, #4927, #4800, .T. ) ;
#3717 = ORIENTED_EDGE ( 'NONE', *, *, #8003, .T. ) ;
#3718 = VERTEX_POINT ( 'NONE', #5581 ) ;
#3719 = AXIS2_PLACEMENT_3D ( 'NONE', #6171, #4913, #2615 ) ;
#3720 = DIRECTION ( 'NONE',  ( -1.000000000000000000, 0.000000000000000000, 0.000000000000000000 ) ) ;
#3721 = CARTESIAN_POINT ( 'NONE',  ( -203.7268960313996047, -124.8653347947567909, 8.000000000000028422 ) ) ;
#3722 = EDGE_LOOP ( 'NONE', ( #8625, #5722, #3131, #8055 ) ) ;
#3723 = CARTESIAN_POINT ( 'NONE',  ( 5.746133917900682953, 163.2435565297862752, 0.000000000000000000 ) ) ;
#3724 = DIRECTION ( 'NONE',  ( -0.000000000000000000, -0.000000000000000000, -1.000000000000000000 ) ) ;
#3725 = VECTOR ( 'NONE', #4999, 1000.000000000000000 ) ;
#3726 = CYLINDRICAL_SURFACE ( 'NONE', #2391, 3.500000000000013323 ) ;
#3727 = AXIS2_PLACEMENT_3D ( 'NONE', #1366, #1413, #5783 ) ;
#3728 = ORIENTED_EDGE ( 'NONE', *, *, #1196, .F. ) ;
#3729 = ORIENTED_EDGE ( 'NONE', *, *, #7018, .F. ) ;
#3730 = DIRECTION ( 'NONE',  ( 0.000000000000000000, 0.000000000000000000, 1.000000000000000000 ) ) ;
#3731 = VECTOR ( 'NONE', #6604, 999.9999999999998863 ) ;
#3732 = AXIS2_PLACEMENT_3D ( 'NONE', #5191, #8791, #5143 ) ;
#3733 = ORIENTED_EDGE ( 'NONE', *, *, #3346, .T. ) ;
#3734 = CARTESIAN_POINT ( 'NONE',  ( -23.76348502534913720, 239.1595634287565701, -18.00000000000001066 ) ) ;
#3735 = DIRECTION ( 'NONE',  ( 0.000000000000000000, -0.000000000000000000, -1.000000000000000000 ) ) ;
#3736 = EDGE_LOOP ( 'NONE', ( #9330, #5231 ) ) ;
#3737 = DIRECTION ( 'NONE',  ( 1.635429539641431722E-16, 2.832647054857944814E-16, -1.000000000000000000 ) ) ;
#3738 = DIRECTION ( 'NONE',  ( 0.000000000000000000, 0.000000000000000000, 1.000000000000000000 ) ) ;
#3739 = CARTESIAN_POINT ( 'NONE',  ( -86.06956468618797373, 262.0768590217633687, 10.00000000000000000 ) ) ;
#3740 = ORIENTED_EDGE ( 'NONE', *, *, #2795, .T. ) ;
#3741 = AXIS2_PLACEMENT_3D ( 'NONE', #1192, #8470, #5596 ) ;
#3742 = ORIENTED_EDGE ( 'NONE', *, *, #7265, .F. ) ;
#3743 = AXIS2_PLACEMENT_3D ( 'NONE', #795, #989, #939 ) ;
#3744 = ORIENTED_EDGE ( 'NONE', *, *, #297, .T. ) ;
#3745 = DIRECTION ( 'NONE',  ( 0.000000000000000000, 0.000000000000000000, -1.000000000000000000 ) ) ;
#3746 = AXIS2_PLACEMENT_3D ( 'NONE', #7932, #9375, #3690 ) ;
#3747 = DIRECTION ( 'NONE',  ( -1.635429539641433941E-16, 2.832647054857943335E-16, 1.000000000000000000 ) ) ;
#3748 = VERTEX_POINT ( 'NONE', #3942 ) ;
#3749 = EDGE_CURVE ( 'NONE', #1888, #8119, #2604, .T. ) ;
#3750 = DIRECTION ( 'NONE',  ( -0.000000000000000000, -0.000000000000000000, -1.000000000000000000 ) ) ;
#3751 = AXIS2_PLACEMENT_3D ( 'NONE', #7705, #1858, #3331 ) ;
#3752 = DIRECTION ( 'NONE',  ( -0.4999999999999985567, 0.8660254037844395958, 0.000000000000000000 ) ) ;
#3753 = VERTEX_POINT ( 'NONE', #1750 ) ;
#3754 = VECTOR ( 'NONE', #6102, 1000.000000000000000 ) ;
#3755 = AXIS2_PLACEMENT_3D ( 'NONE', #4602, #7537, #963 ) ;
#3756 = DIRECTION ( 'NONE',  ( 1.000000000000000000, -2.220446049250312588E-16, 1.649003067838320811E-17 ) ) ;
#3757 = VECTOR ( 'NONE', #6050, 1000.000000000000000 ) ;
#3758 = DIRECTION ( 'NONE',  ( 0.000000000000000000, 0.000000000000000000, 1.000000000000000000 ) ) ;
#3759 = LINE ( 'NONE', #3083, #1401 ) ;
#3760 = CYLINDRICAL_SURFACE ( 'NONE', #5775, 2.000000000000001776 ) ;
#3761 = DIRECTION ( 'NONE',  ( 0.8660254037844390407, -0.4999999999999992784, -0.000000000000000000 ) ) ;
#3762 = ORIENTED_EDGE ( 'NONE', *, *, #2717, .F. ) ;
#3763 = FACE_BOUND ( 'NONE', #3544, .T. ) ;
#3764 = EDGE_CURVE ( 'NONE', #2788, #1320, #1849, .T. ) ;
#3765 = AXIS2_PLACEMENT_3D ( 'NONE', #9163, #5511, #1874 ) ;
#3766 = DIRECTION ( 'NONE',  ( -0.8660254037844387076, -0.4999999999999998890, -0.000000000000000000 ) ) ;
#3767 = AXIS2_PLACEMENT_3D ( 'NONE', #9062, #8914, #8389 ) ;
#3768 = AXIS2_PLACEMENT_3D ( 'NONE', #3403, #2690, #3495 ) ;
#3769 = VERTEX_POINT ( 'NONE', #4713 ) ;
#3770 = LINE ( 'NONE', #3006, #4614 ) ;
#3771 = CARTESIAN_POINT ( 'NONE',  ( 140.0000000000000284, -28.99999999999998579, 19.49999999999997513 ) ) ;
#3772 = DIRECTION ( 'NONE',  ( 1.000000000000000000, -2.220446049250312588E-16, 1.649003067838320811E-17 ) ) ;
#3773 = ADVANCED_FACE ( 'NONE', ( #5538 ), #1705, .F. ) ;
#3774 = ORIENTED_EDGE ( 'NONE', *, *, #410, .F. ) ;
#3775 = CARTESIAN_POINT ( 'NONE',  ( -72.87564434702669303, 154.2243186433195490, -60.00000000000000711 ) ) ;
#3776 = EDGE_CURVE ( 'NONE', #3980, #781, #599, .T. ) ;
#3777 = DIRECTION ( 'NONE',  ( 1.000000000000000000, 0.000000000000000000, 0.000000000000000000 ) ) ;
#3778 = ORIENTED_EDGE ( 'NONE', *, *, #2058, .T. ) ;
#3779 = ORIENTED_EDGE ( 'NONE', *, *, #8654, .F. ) ;
#3780 = DIRECTION ( 'NONE',  ( 0.8660254037844390407, -0.4999999999999992784, -0.000000000000000000 ) ) ;
#3781 = ORIENTED_EDGE ( 'NONE', *, *, #1470, .F. ) ;
#3782 = DIRECTION ( 'NONE',  ( 1.000000000000000000, -2.220446049250312588E-16, 1.649003067838320811E-17 ) ) ;
#3783 = DIRECTION ( 'NONE',  ( -0.8660254037844384856, 0.5000000000000003331, 0.000000000000000000 ) ) ;
#3784 = ORIENTED_EDGE ( 'NONE', *, *, #4760, .F. ) ;
#3785 = CARTESIAN_POINT ( 'NONE',  ( 270.0000000000000000, -84.00000000000000000, 0.000000000000000000 ) ) ;
#3786 = CARTESIAN_POINT ( 'NONE',  ( 136.9999999999999716, -84.00000000000000000, 10.00000000000000000 ) ) ;
#3787 = CARTESIAN_POINT ( 'NONE',  ( -116.5560796608472600, 116.8810519035827866, 10.00000000000000000 ) ) ;
#3788 = EDGE_LOOP ( 'NONE', ( #819, #8985, #4622, #7646 ) ) ;
#3789 = ORIENTED_EDGE ( 'NONE', *, *, #5303, .T. ) ;
#3790 = ORIENTED_EDGE ( 'NONE', *, *, #7463, .T. ) ;
#3791 = DIRECTION ( 'NONE',  ( 0.8660254037844387076, 0.4999999999999998890, 7.703719777548943412E-34 ) ) ;
#3792 = CARTESIAN_POINT ( 'NONE',  ( -203.2268960313996047, -123.9993093909723569, -18.00000000000001066 ) ) ;
#3793 = ORIENTED_EDGE ( 'NONE', *, *, #1282, .T. ) ;
#3794 = DIRECTION ( 'NONE',  ( -0.2499999999999999167, 0.4330127018922189097, 0.8660254037844388186 ) ) ;
#3795 = EDGE_CURVE ( 'NONE', #7985, #3153, #5817, .T. ) ;
#3796 = CARTESIAN_POINT ( 'NONE',  ( -21.26348502534913720, 234.8294364098343863, 10.00000000000000178 ) ) ;
#3797 = ORIENTED_EDGE ( 'NONE', *, *, #3937, .T. ) ;
#3798 = EDGE_CURVE ( 'NONE', #2143, #8584, #2282, .T. ) ;
#3799 = CARTESIAN_POINT ( 'NONE',  ( 127.4999999999995595, -13.99999999999998401, -18.00000000000000000 ) ) ;
#3800 = DIRECTION ( 'NONE',  ( 0.8660254037844387076, 0.4999999999999998890, 0.000000000000000000 ) ) ;
#3802 = DIRECTION ( 'NONE',  ( -1.635429539641431969E-16, -2.832647054857945307E-16, 1.000000000000000000 ) ) ;
#3801 = AXIS2_PLACEMENT_3D ( 'NONE', #7217, #6546, #6492 ) ;
#3803 = DIRECTION ( 'NONE',  ( -2.220446049250312588E-16, -1.000000000000000000, 1.025445864033519699E-16 ) ) ;
#3804 = CARTESIAN_POINT ( 'NONE',  ( -142.7461339178667288, -79.24355652984645815, 19.49999999999997513 ) ) ;
#3805 = ORIENTED_EDGE ( 'NONE', *, *, #7292, .F. ) ;
#3806 = CYLINDRICAL_SURFACE ( 'NONE', #2052, 9.499999999999953815 ) ;
#3807 = FACE_OUTER_BOUND ( 'NONE', #5851, .T. ) ;
#3808 = ORIENTED_EDGE ( 'NONE', *, *, #2483, .F. ) ;
#3809 = CIRCLE ( 'NONE', #284, 1.999999999999994893 ) ;
#3810 = EDGE_CURVE ( 'NONE', #4918, #8025, #6831, .T. ) ;
#3811 = CIRCLE ( 'NONE', #7665, 9.499999999999994671 ) ;
#3812 = EDGE_CURVE ( 'NONE', #1070, #1801, #4265, .T. ) ;
#3813 = EDGE_CURVE ( 'NONE', #3580, #6488, #3811, .T. ) ;
#3814 = EDGE_CURVE ( 'NONE', #2221, #141, #2594, .T. ) ;
#3815 = VERTEX_POINT ( 'NONE', #440 ) ;
#3816 = CARTESIAN_POINT ( 'NONE',  ( 2.746133917884023390, 163.2435565297863604, 19.49999999999997513 ) ) ;
#3817 = PLANE ( 'NONE',  #8580 ) ;
#3818 = AXIS2_PLACEMENT_3D ( 'NONE', #6100, #8400, #5426 ) ;
#3819 = CIRCLE ( 'NONE', #9204, 4.999999999999995559 ) ;
#3820 = ORIENTED_EDGE ( 'NONE', *, *, #947, .T. ) ;
#3821 = CARTESIAN_POINT ( 'NONE',  ( 250.5000000000000568, 42.50000000000000711, 10.00000000000000000 ) ) ;
#3822 = DIRECTION ( 'NONE',  ( 1.000000000000000000, 0.000000000000000000, 0.000000000000000000 ) ) ;
#3823 = EDGE_LOOP ( 'NONE', ( #6565, #4894, #3349, #5812 ) ) ;
#3824 = VECTOR ( 'NONE', #1091, 1000.000000000000000 ) ;
#3825 = EDGE_CURVE ( 'NONE', #1320, #8360, #1376, .T. ) ;
#3826 = CIRCLE ( 'NONE', #8896, 5.500000000000008882 ) ;
#3827 = ORIENTED_EDGE ( 'NONE', *, *, #892, .T. ) ;
#3828 = DIRECTION ( 'NONE',  ( -0.3788326176466338957, 0.6561573413282841827, -0.6526433874850773309 ) ) ;
#3829 = VERTEX_POINT ( 'NONE', #250 ) ;
#3830 = LINE ( 'NONE', #6099, #7724 ) ;
#3831 = EDGE_CURVE ( 'NONE', #5225, #8499, #8274, .T. ) ;
#3832 = CARTESIAN_POINT ( 'NONE',  ( 265.4999999999995453, -99.00000000000002842, -69.50000000000056843 ) ) ;
#3833 = ORIENTED_EDGE ( 'NONE', *, *, #3043, .F. ) ;
#3834 = LINE ( 'NONE', #969, #3754 ) ;
#3835 = CYLINDRICAL_SURFACE ( 'NONE', #9109, 11.00000000000000355 ) ;
#3836 = DIRECTION ( 'NONE',  ( -0.8660254037844391517, -0.4999999999999992228, 7.012543237461991856E-16 ) ) ;
#3837 = AXIS2_PLACEMENT_3D ( 'NONE', #8634, #4986, #7919 ) ;
#3838 = ORIENTED_EDGE ( 'NONE', *, *, #6442, .T. ) ;
#3839 = ORIENTED_EDGE ( 'NONE', *, *, #7463, .F. ) ;
#3840 = ORIENTED_EDGE ( 'NONE', *, *, #4119, .T. ) ;
#3841 = DIRECTION ( 'NONE',  ( -1.000000000000000000, 0.000000000000000000, -6.308085367188383338E-16 ) ) ;
#3842 = DIRECTION ( 'NONE',  ( -1.635429539641433941E-16, 2.832647054857943335E-16, 1.000000000000000000 ) ) ;
#3843 = ORIENTED_EDGE ( 'NONE', *, *, #3219, .F. ) ;
#3844 = DIRECTION ( 'NONE',  ( 0.000000000000000000, 0.000000000000000000, 1.000000000000000000 ) ) ;
#3845 = CYLINDRICAL_SURFACE ( 'NONE', #7190, 3.000000000000002665 ) ;
#3846 = LINE ( 'NONE', #3327, #8988 ) ;
#3847 = AXIS2_PLACEMENT_3D ( 'NONE', #9108, #2525, #1096 ) ;
#3848 = EDGE_LOOP ( 'NONE', ( #2158, #118, #7281, #526 ) ) ;
#3849 = CARTESIAN_POINT ( 'NONE',  ( 270.0000000000000000, -56.50000000000001421, 10.00000000000000533 ) ) ;
#3850 = LINE ( 'NONE', #5976, #9428 ) ;
#3851 = CARTESIAN_POINT ( 'NONE',  ( 143.0000000000000000, -29.00000000000000000, 0.000000000000000000 ) ) ;
#3852 = CARTESIAN_POINT ( 'NONE',  ( -22.06956468618804124, 151.2256073373552283, -3.000000000000029754 ) ) ;
#3853 = AXIS2_PLACEMENT_3D ( 'NONE', #3849, #7560, #3707 ) ;
#3854 = CYLINDRICAL_SURFACE ( 'NONE', #5528, 3.500000000000013323 ) ;
#3855 = VERTEX_POINT ( 'NONE', #632 ) ;
#3856 = FACE_OUTER_BOUND ( 'NONE', #1755, .T. ) ;
#3857 = FACE_OUTER_BOUND ( 'NONE', #5972, .T. ) ;
#3858 = ADVANCED_FACE ( 'NONE', ( #9327 ), #4906, .F. ) ;
#3859 = EDGE_LOOP ( 'NONE', ( #7254, #7078 ) ) ;
#3860 = CARTESIAN_POINT ( 'NONE',  ( 218.9999999999995453, -99.00000000000001421, -18.00000000000000355 ) ) ;
#3861 = CARTESIAN_POINT ( 'NONE',  ( -152.1243556529558703, -235.4871130596678483, 23.00000000000000711 ) ) ;
#3862 = CARTESIAN_POINT ( 'NONE',  ( -52.87564434702667882, 119.5833024919419643, 22.99999999999998579 ) ) ;
#3863 = EDGE_CURVE ( 'NONE', #3855, #2107, #6396, .T. ) ;
#3864 = ORIENTED_EDGE ( 'NONE', *, *, #8182, .F. ) ;
#3865 = ADVANCED_FACE ( 'NONE', ( #8605 ), #4261, .F. ) ;
#3866 = DIRECTION ( 'NONE',  ( 1.635429539641431969E-16, 2.832647054857945307E-16, 1.000000000000000000 ) ) ;
#3867 = CARTESIAN_POINT ( 'NONE',  ( -194.4685657822018925, -134.8294364098945266, -18.00000000000001066 ) ) ;
#3868 = ORIENTED_EDGE ( 'NONE', *, *, #557, .F. ) ;
#3869 = ORIENTED_EDGE ( 'NONE', *, *, #238, .F. ) ;
#3870 = CARTESIAN_POINT ( 'NONE',  ( 140.0000000000000284, -83.99999999999998579, 19.49999999999998224 ) ) ;
#3871 = DIRECTION ( 'NONE',  ( -0.000000000000000000, -0.000000000000000000, -1.000000000000000000 ) ) ;
#3872 = ORIENTED_EDGE ( 'NONE', *, *, #1733, .T. ) ;
#3873 = CARTESIAN_POINT ( 'NONE',  ( 278.0000000000000000, -14.00000000000001243, 25.00000000000000000 ) ) ;
#3874 = CIRCLE ( 'NONE', #201, 3.500000000000013323 ) ;
#3875 = CARTESIAN_POINT ( 'NONE',  ( -160.1147367097225640, -219.3268590218235659, 10.00000000000000000 ) ) ;
#3876 = EDGE_LOOP ( 'NONE', ( #7974, #8006, #5752, #5002 ) ) ;
#3877 = DIRECTION ( 'NONE',  ( 1.635429539641433941E-16, -2.832647054857943335E-16, -1.000000000000000000 ) ) ;
#3878 = VECTOR ( 'NONE', #449, 1000.000000000000000 ) ;
#3879 = ADVANCED_FACE ( 'NONE', ( #488 ), #5777, .T. ) ;
#3880 = CARTESIAN_POINT ( 'NONE',  ( -219.4297447047422054, -310.0634665205517422, 10.00000000000000000 ) ) ;
#3881 = CYLINDRICAL_SURFACE ( 'NONE', #7918, 11.00000000000000000 ) ;
#3882 = VERTEX_POINT ( 'NONE', #4954 ) ;
#3883 = EDGE_CURVE ( 'NONE', #2576, #7799, #4889, .T. ) ;
#3884 = EDGE_LOOP ( 'NONE', ( #278, #2650 ) ) ;
#3885 = CIRCLE ( 'NONE', #6192, 9.500000000000015987 ) ;
#3886 = VERTEX_POINT ( 'NONE', #1359 ) ;
#3887 = AXIS2_PLACEMENT_3D ( 'NONE', #7399, #822, #7349 ) ;
#3888 = DIRECTION ( 'NONE',  ( -0.000000000000000000, -0.000000000000000000, -1.000000000000000000 ) ) ;
#3889 = CARTESIAN_POINT ( 'NONE',  ( -92.36473670972256400, -101.9804168090319791, 24.99999999999997158 ) ) ;
#3890 = ORIENTED_EDGE ( 'NONE', *, *, #4341, .F. ) ;
#3891 = CARTESIAN_POINT ( 'NONE',  ( -166.8060796608473311, 203.9166049839188304, 0.000000000000000000 ) ) ;
#3892 = EDGE_CURVE ( 'NONE', #3243, #3967, #7810, .T. ) ;
#3893 = DIRECTION ( 'NONE',  ( 0.5000000000000002220, 0.8660254037844385966, 0.000000000000000000 ) ) ;
#3894 = AXIS2_PLACEMENT_3D ( 'NONE', #4582, #6702, #7620 ) ;
#3895 = CYLINDRICAL_SURFACE ( 'NONE', #4213, 11.00000000000001066 ) ;
#3896 = VECTOR ( 'NONE', #7136, 1000.000000000000000 ) ;
#3897 = VERTEX_POINT ( 'NONE', #3503 ) ;
#3898 = VERTEX_POINT ( 'NONE', #3413 ) ;
#3899 = AXIS2_PLACEMENT_3D ( 'NONE', #8320, #7410, #6112 ) ;
#3900 = DIRECTION ( 'NONE',  ( 0.000000000000000000, 0.000000000000000000, 1.000000000000000000 ) ) ;
#3901 = DIRECTION ( 'NONE',  ( -2.220446049250312588E-16, -1.000000000000000000, 1.025445864033519699E-16 ) ) ;
#3902 = CARTESIAN_POINT ( 'NONE',  ( 7.986514974650880561, 184.1669502884446672, -124.5262794416288443 ) ) ;
#3903 = DIRECTION ( 'NONE',  ( 1.000000000000000000, 0.000000000000000000, 0.000000000000000000 ) ) ;
#3904 = DIRECTION ( 'NONE',  ( 0.4999999999999992784, -0.8660254037844389297, 0.000000000000000000 ) ) ;
#3905 = VERTEX_POINT ( 'NONE', #5045 ) ;
#3906 = FACE_BOUND ( 'NONE', #1882, .T. ) ;
#3907 = CARTESIAN_POINT ( 'NONE',  ( 150.0000000000000284, -130.5000000000000000, 10.00000000000000000 ) ) ;
#3908 = AXIS2_PLACEMENT_3D ( 'NONE', #1164, #2590, #8356 ) ;
#3909 = VERTEX_POINT ( 'NONE', #7251 ) ;
#3910 = VECTOR ( 'NONE', #4492, 1000.000000000000000 ) ;
#3911 = CIRCLE ( 'NONE', #393, 9.499999999999994671 ) ;
#3912 = VERTEX_POINT ( 'NONE', #2702 ) ;
#3913 = DIRECTION ( 'NONE',  ( 3.105958772499038389E-16, 1.025445864033519576E-16, 1.000000000000000000 ) ) ;
#3914 = VECTOR ( 'NONE', #8012, 1000.000000000000000 ) ;
#3915 = CARTESIAN_POINT ( 'NONE',  ( 213.9999999999995453, -101.0000000000000142, 8.000000000000035527 ) ) ;
#3916 = AXIS2_PLACEMENT_3D ( 'NONE', #504, #7813, #4775 ) ;
#3917 = VECTOR ( 'NONE', #1494, 1000.000000000000000 ) ;
#3918 = ORIENTED_EDGE ( 'NONE', *, *, #4997, .F. ) ;
#3919 = CARTESIAN_POINT ( 'NONE',  ( -21.26348502534913720, 234.8294364098344147, -18.00000000000001421 ) ) ;
#3920 = DIRECTION ( 'NONE',  ( 0.8660254037844391517, -0.4999999999999992784, 0.000000000000000000 ) ) ;
#3921 = ORIENTED_EDGE ( 'NONE', *, *, #7757, .T. ) ;
#3922 = LOCAL_TIME ( 17, 38, 52.00000000000000000, #1202 ) ;
#3923 = ORIENTED_EDGE ( 'NONE', *, *, #1599, .F. ) ;
#3924 = ADVANCED_FACE ( 'NONE', ( #1268 ), #676, .F. ) ;
#3925 = FACE_OUTER_BOUND ( 'NONE', #6421, .T. ) ;
#3926 = PLANE ( 'NONE',  #356 ) ;
#3927 = DIRECTION ( 'NONE',  ( 0.4999999999999998890, -0.8660254037844387076, -3.270859079282868375E-16 ) ) ;
#3928 = ORIENTED_EDGE ( 'NONE', *, *, #257, .F. ) ;
#3929 = CARTESIAN_POINT ( 'NONE',  ( -124.7833209967994321, 112.1310519035828008, 0.000000000000000000 ) ) ;
#3930 = DIRECTION ( 'NONE',  ( -3.435759386066699840E-16, 1.025445864033521055E-16, 1.000000000000000000 ) ) ;
#3931 = CARTESIAN_POINT ( 'NONE',  ( -106.8852632902927837, 248.3268590217633403, 0.000000000000000000 ) ) ;
#3932 = VECTOR ( 'NONE', #304, 1000.000000000000114 ) ;
#3933 = ORIENTED_EDGE ( 'NONE', *, *, #1969, .T. ) ;
#3934 = ORIENTED_EDGE ( 'NONE', *, *, #2013, .T. ) ;
#3935 = ORIENTED_EDGE ( 'NONE', *, *, #1817, .T. ) ;
#3936 = EDGE_CURVE ( 'NONE', #2809, #1191, #2075, .T. ) ;
#3937 = EDGE_CURVE ( 'NONE', #4068, #6585, #285, .T. ) ;
#3938 = DIRECTION ( 'NONE',  ( -2.220446049250312588E-16, -1.000000000000000000, 1.025445864033519699E-16 ) ) ;
#3939 = CARTESIAN_POINT ( 'NONE',  ( 160.9999999999995168, -99.00000000000002842, -115.0000000000000142 ) ) ;
#3940 = ORIENTED_EDGE ( 'NONE', *, *, #6696, .F. ) ;
#3941 = FACE_OUTER_BOUND ( 'NONE', #7327, .T. ) ;
#3942 = CARTESIAN_POINT ( 'NONE',  ( 149.9999999999994600, -13.99999999999999467, -110.0000000000000284 ) ) ;
#3943 = FACE_OUTER_BOUND ( 'NONE', #4735, .T. ) ;
#3944 = VERTEX_POINT ( 'NONE', #8506 ) ;
#3945 = VERTEX_POINT ( 'NONE', #1942 ) ;
#3946 = EDGE_CURVE ( 'NONE', #5685, #8015, #1315, .T. ) ;
#3947 = DIRECTION ( 'NONE',  ( 1.635429539641433941E-16, -2.832647054857943335E-16, 1.000000000000000000 ) ) ;
#3948 = DIRECTION ( 'NONE',  ( 1.000000000000000000, 0.000000000000000000, 0.000000000000000000 ) ) ;
#3949 = EDGE_CURVE ( 'NONE', #385, #3897, #7110, .T. ) ;
#3950 = EDGE_CURVE ( 'NONE', #4783, #6934, #1448, .T. ) ;
#3951 = DIRECTION ( 'NONE',  ( -1.635429539641431722E-16, -2.832647054857944814E-16, 1.000000000000000000 ) ) ;
#3952 = CARTESIAN_POINT ( 'NONE',  ( 378.2377111446261324, 35.00000000000000000, 10.00000000000000000 ) ) ;
#3953 = CARTESIAN_POINT ( 'NONE',  ( 250.5000000000000568, 52.00000000000002132, 10.00000000000000000 ) ) ;
#3954 = ORIENTED_EDGE ( 'NONE', *, *, #2306, .T. ) ;
#3955 = FACE_BOUND ( 'NONE', #8455, .T. ) ;
#3956 = LINE ( 'NONE', #309, #5679 ) ;
#3957 = ORIENTED_EDGE ( 'NONE', *, *, #8758, .T. ) ;
#3958 = FACE_OUTER_BOUND ( 'NONE', #1037, .T. ) ;
#3959 = FACE_OUTER_BOUND ( 'NONE', #4224, .T. ) ;
#3960 = ADVANCED_FACE ( 'NONE', ( #583 ), #4130, .T. ) ;
#3961 = DIRECTION ( 'NONE',  ( -0.4999999999999975575, 0.8660254037844400399, -6.308085367188369533E-16 ) ) ;
#3962 = DIRECTION ( 'NONE',  ( -1.635429539641431969E-16, -2.832647054857945307E-16, 1.000000000000000000 ) ) ;
#3963 = AXIS2_PLACEMENT_3D ( 'NONE', #1072, #3985, #336 ) ;
#3964 = VECTOR ( 'NONE', #4667, 1000.000000000000000 ) ;
#3965 = DIRECTION ( 'NONE',  ( 0.000000000000000000, 0.000000000000000000, 1.000000000000000000 ) ) ;
#3966 = ORIENTED_EDGE ( 'NONE', *, *, #4896, .T. ) ;
#3967 = VERTEX_POINT ( 'NONE', #7796 ) ;
#3968 = VECTOR ( 'NONE', #3062, 1000.000000000000000 ) ;
#3970 = AXIS2_PLACEMENT_3D ( 'NONE', #2575, #6324, #9254 ) ;
#3969 = DIRECTION ( 'NONE',  ( -0.000000000000000000, -0.000000000000000000, -1.000000000000000000 ) ) ;
#3971 = PLANE ( 'NONE',  #1016 ) ;
#3972 = DIRECTION ( 'NONE',  ( -0.5000000000000007772, 0.8660254037844382635, -6.308085367188392213E-16 ) ) ;
#3973 = VERTEX_POINT ( 'NONE', #8555 ) ;
#3974 = DIRECTION ( 'NONE',  ( -0.000000000000000000, -0.000000000000000000, -1.000000000000000000 ) ) ;
#3975 = LINE ( 'NONE', #8262, #6655 ) ;
#3976 = CARTESIAN_POINT ( 'NONE',  ( -72.87564434702667882, 154.2243186433195206, -6.938893903907228378E-15 ) ) ;
#3977 = CIRCLE ( 'NONE', #7511, 5.000000000000007994 ) ;
#3978 = VERTEX_POINT ( 'NONE', #1985 ) ;
#3979 = VECTOR ( 'NONE', #5404, 1000.000000000000000 ) ;
#3980 = VERTEX_POINT ( 'NONE', #1552 ) ;
#3981 = VERTEX_POINT ( 'NONE', #922 ) ;
#3982 = AXIS2_PLACEMENT_3D ( 'NONE', #2003, #4923, #4186 ) ;
#3983 = ADVANCED_FACE ( 'NONE', ( #1505 ), #3835, .T. ) ;
#3984 = FACE_OUTER_BOUND ( 'NONE', #5847, .T. ) ;
#3985 = DIRECTION ( 'NONE',  ( -0.000000000000000000, -0.000000000000000000, -1.000000000000000000 ) ) ;
#3986 = ORIENTED_EDGE ( 'NONE', *, *, #2954, .F. ) ;
#3987 = VECTOR ( 'NONE', #3676, 1000.000000000000000 ) ;
#3988 = DIRECTION ( 'NONE',  ( -0.2499999999999999445, 0.4330127018922209636, 0.8660254037844378194 ) ) ;
#3989 = DIRECTION ( 'NONE',  ( -1.000000000000000000, 0.000000000000000000, 0.000000000000000000 ) ) ;
#3990 = DIRECTION ( 'NONE',  ( -1.000000000000000000, 0.000000000000000000, 0.000000000000000000 ) ) ;
#3991 = EDGE_CURVE ( 'NONE', #4573, #6111, #7735, .T. ) ;
#3992 = EDGE_CURVE ( 'NONE', #4612, #3254, #6769, .T. ) ;
#3993 = ORIENTED_EDGE ( 'NONE', *, *, #619, .T. ) ;
#3994 = ORIENTED_EDGE ( 'NONE', *, *, #1206, .F. ) ;
#3995 = CARTESIAN_POINT ( 'NONE',  ( -62.25386608211591977, 275.8268590217633687, 10.00000000000000178 ) ) ;
#3996 = VECTOR ( 'NONE', #8949, 1000.000000000000000 ) ;
#3997 = DIRECTION ( 'NONE',  ( -1.000000000000000000, 0.000000000000000000, 0.000000000000000000 ) ) ;
#3998 = DIRECTION ( 'NONE',  ( 0.7071067811865515695, -8.449927344859873071E-17, 0.7071067811865434649 ) ) ;
#3999 = CARTESIAN_POINT ( 'NONE',  ( 378.2377111446261324, 35.00000000000000000, 10.00000000000000000 ) ) ;
#4000 = DIRECTION ( 'NONE',  ( 0.2499999999999998890, -0.4330127018922188542, 0.8660254037844389297 ) ) ;
#4001 = ORIENTED_EDGE ( 'NONE', *, *, #1612, .T. ) ;
#4002 = CARTESIAN_POINT ( 'NONE',  ( 143.0000000000000000, -84.00000000000000000, 10.00000000000000000 ) ) ;
#4003 = OPEN_SHELL ( 'NONE', ( #2843, #7172, #9078 ) ) ;
#4004 = CARTESIAN_POINT ( 'NONE',  ( -21.26348502534915141, 234.8294364098343863, 8.000000000000028422 ) ) ;
#4005 = ADVANCED_FACE ( 'NONE', ( #1594 ), #731, .F. ) ;
#4006 = EDGE_LOOP ( 'NONE', ( #9322, #4782, #2784, #2707 ) ) ;
#4007 = ADVANCED_FACE ( 'NONE', ( #8023 ), #7449, .T. ) ;
#4008 = CARTESIAN_POINT ( 'NONE',  ( -205.7268960313996047, -128.3294364098945550, 8.000000000000028422 ) ) ;
#4009 = LINE ( 'NONE', #8432, #398 ) ;
#4010 = CARTESIAN_POINT ( 'NONE',  ( -127.8756443470266646, 249.4871130596077364, 23.00000000000000711 ) ) ;
#4011 = CYLINDRICAL_SURFACE ( 'NONE', #6663, 5.499999999999997335 ) ;
#4012 = CARTESIAN_POINT ( 'NONE',  ( -109.8852632902600561, 248.3268590217633403, 19.49999999999997513 ) ) ;
#4013 = EDGE_CURVE ( 'NONE', #8707, #692, #5814, .T. ) ;
#4014 = AXIS2_PLACEMENT_3D ( 'NONE', #4673, #7704, #5589 ) ;
#4015 = MECHANICAL_CONTEXT ( 'NONE', #9299, 'mechanical' ) ;
#4016 = EDGE_CURVE ( 'NONE', #5768, #6258, #1453, .T. ) ;
#4017 = ORIENTED_EDGE ( 'NONE', *, *, #5468, .T. ) ;
#4018 = ORIENTED_EDGE ( 'NONE', *, *, #4444, .T. ) ;
#4019 = FACE_OUTER_BOUND ( 'NONE', #634, .T. ) ;
#4020 = CARTESIAN_POINT ( 'NONE',  ( -72.94703358218229994, 131.0890912815995364, -115.0000000000000426 ) ) ;
#4021 = DIRECTION ( 'NONE',  ( 0.7071067811865434649, -2.295192182881570175E-16, -0.7071067811865515695 ) ) ;
#4022 = ORIENTED_EDGE ( 'NONE', *, *, #4357, .F. ) ;
#4023 = LINE ( 'NONE', #7057, #6375 ) ;
#4024 = CARTESIAN_POINT ( 'NONE',  ( -193.2185657822018925, -132.6643729004334205, -13.66987298107781257 ) ) ;
#4025 = CARTESIAN_POINT ( 'NONE',  ( 150.0000000000000000, 42.50000000000000000, 0.000000000000000000 ) ) ;
#4026 = ORIENTED_EDGE ( 'NONE', *, *, #5351, .T. ) ;
#4027 = ORIENTED_EDGE ( 'NONE', *, *, #7937, .F. ) ;
#4028 = EDGE_LOOP ( 'NONE', ( #9429, #4982, #4455, #2350 ) ) ;
#4029 = AXIS2_PLACEMENT_3D ( 'NONE', #4471, #3745, #5341 ) ;
#4030 = AXIS2_PLACEMENT_3D ( 'NONE', #3999, #7707, #5548 ) ;
#4031 = CARTESIAN_POINT ( 'NONE',  ( 0.7365149746506143291, 196.7243186433195206, -6.938893903907228378E-15 ) ) ;
#4032 = DIRECTION ( 'NONE',  ( 0.3263216937425382769, 0.5652057531740082297, -0.7576652352932681245 ) ) ;
#4033 = EDGE_LOOP ( 'NONE', ( #2364, #6772, #5375, #9103 ) ) ;
#4034 = CARTESIAN_POINT ( 'NONE',  ( 270.0000000000000000, -56.50000000000000000, 10.00000000000000000 ) ) ;
#4035 = DIRECTION ( 'NONE',  ( -0.5000000000000008882, 0.8660254037844381525, 0.000000000000000000 ) ) ;
#4036 = DIRECTION ( 'NONE',  ( 2.220446049250312588E-16, 1.000000000000000000, -1.025445864033519699E-16 ) ) ;
#4037 = AXIS2_PLACEMENT_3D ( 'NONE', #4631, #3141, #1815 ) ;
#4038 = ORIENTED_EDGE ( 'NONE', *, *, #6687, .T. ) ;
#4039 = CIRCLE ( 'NONE', #2520, 3.000000000016484147 ) ;
#4040 = ORIENTED_EDGE ( 'NONE', *, *, #6224, .T. ) ;
#4041 = DIRECTION ( 'NONE',  ( 0.4999999999999996669, 0.8660254037844388186, -6.308085367188379394E-16 ) ) ;
#4042 = LINE ( 'NONE', #8464, #5603 ) ;
#4043 = ADVANCED_FACE ( 'NONE', ( #3645 ), #2307, .F. ) ;
#4044 = LINE ( 'NONE', #9149, #84 ) ;
#4045 = CARTESIAN_POINT ( 'NONE',  ( -42.94392033913519668, -159.3810519036429696, 10.00000000000000000 ) ) ;
#4046 = CIRCLE ( 'NONE', #6208, 5.000000000000005329 ) ;
#4047 = CARTESIAN_POINT ( 'NONE',  ( 280.5000000000000000, -140.0000000000000000, 10.00000000000000000 ) ) ;
#4048 = ORIENTED_EDGE ( 'NONE', *, *, #139, .F. ) ;
#4049 = CARTESIAN_POINT ( 'NONE',  ( 10.73651497465087878, 179.4038105676302735, -115.0000000000000142 ) ) ;
#4050 = DIRECTION ( 'NONE',  ( -3.435759386066699840E-16, 1.025445864033521055E-16, 1.000000000000000000 ) ) ;
#4051 = EDGE_LOOP ( 'NONE', ( #7851, #1182 ) ) ;
#4052 = CIRCLE ( 'NONE', #7128, 2.000000000000001776 ) ;
#4053 = AXIS2_PLACEMENT_3D ( 'NONE', #4762, #4864, #6884 ) ;
#4054 = DIRECTION ( 'NONE',  ( 0.8660254037844387076, 0.4999999999999998890, 0.000000000000000000 ) ) ;
#4055 = ADVANCED_FACE ( 'NONE', ( #4464 ), #43, .T. ) ;
#4056 = CARTESIAN_POINT ( 'NONE',  ( 280.0000000000000000, -14.00000000000001243, 23.00000000000000711 ) ) ;
#4057 = CARTESIAN_POINT ( 'NONE',  ( 376.2377111446261324, 35.00000000000000000, 10.00000000000000000 ) ) ;
#4058 = ORIENTED_EDGE ( 'NONE', *, *, #4108, .T. ) ;
#4059 = DIRECTION ( 'NONE',  ( -0.8660254037844390407, 0.4999999999999992228, 0.000000000000000000 ) ) ;
#4060 = CARTESIAN_POINT ( 'NONE',  ( -27.23368480613949316, 308.1701257614999463, 10.00000000000000000 ) ) ;
#4061 = EDGE_CURVE ( 'NONE', #5690, #4438, #8494, .T. ) ;
#4062 = AXIS2_PLACEMENT_3D ( 'NONE', #7640, #1062, #9126 ) ;
#4063 = DIRECTION ( 'NONE',  ( 1.000000000000000000, -6.769652589177796698E-16, 0.000000000000000000 ) ) ;
#4064 = VECTOR ( 'NONE', #6610, 1000.000000000000000 ) ;
#4065 = APPROVAL_DATE_TIME ( #9353, #8282 ) ;
#4066 = ORIENTED_EDGE ( 'NONE', *, *, #2, .T. ) ;
#4067 = VECTOR ( 'NONE', #8341, 1000.000000000000114 ) ;
#4068 = VERTEX_POINT ( 'NONE', #3066 ) ;
#4069 = AXIS2_PLACEMENT_3D ( 'NONE', #1198, #9253, #2766 ) ;
#4070 = ADVANCED_FACE ( 'NONE', ( #9519 ), #6005, .T. ) ;
#4071 = FACE_OUTER_BOUND ( 'NONE', #7312, .T. ) ;
#4072 = FACE_BOUND ( 'NONE', #1509, .T. ) ;
#4073 = EDGE_CURVE ( 'NONE', #311, #3898, #777, .T. ) ;
#4074 = DIRECTION ( 'NONE',  ( 0.2499999999999999445, -0.4330127018922209636, -0.8660254037844378194 ) ) ;
#4075 = ORIENTED_EDGE ( 'NONE', *, *, #742, .T. ) ;
#4076 = CARTESIAN_POINT ( 'NONE',  ( -44.26348502534936813, 274.6666049839190009, -75.00000000000001421 ) ) ;
#4077 = DIRECTION ( 'NONE',  ( 1.000000000000000000, 0.000000000000000000, 3.469446951953611231E-16 ) ) ;
#4078 = AXIS2_PLACEMENT_3D ( 'NONE', #1751, #4036, #4714 ) ;
#4079 = DIRECTION ( 'NONE',  ( 1.000000000000000000, 0.000000000000000000, 0.000000000000000000 ) ) ;
#4080 = VECTOR ( 'NONE', #6615, 999.9999999999998863 ) ;
#4081 = ORIENTED_EDGE ( 'NONE', *, *, #5640, .T. ) ;
#4082 = ORIENTED_EDGE ( 'NONE', *, *, #6407, .T. ) ;
#4083 = LINE ( 'NONE', #8367, #1909 ) ;
#4084 = CARTESIAN_POINT ( 'NONE',  ( 139.9999999999999716, -56.50000000000000000, 10.00000000000000000 ) ) ;
#4085 = ORIENTED_EDGE ( 'NONE', *, *, #606, .F. ) ;
#4086 = LINE ( 'NONE', #8554, #1004 ) ;
#4087 = CARTESIAN_POINT ( 'NONE',  ( 213.9999999999995453, -99.00000000000001421, 8.000000000000035527 ) ) ;
#4088 = DIRECTION ( 'NONE',  ( 0.000000000000000000, 0.000000000000000000, 1.000000000000000000 ) ) ;
#4089 = ORIENTED_EDGE ( 'NONE', *, *, #2255, .F. ) ;
#4090 = ORIENTED_EDGE ( 'NONE', *, *, #2306, .F. ) ;
#4091 = DIRECTION ( 'NONE',  ( 1.000000000000000000, 0.000000000000000000, 0.000000000000000000 ) ) ;
#4092 = LINE ( 'NONE', #6670, #9436 ) ;
#4093 = DIRECTION ( 'NONE',  ( 1.000000000000000000, 0.000000000000000000, 0.000000000000000000 ) ) ;
#4094 = CARTESIAN_POINT ( 'NONE',  ( -94.87564434702643723, 192.3294364098344147, -137.5000000000000000 ) ) ;
#4095 = FACE_BOUND ( 'NONE', #4672, .T. ) ;
#4096 = ORIENTED_EDGE ( 'NONE', *, *, #4123, .T. ) ;
#4097 = FACE_BOUND ( 'NONE', #3228, .T. ) ;
#4098 = CARTESIAN_POINT ( 'NONE',  ( -19.53143421778027289, 235.8294364098343863, 8.000000000000028422 ) ) ;
#4099 = VERTEX_POINT ( 'NONE', #2977 ) ;
#4100 = FACE_BOUND ( 'NONE', #4231, .T. ) ;
#4101 = CARTESIAN_POINT ( 'NONE',  ( -188.0163151938431270, -64.65381056769086854, 10.00000000000000000 ) ) ;
#4102 = DIRECTION ( 'NONE',  ( -1.635429539641433941E-16, 2.832647054857943335E-16, 1.000000000000000000 ) ) ;
#4103 = ORIENTED_EDGE ( 'NONE', *, *, #539, .F. ) ;
#4104 = LINE ( 'NONE', #2726, #6800 ) ;
#4105 = EDGE_CURVE ( 'NONE', #4266, #6869, #8189, .T. ) ;
#4106 = DATE_AND_TIME ( #3437, #6389 ) ;
#4107 = EDGE_CURVE ( 'NONE', #221, #2409, #5437, .T. ) ;
#4108 = EDGE_CURVE ( 'NONE', #3815, #6418, #5959, .T. ) ;
#4109 = ORIENTED_EDGE ( 'NONE', *, *, #2562, .T. ) ;
#4110 = VERTEX_POINT ( 'NONE', #8885 ) ;
#4111 = DIRECTION ( 'NONE',  ( -0.8660254037844390407, 0.4999999999999992228, 0.000000000000000000 ) ) ;
#4112 = CARTESIAN_POINT ( 'NONE',  ( -183.1188555723051934, 327.5634665204914882, 0.000000000000000000 ) ) ;
#4113 = AXIS2_PLACEMENT_3D ( 'NONE', #1173, #8271, #6918 ) ;
#4114 = CARTESIAN_POINT ( 'NONE',  ( -94.87564434702643723, 192.3294364098343863, 24.99999999999999289 ) ) ;
#4115 = EDGE_LOOP ( 'NONE', ( #4273, #954, #2416, #7522 ) ) ;
#4116 = DIRECTION ( 'NONE',  ( -1.000000000000000000, 0.000000000000000000, 0.000000000000000000 ) ) ;
#4117 = CARTESIAN_POINT ( 'NONE',  ( -109.8852632902600561, 248.3268590217633403, 10.00000000000000178 ) ) ;
#4118 = DIRECTION ( 'NONE',  ( 1.000000000000000000, 0.000000000000000000, 0.000000000000000000 ) ) ;
#4119 = EDGE_CURVE ( 'NONE', #2007, #4941, #5238, .T. ) ;
#4120 = VERTEX_POINT ( 'NONE', #7015 ) ;
#4121 = AXIS2_PLACEMENT_3D ( 'NONE', #4557, #4021, #5476 ) ;
#4122 = ORIENTED_EDGE ( 'NONE', *, *, #2988, .F. ) ;
#4123 = EDGE_CURVE ( 'NONE', #781, #3980, #520, .T. ) ;
#4124 = CARTESIAN_POINT ( 'NONE',  ( -217.4297447047601679, 310.0634665204914313, 0.000000000000000000 ) ) ;
#4125 = CARTESIAN_POINT ( 'NONE',  ( 142.0000000000000568, -56.49999999999998579, -3.000000000000029754 ) ) ;
#4126 = EDGE_LOOP ( 'NONE', ( #9246, #9224, #920, #6950 ) ) ;
#4127 = DIRECTION ( 'NONE',  ( 3.105958772499037896E-16, 1.025445864033519576E-16, 1.000000000000000000 ) ) ;
#4128 = CIRCLE ( 'NONE', #5823, 5.500000000000005329 ) ;
#4129 = VECTOR ( 'NONE', #5023, 1000.000000000000000 ) ;
#4130 = PLANE ( 'NONE',  #5738 ) ;
#4131 = DIRECTION ( 'NONE',  ( 0.8660254037844387076, 0.4999999999999998890, 0.000000000000000000 ) ) ;
#4132 = AXIS2_PLACEMENT_3D ( 'NONE', #6796, #2249, #905 ) ;
#4133 = EDGE_CURVE ( 'NONE', #9321, #1898, #9418, .T. ) ;
#4134 = ORIENTED_EDGE ( 'NONE', *, *, #4324, .F. ) ;
#4135 = ORIENTED_EDGE ( 'NONE', *, *, #4576, .F. ) ;
#4136 = AXIS2_PLACEMENT_3D ( 'NONE', #4322, #7081, #7946 ) ;
#4137 = CARTESIAN_POINT ( 'NONE',  ( -162.4685657822019209, -79.40381056769041379, -115.0000000000000142 ) ) ;
#4138 = DIRECTION ( 'NONE',  ( -2.220446049250312588E-16, -1.000000000000000000, 1.025445864033519699E-16 ) ) ;
#4139 = DIRECTION ( 'NONE',  ( 1.000000000000000000, 0.000000000000000000, 0.000000000000000000 ) ) ;
#4140 = CARTESIAN_POINT ( 'NONE',  ( -121.6256443470264941, 238.6617955123019783, 35.50000000000031974 ) ) ;
#4141 = EDGE_LOOP ( 'NONE', ( #6094, #8690, #1114, #1912, #2731, #6390, #8541, #40, #9054, #1979, #9339, #3928, #4153 ) ) ;
#4142 = FACE_BOUND ( 'NONE', #8165, .T. ) ;
#4143 = LINE ( 'NONE', #5457, #3518 ) ;
#4144 = ORIENTED_EDGE ( 'NONE', *, *, #8399, .F. ) ;
#4145 = CARTESIAN_POINT ( 'NONE',  ( -226.8525403784177286, -192.9201257615600866, 10.00000000000000000 ) ) ;
#4146 = DIRECTION ( 'NONE',  ( -0.000000000000000000, 0.000000000000000000, -1.000000000000000000 ) ) ;
#4147 = CYLINDRICAL_SURFACE ( 'NONE', #4069, 5.000000000000004441 ) ;
#4148 = DIRECTION ( 'NONE',  ( 0.8660254037844390407, -0.4999999999999992784, -0.000000000000000000 ) ) ;
#4149 = ORIENTED_EDGE ( 'NONE', *, *, #5939, .F. ) ;
#4150 = CARTESIAN_POINT ( 'NONE',  ( -109.8852632902600561, 248.3268590217633403, 19.49999999999997513 ) ) ;
#4151 = DATE_AND_TIME ( #5515, #5472 ) ;
#4152 = VERTEX_POINT ( 'NONE', #6049 ) ;
#4153 = ORIENTED_EDGE ( 'NONE', *, *, #6824, .F. ) ;
#4154 = CARTESIAN_POINT ( 'NONE',  ( -85.06956468618800216, 260.3448082141944724, 24.99999999999997513 ) ) ;
#4156 = EDGE_CURVE ( 'NONE', #5333, #5203, #8357, .T. ) ;
#4155 = CYLINDRICAL_SURFACE ( 'NONE', #8039, 5.000000000000014211 ) ;
#4157 = ORIENTED_EDGE ( 'NONE', *, *, #4352, .F. ) ;
#4158 = DIRECTION ( 'NONE',  ( -0.8660254037844387076, -0.4999999999999998890, 7.703719777548943412E-34 ) ) ;
#4159 = CARTESIAN_POINT ( 'NONE',  ( -106.8852632902927837, 248.3268590217633403, 10.00000000000000000 ) ) ;
#4160 = DIRECTION ( 'NONE',  ( -0.000000000000000000, -0.000000000000000000, -1.000000000000000000 ) ) ;
#4161 = ORIENTED_EDGE ( 'NONE', *, *, #2715, .F. ) ;
#4162 = ORIENTED_EDGE ( 'NONE', *, *, #3795, .F. ) ;
#4163 = EDGE_CURVE ( 'NONE', #625, #9460, #9268, .T. ) ;
#4164 = DIRECTION ( 'NONE',  ( 0.000000000000000000, 1.000000000000000000, 0.000000000000000000 ) ) ;
#4165 = DIRECTION ( 'NONE',  ( 0.000000000000000000, 0.000000000000000000, 1.000000000000000000 ) ) ;
#4166 = ORIENTED_EDGE ( 'NONE', *, *, #6224, .F. ) ;
#4167 = DIRECTION ( 'NONE',  ( -1.000000000000000000, 0.000000000000000000, 0.000000000000000000 ) ) ;
#4168 = DIRECTION ( 'NONE',  ( 1.000000000000000000, 0.000000000000000000, 3.154042683594191669E-16 ) ) ;
#4169 = CARTESIAN_POINT ( 'NONE',  ( 260.0000000000000000, -99.00000000000002842, -17.99999999999998934 ) ) ;
#4170 = ORIENTED_EDGE ( 'NONE', *, *, #1719, .T. ) ;
#4171 = VERTEX_POINT ( 'NONE', #7688 ) ;
#4172 = CARTESIAN_POINT ( 'NONE',  ( -142.1243556529558987, -218.1666049839790844, -75.00000000000001421 ) ) ;
#4173 = CARTESIAN_POINT ( 'NONE',  ( -219.4297447047771357, 310.0634665204914313, 10.00000000000000000 ) ) ;
#4174 = ADVANCED_FACE ( 'NONE', ( #7545 ), #6151, .T. ) ;
#4175 = CARTESIAN_POINT ( 'NONE',  ( -193.2185657822019209, -132.6643729004334205, 12.33012701892222296 ) ) ;
#4176 = FACE_BOUND ( 'NONE', #5049, .T. ) ;
#4177 = ORIENTED_EDGE ( 'NONE', *, *, #7181, .T. ) ;
#4178 = DIRECTION ( 'NONE',  ( -0.000000000000000000, -0.000000000000000000, -1.000000000000000000 ) ) ;
#4179 = CARTESIAN_POINT ( 'NONE',  ( -142.7461339178667288, -79.24355652984647236, -3.000000000000030198 ) ) ;
#4180 = AXIS2_PLACEMENT_3D ( 'NONE', #4308, #4949, #9513 ) ;
#4181 = VECTOR ( 'NONE', #8030, 1000.000000000000000 ) ;
#4182 = VERTEX_POINT ( 'NONE', #1111 ) ;
#4183 = AXIS2_PLACEMENT_3D ( 'NONE', #6718, #6671, #4506 ) ;
#4184 = FACE_BOUND ( 'NONE', #2353, .T. ) ;
#4185 = AXIS2_PLACEMENT_3D ( 'NONE', #4743, #4609, #4077 ) ;
#4186 = DIRECTION ( 'NONE',  ( 1.000000000000000000, 0.000000000000000000, 0.000000000000000000 ) ) ;
#4187 = DIRECTION ( 'NONE',  ( -0.8660254037844387076, -0.4999999999999998890, -0.000000000000000000 ) ) ;
#4188 = DIRECTION ( 'NONE',  ( -1.000000000000000000, 0.000000000000000000, -4.336808689942013792E-16 ) ) ;
#4189 = ORIENTED_EDGE ( 'NONE', *, *, #8054, .T. ) ;
#4190 = VECTOR ( 'NONE', #8731, 1000.000000000000000 ) ;
#4191 = LINE ( 'NONE', #6374, #6496 ) ;
#4192 = VECTOR ( 'NONE', #3336, 1000.000000000000000 ) ;
#4193 = SECURITY_CLASSIFICATION_LEVEL ( 'unclassified' ) ;
#4194 = ORIENTED_EDGE ( 'NONE', *, *, #6416, .F. ) ;
#4195 = ORIENTED_EDGE ( 'NONE', *, *, #4503, .T. ) ;
#4196 = ORIENTED_EDGE ( 'NONE', *, *, #3303, .T. ) ;
#4197 = CARTESIAN_POINT ( 'NONE',  ( -239.8297817143698580, -196.3973670975122729, 10.00000000000000000 ) ) ;
#4198 = VECTOR ( 'NONE', #9139, 1000.000000000000114 ) ;
#4199 = DIRECTION ( 'NONE',  ( 3.435759386066699840E-16, -1.025445864033521055E-16, -1.000000000000000000 ) ) ;
#4200 = AXIS2_PLACEMENT_3D ( 'NONE', #724, #2162, #1500 ) ;
#4201 = EDGE_CURVE ( 'NONE', #3215, #4, #9079, .T. ) ;
#4202 = VERTEX_POINT ( 'NONE', #4024 ) ;
#4203 = CARTESIAN_POINT ( 'NONE',  ( -96.86473670972256400, -109.7746454430919556, 19.49999999999997513 ) ) ;
#4204 = DIRECTION ( 'NONE',  ( 1.000000000000000000, 0.000000000000000000, 0.000000000000000000 ) ) ;
#4205 = FACE_OUTER_BOUND ( 'NONE', #6805, .T. ) ;
#4206 = CIRCLE ( 'NONE', #6059, 5.000000000000004441 ) ;
#4207 = EDGE_CURVE ( 'NONE', #1990, #5794, #970, .T. ) ;
#4208 = ORIENTED_EDGE ( 'NONE', *, *, #7224, .T. ) ;
#4209 = AXIS2_PLACEMENT_3D ( 'NONE', #7917, #1345, #2632 ) ;
#4210 = AXIS2_PLACEMENT_3D ( 'NONE', #6441, #4262, #633 ) ;
#4211 = ORIENTED_EDGE ( 'NONE', *, *, #8711, .T. ) ;
#4212 = CARTESIAN_POINT ( 'NONE',  ( -210.7461339178645972, -191.8268590218235659, 10.00000000000000000 ) ) ;
#4213 = AXIS2_PLACEMENT_3D ( 'NONE', #6781, #7608, #7509 ) ;
#4214 = DIRECTION ( 'NONE',  ( -0.000000000000000000, -0.000000000000000000, -1.000000000000000000 ) ) ;
#4215 = ORIENTED_EDGE ( 'NONE', *, *, #2033, .F. ) ;
#4216 = CYLINDRICAL_SURFACE ( 'NONE', #685, 3.500000000000014211 ) ;
#4217 = CIRCLE ( 'NONE', #2241, 11.00000000000000355 ) ;
#4218 = CARTESIAN_POINT ( 'NONE',  ( -156.8079664398501052, 345.0634665204915450, 10.00000000000000000 ) ) ;
#4219 = CIRCLE ( 'NONE', #2703, 1.999999999981183496 ) ;
#4220 = EDGE_CURVE ( 'NONE', #872, #1935, #6196, .T. ) ;
#4221 = CYLINDRICAL_SURFACE ( 'NONE', #2388, 3.500000000000013323 ) ;
#4222 = EDGE_CURVE ( 'NONE', #1781, #948, #5335, .T. ) ;
#4223 = EDGE_CURVE ( 'NONE', #1430, #1194, #7425, .T. ) ;
#4224 = EDGE_LOOP ( 'NONE', ( #262, #3105, #467, #6010, #2188, #9237, #5706, #2652, #331, #3404, #6579, #6117, #4134, #4135, #5630 ) ) ;
#4225 = EDGE_CURVE ( 'NONE', #322, #2345, #3975, .T. ) ;
#4226 = ORIENTED_EDGE ( 'NONE', *, *, #6812, .F. ) ;
#4227 = AXIS2_PLACEMENT_3D ( 'NONE', #5470, #2437, #2387 ) ;
#4228 = DIRECTION ( 'NONE',  ( -1.000000000000000000, 2.220446049250312341E-16, -3.435759386066699347E-16 ) ) ;
#4229 = FACE_OUTER_BOUND ( 'NONE', #937, .T. ) ;
#4230 = CARTESIAN_POINT ( 'NONE',  ( -111.6352632902600703, 251.3579479350088661, -3.000000000000031530 ) ) ;
#4231 = EDGE_LOOP ( 'NONE', ( #1499, #7337 ) ) ;
#4232 = DIRECTION ( 'NONE',  ( -1.000000000000000000, -1.204146447532707802E-16, 0.000000000000000000 ) ) ;
#4233 = DIRECTION ( 'NONE',  ( -1.000000000000000000, 0.000000000000000000, -4.336808689942013792E-16 ) ) ;
#4234 = ORIENTED_EDGE ( 'NONE', *, *, #1206, .T. ) ;
#4235 = EDGE_CURVE ( 'NONE', #8226, #1726, #6911, .T. ) ;
#4236 = ADVANCED_FACE ( 'NONE', ( #1884 ), #1692, .F. ) ;
#4237 = EDGE_CURVE ( 'NONE', #8684, #6510, #996, .T. ) ;
#4238 = LINE ( 'NONE', #9487, #3394 ) ;
#4239 = CARTESIAN_POINT ( 'NONE',  ( -195.7185657822019209, -136.9944999193556328, 3.669872981077832108 ) ) ;
#4240 = CARTESIAN_POINT ( 'NONE',  ( -43.13526329026009876, 132.7124676165407777, 19.49999999999997513 ) ) ;
#4241 = LINE ( 'NONE', #699, #2912 ) ;
#4242 = EDGE_LOOP ( 'NONE', ( #4552, #3343, #8303, #6038, #1011, #2245, #1652, #6646, #4462, #9287, #1845, #8806, #2749, #5323, #321 ) ) ;
#4243 = DIRECTION ( 'NONE',  ( 0.000000000000000000, 0.000000000000000000, 1.000000000000000000 ) ) ;
#4244 = EDGE_LOOP ( 'NONE', ( #9026, #424, #2534, #636 ) ) ;
#4245 = ORIENTED_EDGE ( 'NONE', *, *, #1541, .F. ) ;
#4246 = EDGE_LOOP ( 'NONE', ( #6986, #3181, #933, #2814 ) ) ;
#4247 = CARTESIAN_POINT ( 'NONE',  ( -399.2377111446260187, -230.5000000000000284, 10.00000000000000000 ) ) ;
#4248 = LINE ( 'NONE', #2872, #5746 ) ;
#4249 = ORIENTED_EDGE ( 'NONE', *, *, #1310, .F. ) ;
#4250 = FACE_OUTER_BOUND ( 'NONE', #8957, .T. ) ;
#4251 = DIRECTION ( 'NONE',  ( -0.7071067811865487940, 2.295192182881577078E-16, 0.7071067811865462405 ) ) ;
#4252 = CARTESIAN_POINT ( 'NONE',  ( 142.0000000000000568, -56.49999999999998579, 24.99999999999997513 ) ) ;
#4253 = VERTEX_POINT ( 'NONE', #4653 ) ;
#4254 = ORIENTED_EDGE ( 'NONE', *, *, #9263, .T. ) ;
#4255 = AXIS2_PLACEMENT_3D ( 'NONE', #4140, #9335, #5689 ) ;
#4256 = VERTEX_POINT ( 'NONE', #7736 ) ;
#4257 = DIRECTION ( 'NONE',  ( -0.000000000000000000, -0.000000000000000000, -1.000000000000000000 ) ) ;
#4258 = DIRECTION ( 'NONE',  ( 1.000000000000000000, 0.000000000000000000, 0.000000000000000000 ) ) ;
#4259 = EDGE_LOOP ( 'NONE', ( #190, #8348, #9061, #6925 ) ) ;
#4260 = DIRECTION ( 'NONE',  ( -0.8660254037844391517, 0.4999999999999992784, 0.000000000000000000 ) ) ;
#4261 = CYLINDRICAL_SURFACE ( 'NONE', #2435, 5.500000000000005329 ) ;
#4262 = DIRECTION ( 'NONE',  ( -0.8660254037844390407, -0.4999999999999991673, 7.012543237461990870E-16 ) ) ;
#4263 = EDGE_CURVE ( 'NONE', #9179, #3488, #6497, .T. ) ;
#4264 = CIRCLE ( 'NONE', #5200, 7.500000000000007105 ) ;
#4265 = CIRCLE ( 'NONE', #7045, 2.999999999980962340 ) ;
#4266 = VERTEX_POINT ( 'NONE', #2544 ) ;
#4267 = VERTEX_POINT ( 'NONE', #7641 ) ;
#4269 = FACE_BOUND ( 'NONE', #6465, .T. ) ;
#4268 = CIRCLE ( 'NONE', #6132, 5.000000000000004441 ) ;
#4270 = CARTESIAN_POINT ( 'NONE',  ( 2.100566918256370383E-14, 460.9999999999999432, 10.00000000000000000 ) ) ;
#4271 = AXIS2_PLACEMENT_3D ( 'NONE', #8477, #9063, #5465 ) ;
#4272 = CARTESIAN_POINT ( 'NONE',  ( -89.62435565295571394, -127.2339375866125550, -115.0000000000000142 ) ) ;
#4273 = ORIENTED_EDGE ( 'NONE', *, *, #2483, .T. ) ;
#4274 = EDGE_CURVE ( 'NONE', #3483, #710, #358, .T. ) ;
#4275 = DIRECTION ( 'NONE',  ( -0.8660254037844390407, 0.4999999999999992228, 0.000000000000000000 ) ) ;
#4276 = ADVANCED_FACE ( 'NONE', ( #3260 ), #5480, .T. ) ;
#4277 = CARTESIAN_POINT ( 'NONE',  ( -204.9961339178665867, -187.0637193010090584, 19.49999999999997868 ) ) ;
#4278 = ORIENTED_EDGE ( 'NONE', *, *, #6853, .T. ) ;
#4279 = VECTOR ( 'NONE', #7957, 1000.000000000000114 ) ;
#4280 = AXIS2_PLACEMENT_3D ( 'NONE', #7313, #8751, #5329 ) ;
#4281 = AXIS2_PLACEMENT_3D ( 'NONE', #1414, #639, #7897 ) ;
#4282 = AXIS2_PLACEMENT_3D ( 'NONE', #1531, #7432, #2961 ) ;
#4283 = DIRECTION ( 'NONE',  ( 0.000000000000000000, 0.000000000000000000, 1.000000000000000000 ) ) ;
#4284 = LINE ( 'NONE', #4326, #7083 ) ;
#4285 = CARTESIAN_POINT ( 'NONE',  ( -189.1188555722868614, -327.5634665205517422, 10.00000000000000000 ) ) ;
#4286 = DIRECTION ( 'NONE',  ( 0.000000000000000000, 0.000000000000000000, 1.000000000000000000 ) ) ;
#4287 = ORIENTED_EDGE ( 'NONE', *, *, #6748, .F. ) ;
#4288 = CARTESIAN_POINT ( 'NONE',  ( -164.9319266663621590, -87.67047677643375891, 10.00000000000000178 ) ) ;
#4289 = EDGE_CURVE ( 'NONE', #8411, #332, #4039, .T. ) ;
#4290 = CARTESIAN_POINT ( 'NONE',  ( -183.9304353137945327, -205.5768590218234806, 24.99999999999997513 ) ) ;
#4291 = EDGE_CURVE ( 'NONE', #5622, #5708, #1602, .T. ) ;
#4292 = EDGE_LOOP ( 'NONE', ( #911, #7867, #1210, #7423 ) ) ;
#4293 = EDGE_LOOP ( 'NONE', ( #5427, #577 ) ) ;
#4294 = EDGE_CURVE ( 'NONE', #4152, #9453, #2689, .T. ) ;
#4295 = CIRCLE ( 'NONE', #4460, 5.000000000000004441 ) ;
#4296 = ORIENTED_EDGE ( 'NONE', *, *, #1104, .T. ) ;
#4297 = CARTESIAN_POINT ( 'NONE',  ( -53.64745962156482761, 292.9201257614998894, 0.000000000000000000 ) ) ;
#4298 = DIRECTION ( 'NONE',  ( 1.000000000000000000, 0.000000000000000000, 0.000000000000000000 ) ) ;
#4299 = ADVANCED_FACE ( 'NONE', ( #1212 ), #3357, .T. ) ;
#4300 = ORIENTED_EDGE ( 'NONE', *, *, #8070, .F. ) ;
#4301 = LINE ( 'NONE', #2736, #1022 ) ;
#4302 = DIRECTION ( 'NONE',  ( -0.000000000000000000, -0.000000000000000000, 1.000000000000000000 ) ) ;
#4303 = LINE ( 'NONE', #7243, #3152 ) ;
#4304 = EDGE_LOOP ( 'NONE', ( #8713, #1278, #5856, #9011 ) ) ;
#4305 = VERTEX_POINT ( 'NONE', #4892 ) ;
#4306 = AXIS2_PLACEMENT_3D ( 'NONE', #2002, #1959, #9251 ) ;
#4307 = EDGE_LOOP ( 'NONE', ( #1946, #6854, #468, #2599 ) ) ;
#4308 = CARTESIAN_POINT ( 'NONE',  ( -158.8079664398314605, -345.0634665205517422, 0.000000000000000000 ) ) ;
#4309 = DIRECTION ( 'NONE',  ( -0.000000000000000000, -0.000000000000000000, -1.000000000000000000 ) ) ;
#4310 = VERTEX_POINT ( 'NONE', #7923 ) ;
#4311 = CYLINDRICAL_SURFACE ( 'NONE', #8507, 7.500000000000007105 ) ;
#4312 = DIRECTION ( 'NONE',  ( -1.635429539641433941E-16, 2.832647054857943335E-16, 1.000000000000000000 ) ) ;
#4313 = DIRECTION ( 'NONE',  ( -0.3535533905932725651, -0.6123724356957936932, 0.7071067811865487940 ) ) ;
#4314 = AXIS2_PLACEMENT_3D ( 'NONE', #5399, #6264, #4808 ) ;
#4315 = VERTEX_POINT ( 'NONE', #9409 ) ;
#4316 = ORIENTED_EDGE ( 'NONE', *, *, #2191, .T. ) ;
#4317 = FACE_OUTER_BOUND ( 'NONE', #8395, .T. ) ;
#4318 = DIRECTION ( 'NONE',  ( 0.000000000000000000, 0.000000000000000000, -1.000000000000000000 ) ) ;
#4319 = DIRECTION ( 'NONE',  ( -0.000000000000000000, -0.000000000000000000, -1.000000000000000000 ) ) ;
#4320 = EDGE_LOOP ( 'NONE', ( #7798, #7696 ) ) ;
#4321 = DIRECTION ( 'NONE',  ( 0.2500000000000001665, 0.4330127018922187432, 0.8660254037844388186 ) ) ;
#4322 = CARTESIAN_POINT ( 'NONE',  ( -160.1147367097224219, -219.3268590218234806, 10.00000000000000178 ) ) ;
#4323 = VERTEX_POINT ( 'NONE', #7194 ) ;
#4324 = EDGE_CURVE ( 'NONE', #8668, #2700, #2064, .T. ) ;
#4325 = DIRECTION ( 'NONE',  ( -0.8660254037844382635, -0.5000000000000005551, 0.000000000000000000 ) ) ;
#4326 = CARTESIAN_POINT ( 'NONE',  ( 260.0000000000001137, 42.50000000000000711, 10.00000000000000000 ) ) ;
#4327 = CARTESIAN_POINT ( 'NONE',  ( 0.9961339178840326047, 166.2746454430319147, 19.49999999999997513 ) ) ;
#4328 = AXIS2_PLACEMENT_3D ( 'NONE', #7157, #6531, #5674 ) ;
#4329 = DIRECTION ( 'NONE',  ( -0.4999999999999992228, -0.8660254037844390407, -3.270859079282867882E-16 ) ) ;
#4330 = VERTEX_POINT ( 'NONE', #1302 ) ;
#4331 = CARTESIAN_POINT ( 'NONE',  ( -38.19392033913516826, -151.1538105676908117, 10.00000000000000000 ) ) ;
#4332 = CARTESIAN_POINT ( 'NONE',  ( -42.94392033913519668, -159.3810519036429696, 0.000000000000000000 ) ) ;
#4333 = CIRCLE ( 'NONE', #4961, 2.999999999999947153 ) ;
#4334 = DIRECTION ( 'NONE',  ( -0.8660254037844390407, 0.4999999999999992228, 0.000000000000000000 ) ) ;
#4335 = PRODUCT ( 'Pièce0_Base_Défaut_sldprt', 'Pièce0_Base_Défaut_sldprt', '', ( #4015 ) ) ;
#4336 = EDGE_LOOP ( 'NONE', ( #5259, #1244, #1079, #8590 ) ) ;
#4337 = CIRCLE ( 'NONE', #5890, 5.499999999999997335 ) ;
#4338 = ADVANCED_FACE ( 'NONE', ( #4990 ), #7059, .T. ) ;
#4339 = ORIENTED_EDGE ( 'NONE', *, *, #8850, .T. ) ;
#4340 = AXIS2_PLACEMENT_3D ( 'NONE', #8403, #6197, #3168 ) ;
#4341 = EDGE_CURVE ( 'NONE', #6008, #1554, #4662, .T. ) ;
#4342 = ORIENTED_EDGE ( 'NONE', *, *, #5928, .T. ) ;
#4343 = FACE_OUTER_BOUND ( 'NONE', #5531, .T. ) ;
#4344 = CARTESIAN_POINT ( 'NONE',  ( 213.9999999999995453, -101.0000000000000142, 8.000000000000035527 ) ) ;
#4345 = AXIS2_PLACEMENT_3D ( 'NONE', #4049, #6987, #6270 ) ;
#4346 = ORIENTED_EDGE ( 'NONE', *, *, #5434, .T. ) ;
#4347 = CARTESIAN_POINT ( 'NONE',  ( -22.51348502534915497, 236.9944999192954924, 12.33012701892222118 ) ) ;
#4348 = VECTOR ( 'NONE', #3724, 1000.000000000000000 ) ;
#4349 = DIRECTION ( 'NONE',  ( -0.000000000000000000, -0.000000000000000000, -1.000000000000000000 ) ) ;
#4350 = LINE ( 'NONE', #5902, #4080 ) ;
#4351 = ORIENTED_EDGE ( 'NONE', *, *, #1855, .T. ) ;
#4352 = EDGE_CURVE ( 'NONE', #7082, #4734, #680, .T. ) ;
#4353 = CIRCLE ( 'NONE', #3899, 3.500000000000013323 ) ;
#4354 = ORIENTED_EDGE ( 'NONE', *, *, #735, .T. ) ;
#4355 = EDGE_CURVE ( 'NONE', #2012, #4411, #3402, .T. ) ;
#4356 = AXIS2_PLACEMENT_3D ( 'NONE', #2300, #8157, #1991 ) ;
#4357 = EDGE_CURVE ( 'NONE', #3382, #688, #6335, .T. ) ;
#4358 = DIRECTION ( 'NONE',  ( -0.000000000000000000, -0.000000000000000000, -1.000000000000000000 ) ) ;
#4359 = CARTESIAN_POINT ( 'NONE',  ( -50.17021828561271235, 305.8973670974521042, 0.000000000000000000 ) ) ;
#4360 = DIRECTION ( 'NONE',  ( 0.4941902632238130977, -0.8559626445094798974, 0.1519997859837838028 ) ) ;
#4361 = VERTEX_POINT ( 'NONE', #3541 ) ;
#4362 = DIRECTION ( 'NONE',  ( 1.000000000000000000, 0.000000000000000000, 0.000000000000000000 ) ) ;
#4363 = DIRECTION ( 'NONE',  ( -0.000000000000000000, -0.000000000000000000, -1.000000000000000000 ) ) ;
#4364 = DIRECTION ( 'NONE',  ( -0.5000000000000006661, 0.8660254037844382635, 0.000000000000000000 ) ) ;
#4365 = VECTOR ( 'NONE', #6422, 1000.000000000000000 ) ;
#4366 = CIRCLE ( 'NONE', #5147, 5.999999999981048049 ) ;
#4367 = EDGE_LOOP ( 'NONE', ( #4090, #8310 ) ) ;
#4368 = ORIENTED_EDGE ( 'NONE', *, *, #9133, .T. ) ;
#4369 = EDGE_CURVE ( 'NONE', #6431, #6186, #1931, .T. ) ;
#4370 = AXIS2_PLACEMENT_3D ( 'NONE', #9143, #8322, #8415 ) ;
#4371 = AXIS2_PLACEMENT_3D ( 'NONE', #3665, #2806, #8764 ) ;
#4372 = DIRECTION ( 'NONE',  ( 0.000000000000000000, 0.000000000000000000, 1.000000000000000000 ) ) ;
#4373 = CARTESIAN_POINT ( 'NONE',  ( -84.62435565295571394, -118.5736835487681589, -115.0000000000000142 ) ) ;
#4374 = ADVANCED_FACE ( 'NONE', ( #2112 ), #2737, .T. ) ;
#4375 = AXIS2_PLACEMENT_3D ( 'NONE', #8642, #8548, #576 ) ;
#4376 = DIRECTION ( 'NONE',  ( -0.8660254037844381525, -0.5000000000000007772, 0.000000000000000000 ) ) ;
#4377 = ORIENTED_EDGE ( 'NONE', *, *, #2159, .F. ) ;
#4378 = FACE_OUTER_BOUND ( 'NONE', #3021, .T. ) ;
#4379 = DIRECTION ( 'NONE',  ( -0.000000000000000000, -0.000000000000000000, -1.000000000000000000 ) ) ;
#4380 = CIRCLE ( 'NONE', #243, 5.500000000000008882 ) ;
#4381 = ORIENTED_EDGE ( 'NONE', *, *, #5137, .F. ) ;
#4382 = AXIS2_PLACEMENT_3D ( 'NONE', #3137, #3038, #845 ) ;
#4383 =( GEOMETRIC_REPRESENTATION_CONTEXT ( 3 ) GLOBAL_UNCERTAINTY_ASSIGNED_CONTEXT ( ( #2812 ) ) GLOBAL_UNIT_ASSIGNED_CONTEXT ( ( #5374, #1248, #8579 ) ) REPRESENTATION_CONTEXT ( 'NONE', 'WORKASPACE' ) );
#4384 = ADVANCED_FACE ( 'NONE', ( #1350 ), #9269, .F. ) ;
#4385 = FACE_BOUND ( 'NONE', #2150, .T. ) ;
#4386 = LINE ( 'NONE', #7515, #8606 ) ;
#4387 = DIRECTION ( 'NONE',  ( -0.8660254037844390407, -0.4999999999999991673, 7.012543237461990870E-16 ) ) ;
#4388 = LINE ( 'NONE', #6645, #2147 ) ;
#4389 = VERTEX_POINT ( 'NONE', #4159 ) ;
#4390 = DIRECTION ( 'NONE',  ( -0.000000000000000000, -0.000000000000000000, -1.000000000000000000 ) ) ;
#4391 = CARTESIAN_POINT ( 'NONE',  ( -185.9304353137924295, -205.5768590218235374, 10.00000000000000000 ) ) ;
#4392 = DIRECTION ( 'NONE',  ( 1.000000000000000000, -2.220446049250312588E-16, 1.649003067838320811E-17 ) ) ;
#4393 = ORIENTED_EDGE ( 'NONE', *, *, #9344, .F. ) ;
#4394 = EDGE_LOOP ( 'NONE', ( #248, #3176 ) ) ;
#4395 = EDGE_CURVE ( 'NONE', #5644, #3593, #4819, .T. ) ;
#4396 = ORIENTED_EDGE ( 'NONE', *, *, #4357, .T. ) ;
#4397 = CARTESIAN_POINT ( 'NONE',  ( 272.0000000000000000, -56.50000000000000000, 10.00000000000000000 ) ) ;
#4398 = CARTESIAN_POINT ( 'NONE',  ( -192.7365149746330246, -135.8294364098945266, 8.000000000000028422 ) ) ;
#4399 = ORIENTED_EDGE ( 'NONE', *, *, #719, .T. ) ;
#4400 = ADVANCED_FACE ( 'NONE', ( #7152 ), #575, .T. ) ;
#4401 = DIRECTION ( 'NONE',  ( -0.000000000000000000, -0.000000000000000000, -1.000000000000000000 ) ) ;
#4402 = ADVANCED_FACE ( 'NONE', ( #7242 ), #6567, .T. ) ;
#4403 = EDGE_CURVE ( 'NONE', #3697, #6242, #3013, .T. ) ;
#4404 = DIRECTION ( 'NONE',  ( -2.220446049250312588E-16, -1.000000000000000000, 1.025445864033519699E-16 ) ) ;
#4405 = FACE_OUTER_BOUND ( 'NONE', #5719, .T. ) ;
#4406 = EDGE_LOOP ( 'NONE', ( #6483, #1708 ) ) ;
#4407 = ORIENTED_EDGE ( 'NONE', *, *, #4503, .F. ) ;
#4408 = CYLINDRICAL_SURFACE ( 'NONE', #2078, 2.999999999967813302 ) ;
#4409 = CYLINDRICAL_SURFACE ( 'NONE', #4802, 5.000000000000007105 ) ;
#4410 = DIRECTION ( 'NONE',  ( -0.8660254037844390407, -0.4999999999999991673, 7.012543237461990870E-16 ) ) ;
#4411 = VERTEX_POINT ( 'NONE', #8013 ) ;
#4412 = DIRECTION ( 'NONE',  ( 0.000000000000000000, 1.577021341797097807E-16, 1.000000000000000000 ) ) ;
#4413 = ADVANCED_FACE ( 'NONE', ( #720 ), #7290, .T. ) ;
#4414 = CARTESIAN_POINT ( 'NONE',  ( -216.6025403784177286, -175.1666049839791413, 10.00000000000000000 ) ) ;
#4415 = CYLINDRICAL_SURFACE ( 'NONE', #8062, 2.999999999967813302 ) ;
#4416 = ADVANCED_FACE ( 'NONE', ( #8065 ), #2156, .F. ) ;
#4417 = ORIENTED_EDGE ( 'NONE', *, *, #3290, .T. ) ;
#4418 = AXIS2_PLACEMENT_3D ( 'NONE', #4449, #6659, #3048 ) ;
#4419 = ORIENTED_EDGE ( 'NONE', *, *, #7647, .F. ) ;
#4420 = DIRECTION ( 'NONE',  ( 0.8660254037844387076, 0.4999999999999998890, -7.703719777548943412E-34 ) ) ;
#4421 = LINE ( 'NONE', #6402, #512 ) ;
#4422 = DIRECTION ( 'NONE',  ( -0.5000000000000015543, -0.8660254037844377084, 0.000000000000000000 ) ) ;
#4423 = VERTEX_POINT ( 'NONE', #7335 ) ;
#4424 = DIRECTION ( 'NONE',  ( 0.000000000000000000, 0.000000000000000000, 1.000000000000000000 ) ) ;
#4425 = AXIS2_PLACEMENT_3D ( 'NONE', #104, #1559, #8754 ) ;
#4426 = EDGE_CURVE ( 'NONE', #4830, #9329, #5901, .T. ) ;
#4427 = AXIS2_PLACEMENT_3D ( 'NONE', #7653, #4755, #6207 ) ;
#4428 = CARTESIAN_POINT ( 'NONE',  ( -97.86473670972256400, -111.5066962506608235, 19.49999999999997868 ) ) ;
#4429 = AXIS2_PLACEMENT_3D ( 'NONE', #8147, #3094, #78 ) ;
#4430 = ORIENTED_EDGE ( 'NONE', *, *, #2022, .T. ) ;
#4431 = VECTOR ( 'NONE', #7638, 1000.000000000000114 ) ;
#4432 = AXIS2_PLACEMENT_3D ( 'NONE', #5933, #5979, #7422 ) ;
#4433 = DIRECTION ( 'NONE',  ( -2.220446049250312588E-16, -1.000000000000000000, 1.025445864033519699E-16 ) ) ;
#4434 = DIRECTION ( 'NONE',  ( 1.000000000000000000, 0.000000000000000000, 3.154042683594191669E-16 ) ) ;
#4435 = LINE ( 'NONE', #844, #2776 ) ;
#4436 = PLANE ( 'NONE',  #5919 ) ;
#4437 = CARTESIAN_POINT ( 'NONE',  ( 140.0000000000000568, -32.49999999999999289, 10.00000000000000178 ) ) ;
#4438 = VERTEX_POINT ( 'NONE', #5948 ) ;
#4439 = CARTESIAN_POINT ( 'NONE',  ( -91.31976734468483414, -130.1704767764337021, 10.00000000000000178 ) ) ;
#4440 = CARTESIAN_POINT ( 'NONE',  ( -217.4297447047613048, -310.0634665205517422, 10.00000000000000000 ) ) ;
#4441 = VECTOR ( 'NONE', #2910, 1000.000000000000000 ) ;
#4442 = CIRCLE ( 'NONE', #6419, 9.500000000000008882 ) ;
#4443 = ORIENTED_EDGE ( 'NONE', *, *, #410, .T. ) ;
#4444 = EDGE_CURVE ( 'NONE', #2757, #1583, #2294, .T. ) ;
#4445 = ORIENTED_EDGE ( 'NONE', *, *, #5612, .T. ) ;
#4446 = ORIENTED_EDGE ( 'NONE', *, *, #4472, .T. ) ;
#4447 = CIRCLE ( 'NONE', #2923, 9.499999999999991118 ) ;
#4448 = CARTESIAN_POINT ( 'NONE',  ( -65.00386608211591977, 280.5899987425777908, 19.49999999999997158 ) ) ;
#4449 = CARTESIAN_POINT ( 'NONE',  ( -142.7461339178666719, -79.24355652984641551, 0.000000000000000000 ) ) ;
#4450 = AXIS2_PLACEMENT_3D ( 'NONE', #2733, #7149, #3491 ) ;
#4451 = ORIENTED_EDGE ( 'NONE', *, *, #555, .F. ) ;
#4452 = LINE ( 'NONE', #5222, #8067 ) ;
#4453 = CARTESIAN_POINT ( 'NONE',  ( 137.4999999999994884, -13.99999999999999822, -137.5000000000000000 ) ) ;
#4454 = LINE ( 'NONE', #2253, #8991 ) ;
#4455 = ORIENTED_EDGE ( 'NONE', *, *, #5360, .T. ) ;
#4456 = VERTEX_POINT ( 'NONE', #765 ) ;
#4457 = EDGE_CURVE ( 'NONE', #5989, #5633, #2980, .T. ) ;
#4458 = CARTESIAN_POINT ( 'NONE',  ( 12.46856578221975553, 180.4038105676302735, -115.0000000000000142 ) ) ;
#4459 = FACE_OUTER_BOUND ( 'NONE', #8740, .T. ) ;
#4460 = AXIS2_PLACEMENT_3D ( 'NONE', #4635, #6030, #1049 ) ;
#4461 = PLANE ( 'NONE',  #6736 ) ;
#4462 = ORIENTED_EDGE ( 'NONE', *, *, #8805, .F. ) ;
#4463 = LINE ( 'NONE', #4509, #9289 ) ;
#4464 = FACE_OUTER_BOUND ( 'NONE', #6859, .T. ) ;
#4465 = DIRECTION ( 'NONE',  ( 0.8660254037844387076, 0.4999999999999998890, 0.000000000000000000 ) ) ;
#4466 = EDGE_LOOP ( 'NONE', ( #3310, #5030, #3501, #1564 ) ) ;
#4467 = VERTEX_POINT ( 'NONE', #8873 ) ;
#4468 = AXIS2_PLACEMENT_3D ( 'NONE', #75, #4283, #3520 ) ;
#4469 = VERTEX_POINT ( 'NONE', #4453 ) ;
#4470 = EDGE_CURVE ( 'NONE', #2692, #8821, #3130, .T. ) ;
#4471 = CARTESIAN_POINT ( 'NONE',  ( -44.88526329026010586, 135.7435565297863604, 10.00000000000000178 ) ) ;
#4472 = EDGE_CURVE ( 'NONE', #8407, #27, #85, .T. ) ;
#4473 = CARTESIAN_POINT ( 'NONE',  ( -62.25386608211591977, 275.8268590217633687, 19.49999999999997513 ) ) ;
#4474 = EDGE_LOOP ( 'NONE', ( #6628, #2673, #5337, #7390 ) ) ;
#4475 = FACE_OUTER_BOUND ( 'NONE', #7182, .T. ) ;
#4476 = AXIS2_PLACEMENT_3D ( 'NONE', #6883, #1857, #7613 ) ;
#4477 = CARTESIAN_POINT ( 'NONE',  ( -42.13526329026009876, 130.9804168089719383, 24.99999999999997158 ) ) ;
#4478 = ORIENTED_EDGE ( 'NONE', *, *, #6809, .F. ) ;
#4479 = ADVANCED_FACE ( 'NONE', ( #3583 ), #6523, .F. ) ;
#4480 = FACE_BOUND ( 'NONE', #74, .T. ) ;
#4481 = DIRECTION ( 'NONE',  ( 0.3535533905932737864, 0.6123724356957959136, 0.7071067811865464625 ) ) ;
#4482 = EDGE_CURVE ( 'NONE', #1852, #8411, #7437, .T. ) ;
#4483 = CARTESIAN_POINT ( 'NONE',  ( -194.4685657822018925, -134.8294364098945266, -18.00000000000001066 ) ) ;
#4484 = DIRECTION ( 'NONE',  ( 1.000000000000000000, 0.000000000000000000, 0.000000000000000000 ) ) ;
#4485 = DIRECTION ( 'NONE',  ( 1.000000000000000000, 0.000000000000000000, 0.000000000000000000 ) ) ;
#4486 = ORIENTED_EDGE ( 'NONE', *, *, #9402, .T. ) ;
#4487 = DIRECTION ( 'NONE',  ( -0.000000000000000000, -0.000000000000000000, -1.000000000000000000 ) ) ;
#4488 = DIRECTION ( 'NONE',  ( 1.649003067838308177E-17, -1.025445864033520315E-16, -1.000000000000000000 ) ) ;
#4489 = ORIENTED_EDGE ( 'NONE', *, *, #5530, .T. ) ;
#4490 = AXIS2_PLACEMENT_3D ( 'NONE', #3107, #2302, #93 ) ;
#4491 = DIRECTION ( 'NONE',  ( -2.220446049250312588E-16, -1.000000000000000000, 1.025445864033519699E-16 ) ) ;
#4492 = DIRECTION ( 'NONE',  ( -0.000000000000000000, -0.000000000000000000, -1.000000000000000000 ) ) ;
#4493 = DIRECTION ( 'NONE',  ( 0.8660254037844390407, -0.4999999999999992228, -0.000000000000000000 ) ) ;
#4494 = EDGE_LOOP ( 'NONE', ( #8219, #1929, #8729, #722 ) ) ;
#4495 = DIRECTION ( 'NONE',  ( -1.000000000000000000, 0.000000000000000000, 0.000000000000000000 ) ) ;
#4496 = DIRECTION ( 'NONE',  ( 0.3535533905932730647, -0.6123724356957934711, -0.7071067811865486830 ) ) ;
#4497 = CIRCLE ( 'NONE', #6955, 1.999999999997809086 ) ;
#4498 = FACE_OUTER_BOUND ( 'NONE', #1906, .T. ) ;
#4499 = AXIS2_PLACEMENT_3D ( 'NONE', #2401, #280, #3212 ) ;
#4500 = ORIENTED_EDGE ( 'NONE', *, *, #139, .T. ) ;
#4501 = ORIENTED_EDGE ( 'NONE', *, *, #7405, .T. ) ;
#4502 = CARTESIAN_POINT ( 'NONE',  ( 376.2377111446261324, 35.00000000000000000, 10.00000000000000000 ) ) ;
#4503 = EDGE_CURVE ( 'NONE', #666, #880, #864, .T. ) ;
#4504 = VECTOR ( 'NONE', #1279, 1000.000000000000000 ) ;
#4505 = VERTEX_POINT ( 'NONE', #2202 ) ;
#4506 = DIRECTION ( 'NONE',  ( 1.000000000000000000, -3.469446951953611231E-16, 0.000000000000000000 ) ) ;
#4507 = FACE_BOUND ( 'NONE', #9084, .T. ) ;
#4508 = VERTEX_POINT ( 'NONE', #5131 ) ;
#4509 = CARTESIAN_POINT ( 'NONE',  ( -145.7461339178476294, -79.24355652984641551, 10.00000000000000000 ) ) ;
#4510 = DIRECTION ( 'NONE',  ( -1.000000000000000000, 0.000000000000000000, 0.000000000000000000 ) ) ;
#4511 = CYLINDRICAL_SURFACE ( 'NONE', #1784, 1.999999999999995781 ) ;
#4512 = ADVANCED_FACE ( 'NONE', ( #1537 ), #7000, .F. ) ;
#4513 = VERTEX_POINT ( 'NONE', #1052 ) ;
#4514 = ORIENTED_EDGE ( 'NONE', *, *, #2515, .F. ) ;
#4515 = AXIS2_PLACEMENT_3D ( 'NONE', #7514, #6168, #6355 ) ;
#4516 = ORIENTED_EDGE ( 'NONE', *, *, #8538, .F. ) ;
#4517 = DIRECTION ( 'NONE',  ( 1.000000000000000000, 0.000000000000000000, 3.154042683594191669E-16 ) ) ;
#4518 = AXIS2_PLACEMENT_3D ( 'NONE', #1646, #4559, #8843 ) ;
#4519 = FACE_OUTER_BOUND ( 'NONE', #3612, .T. ) ;
#4520 = ORIENTED_EDGE ( 'NONE', *, *, #4873, .T. ) ;
#4521 = DIRECTION ( 'NONE',  ( 0.8660254037844390407, -0.4999999999999992784, -0.000000000000000000 ) ) ;
#4522 = LINE ( 'NONE', #5971, #5970 ) ;
#4523 = EDGE_CURVE ( 'NONE', #5495, #3453, #1773, .T. ) ;
#4524 = ADVANCED_FACE ( 'NONE', ( #6232 ), #4011, .F. ) ;
#4525 = ADVANCED_FACE ( 'NONE', ( #362 ), #9161, .F. ) ;
#4526 = ORIENTED_EDGE ( 'NONE', *, *, #2714, .T. ) ;
#4527 = VECTOR ( 'NONE', #2111, 1000.000000000000000 ) ;
#4528 = CIRCLE ( 'NONE', #8069, 5.499999999999997335 ) ;
#4529 = FACE_BOUND ( 'NONE', #6763, .T. ) ;
#4530 = CIRCLE ( 'NONE', #7912, 5.000000000000004441 ) ;
#4531 = CYLINDRICAL_SURFACE ( 'NONE', #6966, 1.999999999997809086 ) ;
#4532 = DIRECTION ( 'NONE',  ( -0.8660254037844391517, 0.4999999999999992784, 0.000000000000000000 ) ) ;
#4533 = DIRECTION ( 'NONE',  ( -0.000000000000000000, -0.000000000000000000, -1.000000000000000000 ) ) ;
#4534 = DIRECTION ( 'NONE',  ( 0.5000000000000007772, -0.8660254037844382635, -6.308085367188392213E-16 ) ) ;
#4535 = VERTEX_POINT ( 'NONE', #5559 ) ;
#4536 = LINE ( 'NONE', #3041, #3128 ) ;
#4537 = AXIS2_PLACEMENT_3D ( 'NONE', #7334, #2334, #4495 ) ;
#4538 = CARTESIAN_POINT ( 'NONE',  ( 38.01631519386055658, 195.1538105676307282, 10.00000000000000000 ) ) ;
#4539 = EDGE_CURVE ( 'NONE', #2043, #804, #8479, .T. ) ;
#4540 = AXIS2_PLACEMENT_3D ( 'NONE', #3155, #4692, #9068 ) ;
#4541 = EDGE_CURVE ( 'NONE', #1797, #4467, #7863, .T. ) ;
#4542 = ORIENTED_EDGE ( 'NONE', *, *, #3687, .T. ) ;
#4543 = EDGE_CURVE ( 'NONE', #1892, #7498, #5025, .T. ) ;
#4544 = ORIENTED_EDGE ( 'NONE', *, *, #7948, .F. ) ;
#4545 = DIRECTION ( 'NONE',  ( 1.000000000000000000, 0.000000000000000000, 0.000000000000000000 ) ) ;
#4546 = AXIS2_PLACEMENT_3D ( 'NONE', #1729, #910, #6756 ) ;
#4547 = CARTESIAN_POINT ( 'NONE',  ( -183.9304353137946464, -205.5768590218235374, 0.000000000000000000 ) ) ;
#4548 = AXIS2_PLACEMENT_3D ( 'NONE', #5498, #1861, #8421 ) ;
#4549 = ORIENTED_EDGE ( 'NONE', *, *, #3936, .T. ) ;
#4550 = DIRECTION ( 'NONE',  ( 1.000000000000000000, 0.000000000000000000, 0.000000000000000000 ) ) ;
#4551 = CYLINDRICAL_SURFACE ( 'NONE', #4546, 9.499999999999984013 ) ;
#4552 = ORIENTED_EDGE ( 'NONE', *, *, #9271, .F. ) ;
#4553 = ORIENTED_EDGE ( 'NONE', *, *, #537, .F. ) ;
#4554 = DIRECTION ( 'NONE',  ( 0.000000000000000000, 0.000000000000000000, 1.000000000000000000 ) ) ;
#4555 = ORIENTED_EDGE ( 'NONE', *, *, #5818, .T. ) ;
#4556 = DIRECTION ( 'NONE',  ( 0.5000000000000004441, -0.8660254037844382635, 0.000000000000000000 ) ) ;
#4557 = CARTESIAN_POINT ( 'NONE',  ( 265.4999999999995453, -14.00000000000001243, -69.50000000000056843 ) ) ;
#4558 = ORIENTED_EDGE ( 'NONE', *, *, #9225, .T. ) ;
#4559 = DIRECTION ( 'NONE',  ( 0.000000000000000000, 0.000000000000000000, 1.000000000000000000 ) ) ;
#4560 = DIRECTION ( 'NONE',  ( -0.000000000000000000, -0.000000000000000000, -1.000000000000000000 ) ) ;
#4561 = CARTESIAN_POINT ( 'NONE',  ( -219.4297447047422054, -310.0634665205517422, 0.000000000000000000 ) ) ;
#4562 = VERTEX_POINT ( 'NONE', #4331 ) ;
#4563 = ORIENTED_EDGE ( 'NONE', *, *, #2651, .F. ) ;
#4564 = ORIENTED_EDGE ( 'NONE', *, *, #7648, .F. ) ;
#4565 = ADVANCED_FACE ( 'NONE', ( #3620 ), #6556, .F. ) ;
#4566 = CARTESIAN_POINT ( 'NONE',  ( -127.8756443470266646, 249.4871130596077364, -17.99999999999999645 ) ) ;
#4567 = ADVANCED_FACE ( 'NONE', ( #8768 ), #5115, .F. ) ;
#4568 = CARTESIAN_POINT ( 'NONE',  ( 270.0000000000000000, -56.50000000000001421, 10.00000000000000533 ) ) ;
#4569 = ORIENTED_EDGE ( 'NONE', *, *, #5787, .F. ) ;
#4570 = CARTESIAN_POINT ( 'NONE',  ( -83.66025403781794978, -124.9038105676903285, -115.0000000000000142 ) ) ;
#4571 = CARTESIAN_POINT ( 'NONE',  ( -399.2377111446260187, -230.5000000000000284, 0.000000000000000000 ) ) ;
#4572 = FACE_OUTER_BOUND ( 'NONE', #8695, .T. ) ;
#4573 = VERTEX_POINT ( 'NONE', #7470 ) ;
#4574 = FACE_BOUND ( 'NONE', #8233, .T. ) ;
#4575 = PLANE ( 'NONE',  #3743 ) ;
#4576 = EDGE_CURVE ( 'NONE', #9081, #8668, #4625, .T. ) ;
#4577 = EDGE_CURVE ( 'NONE', #9460, #625, #9277, .T. ) ;
#4578 = CYLINDRICAL_SURFACE ( 'NONE', #786, 10.99999999999999645 ) ;
#4579 = CARTESIAN_POINT ( 'NONE',  ( 11.21856578221975020, 182.5688740770913796, -119.3301270189222123 ) ) ;
#4580 = DIRECTION ( 'NONE',  ( -0.5000000000000008882, 0.8660254037844380415, 0.000000000000000000 ) ) ;
#4581 = ORIENTED_EDGE ( 'NONE', *, *, #972, .T. ) ;
#4582 = CARTESIAN_POINT ( 'NONE',  ( -160.7365149746330246, -80.40381056769041379, -115.0000000000000142 ) ) ;
#4583 = CARTESIAN_POINT ( 'NONE',  ( 202.9999999999995453, -101.0000000000000142, 8.000000000000033751 ) ) ;
#4584 = VERTEX_POINT ( 'NONE', #1614 ) ;
#4585 = VECTOR ( 'NONE', #8491, 1000.000000000000000 ) ;
#4586 = VECTOR ( 'NONE', #2840, 1000.000000000000000 ) ;
#4587 = VERTEX_POINT ( 'NONE', #9004 ) ;
#4588 = EDGE_CURVE ( 'NONE', #3450, #3016, #5930, .T. ) ;
#4589 = DIRECTION ( 'NONE',  ( 3.435759386066699840E-16, -1.025445864033521055E-16, -1.000000000000000000 ) ) ;
#4590 = LINE ( 'NONE', #8826, #7679 ) ;
#4591 = AXIS2_PLACEMENT_3D ( 'NONE', #454, #2521, #7669 ) ;
#4592 = AXIS2_PLACEMENT_3D ( 'NONE', #6413, #7907, #9490 ) ;
#4593 = ORIENTED_EDGE ( 'NONE', *, *, #4936, .F. ) ;
#4594 = CARTESIAN_POINT ( 'NONE',  ( -112.6352632902600703, 253.0899987425777624, 19.49999999999997158 ) ) ;
#4595 = CYLINDRICAL_SURFACE ( 'NONE', #9305, 11.00000000000000355 ) ;
#4596 = VECTOR ( 'NONE', #5696, 1000.000000000000000 ) ;
#4597 = VERTEX_POINT ( 'NONE', #6641 ) ;
#4598 = AXIS2_PLACEMENT_3D ( 'NONE', #5736, #8667, #5830 ) ;
#4599 = ORIENTED_EDGE ( 'NONE', *, *, #9344, .T. ) ;
#4600 = ADVANCED_FACE ( 'NONE', ( #3035, #8326 ), #4575, .T. ) ;
#4601 = EDGE_CURVE ( 'NONE', #6391, #7611, #8810, .T. ) ;
#4602 = CARTESIAN_POINT ( 'NONE',  ( -87.12435565295569972, -122.9038105676903285, -115.0000000000000142 ) ) ;
#4603 = CARTESIAN_POINT ( 'NONE',  ( 7.986514974650878784, 184.1669502884446672, -124.5262794416288443 ) ) ;
#4604 = ORIENTED_EDGE ( 'NONE', *, *, #2889, .F. ) ;
#4605 = PLANE ( 'NONE',  #3565 ) ;
#4606 = CARTESIAN_POINT ( 'NONE',  ( -44.88526329026009876, 135.7435565297863320, 19.49999999999997513 ) ) ;
#4607 = ORIENTED_EDGE ( 'NONE', *, *, #6935, .T. ) ;
#4608 = CYLINDRICAL_SURFACE ( 'NONE', #1780, 11.00000000000000178 ) ;
#4609 = DIRECTION ( 'NONE',  ( -2.220446049250312588E-16, -1.000000000000000000, 1.025445864033519699E-16 ) ) ;
#4610 = DIRECTION ( 'NONE',  ( 0.8660254037844393737, -0.4999999999999986677, 0.000000000000000000 ) ) ;
#4611 = ORIENTED_EDGE ( 'NONE', *, *, #6706, .T. ) ;
#4612 = VERTEX_POINT ( 'NONE', #6020 ) ;
#4613 = ORIENTED_EDGE ( 'NONE', *, *, #6255, .F. ) ;
#4614 = VECTOR ( 'NONE', #8294, 1000.000000000000000 ) ;
#4615 = CARTESIAN_POINT ( 'NONE',  ( 399.2377111446260756, 230.4999999999998579, 10.00000000000000000 ) ) ;
#4616 = CYLINDRICAL_SURFACE ( 'NONE', #1838, 11.00000000000000355 ) ;
#4617 = VERTEX_POINT ( 'NONE', #2274 ) ;
#4618 = CARTESIAN_POINT ( 'NONE',  ( -152.1243556529558703, -235.4871130596678483, 10.00000000000000178 ) ) ;
#4619 = DIRECTION ( 'NONE',  ( -0.000000000000000000, -0.000000000000000000, -1.000000000000000000 ) ) ;
#4620 = CARTESIAN_POINT ( 'NONE',  ( 140.0000000000000284, -83.99999999999998579, 19.49999999999998224 ) ) ;
#4621 = CIRCLE ( 'NONE', #5853, 2.999999999981226129 ) ;
#4622 = ORIENTED_EDGE ( 'NONE', *, *, #1029, .F. ) ;
#4623 = ORIENTED_EDGE ( 'NONE', *, *, #2290, .F. ) ;
#4624 = CARTESIAN_POINT ( 'NONE',  ( -60.40469303090732467, 132.6239973450828700, -114.2400010700811492 ) ) ;
#4625 = LINE ( 'NONE', #8284, #1457 ) ;
#4626 = FACE_OUTER_BOUND ( 'NONE', #1918, .T. ) ;
#4627 = CARTESIAN_POINT ( 'NONE',  ( -43.39745962156486314, 275.1666049839189441, 0.000000000000000000 ) ) ;
#4628 = CIRCLE ( 'NONE', #3853, 1.999999999999994893 ) ;
#4629 = CYLINDRICAL_SURFACE ( 'NONE', #1083, 1.999999999981183496 ) ;
#4630 = ORIENTED_EDGE ( 'NONE', *, *, #6638, .F. ) ;
#4631 = CARTESIAN_POINT ( 'NONE',  ( -44.88526329026010586, 135.7435565297863604, 10.00000000000000178 ) ) ;
#4632 = LINE ( 'NONE', #3042, #7979 ) ;
#4633 = ADVANCED_FACE ( 'NONE', ( #7418 ), #2321, .F. ) ;
#4634 = VERTEX_POINT ( 'NONE', #3708 ) ;
#4635 = CARTESIAN_POINT ( 'NONE',  ( -162.4685657822019209, -79.40381056769041379, -115.0000000000000142 ) ) ;
#4636 = FACE_BOUND ( 'NONE', #354, .T. ) ;
#4637 = CARTESIAN_POINT ( 'NONE',  ( -111.8060796608472600, 108.6538105676306145, 10.00000000000000000 ) ) ;
#4638 = EDGE_CURVE ( 'NONE', #6751, #2770, #4670, .T. ) ;
#4639 = ORIENTED_EDGE ( 'NONE', *, *, #4073, .F. ) ;
#4640 = DIRECTION ( 'NONE',  ( 0.8660254037844387076, 0.4999999999999998890, 0.000000000000000000 ) ) ;
#4641 = EDGE_CURVE ( 'NONE', #6717, #7439, #3850, .T. ) ;
#4642 = EDGE_CURVE ( 'NONE', #5807, #4171, #1710, .T. ) ;
#4643 = ORIENTED_EDGE ( 'NONE', *, *, #4814, .F. ) ;
#4644 = EDGE_LOOP ( 'NONE', ( #6633, #6296, #6380, #3957 ) ) ;
#4645 = CARTESIAN_POINT ( 'NONE',  ( -38.19392033913517537, -151.1538105676907833, 10.00000000000000000 ) ) ;
#4646 = CARTESIAN_POINT ( 'NONE',  ( 213.9999999999995453, -13.99999999999999822, 24.99999999999999289 ) ) ;
#4647 = CIRCLE ( 'NONE', #4180, 1.999999999981183496 ) ;
#4648 = VECTOR ( 'NONE', #6589, 1000.000000000000000 ) ;
#4649 = DIRECTION ( 'NONE',  ( -1.000000000000000000, 0.000000000000000000, 0.000000000000000000 ) ) ;
#4650 = ORIENTED_EDGE ( 'NONE', *, *, #7648, .T. ) ;
#4651 = CARTESIAN_POINT ( 'NONE',  ( -219.4297447047771357, 310.0634665204914313, 10.00000000000000000 ) ) ;
#4652 = AXIS2_PLACEMENT_3D ( 'NONE', #8085, #1511, #2797 ) ;
#4653 = CARTESIAN_POINT ( 'NONE',  ( -163.7185657822019209, -81.56887407715150573, -110.6698729810778161 ) ) ;
#4654 = DIRECTION ( 'NONE',  ( 0.000000000000000000, 0.000000000000000000, 1.000000000000000000 ) ) ;
#4656 = VERTEX_POINT ( 'NONE', #5306 ) ;
#4655 = ADVANCED_FACE ( 'NONE', ( #2418 ), #4531, .F. ) ;
#4657 = EDGE_CURVE ( 'NONE', #2770, #6751, #7125, .T. ) ;
#4658 = ORIENTED_EDGE ( 'NONE', *, *, #8569, .T. ) ;
#4659 = ADVANCED_FACE ( 'NONE', ( #159 ), #5207, .F. ) ;
#4660 = AXIS2_PLACEMENT_3D ( 'NONE', #1201, #3345, #6278 ) ;
#4661 = VERTEX_POINT ( 'NONE', #205 ) ;
#4662 = CIRCLE ( 'NONE', #843, 11.00000000000000355 ) ;
#4663 = CARTESIAN_POINT ( 'NONE',  ( -183.9304353137946464, -205.5768590218235374, 10.00000000000000000 ) ) ;
#4664 = CARTESIAN_POINT ( 'NONE',  ( 1.029127839489753446E-13, -460.9999999999998863, 10.00000000000000000 ) ) ;
#4665 = ORIENTED_EDGE ( 'NONE', *, *, #5757, .T. ) ;
#4666 = CARTESIAN_POINT ( 'NONE',  ( -62.25386608211591977, 275.8268590217634255, 0.000000000000000000 ) ) ;
#4667 = DIRECTION ( 'NONE',  ( 1.635429539641431722E-16, 2.832647054857945307E-16, 1.000000000000000000 ) ) ;
#4668 = CIRCLE ( 'NONE', #5444, 11.00000000000000000 ) ;
#4669 = CARTESIAN_POINT ( 'NONE',  ( -142.7461339178667288, -79.24355652984645815, 19.49999999999997513 ) ) ;
#4670 = CIRCLE ( 'NONE', #527, 6.000000000016575186 ) ;
#4671 = ORIENTED_EDGE ( 'NONE', *, *, #8925, .F. ) ;
#4672 = EDGE_LOOP ( 'NONE', ( #2337, #5141 ) ) ;
#4673 = CARTESIAN_POINT ( 'NONE',  ( 0.000000000000000000, 0.000000000000000000, 0.000000000000000000 ) ) ;
#4674 = DIRECTION ( 'NONE',  ( -1.000000000000000000, 0.000000000000000000, 0.000000000000000000 ) ) ;
#4675 = DIRECTION ( 'NONE',  ( -0.000000000000000000, -0.000000000000000000, -1.000000000000000000 ) ) ;
#4676 = DIRECTION ( 'NONE',  ( -0.000000000000000000, -0.000000000000000000, -1.000000000000000000 ) ) ;
#4677 = CARTESIAN_POINT ( 'NONE',  ( -192.7663151938431270, -72.88105190364302644, 10.00000000000000000 ) ) ;
#4678 = ORIENTED_EDGE ( 'NONE', *, *, #5818, .F. ) ;
#4679 = PLANE ( 'NONE',  #8807 ) ;
#4680 = CARTESIAN_POINT ( 'NONE',  ( 12.46856578221975553, 180.4038105676302735, -115.0000000000000142 ) ) ;
#4681 = AXIS2_PLACEMENT_3D ( 'NONE', #8591, #2019, #2155 ) ;
#4682 = ORIENTED_EDGE ( 'NONE', *, *, #2994, .T. ) ;
#4683 = AXIS2_PLACEMENT_3D ( 'NONE', #1641, #4554, #7490 ) ;
#4684 = AXIS2_PLACEMENT_3D ( 'NONE', #5239, #8164, #879 ) ;
#4685 = CARTESIAN_POINT ( 'NONE',  ( 0.000000000000000000, 0.000000000000000000, 0.000000000000000000 ) ) ;
#4686 = DIRECTION ( 'NONE',  ( -1.000000000000000000, 0.000000000000000000, 0.000000000000000000 ) ) ;
#4687 = CIRCLE ( 'NONE', #5000, 5.000000000000005329 ) ;
#4688 = CARTESIAN_POINT ( 'NONE',  ( -162.4685657822019209, -79.40381056769041379, -115.0000000000000142 ) ) ;
#4689 = CIRCLE ( 'NONE', #7458, 2.000000000016738610 ) ;
#4690 = CIRCLE ( 'NONE', #4851, 6.000000000000005329 ) ;
#4691 = DIRECTION ( 'NONE',  ( -1.635429539641433941E-16, 2.832647054857943335E-16, 1.000000000000000000 ) ) ;
#4692 = DIRECTION ( 'NONE',  ( 0.000000000000000000, 0.000000000000000000, 1.000000000000000000 ) ) ;
#4693 = ORIENTED_EDGE ( 'NONE', *, *, #1971, .F. ) ;
#4694 = ORIENTED_EDGE ( 'NONE', *, *, #7265, .T. ) ;
#4695 = CARTESIAN_POINT ( 'NONE',  ( -160.1147367097224219, -219.3268590218234806, 19.49999999999997513 ) ) ;
#4697 = ADVANCED_FACE ( 'NONE', ( #8137 ), #6120, .T. ) ;
#4696 = CARTESIAN_POINT ( 'NONE',  ( -62.25386608211591977, 275.8268590217633687, 19.49999999999997513 ) ) ;
#4698 = EDGE_CURVE ( 'NONE', #5779, #1642, #3582, .T. ) ;
#4699 = DIRECTION ( 'NONE',  ( 0.3535533905932752852, 0.6123724356957982451, -0.7071067811865434649 ) ) ;
#4700 = ORIENTED_EDGE ( 'NONE', *, *, #9150, .F. ) ;
#4701 = DIRECTION ( 'NONE',  ( -1.000000000000000000, 0.000000000000000000, 0.000000000000000000 ) ) ;
#4702 = DIRECTION ( 'NONE',  ( 2.220446049250312588E-16, 1.000000000000000000, -1.025445864033519699E-16 ) ) ;
#4703 = LINE ( 'NONE', #9128, #4835 ) ;
#4704 = ORIENTED_EDGE ( 'NONE', *, *, #3, .T. ) ;
#4705 = EDGE_LOOP ( 'NONE', ( #1205, #8880, #9167, #3608 ) ) ;
#4706 = ORIENTED_EDGE ( 'NONE', *, *, #6169, .F. ) ;
#4707 = EDGE_CURVE ( 'NONE', #3753, #3909, #6368, .T. ) ;
#4708 = CARTESIAN_POINT ( 'NONE',  ( -44.88526329026009876, 135.7435565297863320, 19.49999999999997513 ) ) ;
#4709 = DIRECTION ( 'NONE',  ( 0.000000000000000000, 0.000000000000000000, 1.000000000000000000 ) ) ;
#4710 = ORIENTED_EDGE ( 'NONE', *, *, #3248, .F. ) ;
#4711 = CARTESIAN_POINT ( 'NONE',  ( -142.7461339178667288, -79.24355652984645815, 24.99999999999997513 ) ) ;
#4712 = EDGE_CURVE ( 'NONE', #1781, #2230, #4042, .T. ) ;
#4713 = CARTESIAN_POINT ( 'NONE',  ( -23.06956468620458622, 149.4935565297863036, 0.000000000000000000 ) ) ;
#4714 = DIRECTION ( 'NONE',  ( 0.000000000000000000, 8.673617379884028076E-17, 1.000000000000000000 ) ) ;
#4715 = EDGE_LOOP ( 'NONE', ( #7186, #803 ) ) ;
#4716 = ORIENTED_EDGE ( 'NONE', *, *, #6182, .T. ) ;
#4717 = CARTESIAN_POINT ( 'NONE',  ( -20.06956468618804479, 147.7615057222174642, -3.000000000000031086 ) ) ;
#4718 = DIRECTION ( 'NONE',  ( 0.2500000000000001665, 0.4330127018922187432, -0.8660254037844388186 ) ) ;
#4719 = FACE_OUTER_BOUND ( 'NONE', #8011, .T. ) ;
#4720 = EDGE_CURVE ( 'NONE', #6828, #2014, #2228, .T. ) ;
#4721 = CYLINDRICAL_SURFACE ( 'NONE', #8028, 2.999999999997893241 ) ;
#4722 = CARTESIAN_POINT ( 'NONE',  ( -86.62564434702630933, 178.0400172473909493, -137.5000000000000000 ) ) ;
#4723 = VERTEX_POINT ( 'NONE', #5639 ) ;
#4724 = FACE_BOUND ( 'NONE', #3884, .T. ) ;
#4725 = CARTESIAN_POINT ( 'NONE',  ( -151.1243556529558703, -233.7550622520989805, 25.00000000000000000 ) ) ;
#4726 = ORIENTED_EDGE ( 'NONE', *, *, #3630, .T. ) ;
#4727 = AXIS2_PLACEMENT_3D ( 'NONE', #1713, #348, #3189 ) ;
#4728 = FACE_BOUND ( 'NONE', #3627, .T. ) ;
#4729 = CARTESIAN_POINT ( 'NONE',  ( 204.1592244893144823, -99.00000000000001421, -29.42433009472866345 ) ) ;
#4730 = DIRECTION ( 'NONE',  ( 0.8660254037844387076, 0.4999999999999998890, 0.000000000000000000 ) ) ;
#4731 = CARTESIAN_POINT ( 'NONE',  ( -87.06956468618800216, 263.8089098293322650, 24.99999999999997513 ) ) ;
#4732 = CIRCLE ( 'NONE', #8570, 11.00000000000000355 ) ;
#4733 = PERSON_AND_ORGANIZATION_ROLE ( 'design_supplier' ) ;
#4734 = VERTEX_POINT ( 'NONE', #6310 ) ;
#4735 = EDGE_LOOP ( 'NONE', ( #1411, #2399 ) ) ;
#4736 = CIRCLE ( 'NONE', #291, 5.000000000000007994 ) ;
#4738 = AXIS2_PLACEMENT_3D ( 'NONE', #1917, #5415, #5607 ) ;
#4737 = CARTESIAN_POINT ( 'NONE',  ( 380.2377111446261324, -35.00000000000000000, 0.000000000000000000 ) ) ;
#4739 = FACE_OUTER_BOUND ( 'NONE', #1255, .T. ) ;
#4740 = FACE_OUTER_BOUND ( 'NONE', #307, .T. ) ;
#4741 = ORIENTED_EDGE ( 'NONE', *, *, #4896, .F. ) ;
#4742 = CARTESIAN_POINT ( 'NONE',  ( -47.01348502534911944, 279.4297447047329683, -69.50000000000056843 ) ) ;
#4743 = CARTESIAN_POINT ( 'NONE',  ( 213.9999999999995453, -101.0000000000000142, 8.000000000000035527 ) ) ;
#4744 = CARTESIAN_POINT ( 'NONE',  ( -189.1188555722868614, -327.5634665205517422, 0.000000000000000000 ) ) ;
#4745 = CIRCLE ( 'NONE', #7049, 3.500000000000010214 ) ;
#4746 = ORIENTED_EDGE ( 'NONE', *, *, #2406, .T. ) ;
#4747 = AXIS2_PLACEMENT_3D ( 'NONE', #3283, #261, #6219 ) ;
#4748 = ADVANCED_FACE ( 'NONE', ( #1227 ), #2512, .F. ) ;
#4749 = ORIENTED_EDGE ( 'NONE', *, *, #8342, .T. ) ;
#4750 = VERTEX_POINT ( 'NONE', #303 ) ;
#4751 = LINE ( 'NONE', #3409, #3108 ) ;
#4752 = FACE_OUTER_BOUND ( 'NONE', #9404, .T. ) ;
#4753 = ORIENTED_EDGE ( 'NONE', *, *, #7751, .F. ) ;
#4754 = DIRECTION ( 'NONE',  ( 0.000000000000000000, 0.000000000000000000, 1.000000000000000000 ) ) ;
#4755 = DIRECTION ( 'NONE',  ( -3.435759386066699840E-16, 1.025445864033521055E-16, 1.000000000000000000 ) ) ;
#4756 = FACE_OUTER_BOUND ( 'NONE', #2283, .T. ) ;
#4757 = ORIENTED_EDGE ( 'NONE', *, *, #3, .F. ) ;
#4758 = EDGE_CURVE ( 'NONE', #4389, #6174, #690, .T. ) ;
#4759 = ORIENTED_EDGE ( 'NONE', *, *, #7549, .F. ) ;
#4760 = EDGE_CURVE ( 'NONE', #4253, #5874, #6822, .T. ) ;
#4761 = LINE ( 'NONE', #1039, #6931 ) ;
#4762 = CARTESIAN_POINT ( 'NONE',  ( 139.9999999999999716, -29.00000000000000000, 10.00000000000000000 ) ) ;
#4763 = DIRECTION ( 'NONE',  ( -1.000000000000000000, 0.000000000000000000, -1.577021341797095835E-16 ) ) ;
#4764 = CARTESIAN_POINT ( 'NONE',  ( 140.0000000000000568, -25.49999999999997513, 10.00000000000000178 ) ) ;
#4765 = CARTESIAN_POINT ( 'NONE',  ( 213.9999999999995453, -114.0000000000000142, 8.000000000000035527 ) ) ;
#4766 = EDGE_LOOP ( 'NONE', ( #3636, #3258, #7197, #7762 ) ) ;
#4767 = CARTESIAN_POINT ( 'NONE',  ( -170.2833209967994890, 190.9393636479667293, 10.00000000000000000 ) ) ;
#4768 = OPEN_SHELL ( 'NONE', ( #3171, #7910, #2171, #4930, #5776 ) ) ;
#4769 = LINE ( 'NONE', #7711, #2001 ) ;
#4770 = ORIENTED_EDGE ( 'NONE', *, *, #850, .F. ) ;
#4771 = ADVANCED_FACE ( 'NONE', ( #1949 ), #1085, .F. ) ;
#4772 = ADVANCED_FACE ( 'NONE', ( #446 ), #6265, .F. ) ;
#4773 = AXIS2_PLACEMENT_3D ( 'NONE', #8529, #8431, #458 ) ;
#4774 = DIRECTION ( 'NONE',  ( 0.000000000000000000, 0.000000000000000000, 1.000000000000000000 ) ) ;
#4775 = DIRECTION ( 'NONE',  ( 1.000000000000000000, 0.000000000000000000, 0.000000000000000000 ) ) ;
#4776 = CARTESIAN_POINT ( 'NONE',  ( 159.5000000000000000, 42.50000000000000000, 10.00000000000000000 ) ) ;
#4777 = ORIENTED_EDGE ( 'NONE', *, *, #4957, .T. ) ;
#4778 = DIRECTION ( 'NONE',  ( -1.000000000000000000, 2.220446049250312588E-16, -1.649003067838320811E-17 ) ) ;
#4779 = PLANE ( 'NONE',  #5771 ) ;
#4780 = VECTOR ( 'NONE', #9192, 1000.000000000000000 ) ;
#4781 = APPROVAL_ROLE ( '' ) ;
#4782 = ORIENTED_EDGE ( 'NONE', *, *, #3230, .T. ) ;
#4783 = VERTEX_POINT ( 'NONE', #7029 ) ;
#4784 = DIRECTION ( 'NONE',  ( -0.000000000000000000, -0.000000000000000000, -1.000000000000000000 ) ) ;
#4785 = LINE ( 'NONE', #7011, #2675 ) ;
#4786 = LINE ( 'NONE', #4114, #3366 ) ;
#4787 = EDGE_LOOP ( 'NONE', ( #3554, #8298, #2563, #1203 ) ) ;
#4788 = CARTESIAN_POINT ( 'NONE',  ( 272.0000000000000000, -56.50000000000000000, 0.000000000000000000 ) ) ;
#4789 = DIRECTION ( 'NONE',  ( -1.000000000000000000, 0.000000000000000000, 0.000000000000000000 ) ) ;
#4790 = DIRECTION ( 'NONE',  ( 0.000000000000000000, 0.000000000000000000, 1.000000000000000000 ) ) ;
#4791 = ORIENTED_EDGE ( 'NONE', *, *, #1897, .T. ) ;
#4792 = ADVANCED_FACE ( 'NONE', ( #1040 ), #7615, .F. ) ;
#4793 = EDGE_LOOP ( 'NONE', ( #2310, #716, #7201, #2326 ) ) ;
#4794 = CIRCLE ( 'NONE', #4490, 5.000000000000004441 ) ;
#4795 = CIRCLE ( 'NONE', #665, 5.000000000000004441 ) ;
#4796 = DIRECTION ( 'NONE',  ( -0.8660254037844387076, -0.4999999999999998890, -0.000000000000000000 ) ) ;
#4797 = CYLINDRICAL_SURFACE ( 'NONE', #3963, 2.999999999999947153 ) ;
#4798 = ORIENTED_EDGE ( 'NONE', *, *, #9426, .F. ) ;
#4799 = CARTESIAN_POINT ( 'NONE',  ( -217.4297447047613048, -310.0634665205517422, 10.00000000000000000 ) ) ;
#4800 = LINE ( 'NONE', #1034, #3201 ) ;
#4801 = CARTESIAN_POINT ( 'NONE',  ( -86.06956468618797373, 262.0768590217633687, 10.00000000000000000 ) ) ;
#4802 = AXIS2_PLACEMENT_3D ( 'NONE', #7345, #773, #3061 ) ;
#4803 = AXIS2_PLACEMENT_3D ( 'NONE', #737, #9477, #683 ) ;
#4804 = ORIENTED_EDGE ( 'NONE', *, *, #2889, .T. ) ;
#4805 = AXIS2_PLACEMENT_3D ( 'NONE', #6867, #4702, #1063 ) ;
#4806 = EDGE_CURVE ( 'NONE', #3153, #7985, #7597, .T. ) ;
#4807 = ORIENTED_EDGE ( 'NONE', *, *, #2945, .T. ) ;
#4808 = DIRECTION ( 'NONE',  ( 0.8660254037844394848, -0.4999999999999985567, 0.000000000000000000 ) ) ;
#4809 = DIRECTION ( 'NONE',  ( -0.000000000000000000, -0.000000000000000000, -1.000000000000000000 ) ) ;
#4810 = CARTESIAN_POINT ( 'NONE',  ( -224.7365149746331952, -191.2550622520990373, 25.00000000000000000 ) ) ;
#4811 = LINE ( 'NONE', #545, #3878 ) ;
#4812 = ADVANCED_FACE ( 'NONE', ( #7659 ), #9241, .T. ) ;
#4813 = AXIS2_PLACEMENT_3D ( 'NONE', #12, #5057, #4321 ) ;
#4814 = EDGE_CURVE ( 'NONE', #5397, #5009, #3279, .T. ) ;
#4815 = DIRECTION ( 'NONE',  ( -0.8660254037844390407, 0.4999999999999992228, 0.000000000000000000 ) ) ;
#4816 = ORIENTED_EDGE ( 'NONE', *, *, #2823, .T. ) ;
#4817 = EDGE_CURVE ( 'NONE', #4505, #7272, #6215, .T. ) ;
#4818 = FACE_OUTER_BOUND ( 'NONE', #4644, .T. ) ;
#4819 = CIRCLE ( 'NONE', #2363, 2.999999999981226129 ) ;
#4820 = ADVANCED_FACE ( 'NONE', ( #5497 ), #8419, .F. ) ;
#4821 = CARTESIAN_POINT ( 'NONE',  ( -117.9304353137946606, -91.26150572227757607, 10.00000000000000178 ) ) ;
#4822 = AXIS2_PLACEMENT_3D ( 'NONE', #2777, #4937, #4298 ) ;
#4823 = ORIENTED_EDGE ( 'NONE', *, *, #8206, .T. ) ;
#4824 = AXIS2_PLACEMENT_3D ( 'NONE', #6438, #4260, #7205 ) ;
#4825 = AXIS2_PLACEMENT_3D ( 'NONE', #4173, #6356, #4093 ) ;
#4826 = AXIS2_PLACEMENT_3D ( 'NONE', #8396, #1828, #5423 ) ;
#4827 = DIRECTION ( 'NONE',  ( -1.000000000000000000, 0.000000000000000000, 0.000000000000000000 ) ) ;
#4828 = DIRECTION ( 'NONE',  ( -0.000000000000000000, 0.000000000000000000, -1.000000000000000000 ) ) ;
#4829 = CARTESIAN_POINT ( 'NONE',  ( -182.9304353137945611, -203.8448082142546127, 10.00000000000000178 ) ) ;
#4830 = VERTEX_POINT ( 'NONE', #9193 ) ;
#4831 = CARTESIAN_POINT ( 'NONE',  ( 140.0000000000000568, -28.99999999999998579, 10.00000000000000178 ) ) ;
#4832 = ADVANCED_FACE ( 'NONE', ( #2612 ), #5546, .F. ) ;
#4833 = VECTOR ( 'NONE', #4158, 1000.000000000000000 ) ;
#4834 = AXIS2_PLACEMENT_3D ( 'NONE', #7187, #5710, #4983 ) ;
#4835 = VECTOR ( 'NONE', #6104, 1000.000000000000000 ) ;
#4836 = DATE_AND_TIME ( #3301, #3922 ) ;
#4837 = ORIENTED_EDGE ( 'NONE', *, *, #5249, .F. ) ;
#4838 = CIRCLE ( 'NONE', #6230, 11.00000000000001066 ) ;
#4839 = ORIENTED_EDGE ( 'NONE', *, *, #2901, .F. ) ;
#4840 = CIRCLE ( 'NONE', #3767, 4.999999999999998224 ) ;
#4841 = CARTESIAN_POINT ( 'NONE',  ( -118.9304353137946322, -92.99355652984641551, 0.000000000000000000 ) ) ;
#4842 = AXIS2_PLACEMENT_3D ( 'NONE', #732, #2402, #8404 ) ;
#4843 = LINE ( 'NONE', #7826, #369 ) ;
#4844 = DIRECTION ( 'NONE',  ( -0.000000000000000000, -0.000000000000000000, -1.000000000000000000 ) ) ;
#4845 = ORIENTED_EDGE ( 'NONE', *, *, #472, .F. ) ;
#4846 = CARTESIAN_POINT ( 'NONE',  ( 213.9999999999995453, -99.00000000000001421, 8.000000000000035527 ) ) ;
#4847 = DIRECTION ( 'NONE',  ( 0.7071067811865462405, -8.449927344859702973E-17, 0.7071067811865487940 ) ) ;
#4848 = VECTOR ( 'NONE', #6348, 1000.000000000000000 ) ;
#4849 = CARTESIAN_POINT ( 'NONE',  ( -192.7663151938431270, -72.88105190364302644, 0.000000000000000000 ) ) ;
#4850 = CIRCLE ( 'NONE', #8222, 9.499999999999994671 ) ;
#4851 = AXIS2_PLACEMENT_3D ( 'NONE', #8448, #7098, #4118 ) ;
#4852 = ORIENTED_EDGE ( 'NONE', *, *, #2955, .F. ) ;
#4853 = ORIENTED_EDGE ( 'NONE', *, *, #2246, .T. ) ;
#4854 = CARTESIAN_POINT ( 'NONE',  ( 143.0000000000000000, -84.00000000000000000, 10.00000000000000000 ) ) ;
#4855 = CC_DESIGN_APPROVAL ( #2711, ( #5410 ) ) ;
#4856 = CARTESIAN_POINT ( 'NONE',  ( 159.5000000000000284, -130.5000000000000000, 10.00000000000000000 ) ) ;
#4857 = ORIENTED_EDGE ( 'NONE', *, *, #2070, .F. ) ;
#4858 = DIRECTION ( 'NONE',  ( -0.000000000000000000, -0.000000000000000000, -1.000000000000000000 ) ) ;
#4859 = DIRECTION ( 'NONE',  ( 0.8660254037844387076, 0.4999999999999998890, 0.000000000000000000 ) ) ;
#4860 = DIRECTION ( 'NONE',  ( -1.000000000000000000, 0.000000000000000000, 0.000000000000000000 ) ) ;
#4861 = EDGE_LOOP ( 'NONE', ( #4103, #4749, #4852, #2740 ) ) ;
#4862 = ORIENTED_EDGE ( 'NONE', *, *, #3250, .T. ) ;
#4863 = EDGE_CURVE ( 'NONE', #3625, #4099, #4092, .T. ) ;
#4864 = DIRECTION ( 'NONE',  ( -0.000000000000000000, -0.000000000000000000, -1.000000000000000000 ) ) ;
#4865 = EDGE_CURVE ( 'NONE', #6431, #5807, #5136, .T. ) ;
#4866 = CARTESIAN_POINT ( 'NONE',  ( -226.8525403784177286, -192.9201257615600866, 10.00000000000000000 ) ) ;
#4867 = DIRECTION ( 'NONE',  ( -3.105958772499037896E-16, -1.025445864033519576E-16, -1.000000000000000000 ) ) ;
#4868 = DIRECTION ( 'NONE',  ( 0.000000000000000000, 0.000000000000000000, 1.000000000000000000 ) ) ;
#4869 = EDGE_LOOP ( 'NONE', ( #6154, #6051, #974, #6166 ) ) ;
#4870 = DIRECTION ( 'NONE',  ( 1.000000000000000000, 0.000000000000000000, 0.000000000000000000 ) ) ;
#4871 = DIRECTION ( 'NONE',  ( 1.604368532695312734E-16, -1.000000000000000000, 0.000000000000000000 ) ) ;
#4872 = VERTEX_POINT ( 'NONE', #1274 ) ;
#4873 = EDGE_CURVE ( 'NONE', #7799, #1477, #9331, .T. ) ;
#4874 = LINE ( 'NONE', #5462, #5396 ) ;
#4875 = CARTESIAN_POINT ( 'NONE',  ( -21.06956468618803768, 149.4935565297863604, 24.99999999999997513 ) ) ;
#4876 = CARTESIAN_POINT ( 'NONE',  ( -217.4297447047601679, 310.0634665204914313, 10.00000000000000000 ) ) ;
#4877 = FACE_OUTER_BOUND ( 'NONE', #2195, .T. ) ;
#4878 = ORIENTED_EDGE ( 'NONE', *, *, #5407, .F. ) ;
#4879 = CARTESIAN_POINT ( 'NONE',  ( -78.12435565295596973, -107.3153532995708730, 24.99999999999998224 ) ) ;
#4880 = ADVANCED_FACE ( 'NONE', ( #8786 ), #4408, .F. ) ;
#4881 = APPROVAL_STATUS ( 'not_yet_approved' ) ;
#4882 = AXIS2_PLACEMENT_3D ( 'NONE', #5177, #952, #6611 ) ;
#4883 = ORIENTED_EDGE ( 'NONE', *, *, #3271, .T. ) ;
#4884 = ADVANCED_FACE ( 'NONE', ( #37 ), #2258, .F. ) ;
#4885 = ORIENTED_EDGE ( 'NONE', *, *, #310, .T. ) ;
#4886 = LINE ( 'NONE', #7050, #4365 ) ;
#4887 = CARTESIAN_POINT ( 'NONE',  ( -87.12435565295569972, -122.9038105676903427, -110.0000000000000142 ) ) ;
#4888 = CIRCLE ( 'NONE', #754, 2.999999999981226129 ) ;
#4889 = CIRCLE ( 'NONE', #916, 7.500000000000007105 ) ;
#4890 = ORIENTED_EDGE ( 'NONE', *, *, #7871, .F. ) ;
#4891 = FACE_OUTER_BOUND ( 'NONE', #6879, .T. ) ;
#4892 = CARTESIAN_POINT ( 'NONE',  ( -60.50386608211594108, 272.7957701085177860, 10.00000000000000178 ) ) ;
#4893 = CARTESIAN_POINT ( 'NONE',  ( -142.7461339178667288, -79.24355652984647236, 10.00000000000000178 ) ) ;
#4894 = ORIENTED_EDGE ( 'NONE', *, *, #6542, .F. ) ;
#4895 = CIRCLE ( 'NONE', #5519, 5.499999999999997335 ) ;
#4896 = EDGE_CURVE ( 'NONE', #7062, #7598, #5291, .T. ) ;
#4897 = AXIS2_PLACEMENT_3D ( 'NONE', #7998, #603, #1338 ) ;
#4898 = VERTEX_POINT ( 'NONE', #814 ) ;
#4899 = DIRECTION ( 'NONE',  ( 0.000000000000000000, 1.000000000000000000, 0.000000000000000000 ) ) ;
#4900 = DIRECTION ( 'NONE',  ( 1.635429539641431722E-16, 2.832647054857944814E-16, -1.000000000000000000 ) ) ;
#4901 = ORIENTED_EDGE ( 'NONE', *, *, #8398, .F. ) ;
#4902 = CARTESIAN_POINT ( 'NONE',  ( 132.0000000000000000, -13.99999999999997158, 24.99999999999998224 ) ) ;
#4903 = CIRCLE ( 'NONE', #6295, 6.000000000016575186 ) ;
#4904 = VECTOR ( 'NONE', #1459, 1000.000000000000000 ) ;
#4905 = VECTOR ( 'NONE', #7708, 1000.000000000000000 ) ;
#4906 = CYLINDRICAL_SURFACE ( 'NONE', #9502, 3.500000000000013323 ) ;
#4907 = CARTESIAN_POINT ( 'NONE',  ( -160.8079664398827333, 345.0634665204915450, 0.000000000000000000 ) ) ;
#4908 = ORIENTED_EDGE ( 'NONE', *, *, #9359, .T. ) ;
#4909 = EDGE_LOOP ( 'NONE', ( #5773, #5240, #7913, #4157 ) ) ;
#4910 = AXIS2_PLACEMENT_3D ( 'NONE', #2801, #3610, #9485 ) ;
#4911 = DIRECTION ( 'NONE',  ( 0.5000000000000014433, 0.8660254037844379305, 0.000000000000000000 ) ) ;
#4912 = DIRECTION ( 'NONE',  ( 1.000000000000000000, 0.000000000000000000, 0.000000000000000000 ) ) ;
#4913 = DIRECTION ( 'NONE',  ( -0.8660254037844391517, 0.4999999999999992784, 0.000000000000000000 ) ) ;
#4914 = DIRECTION ( 'NONE',  ( -1.000000000000000000, 0.000000000000000000, -6.308085367188383338E-16 ) ) ;
#4915 = ORIENTED_EDGE ( 'NONE', *, *, #3428, .F. ) ;
#4916 = CARTESIAN_POINT ( 'NONE',  ( -88.44392033913516116, -238.1893636480269834, 10.00000000000000000 ) ) ;
#4917 = CYLINDRICAL_SURFACE ( 'NONE', #4910, 5.000000000000004441 ) ;
#4918 = VERTEX_POINT ( 'NONE', #8075 ) ;
#4919 = AXIS2_PLACEMENT_3D ( 'NONE', #6033, #3009, #9015 ) ;
#4920 = VECTOR ( 'NONE', #6411, 1000.000000000000000 ) ;
#4921 = ADVANCED_FACE ( 'NONE', ( #8879 ), #6400, .T. ) ;
#4922 = DIRECTION ( 'NONE',  ( 7.129000586206054847E-17, -1.234779122249719954E-16, 1.000000000000000000 ) ) ;
#4923 = DIRECTION ( 'NONE',  ( 0.000000000000000000, 0.000000000000000000, 1.000000000000000000 ) ) ;
#4924 = LINE ( 'NONE', #360, #3459 ) ;
#4925 = AXIS2_PLACEMENT_3D ( 'NONE', #8145, #4491, #856 ) ;
#4926 = DIRECTION ( 'NONE',  ( 0.8660254037844390407, -0.4999999999999992784, -0.000000000000000000 ) ) ;
#4927 = VERTEX_POINT ( 'NONE', #135 ) ;
#4928 = CARTESIAN_POINT ( 'NONE',  ( 275.5000000000000000, -29.00000000000001421, 24.99999999999997513 ) ) ;
#4929 = EDGE_CURVE ( 'NONE', #8334, #692, #7341, .T. ) ;
#4930 = ADVANCED_FACE ( 'NONE', ( #3059, #92 ), #3018, .F. ) ;
#4931 = PERSON_AND_ORGANIZATION_ROLE ( 'design_owner' ) ;
#4932 = ORIENTED_EDGE ( 'NONE', *, *, #8984, .T. ) ;
#4933 = VERTEX_POINT ( 'NONE', #5954 ) ;
#4934 = ORIENTED_EDGE ( 'NONE', *, *, #6861, .F. ) ;
#4935 = FACE_OUTER_BOUND ( 'NONE', #6414, .T. ) ;
#4936 = EDGE_CURVE ( 'NONE', #7753, #2256, #8364, .T. ) ;
#4937 = DIRECTION ( 'NONE',  ( 0.000000000000000000, 0.000000000000000000, 1.000000000000000000 ) ) ;
#4938 = VECTOR ( 'NONE', #3563, 1000.000000000000114 ) ;
#4939 = EDGE_CURVE ( 'NONE', #4562, #5638, #9511, .T. ) ;
#4940 = EDGE_CURVE ( 'NONE', #4970, #7510, #8965, .T. ) ;
#4941 = VERTEX_POINT ( 'NONE', #1544 ) ;
#4942 = EDGE_CURVE ( 'NONE', #611, #9082, #8839, .T. ) ;
#4943 = CYLINDRICAL_SURFACE ( 'NONE', #541, 5.500000000000005329 ) ;
#4944 = EDGE_CURVE ( 'NONE', #1779, #3050, #7393, .T. ) ;
#4945 = CARTESIAN_POINT ( 'NONE',  ( -95.11473670972256400, -106.7435565298464013, 10.00000000000000000 ) ) ;
#4946 = DIRECTION ( 'NONE',  ( -0.000000000000000000, -0.000000000000000000, -1.000000000000000000 ) ) ;
#4947 = ORIENTED_EDGE ( 'NONE', *, *, #1960, .T. ) ;
#4948 = ORIENTED_EDGE ( 'NONE', *, *, #1855, .F. ) ;
#4949 = DIRECTION ( 'NONE',  ( 0.000000000000000000, 0.000000000000000000, 1.000000000000000000 ) ) ;
#4950 = DIRECTION ( 'NONE',  ( -2.220446049250312588E-16, -1.000000000000000000, 1.025445864033519699E-16 ) ) ;
#4951 = ORIENTED_EDGE ( 'NONE', *, *, #4997, .T. ) ;
#4952 = DIRECTION ( 'NONE',  ( -1.000000000000000000, 0.000000000000000000, 0.000000000000000000 ) ) ;
#4953 = EDGE_CURVE ( 'NONE', #3269, #6297, #871, .T. ) ;
#4954 = CARTESIAN_POINT ( 'NONE',  ( 197.4999999999992895, -99.00000000000002842, -137.5000000000000000 ) ) ;
#4955 = DIRECTION ( 'NONE',  ( -1.649003067838308177E-17, 1.025445864033520315E-16, 1.000000000000000000 ) ) ;
#4956 = EDGE_CURVE ( 'NONE', #1313, #8582, #4987, .T. ) ;
#4957 = EDGE_CURVE ( 'NONE', #1352, #5504, #8017, .T. ) ;
#4958 = EDGE_LOOP ( 'NONE', ( #7504, #5938, #6850, #7204 ) ) ;
#4959 = VECTOR ( 'NONE', #2027, 1000.000000000000000 ) ;
#4960 = EDGE_LOOP ( 'NONE', ( #2278, #2314, #5292, #1745, #3400, #7455, #8088, #3054, #3843, #5516, #9145, #5629, #6044, #237, #3465 ) ) ;
#4961 = AXIS2_PLACEMENT_3D ( 'NONE', #103, #6109, #2456 ) ;
#4962 = FACE_OUTER_BOUND ( 'NONE', #1876, .T. ) ;
#4963 = DIRECTION ( 'NONE',  ( -0.8660254037844381525, -0.5000000000000007772, 0.000000000000000000 ) ) ;
#4964 = DIRECTION ( 'NONE',  ( -1.000000000000000000, 0.000000000000000000, 0.000000000000000000 ) ) ;
#4965 = VERTEX_POINT ( 'NONE', #5278 ) ;
#4966 = DIRECTION ( 'NONE',  ( -1.000000000000000000, 0.000000000000000000, 0.000000000000000000 ) ) ;
#4967 = CYLINDRICAL_SURFACE ( 'NONE', #3674, 3.500000000000013323 ) ;
#4968 = VECTOR ( 'NONE', #8647, 1000.000000000000000 ) ;
#4969 = ADVANCED_FACE ( 'NONE', ( #7582 ), #2538, .F. ) ;
#4970 = VERTEX_POINT ( 'NONE', #226 ) ;
#4971 = CIRCLE ( 'NONE', #2971, 3.500000000000010214 ) ;
#4972 = CARTESIAN_POINT ( 'NONE',  ( 264.5000000000000000, -84.00000000000001421, 19.49999999999998224 ) ) ;
#4973 = VECTOR ( 'NONE', #7069, 1000.000000000000000 ) ;
#4974 = LINE ( 'NONE', #5605, #4596 ) ;
#4975 = DIRECTION ( 'NONE',  ( -0.8660254037844387076, -0.4999999999999998890, 7.703719777548943412E-34 ) ) ;
#4976 = CARTESIAN_POINT ( 'NONE',  ( -77.05296641779979439, -128.7185298537210940, -104.0000000000000284 ) ) ;
#4977 = EDGE_LOOP ( 'NONE', ( #2864, #2914 ) ) ;
#4978 = DIRECTION ( 'NONE',  ( 1.000000000000000000, 0.000000000000000000, 0.000000000000000000 ) ) ;
#4979 = AXIS2_PLACEMENT_3D ( 'NONE', #6014, #832, #8942 ) ;
#4980 = VERTEX_POINT ( 'NONE', #3255 ) ;
#4981 = VERTEX_POINT ( 'NONE', #1783 ) ;
#4982 = ORIENTED_EDGE ( 'NONE', *, *, #6182, .F. ) ;
#4983 = DIRECTION ( 'NONE',  ( -1.000000000000000000, 0.000000000000000000, -6.308085367188383338E-16 ) ) ;
#4984 = CIRCLE ( 'NONE', #851, 3.000000000017002844 ) ;
#4985 = EDGE_CURVE ( 'NONE', #4562, #6717, #3206, .T. ) ;
#4986 = DIRECTION ( 'NONE',  ( 0.000000000000000000, 0.000000000000000000, 1.000000000000000000 ) ) ;
#4987 = CIRCLE ( 'NONE', #73, 10.99999999999999645 ) ;
#4988 = ORIENTED_EDGE ( 'NONE', *, *, #5184, .F. ) ;
#4989 = DIRECTION ( 'NONE',  ( -0.000000000000000000, -0.000000000000000000, -1.000000000000000000 ) ) ;
#4990 = FACE_OUTER_BOUND ( 'NONE', #7013, .T. ) ;
#4991 = LINE ( 'NONE', #522, #7460 ) ;
#4992 = CIRCLE ( 'NONE', #858, 1.999999999999995781 ) ;
#4993 = EDGE_LOOP ( 'NONE', ( #8166, #6872 ) ) ;
#4994 = CIRCLE ( 'NONE', #4834, 5.500000000000005329 ) ;
#4995 = ORIENTED_EDGE ( 'NONE', *, *, #9273, .F. ) ;
#4996 = EDGE_CURVE ( 'NONE', #3318, #25, #7436, .T. ) ;
#4997 = EDGE_CURVE ( 'NONE', #6018, #7235, #9286, .T. ) ;
#4998 = ORIENTED_EDGE ( 'NONE', *, *, #3810, .F. ) ;
#4999 = DIRECTION ( 'NONE',  ( -1.000000000000000000, 6.769652589177797684E-16, 0.000000000000000000 ) ) ;
#5000 = AXIS2_PLACEMENT_3D ( 'NONE', #9213, #418, #5417 ) ;
#5001 = DIRECTION ( 'NONE',  ( 0.8660254037844394848, -0.4999999999999985567, 0.000000000000000000 ) ) ;
#5002 = ORIENTED_EDGE ( 'NONE', *, *, #6407, .F. ) ;
#5003 = DIRECTION ( 'NONE',  ( 0.000000000000000000, 0.000000000000000000, 1.000000000000000000 ) ) ;
#5004 = VECTOR ( 'NONE', #7133, 1000.000000000000000 ) ;
#5005 = CARTESIAN_POINT ( 'NONE',  ( 213.9999999999995453, -99.00000000000001421, -18.00000000000000355 ) ) ;
#5006 = AXIS2_PLACEMENT_3D ( 'NONE', #1885, #5716, #7016 ) ;
#5007 = DIRECTION ( 'NONE',  ( 0.8660254037844387076, 0.4999999999999998890, 0.000000000000000000 ) ) ;
#5008 = ORIENTED_EDGE ( 'NONE', *, *, #9020, .T. ) ;
#5009 = VERTEX_POINT ( 'NONE', #6862 ) ;
#5010 = EDGE_CURVE ( 'NONE', #332, #8411, #854, .T. ) ;
#5011 = CARTESIAN_POINT ( 'NONE',  ( 0.000000000000000000, 0.000000000000000000, 10.00000000000000000 ) ) ;
#5012 = DIRECTION ( 'NONE',  ( -1.000000000000000000, 0.000000000000000000, 0.000000000000000000 ) ) ;
#5013 = ADVANCED_FACE ( 'NONE', ( #4019 ), #1013, .T. ) ;
#5014 = CARTESIAN_POINT ( 'NONE',  ( -95.11473670972256400, -106.7435565298464013, 19.49999999999997513 ) ) ;
#5015 = ORIENTED_EDGE ( 'NONE', *, *, #1042, .T. ) ;
#5016 = DIRECTION ( 'NONE',  ( 1.000000000000000000, 1.604368532695312734E-16, -0.000000000000000000 ) ) ;
#5017 = DIRECTION ( 'NONE',  ( 1.000000000000000000, 0.000000000000000000, 0.000000000000000000 ) ) ;
#5018 = ORIENTED_EDGE ( 'NONE', *, *, #7865, .T. ) ;
#5019 = EDGE_CURVE ( 'NONE', #5148, #7007, #6190, .T. ) ;
#5020 = FACE_BOUND ( 'NONE', #5247, .T. ) ;
#5021 = FACE_OUTER_BOUND ( 'NONE', #3170, .T. ) ;
#5022 = FACE_OUTER_BOUND ( 'NONE', #2066, .T. ) ;
#5023 = DIRECTION ( 'NONE',  ( 0.8660254037844390407, -0.4999999999999992784, -0.000000000000000000 ) ) ;
#5024 = ORIENTED_EDGE ( 'NONE', *, *, #3764, .F. ) ;
#5025 = LINE ( 'NONE', #2189, #1609 ) ;
#5026 = DIRECTION ( 'NONE',  ( 0.4999999999999992228, 0.8660254037844390407, -1.425800117241210969E-16 ) ) ;
#5027 = CARTESIAN_POINT ( 'NONE',  ( -192.7365149746330246, -135.8294364098945266, 10.00000000000000178 ) ) ;
#5028 = ORIENTED_EDGE ( 'NONE', *, *, #55, .T. ) ;
#5029 = EDGE_LOOP ( 'NONE', ( #2378, #4486, #8954, #8161 ) ) ;
#5030 = ORIENTED_EDGE ( 'NONE', *, *, #4355, .T. ) ;
#5031 = LINE ( 'NONE', #9405, #9291 ) ;
#5032 = CARTESIAN_POINT ( 'NONE',  ( -205.7268960313996047, -128.3294364098945550, 8.000000000000028422 ) ) ;
#5033 = ORIENTED_EDGE ( 'NONE', *, *, #7535, .T. ) ;
#5034 = FACE_OUTER_BOUND ( 'NONE', #6301, .T. ) ;
#5035 = DIRECTION ( 'NONE',  ( -3.435759386066700333E-16, 1.025445864033521055E-16, 1.000000000000000000 ) ) ;
#5036 = CARTESIAN_POINT ( 'NONE',  ( 209.9999999999995453, -114.0000000000000142, 8.000000000000035527 ) ) ;
#5037 = ADVANCED_FACE ( 'NONE', ( #3925 ), #8205, .F. ) ;
#5038 = VERTEX_POINT ( 'NONE', #4737 ) ;
#5039 = VERTEX_POINT ( 'NONE', #3161 ) ;
#5040 = AXIS2_PLACEMENT_3D ( 'NONE', #3500, #4900, #9324 ) ;
#5041 = FACE_OUTER_BOUND ( 'NONE', #1363, .T. ) ;
#5042 = CYLINDRICAL_SURFACE ( 'NONE', #761, 2.999999999981226129 ) ;
#5043 = ORIENTED_EDGE ( 'NONE', *, *, #55, .F. ) ;
#5044 = CARTESIAN_POINT ( 'NONE',  ( -192.7365149746330246, -135.8294364098945266, -17.99999999999999645 ) ) ;
#5045 = CARTESIAN_POINT ( 'NONE',  ( -161.9865149746330530, -82.56887407715150573, -110.6698729810778161 ) ) ;
#5046 = CARTESIAN_POINT ( 'NONE',  ( 280.5000000000000000, -100.0000000000000284, 10.00000000000000000 ) ) ;
#5047 = ADVANCED_FACE ( 'NONE', ( #1734 ), #1057, .F. ) ;
#5048 = AXIS2_PLACEMENT_3D ( 'NONE', #9141, #3326, #2505 ) ;
#5049 = EDGE_LOOP ( 'NONE', ( #4189, #5288 ) ) ;
#5050 = ORIENTED_EDGE ( 'NONE', *, *, #3706, .T. ) ;
#5052 = CARTESIAN_POINT ( 'NONE',  ( -107.1352632902600561, 243.5637193009489465, 19.49999999999997868 ) ) ;
#5051 = VECTOR ( 'NONE', #3783, 1000.000000000000114 ) ;
#5053 = LINE ( 'NONE', #4270, #8946 ) ;
#5054 = CIRCLE ( 'NONE', #7051, 3.999999999999989786 ) ;
#5055 = CARTESIAN_POINT ( 'NONE',  ( 272.0000000000000000, -56.50000000000002132, 24.99999999999997513 ) ) ;
#5056 = VERTEX_POINT ( 'NONE', #2340 ) ;
#5057 = DIRECTION ( 'NONE',  ( -0.8660254037844391517, 0.4999999999999992784, 0.000000000000000000 ) ) ;
#5058 = FACE_OUTER_BOUND ( 'NONE', #6654, .T. ) ;
#5059 = EDGE_CURVE ( 'NONE', #168, #5038, #9440, .T. ) ;
#5060 = EDGE_LOOP ( 'NONE', ( #9076, #1456, #5085, #5529 ) ) ;
#5061 = AXIS2_PLACEMENT_3D ( 'NONE', #9155, #8385, #2571 ) ;
#5062 = VECTOR ( 'NONE', #2568, 1000.000000000000000 ) ;
#5063 = CIRCLE ( 'NONE', #3837, 2.999999999967813302 ) ;
#5064 = CYLINDRICAL_SURFACE ( 'NONE', #9229, 1.999999999967569497 ) ;
#5065 = CIRCLE ( 'NONE', #7842, 2.000000000000005773 ) ;
#5066 = CARTESIAN_POINT ( 'NONE',  ( 2.746133917884023390, 163.2435565297863604, 19.49999999999997513 ) ) ;
#5067 = CARTESIAN_POINT ( 'NONE',  ( -197.2185657822019209, -139.5925761307089488, -1.526279441628801470 ) ) ;
#5068 = CARTESIAN_POINT ( 'NONE',  ( -44.88526329026009876, 135.7435565297863320, 24.99999999999997513 ) ) ;
#5069 = ORIENTED_EDGE ( 'NONE', *, *, #7871, .T. ) ;
#5070 = DIRECTION ( 'NONE',  ( 1.000000000000000000, 0.000000000000000000, 0.000000000000000000 ) ) ;
#5071 = CARTESIAN_POINT ( 'NONE',  ( -207.7461339178667004, -191.8268590218235659, 10.00000000000000000 ) ) ;
#5072 = AXIS2_PLACEMENT_3D ( 'NONE', #9457, #3772, #124 ) ;
#5073 = EDGE_CURVE ( 'NONE', #6360, #6513, #915, .T. ) ;
#5074 = VERTEX_POINT ( 'NONE', #6762 ) ;
#5075 = ADVANCED_FACE ( 'NONE', ( #6041 ), #2393, .F. ) ;
#5076 = ORIENTED_EDGE ( 'NONE', *, *, #5821, .T. ) ;
#5077 = ORIENTED_EDGE ( 'NONE', *, *, #3749, .T. ) ;
#5078 = FACE_OUTER_BOUND ( 'NONE', #3361, .T. ) ;
#5079 = FACE_OUTER_BOUND ( 'NONE', #2341, .T. ) ;
#5080 = ORIENTED_EDGE ( 'NONE', *, *, #516, .T. ) ;
#5081 = CARTESIAN_POINT ( 'NONE',  ( -194.4685657822019209, -134.8294364098945266, 8.000000000000028422 ) ) ;
#5082 = CIRCLE ( 'NONE', #949, 2.000000000000001776 ) ;
#5083 = DIRECTION ( 'NONE',  ( -0.000000000000000000, -0.000000000000000000, -1.000000000000000000 ) ) ;
#5084 = LINE ( 'NONE', #5224, #3917 ) ;
#5085 = ORIENTED_EDGE ( 'NONE', *, *, #7934, .T. ) ;
#5086 = EDGE_LOOP ( 'NONE', ( #770, #1219, #8785, #7294 ) ) ;
#5087 = CIRCLE ( 'NONE', #7392, 3.000000000000002665 ) ;
#5088 = DIRECTION ( 'NONE',  ( 0.000000000000000000, 1.577021341797097807E-16, 1.000000000000000000 ) ) ;
#5089 = ORIENTED_EDGE ( 'NONE', *, *, #4539, .T. ) ;
#5090 = PLANE ( 'NONE',  #2661 ) ;
#5091 = DIRECTION ( 'NONE',  ( 1.000000000000000000, 0.000000000000000000, 0.000000000000000000 ) ) ;
#5092 = ORIENTED_EDGE ( 'NONE', *, *, #5530, .F. ) ;
#5093 = FACE_BOUND ( 'NONE', #4406, .T. ) ;
#5094 = CARTESIAN_POINT ( 'NONE',  ( 270.0000000000000000, -84.00000000000001421, 19.49999999999998224 ) ) ;
#5095 = DIRECTION ( 'NONE',  ( -0.2499999999999999445, 0.4330127018922209636, 0.8660254037844378194 ) ) ;
#5096 = EDGE_LOOP ( 'NONE', ( #2079, #3600, #9118, #5957 ) ) ;
#5097 = ORIENTED_EDGE ( 'NONE', *, *, #4863, .F. ) ;
#5098 = DIRECTION ( 'NONE',  ( -1.000000000000000000, 0.000000000000000000, 0.000000000000000000 ) ) ;
#5099 = CARTESIAN_POINT ( 'NONE',  ( 0.7365149746506107764, 196.7243186433195206, -18.00000000000000711 ) ) ;
#5100 = DIRECTION ( 'NONE',  ( 0.2500000000000000000, 0.4330127018922182436, -0.8660254037844391517 ) ) ;
#5101 = ORIENTED_EDGE ( 'NONE', *, *, #9033, .T. ) ;
#5102 = CARTESIAN_POINT ( 'NONE',  ( 145.5000000000000568, -28.99999999999998934, 19.49999999999997868 ) ) ;
#5103 = CARTESIAN_POINT ( 'NONE',  ( 290.0000000000000568, -109.5000000000000142, 10.00000000000000000 ) ) ;
#5104 = EDGE_CURVE ( 'NONE', #1341, #3288, #7139, .T. ) ;
#5105 = ORIENTED_EDGE ( 'NONE', *, *, #3509, .T. ) ;
#5106 = EDGE_CURVE ( 'NONE', #2979, #3277, #7758, .T. ) ;
#5108 = EDGE_CURVE ( 'NONE', #7868, #3099, #6096, .T. ) ;
#5107 = DIRECTION ( 'NONE',  ( 0.000000000000000000, 0.000000000000000000, 1.000000000000000000 ) ) ;
#5109 = ADVANCED_FACE ( 'NONE', ( #4071 ), #6243, .F. ) ;
#5110 = CARTESIAN_POINT ( 'NONE',  ( -184.9304353137945327, -207.3089098293923485, 24.99999999999997513 ) ) ;
#5111 = EDGE_CURVE ( 'NONE', #6160, #1989, #8632, .T. ) ;
#5112 = CARTESIAN_POINT ( 'NONE',  ( -18.28143421778027644, 233.6643729003732801, 3.669872981077833884 ) ) ;
#5113 = FACE_OUTER_BOUND ( 'NONE', #8374, .T. ) ;
#5114 = ORIENTED_EDGE ( 'NONE', *, *, #5769, .T. ) ;
#5115 = CYLINDRICAL_SURFACE ( 'NONE', #216, 9.499999999999994671 ) ;
#5116 = DIRECTION ( 'NONE',  ( 0.4941902632238130977, -0.8559626445094798974, 0.1519997859837838028 ) ) ;
#5117 = VECTOR ( 'NONE', #6447, 1000.000000000000000 ) ;
#5118 = FACE_OUTER_BOUND ( 'NONE', #8776, .T. ) ;
#5119 = ORIENTED_EDGE ( 'NONE', *, *, #68, .T. ) ;
#5120 = AXIS2_PLACEMENT_3D ( 'NONE', #7273, #1382, #701 ) ;
#5121 = ORIENTED_EDGE ( 'NONE', *, *, #5274, .T. ) ;
#5122 = AXIS2_PLACEMENT_3D ( 'NONE', #5715, #9319, #7968 ) ;
#5123 = VERTEX_POINT ( 'NONE', #2732 ) ;
#5124 = EDGE_CURVE ( 'NONE', #3718, #1180, #6517, .T. ) ;
#5125 = DIRECTION ( 'NONE',  ( 1.635429539641431969E-16, 2.832647054857945307E-16, 1.000000000000000000 ) ) ;
#5126 = CARTESIAN_POINT ( 'NONE',  ( 273.5000000000000000, -84.00000000000001421, 19.49999999999998224 ) ) ;
#5127 = AXIS2_PLACEMENT_3D ( 'NONE', #2659, #6361, #8522 ) ;
#5128 = ORIENTED_EDGE ( 'NONE', *, *, #3653, .T. ) ;
#5129 = CARTESIAN_POINT ( 'NONE',  ( 270.0000000000000000, -29.00000000000001066, 19.49999999999997513 ) ) ;
#5130 = AXIS2_PLACEMENT_3D ( 'NONE', #8592, #2638, #6387 ) ;
#5131 = CARTESIAN_POINT ( 'NONE',  ( -64.00386608211594819, 278.8579479350088945, 19.49999999999997513 ) ) ;
#5132 = PLANE ( 'NONE',  #6383 ) ;
#5133 = ORIENTED_EDGE ( 'NONE', *, *, #4426, .F. ) ;
#5134 = VECTOR ( 'NONE', #4858, 1000.000000000000000 ) ;
#5135 = ORIENTED_EDGE ( 'NONE', *, *, #2734, .T. ) ;
#5136 = CIRCLE ( 'NONE', #5906, 1.999999999981183496 ) ;
#5137 = EDGE_CURVE ( 'NONE', #5558, #3912, #5661, .T. ) ;
#5138 = DIRECTION ( 'NONE',  ( 0.000000000000000000, 0.000000000000000000, 1.000000000000000000 ) ) ;
#5139 = FACE_OUTER_BOUND ( 'NONE', #9125, .T. ) ;
#5140 = FACE_BOUND ( 'NONE', #8504, .T. ) ;
#5141 = ORIENTED_EDGE ( 'NONE', *, *, #5230, .F. ) ;
#5142 = CARTESIAN_POINT ( 'NONE',  ( 378.2377111446261324, 35.00000000000000000, 0.000000000000000000 ) ) ;
#5143 = DIRECTION ( 'NONE',  ( 0.4999999999999996669, 0.8660254037844388186, 0.000000000000000000 ) ) ;
#5144 = CIRCLE ( 'NONE', #9136, 2.000000000000001776 ) ;
#5145 = DIRECTION ( 'NONE',  ( 2.220446049250312588E-16, 1.000000000000000000, -1.025445864033519699E-16 ) ) ;
#5146 = CIRCLE ( 'NONE', #7286, 2.000000000000001776 ) ;
#5147 = AXIS2_PLACEMENT_3D ( 'NONE', #4744, #4654, #2546 ) ;
#5148 = VERTEX_POINT ( 'NONE', #1925 ) ;
#5149 = EDGE_LOOP ( 'NONE', ( #2129, #8247, #9220, #1028 ) ) ;
#5150 = AXIS2_PLACEMENT_3D ( 'NONE', #8918, #5947, #2963 ) ;
#5151 = CIRCLE ( 'NONE', #2094, 3.500000000000003109 ) ;
#5152 = DIRECTION ( 'NONE',  ( 0.2499999999999999167, -0.4330127018922189097, -0.8660254037844388186 ) ) ;
#5153 = DIRECTION ( 'NONE',  ( -1.000000000000000000, 0.000000000000000000, 0.000000000000000000 ) ) ;
#5154 = CIRCLE ( 'NONE', #4540, 2.999999999980962340 ) ;
#5155 = DIRECTION ( 'NONE',  ( 0.4999999999999998890, -0.8660254037844387076, -3.270859079282868375E-16 ) ) ;
#5156 = ORIENTED_EDGE ( 'NONE', *, *, #7525, .T. ) ;
#5157 = DIRECTION ( 'NONE',  ( 0.000000000000000000, 0.000000000000000000, 1.000000000000000000 ) ) ;
#5158 = AXIS2_PLACEMENT_3D ( 'NONE', #5401, #2419, #6785 ) ;
#5159 = DIRECTION ( 'NONE',  ( 2.220446049250312588E-16, 1.000000000000000000, -1.025445864033519699E-16 ) ) ;
#5160 = EDGE_CURVE ( 'NONE', #1923, #4152, #425, .T. ) ;
#5161 = ORIENTED_EDGE ( 'NONE', *, *, #6649, .T. ) ;
#5162 = EDGE_CURVE ( 'NONE', #6704, #4315, #4886, .T. ) ;
#5163 = DIRECTION ( 'NONE',  ( -0.8660254037844391517, -0.4999999999999992228, 7.012543237461991856E-16 ) ) ;
#5164 = DIRECTION ( 'NONE',  ( -0.000000000000000000, -0.000000000000000000, -1.000000000000000000 ) ) ;
#5165 = DIRECTION ( 'NONE',  ( -0.000000000000000000, -0.000000000000000000, -1.000000000000000000 ) ) ;
#5166 = CARTESIAN_POINT ( 'NONE',  ( -62.87564434702643013, 136.9038105676303019, -115.0000000000000142 ) ) ;
#5167 = ORIENTED_EDGE ( 'NONE', *, *, #7781, .T. ) ;
#5168 = DIRECTION ( 'NONE',  ( -0.000000000000000000, 0.000000000000000000, -1.000000000000000000 ) ) ;
#5169 = CARTESIAN_POINT ( 'NONE',  ( 159.5000000000000000, 42.50000000000000000, 10.00000000000000000 ) ) ;
#5170 = ADVANCED_FACE ( 'NONE', ( #9315 ), #9360, .F. ) ;
#5171 = EDGE_CURVE ( 'NONE', #7007, #1781, #2016, .T. ) ;
#5172 = EDGE_CURVE ( 'NONE', #3099, #5985, #8061, .T. ) ;
#5173 = ORIENTED_EDGE ( 'NONE', *, *, #1310, .T. ) ;
#5174 = ORIENTED_EDGE ( 'NONE', *, *, #2957, .T. ) ;
#5175 = EDGE_LOOP ( 'NONE', ( #7624, #4451, #5494, #1670 ) ) ;
#5176 = CYLINDRICAL_SURFACE ( 'NONE', #2379, 9.499999999999953815 ) ;
#5177 = CARTESIAN_POINT ( 'NONE',  ( -160.1147367097224219, -219.3268590218234806, 19.49999999999997513 ) ) ;
#5178 = EDGE_LOOP ( 'NONE', ( #2453, #4553, #1576, #5174 ) ) ;
#5179 = LINE ( 'NONE', #1536, #6835 ) ;
#5180 = DIRECTION ( 'NONE',  ( -1.000000000000000000, 0.000000000000000000, 0.000000000000000000 ) ) ;
#5181 = CARTESIAN_POINT ( 'NONE',  ( 260.0000000000001137, 42.50000000000000711, 0.000000000000000000 ) ) ;
#5182 = EDGE_CURVE ( 'NONE', #1554, #6008, #8971, .T. ) ;
#5183 = EDGE_LOOP ( 'NONE', ( #1163, #4901, #9060, #2296 ) ) ;
#5184 = EDGE_CURVE ( 'NONE', #7453, #1528, #4994, .T. ) ;
#5185 = ORIENTED_EDGE ( 'NONE', *, *, #1029, .T. ) ;
#5186 = CARTESIAN_POINT ( 'NONE',  ( -77.05296641779979439, -128.7185298537210940, -107.5000000000000142 ) ) ;
#5187 = CARTESIAN_POINT ( 'NONE',  ( -194.4685657822018925, -134.8294364098945266, -18.00000000000001066 ) ) ;
#5188 = CARTESIAN_POINT ( 'NONE',  ( -72.87564434702667882, 154.2243186433195490, -18.00000000000000711 ) ) ;
#5189 = EDGE_LOOP ( 'NONE', ( #4149, #4639, #1444, #6767, #9427, #9466 ) ) ;
#5190 = LINE ( 'NONE', #6048, #9439 ) ;
#5191 = CARTESIAN_POINT ( 'NONE',  ( -200.9935565297952849, -68.13105190364302644, 10.00000000000000000 ) ) ;
#5192 = FACE_OUTER_BOUND ( 'NONE', #428, .T. ) ;
#5193 = EDGE_CURVE ( 'NONE', #6869, #4266, #693, .T. ) ;
#5194 = ORIENTED_EDGE ( 'NONE', *, *, #1744, .F. ) ;
#5195 = VERTEX_POINT ( 'NONE', #3490 ) ;
#5196 = CARTESIAN_POINT ( 'NONE',  ( 136.9999999999999716, -84.00000000000000000, 0.000000000000000000 ) ) ;
#5197 = FACE_OUTER_BOUND ( 'NONE', #4958, .T. ) ;
#5198 = ORIENTED_EDGE ( 'NONE', *, *, #5819, .F. ) ;
#5199 = CARTESIAN_POINT ( 'NONE',  ( -194.4685657822018925, -134.8294364098945266, -18.00000000000001066 ) ) ;
#5200 = AXIS2_PLACEMENT_3D ( 'NONE', #5487, #7601, #7553 ) ;
#5201 = AXIS2_PLACEMENT_3D ( 'NONE', #8229, #6635, #7411 ) ;
#5202 = FACE_OUTER_BOUND ( 'NONE', #8567, .T. ) ;
#5203 = VERTEX_POINT ( 'NONE', #4247 ) ;
#5204 = AXIS2_PLACEMENT_3D ( 'NONE', #5235, #7446, #6621 ) ;
#5205 = AXIS2_PLACEMENT_3D ( 'NONE', #4688, #7040, #6276 ) ;
#5206 = DIRECTION ( 'NONE',  ( 0.4999999999999996669, 0.8660254037844388186, -6.308085367188379394E-16 ) ) ;
#5207 = CYLINDRICAL_SURFACE ( 'NONE', #7741, 2.999999999967251085 ) ;
#5208 = VECTOR ( 'NONE', #219, 1000.000000000000000 ) ;
#5209 = LINE ( 'NONE', #8093, #7216 ) ;
#5210 = CARTESIAN_POINT ( 'NONE',  ( 158.3908233834578141, -13.99999999999998401, 9.999999999999998224 ) ) ;
#5211 = CARTESIAN_POINT ( 'NONE',  ( -95.11473670972256400, -106.7435565298464013, 24.99999999999997513 ) ) ;
#5212 = ORIENTED_EDGE ( 'NONE', *, *, #2583, .T. ) ;
#5213 = FACE_BOUND ( 'NONE', #2385, .T. ) ;
#5214 = DIRECTION ( 'NONE',  ( -0.2499999999999999445, 0.4330127018922215743, -0.8660254037844375974 ) ) ;
#5215 = CIRCLE ( 'NONE', #6137, 11.00000000000000000 ) ;
#5216 = EDGE_LOOP ( 'NONE', ( #7834, #660, #4853, #4542 ) ) ;
#5217 = DIRECTION ( 'NONE',  ( 0.4941902632238114879, -0.8559626445094808966, 0.1519997859837828591 ) ) ;
#5218 = LINE ( 'NONE', #4448, #6376 ) ;
#5220 = EDGE_CURVE ( 'NONE', #1807, #8683, #1970, .T. ) ;
#5219 = LINE ( 'NONE', #6089, #6125 ) ;
#5221 = VERTEX_POINT ( 'NONE', #7728 ) ;
#5222 = CARTESIAN_POINT ( 'NONE',  ( -80.21667900318301747, -242.9393636480269549, 10.00000000000000000 ) ) ;
#5223 = CARTESIAN_POINT ( 'NONE',  ( -77.12435565295596973, -105.5833024920020051, 10.00000000000000178 ) ) ;
#5224 = CARTESIAN_POINT ( 'NONE',  ( 260.0000000000000568, -14.00000000000001243, 9.999999999999998224 ) ) ;
#5225 = VERTEX_POINT ( 'NONE', #4154 ) ;
#5226 = ORIENTED_EDGE ( 'NONE', *, *, #9478, .T. ) ;
#5227 = CIRCLE ( 'NONE', #3070, 9.500000000000008882 ) ;
#5228 = CARTESIAN_POINT ( 'NONE',  ( -38.19392033913517537, -151.1538105676907833, 10.00000000000000000 ) ) ;
#5229 = ADVANCED_FACE ( 'NONE', ( #4935 ), #6285, .T. ) ;
#5230 = EDGE_CURVE ( 'NONE', #1714, #7955, #2844, .T. ) ;
#5231 = ORIENTED_EDGE ( 'NONE', *, *, #7844, .T. ) ;
#5232 = EDGE_CURVE ( 'NONE', #2014, #6828, #5146, .T. ) ;
#5233 = LINE ( 'NONE', #183, #817 ) ;
#5234 = AXIS2_PLACEMENT_3D ( 'NONE', #169, #266, #5217 ) ;
#5235 = CARTESIAN_POINT ( 'NONE',  ( -66.33974596216414454, 134.9038105676303019, -115.0000000000000426 ) ) ;
#5236 = VERTEX_POINT ( 'NONE', #6382 ) ;
#5237 = CARTESIAN_POINT ( 'NONE',  ( -139.9961339178667288, -74.48041680903205020, 19.49999999999997158 ) ) ;
#5238 = LINE ( 'NONE', #7496, #7263 ) ;
#5239 = CARTESIAN_POINT ( 'NONE',  ( -183.9304353137945327, -205.5768590218234806, 24.99999999999997513 ) ) ;
#5240 = ORIENTED_EDGE ( 'NONE', *, *, #2606, .T. ) ;
#5241 = EDGE_LOOP ( 'NONE', ( #3572, #5673 ) ) ;
#5242 = EDGE_LOOP ( 'NONE', ( #9495, #3360, #4018, #674 ) ) ;
#5243 = EDGE_CURVE ( 'NONE', #8484, #6550, #514, .T. ) ;
#5244 = DIRECTION ( 'NONE',  ( 0.000000000000000000, 0.000000000000000000, 1.000000000000000000 ) ) ;
#5245 = ADVANCED_FACE ( 'NONE', ( #5078 ), #615, .T. ) ;
#5246 = CARTESIAN_POINT ( 'NONE',  ( -111.8060796608472600, 108.6538105676306145, 10.00000000000000000 ) ) ;
#5247 = EDGE_LOOP ( 'NONE', ( #6569, #9476 ) ) ;
#5248 = CARTESIAN_POINT ( 'NONE',  ( -8.273103968582558920, 242.3294364098343863, -18.00000000000001066 ) ) ;
#5249 = EDGE_CURVE ( 'NONE', #6467, #3815, #8777, .T. ) ;
#5250 = AXIS2_PLACEMENT_3D ( 'NONE', #5929, #2991, #6640 ) ;
#5251 = CARTESIAN_POINT ( 'NONE',  ( 9.486514974650878784, 181.5688740770913796, -119.3301270189222123 ) ) ;
#5252 = EDGE_CURVE ( 'NONE', #3576, #4423, #5218, .T. ) ;
#5253 = ORIENTED_EDGE ( 'NONE', *, *, #2879, .T. ) ;
#5254 = FACE_BOUND ( 'NONE', #2962, .T. ) ;
#5255 = DIRECTION ( 'NONE',  ( -0.000000000000000000, -0.000000000000000000, -1.000000000000000000 ) ) ;
#5256 = CARTESIAN_POINT ( 'NONE',  ( -262.7663151938430701, -177.6701257615601151, 10.00000000000000000 ) ) ;
#5257 = FACE_OUTER_BOUND ( 'NONE', #3736, .T. ) ;
#5258 = DIRECTION ( 'NONE',  ( -1.635429539641431722E-16, -2.832647054857944814E-16, -1.000000000000000000 ) ) ;
#5259 = ORIENTED_EDGE ( 'NONE', *, *, #8877, .F. ) ;
#5260 = DIRECTION ( 'NONE',  ( -1.000000000000000000, 0.000000000000000000, 0.000000000000000000 ) ) ;
#5261 = CARTESIAN_POINT ( 'NONE',  ( -0.003866082115979753431, 168.0066962506007826, 24.99999999999997868 ) ) ;
#5262 = ORIENTED_EDGE ( 'NONE', *, *, #1267, .T. ) ;
#5263 = AXIS2_PLACEMENT_3D ( 'NONE', #8019, #7106, #8742 ) ;
#5264 = VECTOR ( 'NONE', #7801, 999.9999999999998863 ) ;
#5265 = CARTESIAN_POINT ( 'NONE',  ( -63.62564434702648697, 138.2028486733070736, 44.49999999999970157 ) ) ;
#5266 = CIRCLE ( 'NONE', #2205, 1.999999999999998668 ) ;
#5267 = CYLINDRICAL_SURFACE ( 'NONE', #391, 5.500000000000005329 ) ;
#5268 = CARTESIAN_POINT ( 'NONE',  ( -139.9961339178667288, -74.48041680903205020, 19.49999999999997158 ) ) ;
#5269 = ORIENTED_EDGE ( 'NONE', *, *, #5232, .T. ) ;
#5270 = DIRECTION ( 'NONE',  ( 1.000000000000000000, 0.000000000000000000, 0.000000000000000000 ) ) ;
#5271 = AXIS2_PLACEMENT_3D ( 'NONE', #7864, #5560, #1148 ) ;
#5272 = CARTESIAN_POINT ( 'NONE',  ( 202.9999999999995453, -101.0000000000000142, -18.00000000000000711 ) ) ;
#5273 = AXIS2_PLACEMENT_3D ( 'NONE', #1021, #3930, #329 ) ;
#5274 = EDGE_CURVE ( 'NONE', #8878, #8277, #8670, .T. ) ;
#5275 = ORIENTED_EDGE ( 'NONE', *, *, #471, .F. ) ;
#5276 = ORIENTED_EDGE ( 'NONE', *, *, #6932, .F. ) ;
#5277 = EDGE_CURVE ( 'NONE', #590, #4918, #8146, .T. ) ;
#5278 = CARTESIAN_POINT ( 'NONE',  ( 143.0000000000000000, -84.00000000000000000, 0.000000000000000000 ) ) ;
#5279 = AXIS2_PLACEMENT_3D ( 'NONE', #5248, #290, #3224 ) ;
#5280 = AXIS2_PLACEMENT_3D ( 'NONE', #1566, #4481, #6695 ) ;
#5281 = VERTEX_POINT ( 'NONE', #3628 ) ;
#5282 = CARTESIAN_POINT ( 'NONE',  ( 170.0000000000000568, -13.99999999999999822, -60.00000000000000711 ) ) ;
#5283 = DIRECTION ( 'NONE',  ( -1.000000000000000000, 0.000000000000000000, 0.000000000000000000 ) ) ;
#5284 = VERTEX_POINT ( 'NONE', #2917 ) ;
#5285 = DIRECTION ( 'NONE',  ( 0.8660254037844381525, 0.5000000000000006661, 0.000000000000000000 ) ) ;
#5286 = DIRECTION ( 'NONE',  ( -0.6526433874850773309, 6.722147494571149614E-17, -0.7576652352932681245 ) ) ;
#5287 = DIRECTION ( 'NONE',  ( -0.4999999999999992228, -0.8660254037844390407, 0.000000000000000000 ) ) ;
#5288 = ORIENTED_EDGE ( 'NONE', *, *, #5533, .T. ) ;
#5289 = EDGE_CURVE ( 'NONE', #5333, #6547, #7330, .T. ) ;
#5290 = ORIENTED_EDGE ( 'NONE', *, *, #9400, .T. ) ;
#5291 = CIRCLE ( 'NONE', #6511, 2.999999999999947153 ) ;
#5292 = ORIENTED_EDGE ( 'NONE', *, *, #16, .F. ) ;
#5293 = CARTESIAN_POINT ( 'NONE',  ( -143.7365149746329678, -50.95894683901931899, -115.9999999999998010 ) ) ;
#5294 = CIRCLE ( 'NONE', #8202, 5.500000000000005329 ) ;
#5295 = DIRECTION ( 'NONE',  ( 0.4999999999999985567, -0.8660254037844394848, 0.000000000000000000 ) ) ;
#5296 = ORIENTED_EDGE ( 'NONE', *, *, #1150, .F. ) ;
#5297 = FACE_BOUND ( 'NONE', #7282, .T. ) ;
#5298 = CARTESIAN_POINT ( 'NONE',  ( -86.06956468618800216, 262.0768590217633687, 24.99999999999997513 ) ) ;
#5299 = ORIENTED_EDGE ( 'NONE', *, *, #6303, .T. ) ;
#5300 = ADVANCED_FACE ( 'NONE', ( #5849 ), #658, .F. ) ;
#5301 = AXIS2_PLACEMENT_3D ( 'NONE', #4012, #4691, #5561 ) ;
#5302 = AXIS2_PLACEMENT_3D ( 'NONE', #9489, #6503, #9443 ) ;
#5303 = EDGE_CURVE ( 'NONE', #7397, #6560, #3577, .T. ) ;
#5304 = DIRECTION ( 'NONE',  ( 1.000000000000000000, 0.000000000000000000, 0.000000000000000000 ) ) ;
#5305 = VECTOR ( 'NONE', #7025, 1000.000000000000000 ) ;
#5306 = CARTESIAN_POINT ( 'NONE',  ( -170.7365149746333088, -97.72431864337964669, -60.00000000000000711 ) ) ;
#5307 = DIRECTION ( 'NONE',  ( -0.7071067811865463515, 8.449927344859704205E-17, -0.7071067811865486830 ) ) ;
#5308 = FACE_OUTER_BOUND ( 'NONE', #6105, .T. ) ;
#5309 = CARTESIAN_POINT ( 'NONE',  ( -78.12435565295596973, -107.3153532995708730, 24.99999999999998224 ) ) ;
#5310 = ORIENTED_EDGE ( 'NONE', *, *, #2871, .F. ) ;
#5311 = DIRECTION ( 'NONE',  ( 0.8660254037844388186, 0.4999999999999999445, 2.775557561562891351E-17 ) ) ;
#5312 = AXIS2_PLACEMENT_3D ( 'NONE', #1805, #1078, #8997 ) ;
#5313 = LINE ( 'NONE', #117, #1391 ) ;
#5314 = AXIS2_PLACEMENT_3D ( 'NONE', #8950, #2420, #1663 ) ;
#5315 = AXIS2_PLACEMENT_3D ( 'NONE', #8874, #2295, #664 ) ;
#5316 = EDGE_LOOP ( 'NONE', ( #1437, #4934 ) ) ;
#5317 = EDGE_CURVE ( 'NONE', #5941, #8126, #8730, .T. ) ;
#5318 = EDGE_LOOP ( 'NONE', ( #274, #7692, #397, #3619 ) ) ;
#5319 = DIRECTION ( 'NONE',  ( -0.000000000000000000, -0.000000000000000000, -1.000000000000000000 ) ) ;
#5320 = CC_DESIGN_APPROVAL ( #8282, ( #1648 ) ) ;
#5321 = DIRECTION ( 'NONE',  ( 1.000000000000000000, 0.000000000000000000, 0.000000000000000000 ) ) ;
#5322 = VECTOR ( 'NONE', #6311, 1000.000000000000000 ) ;
#5323 = ORIENTED_EDGE ( 'NONE', *, *, #9472, .F. ) ;
#5324 = CARTESIAN_POINT ( 'NONE',  ( -217.4297447047601679, 310.0634665204914313, 10.00000000000000000 ) ) ;
#5325 = CARTESIAN_POINT ( 'NONE',  ( 5.496133917884024278, 158.4804168089719667, 24.99999999999997158 ) ) ;
#5326 = EDGE_LOOP ( 'NONE', ( #9302, #6308, #8330, #3587 ) ) ;
#5327 = VERTEX_POINT ( 'NONE', #8008 ) ;
#5328 = DIRECTION ( 'NONE',  ( 1.000000000000000000, 0.000000000000000000, 0.000000000000000000 ) ) ;
#5329 = DIRECTION ( 'NONE',  ( 1.000000000000000000, 0.000000000000000000, 0.000000000000000000 ) ) ;
#5330 = EDGE_LOOP ( 'NONE', ( #8131, #3934, #298, #9045 ) ) ;
#5331 = CARTESIAN_POINT ( 'NONE',  ( 267.0000000000000568, -84.00000000000000000, 0.000000000000000000 ) ) ;
#5332 = PLANE ( 'NONE',  #7971 ) ;
#5333 = VERTEX_POINT ( 'NONE', #806 ) ;
#5334 = FACE_OUTER_BOUND ( 'NONE', #3190, .T. ) ;
#5335 = LINE ( 'NONE', #2448, #212 ) ;
#5336 = DIRECTION ( 'NONE',  ( 1.000000000000000000, 0.000000000000000000, 0.000000000000000000 ) ) ;
#5337 = ORIENTED_EDGE ( 'NONE', *, *, #6479, .T. ) ;
#5338 = ORIENTED_EDGE ( 'NONE', *, *, #2011, .T. ) ;
#5339 = EDGE_CURVE ( 'NONE', #9249, #5891, #758, .T. ) ;
#5340 = ORIENTED_EDGE ( 'NONE', *, *, #793, .F. ) ;
#5341 = DIRECTION ( 'NONE',  ( -0.8660254037844389297, -0.4999999999999993894, 0.000000000000000000 ) ) ;
#5342 = DIRECTION ( 'NONE',  ( 0.4999999999999998890, -0.8660254037844387076, 0.000000000000000000 ) ) ;
#5343 = EDGE_LOOP ( 'NONE', ( #8609, #4038, #2730, #1061 ) ) ;
#5344 = EDGE_CURVE ( 'NONE', #2422, #6202, #5031, .T. ) ;
#5345 = LINE ( 'NONE', #1033, #7583 ) ;
#5346 = DIRECTION ( 'NONE',  ( -0.5000000000000003331, 0.8660254037844383745, 0.000000000000000000 ) ) ;
#5347 = CARTESIAN_POINT ( 'NONE',  ( -62.87564434702638749, 136.9038105676303019, -115.0000000000000426 ) ) ;
#5348 = ORIENTED_EDGE ( 'NONE', *, *, #7478, .F. ) ;
#5349 = ORIENTED_EDGE ( 'NONE', *, *, #4105, .F. ) ;
#5350 = CARTESIAN_POINT ( 'NONE',  ( 0.000000000000000000, 0.000000000000000000, 0.000000000000000000 ) ) ;
#5351 = EDGE_CURVE ( 'NONE', #5658, #805, #8827, .T. ) ;
#5352 = DIRECTION ( 'NONE',  ( -1.000000000000000000, 0.000000000000000000, 0.000000000000000000 ) ) ;
#5354 = DIRECTION ( 'NONE',  ( -0.8660254037844391517, -0.4999999999999992228, 7.012543237461991856E-16 ) ) ;
#5353 = VECTOR ( 'NONE', #6012, 1000.000000000000000 ) ;
#5355 = FACE_OUTER_BOUND ( 'NONE', #7815, .T. ) ;
#5356 = LINE ( 'NONE', #306, #5062 ) ;
#5357 = EDGE_LOOP ( 'NONE', ( #8866, #22, #3073, #8800 ) ) ;
#5358 = EDGE_CURVE ( 'NONE', #815, #6291, #3144, .T. ) ;
#5359 = FACE_BOUND ( 'NONE', #5316, .T. ) ;
#5360 = EDGE_CURVE ( 'NONE', #2700, #8576, #2960, .T. ) ;
#5361 = DIRECTION ( 'NONE',  ( 0.000000000000000000, 1.000000000000000000, 0.000000000000000000 ) ) ;
#5362 = EDGE_LOOP ( 'NONE', ( #3545, #299, #6881, #4399 ) ) ;
#5363 = AXIS2_PLACEMENT_3D ( 'NONE', #4290, #5522, #5748 ) ;
#5364 = AXIS2_PLACEMENT_3D ( 'NONE', #3127, #3032, #2361 ) ;
#5365 = ORIENTED_EDGE ( 'NONE', *, *, #4577, .F. ) ;
#5366 = DIRECTION ( 'NONE',  ( -0.8660254037844390407, -0.4999999999999995004, 0.000000000000000000 ) ) ;
#5367 = DIRECTION ( 'NONE',  ( -0.000000000000000000, -0.000000000000000000, -1.000000000000000000 ) ) ;
#5368 = AXIS2_PLACEMENT_3D ( 'NONE', #4680, #7621, #1047 ) ;
#5369 = ADVANCED_FACE ( 'NONE', ( #76 ), #5176, .F. ) ;
#5370 = CIRCLE ( 'NONE', #2452, 1.999999999967569497 ) ;
#5372 = EDGE_CURVE ( 'NONE', #9191, #1619, #2108, .T. ) ;
#5371 = EDGE_LOOP ( 'NONE', ( #270, #4109 ) ) ;
#5373 = CARTESIAN_POINT ( 'NONE',  ( 140.0000000000000568, -56.49999999999998579, 10.00000000000000533 ) ) ;
#5374 =( LENGTH_UNIT ( ) NAMED_UNIT ( * ) SI_UNIT ( .MILLI., .METRE. ) );
#5375 = ORIENTED_EDGE ( 'NONE', *, *, #257, .T. ) ;
#5376 = AXIS2_PLACEMENT_3D ( 'NONE', #426, #324, #6288 ) ;
#5377 = ORIENTED_EDGE ( 'NONE', *, *, #9355, .T. ) ;
#5378 = DIRECTION ( 'NONE',  ( 3.435759386066699840E-16, -1.025445864033521055E-16, -1.000000000000000000 ) ) ;
#5379 = FACE_BOUND ( 'NONE', #3005, .T. ) ;
#5380 = DIRECTION ( 'NONE',  ( -1.635429539641431722E-16, -2.832647054857944814E-16, 1.000000000000000000 ) ) ;
#5381 = DIRECTION ( 'NONE',  ( 0.000000000000000000, 0.000000000000000000, 1.000000000000000000 ) ) ;
#5382 = ORIENTED_EDGE ( 'NONE', *, *, #198, .T. ) ;
#5383 = CARTESIAN_POINT ( 'NONE',  ( -194.4685657822019209, -134.8294364098945266, 8.000000000000028422 ) ) ;
#5384 = CARTESIAN_POINT ( 'NONE',  ( 250.5000000000000568, 52.00000000000002132, 0.000000000000000000 ) ) ;
#5385 = CYLINDRICAL_SURFACE ( 'NONE', #8828, 10.99999999999999645 ) ;
#5386 = ORIENTED_EDGE ( 'NONE', *, *, #7332, .T. ) ;
#5387 = ORIENTED_EDGE ( 'NONE', *, *, #422, .F. ) ;
#5388 = ORIENTED_EDGE ( 'NONE', *, *, #8711, .F. ) ;
#5389 = OPEN_SHELL ( 'NONE', ( #2939, #7820 ) ) ;
#5390 = CARTESIAN_POINT ( 'NONE',  ( -215.7365149746331952, -175.6666049839791413, -75.00000000000001421 ) ) ;
#5391 = DIRECTION ( 'NONE',  ( -1.000000000000000000, 0.000000000000000000, -1.577021341797095835E-16 ) ) ;
#5392 = ORIENTED_EDGE ( 'NONE', *, *, #4289, .F. ) ;
#5393 = DIRECTION ( 'NONE',  ( 0.8660254037844390407, -0.4999999999999992784, -0.000000000000000000 ) ) ;
#5394 = DIRECTION ( 'NONE',  ( 0.4999999999999992228, 0.8660254037844390407, -1.425800117241210969E-16 ) ) ;
#5395 = CYLINDRICAL_SURFACE ( 'NONE', #87, 2.000000000000005773 ) ;
#5396 = VECTOR ( 'NONE', #4054, 1000.000000000000000 ) ;
#5397 = VERTEX_POINT ( 'NONE', #1434 ) ;
#5398 = EDGE_LOOP ( 'NONE', ( #8779, #7745, #6612, #1697 ) ) ;
#5399 = CARTESIAN_POINT ( 'NONE',  ( -207.7461339178665867, -191.8268590218234806, 10.00000000000000178 ) ) ;
#5400 = CARTESIAN_POINT ( 'NONE',  ( 149.9999999999994600, -9.999999999999994671, -115.0000000000000284 ) ) ;
#5401 = CARTESIAN_POINT ( 'NONE',  ( -109.8852632902600419, 248.3268590217633403, 10.00000000000000000 ) ) ;
#5402 = LINE ( 'NONE', #3852, #6082 ) ;
#5403 = VECTOR ( 'NONE', #2653, 1000.000000000000000 ) ;
#5404 = DIRECTION ( 'NONE',  ( -0.3788326176466338957, 0.6561573413282841827, -0.6526433874850773309 ) ) ;
#5405 = ORIENTED_EDGE ( 'NONE', *, *, #1795, .T. ) ;
#5406 = FACE_BOUND ( 'NONE', #8847, .T. ) ;
#5407 = EDGE_CURVE ( 'NONE', #5759, #872, #7962, .T. ) ;
#5408 = LINE ( 'NONE', #8524, #614 ) ;
#5409 = EDGE_LOOP ( 'NONE', ( #7565, #172 ) ) ;
#5410 = PRODUCT_DEFINITION ( 'UNKNOWN', '', #1957, #8391 ) ;
#5411 = ADVANCED_FACE ( 'NONE', ( #4343 ), #2481, .F. ) ;
#5412 = EDGE_CURVE ( 'NONE', #7091, #5684, #6180, .T. ) ;
#5413 = VERTEX_POINT ( 'NONE', #6707 ) ;
#5414 = LINE ( 'NONE', #1002, #7766 ) ;
#5415 = DIRECTION ( 'NONE',  ( 2.220446049250312588E-16, 1.000000000000000000, -1.025445864033519699E-16 ) ) ;
#5416 = VERTEX_POINT ( 'NONE', #6851 ) ;
#5417 = DIRECTION ( 'NONE',  ( 0.2499999999999999445, -0.4330127018922209636, -0.8660254037844378194 ) ) ;
#5418 = DIRECTION ( 'NONE',  ( 1.649003067838308177E-17, -1.025445864033520315E-16, -1.000000000000000000 ) ) ;
#5419 = ORIENTED_EDGE ( 'NONE', *, *, #3184, .F. ) ;
#5420 = EDGE_CURVE ( 'NONE', #4456, #8360, #5414, .T. ) ;
#5421 = VERTEX_POINT ( 'NONE', #8248 ) ;
#5422 = EDGE_CURVE ( 'NONE', #5617, #1888, #267, .T. ) ;
#5423 = DIRECTION ( 'NONE',  ( 0.2499999999999998335, 0.4330127018922207416, 0.8660254037844379305 ) ) ;
#5424 = CARTESIAN_POINT ( 'NONE',  ( -27.23368480613949316, 308.1701257614999463, 0.000000000000000000 ) ) ;
#5425 = CIRCLE ( 'NONE', #1137, 1.999999999999998668 ) ;
#5426 = DIRECTION ( 'NONE',  ( -0.2500000000000001665, -0.4330127018922187432, -0.8660254037844388186 ) ) ;
#5427 = ORIENTED_EDGE ( 'NONE', *, *, #8804, .T. ) ;
#5428 = FACE_OUTER_BOUND ( 'NONE', #1073, .T. ) ;
#5429 = AXIS2_PLACEMENT_3D ( 'NONE', #4615, #6728, #1700 ) ;
#5430 = DIRECTION ( 'NONE',  ( 0.000000000000000000, 0.000000000000000000, 1.000000000000000000 ) ) ;
#5431 = DIRECTION ( 'NONE',  ( 0.8660254037844387076, 0.4999999999999998890, 0.000000000000000000 ) ) ;
#5432 = ORIENTED_EDGE ( 'NONE', *, *, #8771, .T. ) ;
#5433 = VERTEX_POINT ( 'NONE', #857 ) ;
#5434 = EDGE_CURVE ( 'NONE', #5236, #7681, #4840, .T. ) ;
#5435 = CIRCLE ( 'NONE', #8490, 5.000000000000004441 ) ;
#5436 = ORIENTED_EDGE ( 'NONE', *, *, #7855, .F. ) ;
#5437 = CIRCLE ( 'NONE', #7890, 11.00000000000000178 ) ;
#5438 = VECTOR ( 'NONE', #9500, 1000.000000000000000 ) ;
#5439 = CYLINDRICAL_SURFACE ( 'NONE', #6185, 1.999999999981072474 ) ;
#5440 = CARTESIAN_POINT ( 'NONE',  ( 290.0000000000000568, -130.5000000000000000, 10.00000000000000000 ) ) ;
#5441 = ORIENTED_EDGE ( 'NONE', *, *, #1920, .F. ) ;
#5442 = DIRECTION ( 'NONE',  ( -1.635429539641431722E-16, -2.832647054857944814E-16, 1.000000000000000000 ) ) ;
#5443 = FACE_OUTER_BOUND ( 'NONE', #6977, .T. ) ;
#5444 = AXIS2_PLACEMENT_3D ( 'NONE', #9200, #2618, #5551 ) ;
#5445 = CARTESIAN_POINT ( 'NONE',  ( -109.8852632902600419, 248.3268590217633403, 0.000000000000000000 ) ) ;
#5446 = AXIS2_PLACEMENT_3D ( 'NONE', #9492, #2908, #5841 ) ;
#5447 = ORIENTED_EDGE ( 'NONE', *, *, #5412, .F. ) ;
#5448 = ORIENTED_EDGE ( 'NONE', *, *, #4806, .F. ) ;
#5449 = CARTESIAN_POINT ( 'NONE',  ( -60.50386608211591266, 272.7957701085177291, -3.000000000000029310 ) ) ;
#5450 = DIRECTION ( 'NONE',  ( -0.000000000000000000, -0.000000000000000000, -1.000000000000000000 ) ) ;
#5451 = VECTOR ( 'NONE', #5474, 1000.000000000000000 ) ;
#5452 = CARTESIAN_POINT ( 'NONE',  ( 280.5000000000000000, -140.0000000000000000, 0.000000000000000000 ) ) ;
#5453 = PLANE ( 'NONE',  #1754 ) ;
#5454 = CARTESIAN_POINT ( 'NONE',  ( -194.4685657822019209, -134.8294364098945266, 8.000000000000028422 ) ) ;
#5455 = VERTEX_POINT ( 'NONE', #951 ) ;
#5456 = FACE_BOUND ( 'NONE', #4051, .T. ) ;
#5457 = CARTESIAN_POINT ( 'NONE',  ( -209.4961339178665867, -194.8579479350690349, -3.000000000000031530 ) ) ;
#5458 = AXIS2_PLACEMENT_3D ( 'NONE', #6674, #2400, #8932 ) ;
#5459 = ORIENTED_EDGE ( 'NONE', *, *, #5940, .T. ) ;
#5460 = AXIS2_PLACEMENT_3D ( 'NONE', #5520, #7147, #2582 ) ;
#5461 = VECTOR ( 'NONE', #5287, 1000.000000000000114 ) ;
#5462 = CARTESIAN_POINT ( 'NONE',  ( -86.62564434702630933, 178.0400172473909493, -137.5000000000000000 ) ) ;
#5463 = LINE ( 'NONE', #3861, #8982 ) ;
#5464 = VECTOR ( 'NONE', #4640, 1000.000000000000000 ) ;
#5465 = DIRECTION ( 'NONE',  ( -1.000000000000000000, 0.000000000000000000, -6.308085367188383338E-16 ) ) ;
#5466 = CIRCLE ( 'NONE', #6990, 5.000000000000004441 ) ;
#5467 = CIRCLE ( 'NONE', #1026, 9.500000000000008882 ) ;
#5468 = EDGE_CURVE ( 'NONE', #5828, #3981, #5151, .T. ) ;
#5469 = LINE ( 'NONE', #7721, #8213 ) ;
#5470 = CARTESIAN_POINT ( 'NONE',  ( -86.06956468618797373, 262.0768590217633687, 0.000000000000000000 ) ) ;
#5471 = EDGE_LOOP ( 'NONE', ( #7725, #5797 ) ) ;
#5472 = LOCAL_TIME ( 17, 38, 52.00000000000000000, #2579 ) ;
#5473 = ORIENTED_EDGE ( 'NONE', *, *, #9458, .F. ) ;
#5474 = DIRECTION ( 'NONE',  ( -0.4999999999999998890, 0.8660254037844387076, 0.000000000000000000 ) ) ;
#5475 = DIRECTION ( 'NONE',  ( 0.000000000000000000, 0.000000000000000000, 1.000000000000000000 ) ) ;
#5476 = DIRECTION ( 'NONE',  ( 0.7071067811865515695, -8.449927344859873071E-17, 0.7071067811865434649 ) ) ;
#5477 = ORIENTED_EDGE ( 'NONE', *, *, #2817, .T. ) ;
#5478 = CARTESIAN_POINT ( 'NONE',  ( -98.11473670970379146, -106.7435565298464013, 10.00000000000000000 ) ) ;
#5479 = ADVANCED_FACE ( 'NONE', ( #6752 ), #5267, .F. ) ;
#5480 = PLANE ( 'NONE',  #1764 ) ;
#5481 = FACE_OUTER_BOUND ( 'NONE', #15, .T. ) ;
#5482 = ORIENTED_EDGE ( 'NONE', *, *, #2774, .F. ) ;
#5483 = EDGE_CURVE ( 'NONE', #1898, #7510, #8960, .T. ) ;
#5484 = ORIENTED_EDGE ( 'NONE', *, *, #8345, .F. ) ;
#5485 = EDGE_LOOP ( 'NONE', ( #2438, #2729 ) ) ;
#5486 = DIRECTION ( 'NONE',  ( -0.000000000000000000, -0.000000000000000000, -1.000000000000000000 ) ) ;
#5487 = CARTESIAN_POINT ( 'NONE',  ( -84.52627944160238371, -124.4038105676903285, -115.0000000000000142 ) ) ;
#5488 = ORIENTED_EDGE ( 'NONE', *, *, #254, .T. ) ;
#5489 = LINE ( 'NONE', #4902, #9283 ) ;
#5490 = EDGE_CURVE ( 'NONE', #6385, #383, #123, .T. ) ;
#5491 = CARTESIAN_POINT ( 'NONE',  ( 213.9999999999995453, -13.99999999999999822, 24.99999999999999289 ) ) ;
#5492 = CARTESIAN_POINT ( 'NONE',  ( -21.06956468618804124, 149.4935565297863604, -3.000000000000030198 ) ) ;
#5493 = ADVANCED_FACE ( 'NONE', ( #3959, #6898 ), #314, .F. ) ;
#5494 = ORIENTED_EDGE ( 'NONE', *, *, #6108, .T. ) ;
#5495 = VERTEX_POINT ( 'NONE', #3196 ) ;
#5496 = DIRECTION ( 'NONE',  ( 0.3535533905932742860, -0.6123724356957956916, 0.7071067811865462405 ) ) ;
#5497 = FACE_OUTER_BOUND ( 'NONE', #1944, .T. ) ;
#5498 = CARTESIAN_POINT ( 'NONE',  ( -84.52627944160238371, -124.4038105676903285, -115.0000000000000142 ) ) ;
#5499 = DIRECTION ( 'NONE',  ( -0.2500000000000001665, -0.4330127018922187432, -0.8660254037844388186 ) ) ;
#5500 = CARTESIAN_POINT ( 'NONE',  ( 264.5000000000000000, -29.00000000000001066, 19.49999999999997513 ) ) ;
#5501 = VERTEX_POINT ( 'NONE', #3047 ) ;
#5502 = CARTESIAN_POINT ( 'NONE',  ( -126.8756443470266646, 247.7550622520388970, 25.00000000000000000 ) ) ;
#5503 = DIRECTION ( 'NONE',  ( 0.2499999999999999167, -0.4330127018922189097, -0.8660254037844388186 ) ) ;
#5504 = VERTEX_POINT ( 'NONE', #170 ) ;
#5505 = VECTOR ( 'NONE', #3607, 1000.000000000000000 ) ;
#5506 = AXIS2_PLACEMENT_3D ( 'NONE', #4547, #8961, #9207 ) ;
#5507 = DIRECTION ( 'NONE',  ( 2.220446049250312588E-16, 1.000000000000000000, -1.025445864033519699E-16 ) ) ;
#5508 = DIRECTION ( 'NONE',  ( 1.000000000000000000, 0.000000000000000000, 0.000000000000000000 ) ) ;
#5509 = DIRECTION ( 'NONE',  ( 1.000000000000000000, -2.220446049250312341E-16, 2.220446049250312588E-16 ) ) ;
#5510 = VERTEX_POINT ( 'NONE', #5987 ) ;
#5511 = DIRECTION ( 'NONE',  ( 1.635429539641431722E-16, 2.832647054857944814E-16, -1.000000000000000000 ) ) ;
#5512 = CIRCLE ( 'NONE', #4113, 5.500000000000005329 ) ;
#5513 = VECTOR ( 'NONE', #7698, 1000.000000000000000 ) ;
#5514 = EDGE_CURVE ( 'NONE', #4612, #2043, #5463, .T. ) ;
#5515 = CALENDAR_DATE ( 2023, 3, 12 ) ;
#5516 = ORIENTED_EDGE ( 'NONE', *, *, #6991, .F. ) ;
#5517 = VERTEX_POINT ( 'NONE', #218 ) ;
#5518 = EDGE_CURVE ( 'NONE', #1990, #7099, #1176, .T. ) ;
#5519 = AXIS2_PLACEMENT_3D ( 'NONE', #2882, #1590, #7396 ) ;
#5520 = CARTESIAN_POINT ( 'NONE',  ( -95.11473670972256400, -106.7435565298464013, 19.49999999999997513 ) ) ;
#5521 = CARTESIAN_POINT ( 'NONE',  ( -158.8079664398664193, 345.0634665204915450, 0.000000000000000000 ) ) ;
#5522 = DIRECTION ( 'NONE',  ( 1.635429539641431722E-16, 2.832647054857944814E-16, -1.000000000000000000 ) ) ;
#5523 = ORIENTED_EDGE ( 'NONE', *, *, #4426, .T. ) ;
#5524 = LINE ( 'NONE', #4742, #6826 ) ;
#5525 = DIRECTION ( 'NONE',  ( 1.000000000000000000, 0.000000000000000000, 0.000000000000000000 ) ) ;
#5526 = DIRECTION ( 'NONE',  ( 0.2499999999999999445, -0.4330127018922215743, 0.8660254037844375974 ) ) ;
#5527 = CIRCLE ( 'NONE', #456, 11.00000000000000000 ) ;
#5528 = AXIS2_PLACEMENT_3D ( 'NONE', #3666, #8186, #8860 ) ;
#5529 = ORIENTED_EDGE ( 'NONE', *, *, #7693, .T. ) ;
#5530 = EDGE_CURVE ( 'NONE', #3434, #960, #6233, .T. ) ;
#5531 = EDGE_LOOP ( 'NONE', ( #8526, #2857, #210, #4194 ) ) ;
#5532 = EDGE_CURVE ( 'NONE', #7611, #6391, #5466, .T. ) ;
#5533 = EDGE_CURVE ( 'NONE', #5794, #8870, #2547, .T. ) ;
#5534 = CYLINDRICAL_SURFACE ( 'NONE', #2965, 3.999999999999990674 ) ;
#5535 = CARTESIAN_POINT ( 'NONE',  ( 149.9999999999994884, -99.00000000000002842, -115.0000000000000142 ) ) ;
#5536 = ORIENTED_EDGE ( 'NONE', *, *, #8902, .F. ) ;
#5537 = CARTESIAN_POINT ( 'NONE',  ( -207.7461339178665867, -191.8268590218234806, 19.49999999999997513 ) ) ;
#5538 = FACE_OUTER_BOUND ( 'NONE', #2080, .T. ) ;
#5539 = AXIS2_PLACEMENT_3D ( 'NONE', #503, #5650, #3431 ) ;
#5540 = CARTESIAN_POINT ( 'NONE',  ( -19.26348502534914786, 231.3653347946966505, 8.000000000000028422 ) ) ;
#5541 = EDGE_LOOP ( 'NONE', ( #4607, #6283, #4693, #9160 ) ) ;
#5542 = CIRCLE ( 'NONE', #5908, 2.999999999967813302 ) ;
#5543 = ORIENTED_EDGE ( 'NONE', *, *, #8244, .T. ) ;
#5544 = ADVANCED_FACE ( 'NONE', ( #2381, #4636, #7573, #3432 ), #2004, .T. ) ;
#5545 = DIRECTION ( 'NONE',  ( 1.635429539641431722E-16, 2.832647054857944814E-16, 1.000000000000000000 ) ) ;
#5546 = CYLINDRICAL_SURFACE ( 'NONE', #8820, 3.000000000016484147 ) ;
#5547 = CYLINDRICAL_SURFACE ( 'NONE', #7155, 2.000000000000007550 ) ;
#5548 = DIRECTION ( 'NONE',  ( -1.000000000000000000, 0.000000000000000000, 0.000000000000000000 ) ) ;
#5549 = DIRECTION ( 'NONE',  ( -0.8660254037844391517, 0.4999999999999992784, 0.000000000000000000 ) ) ;
#5550 = ORIENTED_EDGE ( 'NONE', *, *, #8333, .T. ) ;
#5551 = DIRECTION ( 'NONE',  ( 0.2499999999999999167, -0.4330127018922189097, -0.8660254037844388186 ) ) ;
#5552 = CARTESIAN_POINT ( 'NONE',  ( 224.9999999999995737, -101.0000000000000142, -18.00000000000000000 ) ) ;
#5553 = ORIENTED_EDGE ( 'NONE', *, *, #855, .F. ) ;
#5554 = AXIS2_PLACEMENT_3D ( 'NONE', #3799, #6694, #4433 ) ;
#5555 = CARTESIAN_POINT ( 'NONE',  ( -84.06956468622040290, 262.0768590217633687, 10.00000000000000000 ) ) ;
#5556 = DIRECTION ( 'NONE',  ( -1.000000000000000000, 0.000000000000000000, 0.000000000000000000 ) ) ;
#5557 = DIRECTION ( 'NONE',  ( 0.8660254037844393737, -0.4999999999999986677, 0.000000000000000000 ) ) ;
#5558 = VERTEX_POINT ( 'NONE', #3481 ) ;
#5559 = CARTESIAN_POINT ( 'NONE',  ( 2.100566918256370383E-14, 460.9999999999999432, 10.00000000000000000 ) ) ;
#5560 = DIRECTION ( 'NONE',  ( -0.000000000000000000, -0.000000000000000000, -1.000000000000000000 ) ) ;
#5561 = DIRECTION ( 'NONE',  ( 0.4999999999999985567, -0.8660254037844394848, 0.000000000000000000 ) ) ;
#5562 = CIRCLE ( 'NONE', #333, 3.499999999999993339 ) ;
#5563 = ORIENTED_EDGE ( 'NONE', *, *, #6116, .F. ) ;
#5564 = VERTEX_POINT ( 'NONE', #7039 ) ;
#5565 = DIRECTION ( 'NONE',  ( 0.3535533905932743970, -0.6123724356957959136, -0.7071067811865460184 ) ) ;
#5566 = CARTESIAN_POINT ( 'NONE',  ( -59.25386608214811446, 275.8268590217634255, 0.000000000000000000 ) ) ;
#5567 = CARTESIAN_POINT ( 'NONE',  ( -19.53143421778025868, 235.8294364098344147, -18.00000000000001421 ) ) ;
#5568 = VERTEX_POINT ( 'NONE', #4876 ) ;
#5569 = DIRECTION ( 'NONE',  ( -0.8660254037844389297, 0.4999999999999996114, 0.000000000000000000 ) ) ;
#5570 = DIRECTION ( 'NONE',  ( -2.220446049250312588E-16, -1.000000000000000000, 1.025445864033519699E-16 ) ) ;
#5571 = LINE ( 'NONE', #7875, #1796 ) ;
#5572 = ORIENTED_EDGE ( 'NONE', *, *, #198, .F. ) ;
#5573 = VERTEX_POINT ( 'NONE', #8623 ) ;
#5574 = AXIS2_PLACEMENT_3D ( 'NONE', #2259, #1501, #3782 ) ;
#5575 = AXIS2_PLACEMENT_3D ( 'NONE', #7075, #3419, #4228 ) ;
#5576 = CIRCLE ( 'NONE', #821, 2.000000000016322055 ) ;
#5577 = CARTESIAN_POINT ( 'NONE',  ( 10.00000000000000178, 1.224646799147353454E-15, 10.00000000000000000 ) ) ;
#5578 = DIRECTION ( 'NONE',  ( 0.8660254037844390407, -0.4999999999999992784, -0.000000000000000000 ) ) ;
#5579 = ORIENTED_EDGE ( 'NONE', *, *, #1321, .F. ) ;
#5580 = DIRECTION ( 'NONE',  ( 1.635429539641431722E-16, 2.832647054857944814E-16, 1.000000000000000000 ) ) ;
#5581 = CARTESIAN_POINT ( 'NONE',  ( -70.90981345384163603, 144.8193996572345839, -116.6719976458216621 ) ) ;
#5582 = CARTESIAN_POINT ( 'NONE',  ( -34.71667900318302458, -164.1310519036429696, 0.000000000000000000 ) ) ;
#5583 = EDGE_CURVE ( 'NONE', #5768, #6443, #1332, .T. ) ;
#5584 = EDGE_CURVE ( 'NONE', #5753, #2311, #3341, .T. ) ;
#5585 = AXIS2_PLACEMENT_3D ( 'NONE', #7180, #8480, #9209 ) ;
#5586 = VERTEX_POINT ( 'NONE', #6371 ) ;
#5587 = ORIENTED_EDGE ( 'NONE', *, *, #5833, .F. ) ;
#5588 = VECTOR ( 'NONE', #2057, 1000.000000000000000 ) ;
#5589 = DIRECTION ( 'NONE',  ( 1.000000000000000000, 0.000000000000000000, 0.000000000000000000 ) ) ;
#5590 = DIRECTION ( 'NONE',  ( -0.000000000000000000, -0.000000000000000000, -1.000000000000000000 ) ) ;
#5591 = CARTESIAN_POINT ( 'NONE',  ( -43.39745962156486314, 275.1666049839189441, 10.00000000000000000 ) ) ;
#5592 = CYLINDRICAL_SURFACE ( 'NONE', #7414, 11.00000000000001066 ) ;
#5593 = CIRCLE ( 'NONE', #5127, 9.500000000000008882 ) ;
#5594 = CARTESIAN_POINT ( 'NONE',  ( -126.8756443470266646, 247.7550622520388970, 25.00000000000000000 ) ) ;
#5595 = ORIENTED_EDGE ( 'NONE', *, *, #9391, .F. ) ;
#5596 = DIRECTION ( 'NONE',  ( 1.000000000000000000, 0.000000000000000000, -0.000000000000000000 ) ) ;
#5597 = AXIS2_PLACEMENT_3D ( 'NONE', #8735, #2875, #1493 ) ;
#5598 = LINE ( 'NONE', #351, #3824 ) ;
#5599 = EDGE_CURVE ( 'NONE', #25, #2266, #8531, .T. ) ;
#5600 = EDGE_LOOP ( 'NONE', ( #1451, #7288, #7548, #4823 ) ) ;
#5601 = EDGE_CURVE ( 'NONE', #1587, #9071, #7612, .T. ) ;
#5602 = CIRCLE ( 'NONE', #1461, 5.500000000000008882 ) ;
#5603 = VECTOR ( 'NONE', #6980, 1000.000000000000114 ) ;
#5604 = CARTESIAN_POINT ( 'NONE',  ( 213.0000000000000568, -99.00000000000001421, -17.00000000000047962 ) ) ;
#5605 = CARTESIAN_POINT ( 'NONE',  ( 213.9999999999995737, -13.99999999999999822, 9.999999999999998224 ) ) ;
#5606 = DIRECTION ( 'NONE',  ( 1.649003067838307869E-17, -1.025445864033519699E-16, -1.000000000000000000 ) ) ;
#5607 = DIRECTION ( 'NONE',  ( 1.000000000000000000, 0.000000000000000000, 0.000000000000000000 ) ) ;
#5608 = ORIENTED_EDGE ( 'NONE', *, *, #4201, .F. ) ;
#5609 = CARTESIAN_POINT ( 'NONE',  ( -183.9304353137945327, -205.5768590218234522, -3.000000000000030198 ) ) ;
#5610 = AXIS2_PLACEMENT_3D ( 'NONE', #5383, #142, #8884 ) ;
#5611 = AXIS2_PLACEMENT_3D ( 'NONE', #3350, #3441, #9168 ) ;
#5612 = EDGE_CURVE ( 'NONE', #273, #1892, #4009, .T. ) ;
#5613 = AXIS2_PLACEMENT_3D ( 'NONE', #4801, #7797, #4860 ) ;
#5614 = AXIS2_PLACEMENT_3D ( 'NONE', #1927, #2540, #7637 ) ;
#5615 = ORIENTED_EDGE ( 'NONE', *, *, #5953, .F. ) ;
#5616 = AXIS2_PLACEMENT_3D ( 'NONE', #982, #2560, #7699 ) ;
#5617 = VERTEX_POINT ( 'NONE', #4056 ) ;
#5618 = VECTOR ( 'NONE', #747, 1000.000000000000114 ) ;
#5619 = DIRECTION ( 'NONE',  ( 0.5000000000000015543, 0.8660254037844377084, 0.000000000000000000 ) ) ;
#5620 = AXIS2_PLACEMENT_3D ( 'NONE', #7153, #2592, #5526 ) ;
#5621 = DIRECTION ( 'NONE',  ( 0.5000000000000015543, 0.8660254037844377084, -4.336808689942027104E-16 ) ) ;
#5622 = VERTEX_POINT ( 'NONE', #6996 ) ;
#5623 = LINE ( 'NONE', #9077, #2691 ) ;
#5624 = CARTESIAN_POINT ( 'NONE',  ( -162.4685657822019209, -79.40381056769041379, -115.0000000000000142 ) ) ;
#5625 = AXIS2_PLACEMENT_3D ( 'NONE', #6974, #340, #7654 ) ;
#5626 = DIRECTION ( 'NONE',  ( -0.4999999999999998890, 0.8660254037844387076, 0.000000000000000000 ) ) ;
#5627 = VECTOR ( 'NONE', #6930, 1000.000000000000000 ) ;
#5628 = ORGANIZATION ( 'UNSPECIFIED', 'UNSPECIFIED', '' ) ;
#5629 = ORIENTED_EDGE ( 'NONE', *, *, #1827, .F. ) ;
#5630 = ORIENTED_EDGE ( 'NONE', *, *, #3471, .F. ) ;
#5631 = CARTESIAN_POINT ( 'NONE',  ( -145.4961339178667288, -84.00669625066088031, 19.49999999999997868 ) ) ;
#5632 = FACE_OUTER_BOUND ( 'NONE', #2617, .T. ) ;
#5633 = VERTEX_POINT ( 'NONE', #2722 ) ;
#5634 = CARTESIAN_POINT ( 'NONE',  ( 272.9999999999999432, -84.00000000000000000, 10.00000000000000000 ) ) ;
#5635 = DIRECTION ( 'NONE',  ( -2.220446049250312588E-16, -1.000000000000000000, 1.025445864033519699E-16 ) ) ;
#5636 = DIRECTION ( 'NONE',  ( -1.000000000000000000, 0.000000000000000000, 2.168404344971006896E-16 ) ) ;
#5637 = VERTEX_POINT ( 'NONE', #9308 ) ;
#5638 = VERTEX_POINT ( 'NONE', #4101 ) ;
#5639 = CARTESIAN_POINT ( 'NONE',  ( 1.029127839489753446E-13, -460.9999999999998863, 10.00000000000000000 ) ) ;
#5640 = EDGE_CURVE ( 'NONE', #7048, #4918, #1963, .T. ) ;
#5641 = FACE_BOUND ( 'NONE', #9325, .T. ) ;
#5642 = CARTESIAN_POINT ( 'NONE',  ( -207.7461339178667004, -191.8268590218235659, 10.00000000000000000 ) ) ;
#5643 = DIRECTION ( 'NONE',  ( -3.435759386066700333E-16, 1.025445864033521055E-16, 1.000000000000000000 ) ) ;
#5644 = VERTEX_POINT ( 'NONE', #9347 ) ;
#5645 = PLANE ( 'NONE',  #3741 ) ;
#5646 = CARTESIAN_POINT ( 'NONE',  ( -72.94703358218229994, 131.0890912815995364, -115.0000000000000426 ) ) ;
#5647 = VERTEX_POINT ( 'NONE', #3295 ) ;
#5648 = LINE ( 'NONE', #5604, #1880 ) ;
#5649 = EDGE_CURVE ( 'NONE', #8440, #3411, #4217, .T. ) ;
#5650 = DIRECTION ( 'NONE',  ( 2.220446049250312588E-16, 1.000000000000000000, -1.025445864033519699E-16 ) ) ;
#5651 = EDGE_CURVE ( 'NONE', #8901, #5284, #1916, .T. ) ;
#5652 = DIRECTION ( 'NONE',  ( 0.7576652352932681245, -2.351605240746643964E-16, -0.6526433874850773309 ) ) ;
#5653 = CARTESIAN_POINT ( 'NONE',  ( 149.9999999999994600, -10.99999999999999289, -115.0000000000000284 ) ) ;
#5654 = ORIENTED_EDGE ( 'NONE', *, *, #8986, .F. ) ;
#5655 = DIRECTION ( 'NONE',  ( 0.8660254037844387076, 0.4999999999999998890, 0.000000000000000000 ) ) ;
#5656 = DATE_TIME_ROLE ( 'creation_date' ) ;
#5657 = ORIENTED_EDGE ( 'NONE', *, *, #7008, .T. ) ;
#5658 = VERTEX_POINT ( 'NONE', #413 ) ;
#5659 = ORIENTED_EDGE ( 'NONE', *, *, #8583, .F. ) ;
#5660 = EDGE_CURVE ( 'NONE', #8913, #831, #8574, .T. ) ;
#5661 = LINE ( 'NONE', #2056, #6678 ) ;
#5662 = EDGE_CURVE ( 'NONE', #4152, #3697, #4924, .T. ) ;
#5663 = LINE ( 'NONE', #2153, #5438 ) ;
#5664 = EDGE_CURVE ( 'NONE', #240, #6782, #7295, .T. ) ;
#5665 = VECTOR ( 'NONE', #935, 1000.000000000000000 ) ;
#5666 = ORIENTED_EDGE ( 'NONE', *, *, #1270, .T. ) ;
#5667 = DIRECTION ( 'NONE',  ( 0.8660254037844377084, -0.5000000000000015543, 0.000000000000000000 ) ) ;
#5668 = CARTESIAN_POINT ( 'NONE',  ( 140.0000000000000284, -28.99999999999998579, 19.49999999999997513 ) ) ;
#5669 = CARTESIAN_POINT ( 'NONE',  ( 270.0000000000000000, -56.50000000000000000, 10.00000000000000000 ) ) ;
#5670 = ORIENTED_EDGE ( 'NONE', *, *, #3522, .F. ) ;
#5671 = AXIS2_PLACEMENT_3D ( 'NONE', #2493, #1060, #6908 ) ;
#5672 = AXIS2_PLACEMENT_3D ( 'NONE', #3086, #3761, #3039 ) ;
#5673 = ORIENTED_EDGE ( 'NONE', *, *, #4289, .T. ) ;
#5674 = DIRECTION ( 'NONE',  ( -1.000000000000000000, 0.000000000000000000, 0.000000000000000000 ) ) ;
#5675 = ADVANCED_FACE ( 'NONE', ( #6412 ), #4147, .F. ) ;
#5676 = FACE_OUTER_BOUND ( 'NONE', #6153, .T. ) ;
#5677 = ORIENTED_EDGE ( 'NONE', *, *, #609, .F. ) ;
#5678 = DIRECTION ( 'NONE',  ( 0.000000000000000000, 0.000000000000000000, 1.000000000000000000 ) ) ;
#5679 = VECTOR ( 'NONE', #6892, 1000.000000000000000 ) ;
#5680 = CIRCLE ( 'NONE', #1540, 3.500000000000006661 ) ;
#5681 = DIRECTION ( 'NONE',  ( -0.8660254037844391517, 0.4999999999999992784, 0.000000000000000000 ) ) ;
#5682 = DIRECTION ( 'NONE',  ( 0.4999999999999985567, 0.8660254037844394848, 3.717264591378858399E-16 ) ) ;
#5683 = VECTOR ( 'NONE', #2045, 1000.000000000000000 ) ;
#5684 = VERTEX_POINT ( 'NONE', #2671 ) ;
#5685 = VERTEX_POINT ( 'NONE', #7675 ) ;
#5686 = DIRECTION ( 'NONE',  ( -1.000000000000000000, 0.000000000000000000, 0.000000000000000000 ) ) ;
#5687 = PLANE ( 'NONE',  #9459 ) ;
#5688 = DIRECTION ( 'NONE',  ( -1.635429539641433941E-16, 2.832647054857943335E-16, -1.000000000000000000 ) ) ;
#5689 = DIRECTION ( 'NONE',  ( 0.3535533905932742860, -0.6123724356957956916, 0.7071067811865462405 ) ) ;
#5690 = VERTEX_POINT ( 'NONE', #7859 ) ;
#5691 = DIRECTION ( 'NONE',  ( 0.2499999999999998890, -0.4330127018922188542, 0.8660254037844389297 ) ) ;
#5692 = LINE ( 'NONE', #5103, #9518 ) ;
#5693 = VECTOR ( 'NONE', #2633, 1000.000000000000114 ) ;
#5694 = VERTEX_POINT ( 'NONE', #1285 ) ;
#5695 = DIRECTION ( 'NONE',  ( -0.4999999999999992228, -0.8660254037844390407, 0.000000000000000000 ) ) ;
#5696 = DIRECTION ( 'NONE',  ( 1.000000000000000000, -2.220446049250312588E-16, 1.649003067838320811E-17 ) ) ;
#5697 = CARTESIAN_POINT ( 'NONE',  ( 213.9999999999995737, -13.99999999999999822, 9.999999999999998224 ) ) ;
#5698 = AXIS2_PLACEMENT_3D ( 'NONE', #4685, #1723, #6656 ) ;
#5699 = EDGE_CURVE ( 'NONE', #7218, #5753, #4689, .T. ) ;
#5700 = CARTESIAN_POINT ( 'NONE',  ( -45.87564434702633775, 107.4589468389592355, -115.9999999999998010 ) ) ;
#5701 = ORIENTED_EDGE ( 'NONE', *, *, #2365, .F. ) ;
#5702 = PLANE ( 'NONE',  #9417 ) ;
#5703 = CC_DESIGN_PERSON_AND_ORGANIZATION_ASSIGNMENT ( #9257, #8628, ( #5410 ) ) ;
#5704 = APPROVAL_STATUS ( 'not_yet_approved' ) ;
#5705 = EDGE_CURVE ( 'NONE', #3411, #3243, #1870, .T. ) ;
#5706 = ORIENTED_EDGE ( 'NONE', *, *, #5942, .F. ) ;
#5707 = ADVANCED_FACE ( 'NONE', ( #5022 ), #1519, .T. ) ;
#5708 = VERTEX_POINT ( 'NONE', #6457 ) ;
#5709 = ORIENTED_EDGE ( 'NONE', *, *, #5059, .F. ) ;
#5710 = DIRECTION ( 'NONE',  ( -3.435759386066699840E-16, 1.025445864033521055E-16, 1.000000000000000000 ) ) ;
#5711 = CARTESIAN_POINT ( 'NONE',  ( -41.88526329024288941, 135.7435565297862468, 10.00000000000000000 ) ) ;
#5712 = AXIS2_PLACEMENT_3D ( 'NONE', #2611, #5545, #4041 ) ;
#5713 = ORIENTED_EDGE ( 'NONE', *, *, #8523, .F. ) ;
#5714 = CYLINDRICAL_SURFACE ( 'NONE', #6525, 3.999999999999990674 ) ;
#5715 = CARTESIAN_POINT ( 'NONE',  ( 213.9999999999995453, -114.0000000000000142, 8.000000000000035527 ) ) ;
#5716 = DIRECTION ( 'NONE',  ( 1.635429539641431722E-16, 2.832647054857944814E-16, -1.000000000000000000 ) ) ;
#5717 = EDGE_CURVE ( 'NONE', #3514, #6427, #4528, .T. ) ;
#5718 = ORIENTED_EDGE ( 'NONE', *, *, #6130, .T. ) ;
#5719 = EDGE_LOOP ( 'NONE', ( #5340, #8842, #8047, #2999 ) ) ;
#5720 = CARTESIAN_POINT ( 'NONE',  ( -159.4865149746330246, -78.23874705822932185, -119.3301270189222123 ) ) ;
#5721 = CARTESIAN_POINT ( 'NONE',  ( -162.0560796608473595, 195.6893636479667009, 10.00000000000000000 ) ) ;
#5722 = ORIENTED_EDGE ( 'NONE', *, *, #9346, .T. ) ;
#5723 = LINE ( 'NONE', #9517, #2983 ) ;
#5724 = DIRECTION ( 'NONE',  ( -0.4999999999999985567, 0.8660254037844395958, 0.000000000000000000 ) ) ;
#5725 = LINE ( 'NONE', #4169, #6847 ) ;
#5726 = ADVANCED_FACE ( 'NONE', ( #3525 ), #4436, .T. ) ;
#5727 = ORIENTED_EDGE ( 'NONE', *, *, #2714, .F. ) ;
#5728 = CIRCLE ( 'NONE', #983, 2.999999999999947153 ) ;
#5729 = ORIENTED_EDGE ( 'NONE', *, *, #3825, .T. ) ;
#5730 = VECTOR ( 'NONE', #3888, 1000.000000000000000 ) ;
#5731 = CARTESIAN_POINT ( 'NONE',  ( -207.7268960313996047, -131.7935380250322908, 8.000000000000028422 ) ) ;
#5732 = DIRECTION ( 'NONE',  ( -0.8660254037844390407, 0.4999999999999992228, 0.000000000000000000 ) ) ;
#5733 = CYLINDRICAL_SURFACE ( 'NONE', #7980, 11.00000000000000178 ) ;
#5734 = ORIENTED_EDGE ( 'NONE', *, *, #1669, .T. ) ;
#5735 = DIRECTION ( 'NONE',  ( -0.000000000000000000, -0.000000000000000000, -1.000000000000000000 ) ) ;
#5736 = CARTESIAN_POINT ( 'NONE',  ( 149.9999999999994884, -101.0000000000000284, -115.0000000000000142 ) ) ;
#5737 = VECTOR ( 'NONE', #9399, 1000.000000000000000 ) ;
#5738 = AXIS2_PLACEMENT_3D ( 'NONE', #6440, #7933, #4859 ) ;
#5739 = ORIENTED_EDGE ( 'NONE', *, *, #9169, .F. ) ;
#5740 = VECTOR ( 'NONE', #2716, 1000.000000000000000 ) ;
#5741 = CARTESIAN_POINT ( 'NONE',  ( -67.51094068672036030, 121.6735021919952544, -113.3280023541784374 ) ) ;
#5742 = CARTESIAN_POINT ( 'NONE',  ( -94.87564434702643723, 192.3294364098344147, -137.5000000000000000 ) ) ;
#5743 = CARTESIAN_POINT ( 'NONE',  ( -156.8079664398502757, -345.0634665205517422, 10.00000000000000000 ) ) ;
#5744 = DIRECTION ( 'NONE',  ( -1.000000000000000000, 0.000000000000000000, 0.000000000000000000 ) ) ;
#5745 = EDGE_LOOP ( 'NONE', ( #5579, #6269 ) ) ;
#5746 = VECTOR ( 'NONE', #760, 999.9999999999998863 ) ;
#5747 = CARTESIAN_POINT ( 'NONE',  ( -119.1243556529556713, -178.3294364098944698, 24.99999999999999289 ) ) ;
#5748 = DIRECTION ( 'NONE',  ( -0.4999999999999985567, -0.8660254037844395958, 0.000000000000000000 ) ) ;
#5749 = CIRCLE ( 'NONE', #5904, 3.500000000000013323 ) ;
#5750 = ORIENTED_EDGE ( 'NONE', *, *, #1795, .F. ) ;
#5751 = VECTOR ( 'NONE', #3780, 1000.000000000000000 ) ;
#5752 = ORIENTED_EDGE ( 'NONE', *, *, #5833, .T. ) ;
#5753 = VERTEX_POINT ( 'NONE', #2098 ) ;
#5754 = CARTESIAN_POINT ( 'NONE',  ( -207.7461339178667004, -191.8268590218235659, 10.00000000000000000 ) ) ;
#5755 = CIRCLE ( 'NONE', #2990, 5.499999999999997335 ) ;
#5757 = EDGE_CURVE ( 'NONE', #7861, #568, #1793, .T. ) ;
#5756 = DIRECTION ( 'NONE',  ( -0.5000000000000015543, -0.8660254037844377084, 0.000000000000000000 ) ) ;
#5758 = VECTOR ( 'NONE', #4784, 1000.000000000000000 ) ;
#5759 = VERTEX_POINT ( 'NONE', #2046 ) ;
#5760 = DIRECTION ( 'NONE',  ( 0.8660254037844390407, -0.4999999999999992784, -0.000000000000000000 ) ) ;
#5761 = DIRECTION ( 'NONE',  ( 0.000000000000000000, 0.000000000000000000, 1.000000000000000000 ) ) ;
#5762 = DIRECTION ( 'NONE',  ( -0.5000000000000004441, 0.8660254037844382635, 0.000000000000000000 ) ) ;
#5763 = VERTEX_POINT ( 'NONE', #6553 ) ;
#5764 = AXIS2_PLACEMENT_3D ( 'NONE', #4285, #5837, #1379 ) ;
#5765 = CIRCLE ( 'NONE', #4210, 11.00000000000000888 ) ;
#5766 = VERTEX_POINT ( 'NONE', #5067 ) ;
#5767 = VECTOR ( 'NONE', #3332, 1000.000000000000227 ) ;
#5768 = VERTEX_POINT ( 'NONE', #7996 ) ;
#5769 = EDGE_CURVE ( 'NONE', #5397, #2068, #8835, .T. ) ;
#5770 = CARTESIAN_POINT ( 'NONE',  ( 144.9999999999994884, -99.00000000000002842, -115.0000000000000142 ) ) ;
#5771 = AXIS2_PLACEMENT_3D ( 'NONE', #1727, #1101, #4063 ) ;
#5772 = CARTESIAN_POINT ( 'NONE',  ( -192.7365149746330246, -135.8294364098945266, 8.000000000000028422 ) ) ;
#5773 = ORIENTED_EDGE ( 'NONE', *, *, #9178, .F. ) ;
#5774 = CARTESIAN_POINT ( 'NONE',  ( -87.12435565295569972, -122.9038105676903427, -107.5000000000000142 ) ) ;
#5775 = AXIS2_PLACEMENT_3D ( 'NONE', #3952, #4676, #2372 ) ;
#5776 = ADVANCED_FACE ( 'NONE', ( #7270 ), #6601, .F. ) ;
#5777 = PLANE ( 'NONE',  #7965 ) ;
#5778 = CARTESIAN_POINT ( 'NONE',  ( -184.9304353137945327, -207.3089098293923485, 10.00000000000000178 ) ) ;
#5779 = VERTEX_POINT ( 'NONE', #4240 ) ;
#5780 = ORIENTED_EDGE ( 'NONE', *, *, #310, .F. ) ;
#5781 = PLANE ( 'NONE',  #5575 ) ;
#5782 = EDGE_CURVE ( 'NONE', #2068, #3639, #1425, .T. ) ;
#5783 = DIRECTION ( 'NONE',  ( 0.000000000000000000, 0.000000000000000000, 1.000000000000000000 ) ) ;
#5784 = DIRECTION ( 'NONE',  ( -2.220446049250312588E-16, -1.000000000000000000, 1.025445864033519699E-16 ) ) ;
#5785 = ORIENTED_EDGE ( 'NONE', *, *, #5810, .T. ) ;
#5786 = CARTESIAN_POINT ( 'NONE',  ( 399.2377111446261324, -230.5000000000001421, 10.00000000000000000 ) ) ;
#5787 = EDGE_CURVE ( 'NONE', #3905, #4253, #8045, .T. ) ;
#5788 = DIRECTION ( 'NONE',  ( 1.635429539641434187E-16, -2.832647054857943828E-16, 1.000000000000000000 ) ) ;
#5789 = ORIENTED_EDGE ( 'NONE', *, *, #3194, .F. ) ;
#5790 = CARTESIAN_POINT ( 'NONE',  ( -31.98368480613950737, 316.3973670974521042, 10.00000000000000000 ) ) ;
#5791 = CARTESIAN_POINT ( 'NONE',  ( 137.9999999999999716, -56.50000000000000000, 0.000000000000000000 ) ) ;
#5792 = CARTESIAN_POINT ( 'NONE',  ( 10.73651497465087878, 179.4038105676302735, -115.0000000000000142 ) ) ;
#5793 = DIRECTION ( 'NONE',  ( -0.000000000000000000, -0.000000000000000000, -1.000000000000000000 ) ) ;
#5794 = VERTEX_POINT ( 'NONE', #4327 ) ;
#5795 = CARTESIAN_POINT ( 'NONE',  ( -61.76729358420111993, 128.9840907338092109, -113.8600016051216812 ) ) ;
#5796 = DIRECTION ( 'NONE',  ( 0.000000000000000000, 0.000000000000000000, 1.000000000000000000 ) ) ;
#5797 = ORIENTED_EDGE ( 'NONE', *, *, #1612, .F. ) ;
#5798 = EDGE_LOOP ( 'NONE', ( #2589, #4195, #8375, #9491, #5290, #6145, #800, #2214, #381, #5911, #6804 ) ) ;
#5799 = EDGE_LOOP ( 'NONE', ( #3762, #8889, #6689, #4770 ) ) ;
#5800 = CARTESIAN_POINT ( 'NONE',  ( 143.0000000000000000, -29.00000000000000000, 10.00000000000000000 ) ) ;
#5801 = CARTESIAN_POINT ( 'NONE',  ( -111.8060796608472600, 108.6538105676306145, 0.000000000000000000 ) ) ;
#5802 = EDGE_LOOP ( 'NONE', ( #6262, #968, #444, #9202 ) ) ;
#5803 = CARTESIAN_POINT ( 'NONE',  ( 250.5000000000000568, 52.00000000000002132, 0.000000000000000000 ) ) ;
#5804 = DIRECTION ( 'NONE',  ( -1.000000000000000000, 0.000000000000000000, 0.000000000000000000 ) ) ;
#5805 = DIRECTION ( 'NONE',  ( 0.4999999999999995004, 0.8660254037844390407, -0.000000000000000000 ) ) ;
#5806 = ORIENTED_EDGE ( 'NONE', *, *, #6425, .F. ) ;
#5807 = VERTEX_POINT ( 'NONE', #5743 ) ;
#5808 = AXIS2_PLACEMENT_3D ( 'NONE', #7976, #3410, #2787 ) ;
#5809 = CARTESIAN_POINT ( 'NONE',  ( 280.5000000000000000, -100.0000000000000284, 0.000000000000000000 ) ) ;
#5810 = EDGE_CURVE ( 'NONE', #7240, #342, #2186, .T. ) ;
#5811 = LINE ( 'NONE', #2303, #5973 ) ;
#5812 = ORIENTED_EDGE ( 'NONE', *, *, #5137, .T. ) ;
#5813 = CARTESIAN_POINT ( 'NONE',  ( -22.28143421778025868, 240.5925761306488369, -8.473720558371189426 ) ) ;
#5814 = LINE ( 'NONE', #4414, #3575 ) ;
#5815 = CARTESIAN_POINT ( 'NONE',  ( -83.66025403781794978, -124.9038105676903285, -115.0000000000000142 ) ) ;
#5816 = CIRCLE ( 'NONE', #7817, 4.999999999999990230 ) ;
#5817 = CIRCLE ( 'NONE', #5048, 11.00000000000000355 ) ;
#5818 = EDGE_CURVE ( 'NONE', #5517, #3626, #8216, .T. ) ;
#5819 = EDGE_CURVE ( 'NONE', #4330, #6811, #20, .T. ) ;
#5820 = ORIENTED_EDGE ( 'NONE', *, *, #6636, .T. ) ;
#5821 = EDGE_CURVE ( 'NONE', #4941, #8126, #89, .T. ) ;
#5822 = EDGE_LOOP ( 'NONE', ( #6338, #1645 ) ) ;
#5824 = CARTESIAN_POINT ( 'NONE',  ( -62.25386608211591977, 275.8268590217633687, 10.00000000000000178 ) ) ;
#5823 = AXIS2_PLACEMENT_3D ( 'NONE', #7807, #1956, #6222 ) ;
#5825 = DIRECTION ( 'NONE',  ( 1.000000000000000000, 0.000000000000000000, 0.000000000000000000 ) ) ;
#5826 = AXIS2_PLACEMENT_3D ( 'NONE', #4776, #6231, #7717 ) ;
#5827 = DIRECTION ( 'NONE',  ( -0.8660254037844390407, 0.4999999999999992228, 0.000000000000000000 ) ) ;
#5828 = VERTEX_POINT ( 'NONE', #698 ) ;
#5829 = CARTESIAN_POINT ( 'NONE',  ( -189.1188555723217632, 327.5634665204914882, 10.00000000000000000 ) ) ;
#5830 = DIRECTION ( 'NONE',  ( 1.000000000000000000, 0.000000000000000000, 0.000000000000000000 ) ) ;
#5831 = ORIENTED_EDGE ( 'NONE', *, *, #3476, .F. ) ;
#5832 = AXIS2_PLACEMENT_3D ( 'NONE', #500, #551, #5017 ) ;
#5833 = EDGE_CURVE ( 'NONE', #8319, #7484, #9449, .T. ) ;
#5834 = CIRCLE ( 'NONE', #2460, 3.999999999999991562 ) ;
#5835 = CARTESIAN_POINT ( 'NONE',  ( 2.100566918256370383E-14, 460.9999999999999432, 10.00000000000000000 ) ) ;
#5836 = CARTESIAN_POINT ( 'NONE',  ( -72.94703358218229994, 131.0890912815995364, -115.0000000000000426 ) ) ;
#5837 = DIRECTION ( 'NONE',  ( 0.000000000000000000, 0.000000000000000000, 1.000000000000000000 ) ) ;
#5838 = EDGE_CURVE ( 'NONE', #1191, #3829, #5882, .T. ) ;
#5839 = CARTESIAN_POINT ( 'NONE',  ( -149.4865149746330815, -60.91823898254055081, -102.5000000000000142 ) ) ;
#5840 = EDGE_LOOP ( 'NONE', ( #1045, #808 ) ) ;
#5841 = DIRECTION ( 'NONE',  ( 0.4999999999999985567, 0.8660254037844394848, 3.717264591378858399E-16 ) ) ;
#5842 = CARTESIAN_POINT ( 'NONE',  ( -120.6256443470264088, 236.9297447047329683, -69.50000000000056843 ) ) ;
#5843 = CARTESIAN_POINT ( 'NONE',  ( -184.4865149746328825, -121.5400172474510754, -137.5000000000000000 ) ) ;
#5844 = CIRCLE ( 'NONE', #1253, 4.999999999999995559 ) ;
#5845 = EDGE_LOOP ( 'NONE', ( #72, #3348, #481, #4604 ) ) ;
#5846 = ADVANCED_FACE ( 'NONE', ( #602 ), #3710, .F. ) ;
#5847 = EDGE_LOOP ( 'NONE', ( #5269, #3489, #5709, #7444 ) ) ;
#5848 = EDGE_LOOP ( 'NONE', ( #8340, #6364 ) ) ;
#5849 = FACE_OUTER_BOUND ( 'NONE', #1170, .T. ) ;
#5850 = CYLINDRICAL_SURFACE ( 'NONE', #2830, 4.000000000000003553 ) ;
#5851 = EDGE_LOOP ( 'NONE', ( #8706, #1174, #9438, #4716 ) ) ;
#5852 = DIRECTION ( 'NONE',  ( -1.000000000000000000, 0.000000000000000000, 0.000000000000000000 ) ) ;
#5853 = AXIS2_PLACEMENT_3D ( 'NONE', #9342, #5107, #559 ) ;
#5854 = DIRECTION ( 'NONE',  ( 1.000000000000000000, 0.000000000000000000, 0.000000000000000000 ) ) ;
#5855 = CARTESIAN_POINT ( 'NONE',  ( -194.4685657822019209, -134.8294364098945266, 8.000000000000028422 ) ) ;
#5856 = ORIENTED_EDGE ( 'NONE', *, *, #7920, .F. ) ;
#5857 = ORIENTED_EDGE ( 'NONE', *, *, #1547, .T. ) ;
#5858 = VECTOR ( 'NONE', #5496, 1000.000000000000114 ) ;
#5859 = CARTESIAN_POINT ( 'NONE',  ( 270.0000000000000000, -84.00000000000000000, 10.00000000000000000 ) ) ;
#5860 = VERTEX_POINT ( 'NONE', #4579 ) ;
#5861 = CARTESIAN_POINT ( 'NONE',  ( 159.5000000000000000, 52.00000000000000711, 10.00000000000000000 ) ) ;
#5862 = CARTESIAN_POINT ( 'NONE',  ( -399.2377111446260187, -230.5000000000000284, 10.00000000000000000 ) ) ;
#5863 = ORIENTED_EDGE ( 'NONE', *, *, #7292, .T. ) ;
#5864 = EDGE_CURVE ( 'NONE', #6560, #59, #4850, .T. ) ;
#5865 = CARTESIAN_POINT ( 'NONE',  ( -65.47372055837969640, 135.4038105676303019, -115.0000000000000426 ) ) ;
#5866 = DIRECTION ( 'NONE',  ( 3.105958772499038389E-16, 1.025445864033519576E-16, 1.000000000000000000 ) ) ;
#5867 = DIRECTION ( 'NONE',  ( 0.000000000000000000, 0.000000000000000000, 1.000000000000000000 ) ) ;
#5868 = ADVANCED_FACE ( 'NONE', ( #5355 ), #3760, .F. ) ;
#5869 = ORIENTED_EDGE ( 'NONE', *, *, #6542, .T. ) ;
#5870 = ORIENTED_EDGE ( 'NONE', *, *, #8928, .F. ) ;
#5871 = DIRECTION ( 'NONE',  ( 0.000000000000000000, 0.000000000000000000, 1.000000000000000000 ) ) ;
#5872 = CYLINDRICAL_SURFACE ( 'NONE', #7879, 2.999999999997643663 ) ;
#5873 = CARTESIAN_POINT ( 'NONE',  ( -80.87435565295569972, -112.0784930203848262, -137.5000000000000000 ) ) ;
#5874 = VERTEX_POINT ( 'NONE', #1568 ) ;
#5875 = EDGE_CURVE ( 'NONE', #8913, #177, #6740, .T. ) ;
#5876 = EDGE_CURVE ( 'NONE', #5455, #7048, #8328, .T. ) ;
#5877 = CARTESIAN_POINT ( 'NONE',  ( -207.7461339178665867, -191.8268590218234806, 24.99999999999997513 ) ) ;
#5878 = DIRECTION ( 'NONE',  ( 0.8660254037844387076, 0.4999999999999998890, 0.000000000000000000 ) ) ;
#5879 = ORIENTED_EDGE ( 'NONE', *, *, #7130, .F. ) ;
#5880 = PLANE ( 'NONE',  #8774 ) ;
#5881 = LINE ( 'NONE', #112, #316 ) ;
#5882 = LINE ( 'NONE', #9395, #6527 ) ;
#5883 = AXIS2_PLACEMENT_3D ( 'NONE', #8939, #5244, #8223 ) ;
#5884 = CARTESIAN_POINT ( 'NONE',  ( 2.746133917884023390, 163.2435565297863604, 24.99999999999997513 ) ) ;
#5885 = ORIENTED_EDGE ( 'NONE', *, *, #7224, .F. ) ;
#5886 = DIRECTION ( 'NONE',  ( 0.000000000000000000, 0.000000000000000000, 1.000000000000000000 ) ) ;
#5887 = ADVANCED_FACE ( 'NONE', ( #2276, #5257 ), #895, .F. ) ;
#5888 = PLANE ( 'NONE',  #8279 ) ;
#5889 = VERTEX_POINT ( 'NONE', #6123 ) ;
#5890 = AXIS2_PLACEMENT_3D ( 'NONE', #4150, #7089, #3435 ) ;
#5891 = VERTEX_POINT ( 'NONE', #4627 ) ;
#5892 = VECTOR ( 'NONE', #9222, 1000.000000000000000 ) ;
#5893 = VERTEX_POINT ( 'NONE', #3188 ) ;
#5894 = DIRECTION ( 'NONE',  ( -1.635429539641431722E-16, -2.832647054857944814E-16, -1.000000000000000000 ) ) ;
#5895 = LINE ( 'NONE', #8104, #1520 ) ;
#5896 = ADVANCED_FACE ( 'NONE', ( #5308 ), #7617, .T. ) ;
#5897 = AXIS2_PLACEMENT_3D ( 'NONE', #3191, #1763, #2375 ) ;
#5898 = EDGE_LOOP ( 'NONE', ( #2272, #3918 ) ) ;
#5899 = DIRECTION ( 'NONE',  ( 0.4999999999999996669, 0.8660254037844388186, -6.308085367188379394E-16 ) ) ;
#5900 = VECTOR ( 'NONE', #2993, 1000.000000000000000 ) ;
#5901 = LINE ( 'NONE', #7388, #4348 ) ;
#5902 = CARTESIAN_POINT ( 'NONE',  ( -76.65346055636088352, 137.5088111154206558, -116.1399983948784183 ) ) ;
#5903 = EDGE_LOOP ( 'NONE', ( #5114, #3487, #950, #4643 ) ) ;
#5904 = AXIS2_PLACEMENT_3D ( 'NONE', #5537, #5442, #8456 ) ;
#5905 = ORIENTED_EDGE ( 'NONE', *, *, #4201, .T. ) ;
#5906 = AXIS2_PLACEMENT_3D ( 'NONE', #6716, #3730, #8559 ) ;
#5907 = DIRECTION ( 'NONE',  ( 1.000000000000000000, 0.000000000000000000, 3.469446951953611231E-16 ) ) ;
#5908 = AXIS2_PLACEMENT_3D ( 'NONE', #1058, #6244, #3398 ) ;
#5909 = LINE ( 'NONE', #8159, #9101 ) ;
#5910 = CARTESIAN_POINT ( 'NONE',  ( -112.8852632902272859, 248.3268590217633403, 10.00000000000000000 ) ) ;
#5911 = ORIENTED_EDGE ( 'NONE', *, *, #8365, .T. ) ;
#5912 = LINE ( 'NONE', #5237, #6978 ) ;
#5913 = CARTESIAN_POINT ( 'NONE',  ( 204.1592244893145107, -13.99999999999999822, -29.42433009472867411 ) ) ;
#5914 = AXIS2_PLACEMENT_3D ( 'NONE', #4846, #3211, #6150 ) ;
#5915 = DIRECTION ( 'NONE',  ( 0.8660254037844387076, 0.4999999999999998890, -7.703719777548943412E-34 ) ) ;
#5916 = VECTOR ( 'NONE', #3828, 1000.000000000000000 ) ;
#5917 = ORIENTED_EDGE ( 'NONE', *, *, #7990, .F. ) ;
#5918 = EDGE_LOOP ( 'NONE', ( #5387, #812, #283, #9422 ) ) ;
#5919 = AXIS2_PLACEMENT_3D ( 'NONE', #2235, #5932, #8094 ) ;
#5920 = CARTESIAN_POINT ( 'NONE',  ( -80.21667900318301747, -242.9393636480269549, 10.00000000000000000 ) ) ;
#5921 = CIRCLE ( 'NONE', #3768, 2.000000000000001776 ) ;
#5922 = CARTESIAN_POINT ( 'NONE',  ( 213.9999999999995453, -99.00000000000002842, -137.5000000000000000 ) ) ;
#5923 = EDGE_LOOP ( 'NONE', ( #7381, #7655, #3667, #9190 ) ) ;
#5924 = DIRECTION ( 'NONE',  ( 1.635429539641431722E-16, 2.832647054857944814E-16, -1.000000000000000000 ) ) ;
#5925 = CARTESIAN_POINT ( 'NONE',  ( 208.9999999999995453, -99.00000000000001421, -18.00000000000000355 ) ) ;
#5926 = ORIENTED_EDGE ( 'NONE', *, *, #667, .T. ) ;
#5927 = EDGE_CURVE ( 'NONE', #4783, #3909, #6022, .T. ) ;
#5928 = EDGE_CURVE ( 'NONE', #150, #6510, #8906, .T. ) ;
#5929 = CARTESIAN_POINT ( 'NONE',  ( -21.06956468618784939, 149.4935565297863036, 0.000000000000000000 ) ) ;
#5930 = LINE ( 'NONE', #842, #2679 ) ;
#5931 = DIRECTION ( 'NONE',  ( 1.635429539641431722E-16, 2.832647054857944814E-16, 1.000000000000000000 ) ) ;
#5932 = DIRECTION ( 'NONE',  ( -0.8660254037844391517, 0.4999999999999992784, 0.000000000000000000 ) ) ;
#5933 = CARTESIAN_POINT ( 'NONE',  ( 378.2377111446261324, 0.000000000000000000, 10.00000000000000000 ) ) ;
#5934 = VERTEX_POINT ( 'NONE', #7472 ) ;
#5935 = LINE ( 'NONE', #1523, #8951 ) ;
#5936 = DIRECTION ( 'NONE',  ( 0.2499999999999998335, 0.4330127018922207416, 0.8660254037844379305 ) ) ;
#5937 = EDGE_CURVE ( 'NONE', #59, #9249, #3613, .T. ) ;
#5938 = ORIENTED_EDGE ( 'NONE', *, *, #1973, .T. ) ;
#5939 = EDGE_CURVE ( 'NONE', #3898, #7017, #9052, .T. ) ;
#5940 = EDGE_CURVE ( 'NONE', #5647, #4256, #5402, .T. ) ;
#5941 = VERTEX_POINT ( 'NONE', #7420 ) ;
#5942 = EDGE_CURVE ( 'NONE', #4587, #4612, #305, .T. ) ;
#5943 = CARTESIAN_POINT ( 'NONE',  ( 20.73651497465061411, 162.0833024919419643, 22.99999999999998579 ) ) ;
#5944 = CARTESIAN_POINT ( 'NONE',  ( -89.95525659168389154, 183.8070748246413473, -29.42433009472867056 ) ) ;
#5945 = DIRECTION ( 'NONE',  ( -3.105958772499037896E-16, -1.025445864033519576E-16, -1.000000000000000000 ) ) ;
#5946 = ORIENTED_EDGE ( 'NONE', *, *, #109, .T. ) ;
#5947 = DIRECTION ( 'NONE',  ( 0.8660254037844390407, -0.4999999999999992784, -0.000000000000000000 ) ) ;
#5948 = CARTESIAN_POINT ( 'NONE',  ( -258.0163151938431270, -185.8973670975123014, 10.00000000000000000 ) ) ;
#5949 = DIRECTION ( 'NONE',  ( -0.8660254037844390407, 0.4999999999999992228, 0.000000000000000000 ) ) ;
#5950 = ORIENTED_EDGE ( 'NONE', *, *, #2583, .F. ) ;
#5951 = EDGE_CURVE ( 'NONE', #7872, #3483, #1712, .T. ) ;
#5952 = ORIENTED_EDGE ( 'NONE', *, *, #7225, .T. ) ;
#5953 = EDGE_CURVE ( 'NONE', #5685, #3328, #7306, .T. ) ;
#5954 = CARTESIAN_POINT ( 'NONE',  ( 140.0000000000000568, -80.49999999999998579, 10.00000000000000888 ) ) ;
#5955 = CARTESIAN_POINT ( 'NONE',  ( -44.88526329025989270, 135.7435565297862468, 0.000000000000000000 ) ) ;
#5956 = DIRECTION ( 'NONE',  ( -1.000000000000000000, 0.000000000000000000, -6.308085367188383338E-16 ) ) ;
#5957 = ORIENTED_EDGE ( 'NONE', *, *, #7163, .F. ) ;
#5958 = LINE ( 'NONE', #876, #387 ) ;
#5959 = LINE ( 'NONE', #8212, #1915 ) ;
#5960 = DIRECTION ( 'NONE',  ( 1.635429539641431722E-16, 2.832647054857944814E-16, 1.000000000000000000 ) ) ;
#5961 = ORIENTED_EDGE ( 'NONE', *, *, #2825, .T. ) ;
#5962 = VERTEX_POINT ( 'NONE', #1043 ) ;
#5963 = CIRCLE ( 'NONE', #9361, 2.999999999981226129 ) ;
#5964 = ORIENTED_EDGE ( 'NONE', *, *, #8449, .T. ) ;
#5965 = DIRECTION ( 'NONE',  ( -1.635429539641433941E-16, 2.832647054857943335E-16, 1.000000000000000000 ) ) ;
#5966 = CARTESIAN_POINT ( 'NONE',  ( 134.5000000000000284, -28.99999999999998579, 19.49999999999997158 ) ) ;
#5967 = EDGE_LOOP ( 'NONE', ( #4215, #1327 ) ) ;
#5968 = DIRECTION ( 'NONE',  ( -1.000000000000000000, 0.000000000000000000, 0.000000000000000000 ) ) ;
#5969 = VECTOR ( 'NONE', #6592, 1000.000000000000000 ) ;
#5970 = VECTOR ( 'NONE', #7318, 1000.000000000000000 ) ;
#5971 = CARTESIAN_POINT ( 'NONE',  ( 127.4999999999995595, -13.99999999999998401, -18.00000000000000000 ) ) ;
#5972 = EDGE_LOOP ( 'NONE', ( #8401, #5550, #7319, #9183 ) ) ;
#5973 = VECTOR ( 'NONE', #8930, 1000.000000000000114 ) ;
#5974 = AXIS2_PLACEMENT_3D ( 'NONE', #6372, #8575, #8766 ) ;
#5975 = PLANE ( 'NONE',  #2634 ) ;
#5976 = CARTESIAN_POINT ( 'NONE',  ( -38.19392033913517537, -151.1538105676907833, 0.000000000000000000 ) ) ;
#5977 = LINE ( 'NONE', #2234, #9377 ) ;
#5978 = DIRECTION ( 'NONE',  ( -2.220446049250312588E-16, -1.000000000000000000, 1.025445864033519699E-16 ) ) ;
#5979 = DIRECTION ( 'NONE',  ( 0.000000000000000000, 0.000000000000000000, 1.000000000000000000 ) ) ;
#5980 = ORIENTED_EDGE ( 'NONE', *, *, #4541, .T. ) ;
#5981 = FACE_BOUND ( 'NONE', #1767, .T. ) ;
#5982 = CARTESIAN_POINT ( 'NONE',  ( -75.87435565295575657, -103.4182389825404869, -17.99999999999999645 ) ) ;
#5983 = VECTOR ( 'NONE', #7379, 1000.000000000000000 ) ;
#5984 = VECTOR ( 'NONE', #3557, 1000.000000000000000 ) ;
#5985 = VERTEX_POINT ( 'NONE', #8859 ) ;
#5986 = CARTESIAN_POINT ( 'NONE',  ( -52.87564434702667882, 119.5833024919419643, -17.99999999999999645 ) ) ;
#5987 = CARTESIAN_POINT ( 'NONE',  ( 41.49355652981271447, 208.1310519035828861, 10.00000000000000000 ) ) ;
#5988 = CARTESIAN_POINT ( 'NONE',  ( 170.0000000000000568, -13.99999999999998401, -18.00000000000000711 ) ) ;
#5989 = VERTEX_POINT ( 'NONE', #6699 ) ;
#5990 = EDGE_CURVE ( 'NONE', #3967, #3243, #3158, .T. ) ;
#5991 = CARTESIAN_POINT ( 'NONE',  ( -60.37564434702643013, 132.5736835487081180, -115.0000000000000142 ) ) ;
#5992 = EDGE_CURVE ( 'NONE', #7007, #5504, #8184, .T. ) ;
#5993 = DIRECTION ( 'NONE',  ( -0.2500000000000001665, -0.4330127018922187432, -0.8660254037844388186 ) ) ;
#5994 = ORIENTED_EDGE ( 'NONE', *, *, #8408, .F. ) ;
#5995 = ORIENTED_EDGE ( 'NONE', *, *, #3100, .T. ) ;
#5996 = AXIS2_PLACEMENT_3D ( 'NONE', #402, #2566, #1711 ) ;
#5997 = DIRECTION ( 'NONE',  ( -0.4999999999999998890, 0.8660254037844387076, 0.000000000000000000 ) ) ;
#5998 = EDGE_LOOP ( 'NONE', ( #753, #9397, #2888, #2869 ) ) ;
#5999 = DIRECTION ( 'NONE',  ( -0.8660254037844381525, -0.5000000000000007772, 0.000000000000000000 ) ) ;
#6000 = OPEN_SHELL ( 'NONE', ( #1904, #8347, #782, #6637, #6235 ) ) ;
#6001 = LINE ( 'NONE', #5910, #8578 ) ;
#6002 = ORIENTED_EDGE ( 'NONE', *, *, #1719, .F. ) ;
#6003 = CYLINDRICAL_SURFACE ( 'NONE', #5458, 4.999999999999995559 ) ;
#6004 = EDGE_CURVE ( 'NONE', #1807, #4562, #7002, .T. ) ;
#6005 = PLANE ( 'NONE',  #3732 ) ;
#6006 = DIRECTION ( 'NONE',  ( 1.000000000000000000, 0.000000000000000000, 0.000000000000000000 ) ) ;
#6007 = ORIENTED_EDGE ( 'NONE', *, *, #6087, .T. ) ;
#6008 = VERTEX_POINT ( 'NONE', #1903 ) ;
#6009 = AXIS2_PLACEMENT_3D ( 'NONE', #9157, #4774, #1819 ) ;
#6010 = ORIENTED_EDGE ( 'NONE', *, *, #5160, .F. ) ;
#6011 = CARTESIAN_POINT ( 'NONE',  ( -19.00644347018732461, 312.9201257614998894, 10.00000000000000000 ) ) ;
#6012 = DIRECTION ( 'NONE',  ( 1.649003067838308177E-17, -1.025445864033520315E-16, -1.000000000000000000 ) ) ;
#6013 = ORIENTED_EDGE ( 'NONE', *, *, #6636, .F. ) ;
#6014 = CARTESIAN_POINT ( 'NONE',  ( -21.26348502534913720, 234.8294364098343863, -17.99999999999999645 ) ) ;
#6015 = ADVANCED_FACE ( 'NONE', ( #6984 ), #4721, .F. ) ;
#6016 = CIRCLE ( 'NONE', #9236, 2.000000000000007550 ) ;
#6017 = LINE ( 'NONE', #13, #1246 ) ;
#6018 = VERTEX_POINT ( 'NONE', #4175 ) ;
#6019 = FACE_OUTER_BOUND ( 'NONE', #744, .T. ) ;
#6020 = CARTESIAN_POINT ( 'NONE',  ( -152.1243556529558703, -235.4871130596678483, 23.00000000000000711 ) ) ;
#6021 = CARTESIAN_POINT ( 'NONE',  ( 160.9999999999995168, -101.0000000000000284, -115.0000000000000142 ) ) ;
#6022 = LINE ( 'NONE', #7563, #2858 ) ;
#6023 = FACE_OUTER_BOUND ( 'NONE', #4993, .T. ) ;
#6024 = ORIENTED_EDGE ( 'NONE', *, *, #1422, .T. ) ;
#6025 = CARTESIAN_POINT ( 'NONE',  ( -183.9304353137946464, -205.5768590218235374, 10.00000000000000000 ) ) ;
#6026 = DIRECTION ( 'NONE',  ( -0.8660254037844391517, 0.4999999999999992784, 0.000000000000000000 ) ) ;
#6027 = ORIENTED_EDGE ( 'NONE', *, *, #6774, .T. ) ;
#6028 = AXIS2_PLACEMENT_3D ( 'NONE', #1799, #335, #6203 ) ;
#6029 = AXIS2_PLACEMENT_3D ( 'NONE', #8561, #2796, #1993 ) ;
#6030 = DIRECTION ( 'NONE',  ( 0.8660254037844391517, -0.4999999999999992784, 0.000000000000000000 ) ) ;
#6031 = VECTOR ( 'NONE', #2514, 1000.000000000000000 ) ;
#6032 = DIRECTION ( 'NONE',  ( 0.4999999999999989453, -0.8660254037844392627, 0.000000000000000000 ) ) ;
#6033 = CARTESIAN_POINT ( 'NONE',  ( 10.73651497465086280, 179.4038105676303019, -115.0000000000000142 ) ) ;
#6034 = ORIENTED_EDGE ( 'NONE', *, *, #7635, .T. ) ;
#6035 = DIRECTION ( 'NONE',  ( 0.4999999999999996114, 0.8660254037844388186, 0.000000000000000000 ) ) ;
#6036 = CARTESIAN_POINT ( 'NONE',  ( 280.5000000000000000, -109.5000000000000142, 0.000000000000000000 ) ) ;
#6037 = VECTOR ( 'NONE', #4363, 1000.000000000000000 ) ;
#6038 = ORIENTED_EDGE ( 'NONE', *, *, #717, .F. ) ;
#6039 = ORIENTED_EDGE ( 'NONE', *, *, #4222, .F. ) ;
#6040 = EDGE_CURVE ( 'NONE', #6291, #815, #1910, .T. ) ;
#6041 = FACE_OUTER_BOUND ( 'NONE', #5149, .T. ) ;
#6042 = AXIS2_PLACEMENT_3D ( 'NONE', #6548, #2800, #4275 ) ;
#6043 = CARTESIAN_POINT ( 'NONE',  ( -84.06956468622040290, 262.0768590217633687, 0.000000000000000000 ) ) ;
#6044 = ORIENTED_EDGE ( 'NONE', *, *, #6133, .F. ) ;
#6045 = CARTESIAN_POINT ( 'NONE',  ( -195.1188555723383615, 327.5634665204914882, 10.00000000000000000 ) ) ;
#6046 = DIRECTION ( 'NONE',  ( -0.000000000000000000, -0.000000000000000000, -1.000000000000000000 ) ) ;
#6047 = VERTEX_POINT ( 'NONE', #7802 ) ;
#6048 = CARTESIAN_POINT ( 'NONE',  ( -92.11473670974133654, -106.7435565298464013, 10.00000000000000000 ) ) ;
#6049 = CARTESIAN_POINT ( 'NONE',  ( -77.12435565295596973, -105.5833024920020051, 22.99999999999998579 ) ) ;
#6050 = DIRECTION ( 'NONE',  ( -2.220446049250312588E-16, -1.000000000000000000, 1.025445864033519699E-16 ) ) ;
#6051 = ORIENTED_EDGE ( 'NONE', *, *, #8001, .T. ) ;
#6052 = CIRCLE ( 'NONE', #1926, 2.000000000000005773 ) ;
#6053 = VERTEX_POINT ( 'NONE', #8381 ) ;
#6054 = AXIS2_PLACEMENT_3D ( 'NONE', #9290, #493, #3997 ) ;
#6055 = ORIENTED_EDGE ( 'NONE', *, *, #5193, .F. ) ;
#6056 = EDGE_CURVE ( 'NONE', #5891, #7498, #6313, .T. ) ;
#6057 = ADVANCED_FACE ( 'NONE', ( #6218 ), #9151, .T. ) ;
#6058 = DIRECTION ( 'NONE',  ( 1.000000000000000000, 0.000000000000000000, 0.000000000000000000 ) ) ;
#6059 = AXIS2_PLACEMENT_3D ( 'NONE', #8638, #5760, #3540 ) ;
#6060 = CARTESIAN_POINT ( 'NONE',  ( -31.98368480613950737, 316.3973670974521042, 10.00000000000000000 ) ) ;
#6061 = ORIENTED_EDGE ( 'NONE', *, *, #7714, .T. ) ;
#6062 = DIRECTION ( 'NONE',  ( -0.8660254037844390407, 0.4999999999999992228, 0.000000000000000000 ) ) ;
#6063 = VECTOR ( 'NONE', #3008, 1000.000000000000000 ) ;
#6064 = CARTESIAN_POINT ( 'NONE',  ( 149.9999999999994600, -9.999999999999994671, -115.0000000000000284 ) ) ;
#6065 = VECTOR ( 'NONE', #4610, 1000.000000000000227 ) ;
#6066 = DIRECTION ( 'NONE',  ( 1.635429539641433941E-16, -2.832647054857943335E-16, 1.000000000000000000 ) ) ;
#6067 = ORIENTED_EDGE ( 'NONE', *, *, #5782, .F. ) ;
#6068 = AXIS2_PLACEMENT_3D ( 'NONE', #3919, #6855, #271 ) ;
#6069 = VECTOR ( 'NONE', #8296, 999.9999999999998863 ) ;
#6070 = EDGE_CURVE ( 'NONE', #8369, #4323, #8516, .T. ) ;
#6071 = CARTESIAN_POINT ( 'NONE',  ( -142.7461339178667288, -79.24355652984645815, 19.49999999999997513 ) ) ;
#6072 = AXIS2_PLACEMENT_3D ( 'NONE', #4893, #3447, #2738 ) ;
#6073 = DIRECTION ( 'NONE',  ( 1.000000000000000000, 0.000000000000000000, 0.000000000000000000 ) ) ;
#6074 = ADVANCED_FACE ( 'NONE', ( #347, #8423 ), #5453, .T. ) ;
#6075 = EDGE_CURVE ( 'NONE', #3044, #9131, #4811, .T. ) ;
#6076 = LINE ( 'NONE', #6929, #3932 ) ;
#6077 = DIRECTION ( 'NONE',  ( 1.025445864033519576E-16, -1.025445864033519946E-16, -1.000000000000000000 ) ) ;
#6078 = DIRECTION ( 'NONE',  ( 0.5000000000000002220, 0.8660254037844385966, 0.000000000000000000 ) ) ;
#6079 = ORIENTED_EDGE ( 'NONE', *, *, #7364, .F. ) ;
#6080 = CARTESIAN_POINT ( 'NONE',  ( -67.07105603875555744, 144.1704767763736470, 10.00000000000000178 ) ) ;
#6081 = DIRECTION ( 'NONE',  ( -0.000000000000000000, -0.000000000000000000, -1.000000000000000000 ) ) ;
#6082 = VECTOR ( 'NONE', #8139, 1000.000000000000000 ) ;
#6083 = AXIS2_PLACEMENT_3D ( 'NONE', #1351, #1303, #2021 ) ;
#6084 = VERTEX_POINT ( 'NONE', #1862 ) ;
#6085 = VERTEX_POINT ( 'NONE', #7760 ) ;
#6086 = CARTESIAN_POINT ( 'NONE',  ( 2.746133917884016729, 163.2435565297863889, 10.00000000000000178 ) ) ;
#6087 = EDGE_CURVE ( 'NONE', #8750, #1989, #3266, .T. ) ;
#6088 = CIRCLE ( 'NONE', #8386, 5.499999999999996447 ) ;
#6089 = CARTESIAN_POINT ( 'NONE',  ( -77.05296641779979439, -128.7185298537210940, -110.0000000000000142 ) ) ;
#6090 = ADVANCED_FACE ( 'NONE', ( #7849 ), #5592, .T. ) ;
#6091 = ORIENTED_EDGE ( 'NONE', *, *, #2666, .T. ) ;
#6092 = CARTESIAN_POINT ( 'NONE',  ( -44.88526329026009876, 135.7435565297863320, 24.99999999999997513 ) ) ;
#6093 = LINE ( 'NONE', #7487, #3461 ) ;
#6094 = ORIENTED_EDGE ( 'NONE', *, *, #6445, .F. ) ;
#6095 = EDGE_LOOP ( 'NONE', ( #5448, #9288, #6272, #4995 ) ) ;
#6096 = LINE ( 'NONE', #8305, #3300 ) ;
#6097 = FACE_BOUND ( 'NONE', #3087, .T. ) ;
#6098 = ORIENTED_EDGE ( 'NONE', *, *, #8804, .F. ) ;
#6099 = CARTESIAN_POINT ( 'NONE',  ( -80.21667900318301747, -242.9393636480269549, 0.000000000000000000 ) ) ;
#6100 = CARTESIAN_POINT ( 'NONE',  ( -194.4685657822019209, -134.8294364098945266, 8.000000000000028422 ) ) ;
#6101 = ORIENTED_EDGE ( 'NONE', *, *, #6598, .T. ) ;
#6102 = DIRECTION ( 'NONE',  ( -1.635429539641431969E-16, -2.832647054857945307E-16, 1.000000000000000000 ) ) ;
#6103 = CARTESIAN_POINT ( 'NONE',  ( 139.9999999999999716, -29.00000000000000000, 0.000000000000000000 ) ) ;
#6104 = DIRECTION ( 'NONE',  ( -0.000000000000000000, -0.000000000000000000, -1.000000000000000000 ) ) ;
#6105 = EDGE_LOOP ( 'NONE', ( #2023, #4665, #1924, #3210 ) ) ;
#6106 = VERTEX_POINT ( 'NONE', #4764 ) ;
#6107 = ORIENTED_EDGE ( 'NONE', *, *, #2954, .T. ) ;
#6108 = EDGE_CURVE ( 'NONE', #377, #2110, #3333, .T. ) ;
#6109 = DIRECTION ( 'NONE',  ( 0.000000000000000000, 0.000000000000000000, 1.000000000000000000 ) ) ;
#6110 = PLANE ( 'NONE',  #8420 ) ;
#6111 = VERTEX_POINT ( 'NONE', #7664 ) ;
#6112 = DIRECTION ( 'NONE',  ( 0.8660254037844394848, -0.4999999999999985567, 0.000000000000000000 ) ) ;
#6113 = CARTESIAN_POINT ( 'NONE',  ( -142.7461339178666719, -79.24355652984641551, 0.000000000000000000 ) ) ;
#6114 = DIRECTION ( 'NONE',  ( -0.8660254037844390407, -0.4999999999999991673, 7.012543237461990870E-16 ) ) ;
#6115 = ADVANCED_FACE ( 'NONE', ( #3281 ), #2710, .F. ) ;
#6116 = EDGE_CURVE ( 'NONE', #6952, #4120, #9412, .T. ) ;
#6117 = ORIENTED_EDGE ( 'NONE', *, *, #5360, .F. ) ;
#6118 = ORIENTED_EDGE ( 'NONE', *, *, #3936, .F. ) ;
#6119 = DIRECTION ( 'NONE',  ( 0.8660254037844387076, 0.4999999999999998890, -7.703719777548943412E-34 ) ) ;
#6120 = PLANE ( 'NONE',  #5280 ) ;
#6122 = CARTESIAN_POINT ( 'NONE',  ( -170.2833209967994890, 190.9393636479667293, 0.000000000000000000 ) ) ;
#6121 = AXIS2_PLACEMENT_3D ( 'NONE', #8552, #5578, #437 ) ;
#6123 = CARTESIAN_POINT ( 'NONE',  ( -190.2365149746329962, -131.4993093909723427, -18.00000000000001066 ) ) ;
#6124 = CIRCLE ( 'NONE', #8571, 3.999999999999989786 ) ;
#6125 = VECTOR ( 'NONE', #8297, 1000.000000000000000 ) ;
#6126 = CYLINDRICAL_SURFACE ( 'NONE', #593, 4.000000000000003553 ) ;
#6127 = VERTEX_POINT ( 'NONE', #9244 ) ;
#6128 = LINE ( 'NONE', #1666, #215 ) ;
#6129 = CYLINDRICAL_SURFACE ( 'NONE', #5061, 4.000000000000003553 ) ;
#6130 = EDGE_CURVE ( 'NONE', #1156, #150, #9102, .T. ) ;
#6131 = EDGE_LOOP ( 'NONE', ( #8158, #5608, #5432, #7329 ) ) ;
#6132 = AXIS2_PLACEMENT_3D ( 'NONE', #6533, #6672, #2165 ) ;
#6133 = EDGE_CURVE ( 'NONE', #3011, #2696, #738, .T. ) ;
#6134 = DIRECTION ( 'NONE',  ( 0.3535533905932730647, -0.6123724356957934711, -0.7071067811865486830 ) ) ;
#6135 = DIRECTION ( 'NONE',  ( 2.220446049250312588E-16, 1.000000000000000000, -1.025445864033519699E-16 ) ) ;
#6136 = FACE_OUTER_BOUND ( 'NONE', #9177, .T. ) ;
#6137 = AXIS2_PLACEMENT_3D ( 'NONE', #653, #8443, #7326 ) ;
#6138 = AXIS2_PLACEMENT_3D ( 'NONE', #8468, #1088, #4000 ) ;
#6139 = ORIENTED_EDGE ( 'NONE', *, *, #6442, .F. ) ;
#6140 = FACE_OUTER_BOUND ( 'NONE', #1687, .T. ) ;
#6141 = ADVANCED_FACE ( 'NONE', ( #1460 ), #8662, .F. ) ;
#6142 = PLANE ( 'NONE',  #6539 ) ;
#6143 = EDGE_LOOP ( 'NONE', ( #9266, #2818, #7328, #6512 ) ) ;
#6144 = VECTOR ( 'NONE', #7366, 999.9999999999998863 ) ;
#6145 = ORIENTED_EDGE ( 'NONE', *, *, #6638, .T. ) ;
#6146 = DIRECTION ( 'NONE',  ( -0.4999999999999998890, 0.8660254037844387076, 0.000000000000000000 ) ) ;
#6147 = DIRECTION ( 'NONE',  ( -1.000000000000000000, 0.000000000000000000, 0.000000000000000000 ) ) ;
#6148 = CARTESIAN_POINT ( 'NONE',  ( -19.53143421778025868, 235.8294364098344147, -18.00000000000001421 ) ) ;
#6149 = VERTEX_POINT ( 'NONE', #9383 ) ;
#6150 = DIRECTION ( 'NONE',  ( 1.000000000000000000, 0.000000000000000000, 1.577021341797095835E-16 ) ) ;
#6151 = PLANE ( 'NONE',  #4499 ) ;
#6152 = DIRECTION ( 'NONE',  ( 1.604368532695312734E-16, -1.000000000000000000, 0.000000000000000000 ) ) ;
#6153 = EDGE_LOOP ( 'NONE', ( #597, #3203, #182, #7501 ) ) ;
#6154 = ORIENTED_EDGE ( 'NONE', *, *, #4395, .T. ) ;
#6155 = ORIENTED_EDGE ( 'NONE', *, *, #3408, .T. ) ;
#6156 = EDGE_CURVE ( 'NONE', #4535, #5333, #5053, .T. ) ;
#6157 = DIRECTION ( 'NONE',  ( 0.7071067811865461294, -2.295192182881573627E-16, -0.7071067811865489050 ) ) ;
#6158 = EDGE_CURVE ( 'NONE', #3382, #2116, #4795, .T. ) ;
#6159 = DIRECTION ( 'NONE',  ( 1.000000000000000000, 0.000000000000000000, 0.000000000000000000 ) ) ;
#6160 = VERTEX_POINT ( 'NONE', #4373 ) ;
#6161 = FACE_OUTER_BOUND ( 'NONE', #8722, .T. ) ;
#6162 = CARTESIAN_POINT ( 'NONE',  ( 260.0000000000000568, -14.00000000000001243, -75.00000000000001421 ) ) ;
#6163 = DIRECTION ( 'NONE',  ( -0.8660254037844390407, -0.4999999999999991673, 7.012543237461990870E-16 ) ) ;
#6164 = AXIS2_PLACEMENT_3D ( 'NONE', #1869, #8388, #313 ) ;
#6165 = VERTEX_POINT ( 'NONE', #7167 ) ;
#6166 = ORIENTED_EDGE ( 'NONE', *, *, #8133, .F. ) ;
#6167 = DIRECTION ( 'NONE',  ( 1.000000000000000000, 0.000000000000000000, 0.000000000000000000 ) ) ;
#6168 = DIRECTION ( 'NONE',  ( -2.220446049250312588E-16, -1.000000000000000000, 1.025445864033519699E-16 ) ) ;
#6169 = EDGE_CURVE ( 'NONE', #8484, #129, #1593, .T. ) ;
#6170 = CARTESIAN_POINT ( 'NONE',  ( 260.0000000000000568, -100.0000000000000142, 10.00000000000000000 ) ) ;
#6171 = CARTESIAN_POINT ( 'NONE',  ( -160.7365149746330246, -80.40381056769041379, -115.0000000000000142 ) ) ;
#6172 = VECTOR ( 'NONE', #9147, 1000.000000000000000 ) ;
#6173 = CARTESIAN_POINT ( 'NONE',  ( -53.64745962156482761, 292.9201257614998894, 10.00000000000000000 ) ) ;
#6174 = VERTEX_POINT ( 'NONE', #9 ) ;
#6175 = FACE_BOUND ( 'NONE', #7245, .T. ) ;
#6176 = CARTESIAN_POINT ( 'NONE',  ( -142.1243556529558987, -218.1666049839790844, -75.00000000000001421 ) ) ;
#6177 = ORIENTED_EDGE ( 'NONE', *, *, #7116, .T. ) ;
#6178 = PLANE ( 'NONE',  #3847 ) ;
#6179 = ADVANCED_FACE ( 'NONE', ( #7215 ), #5872, .F. ) ;
#6180 = LINE ( 'NONE', #7431, #8514 ) ;
#6181 = LINE ( 'NONE', #460, #1238 ) ;
#6182 = EDGE_CURVE ( 'NONE', #2700, #4467, #4421, .T. ) ;
#6183 = CARTESIAN_POINT ( 'NONE',  ( -192.2365149746332520, -134.9634110061105332, -17.00000000000048672 ) ) ;
#6184 = LINE ( 'NONE', #9114, #8234 ) ;
#6185 = AXIS2_PLACEMENT_3D ( 'NONE', #7649, #6968, #1071 ) ;
#6186 = VERTEX_POINT ( 'NONE', #8752 ) ;
#6187 = VECTOR ( 'NONE', #1653, 1000.000000000000114 ) ;
#6188 = ORIENTED_EDGE ( 'NONE', *, *, #435, .F. ) ;
#6189 = ADVANCED_FACE ( 'NONE', ( #4229 ), #8613, .F. ) ;
#6190 = LINE ( 'NONE', #8972, #8666 ) ;
#6191 = DIRECTION ( 'NONE',  ( -1.635429539641431722E-16, -2.832647054857945307E-16, 1.000000000000000000 ) ) ;
#6192 = AXIS2_PLACEMENT_3D ( 'NONE', #4332, #5886, #5070 ) ;
#6193 = PLANE ( 'NONE',  #4121 ) ;
#6194 = ORIENTED_EDGE ( 'NONE', *, *, #3248, .T. ) ;
#6195 = FACE_OUTER_BOUND ( 'NONE', #4869, .T. ) ;
#6196 = CIRCLE ( 'NONE', #3276, 3.000000000000002665 ) ;
#6197 = DIRECTION ( 'NONE',  ( -3.435759386066699840E-16, 1.025445864033521055E-16, 1.000000000000000000 ) ) ;
#6198 = LINE ( 'NONE', #4025, #9294 ) ;
#6199 = VERTEX_POINT ( 'NONE', #2850 ) ;
#6200 = VERTEX_POINT ( 'NONE', #3652 ) ;
#6201 = VECTOR ( 'NONE', #7325, 1000.000000000000000 ) ;
#6202 = VERTEX_POINT ( 'NONE', #2938 ) ;
#6203 = DIRECTION ( 'NONE',  ( 0.8660254037844394848, -0.4999999999999985567, 0.000000000000000000 ) ) ;
#6204 = LINE ( 'NONE', #8410, #6732 ) ;
#6205 = ORIENTED_EDGE ( 'NONE', *, *, #9106, .T. ) ;
#6206 = DIRECTION ( 'NONE',  ( -0.000000000000000000, -0.000000000000000000, -1.000000000000000000 ) ) ;
#6207 = DIRECTION ( 'NONE',  ( -1.000000000000000000, 0.000000000000000000, -6.308085367188383338E-16 ) ) ;
#6208 = AXIS2_PLACEMENT_3D ( 'NONE', #2360, #1606, #7603 ) ;
#6209 = DIRECTION ( 'NONE',  ( -0.8660254037844393737, 0.4999999999999987232, 0.000000000000000000 ) ) ;
#6210 = AXIS2_PLACEMENT_3D ( 'NONE', #8781, #33, #6614 ) ;
#6211 = EDGE_LOOP ( 'NONE', ( #7866, #7534, #2149, #4544 ) ) ;
#6212 = CIRCLE ( 'NONE', #3140, 5.499999999999997335 ) ;
#6213 = ORIENTED_EDGE ( 'NONE', *, *, #5277, .F. ) ;
#6214 = CARTESIAN_POINT ( 'NONE',  ( -48.01348502534919760, 281.1617955123019783, 35.50000000000031974 ) ) ;
#6215 = LINE ( 'NONE', #401, #8053 ) ;
#6216 = AXIS2_PLACEMENT_3D ( 'NONE', #1126, #6928, #344 ) ;
#6217 = CARTESIAN_POINT ( 'NONE',  ( -120.9304353137757033, -92.99355652984641551, 10.00000000000000000 ) ) ;
#6218 = FACE_OUTER_BOUND ( 'NONE', #6143, .T. ) ;
#6219 = DIRECTION ( 'NONE',  ( 1.000000000000000000, 0.000000000000000000, 0.000000000000000000 ) ) ;
#6220 = ORIENTED_EDGE ( 'NONE', *, *, #5220, .T. ) ;
#6221 = DIRECTION ( 'NONE',  ( -0.8660254037844387076, -0.4999999999999998890, -7.703719777548943412E-34 ) ) ;
#6222 = DIRECTION ( 'NONE',  ( -1.000000000000000000, 0.000000000000000000, -6.308085367188383338E-16 ) ) ;
#6223 = AXIS2_PLACEMENT_3D ( 'NONE', #921, #3113, #2346 ) ;
#6224 = EDGE_CURVE ( 'NONE', #1601, #1516, #9334, .T. ) ;
#6225 = ORIENTED_EDGE ( 'NONE', *, *, #6303, .F. ) ;
#6226 = AXIS2_PLACEMENT_3D ( 'NONE', #8488, #7780, #9261 ) ;
#6227 = CIRCLE ( 'NONE', #8218, 1.999999999980905940 ) ;
#6228 = DIRECTION ( 'NONE',  ( 0.8660254037844387076, 0.4999999999999998890, -7.703719777548943412E-34 ) ) ;
#6229 = DIRECTION ( 'NONE',  ( 0.000000000000000000, 0.000000000000000000, 1.000000000000000000 ) ) ;
#6230 = AXIS2_PLACEMENT_3D ( 'NONE', #3096, #3012, #4550 ) ;
#6231 = DIRECTION ( 'NONE',  ( -0.000000000000000000, -0.000000000000000000, -1.000000000000000000 ) ) ;
#6232 = FACE_OUTER_BOUND ( 'NONE', #6493, .T. ) ;
#6233 = CIRCLE ( 'NONE', #6837, 3.000000000017002844 ) ;
#6234 = CIRCLE ( 'NONE', #5315, 4.999999999999993783 ) ;
#6235 = ADVANCED_FACE ( 'NONE', ( #7942 ), #3556, .F. ) ;
#6236 = CARTESIAN_POINT ( 'NONE',  ( -41.85417437701456578, 137.4935565297863604, 10.00000000000000178 ) ) ;
#6237 = EDGE_CURVE ( 'NONE', #2959, #666, #7314, .T. ) ;
#6238 = PERSON_AND_ORGANIZATION_ROLE ( 'creator' ) ;
#6239 = EDGE_CURVE ( 'NONE', #1642, #5779, #6951, .T. ) ;
#6240 = ADVANCED_FACE ( 'NONE', ( #2038 ), #684, .F. ) ;
#6241 = ORIENTED_EDGE ( 'NONE', *, *, #2084, .F. ) ;
#6242 = VERTEX_POINT ( 'NONE', #9479 ) ;
#6243 = CYLINDRICAL_SURFACE ( 'NONE', #2082, 3.500000000000013323 ) ;
#6244 = DIRECTION ( 'NONE',  ( 0.000000000000000000, 0.000000000000000000, 1.000000000000000000 ) ) ;
#6245 = LINE ( 'NONE', #8209, #2287 ) ;
#6246 = EDGE_LOOP ( 'NONE', ( #4613, #4346, #8702, #8366 ) ) ;
#6247 = DIRECTION ( 'NONE',  ( -1.000000000000000000, 0.000000000000000000, 0.000000000000000000 ) ) ;
#6248 = DIRECTION ( 'NONE',  ( 0.000000000000000000, -1.000000000000000000, 0.000000000000000000 ) ) ;
#6249 = PLANE ( 'NONE',  #8687 ) ;
#6251 = ORIENTED_EDGE ( 'NONE', *, *, #3706, .F. ) ;
#6250 = EDGE_CURVE ( 'NONE', #5647, #4513, #5266, .T. ) ;
#6252 = ORIENTED_EDGE ( 'NONE', *, *, #7043, .F. ) ;
#6253 = EDGE_CURVE ( 'NONE', #6513, #5413, #7895, .T. ) ;
#6254 = ORIENTED_EDGE ( 'NONE', *, *, #7803, .F. ) ;
#6255 = EDGE_CURVE ( 'NONE', #5236, #6047, #1746, .T. ) ;
#6256 = DIRECTION ( 'NONE',  ( -0.000000000000000000, -0.000000000000000000, -1.000000000000000000 ) ) ;
#6257 = LINE ( 'NONE', #9182, #8726 ) ;
#6258 = VERTEX_POINT ( 'NONE', #5196 ) ;
#6259 = CARTESIAN_POINT ( 'NONE',  ( -62.87564434702638749, 136.9038105676303019, -115.0000000000000426 ) ) ;
#6260 = DIRECTION ( 'NONE',  ( 1.000000000000000000, 0.000000000000000000, 0.000000000000000000 ) ) ;
#6261 = DIRECTION ( 'NONE',  ( 0.8660254037844387076, 0.4999999999999998890, 0.000000000000000000 ) ) ;
#6262 = ORIENTED_EDGE ( 'NONE', *, *, #3946, .F. ) ;
#6263 = ORIENTED_EDGE ( 'NONE', *, *, #6991, .T. ) ;
#6264 = DIRECTION ( 'NONE',  ( 0.000000000000000000, -0.000000000000000000, 1.000000000000000000 ) ) ;
#6265 = CYLINDRICAL_SURFACE ( 'NONE', #6054, 2.000000000016738610 ) ;
#6266 = CARTESIAN_POINT ( 'NONE',  ( -183.9304353137945327, -205.5768590218234522, -3.000000000000030198 ) ) ;
#6267 = DIRECTION ( 'NONE',  ( -0.4999999999999998890, 0.8660254037844387076, 0.000000000000000000 ) ) ;
#6268 = DIRECTION ( 'NONE',  ( 0.000000000000000000, 0.000000000000000000, 1.000000000000000000 ) ) ;
#6269 = ORIENTED_EDGE ( 'NONE', *, *, #7630, .F. ) ;
#6270 = DIRECTION ( 'NONE',  ( 0.2499999999999999445, -0.4330127018922215743, 0.8660254037844375974 ) ) ;
#6271 = DIRECTION ( 'NONE',  ( 0.000000000000000000, 0.000000000000000000, 1.000000000000000000 ) ) ;
#6272 = ORIENTED_EDGE ( 'NONE', *, *, #4341, .T. ) ;
#6273 = CIRCLE ( 'NONE', #5808, 3.500000000000003109 ) ;
#6274 = FACE_BOUND ( 'NONE', #998, .T. ) ;
#6275 = CARTESIAN_POINT ( 'NONE',  ( -253.2663151938430701, -177.6701257615601151, 0.000000000000000000 ) ) ;
#6276 = DIRECTION ( 'NONE',  ( 0.2499999999999992506, 0.4330127018922189097, -0.8660254037844390407 ) ) ;
#6277 = ORIENTED_EDGE ( 'NONE', *, *, #4939, .F. ) ;
#6278 = DIRECTION ( 'NONE',  ( 1.000000000000000000, 0.000000000000000000, 0.000000000000000000 ) ) ;
#6279 = ADVANCED_FACE ( 'NONE', ( #6685 ), #3699, .F. ) ;
#6280 = CARTESIAN_POINT ( 'NONE',  ( -94.37564434702667882, 191.4634110060504213, -17.00000000000048672 ) ) ;
#6281 = AXIS2_PLACEMENT_3D ( 'NONE', #7886, #2031, #8652 ) ;
#6282 = VERTEX_POINT ( 'NONE', #9035 ) ;
#6283 = ORIENTED_EDGE ( 'NONE', *, *, #3764, .T. ) ;
#6284 = CIRCLE ( 'NONE', #2146, 2.000000000016960655 ) ;
#6286 = AXIS2_PLACEMENT_3D ( 'NONE', #3804, #5258, #6078 ) ;
#6285 = PLANE ( 'NONE',  #1471 ) ;
#6287 = PRODUCT_RELATED_PRODUCT_CATEGORY ( 'detail', '', ( #4335 ) ) ;
#6289 = EDGE_CURVE ( 'NONE', #8091, #7530, #353, .T. ) ;
#6288 = DIRECTION ( 'NONE',  ( -1.000000000000000000, 0.000000000000000000, 0.000000000000000000 ) ) ;
#6290 = LINE ( 'NONE', #2145, #6588 ) ;
#6291 = VERTEX_POINT ( 'NONE', #245 ) ;
#6292 = DIRECTION ( 'NONE',  ( -0.000000000000000000, -0.000000000000000000, -1.000000000000000000 ) ) ;
#6293 = DIRECTION ( 'NONE',  ( -0.2499999999999999167, 0.4330127018922189097, 0.8660254037844388186 ) ) ;
#6294 = FACE_OUTER_BOUND ( 'NONE', #3722, .T. ) ;
#6295 = AXIS2_PLACEMENT_3D ( 'NONE', #1867, #6271, #9201 ) ;
#6296 = ORIENTED_EDGE ( 'NONE', *, *, #4985, .F. ) ;
#6297 = VERTEX_POINT ( 'NONE', #5390 ) ;
#6298 = EDGE_CURVE ( 'NONE', #7099, #8870, #1603, .T. ) ;
#6299 = CARTESIAN_POINT ( 'NONE',  ( -118.9304353137946464, -92.99355652984641551, 24.99999999999997513 ) ) ;
#6300 = DIRECTION ( 'NONE',  ( -2.220446049250312588E-16, -1.000000000000000000, 1.025445864033519699E-16 ) ) ;
#6301 = EDGE_LOOP ( 'NONE', ( #4555, #2154 ) ) ;
#6302 = LINE ( 'NONE', #4799, #2366 ) ;
#6303 = EDGE_CURVE ( 'NONE', #7686, #538, #2347, .T. ) ;
#6304 = CARTESIAN_POINT ( 'NONE',  ( -77.12435565295596973, -105.5833024920020051, 10.00000000000000178 ) ) ;
#6305 = FACE_OUTER_BOUND ( 'NONE', #6437, .T. ) ;
#6306 = EDGE_CURVE ( 'NONE', #4830, #385, #4333, .T. ) ;
#6307 = ORIENTED_EDGE ( 'NONE', *, *, #312, .T. ) ;
#6308 = ORIENTED_EDGE ( 'NONE', *, *, #2817, .F. ) ;
#6309 = CARTESIAN_POINT ( 'NONE',  ( 139.9999999999999716, -84.00000000000000000, 0.000000000000000000 ) ) ;
#6310 = CARTESIAN_POINT ( 'NONE',  ( -170.2833209967994890, 190.9393636479667293, 0.000000000000000000 ) ) ;
#6311 = DIRECTION ( 'NONE',  ( -2.220446049250312588E-16, -1.000000000000000000, 1.025445864033519699E-16 ) ) ;
#6312 = EDGE_CURVE ( 'NONE', #8015, #8783, #5576, .T. ) ;
#6313 = LINE ( 'NONE', #1994, #8178 ) ;
#6314 = DIRECTION ( 'NONE',  ( -2.220446049250312588E-16, -1.000000000000000000, 1.025445864033519699E-16 ) ) ;
#6315 = ORIENTED_EDGE ( 'NONE', *, *, #5937, .T. ) ;
#6316 = LINE ( 'NONE', #7852, #4504 ) ;
#6317 = AXIS2_PLACEMENT_3D ( 'NONE', #8762, #7223, #2947 ) ;
#6318 = LINE ( 'NONE', #2660, #9210 ) ;
#6319 = ORIENTED_EDGE ( 'NONE', *, *, #495, .T. ) ;
#6320 = AXIS2_PLACEMENT_3D ( 'NONE', #6071, #988, #5206 ) ;
#6321 = CARTESIAN_POINT ( 'NONE',  ( 149.9999999999994600, -9.999999999999992895, -104.0000000000000426 ) ) ;
#6322 = DIRECTION ( 'NONE',  ( 1.635429539641434187E-16, -2.832647054857943828E-16, 1.000000000000000000 ) ) ;
#6323 = DIRECTION ( 'NONE',  ( 0.2500000000000001665, 0.4330127018922187432, 0.8660254037844388186 ) ) ;
#6324 = DIRECTION ( 'NONE',  ( -0.8660254037844391517, 0.4999999999999992784, 0.000000000000000000 ) ) ;
#6325 = ORIENTED_EDGE ( 'NONE', *, *, #8877, .T. ) ;
#6326 = DIRECTION ( 'NONE',  ( 0.4999999999999985567, 0.8660254037844395958, 4.336808689942001466E-16 ) ) ;
#6327 = DIRECTION ( 'NONE',  ( 0.000000000000000000, 0.000000000000000000, 1.000000000000000000 ) ) ;
#6328 = VERTEX_POINT ( 'NONE', #829 ) ;
#6329 = VERTEX_POINT ( 'NONE', #8317 ) ;
#6330 = CARTESIAN_POINT ( 'NONE',  ( -84.62435565295571394, -118.5736835487681589, -115.0000000000000142 ) ) ;
#6331 = CARTESIAN_POINT ( 'NONE',  ( 149.9999999999994600, -10.99999999999999112, -104.0000000000000426 ) ) ;
#6332 = CARTESIAN_POINT ( 'NONE',  ( 213.9999999999995737, -13.99999999999999822, 9.999999999999998224 ) ) ;
#6333 = ORIENTED_EDGE ( 'NONE', *, *, #8938, .F. ) ;
#6334 = CARTESIAN_POINT ( 'NONE',  ( 170.0000000000000284, -99.00000000000001421, -60.00000000000000000 ) ) ;
#6335 = LINE ( 'NONE', #8495, #1309 ) ;
#6336 = CARTESIAN_POINT ( 'NONE',  ( -93.19392033913517537, -246.4166049839790844, 0.000000000000000000 ) ) ;
#6337 = EDGE_CURVE ( 'NONE', #4467, #3450, #977, .T. ) ;
#6338 = ORIENTED_EDGE ( 'NONE', *, *, #4698, .T. ) ;
#6339 = ORIENTED_EDGE ( 'NONE', *, *, #1385, .T. ) ;
#6340 = VECTOR ( 'NONE', #6620, 1000.000000000000000 ) ;
#6341 = AXIS2_PLACEMENT_3D ( 'NONE', #1952, #4867, #4139 ) ;
#6342 = LINE ( 'NONE', #9278, #6644 ) ;
#6343 = DIRECTION ( 'NONE',  ( 0.000000000000000000, 0.000000000000000000, 1.000000000000000000 ) ) ;
#6344 = ORIENTED_EDGE ( 'NONE', *, *, #1187, .F. ) ;
#6345 = CARTESIAN_POINT ( 'NONE',  ( 9.486514974650873455, 181.5688740770913796, -119.3301270189222123 ) ) ;
#6346 = DIRECTION ( 'NONE',  ( 0.4999999999999985567, -0.8660254037844394848, 3.717264591378858399E-16 ) ) ;
#6347 = ADVANCED_FACE ( 'NONE', ( #7502 ), #784, .F. ) ;
#6348 = DIRECTION ( 'NONE',  ( 1.635429539641434187E-16, -2.832647054857943828E-16, 1.000000000000000000 ) ) ;
#6349 = AXIS2_PLACEMENT_3D ( 'NONE', #5747, #2101, #5026 ) ;
#6350 = EDGE_CURVE ( 'NONE', #8250, #1743, #2982, .T. ) ;
#6351 = ORIENTED_EDGE ( 'NONE', *, *, #2022, .F. ) ;
#6352 = AXIS2_PLACEMENT_3D ( 'NONE', #7097, #3446, #6293 ) ;
#6353 = EDGE_CURVE ( 'NONE', #6585, #4068, #6489, .T. ) ;
#6354 = ORIENTED_EDGE ( 'NONE', *, *, #4865, .F. ) ;
#6355 = DIRECTION ( 'NONE',  ( 1.000000000000000000, 0.000000000000000000, 0.000000000000000000 ) ) ;
#6356 = DIRECTION ( 'NONE',  ( 0.000000000000000000, 0.000000000000000000, 1.000000000000000000 ) ) ;
#6357 = CARTESIAN_POINT ( 'NONE',  ( -127.8756443470266646, 249.4871130596077364, 10.00000000000000178 ) ) ;
#6358 = AXIS2_PLACEMENT_3D ( 'NONE', #2758, #6221, #5691 ) ;
#6359 = CYLINDRICAL_SURFACE ( 'NONE', #2298, 5.500000000000005329 ) ;
#6360 = VERTEX_POINT ( 'NONE', #6825 ) ;
#6361 = DIRECTION ( 'NONE',  ( 0.000000000000000000, 0.000000000000000000, 1.000000000000000000 ) ) ;
#6362 = VECTOR ( 'NONE', #4496, 1000.000000000000114 ) ;
#6363 = DIRECTION ( 'NONE',  ( -1.000000000000000000, 0.000000000000000000, 0.000000000000000000 ) ) ;
#6364 = ORIENTED_EDGE ( 'NONE', *, *, #5172, .F. ) ;
#6365 = ADVANCED_FACE ( 'NONE', ( #3075 ), #8849, .T. ) ;
#6366 = VECTOR ( 'NONE', #2558, 1000.000000000000000 ) ;
#6367 = EDGE_CURVE ( 'NONE', #5633, #4361, #8128, .T. ) ;
#6368 = CIRCLE ( 'NONE', #4515, 5.000000000000004441 ) ;
#6369 = CARTESIAN_POINT ( 'NONE',  ( -190.7365149746329962, -132.3653347947567909, 8.000000000000028422 ) ) ;
#6370 = CARTESIAN_POINT ( 'NONE',  ( 264.5000000000000000, -29.00000000000001066, 19.49999999999997513 ) ) ;
#6371 = CARTESIAN_POINT ( 'NONE',  ( 280.0000000000000000, -99.00000000000002842, 10.00000000000000888 ) ) ;
#6372 = CARTESIAN_POINT ( 'NONE',  ( 378.2377111446261324, 0.000000000000000000, 10.00000000000000000 ) ) ;
#6373 = ORIENTED_EDGE ( 'NONE', *, *, #7357, .F. ) ;
#6374 = CARTESIAN_POINT ( 'NONE',  ( -67.07105603875555744, 144.1704767763736470, 10.00000000000000178 ) ) ;
#6375 = VECTOR ( 'NONE', #6292, 1000.000000000000000 ) ;
#6376 = VECTOR ( 'NONE', #712, 1000.000000000000000 ) ;
#6377 = AXIS2_PLACEMENT_3D ( 'NONE', #8981, #9080, #7497 ) ;
#6378 = APPLICATION_PROTOCOL_DEFINITION ( 'international standard', 'config_control_design', 1994, #9299 ) ;
#6379 = ORIENTED_EDGE ( 'NONE', *, *, #6253, .T. ) ;
#6380 = ORIENTED_EDGE ( 'NONE', *, *, #4939, .T. ) ;
#6381 = AXIS2_PLACEMENT_3D ( 'NONE', #5697, #5606, #9206 ) ;
#6382 = CARTESIAN_POINT ( 'NONE',  ( 11.98651497465088234, 177.2387470581691673, -110.6698729810778161 ) ) ;
#6383 = AXIS2_PLACEMENT_3D ( 'NONE', #8066, #128, #1778 ) ;
#6384 = LINE ( 'NONE', #1107, #8595 ) ;
#6385 = VERTEX_POINT ( 'NONE', #6011 ) ;
#6386 = CARTESIAN_POINT ( 'NONE',  ( 149.9999999999994600, -2.370561427938469024, -104.0000000000000426 ) ) ;
#6387 = DIRECTION ( 'NONE',  ( 1.000000000000000000, 0.000000000000000000, 0.000000000000000000 ) ) ;
#6388 = CYLINDRICAL_SURFACE ( 'NONE', #4375, 3.000000000000002665 ) ;
#6389 = LOCAL_TIME ( 17, 38, 52.00000000000000000, #7723 ) ;
#6390 = ORIENTED_EDGE ( 'NONE', *, *, #2606, .F. ) ;
#6391 = VERTEX_POINT ( 'NONE', #8895 ) ;
#6392 = LINE ( 'NONE', #4212, #8482 ) ;
#6393 = DIRECTION ( 'NONE',  ( 1.000000000000000000, 0.000000000000000000, 0.000000000000000000 ) ) ;
#6394 = ORIENTED_EDGE ( 'NONE', *, *, #1543, .T. ) ;
#6395 = DIRECTION ( 'NONE',  ( 0.4941902632238130977, -0.8559626445094798974, 0.1519997859837838028 ) ) ;
#6396 = LINE ( 'NONE', #6538, #4586 ) ;
#6397 = CARTESIAN_POINT ( 'NONE',  ( -216.6025403784177286, -175.1666049839791413, 10.00000000000000000 ) ) ;
#6398 = ORIENTED_EDGE ( 'NONE', *, *, #4657, .F. ) ;
#6399 = ORIENTED_EDGE ( 'NONE', *, *, #1321, .T. ) ;
#6400 = CYLINDRICAL_SURFACE ( 'NONE', #4200, 4.000000000000003553 ) ;
#6401 = DIRECTION ( 'NONE',  ( -2.220446049250312588E-16, -1.000000000000000000, 1.025445864033519699E-16 ) ) ;
#6402 = CARTESIAN_POINT ( 'NONE',  ( -75.87435565295575657, -103.4182389825404869, -127.5000000000000284 ) ) ;
#6403 = CARTESIAN_POINT ( 'NONE',  ( 209.9999999999995453, -99.00000000000001421, 8.000000000000035527 ) ) ;
#6404 = ORIENTED_EDGE ( 'NONE', *, *, #1638, .T. ) ;
#6405 = EDGE_CURVE ( 'NONE', #8941, #8469, #2203, .T. ) ;
#6406 = DIRECTION ( 'NONE',  ( -0.4999999999999992228, -0.8660254037844390407, 0.000000000000000000 ) ) ;
#6407 = EDGE_CURVE ( 'NONE', #5708, #7484, #3028, .T. ) ;
#6408 = DIRECTION ( 'NONE',  ( -0.000000000000000000, -0.000000000000000000, -1.000000000000000000 ) ) ;
#6409 = VERTEX_POINT ( 'NONE', #2312 ) ;
#6410 = DIRECTION ( 'NONE',  ( 0.8660254037844384856, 0.5000000000000002220, 0.000000000000000000 ) ) ;
#6411 = DIRECTION ( 'NONE',  ( 1.635429539641434187E-16, -2.832647054857943828E-16, 1.000000000000000000 ) ) ;
#6412 = FACE_OUTER_BOUND ( 'NONE', #8217, .T. ) ;
#6413 = CARTESIAN_POINT ( 'NONE',  ( 270.0000000000000000, -84.00000000000001421, 24.99999999999998224 ) ) ;
#6414 = EDGE_LOOP ( 'NONE', ( #6916, #8619, #7977, #7222 ) ) ;
#6415 = CARTESIAN_POINT ( 'NONE',  ( -221.4297447047231344, -310.0634665205517422, 10.00000000000000000 ) ) ;
#6416 = EDGE_CURVE ( 'NONE', #2311, #3769, #1292, .T. ) ;
#6417 = APPROVAL_STATUS ( 'not_yet_approved' ) ;
#6418 = VERTEX_POINT ( 'NONE', #2643 ) ;
#6419 = AXIS2_PLACEMENT_3D ( 'NONE', #6889, #1044, #7666 ) ;
#6420 = VERTEX_POINT ( 'NONE', #4124 ) ;
#6421 = EDGE_LOOP ( 'NONE', ( #8509, #7773, #5473, #3774 ) ) ;
#6422 = DIRECTION ( 'NONE',  ( -1.635429539641431722E-16, -2.832647054857945307E-16, 1.000000000000000000 ) ) ;
#6423 = LINE ( 'NONE', #8589, #4190 ) ;
#6424 = VECTOR ( 'NONE', #7408, 1000.000000000000000 ) ;
#6425 = EDGE_CURVE ( 'NONE', #8584, #3625, #4083, .T. ) ;
#6426 = AXIS2_PLACEMENT_3D ( 'NONE', #3178, #9282, #5724 ) ;
#6427 = VERTEX_POINT ( 'NONE', #436 ) ;
#6428 = FACE_OUTER_BOUND ( 'NONE', #3466, .T. ) ;
#6429 = DIRECTION ( 'NONE',  ( 2.220446049250312588E-16, 1.000000000000000000, -1.025445864033519699E-16 ) ) ;
#6430 = CYLINDRICAL_SURFACE ( 'NONE', #7614, 2.000000000000001776 ) ;
#6431 = VERTEX_POINT ( 'NONE', #1030 ) ;
#6432 = AXIS2_PLACEMENT_3D ( 'NONE', #580, #7065, #4258 ) ;
#6433 = CIRCLE ( 'NONE', #3970, 5.000000000000007105 ) ;
#6434 = ORIENTED_EDGE ( 'NONE', *, *, #6945, .T. ) ;
#6435 = CARTESIAN_POINT ( 'NONE',  ( 140.0000000000000568, -56.49999999999998579, 10.00000000000000533 ) ) ;
#6436 = CARTESIAN_POINT ( 'NONE',  ( 213.9999999999995453, -99.00000000000001421, -18.00000000000000355 ) ) ;
#6437 = EDGE_LOOP ( 'NONE', ( #2428, #1048, #6609, #4287 ) ) ;
#6438 = CARTESIAN_POINT ( 'NONE',  ( -205.7268960313996047, -128.3294364098945550, -18.00000000000001066 ) ) ;
#6439 = CIRCLE ( 'NONE', #909, 3.999999999999991562 ) ;
#6440 = CARTESIAN_POINT ( 'NONE',  ( -52.87564434702667882, 119.5833024919419643, -17.99999999999999645 ) ) ;
#6441 = CARTESIAN_POINT ( 'NONE',  ( -66.33974596216414454, 134.9038105676303019, -115.0000000000000426 ) ) ;
#6442 = EDGE_CURVE ( 'NONE', #9329, #3897, #5728, .T. ) ;
#6443 = VERTEX_POINT ( 'NONE', #4854 ) ;
#6444 = ORIENTED_EDGE ( 'NONE', *, *, #480, .T. ) ;
#6445 = EDGE_CURVE ( 'NONE', #5510, #6385, #7791, .T. ) ;
#6446 = LINE ( 'NONE', #9333, #8944 ) ;
#6447 = DIRECTION ( 'NONE',  ( -0.000000000000000000, -0.000000000000000000, -1.000000000000000000 ) ) ;
#6448 = AXIS2_PLACEMENT_3D ( 'NONE', #7321, #5931, #1567 ) ;
#6449 = FACE_OUTER_BOUND ( 'NONE', #8099, .T. ) ;
#6450 = ORIENTED_EDGE ( 'NONE', *, *, #6812, .T. ) ;
#6451 = FACE_OUTER_BOUND ( 'NONE', #3427, .T. ) ;
#6452 = CARTESIAN_POINT ( 'NONE',  ( -154.4865149746330246, -69.57849302038488304, -137.5000000000000000 ) ) ;
#6453 = EDGE_LOOP ( 'NONE', ( #28, #2106, #2925, #518 ) ) ;
#6454 = EDGE_CURVE ( 'NONE', #5985, #3099, #3265, .T. ) ;
#6455 = FACE_OUTER_BOUND ( 'NONE', #1968, .T. ) ;
#6456 = CARTESIAN_POINT ( 'NONE',  ( -13.01348502534901463, 220.5400172473909493, -137.5000000000000000 ) ) ;
#6457 = CARTESIAN_POINT ( 'NONE',  ( -108.1352632902600703, 245.2957701085178144, 10.00000000000000178 ) ) ;
#6458 = OPEN_SHELL ( 'NONE', ( #8838, #4299, #7594, #6074, #7633 ) ) ;
#6459 = CARTESIAN_POINT ( 'NONE',  ( -195.1188555723383615, 327.5634665204914882, 0.000000000000000000 ) ) ;
#6460 = ORIENTED_EDGE ( 'NONE', *, *, #5951, .T. ) ;
#6461 = CARTESIAN_POINT ( 'NONE',  ( -219.4865149746330246, -182.1617955123621471, 35.50000000000031974 ) ) ;
#6462 = PLANE ( 'NONE',  #7730 ) ;
#6463 = EDGE_CURVE ( 'NONE', #1732, #7568, #2555, .T. ) ;
#6464 = ORIENTED_EDGE ( 'NONE', *, *, #4601, .T. ) ;
#6465 = EDGE_LOOP ( 'NONE', ( #6478, #1997 ) ) ;
#6466 = ADVANCED_FACE ( 'NONE', ( #8409 ), #1980, .F. ) ;
#6467 = VERTEX_POINT ( 'NONE', #483 ) ;
#6468 = ADVANCED_FACE ( 'NONE', ( #3984 ), #1116, .F. ) ;
#6469 = DIRECTION ( 'NONE',  ( 0.4999999999999996669, 0.8660254037844388186, -6.308085367188379394E-16 ) ) ;
#6470 = CARTESIAN_POINT ( 'NONE',  ( 140.0000000000000284, -83.99999999999998579, 19.49999999999998224 ) ) ;
#6471 = CIRCLE ( 'NONE', #4314, 3.500000000000013323 ) ;
#6472 = ORIENTED_EDGE ( 'NONE', *, *, #3538, .F. ) ;
#6473 = LINE ( 'NONE', #1257, #77 ) ;
#6474 = CARTESIAN_POINT ( 'NONE',  ( 267.4999999999997158, -13.99999999999999822, 35.50000000000031974 ) ) ;
#6475 = CARTESIAN_POINT ( 'NONE',  ( 139.9999999999999716, -84.00000000000000000, 10.00000000000000000 ) ) ;
#6476 = ORIENTED_EDGE ( 'NONE', *, *, #8155, .F. ) ;
#6477 = EDGE_CURVE ( 'NONE', #2466, #710, #4751, .T. ) ;
#6478 = ORIENTED_EDGE ( 'NONE', *, *, #6405, .F. ) ;
#6479 = EDGE_CURVE ( 'NONE', #5766, #4310, #6342, .T. ) ;
#6480 = ORIENTED_EDGE ( 'NONE', *, *, #4220, .T. ) ;
#6481 = CYLINDRICAL_SURFACE ( 'NONE', #9107, 5.499999999999996447 ) ;
#6482 = DIRECTION ( 'NONE',  ( -3.105958772499037896E-16, -1.025445864033519576E-16, -1.000000000000000000 ) ) ;
#6483 = ORIENTED_EDGE ( 'NONE', *, *, #6087, .F. ) ;
#6484 = FACE_BOUND ( 'NONE', #612, .T. ) ;
#6485 = DIRECTION ( 'NONE',  ( 3.105958772499038389E-16, 1.025445864033519576E-16, 1.000000000000000000 ) ) ;
#6486 = DIRECTION ( 'NONE',  ( -1.635429539641431722E-16, -2.832647054857944814E-16, 1.000000000000000000 ) ) ;
#6487 = VERTEX_POINT ( 'NONE', #5631 ) ;
#6488 = VERTEX_POINT ( 'NONE', #3267 ) ;
#6489 = CIRCLE ( 'NONE', #7726, 11.00000000000001066 ) ;
#6490 = DIRECTION ( 'NONE',  ( 1.000000000000000000, 0.000000000000000000, 0.000000000000000000 ) ) ;
#6491 = CARTESIAN_POINT ( 'NONE',  ( 149.9999999999994884, -99.00000000000002842, -115.0000000000000142 ) ) ;
#6492 = DIRECTION ( 'NONE',  ( -1.000000000000000000, 0.000000000000000000, 2.168404344971006896E-16 ) ) ;
#6493 = EDGE_LOOP ( 'NONE', ( #1610, #3820, #553, #4839 ) ) ;
#6494 = CARTESIAN_POINT ( 'NONE',  ( 213.9999999999995737, -14.00000000000001243, -137.5000000000000000 ) ) ;
#6495 = CARTESIAN_POINT ( 'NONE',  ( 250.5000000000000568, 52.00000000000002132, 10.00000000000000000 ) ) ;
#6496 = VECTOR ( 'NONE', #5655, 1000.000000000000000 ) ;
#6497 = CIRCLE ( 'NONE', #5273, 2.000000000000001776 ) ;
#6498 = ORIENTED_EDGE ( 'NONE', *, *, #8635, .T. ) ;
#6499 = EDGE_CURVE ( 'NONE', #7073, #4469, #2501, .T. ) ;
#6500 = CIRCLE ( 'NONE', #2362, 5.000000000000007994 ) ;
#6501 = DIRECTION ( 'NONE',  ( -1.000000000000000000, 0.000000000000000000, 0.000000000000000000 ) ) ;
#6502 = CARTESIAN_POINT ( 'NONE',  ( 151.4999999999996305, -99.00000000000000000, 44.49999999999970868 ) ) ;
#6503 = DIRECTION ( 'NONE',  ( -1.635429539641433941E-16, 2.832647054857943335E-16, 1.000000000000000000 ) ) ;
#6504 = CARTESIAN_POINT ( 'NONE',  ( -84.52627944160238371, -124.4038105676903285, -115.0000000000000142 ) ) ;
#6505 = ORIENTED_EDGE ( 'NONE', *, *, #2024, .T. ) ;
#6506 = AXIS2_PLACEMENT_3D ( 'NONE', #4344, #572, #7963 ) ;
#6507 = PLANE ( 'NONE',  #6349 ) ;
#6508 = CARTESIAN_POINT ( 'NONE',  ( 270.0000000000000000, -29.00000000000001066, 19.49999999999997513 ) ) ;
#6509 = AXIS2_PLACEMENT_3D ( 'NONE', #7305, #729, #4412 ) ;
#6510 = VERTEX_POINT ( 'NONE', #7694 ) ;
#6511 = AXIS2_PLACEMENT_3D ( 'NONE', #5859, #5138, #5686 ) ;
#6512 = ORIENTED_EDGE ( 'NONE', *, *, #3359, .F. ) ;
#6513 = VERTEX_POINT ( 'NONE', #4031 ) ;
#6514 = DIRECTION ( 'NONE',  ( 0.000000000000000000, 0.000000000000000000, 1.000000000000000000 ) ) ;
#6515 = CIRCLE ( 'NONE', #5914, 11.00000000000001066 ) ;
#6516 = PLANE ( 'NONE',  #5072 ) ;
#6517 = CIRCLE ( 'NONE', #4209, 11.00000000000000888 ) ;
#6518 = ADVANCED_FACE ( 'NONE', ( #9085 ), #5439, .F. ) ;
#6519 = ORIENTED_EDGE ( 'NONE', *, *, #1562, .T. ) ;
#6520 = EDGE_CURVE ( 'NONE', #2975, #6409, #2507, .T. ) ;
#6521 = CARTESIAN_POINT ( 'NONE',  ( -157.3647367097224219, -214.5637193010090584, 19.49999999999997868 ) ) ;
#6522 = ADVANCED_FACE ( 'NONE', ( #9135 ), #1843, .F. ) ;
#6523 = CYLINDRICAL_SURFACE ( 'NONE', #8658, 1.999999999997809086 ) ;
#6524 = DIRECTION ( 'NONE',  ( 2.220446049250312588E-16, 1.000000000000000000, -1.025445864033519699E-16 ) ) ;
#6525 = AXIS2_PLACEMENT_3D ( 'NONE', #2291, #2386, #8199 ) ;
#6526 = VERTEX_POINT ( 'NONE', #8453 ) ;
#6527 = VECTOR ( 'NONE', #64, 1000.000000000000114 ) ;
#6528 = AXIS2_PLACEMENT_3D ( 'NONE', #3739, #5867, #1553 ) ;
#6529 = ORIENTED_EDGE ( 'NONE', *, *, #9106, .F. ) ;
#6530 = CIRCLE ( 'NONE', #5158, 2.999999999967251085 ) ;
#6531 = DIRECTION ( 'NONE',  ( 0.000000000000000000, 0.000000000000000000, 1.000000000000000000 ) ) ;
#6532 = AXIS2_PLACEMENT_3D ( 'NONE', #7887, #4131, #9235 ) ;
#6533 = CARTESIAN_POINT ( 'NONE',  ( 213.9999999999995453, -114.0000000000000142, -18.00000000000000355 ) ) ;
#6534 = EDGE_LOOP ( 'NONE', ( #6543, #2735 ) ) ;
#6535 = CARTESIAN_POINT ( 'NONE',  ( 290.0000000000000568, -109.5000000000000142, 10.00000000000000000 ) ) ;
#6536 = AXIS2_PLACEMENT_3D ( 'NONE', #991, #113, #9006 ) ;
#6537 = ADVANCED_FACE ( 'NONE', ( #2597 ), #5534, .T. ) ;
#6538 = CARTESIAN_POINT ( 'NONE',  ( 213.9999999999995453, -99.00000000000001421, 25.00000000000000000 ) ) ;
#6539 = AXIS2_PLACEMENT_3D ( 'NONE', #2487, #2336, #8300 ) ;
#6540 = PLANE ( 'NONE',  #6680 ) ;
#6541 = ORIENTED_EDGE ( 'NONE', *, *, #8359, .F. ) ;
#6542 = EDGE_CURVE ( 'NONE', #2206, #1726, #1171, .T. ) ;
#6543 = ORIENTED_EDGE ( 'NONE', *, *, #2090, .F. ) ;
#6544 = CARTESIAN_POINT ( 'NONE',  ( -116.5560796608472600, 116.8810519035827866, 0.000000000000000000 ) ) ;
#6545 = DIRECTION ( 'NONE',  ( -0.000000000000000000, -0.000000000000000000, -1.000000000000000000 ) ) ;
#6546 = DIRECTION ( 'NONE',  ( 3.105958772499037896E-16, 1.025445864033519576E-16, 1.000000000000000000 ) ) ;
#6547 = VERTEX_POINT ( 'NONE', #8787 ) ;
#6548 = CARTESIAN_POINT ( 'NONE',  ( -77.12435565295596973, -105.5833024920020051, -17.99999999999999645 ) ) ;
#6549 = DIRECTION ( 'NONE',  ( -0.8660254037844391517, -0.4999999999999992228, 7.012543237461991856E-16 ) ) ;
#6550 = VERTEX_POINT ( 'NONE', #7975 ) ;
#6551 = CARTESIAN_POINT ( 'NONE',  ( 270.0000000000000000, -56.50000000000000000, 0.000000000000000000 ) ) ;
#6552 = DIRECTION ( 'NONE',  ( -0.000000000000000000, -0.000000000000000000, -1.000000000000000000 ) ) ;
#6553 = CARTESIAN_POINT ( 'NONE',  ( -210.4961339178665867, -196.5899987426378743, 24.99999999999997158 ) ) ;
#6554 = FACE_BOUND ( 'NONE', #5745, .T. ) ;
#6555 = EDGE_LOOP ( 'NONE', ( #6434, #3689 ) ) ;
#6556 = CYLINDRICAL_SURFACE ( 'NONE', #5446, 3.500000000000013323 ) ;
#6557 = CARTESIAN_POINT ( 'NONE',  ( 280.0000000000000000, -14.00000000000001243, -17.99999999999999645 ) ) ;
#6558 = CARTESIAN_POINT ( 'NONE',  ( -93.19392033913517537, -246.4166049839790844, 10.00000000000000000 ) ) ;
#6559 = ORIENTED_EDGE ( 'NONE', *, *, #421, .T. ) ;
#6560 = VERTEX_POINT ( 'NONE', #4359 ) ;
#6561 = EDGE_LOOP ( 'NONE', ( #3590, #8497 ) ) ;
#6562 = ADVANCED_FACE ( 'NONE', ( #1311 ), #7929, .F. ) ;
#6563 = DIRECTION ( 'NONE',  ( -0.000000000000000000, -0.000000000000000000, -1.000000000000000000 ) ) ;
#6564 = DIRECTION ( 'NONE',  ( 0.8660254037844387076, 0.4999999999999998890, 0.000000000000000000 ) ) ;
#6565 = ORIENTED_EDGE ( 'NONE', *, *, #8365, .F. ) ;
#6566 = CYLINDRICAL_SURFACE ( 'NONE', #7293, 3.000000000017002844 ) ;
#6567 = PLANE ( 'NONE',  #5597 ) ;
#6568 = LINE ( 'NONE', #2966, #8224 ) ;
#6569 = ORIENTED_EDGE ( 'NONE', *, *, #9055, .T. ) ;
#6570 = CC_DESIGN_PERSON_AND_ORGANIZATION_ASSIGNMENT ( #3393, #7141, ( #1648 ) ) ;
#6571 = ORIENTED_EDGE ( 'NONE', *, *, #1119, .T. ) ;
#6572 = ADVANCED_FACE ( 'NONE', ( #8700 ), #6481, .F. ) ;
#6573 = AXIS2_PLACEMENT_3D ( 'NONE', #3268, #978, #5391 ) ;
#6575 = AXIS2_PLACEMENT_3D ( 'NONE', #3370, #981, #3893 ) ;
#6574 = DIRECTION ( 'NONE',  ( 0.000000000000000000, 1.000000000000000000, 0.000000000000000000 ) ) ;
#6576 = ORIENTED_EDGE ( 'NONE', *, *, #669, .T. ) ;
#6577 = CARTESIAN_POINT ( 'NONE',  ( -145.4961339178667288, -84.00669625066088031, 19.49999999999997868 ) ) ;
#6578 = CARTESIAN_POINT ( 'NONE',  ( -75.87435565295575657, -103.4182389825404869, -127.5000000000000284 ) ) ;
#6579 = ORIENTED_EDGE ( 'NONE', *, *, #742, .F. ) ;
#6580 = DIRECTION ( 'NONE',  ( 2.220446049250312588E-16, 1.000000000000000000, -1.025445864033519699E-16 ) ) ;
#6581 = DIRECTION ( 'NONE',  ( -0.000000000000000000, -0.000000000000000000, -1.000000000000000000 ) ) ;
#6582 = CARTESIAN_POINT ( 'NONE',  ( -145.8743556529556997, -224.6617955123620902, 35.50000000000031974 ) ) ;
#6583 = CIRCLE ( 'NONE', #1384, 2.999999999999947153 ) ;
#6584 = CIRCLE ( 'NONE', #755, 3.500000000000003109 ) ;
#6585 = VERTEX_POINT ( 'NONE', #1355 ) ;
#6586 = ORIENTED_EDGE ( 'NONE', *, *, #852, .F. ) ;
#6587 = EDGE_CURVE ( 'NONE', #815, #9452, #6392, .T. ) ;
#6589 = DIRECTION ( 'NONE',  ( 1.635429539641431969E-16, 2.832647054857945307E-16, 1.000000000000000000 ) ) ;
#6588 = VECTOR ( 'NONE', #4844, 1000.000000000000000 ) ;
#6590 = DIRECTION ( 'NONE',  ( -0.8660254037844384856, -0.5000000000000001110, 0.000000000000000000 ) ) ;
#6591 = CIRCLE ( 'NONE', #4592, 5.500000000000005329 ) ;
#6592 = DIRECTION ( 'NONE',  ( 1.635429539641431969E-16, 2.832647054857945307E-16, 1.000000000000000000 ) ) ;
#6593 = ORIENTED_EDGE ( 'NONE', *, *, #8462, .T. ) ;
#6594 = PLANE ( 'NONE',  #525 ) ;
#6595 = CARTESIAN_POINT ( 'NONE',  ( 139.9999999999999716, -84.00000000000000000, 10.00000000000000000 ) ) ;
#6596 = ORIENTED_EDGE ( 'NONE', *, *, #1656, .T. ) ;
#6597 = AXIS2_PLACEMENT_3D ( 'NONE', #8034, #5788, #595 ) ;
#6598 = EDGE_CURVE ( 'NONE', #1806, #5221, #7878, .T. ) ;
#6599 = FACE_BOUND ( 'NONE', #6893, .T. ) ;
#6600 = DIRECTION ( 'NONE',  ( 0.3535533905932757293, -0.6123724356957980230, -0.7071067811865435759 ) ) ;
#6601 = CYLINDRICAL_SURFACE ( 'NONE', #1630, 4.999999999999998224 ) ;
#6602 = CARTESIAN_POINT ( 'NONE',  ( 0.9961339178840187270, 166.2746454430319432, 10.00000000000000178 ) ) ;
#6603 = VERTEX_POINT ( 'NONE', #9323 ) ;
#6604 = DIRECTION ( 'NONE',  ( -0.8660254037844391517, -0.4999999999999992228, 7.012543237461991856E-16 ) ) ;
#6605 = PLANE ( 'NONE',  #9203 ) ;
#6606 = AXIS2_PLACEMENT_3D ( 'NONE', #30, #5945, #7385 ) ;
#6607 = ORIENTED_EDGE ( 'NONE', *, *, #8070, .T. ) ;
#6608 = VERTEX_POINT ( 'NONE', #2928 ) ;
#6609 = ORIENTED_EDGE ( 'NONE', *, *, #1547, .F. ) ;
#6610 = DIRECTION ( 'NONE',  ( -2.220446049250312588E-16, -1.000000000000000000, 1.025445864033519699E-16 ) ) ;
#6611 = DIRECTION ( 'NONE',  ( 0.4999999999999985567, 0.8660254037844394848, 0.000000000000000000 ) ) ;
#6612 = ORIENTED_EDGE ( 'NONE', *, *, #9415, .F. ) ;
#6613 = CARTESIAN_POINT ( 'NONE',  ( -160.8079664398827333, 345.0634665204915450, 10.00000000000000000 ) ) ;
#6614 = DIRECTION ( 'NONE',  ( -1.000000000000000000, 0.000000000000000000, 0.000000000000000000 ) ) ;
#6615 = DIRECTION ( 'NONE',  ( -0.8660254037844391517, -0.4999999999999992228, 7.012543237461991856E-16 ) ) ;
#6616 = ORIENTED_EDGE ( 'NONE', *, *, #6040, .T. ) ;
#6617 = VERTEX_POINT ( 'NONE', #7837 ) ;
#6618 = CARTESIAN_POINT ( 'NONE',  ( -226.8525403784177286, -192.9201257615600866, 0.000000000000000000 ) ) ;
#6619 = ORIENTED_EDGE ( 'NONE', *, *, #7525, .F. ) ;
#6620 = DIRECTION ( 'NONE',  ( -2.220446049250312588E-16, -1.000000000000000000, 1.025445864033519699E-16 ) ) ;
#6621 = DIRECTION ( 'NONE',  ( -0.4941902632238117654, 0.8559626445094806746, -0.1519997859837829701 ) ) ;
#6622 = ORIENTED_EDGE ( 'NONE', *, *, #2159, .T. ) ;
#6623 = DIRECTION ( 'NONE',  ( -1.000000000000000000, 0.000000000000000000, 0.000000000000000000 ) ) ;
#6624 = CARTESIAN_POINT ( 'NONE',  ( 1.029127839489753446E-13, -460.9999999999998863, 0.000000000000000000 ) ) ;
#6625 = CARTESIAN_POINT ( 'NONE',  ( -8.273103968582558920, 242.3294364098343863, -18.00000000000001066 ) ) ;
#6626 = EDGE_CURVE ( 'NONE', #5989, #1307, #7247, .T. ) ;
#6627 = ORIENTED_EDGE ( 'NONE', *, *, #3536, .F. ) ;
#6628 = ORIENTED_EDGE ( 'NONE', *, *, #4817, .F. ) ;
#6629 = DIRECTION ( 'NONE',  ( -0.8660254037844345998, -0.5000000000000069944, 0.000000000000000000 ) ) ;
#6630 = CARTESIAN_POINT ( 'NONE',  ( 139.9999999999999716, -56.50000000000000000, 0.000000000000000000 ) ) ;
#6631 = EDGE_CURVE ( 'NONE', #3497, #4933, #2807, .T. ) ;
#6632 = DIRECTION ( 'NONE',  ( 0.8660254037844391517, -0.4999999999999992784, 0.000000000000000000 ) ) ;
#6633 = ORIENTED_EDGE ( 'NONE', *, *, #4641, .F. ) ;
#6634 = CARTESIAN_POINT ( 'NONE',  ( -160.1147367097225640, -219.3268590218235659, 10.00000000000000000 ) ) ;
#6635 = DIRECTION ( 'NONE',  ( 1.635429539641433941E-16, -2.832647054857943335E-16, 1.000000000000000000 ) ) ;
#6636 = EDGE_CURVE ( 'NONE', #8821, #2692, #8175, .T. ) ;
#6637 = ADVANCED_FACE ( 'NONE', ( #1449, #9372 ), #5090, .F. ) ;
#6638 = EDGE_CURVE ( 'NONE', #177, #9153, #1402, .T. ) ;
#6639 = ORIENTED_EDGE ( 'NONE', *, *, #1866, .T. ) ;
#6640 = DIRECTION ( 'NONE',  ( 1.000000000000000000, 0.000000000000000000, 0.000000000000000000 ) ) ;
#6641 = CARTESIAN_POINT ( 'NONE',  ( -83.66025403781794978, -124.9038105676903285, -126.0000000000000284 ) ) ;
#6642 = CARTESIAN_POINT ( 'NONE',  ( 151.4999999999996305, -13.99999999999998401, 44.49999999999970157 ) ) ;
#6643 = CARTESIAN_POINT ( 'NONE',  ( -207.7461339178665867, -191.8268590218234806, -3.000000000000030198 ) ) ;
#6644 = VECTOR ( 'NONE', #7020, 1000.000000000000114 ) ;
#6645 = CARTESIAN_POINT ( 'NONE',  ( -208.2268960313996047, -132.6595634288167389, -18.00000000000001066 ) ) ;
#6646 = ORIENTED_EDGE ( 'NONE', *, *, #594, .F. ) ;
#6647 = CARTESIAN_POINT ( 'NONE',  ( -54.26348502534936813, 291.9871130596077933, -17.99999999999999645 ) ) ;
#6648 = FACE_OUTER_BOUND ( 'NONE', #5923, .T. ) ;
#6649 = EDGE_CURVE ( 'NONE', #4315, #492, #3874, .T. ) ;
#6650 = EDGE_CURVE ( 'NONE', #2116, #2706, #2786, .T. ) ;
#6651 = ORIENTED_EDGE ( 'NONE', *, *, #50, .T. ) ;
#6652 = EDGE_CURVE ( 'NONE', #6186, #4171, #4647, .T. ) ;
#6653 = VECTOR ( 'NONE', #3713, 1000.000000000000000 ) ;
#6654 = EDGE_LOOP ( 'NONE', ( #4878, #4316, #7236, #8636 ) ) ;
#6655 = VECTOR ( 'NONE', #8447, 999.9999999999998863 ) ;
#6656 = DIRECTION ( 'NONE',  ( 1.000000000000000000, 0.000000000000000000, 0.000000000000000000 ) ) ;
#6657 = CIRCLE ( 'NONE', #7892, 5.999999999981048049 ) ;
#6658 = CARTESIAN_POINT ( 'NONE',  ( -63.62564434702648697, 138.2028486733070736, 44.49999999999970157 ) ) ;
#6659 = DIRECTION ( 'NONE',  ( 0.000000000000000000, 0.000000000000000000, 1.000000000000000000 ) ) ;
#6660 = VECTOR ( 'NONE', #6406, 1000.000000000000114 ) ;
#6661 = VERTEX_POINT ( 'NONE', #5720 ) ;
#6662 = CARTESIAN_POINT ( 'NONE',  ( -62.25386608211591977, 275.8268590217633687, 19.49999999999997513 ) ) ;
#6663 = AXIS2_PLACEMENT_3D ( 'NONE', #2674, #3297, #462 ) ;
#6664 = DIRECTION ( 'NONE',  ( -1.000000000000000000, 0.000000000000000000, 0.000000000000000000 ) ) ;
#6665 = CARTESIAN_POINT ( 'NONE',  ( -142.7461339178667288, -79.24355652984647236, -3.000000000000030198 ) ) ;
#6666 = ORIENTED_EDGE ( 'NONE', *, *, #3949, .F. ) ;
#6667 = VECTOR ( 'NONE', #776, 1000.000000000000000 ) ;
#6668 = EDGE_LOOP ( 'NONE', ( #1508, #1682, #6394, #5447 ) ) ;
#6669 = VECTOR ( 'NONE', #7443, 1000.000000000000000 ) ;
#6670 = CARTESIAN_POINT ( 'NONE',  ( 290.0000000000000568, -130.5000000000000000, 0.000000000000000000 ) ) ;
#6671 = DIRECTION ( 'NONE',  ( -2.220446049250312588E-16, -1.000000000000000000, 1.025445864033519699E-16 ) ) ;
#6672 = DIRECTION ( 'NONE',  ( -2.220446049250312588E-16, -1.000000000000000000, 1.025445864033519699E-16 ) ) ;
#6673 = VERTEX_POINT ( 'NONE', #3591 ) ;
#6674 = CARTESIAN_POINT ( 'NONE',  ( -62.87564434702643013, 136.9038105676303019, -115.0000000000000142 ) ) ;
#6675 = DIRECTION ( 'NONE',  ( 1.000000000000000000, 0.000000000000000000, 0.000000000000000000 ) ) ;
#6676 = CIRCLE ( 'NONE', #4518, 2.000000000016738610 ) ;
#6677 = LINE ( 'NONE', #2978, #7767 ) ;
#6678 = VECTOR ( 'NONE', #2775, 1000.000000000000000 ) ;
#6679 = EDGE_LOOP ( 'NONE', ( #6354, #1794 ) ) ;
#6680 = AXIS2_PLACEMENT_3D ( 'NONE', #6582, #4313, #7252 ) ;
#6681 = ORIENTED_EDGE ( 'NONE', *, *, #3240, .F. ) ;
#6682 = ORIENTED_EDGE ( 'NONE', *, *, #8912, .T. ) ;
#6683 = CIRCLE ( 'NONE', #3602, 9.500000000000008882 ) ;
#6684 = AXIS2_PLACEMENT_3D ( 'NONE', #649, #2949, #1337 ) ;
#6685 = FACE_OUTER_BOUND ( 'NONE', #4307, .T. ) ;
#6686 = CIRCLE ( 'NONE', #400, 3.500000000000003109 ) ;
#6687 = EDGE_CURVE ( 'NONE', #6487, #5281, #9468, .T. ) ;
#6688 = DIRECTION ( 'NONE',  ( 1.000000000000000000, -2.220446049250312588E-16, 1.649003067838320811E-17 ) ) ;
#6689 = ORIENTED_EDGE ( 'NONE', *, *, #2596, .T. ) ;
#6690 = FACE_BOUND ( 'NONE', #8260, .T. ) ;
#6691 = AXIS2_PLACEMENT_3D ( 'NONE', #940, #7616, #7706 ) ;
#6692 = CARTESIAN_POINT ( 'NONE',  ( -50.17021828561271235, 305.8973670974521042, 10.00000000000000000 ) ) ;
#6693 = EDGE_LOOP ( 'NONE', ( #3660, #5405 ) ) ;
#6694 = DIRECTION ( 'NONE',  ( -1.000000000000000000, 2.220446049250312588E-16, -1.649003067838320811E-17 ) ) ;
#6695 = DIRECTION ( 'NONE',  ( 0.3535533905932726761, 0.6123724356957938042, -0.7071067811865486830 ) ) ;
#6696 = EDGE_CURVE ( 'NONE', #8153, #4508, #9420, .T. ) ;
#6697 = DIRECTION ( 'NONE',  ( -0.8660254037844391517, -0.4999999999999992228, 7.012543237461991856E-16 ) ) ;
#6698 = ADVANCED_FACE ( 'NONE', ( #2835, #2118, #5041, #7881 ), #918, .T. ) ;
#6699 = CARTESIAN_POINT ( 'NONE',  ( -59.25386608214811446, 275.8268590217634255, 10.00000000000000000 ) ) ;
#6700 = DIRECTION ( 'NONE',  ( -0.5000000000000008882, 0.8660254037844380415, 0.000000000000000000 ) ) ;
#6701 = EDGE_LOOP ( 'NONE', ( #2499, #6890, #3733, #157 ) ) ;
#6702 = DIRECTION ( 'NONE',  ( -0.8660254037844391517, 0.4999999999999992784, 0.000000000000000000 ) ) ;
#6703 = CARTESIAN_POINT ( 'NONE',  ( 140.0000000000000568, -28.99999999999998579, 10.00000000000000178 ) ) ;
#6704 = VERTEX_POINT ( 'NONE', #1548 ) ;
#6705 = LINE ( 'NONE', #8194, #6758 ) ;
#6706 = EDGE_CURVE ( 'NONE', #4513, #5647, #5425, .T. ) ;
#6707 = CARTESIAN_POINT ( 'NONE',  ( 0.7365149746506073347, 196.7243186433195206, -60.00000000000000711 ) ) ;
#6708 = DIRECTION ( 'NONE',  ( 0.8660254037844389297, -0.4999999999999993894, 0.000000000000000000 ) ) ;
#6709 = EDGE_CURVE ( 'NONE', #3886, #8911, #5233, .T. ) ;
#6710 = ORIENTED_EDGE ( 'NONE', *, *, #1721, .T. ) ;
#6711 = DIRECTION ( 'NONE',  ( -0.8660254037844387076, -0.4999999999999998890, 7.703719777548943412E-34 ) ) ;
#6712 = DIRECTION ( 'NONE',  ( -0.000000000000000000, -0.000000000000000000, -1.000000000000000000 ) ) ;
#6713 = ORIENTED_EDGE ( 'NONE', *, *, #6715, .F. ) ;
#6714 = EDGE_LOOP ( 'NONE', ( #1389, #9475, #2254, #5869 ) ) ;
#6715 = EDGE_CURVE ( 'NONE', #1743, #8683, #3830, .T. ) ;
#6716 = CARTESIAN_POINT ( 'NONE',  ( -158.8079664398314605, -345.0634665205517422, 10.00000000000000000 ) ) ;
#6717 = VERTEX_POINT ( 'NONE', #38 ) ;
#6718 = CARTESIAN_POINT ( 'NONE',  ( 149.9999999999995168, -13.99999999999999822, -115.0000000000000284 ) ) ;
#6719 = DIRECTION ( 'NONE',  ( -0.000000000000000000, -0.000000000000000000, -1.000000000000000000 ) ) ;
#6720 = ORIENTED_EDGE ( 'NONE', *, *, #2717, .T. ) ;
#6721 = DIRECTION ( 'NONE',  ( 0.000000000000000000, 0.000000000000000000, 1.000000000000000000 ) ) ;
#6722 = CARTESIAN_POINT ( 'NONE',  ( 149.9999999999994600, -2.370561427938470356, -115.0000000000000284 ) ) ;
#6723 = DIRECTION ( 'NONE',  ( 0.000000000000000000, 0.000000000000000000, 1.000000000000000000 ) ) ;
#6724 = ORIENTED_EDGE ( 'NONE', *, *, #6298, .T. ) ;
#6725 = ORIENTED_EDGE ( 'NONE', *, *, #8304, .T. ) ;
#6726 = VECTOR ( 'NONE', #7804, 1000.000000000000000 ) ;
#6727 = VERTEX_POINT ( 'NONE', #8117 ) ;
#6728 = DIRECTION ( 'NONE',  ( -0.5000000000000004441, -0.8660254037844384856, 0.000000000000000000 ) ) ;
#6729 = CARTESIAN_POINT ( 'NONE',  ( -97.86473670972256400, -111.5066962506608235, 19.49999999999997868 ) ) ;
#6730 = ORIENTED_EDGE ( 'NONE', *, *, #7183, .F. ) ;
#6731 = CARTESIAN_POINT ( 'NONE',  ( -194.7365149746330246, -139.2935380250322623, 8.000000000000028422 ) ) ;
#6732 = VECTOR ( 'NONE', #2598, 1000.000000000000114 ) ;
#6733 = VECTOR ( 'NONE', #2559, 1000.000000000000000 ) ;
#6734 = FACE_BOUND ( 'NONE', #2658, .T. ) ;
#6735 = EDGE_LOOP ( 'NONE', ( #2518, #137 ) ) ;
#6736 = AXIS2_PLACEMENT_3D ( 'NONE', #8882, #3735, #1018 ) ;
#6737 = DIRECTION ( 'NONE',  ( 1.000000000000000000, 0.000000000000000000, 0.000000000000000000 ) ) ;
#6738 = DIRECTION ( 'NONE',  ( 0.000000000000000000, 0.000000000000000000, 1.000000000000000000 ) ) ;
#6739 = DIRECTION ( 'NONE',  ( 1.000000000000000000, 0.000000000000000000, 0.000000000000000000 ) ) ;
#6740 = LINE ( 'NONE', #6843, #1183 ) ;
#6741 = LINE ( 'NONE', #7473, #292 ) ;
#6742 = EDGE_LOOP ( 'NONE', ( #1596, #2196 ) ) ;
#6743 = DIRECTION ( 'NONE',  ( -0.000000000000000000, -0.000000000000000000, -1.000000000000000000 ) ) ;
#6744 = CARTESIAN_POINT ( 'NONE',  ( 130.0000000000000000, -99.00000000000000000, -17.99999999999998934 ) ) ;
#6745 = CIRCLE ( 'NONE', #7206, 9.500000000000008882 ) ;
#6746 = AXIS2_PLACEMENT_3D ( 'NONE', #4646, #7585, #3208 ) ;
#6747 = CIRCLE ( 'NONE', #9189, 5.500000000000008882 ) ;
#6748 = EDGE_CURVE ( 'NONE', #2329, #2029, #5909, .T. ) ;
#6749 = EDGE_CURVE ( 'NONE', #2116, #3382, #4794, .T. ) ;
#6750 = ORIENTED_EDGE ( 'NONE', *, *, #8986, .T. ) ;
#6751 = VERTEX_POINT ( 'NONE', #6045 ) ;
#6752 = FACE_OUTER_BOUND ( 'NONE', #4115, .T. ) ;
#6753 = DIRECTION ( 'NONE',  ( 2.147441422185896082E-16, -1.025445864033520808E-16, -1.000000000000000000 ) ) ;
#6754 = VERTEX_POINT ( 'NONE', #8975 ) ;
#6755 = DIRECTION ( 'NONE',  ( 1.635429539641433941E-16, -2.832647054857943335E-16, 1.000000000000000000 ) ) ;
#6756 = DIRECTION ( 'NONE',  ( -1.000000000000000000, 0.000000000000000000, 0.000000000000000000 ) ) ;
#6757 = EDGE_CURVE ( 'NONE', #4872, #5934, #8026, .T. ) ;
#6758 = VECTOR ( 'NONE', #8335, 1000.000000000000000 ) ;
#6759 = VERTEX_POINT ( 'NONE', #5331 ) ;
#6760 = ADVANCED_FACE ( 'NONE', ( #8208, #2973 ), #1643, .F. ) ;
#6761 = EDGE_LOOP ( 'NONE', ( #1762, #3527 ) ) ;
#6762 = CARTESIAN_POINT ( 'NONE',  ( 149.9999999999994600, -13.99999999999999467, -120.0000000000000426 ) ) ;
#6763 = EDGE_LOOP ( 'NONE', ( #5076, #9434 ) ) ;
#6764 = DIRECTION ( 'NONE',  ( 3.105958772499037896E-16, 1.025445864033519576E-16, 1.000000000000000000 ) ) ;
#6765 = AXIS2_PLACEMENT_3D ( 'NONE', #6995, #412, #3340 ) ;
#6766 = FACE_OUTER_BOUND ( 'NONE', #6957, .T. ) ;
#6767 = ORIENTED_EDGE ( 'NONE', *, *, #3068, .F. ) ;
#6768 = CARTESIAN_POINT ( 'NONE',  ( -86.06956468618797373, 262.0768590217633687, 10.00000000000000000 ) ) ;
#6769 = LINE ( 'NONE', #8163, #9115 ) ;
#6770 = CARTESIAN_POINT ( 'NONE',  ( -8.273103968582558920, 242.3294364098343863, 8.000000000000028422 ) ) ;
#6772 = ORIENTED_EDGE ( 'NONE', *, *, #8101, .F. ) ;
#6771 = ADVANCED_FACE ( 'NONE', ( #1588 ), #4605, .T. ) ;
#6773 = ORIENTED_EDGE ( 'NONE', *, *, #7949, .T. ) ;
#6774 = EDGE_CURVE ( 'NONE', #1888, #3855, #3019, .T. ) ;
#6775 = EDGE_LOOP ( 'NONE', ( #6476, #5718, #4342, #2724 ) ) ;
#6776 = DIRECTION ( 'NONE',  ( -2.220446049250312588E-16, -1.000000000000000000, 1.025445864033519699E-16 ) ) ;
#6777 = PLANE ( 'NONE',  #7189 ) ;
#6778 = EDGE_LOOP ( 'NONE', ( #7095, #8660 ) ) ;
#6779 = LINE ( 'NONE', #2315, #71 ) ;
#6780 = DIRECTION ( 'NONE',  ( -0.000000000000000000, -0.000000000000000000, -1.000000000000000000 ) ) ;
#6781 = CARTESIAN_POINT ( 'NONE',  ( 149.9999999999994884, -99.00000000000002842, -115.0000000000000142 ) ) ;
#6782 = VERTEX_POINT ( 'NONE', #230 ) ;
#6783 = FACE_OUTER_BOUND ( 'NONE', #5060, .T. ) ;
#6784 = CARTESIAN_POINT ( 'NONE',  ( -189.1188555723217632, 327.5634665204914882, 10.00000000000000000 ) ) ;
#6785 = DIRECTION ( 'NONE',  ( -1.000000000000000000, 0.000000000000000000, 0.000000000000000000 ) ) ;
#6786 = DIRECTION ( 'NONE',  ( 0.000000000000000000, 0.000000000000000000, 1.000000000000000000 ) ) ;
#6787 = CARTESIAN_POINT ( 'NONE',  ( -158.2365149746330246, -76.07368354876822991, -115.0000000000000142 ) ) ;
#6788 = ORIENTED_EDGE ( 'NONE', *, *, #8206, .F. ) ;
#6789 = CARTESIAN_POINT ( 'NONE',  ( -171.5560796608473311, 195.6893636479667009, 0.000000000000000000 ) ) ;
#6790 = DIRECTION ( 'NONE',  ( 0.000000000000000000, 0.000000000000000000, 1.000000000000000000 ) ) ;
#6791 = ORIENTED_EDGE ( 'NONE', *, *, #4588, .T. ) ;
#6792 = CIRCLE ( 'NONE', #2662, 11.00000000000000000 ) ;
#6793 = DIRECTION ( 'NONE',  ( -0.8660254037844391517, 0.4999999999999992784, 0.000000000000000000 ) ) ;
#6794 = VECTOR ( 'NONE', #3791, 1000.000000000000000 ) ;
#6795 = DIRECTION ( 'NONE',  ( 2.220446049250312588E-16, 1.000000000000000000, -1.025445864033519699E-16 ) ) ;
#6796 = CARTESIAN_POINT ( 'NONE',  ( -118.9304353137946606, -92.99355652984644394, 10.00000000000000178 ) ) ;
#6797 = ADVANCED_FACE ( 'NONE', ( #4459 ), #2212, .F. ) ;
#6798 = ORIENTED_EDGE ( 'NONE', *, *, #8413, .T. ) ;
#6799 = DIRECTION ( 'NONE',  ( 0.000000000000000000, 0.000000000000000000, 1.000000000000000000 ) ) ;
#6800 = VECTOR ( 'NONE', #605, 1000.000000000000000 ) ;
#6801 = CARTESIAN_POINT ( 'NONE',  ( 213.0000000000000853, -13.99999999999999822, -17.00000000000049027 ) ) ;
#6802 = AXIS2_PLACEMENT_3D ( 'NONE', #3880, #6817, #4789 ) ;
#6803 = ADVANCED_FACE ( 'NONE', ( #5139 ), #4409, .F. ) ;
#6804 = ORIENTED_EDGE ( 'NONE', *, *, #9038, .T. ) ;
#6805 = EDGE_LOOP ( 'NONE', ( #6965, #979, #2040, #8257 ) ) ;
#6806 = DIRECTION ( 'NONE',  ( -1.000000000000000000, 0.000000000000000000, 0.000000000000000000 ) ) ;
#6807 = EDGE_CURVE ( 'NONE', #7453, #781, #8840, .T. ) ;
#6809 = EDGE_CURVE ( 'NONE', #4202, #897, #208, .T. ) ;
#6808 = CARTESIAN_POINT ( 'NONE',  ( -219.4297447047422054, -310.0634665205517422, 0.000000000000000000 ) ) ;
#6810 = AXIS2_PLACEMENT_3D ( 'NONE', #7561, #3901, #4434 ) ;
#6811 = VERTEX_POINT ( 'NONE', #3734 ) ;
#6812 = EDGE_CURVE ( 'NONE', #3631, #8615, #1760, .T. ) ;
#6813 = DIRECTION ( 'NONE',  ( 0.000000000000000000, 0.000000000000000000, -1.000000000000000000 ) ) ;
#6814 = DIRECTION ( 'NONE',  ( 1.000000000000000000, 0.000000000000000000, 0.000000000000000000 ) ) ;
#6815 = ORIENTED_EDGE ( 'NONE', *, *, #4482, .T. ) ;
#6816 = CARTESIAN_POINT ( 'NONE',  ( 149.9999999999994600, -2.370561427938471688, -126.0000000000000284 ) ) ;
#6817 = DIRECTION ( 'NONE',  ( -0.000000000000000000, -0.000000000000000000, -1.000000000000000000 ) ) ;
#6818 = CARTESIAN_POINT ( 'NONE',  ( -19.53143421778025868, 235.8294364098344147, -18.00000000000001421 ) ) ;
#6819 = ORIENTED_EDGE ( 'NONE', *, *, #1897, .F. ) ;
#6820 = AXIS2_PLACEMENT_3D ( 'NONE', #9233, #6971, #6921 ) ;
#6821 = ORIENTED_EDGE ( 'NONE', *, *, #9359, .F. ) ;
#6822 = CIRCLE ( 'NONE', #6975, 5.000000000000004441 ) ;
#6823 = VERTEX_POINT ( 'NONE', #5282 ) ;
#6824 = EDGE_CURVE ( 'NONE', #6385, #2494, #2209, .T. ) ;
#6825 = CARTESIAN_POINT ( 'NONE',  ( 6.541103282921733708, 186.6704767763736754, 10.00000000000000178 ) ) ;
#6826 = VECTOR ( 'NONE', #475, 1000.000000000000000 ) ;
#6827 = CARTESIAN_POINT ( 'NONE',  ( 272.0000000000000000, -56.50000000000002132, 10.00000000000000533 ) ) ;
#6828 = VERTEX_POINT ( 'NONE', #8626 ) ;
#6829 = DIRECTION ( 'NONE',  ( 0.000000000000000000, 0.000000000000000000, 1.000000000000000000 ) ) ;
#6830 = VECTOR ( 'NONE', #1392, 1000.000000000000000 ) ;
#6831 = LINE ( 'NONE', #2462, #5513 ) ;
#6832 = VECTOR ( 'NONE', #8358, 1000.000000000000000 ) ;
#6833 = FACE_OUTER_BOUND ( 'NONE', #8937, .T. ) ;
#6834 = ORIENTED_EDGE ( 'NONE', *, *, #959, .F. ) ;
#6835 = VECTOR ( 'NONE', #6711, 1000.000000000000000 ) ;
#6836 = VERTEX_POINT ( 'NONE', #6415 ) ;
#6837 = AXIS2_PLACEMENT_3D ( 'NONE', #1820, #2331, #4545 ) ;
#6838 = DIRECTION ( 'NONE',  ( 0.8660254037844395958, -0.4999999999999985567, 0.000000000000000000 ) ) ;
#6839 = AXIS2_PLACEMENT_3D ( 'NONE', #5855, #8832, #8693 ) ;
#6840 = CARTESIAN_POINT ( 'NONE',  ( -189.1188555723217632, 327.5634665204914882, 10.00000000000000000 ) ) ;
#6841 = DIRECTION ( 'NONE',  ( 0.000000000000000000, 0.000000000000000000, 1.000000000000000000 ) ) ;
#6842 = EDGE_CURVE ( 'NONE', #6727, #5889, #7421, .T. ) ;
#6843 = CARTESIAN_POINT ( 'NONE',  ( 280.5000000000000000, -100.0000000000000284, 10.00000000000000000 ) ) ;
#6844 = LINE ( 'NONE', #2473, #3979 ) ;
#6845 = ORIENTED_EDGE ( 'NONE', *, *, #7068, .T. ) ;
#6846 = FACE_OUTER_BOUND ( 'NONE', #1353, .T. ) ;
#6847 = VECTOR ( 'NONE', #4955, 1000.000000000000000 ) ;
#6848 = FACE_OUTER_BOUND ( 'NONE', #4242, .T. ) ;
#6849 = ORIENTED_EDGE ( 'NONE', *, *, #8462, .F. ) ;
#6850 = ORIENTED_EDGE ( 'NONE', *, *, #6842, .T. ) ;
#6851 = CARTESIAN_POINT ( 'NONE',  ( -59.50386608211592687, 271.0637193009488897, 24.99999999999997868 ) ) ;
#6852 = CARTESIAN_POINT ( 'NONE',  ( 159.5000000000000000, 52.00000000000000711, 0.000000000000000000 ) ) ;
#6853 = EDGE_CURVE ( 'NONE', #3909, #3753, #5435, .T. ) ;
#6854 = ORIENTED_EDGE ( 'NONE', *, *, #7584, .F. ) ;
#6855 = DIRECTION ( 'NONE',  ( 0.8660254037844387076, 0.4999999999999998890, -7.703719777548943412E-34 ) ) ;
#6856 = EDGE_CURVE ( 'NONE', #6427, #5763, #4104, .T. ) ;
#6857 = CARTESIAN_POINT ( 'NONE',  ( -161.4865149746330815, -81.70284867336715706, 44.49999999999970157 ) ) ;
#6858 = EDGE_CURVE ( 'NONE', #6526, #5586, #3528, .T. ) ;
#6859 = EDGE_LOOP ( 'NONE', ( #3655, #6639, #5543, #9098 ) ) ;
#6860 = EDGE_LOOP ( 'NONE', ( #9407, #875, #334, #3217 ) ) ;
#6861 = EDGE_CURVE ( 'NONE', #6328, #6084, #8035, .T. ) ;
#6862 = CARTESIAN_POINT ( 'NONE',  ( -195.1188555722679041, -327.5634665205517422, 0.000000000000000000 ) ) ;
#6863 = CARTESIAN_POINT ( 'NONE',  ( -60.03762766291777808, 125.9882214780260199, -113.3280023541784374 ) ) ;
#6864 = CYLINDRICAL_SURFACE ( 'NONE', #3818, 11.00000000000000355 ) ;
#6865 = ORIENTED_EDGE ( 'NONE', *, *, #8717, .T. ) ;
#6866 = LINE ( 'NONE', #1883, #8059 ) ;
#6867 = CARTESIAN_POINT ( 'NONE',  ( 149.9999999999994884, -101.0000000000000284, -115.0000000000000142 ) ) ;
#6868 = CARTESIAN_POINT ( 'NONE',  ( -119.1243556529556713, -178.3294364098944698, 10.00000000000000178 ) ) ;
#6869 = VERTEX_POINT ( 'NONE', #7774 ) ;
#6870 = ADVANCED_FACE ( 'NONE', ( #2444 ), #1736, .F. ) ;
#6871 = EDGE_LOOP ( 'NONE', ( #8631, #2981 ) ) ;
#6872 = ORIENTED_EDGE ( 'NONE', *, *, #1704, .T. ) ;
#6873 = CARTESIAN_POINT ( 'NONE',  ( 115.9999999999993321, -13.99999999999998401, -115.9999999999998010 ) ) ;
#6874 = CARTESIAN_POINT ( 'NONE',  ( -114.2039678976131398, -169.8070748247014308, -29.42433009472867056 ) ) ;
#6875 = ORIENTED_EDGE ( 'NONE', *, *, #495, .F. ) ;
#6876 = DIRECTION ( 'NONE',  ( 0.000000000000000000, 0.000000000000000000, 1.000000000000000000 ) ) ;
#6877 = CARTESIAN_POINT ( 'NONE',  ( 139.9999999999999716, -84.00000000000000000, 0.000000000000000000 ) ) ;
#6878 = PLANE ( 'NONE',  #5312 ) ;
#6879 = EDGE_LOOP ( 'NONE', ( #4351, #6034, #1826, #2773 ) ) ;
#6880 = ADVANCED_FACE ( 'NONE', ( #3484 ), #5702, .T. ) ;
#6881 = ORIENTED_EDGE ( 'NONE', *, *, #7378, .T. ) ;
#6882 = EDGE_CURVE ( 'NONE', #4423, #5416, #670, .T. ) ;
#6883 = CARTESIAN_POINT ( 'NONE',  ( 0.000000000000000000, 0.000000000000000000, 10.00000000000000000 ) ) ;
#6884 = DIRECTION ( 'NONE',  ( -1.000000000000000000, 0.000000000000000000, 0.000000000000000000 ) ) ;
#6886 = CARTESIAN_POINT ( 'NONE',  ( 208.9999999999995453, -114.0000000000000142, -18.00000000000000355 ) ) ;
#6885 = AXIS2_PLACEMENT_3D ( 'NONE', #4664, #3124, #388 ) ;
#6887 = DIRECTION ( 'NONE',  ( 0.000000000000000000, 0.000000000000000000, 1.000000000000000000 ) ) ;
#6888 = AXIS2_PLACEMENT_3D ( 'NONE', #3272, #4619, #7024 ) ;
#6889 = CARTESIAN_POINT ( 'NONE',  ( 159.5000000000000284, -130.5000000000000000, 0.000000000000000000 ) ) ;
#6890 = ORIENTED_EDGE ( 'NONE', *, *, #2602, .T. ) ;
#6891 = FACE_BOUND ( 'NONE', #9482, .T. ) ;
#6892 = DIRECTION ( 'NONE',  ( 1.635429539641434187E-16, -2.832647054857943828E-16, 1.000000000000000000 ) ) ;
#6893 = EDGE_LOOP ( 'NONE', ( #1432, #6505 ) ) ;
#6894 = AXIS2_PLACEMENT_3D ( 'NONE', #1644, #6956, #2588 ) ;
#6895 = EDGE_CURVE ( 'NONE', #7441, #9403, #9113, .T. ) ;
#6896 = AXIS2_PLACEMENT_3D ( 'NONE', #2325, #8239, #7517 ) ;
#6897 = DIRECTION ( 'NONE',  ( -0.7071067811865515695, 8.449927344859873071E-17, -0.7071067811865434649 ) ) ;
#6898 = FACE_BOUND ( 'NONE', #8406, .T. ) ;
#6899 = FACE_OUTER_BOUND ( 'NONE', #3823, .T. ) ;
#6900 = VECTOR ( 'NONE', #1429, 1000.000000000000000 ) ;
#6901 = CIRCLE ( 'NONE', #3498, 5.499999999999996447 ) ;
#6902 = DIRECTION ( 'NONE',  ( 0.5000000000000007772, 0.8660254037844382635, 6.308085367188392213E-16 ) ) ;
#6903 = DIRECTION ( 'NONE',  ( 1.635429539641433941E-16, -2.832647054857943335E-16, 1.000000000000000000 ) ) ;
#6904 = EDGE_LOOP ( 'NONE', ( #7009, #5729 ) ) ;
#6905 = ORIENTED_EDGE ( 'NONE', *, *, #1433, .F. ) ;
#6906 = DIRECTION ( 'NONE',  ( -0.5000000000000012212, 0.8660254037844379305, 0.000000000000000000 ) ) ;
#6907 = CARTESIAN_POINT ( 'NONE',  ( -218.4865149746329394, -180.4297447047931371, -69.50000000000056843 ) ) ;
#6908 = DIRECTION ( 'NONE',  ( -1.000000000000000000, 0.000000000000000000, 0.000000000000000000 ) ) ;
#6909 = ORIENTED_EDGE ( 'NONE', *, *, #3338, .F. ) ;
#6910 = CARTESIAN_POINT ( 'NONE',  ( -80.21667900318301747, -242.9393636480269549, 10.00000000000000000 ) ) ;
#6911 = LINE ( 'NONE', #5384, #7579 ) ;
#6912 = CARTESIAN_POINT ( 'NONE',  ( -0.2538660821322855088, 163.2435565297862752, 10.00000000000000000 ) ) ;
#6913 = ORIENTED_EDGE ( 'NONE', *, *, #6133, .T. ) ;
#6914 = EDGE_LOOP ( 'NONE', ( #6188, #6834 ) ) ;
#6915 = ADVANCED_FACE ( 'NONE', ( #3391 ), #2627, .F. ) ;
#6916 = ORIENTED_EDGE ( 'NONE', *, *, #5838, .F. ) ;
#6917 = DIRECTION ( 'NONE',  ( -0.000000000000000000, -0.000000000000000000, -1.000000000000000000 ) ) ;
#6918 = DIRECTION ( 'NONE',  ( 1.000000000000000000, 0.000000000000000000, 0.000000000000000000 ) ) ;
#6919 = VERTEX_POINT ( 'NONE', #4928 ) ;
#6920 = EDGE_CURVE ( 'NONE', #1923, #4927, #7909, .T. ) ;
#6921 = DIRECTION ( 'NONE',  ( -1.000000000000000000, 0.000000000000000000, 0.000000000000000000 ) ) ;
#6922 = LINE ( 'NONE', #392, #6733 ) ;
#6923 = PLANE ( 'NONE',  #1486 ) ;
#6924 = CIRCLE ( 'NONE', #4306, 1.999999999997809086 ) ;
#6925 = ORIENTED_EDGE ( 'NONE', *, *, #8244, .F. ) ;
#6926 = ORIENTED_EDGE ( 'NONE', *, *, #1204, .T. ) ;
#6927 = DIRECTION ( 'NONE',  ( -0.8660254037844424824, -0.4999999999999934497, 0.000000000000000000 ) ) ;
#6928 = DIRECTION ( 'NONE',  ( -0.3535533905932717325, 0.6123724356957911397, -0.7071067811865515695 ) ) ;
#6929 = CARTESIAN_POINT ( 'NONE',  ( 399.2377111446260756, 230.4999999999998579, 0.000000000000000000 ) ) ;
#6930 = DIRECTION ( 'NONE',  ( 0.8660254037844387076, 0.4999999999999998890, 0.000000000000000000 ) ) ;
#6931 = VECTOR ( 'NONE', #2511, 1000.000000000000114 ) ;
#6932 = EDGE_CURVE ( 'NONE', #688, #2706, #2352, .T. ) ;
#6933 = CARTESIAN_POINT ( 'NONE',  ( -225.7365149746331952, -192.9871130596679336, 23.00000000000000711 ) ) ;
#6934 = VERTEX_POINT ( 'NONE', #8307 ) ;
#6935 = EDGE_CURVE ( 'NONE', #4456, #2788, #517, .T. ) ;
#6936 = CARTESIAN_POINT ( 'NONE',  ( -65.34659566314545032, 141.1836237901777054, -115.7599989299189787 ) ) ;
#6937 = EDGE_CURVE ( 'NONE', #1982, #6106, #4971, .T. ) ;
#6938 = DIRECTION ( 'NONE',  ( 0.8660254037844387076, 0.4999999999999998890, -7.703719777548943412E-34 ) ) ;
#6939 = ORIENTED_EDGE ( 'NONE', *, *, #7196, .F. ) ;
#6940 = DIRECTION ( 'NONE',  ( -0.8660254037844391517, 0.4999999999999992784, 0.000000000000000000 ) ) ;
#6941 = DIRECTION ( 'NONE',  ( -0.8660254037844391517, 0.4999999999999992784, 0.000000000000000000 ) ) ;
#6942 = EDGE_CURVE ( 'NONE', #1233, #8369, #4337, .T. ) ;
#6943 = CARTESIAN_POINT ( 'NONE',  ( -258.0163151938431270, -185.8973670975123014, 10.00000000000000000 ) ) ;
#6944 = EDGE_CURVE ( 'NONE', #7150, #6360, #4191, .T. ) ;
#6945 = EDGE_CURVE ( 'NONE', #1832, #1265, #834, .T. ) ;
#6946 = FACE_OUTER_BOUND ( 'NONE', #1214, .T. ) ;
#6947 = EDGE_CURVE ( 'NONE', #6526, #5617, #3621, .T. ) ;
#6948 = ADVANCED_FACE ( 'NONE', ( #2190 ), #6462, .F. ) ;
#6949 = AXIS2_PLACEMENT_3D ( 'NONE', #6299, #9230, #8551 ) ;
#6950 = ORIENTED_EDGE ( 'NONE', *, *, #3776, .T. ) ;
#6951 = CIRCLE ( 'NONE', #8336, 3.500000000000016875 ) ;
#6952 = VERTEX_POINT ( 'NONE', #5795 ) ;
#6953 = CARTESIAN_POINT ( 'NONE',  ( -117.8756443470266646, 232.1666049839190009, -17.99999999999999645 ) ) ;
#6954 = LINE ( 'NONE', #3442, #3065 ) ;
#6955 = AXIS2_PLACEMENT_3D ( 'NONE', #6025, #8241, #5260 ) ;
#6956 = DIRECTION ( 'NONE',  ( 0.000000000000000000, 0.000000000000000000, 1.000000000000000000 ) ) ;
#6957 = EDGE_LOOP ( 'NONE', ( #3386, #6325 ) ) ;
#6958 = DIRECTION ( 'NONE',  ( -1.000000000000000000, 0.000000000000000000, -6.308085367188383338E-16 ) ) ;
#6959 = AXIS2_PLACEMENT_3D ( 'NONE', #5094, #5866, #4510 ) ;
#6960 = CARTESIAN_POINT ( 'NONE',  ( 378.2377111446261324, 0.000000000000000000, 0.000000000000000000 ) ) ;
#6961 = CARTESIAN_POINT ( 'NONE',  ( -189.1188555722868614, -327.5634665205517422, 10.00000000000000000 ) ) ;
#6962 = ORIENTED_EDGE ( 'NONE', *, *, #5059, .T. ) ;
#6963 = ORIENTED_EDGE ( 'NONE', *, *, #523, .F. ) ;
#6964 = VECTOR ( 'NONE', #7363, 1000.000000000000000 ) ;
#6965 = ORIENTED_EDGE ( 'NONE', *, *, #7722, .T. ) ;
#6966 = AXIS2_PLACEMENT_3D ( 'NONE', #2468, #5255, #8857 ) ;
#6967 = AXIS2_PLACEMENT_3D ( 'NONE', #8009, #2109, #7331 ) ;
#6968 = DIRECTION ( 'NONE',  ( -0.000000000000000000, -0.000000000000000000, -1.000000000000000000 ) ) ;
#6969 = FACE_OUTER_BOUND ( 'NONE', #6095, .T. ) ;
#6970 = ORIENTED_EDGE ( 'NONE', *, *, #7712, .F. ) ;
#6971 = DIRECTION ( 'NONE',  ( 2.220446049250312588E-16, 1.000000000000000000, -1.025445864033519699E-16 ) ) ;
#6972 = DIRECTION ( 'NONE',  ( 3.105958772499037896E-16, 1.025445864033519576E-16, 1.000000000000000000 ) ) ;
#6973 = CIRCLE ( 'NONE', #7440, 2.000000000000001776 ) ;
#6974 = CARTESIAN_POINT ( 'NONE',  ( -109.8852632902600561, 248.3268590217633403, 19.49999999999997513 ) ) ;
#6975 = AXIS2_PLACEMENT_3D ( 'NONE', #4137, #7074, #1186 ) ;
#6976 = EDGE_LOOP ( 'NONE', ( #1487, #7391, #3548, #4430 ) ) ;
#6977 = EDGE_LOOP ( 'NONE', ( #578, #8472, #3060, #8439 ) ) ;
#6978 = VECTOR ( 'NONE', #3167, 1000.000000000000000 ) ;
#6979 = CARTESIAN_POINT ( 'NONE',  ( -161.8647367097224219, -222.3579479350690349, 19.49999999999997513 ) ) ;
#6980 = DIRECTION ( 'NONE',  ( 0.3535533905932742860, -0.6123724356957956916, 0.7071067811865462405 ) ) ;
#6981 = EDGE_CURVE ( 'NONE', #1233, #1571, #8677, .T. ) ;
#6982 = AXIS2_PLACEMENT_3D ( 'NONE', #29, #8103, #2152 ) ;
#6983 = CARTESIAN_POINT ( 'NONE',  ( -195.7185657822018925, -136.9944999193556328, -22.33012701892220520 ) ) ;
#6984 = FACE_OUTER_BOUND ( 'NONE', #8096, .T. ) ;
#6985 = LINE ( 'NONE', #405, #3057 ) ;
#6986 = ORIENTED_EDGE ( 'NONE', *, *, #824, .T. ) ;
#6987 = DIRECTION ( 'NONE',  ( -0.8660254037844387076, -0.4999999999999998890, -7.703719777548943412E-34 ) ) ;
#6988 = CARTESIAN_POINT ( 'NONE',  ( -97.12435565295595552, -140.2243186433795756, -6.938893903907228378E-15 ) ) ;
#6989 = VERTEX_POINT ( 'NONE', #4439 ) ;
#6990 = AXIS2_PLACEMENT_3D ( 'NONE', #7481, #6135, #1672 ) ;
#6991 = EDGE_CURVE ( 'NONE', #2110, #5433, #2238, .T. ) ;
#6992 = AXIS2_PLACEMENT_3D ( 'NONE', #6625, #4465, #4364 ) ;
#6993 = EDGE_CURVE ( 'NONE', #3004, #2345, #1600, .T. ) ;
#6994 = ADVANCED_FACE ( 'NONE', ( #9493 ), #848, .F. ) ;
#6995 = CARTESIAN_POINT ( 'NONE',  ( 270.0000000000000000, -84.00000000000001421, 19.49999999999998224 ) ) ;
#6996 = CARTESIAN_POINT ( 'NONE',  ( -111.6352632902600845, 251.3579479350088661, 10.00000000000000178 ) ) ;
#6997 = AXIS2_PLACEMENT_3D ( 'NONE', #1317, #2791, #489 ) ;
#6998 = DIRECTION ( 'NONE',  ( -2.220446049250312588E-16, -1.000000000000000000, 1.025445864033519699E-16 ) ) ;
#6999 = ORIENTED_EDGE ( 'NONE', *, *, #2434, .F. ) ;
#7000 = CYLINDRICAL_SURFACE ( 'NONE', #7900, 9.500000000000008882 ) ;
#7002 = CIRCLE ( 'NONE', #203, 9.500000000000015987 ) ;
#7001 = CARTESIAN_POINT ( 'NONE',  ( 149.9999999999995168, -99.00000000000001421, -115.0000000000000142 ) ) ;
#7003 = CIRCLE ( 'NONE', #6083, 11.00000000000000000 ) ;
#7004 = DIRECTION ( 'NONE',  ( 1.000000000000000000, 0.000000000000000000, 0.000000000000000000 ) ) ;
#7005 = AXIS2_PLACEMENT_3D ( 'NONE', #2471, #4675, #9382 ) ;
#7006 = APPROVAL_ROLE ( '' ) ;
#7007 = VERTEX_POINT ( 'NONE', #7424 ) ;
#7008 = EDGE_CURVE ( 'NONE', #5504, #948, #2865, .T. ) ;
#7009 = ORIENTED_EDGE ( 'NONE', *, *, #1971, .T. ) ;
#7010 = DIRECTION ( 'NONE',  ( 1.000000000000000000, 0.000000000000000000, 0.000000000000000000 ) ) ;
#7011 = CARTESIAN_POINT ( 'NONE',  ( -51.62564434702643723, 117.4182389824804460, -102.5000000000000142 ) ) ;
#7012 = DIRECTION ( 'NONE',  ( 0.8660254037844387076, 0.4999999999999998890, -7.703719777548943412E-34 ) ) ;
#7013 = EDGE_LOOP ( 'NONE', ( #4296, #7154 ) ) ;
#7014 = DIRECTION ( 'NONE',  ( 0.4999999999999995004, -0.8660254037844389297, 0.000000000000000000 ) ) ;
#7015 = CARTESIAN_POINT ( 'NONE',  ( -69.18014753255829419, 141.8235304014513929, -116.1399983948784183 ) ) ;
#7016 = DIRECTION ( 'NONE',  ( -0.5000000000000007772, -0.8660254037844382635, -6.308085367188392213E-16 ) ) ;
#7017 = VERTEX_POINT ( 'NONE', #2909 ) ;
#7018 = EDGE_CURVE ( 'NONE', #6018, #657, #5935, .T. ) ;
#7019 = ORIENTED_EDGE ( 'NONE', *, *, #5584, .T. ) ;
#7020 = DIRECTION ( 'NONE',  ( 0.8660254037844390407, -0.4999999999999992228, 0.000000000000000000 ) ) ;
#7021 = CARTESIAN_POINT ( 'NONE',  ( -62.25386608211591977, 275.8268590217633118, -3.000000000000030198 ) ) ;
#7022 = ORIENTED_EDGE ( 'NONE', *, *, #1149, .T. ) ;
#7023 = CARTESIAN_POINT ( 'NONE',  ( 142.0000000000000000, -56.50000000000000000, 0.000000000000000000 ) ) ;
#7024 = DIRECTION ( 'NONE',  ( -1.000000000000000000, 0.000000000000000000, 0.000000000000000000 ) ) ;
#7025 = DIRECTION ( 'NONE',  ( -0.000000000000000000, -0.000000000000000000, -1.000000000000000000 ) ) ;
#7026 = ORIENTED_EDGE ( 'NONE', *, *, #6075, .F. ) ;
#7027 = ORIENTED_EDGE ( 'NONE', *, *, #4641, .T. ) ;
#7028 = LINE ( 'NONE', #5449, #8620 ) ;
#7029 = CARTESIAN_POINT ( 'NONE',  ( 154.9999999999995168, -14.00000000000000000, -115.0000000000000284 ) ) ;
#7030 = FACE_OUTER_BOUND ( 'NONE', #5086, .T. ) ;
#7031 = DIRECTION ( 'NONE',  ( 0.4941902632238115434, -0.8559626445094810077, 0.1519997859837824150 ) ) ;
#7032 = CARTESIAN_POINT ( 'NONE',  ( 213.9999999999995453, -101.0000000000000142, -18.00000000000000355 ) ) ;
#7033 = ORIENTED_EDGE ( 'NONE', *, *, #5193, .T. ) ;
#7034 = FACE_BOUND ( 'NONE', #2261, .T. ) ;
#7035 = DIRECTION ( 'NONE',  ( -0.000000000000000000, -0.000000000000000000, -1.000000000000000000 ) ) ;
#7036 = ORIENTED_EDGE ( 'NONE', *, *, #3814, .F. ) ;
#7037 = AXIS2_PLACEMENT_3D ( 'NONE', #1264, #7882, #6393 ) ;
#7038 = FACE_BOUND ( 'NONE', #651, .T. ) ;
#7039 = CARTESIAN_POINT ( 'NONE',  ( -182.9304353137945611, -203.8448082142546127, 24.99999999999997513 ) ) ;
#7040 = DIRECTION ( 'NONE',  ( 0.8660254037844391517, -0.4999999999999992228, 2.775557561562891351E-17 ) ) ;
#7041 = ORIENTED_EDGE ( 'NONE', *, *, #7469, .F. ) ;
#7042 = DIRECTION ( 'NONE',  ( -2.220446049250312588E-16, -1.000000000000000000, 1.025445864033519699E-16 ) ) ;
#7043 = EDGE_CURVE ( 'NONE', #6608, #9116, #7888, .T. ) ;
#7044 = CIRCLE ( 'NONE', #5363, 2.000000000000007550 ) ;
#7045 = AXIS2_PLACEMENT_3D ( 'NONE', #6113, #1121, #6260 ) ;
#7046 = SHAPE_DEFINITION_REPRESENTATION ( #3651, #9074 ) ;
#7047 = VERTEX_POINT ( 'NONE', #8097 ) ;
#7048 = VERTEX_POINT ( 'NONE', #1428 ) ;
#7049 = AXIS2_PLACEMENT_3D ( 'NONE', #6703, #8190, #5361 ) ;
#7051 = AXIS2_PLACEMENT_3D ( 'NONE', #2624, #7772, #505 ) ;
#7050 = CARTESIAN_POINT ( 'NONE',  ( -158.3647367097224219, -216.2957701085778979, -3.000000000000029310 ) ) ;
#7052 = EDGE_CURVE ( 'NONE', #8091, #2396, #1479, .T. ) ;
#7053 = DIRECTION ( 'NONE',  ( 1.000000000000000000, 0.000000000000000000, 0.000000000000000000 ) ) ;
#7054 = LINE ( 'NONE', #5027, #4279 ) ;
#7055 = ORIENTED_EDGE ( 'NONE', *, *, #5927, .F. ) ;
#7056 = EDGE_CURVE ( 'NONE', #7231, #3004, #801, .T. ) ;
#7057 = CARTESIAN_POINT ( 'NONE',  ( -195.1188555723383615, 327.5634665204914882, 10.00000000000000000 ) ) ;
#7058 = EDGE_CURVE ( 'NONE', #8683, #6717, #3885, .T. ) ;
#7059 = PLANE ( 'NONE',  #5122 ) ;
#7060 = DIRECTION ( 'NONE',  ( 0.000000000000000000, 0.000000000000000000, 1.000000000000000000 ) ) ;
#7061 = VECTOR ( 'NONE', #7171, 1000.000000000000000 ) ;
#7062 = VERTEX_POINT ( 'NONE', #7232 ) ;
#7063 = ORIENTED_EDGE ( 'NONE', *, *, #3588, .T. ) ;
#7064 = CARTESIAN_POINT ( 'NONE',  ( 41.49355652981271447, 208.1310519035828861, 10.00000000000000000 ) ) ;
#7065 = DIRECTION ( 'NONE',  ( 0.000000000000000000, 0.000000000000000000, 1.000000000000000000 ) ) ;
#7066 = VERTEX_POINT ( 'NONE', #4288 ) ;
#7067 = CARTESIAN_POINT ( 'NONE',  ( -204.7461339178688036, -191.8268590218235659, 10.00000000000000000 ) ) ;
#7068 = EDGE_CURVE ( 'NONE', #3681, #7, #9264, .T. ) ;
#7069 = DIRECTION ( 'NONE',  ( -0.000000000000000000, -0.000000000000000000, -1.000000000000000000 ) ) ;
#7070 = FACE_OUTER_BOUND ( 'NONE', #7993, .T. ) ;
#7071 = ADVANCED_FACE ( 'NONE', ( #67, #3000, #8862, #2279, #5213, #2810, #8142 ), #6507, .T. ) ;
#7072 = ORIENTED_EDGE ( 'NONE', *, *, #1543, .F. ) ;
#7073 = VERTEX_POINT ( 'NONE', #7956 ) ;
#7074 = DIRECTION ( 'NONE',  ( 0.8660254037844391517, -0.4999999999999992784, 0.000000000000000000 ) ) ;
#7075 = CARTESIAN_POINT ( 'NONE',  ( 140.0000000000000284, -83.99999999999998579, 19.49999999999998224 ) ) ;
#7076 = DIRECTION ( 'NONE',  ( 0.2499999999999998890, -0.4330127018922192428, -0.8660254037844387076 ) ) ;
#7077 = CARTESIAN_POINT ( 'NONE',  ( 149.9999999999994884, -99.00000000000002842, -115.0000000000000142 ) ) ;
#7078 = ORIENTED_EDGE ( 'NONE', *, *, #2901, .T. ) ;
#7079 = FACE_BOUND ( 'NONE', #8675, .T. ) ;
#7080 = AXIS2_PLACEMENT_3D ( 'NONE', #7084, #4922, #9306 ) ;
#7081 = DIRECTION ( 'NONE',  ( 0.000000000000000000, -0.000000000000000000, 1.000000000000000000 ) ) ;
#7082 = VERTEX_POINT ( 'NONE', #6789 ) ;
#7083 = VECTOR ( 'NONE', #601, 1000.000000000000000 ) ;
#7084 = CARTESIAN_POINT ( 'NONE',  ( -94.87564434702643723, 192.3294364098343863, 24.99999999999999289 ) ) ;
#7085 = CARTESIAN_POINT ( 'NONE',  ( 224.9999999999995737, -101.0000000000000142, -18.00000000000000000 ) ) ;
#7086 = CARTESIAN_POINT ( 'NONE',  ( 127.4999999999995595, -99.00000000000000000, -17.99999999999998934 ) ) ;
#7087 = DIRECTION ( 'NONE',  ( 0.000000000000000000, 0.000000000000000000, 1.000000000000000000 ) ) ;
#7088 = ORIENTED_EDGE ( 'NONE', *, *, #5819, .T. ) ;
#7089 = DIRECTION ( 'NONE',  ( 1.635429539641433941E-16, -2.832647054857943335E-16, -1.000000000000000000 ) ) ;
#7090 = EDGE_LOOP ( 'NONE', ( #9034, #9134, #3840, #3869 ) ) ;
#7091 = VERTEX_POINT ( 'NONE', #8188 ) ;
#7092 = DIRECTION ( 'NONE',  ( 1.000000000000000000, 0.000000000000000000, 0.000000000000000000 ) ) ;
#7093 = DIRECTION ( 'NONE',  ( -1.635429539641431722E-16, -2.832647054857945307E-16, 1.000000000000000000 ) ) ;
#7094 = ADVANCED_FACE ( 'NONE', ( #3856 ), #3806, .F. ) ;
#7095 = ORIENTED_EDGE ( 'NONE', *, *, #9480, .T. ) ;
#7096 = CARTESIAN_POINT ( 'NONE',  ( 41.49355652981271447, 208.1310519035828861, 10.00000000000000000 ) ) ;
#7097 = CARTESIAN_POINT ( 'NONE',  ( -19.53143421778027289, 235.8294364098343863, 8.000000000000028422 ) ) ;
#7098 = DIRECTION ( 'NONE',  ( 0.000000000000000000, 0.000000000000000000, 1.000000000000000000 ) ) ;
#7099 = VERTEX_POINT ( 'NONE', #263 ) ;
#7100 = CC_DESIGN_DATE_AND_TIME_ASSIGNMENT ( #4151, #5656, ( #5410 ) ) ;
#7101 = VERTEX_POINT ( 'NONE', #995 ) ;
#7102 = EDGE_CURVE ( 'NONE', #7530, #8091, #4497, .T. ) ;
#7103 = EDGE_CURVE ( 'NONE', #8469, #8941, #8185, .T. ) ;
#7104 = VECTOR ( 'NONE', #7301, 1000.000000000000000 ) ;
#7105 = AXIS2_PLACEMENT_3D ( 'NONE', #1230, #8466, #7031 ) ;
#7106 = DIRECTION ( 'NONE',  ( 0.8660254037844391517, -0.4999999999999992784, 0.000000000000000000 ) ) ;
#7107 = DIRECTION ( 'NONE',  ( -0.000000000000000000, -0.000000000000000000, -1.000000000000000000 ) ) ;
#7108 = ORIENTED_EDGE ( 'NONE', *, *, #9250, .T. ) ;
#7109 = DIRECTION ( 'NONE',  ( -2.220446049250312588E-16, -1.000000000000000000, 1.025445864033519699E-16 ) ) ;
#7110 = LINE ( 'NONE', #2790, #4973 ) ;
#7111 = CARTESIAN_POINT ( 'NONE',  ( -163.2365149746330530, -84.73393758661262609, -115.0000000000000142 ) ) ;
#7112 = VECTOR ( 'NONE', #3568, 1000.000000000000000 ) ;
#7113 = ORIENTED_EDGE ( 'NONE', *, *, #345, .F. ) ;
#7114 = AXIS2_PLACEMENT_3D ( 'NONE', #8080, #6581, #8844 ) ;
#7115 = ORIENTED_EDGE ( 'NONE', *, *, #5875, .F. ) ;
#7116 = EDGE_CURVE ( 'NONE', #831, #4267, #6128, .T. ) ;
#7117 = DIRECTION ( 'NONE',  ( -1.000000000000000000, 0.000000000000000000, 0.000000000000000000 ) ) ;
#7118 = DIRECTION ( 'NONE',  ( 0.000000000000000000, 0.000000000000000000, 1.000000000000000000 ) ) ;
#7119 = DIRECTION ( 'NONE',  ( 0.8660254037844391517, -0.4999999999999992784, 0.000000000000000000 ) ) ;
#7120 = ADVANCED_FACE ( 'NONE', ( #8955 ), #1620, .F. ) ;
#7121 = AXIS2_PLACEMENT_3D ( 'NONE', #592, #4424, #7170 ) ;
#7122 = PLANE ( 'NONE',  #4255 ) ;
#7123 = ORIENTED_EDGE ( 'NONE', *, *, #3010, .F. ) ;
#7124 = CYLINDRICAL_SURFACE ( 'NONE', #3579, 2.000000000000001776 ) ;
#7125 = CIRCLE ( 'NONE', #8193, 6.000000000016575186 ) ;
#7126 = DIRECTION ( 'NONE',  ( -9.912705577010310758E-17, -1.716930969985325805E-16, -1.000000000000000000 ) ) ;
#7127 = EDGE_LOOP ( 'NONE', ( #2936, #5015, #2073, #35 ) ) ;
#7128 = AXIS2_PLACEMENT_3D ( 'NONE', #4034, #4754, #4167 ) ;
#7129 = AXIS2_PLACEMENT_3D ( 'NONE', #3418, #5450, #8513 ) ;
#7130 = EDGE_CURVE ( 'NONE', #3576, #7984, #2218, .T. ) ;
#7131 = FACE_OUTER_BOUND ( 'NONE', #5189, .T. ) ;
#7132 = DIRECTION ( 'NONE',  ( 0.4999999999999972800, -0.8660254037844402619, 0.000000000000000000 ) ) ;
#7133 = DIRECTION ( 'NONE',  ( 1.649003067838308177E-17, -1.025445864033520315E-16, -1.000000000000000000 ) ) ;
#7134 = DIRECTION ( 'NONE',  ( -0.3535533905932730092, 0.6123724356957932491, -0.7071067811865490160 ) ) ;
#7135 = VERTEX_POINT ( 'NONE', #8290 ) ;
#7136 = DIRECTION ( 'NONE',  ( -0.000000000000000000, 0.000000000000000000, -1.000000000000000000 ) ) ;
#7137 = DIRECTION ( 'NONE',  ( -0.5000000000000008882, -0.8660254037844380415, 0.000000000000000000 ) ) ;
#7138 = VECTOR ( 'NONE', #1592, 1000.000000000000000 ) ;
#7139 = CIRCLE ( 'NONE', #3755, 5.000000000000004441 ) ;
#7140 = CIRCLE ( 'NONE', #227, 9.500000000000008882 ) ;
#7141 = PERSON_AND_ORGANIZATION_ROLE ( 'classification_officer' ) ;
#7142 = ORIENTED_EDGE ( 'NONE', *, *, #1252, .T. ) ;
#7143 = ORIENTED_EDGE ( 'NONE', *, *, #3586, .T. ) ;
#7144 = AXIS2_PLACEMENT_3D ( 'NONE', #5347, #6114, #7557 ) ;
#7145 = ORIENTED_EDGE ( 'NONE', *, *, #2596, .F. ) ;
#7146 = AXIS2_PLACEMENT_3D ( 'NONE', #797, #1475, #7228 ) ;
#7147 = DIRECTION ( 'NONE',  ( 1.635429539641431969E-16, 2.832647054857945307E-16, 1.000000000000000000 ) ) ;
#7148 = CIRCLE ( 'NONE', #6839, 11.00000000000000355 ) ;
#7149 = DIRECTION ( 'NONE',  ( -0.000000000000000000, 0.000000000000000000, -1.000000000000000000 ) ) ;
#7150 = VERTEX_POINT ( 'NONE', #6080 ) ;
#7151 = CARTESIAN_POINT ( 'NONE',  ( 372.2377111446261324, 0.000000000000000000, 10.00000000000000000 ) ) ;
#7152 = FACE_OUTER_BOUND ( 'NONE', #5799, .T. ) ;
#7153 = CARTESIAN_POINT ( 'NONE',  ( 12.46856578221975553, 180.4038105676302735, -115.0000000000000142 ) ) ;
#7154 = ORIENTED_EDGE ( 'NONE', *, *, #1775, .T. ) ;
#7155 = AXIS2_PLACEMENT_3D ( 'NONE', #6266, #3951, #3187 ) ;
#7156 = ORIENTED_EDGE ( 'NONE', *, *, #487, .F. ) ;
#7157 = CARTESIAN_POINT ( 'NONE',  ( -160.1147367097225640, -219.3268590218235659, 0.000000000000000000 ) ) ;
#7158 = DIRECTION ( 'NONE',  ( -1.000000000000000000, 0.000000000000000000, 0.000000000000000000 ) ) ;
#7159 = ORIENTED_EDGE ( 'NONE', *, *, #6715, .T. ) ;
#7160 = DIRECTION ( 'NONE',  ( 1.635429539641433941E-16, -2.832647054857943335E-16, 1.000000000000000000 ) ) ;
#7161 = DIRECTION ( 'NONE',  ( -2.220446049250312588E-16, -1.000000000000000000, 1.025445864033519699E-16 ) ) ;
#7162 = CARTESIAN_POINT ( 'NONE',  ( 213.9999999999995453, -101.0000000000000142, 8.000000000000035527 ) ) ;
#7163 = EDGE_CURVE ( 'NONE', #9349, #2221, #4536, .T. ) ;
#7164 = VERTEX_POINT ( 'NONE', #944 ) ;
#7165 = ORIENTED_EDGE ( 'NONE', *, *, #3182, .F. ) ;
#7166 = CARTESIAN_POINT ( 'NONE',  ( -54.26348502534936813, 291.9871130596077933, 23.00000000000000711 ) ) ;
#7167 = CARTESIAN_POINT ( 'NONE',  ( -60.37564434702643723, 132.5736835487081180, -115.0000000000000142 ) ) ;
#7168 = FACE_OUTER_BOUND ( 'NONE', #2687, .T. ) ;
#7169 = EDGE_LOOP ( 'NONE', ( #438, #108, #2194, #736 ) ) ;
#7170 = DIRECTION ( 'NONE',  ( -1.000000000000000000, 0.000000000000000000, 0.000000000000000000 ) ) ;
#7171 = DIRECTION ( 'NONE',  ( -0.000000000000000000, -0.000000000000000000, -1.000000000000000000 ) ) ;
#7172 = ADVANCED_FACE ( 'NONE', ( #9009, #7519 ), #4679, .T. ) ;
#7173 = EDGE_LOOP ( 'NONE', ( #563, #6750, #6651, #2173 ) ) ;
#7174 = ADVANCED_FACE ( 'NONE', ( #9056, #2423, #8384, #2327, #2475, #164, #2519, #3088, #5359, #1715, #7566, #4724, #3906, #5981, #5406, #8909, #6846, #1046, #3955, #7668, #6891, #308, #3239, #6175, #5456, #3763, #7763, #7034, #7079, #3285, #4097, #4142 ), #5645, .T. ) ;
#7175 = PLANE ( 'NONE',  #8765 ) ;
#7176 = LINE ( 'NONE', #6370, #5683 ) ;
#7177 = DIRECTION ( 'NONE',  ( -0.5000000000000007772, -0.8660254037844382635, -6.308085367188392213E-16 ) ) ;
#7178 = LINE ( 'NONE', #5700, #1995 ) ;
#7179 = ORIENTED_EDGE ( 'NONE', *, *, #1859, .F. ) ;
#7180 = CARTESIAN_POINT ( 'NONE',  ( -84.52627944160238371, -124.4038105676903285, -115.0000000000000142 ) ) ;
#7181 = EDGE_CURVE ( 'NONE', #7984, #5416, #6316, .T. ) ;
#7182 = EDGE_LOOP ( 'NONE', ( #5654, #3647, #6798, #9510 ) ) ;
#7183 = EDGE_CURVE ( 'NONE', #3682, #5421, #1955, .T. ) ;
#7184 = CIRCLE ( 'NONE', #4727, 11.00000000000000178 ) ;
#7185 = EDGE_LOOP ( 'NONE', ( #3742, #8177, #1484, #2299 ) ) ;
#7186 = ORIENTED_EDGE ( 'NONE', *, *, #8938, .T. ) ;
#7187 = CARTESIAN_POINT ( 'NONE',  ( 140.0000000000000284, -28.99999999999998579, 19.49999999999997513 ) ) ;
#7188 = CARTESIAN_POINT ( 'NONE',  ( -189.1188555722868614, -327.5634665205517422, 0.000000000000000000 ) ) ;
#7189 = AXIS2_PLACEMENT_3D ( 'NONE', #6874, #4032, #2408 ) ;
#7190 = AXIS2_PLACEMENT_3D ( 'NONE', #6595, #6780, #1563 ) ;
#7191 = VECTOR ( 'NONE', #3150, 1000.000000000000000 ) ;
#7192 = ORIENTED_EDGE ( 'NONE', *, *, #8474, .F. ) ;
#7193 = LINE ( 'NONE', #519, #4833 ) ;
#7194 = CARTESIAN_POINT ( 'NONE',  ( -112.6352632902600703, 253.0899987425777624, 24.99999999999997158 ) ) ;
#7195 = DIRECTION ( 'NONE',  ( -1.000000000000000000, 0.000000000000000000, 0.000000000000000000 ) ) ;
#7196 = EDGE_CURVE ( 'NONE', #8795, #8821, #1907, .T. ) ;
#7197 = ORIENTED_EDGE ( 'NONE', *, *, #8215, .T. ) ;
#7198 = AXIS2_PLACEMENT_3D ( 'NONE', #231, #277, #3972 ) ;
#7199 = AXIS2_PLACEMENT_3D ( 'NONE', #9309, #562, #4188 ) ;
#7200 = VERTEX_POINT ( 'NONE', #3383 ) ;
#7201 = ORIENTED_EDGE ( 'NONE', *, *, #5171, .T. ) ;
#7202 = CARTESIAN_POINT ( 'NONE',  ( -64.00386608211591977, 278.8579479350088377, -3.000000000000031530 ) ) ;
#7203 = DIRECTION ( 'NONE',  ( -1.000000000000000000, 0.000000000000000000, 0.000000000000000000 ) ) ;
#7204 = ORIENTED_EDGE ( 'NONE', *, *, #2425, .F. ) ;
#7205 = DIRECTION ( 'NONE',  ( -0.5000000000000008882, -0.8660254037844380415, 0.000000000000000000 ) ) ;
#7206 = AXIS2_PLACEMENT_3D ( 'NONE', #5169, #6790, #2240 ) ;
#7207 = AXIS2_PLACEMENT_3D ( 'NONE', #8563, #4868, #8614 ) ;
#7208 = DIRECTION ( 'NONE',  ( -1.000000000000000000, 0.000000000000000000, 0.000000000000000000 ) ) ;
#7209 = PLANE ( 'NONE',  #2086 ) ;
#7210 = ORIENTED_EDGE ( 'NONE', *, *, #3812, .T. ) ;
#7211 = ORIENTED_EDGE ( 'NONE', *, *, #9271, .T. ) ;
#7212 = EDGE_CURVE ( 'NONE', #6443, #4965, #2041, .T. ) ;
#7213 = VECTOR ( 'NONE', #8778, 1000.000000000000000 ) ;
#7214 = DIRECTION ( 'NONE',  ( -0.8660254037844391517, 0.4999999999999992784, 0.000000000000000000 ) ) ;
#7215 = FACE_OUTER_BOUND ( 'NONE', #7593, .T. ) ;
#7216 = VECTOR ( 'NONE', #8138, 1000.000000000000000 ) ;
#7217 = CARTESIAN_POINT ( 'NONE',  ( 270.0000000000000000, -56.50000000000002132, -3.000000000000027089 ) ) ;
#7218 = VERTEX_POINT ( 'NONE', #9247 ) ;
#7219 = CARTESIAN_POINT ( 'NONE',  ( -188.0163151938431270, -64.65381056769088275, 0.000000000000000000 ) ) ;
#7220 = CYLINDRICAL_SURFACE ( 'NONE', #2009, 3.000000000000002665 ) ;
#7221 = VECTOR ( 'NONE', #1221, 1000.000000000000000 ) ;
#7222 = ORIENTED_EDGE ( 'NONE', *, *, #555, .T. ) ;
#7224 = EDGE_CURVE ( 'NONE', #3044, #8250, #365, .T. ) ;
#7223 = DIRECTION ( 'NONE',  ( -0.8660254037844391517, 0.4999999999999992784, 0.000000000000000000 ) ) ;
#7225 = EDGE_CURVE ( 'NONE', #6550, #8334, #5593, .T. ) ;
#7226 = LINE ( 'NONE', #2670, #3703 ) ;
#7227 = ADVANCED_FACE ( 'NONE', ( #1090 ), #7124, .F. ) ;
#7228 = DIRECTION ( 'NONE',  ( 0.4999999999999996669, 0.8660254037844388186, -6.308085367188379394E-16 ) ) ;
#7229 = OPEN_SHELL ( 'NONE', ( #5047, #8823, #1889, #3235, #2167, #4832, #4772, #6189, #4567, #5369, #2772, #9227, #2898, #6468, #5868, #8073, #3650, #2585, #4748, #4969, #8105, #1133, #4416, #3223, #2115, #4792, #6015, #4655, #6179, #191, #7590, #7783, #7174, #8759, #269, #2880, #4479, #3007, #4236, #1589, #6522, #6240, #6518, #2649, #2125, #7338, #7700, #8074, #7094, #9239, #4276, #4512, #8659, #3696, #4070, #7344, #6279, #225, #6948, #8586, #2480, #2551, #7428, #1678, #1409, #4884, #7365, #8460, #3773, #2530, #4771, #9362, #3417, #7227, #9105, #914, #6115, #3599, #2548, #6915, #7950, #9514, #2415, #4525, #9242, #6141, #958, #536, #4043, #9413, #7343, #3879, #8270, #5411, #8109, #7416, #8353, #6994, #4880, #4659 ) ) ;
#7230 = CARTESIAN_POINT ( 'NONE',  ( 380.2377111446261324, 35.00000000000000000, 0.000000000000000000 ) ) ;
#7231 = VERTEX_POINT ( 'NONE', #6936 ) ;
#7232 = CARTESIAN_POINT ( 'NONE',  ( 267.0000000000000568, -84.00000000000000000, 10.00000000000000000 ) ) ;
#7233 = LINE ( 'NONE', #2102, #2911 ) ;
#7234 = ORIENTED_EDGE ( 'NONE', *, *, #6445, .T. ) ;
#7235 = VERTEX_POINT ( 'NONE', #499 ) ;
#7236 = ORIENTED_EDGE ( 'NONE', *, *, #1823, .T. ) ;
#7237 = EDGE_CURVE ( 'NONE', #27, #9172, #407, .T. ) ;
#7238 = CARTESIAN_POINT ( 'NONE',  ( -95.11473670972256400, -106.7435565298464013, 19.49999999999997513 ) ) ;
#7239 = FACE_OUTER_BOUND ( 'NONE', #6714, .T. ) ;
#7240 = VERTEX_POINT ( 'NONE', #8565 ) ;
#7241 = DIRECTION ( 'NONE',  ( -0.000000000000000000, -0.000000000000000000, -1.000000000000000000 ) ) ;
#7242 = FACE_OUTER_BOUND ( 'NONE', #9381, .T. ) ;
#7243 = CARTESIAN_POINT ( 'NONE',  ( 149.9999999999994600, -2.370561427938469912, -110.0000000000000284 ) ) ;
#7244 = VERTEX_POINT ( 'NONE', #549 ) ;
#7245 = EDGE_LOOP ( 'NONE', ( #6373, #3517 ) ) ;
#7246 = EDGE_LOOP ( 'NONE', ( #8072, #2924, #2053, #3193 ) ) ;
#7247 = LINE ( 'NONE', #726, #7104 ) ;
#7248 = DIRECTION ( 'NONE',  ( -1.000000000000000000, 0.000000000000000000, 0.000000000000000000 ) ) ;
#7249 = ORIENTED_EDGE ( 'NONE', *, *, #2705, .T. ) ;
#7250 = DIRECTION ( 'NONE',  ( 0.000000000000000000, 0.000000000000000000, 1.000000000000000000 ) ) ;
#7251 = CARTESIAN_POINT ( 'NONE',  ( 154.9999999999995168, -99.00000000000001421, -115.0000000000000142 ) ) ;
#7252 = DIRECTION ( 'NONE',  ( 0.3535533905932738419, 0.6123724356957960246, 0.7071067811865462405 ) ) ;
#7253 = ORIENTED_EDGE ( 'NONE', *, *, #6652, .T. ) ;
#7254 = ORIENTED_EDGE ( 'NONE', *, *, #7920, .T. ) ;
#7255 = VECTOR ( 'NONE', #4318, 1000.000000000000000 ) ;
#7256 = FACE_BOUND ( 'NONE', #265, .T. ) ;
#7257 = DIRECTION ( 'NONE',  ( 0.5000000000000000000, -0.8660254037844385966, 0.000000000000000000 ) ) ;
#7258 = DIRECTION ( 'NONE',  ( 0.8660254037844387076, 0.4999999999999998890, 7.703719777548943412E-34 ) ) ;
#7259 = EDGE_LOOP ( 'NONE', ( #4419, #6616, #2374, #8078 ) ) ;
#7260 = CARTESIAN_POINT ( 'NONE',  ( -162.8647367097224219, -224.0899987426378743, 24.99999999999997158 ) ) ;
#7261 = DIRECTION ( 'NONE',  ( -0.000000000000000000, -0.000000000000000000, -1.000000000000000000 ) ) ;
#7262 = VECTOR ( 'NONE', #873, 1000.000000000000000 ) ;
#7263 = VECTOR ( 'NONE', #379, 1000.000000000000000 ) ;
#7264 = VERTEX_POINT ( 'NONE', #1134 ) ;
#7265 = EDGE_CURVE ( 'NONE', #6242, #7066, #1998, .T. ) ;
#7266 = CIRCLE ( 'NONE', #9275, 10.99999999999999645 ) ;
#7267 = FACE_OUTER_BOUND ( 'NONE', #8741, .T. ) ;
#7268 = AXIS2_PLACEMENT_3D ( 'NONE', #9505, #5083, #5804 ) ;
#7269 = PLANE ( 'NONE',  #175 ) ;
#7270 = FACE_OUTER_BOUND ( 'NONE', #6246, .T. ) ;
#7271 = LINE ( 'NONE', #3618, #4129 ) ;
#7272 = VERTEX_POINT ( 'NONE', #9337 ) ;
#7273 = CARTESIAN_POINT ( 'NONE',  ( 213.9999999999995453, -99.00000000000001421, -18.00000000000000355 ) ) ;
#7274 = CARTESIAN_POINT ( 'NONE',  ( 159.5000000000000284, -140.0000000000000284, 10.00000000000000000 ) ) ;
#7275 = SHELL_BASED_SURFACE_MODEL ( 'NONE', ( #7229, #14, #635, #7533, #1716, #4768, #6000, #5389, #8301, #3074, #945, #7382, #4003, #6458, #3241, #8760, #9380, #9069 ) );
#7276 = CIRCLE ( 'NONE', #2832, 7.500000000000007994 ) ;
#7277 = AXIS2_PLACEMENT_3D ( 'NONE', #2083, #3469, #4912 ) ;
#7278 = EDGE_CURVE ( 'NONE', #792, #540, #1921, .T. ) ;
#7279 = VERTEX_POINT ( 'NONE', #2570 ) ;
#7280 = AXIS2_PLACEMENT_3D ( 'NONE', #8350, #179, #5328 ) ;
#7281 = ORIENTED_EDGE ( 'NONE', *, *, #167, .F. ) ;
#7282 = EDGE_LOOP ( 'NONE', ( #6351, #7072 ) ) ;
#7283 = DIRECTION ( 'NONE',  ( -0.4999999999999996669, -0.8660254037844388186, 0.000000000000000000 ) ) ;
#7284 = AXIS2_PLACEMENT_3D ( 'NONE', #6910, #5569, #3259 ) ;
#7285 = LINE ( 'NONE', #3629, #7742 ) ;
#7286 = AXIS2_PLACEMENT_3D ( 'NONE', #7825, #1251, #7092 ) ;
#7287 = AXIS2_PLACEMENT_3D ( 'NONE', #7451, #2264, #778 ) ;
#7288 = ORIENTED_EDGE ( 'NONE', *, *, #3121, .F. ) ;
#7289 = FACE_OUTER_BOUND ( 'NONE', #7740, .T. ) ;
#7290 = PLANE ( 'NONE',  #1000 ) ;
#7291 = DIRECTION ( 'NONE',  ( 0.000000000000000000, -0.000000000000000000, -1.000000000000000000 ) ) ;
#7292 = EDGE_CURVE ( 'NONE', #2230, #232, #9154, .T. ) ;
#7293 = AXIS2_PLACEMENT_3D ( 'NONE', #9504, #2920, #5852 ) ;
#7294 = ORIENTED_EDGE ( 'NONE', *, *, #6944, .T. ) ;
#7295 = CIRCLE ( 'NONE', #1941, 9.500000000000008882 ) ;
#7296 = EDGE_CURVE ( 'NONE', #3886, #4734, #1865, .T. ) ;
#7297 = CIRCLE ( 'NONE', #3614, 3.000000000000002665 ) ;
#7298 = ORIENTED_EDGE ( 'NONE', *, *, #2005, .T. ) ;
#7299 = DIRECTION ( 'NONE',  ( -1.000000000000000000, 0.000000000000000000, 0.000000000000000000 ) ) ;
#7300 = ORIENTED_EDGE ( 'NONE', *, *, #1557, .T. ) ;
#7301 = DIRECTION ( 'NONE',  ( -0.000000000000000000, -0.000000000000000000, -1.000000000000000000 ) ) ;
#7302 = CIRCLE ( 'NONE', #8532, 2.999999999967251085 ) ;
#7303 = PLANE ( 'NONE',  #5204 ) ;
#7304 = EDGE_LOOP ( 'NONE', ( #4478, #7777 ) ) ;
#7305 = CARTESIAN_POINT ( 'NONE',  ( 149.9999999999994600, -9.999999999999994671, -115.0000000000000284 ) ) ;
#7306 = CIRCLE ( 'NONE', #244, 2.000000000016322055 ) ;
#7307 = CARTESIAN_POINT ( 'NONE',  ( 213.9999999999995453, -114.0000000000000142, -18.00000000000000355 ) ) ;
#7308 = DIRECTION ( 'NONE',  ( 1.000000000000000000, 0.000000000000000000, 0.000000000000000000 ) ) ;
#7309 = EDGE_CURVE ( 'NONE', #7681, #5236, #999, .T. ) ;
#7310 = AXIS2_PLACEMENT_3D ( 'NONE', #8612, #2709, #2655 ) ;
#7311 = ORIENTED_EDGE ( 'NONE', *, *, #3638, .F. ) ;
#7312 = EDGE_LOOP ( 'NONE', ( #3940, #8083, #6444, #3954 ) ) ;
#7313 = CARTESIAN_POINT ( 'NONE',  ( 378.2377111446261324, 35.00000000000000000, 0.000000000000000000 ) ) ;
#7314 = LINE ( 'NONE', #8710, #2967 ) ;
#7315 = CARTESIAN_POINT ( 'NONE',  ( -221.4297447047941034, 310.0634665204914313, 10.00000000000000000 ) ) ;
#7316 = ORIENTED_EDGE ( 'NONE', *, *, #4016, .F. ) ;
#7317 = DIRECTION ( 'NONE',  ( 0.8660254037844390407, -0.4999999999999992784, -0.000000000000000000 ) ) ;
#7318 = DIRECTION ( 'NONE',  ( 1.649003067838308177E-17, -1.025445864033520315E-16, -1.000000000000000000 ) ) ;
#7319 = ORIENTED_EDGE ( 'NONE', *, *, #2945, .F. ) ;
#7320 = FACE_BOUND ( 'NONE', #4715, .T. ) ;
#7321 = CARTESIAN_POINT ( 'NONE',  ( -95.11473670972256400, -106.7435565298464013, 24.99999999999997513 ) ) ;
#7322 = CARTESIAN_POINT ( 'NONE',  ( -183.1188555723058187, -327.5634665205517422, 10.00000000000000000 ) ) ;
#7323 = CYLINDRICAL_SURFACE ( 'NONE', #6896, 5.000000000000004441 ) ;
#7324 = ORIENTED_EDGE ( 'NONE', *, *, #1388, .F. ) ;
#7325 = DIRECTION ( 'NONE',  ( -0.000000000000000000, -0.000000000000000000, -1.000000000000000000 ) ) ;
#7326 = DIRECTION ( 'NONE',  ( 0.2499999999999999167, -0.4330127018922189097, -0.8660254037844388186 ) ) ;
#7327 = EDGE_LOOP ( 'NONE', ( #3237, #6379, #3335, #4549, #3396, #1748, #6607, #3095, #4777, #5657, #7383, #624, #4446, #185, #7063 ) ) ;
#7328 = ORIENTED_EDGE ( 'NONE', *, *, #3892, .T. ) ;
#7329 = ORIENTED_EDGE ( 'NONE', *, *, #6237, .T. ) ;
#7330 = LINE ( 'NONE', #2197, #3910 ) ;
#7332 = EDGE_CURVE ( 'NONE', #723, #5573, #4668, .T. ) ;
#7331 = DIRECTION ( 'NONE',  ( 1.000000000000000000, 1.525031627232357151E-16, 0.000000000000000000 ) ) ;
#7333 = ORIENTED_EDGE ( 'NONE', *, *, #3219, .T. ) ;
#7334 = CARTESIAN_POINT ( 'NONE',  ( -219.4297447047771357, 310.0634665204914313, 10.00000000000000000 ) ) ;
#7335 = CARTESIAN_POINT ( 'NONE',  ( -65.00386608211590556, 280.5899987425777908, 24.99999999999997158 ) ) ;
#7336 = LINE ( 'NONE', #3680, #7775 ) ;
#7337 = ORIENTED_EDGE ( 'NONE', *, *, #9467, .F. ) ;
#7338 = ADVANCED_FACE ( 'NONE', ( #4818 ), #7899, .T. ) ;
#7339 = ORIENTED_EDGE ( 'NONE', *, *, #1597, .T. ) ;
#7340 = VECTOR ( 'NONE', #1604, 1000.000000000000114 ) ;
#7342 = AXIS2_PLACEMENT_3D ( 'NONE', #1804, #8414, #3989 ) ;
#7341 = LINE ( 'NONE', #6618, #1161 ) ;
#7343 = ADVANCED_FACE ( 'NONE', ( #8801 ), #641, .F. ) ;
#7344 = ADVANCED_FACE ( 'NONE', ( #2227 ), #6594, .F. ) ;
#7345 = CARTESIAN_POINT ( 'NONE',  ( -87.12435565295571394, -122.9038105676903569, -115.0000000000000142 ) ) ;
#7346 = CARTESIAN_POINT ( 'NONE',  ( 399.2377111446260756, 230.4999999999998579, 10.00000000000000000 ) ) ;
#7347 = ORIENTED_EDGE ( 'NONE', *, *, #173, .T. ) ;
#7348 = CARTESIAN_POINT ( 'NONE',  ( -44.88526329025989270, 135.7435565297862468, 10.00000000000000000 ) ) ;
#7349 = DIRECTION ( 'NONE',  ( 1.000000000000000000, 0.000000000000000000, 0.000000000000000000 ) ) ;
#7350 = DIRECTION ( 'NONE',  ( 0.8660254037844390407, -0.4999999999999992784, -0.000000000000000000 ) ) ;
#7351 = AXIS2_PLACEMENT_3D ( 'NONE', #1404, #6719, #5283 ) ;
#7352 = VECTOR ( 'NONE', #8624, 1000.000000000000000 ) ;
#7353 = ORIENTED_EDGE ( 'NONE', *, *, #8651, .T. ) ;
#7354 = ORIENTED_EDGE ( 'NONE', *, *, #5514, .T. ) ;
#7356 = DIRECTION ( 'NONE',  ( -0.000000000000000000, -0.000000000000000000, 1.000000000000000000 ) ) ;
#7355 = VECTOR ( 'NONE', #6408, 1000.000000000000000 ) ;
#7357 = EDGE_CURVE ( 'NONE', #805, #5658, #8498, .T. ) ;
#7358 = DIRECTION ( 'NONE',  ( -0.000000000000000000, -0.000000000000000000, -1.000000000000000000 ) ) ;
#7359 = AXIS2_PLACEMENT_3D ( 'NONE', #7461, #1462, #5155 ) ;
#7360 = EDGE_CURVE ( 'NONE', #4310, #7272, #2067, .T. ) ;
#7361 = DIRECTION ( 'NONE',  ( 0.8660254037844391517, -0.4999999999999992784, -0.000000000000000000 ) ) ;
#7362 = ORIENTED_EDGE ( 'NONE', *, *, #7757, .F. ) ;
#7363 = DIRECTION ( 'NONE',  ( 1.000000000000000000, -2.220446049250312588E-16, 1.649003067838320811E-17 ) ) ;
#7364 = EDGE_CURVE ( 'NONE', #6617, #8795, #3282, .T. ) ;
#7365 = ADVANCED_FACE ( 'NONE', ( #4378 ), #56, .T. ) ;
#7366 = DIRECTION ( 'NONE',  ( -0.8660254037844391517, -0.4999999999999992228, 7.012543237461991856E-16 ) ) ;
#7367 = VERTEX_POINT ( 'NONE', #7260 ) ;
#7368 = VECTOR ( 'NONE', #643, 1000.000000000000000 ) ;
#7369 = AXIS2_PLACEMENT_3D ( 'NONE', #5521, #2492, #7729 ) ;
#7370 = CARTESIAN_POINT ( 'NONE',  ( -53.64745962156482761, 292.9201257614998894, 10.00000000000000000 ) ) ;
#7371 = DIRECTION ( 'NONE',  ( 0.000000000000000000, 0.000000000000000000, 1.000000000000000000 ) ) ;
#7372 = CARTESIAN_POINT ( 'NONE',  ( -192.7365149746330246, -135.8294364098945266, -18.00000000000001066 ) ) ;
#7373 = DIRECTION ( 'NONE',  ( 0.4941902632238115434, -0.8559626445094810077, 0.1519997859837824150 ) ) ;
#7374 = DIRECTION ( 'NONE',  ( 0.8660254037844387076, 0.4999999999999998890, 0.000000000000000000 ) ) ;
#7375 = VERTEX_POINT ( 'NONE', #1369 ) ;
#7376 = DIRECTION ( 'NONE',  ( 1.000000000000000000, 0.000000000000000000, 0.000000000000000000 ) ) ;
#7377 = AXIS2_PLACEMENT_3D ( 'NONE', #4696, #470, #9122 ) ;
#7378 = EDGE_CURVE ( 'NONE', #4469, #8324, #1416, .T. ) ;
#7379 = DIRECTION ( 'NONE',  ( -0.000000000000000000, -0.000000000000000000, -1.000000000000000000 ) ) ;
#7380 = ORIENTED_EDGE ( 'NONE', *, *, #8544, .T. ) ;
#7381 = ORIENTED_EDGE ( 'NONE', *, *, #7309, .T. ) ;
#7382 = OPEN_SHELL ( 'NONE', ( #7120, #2469, #5707, #1720, #1911 ) ) ;
#7383 = ORIENTED_EDGE ( 'NONE', *, *, #404, .T. ) ;
#7384 = DIRECTION ( 'NONE',  ( -0.3788326176466338957, 0.6561573413282841827, -0.6526433874850773309 ) ) ;
#7385 = DIRECTION ( 'NONE',  ( 1.000000000000000000, 0.000000000000000000, 0.000000000000000000 ) ) ;
#7386 = ORIENTED_EDGE ( 'NONE', *, *, #1842, .T. ) ;
#7387 = CYLINDRICAL_SURFACE ( 'NONE', #866, 5.500000000000008882 ) ;
#7388 = CARTESIAN_POINT ( 'NONE',  ( 267.0000000000000568, -29.00000000000000000, 10.00000000000000000 ) ) ;
#7389 = CARTESIAN_POINT ( 'NONE',  ( 267.0000000000000568, -29.00000000000000000, 0.000000000000000000 ) ) ;
#7390 = ORIENTED_EDGE ( 'NONE', *, *, #7360, .T. ) ;
#7391 = ORIENTED_EDGE ( 'NONE', *, *, #1969, .F. ) ;
#7392 = AXIS2_PLACEMENT_3D ( 'NONE', #3081, #3900, #1660 ) ;
#7393 = LINE ( 'NONE', #4502, #6669 ) ;
#7394 = DIRECTION ( 'NONE',  ( 0.000000000000000000, 0.000000000000000000, 1.000000000000000000 ) ) ;
#7395 = EDGE_CURVE ( 'NONE', #5123, #6759, #7896, .T. ) ;
#7396 = DIRECTION ( 'NONE',  ( -0.5000000000000007772, -0.8660254037844382635, -6.308085367188392213E-16 ) ) ;
#7397 = VERTEX_POINT ( 'NONE', #789 ) ;
#7398 = CARTESIAN_POINT ( 'NONE',  ( -21.06956468618803768, 149.4935565297863604, 24.99999999999997513 ) ) ;
#7399 = CARTESIAN_POINT ( 'NONE',  ( -253.2663151938430701, -177.6701257615601151, 10.00000000000000000 ) ) ;
#7400 = DIRECTION ( 'NONE',  ( -0.8660254037844387076, -0.4999999999999998890, 7.703719777548943412E-34 ) ) ;
#7401 = ORIENTED_EDGE ( 'NONE', *, *, #132, .T. ) ;
#7402 = CC_DESIGN_PERSON_AND_ORGANIZATION_ASSIGNMENT ( #7776, #4733, ( #1957 ) ) ;
#7403 = EDGE_CURVE ( 'NONE', #5763, #7264, #3436, .T. ) ;
#7404 = EDGE_LOOP ( 'NONE', ( #105, #7808, #6055, #6529 ) ) ;
#7405 = EDGE_CURVE ( 'NONE', #2770, #1265, #2895, .T. ) ;
#7406 = ORIENTED_EDGE ( 'NONE', *, *, #8473, .F. ) ;
#7407 = DIRECTION ( 'NONE',  ( 0.000000000000000000, 0.000000000000000000, 1.000000000000000000 ) ) ;
#7408 = DIRECTION ( 'NONE',  ( -3.435759386066700333E-16, 1.025445864033521055E-16, 1.000000000000000000 ) ) ;
#7409 = ORIENTED_EDGE ( 'NONE', *, *, #8345, .T. ) ;
#7410 = DIRECTION ( 'NONE',  ( 0.000000000000000000, -0.000000000000000000, 1.000000000000000000 ) ) ;
#7411 = DIRECTION ( 'NONE',  ( 0.5000000000000004441, -0.8660254037844383745, -6.308085367188393199E-16 ) ) ;
#7412 = VECTOR ( 'NONE', #5965, 1000.000000000000000 ) ;
#7413 = ORIENTED_EDGE ( 'NONE', *, *, #296, .T. ) ;
#7414 = AXIS2_PLACEMENT_3D ( 'NONE', #403, #1189, #1812 ) ;
#7415 = ADVANCED_FACE ( 'NONE', ( #6451 ), #9387, .T. ) ;
#7416 = ADVANCED_FACE ( 'NONE', ( #9483 ), #8756, .F. ) ;
#7417 = LINE ( 'NONE', #8235, #8923 ) ;
#7418 = FACE_OUTER_BOUND ( 'NONE', #6976, .T. ) ;
#7419 = LINE ( 'NONE', #6642, #7529 ) ;
#7420 = CARTESIAN_POINT ( 'NONE',  ( 272.0000000000000000, -56.50000000000000000, 10.00000000000000000 ) ) ;
#7421 = CIRCLE ( 'NONE', #2815, 4.999999999999995559 ) ;
#7422 = DIRECTION ( 'NONE',  ( 1.000000000000000000, 0.000000000000000000, 0.000000000000000000 ) ) ;
#7423 = ORIENTED_EDGE ( 'NONE', *, *, #9162, .F. ) ;
#7424 = CARTESIAN_POINT ( 'NONE',  ( -127.8756443470266646, 249.4871130596077364, 10.00000000000000178 ) ) ;
#7425 = CIRCLE ( 'NONE', #2972, 6.000000000000005329 ) ;
#7426 = LINE ( 'NONE', #1668, #1082 ) ;
#7427 = ORIENTED_EDGE ( 'NONE', *, *, #6056, .T. ) ;
#7428 = ADVANCED_FACE ( 'NONE', ( #3656 ), #2942, .T. ) ;
#7429 = VECTOR ( 'NONE', #8616, 1000.000000000000000 ) ;
#7430 = CARTESIAN_POINT ( 'NONE',  ( -205.7268960313996047, -128.3294364098945550, 8.000000000000028422 ) ) ;
#7431 = CARTESIAN_POINT ( 'NONE',  ( -65.37564434702643723, 141.2339375865524858, -115.0000000000000142 ) ) ;
#7432 = DIRECTION ( 'NONE',  ( 0.000000000000000000, 0.000000000000000000, 1.000000000000000000 ) ) ;
#7433 = AXIS2_PLACEMENT_3D ( 'NONE', #5829, #5735, #8665 ) ;
#7434 = ORIENTED_EDGE ( 'NONE', *, *, #850, .T. ) ;
#7435 = FACE_OUTER_BOUND ( 'NONE', #5343, .T. ) ;
#7436 = CIRCLE ( 'NONE', #2529, 3.999999999999990674 ) ;
#7437 = LINE ( 'NONE', #8110, #2063 ) ;
#7438 = CARTESIAN_POINT ( 'NONE',  ( -71.77583885762606997, 144.3193996572345839, -116.6719976458216621 ) ) ;
#7439 = VERTEX_POINT ( 'NONE', #7219 ) ;
#7440 = AXIS2_PLACEMENT_3D ( 'NONE', #5142, #2122, #4362 ) ;
#7441 = VERTEX_POINT ( 'NONE', #9435 ) ;
#7442 = VECTOR ( 'NONE', #2970, 1000.000000000000114 ) ;
#7443 = DIRECTION ( 'NONE',  ( -0.000000000000000000, -0.000000000000000000, -1.000000000000000000 ) ) ;
#7444 = ORIENTED_EDGE ( 'NONE', *, *, #2994, .F. ) ;
#7445 = CARTESIAN_POINT ( 'NONE',  ( 145.5000000000000568, -28.99999999999998934, 19.49999999999997868 ) ) ;
#7446 = DIRECTION ( 'NONE',  ( 0.8660254037844391517, 0.4999999999999993339, -6.938893903907230350E-16 ) ) ;
#7447 = ORIENTED_EDGE ( 'NONE', *, *, #1483, .T. ) ;
#7448 = DIRECTION ( 'NONE',  ( -0.5000000000000007772, 0.8660254037844382635, -6.308085367188392213E-16 ) ) ;
#7449 = PLANE ( 'NONE',  #1301 ) ;
#7450 = AXIS2_PLACEMENT_3D ( 'NONE', #5081, #7873, #8691 ) ;
#7451 = CARTESIAN_POINT ( 'NONE',  ( -44.88526329026009876, 135.7435565297863320, 19.49999999999997513 ) ) ;
#7452 = VECTOR ( 'NONE', #6563, 1000.000000000000000 ) ;
#7453 = VERTEX_POINT ( 'NONE', #5102 ) ;
#7454 = VECTOR ( 'NONE', #3646, 1000.000000000000000 ) ;
#7455 = ORIENTED_EDGE ( 'NONE', *, *, #4712, .F. ) ;
#7456 = ORIENTED_EDGE ( 'NONE', *, *, #4274, .F. ) ;
#7457 = AXIS2_PLACEMENT_3D ( 'NONE', #6662, #83, #863 ) ;
#7458 = AXIS2_PLACEMENT_3D ( 'NONE', #1097, #6229, #5508 ) ;
#7459 = DIRECTION ( 'NONE',  ( 1.635429539641433941E-16, -2.832647054857943335E-16, 1.000000000000000000 ) ) ;
#7460 = VECTOR ( 'NONE', #5626, 1000.000000000000000 ) ;
#7461 = CARTESIAN_POINT ( 'NONE',  ( 2.746133917884023390, 163.2435565297863604, 19.49999999999997513 ) ) ;
#7462 = EDGE_LOOP ( 'NONE', ( #756, #2645, #2946, #3695 ) ) ;
#7463 = EDGE_CURVE ( 'NONE', #7441, #4597, #1464, .T. ) ;
#7464 = CYLINDRICAL_SURFACE ( 'NONE', #8669, 10.00000000000000178 ) ;
#7465 = LINE ( 'NONE', #5251, #9059 ) ;
#7466 = EDGE_LOOP ( 'NONE', ( #7690, #2636, #3015, #3923 ) ) ;
#7467 = AXIS2_PLACEMENT_3D ( 'NONE', #7941, #587, #1188 ) ;
#7468 = FACE_BOUND ( 'NONE', #881, .T. ) ;
#7469 = EDGE_CURVE ( 'NONE', #8032, #1352, #5345, .T. ) ;
#7470 = CARTESIAN_POINT ( 'NONE',  ( 208.9999999999995453, -114.0000000000000142, -18.00000000000000355 ) ) ;
#7471 = CARTESIAN_POINT ( 'NONE',  ( 154.9999999999994884, -101.0000000000000284, -115.0000000000000142 ) ) ;
#7472 = CARTESIAN_POINT ( 'NONE',  ( -83.66025403781794978, -124.9038105676903285, -110.0000000000000142 ) ) ;
#7473 = CARTESIAN_POINT ( 'NONE',  ( 260.0000000000000568, -100.0000000000000142, 10.00000000000000000 ) ) ;
#7474 = ORIENTED_EDGE ( 'NONE', *, *, #8758, .F. ) ;
#7475 = CARTESIAN_POINT ( 'NONE',  ( -19.53143421778025868, 235.8294364098344147, -18.00000000000001421 ) ) ;
#7476 = EDGE_CURVE ( 'NONE', #8265, #342, #4046, .T. ) ;
#7477 = DIRECTION ( 'NONE',  ( -0.5000000000000003331, 0.8660254037844383745, 0.000000000000000000 ) ) ;
#7478 = EDGE_CURVE ( 'NONE', #4361, #1307, #8041, .T. ) ;
#7479 = ORIENTED_EDGE ( 'NONE', *, *, #4638, .T. ) ;
#7480 = ORIENTED_EDGE ( 'NONE', *, *, #2871, .T. ) ;
#7481 = CARTESIAN_POINT ( 'NONE',  ( 149.9999999999994600, -9.999999999999994671, -115.0000000000000284 ) ) ;
#7482 = CARTESIAN_POINT ( 'NONE',  ( -225.7365149746331952, -192.9871130596679336, -17.99999999999999645 ) ) ;
#7483 = ADVANCED_FACE ( 'NONE', ( #8899, #6690, #3941, #5297 ), #2461, .T. ) ;
#7484 = VERTEX_POINT ( 'NONE', #9088 ) ;
#7485 = CARTESIAN_POINT ( 'NONE',  ( -226.8525403784177286, -192.9201257615600866, 0.000000000000000000 ) ) ;
#7486 = ADVANCED_FACE ( 'NONE', ( #8273 ), #1703, .T. ) ;
#7487 = CARTESIAN_POINT ( 'NONE',  ( -181.9304353137968349, -205.5768590218235374, 10.00000000000000000 ) ) ;
#7488 = ORIENTED_EDGE ( 'NONE', *, *, #5111, .T. ) ;
#7489 = ORIENTED_EDGE ( 'NONE', *, *, #2813, .T. ) ;
#7490 = DIRECTION ( 'NONE',  ( 1.000000000000000000, 0.000000000000000000, 0.000000000000000000 ) ) ;
#7491 = ORIENTED_EDGE ( 'NONE', *, *, #6895, .T. ) ;
#7492 = DIRECTION ( 'NONE',  ( 0.4999999999999996114, 0.8660254037844388186, 0.000000000000000000 ) ) ;
#7493 = FACE_BOUND ( 'NONE', #5822, .T. ) ;
#7494 = EDGE_LOOP ( 'NONE', ( #2868, #7488, #3033, #1005 ) ) ;
#7495 = CARTESIAN_POINT ( 'NONE',  ( -163.4865149746330530, -85.16695028850482174, -105.4737205583711841 ) ) ;
#7496 = CARTESIAN_POINT ( 'NONE',  ( 268.0000000000000000, -56.50000000000000000, 10.00000000000000000 ) ) ;
#7497 = DIRECTION ( 'NONE',  ( 0.5000000000000007772, 0.8660254037844382635, 6.308085367188392213E-16 ) ) ;
#7498 = VERTEX_POINT ( 'NONE', #3891 ) ;
#7499 = EDGE_LOOP ( 'NONE', ( #4883, #8144, #6098, #5572 ) ) ;
#7500 = AXIS2_PLACEMENT_3D ( 'NONE', #7695, #2556, #6159 ) ;
#7501 = ORIENTED_EDGE ( 'NONE', *, *, #2024, .F. ) ;
#7502 = FACE_OUTER_BOUND ( 'NONE', #5242, .T. ) ;
#7503 = DIRECTION ( 'NONE',  ( -0.5000000000000008882, 0.8660254037844382635, 0.000000000000000000 ) ) ;
#7504 = ORIENTED_EDGE ( 'NONE', *, *, #1095, .F. ) ;
#7505 = CARTESIAN_POINT ( 'NONE',  ( -181.9304353137968349, -205.5768590218235374, 10.00000000000000000 ) ) ;
#7506 = CIRCLE ( 'NONE', #5671, 2.999999999999947153 ) ;
#7507 = VECTOR ( 'NONE', #3595, 1000.000000000000000 ) ;
#7508 = CARTESIAN_POINT ( 'NONE',  ( 149.9999999999994600, -2.370561427938470800, -120.0000000000000426 ) ) ;
#7509 = DIRECTION ( 'NONE',  ( -1.000000000000000000, 0.000000000000000000, 0.000000000000000000 ) ) ;
#7510 = VERTEX_POINT ( 'NONE', #3031 ) ;
#7511 = AXIS2_PLACEMENT_3D ( 'NONE', #8143, #6026, #5936 ) ;
#7512 = AXIS2_PLACEMENT_3D ( 'NONE', #8338, #1051, #3961 ) ;
#7513 = FACE_BOUND ( 'NONE', #6555, .T. ) ;
#7514 = CARTESIAN_POINT ( 'NONE',  ( 149.9999999999995168, -99.00000000000001421, -115.0000000000000142 ) ) ;
#7515 = CARTESIAN_POINT ( 'NONE',  ( -119.1243556529556713, -178.3294364098944698, -137.5000000000000000 ) ) ;
#7516 = CARTESIAN_POINT ( 'NONE',  ( -152.1243556529558703, -235.4871130596678483, -17.99999999999999645 ) ) ;
#7517 = DIRECTION ( 'NONE',  ( -0.2500000000000000000, -0.4330127018922182436, 0.8660254037844391517 ) ) ;
#7518 = ORIENTED_EDGE ( 'NONE', *, *, #6858, .F. ) ;
#7519 = FACE_BOUND ( 'NONE', #8323, .T. ) ;
#7520 = DIRECTION ( 'NONE',  ( -1.000000000000000000, 0.000000000000000000, 0.000000000000000000 ) ) ;
#7521 = CIRCLE ( 'NONE', #5368, 4.999999999999998224 ) ;
#7522 = ORIENTED_EDGE ( 'NONE', *, *, #569, .F. ) ;
#7523 = ADVANCED_FACE ( 'NONE', ( #6161 ), #8227, .F. ) ;
#7524 = EDGE_CURVE ( 'NONE', #897, #4202, #6500, .T. ) ;
#7525 = EDGE_CURVE ( 'NONE', #5962, #4597, #7266, .T. ) ;
#7526 = EDGE_LOOP ( 'NONE', ( #9199, #5482 ) ) ;
#7527 = CARTESIAN_POINT ( 'NONE',  ( -21.06956468618784939, 149.4935565297863036, 10.00000000000000000 ) ) ;
#7528 = DIRECTION ( 'NONE',  ( -3.105958772499037896E-16, -1.025445864033519576E-16, -1.000000000000000000 ) ) ;
#7529 = VECTOR ( 'NONE', #5307, 1000.000000000000114 ) ;
#7530 = VERTEX_POINT ( 'NONE', #7505 ) ;
#7531 = DIRECTION ( 'NONE',  ( 0.8660254037844387076, 0.4999999999999998890, 0.000000000000000000 ) ) ;
#7532 = DIRECTION ( 'NONE',  ( -0.5000000000000008882, 0.8660254037844380415, 0.000000000000000000 ) ) ;
#7533 = OPEN_SHELL ( 'NONE', ( #3405, #4005, #5479, #8772, #1731, #2292, #3319, #4400, #5675, #6797, #1545, #294, #414, #134, #2839, #1532, #8892, #4374, #3017, #6880, #3238, #4007, #4413, #7661, #4338, #2141, #6698, #1334, #4384, #1015, #6347, #2257, #2944, #8179, #121, #3865, #1215, #1860, #5544 ) ) ;
#7534 = ORIENTED_EDGE ( 'NONE', *, *, #1080, .T. ) ;
#7535 = EDGE_CURVE ( 'NONE', #7799, #2576, #8050, .T. ) ;
#7536 = ORIENTED_EDGE ( 'NONE', *, *, #2191, .F. ) ;
#7537 = DIRECTION ( 'NONE',  ( 0.8660254037844390407, -0.4999999999999992784, -0.000000000000000000 ) ) ;
#7538 = CARTESIAN_POINT ( 'NONE',  ( -118.9304353137946322, -92.99355652984641551, 10.00000000000000000 ) ) ;
#7539 = ORIENTED_EDGE ( 'NONE', *, *, #7130, .T. ) ;
#7540 = DIRECTION ( 'NONE',  ( 0.3535533905932740639, 0.6123724356957961357, -0.7071067811865460184 ) ) ;
#7541 = CIRCLE ( 'NONE', #4773, 2.000000000016322055 ) ;
#7542 = CYLINDRICAL_SURFACE ( 'NONE', #3049, 2.999999999999947153 ) ;
#7543 = VERTEX_POINT ( 'NONE', #887 ) ;
#7544 = DIRECTION ( 'NONE',  ( 1.635429539641433941E-16, -2.832647054857943335E-16, 1.000000000000000000 ) ) ;
#7545 = FACE_OUTER_BOUND ( 'NONE', #1655, .T. ) ;
#7546 = FACE_OUTER_BOUND ( 'NONE', #8141, .T. ) ;
#7547 = VERTEX_POINT ( 'NONE', #1561 ) ;
#7548 = ORIENTED_EDGE ( 'NONE', *, *, #9002, .T. ) ;
#7549 = EDGE_CURVE ( 'NONE', #3058, #6704, #4353, .T. ) ;
#7550 = CIRCLE ( 'NONE', #9392, 3.000000000000002665 ) ;
#7551 = ORIENTED_EDGE ( 'NONE', *, *, #2178, .F. ) ;
#7552 = DIRECTION ( 'NONE',  ( 0.000000000000000000, 0.000000000000000000, 1.000000000000000000 ) ) ;
#7553 = DIRECTION ( 'NONE',  ( 0.000000000000000000, 0.000000000000000000, 1.000000000000000000 ) ) ;
#7554 = ORIENTED_EDGE ( 'NONE', *, *, #5289, .F. ) ;
#7555 = CARTESIAN_POINT ( 'NONE',  ( -19.53143421778027289, 235.8294364098343863, 8.000000000000028422 ) ) ;
#7556 = CARTESIAN_POINT ( 'NONE',  ( -21.26348502534913720, 234.8294364098343863, 8.000000000000028422 ) ) ;
#7557 = DIRECTION ( 'NONE',  ( 0.4941902632238130977, -0.8559626445094798974, 0.1519997859837838028 ) ) ;
#7558 = ORIENTED_EDGE ( 'NONE', *, *, #5422, .T. ) ;
#7559 = ORIENTED_EDGE ( 'NONE', *, *, #7769, .T. ) ;
#7560 = DIRECTION ( 'NONE',  ( -1.649003067838308177E-17, 1.025445864033520315E-16, 1.000000000000000000 ) ) ;
#7561 = CARTESIAN_POINT ( 'NONE',  ( 213.9999999999995453, -101.0000000000000142, -18.00000000000000355 ) ) ;
#7562 = FACE_OUTER_BOUND ( 'NONE', #4292, .T. ) ;
#7563 = CARTESIAN_POINT ( 'NONE',  ( 154.9999999999995168, -14.00000000000000000, -115.0000000000000284 ) ) ;
#7564 = DIRECTION ( 'NONE',  ( 0.2500000000000001665, 0.4330127018922187432, 0.8660254037844388186 ) ) ;
#7565 = ORIENTED_EDGE ( 'NONE', *, *, #4395, .F. ) ;
#7566 = FACE_BOUND ( 'NONE', #3025, .T. ) ;
#7567 = CYLINDRICAL_SURFACE ( 'NONE', #8585, 4.999999999999998224 ) ;
#7568 = VERTEX_POINT ( 'NONE', #9039 ) ;
#7569 = AXIS2_PLACEMENT_3D ( 'NONE', #1263, #628, #4164 ) ;
#7570 = CIRCLE ( 'NONE', #3135, 4.999999999999995559 ) ;
#7571 = FACE_OUTER_BOUND ( 'NONE', #7691, .T. ) ;
#7572 = VECTOR ( 'NONE', #7459, 1000.000000000000000 ) ;
#7573 = FACE_BOUND ( 'NONE', #8492, .T. ) ;
#7574 = CARTESIAN_POINT ( 'NONE',  ( -158.8079664398314605, -345.0634665205517422, 10.00000000000000000 ) ) ;
#7575 = ORIENTED_EDGE ( 'NONE', *, *, #7364, .T. ) ;
#7576 = EDGE_CURVE ( 'NONE', #4587, #8293, #1749, .T. ) ;
#7577 = CARTESIAN_POINT ( 'NONE',  ( 142.0000000000000000, -56.50000000000000000, 10.00000000000000000 ) ) ;
#7578 = CARTESIAN_POINT ( 'NONE',  ( 139.9999999999999716, -56.50000000000000000, 0.000000000000000000 ) ) ;
#7579 = VECTOR ( 'NONE', #1165, 1000.000000000000000 ) ;
#7580 = ORIENTED_EDGE ( 'NONE', *, *, #1886, .F. ) ;
#7581 = ORIENTED_EDGE ( 'NONE', *, *, #2084, .T. ) ;
#7582 = FACE_OUTER_BOUND ( 'NONE', #3788, .T. ) ;
#7583 = VECTOR ( 'NONE', #980, 1000.000000000000000 ) ;
#7584 = EDGE_CURVE ( 'NONE', #4535, #2503, #6779, .T. ) ;
#7585 = DIRECTION ( 'NONE',  ( -1.590700424025042927E-16, 1.025445864033520685E-16, 1.000000000000000000 ) ) ;
#7586 = AXIS2_PLACEMENT_3D ( 'NONE', #7719, #3344, #2626 ) ;
#7587 = FACE_OUTER_BOUND ( 'NONE', #2831, .T. ) ;
#7588 = EDGE_LOOP ( 'NONE', ( #6344, #3805, #7960, #8834 ) ) ;
#7589 = CARTESIAN_POINT ( 'NONE',  ( 138.9999999999994884, -99.00000000000002842, -115.0000000000000142 ) ) ;
#7590 = ADVANCED_FACE ( 'NONE', ( #197 ), #7464, .F. ) ;
#7591 = CARTESIAN_POINT ( 'NONE',  ( 150.0000000000000284, -130.5000000000000000, 10.00000000000000000 ) ) ;
#7592 = DIRECTION ( 'NONE',  ( -0.5000000000000012212, 0.8660254037844379305, 0.000000000000000000 ) ) ;
#7593 = EDGE_LOOP ( 'NONE', ( #252, #3264, #6013, #6939 ) ) ;
#7594 = ADVANCED_FACE ( 'NONE', ( #4475 ), #2410, .T. ) ;
#7595 = VECTOR ( 'NONE', #8745, 1000.000000000000000 ) ;
#7596 = VERTEX_POINT ( 'NONE', #6731 ) ;
#7597 = CIRCLE ( 'NONE', #3443, 11.00000000000000355 ) ;
#7598 = VERTEX_POINT ( 'NONE', #155 ) ;
#7599 = DIRECTION ( 'NONE',  ( 1.635429539641434187E-16, -2.832647054857943828E-16, 1.000000000000000000 ) ) ;
#7600 = VECTOR ( 'NONE', #8402, 1000.000000000000000 ) ;
#7601 = DIRECTION ( 'NONE',  ( 0.8660254037844390407, -0.4999999999999992784, -0.000000000000000000 ) ) ;
#7602 = ORIENTED_EDGE ( 'NONE', *, *, #5651, .T. ) ;
#7603 = DIRECTION ( 'NONE',  ( 0.2499999999999999445, -0.4330127018922209636, -0.8660254037844378194 ) ) ;
#7604 = AXIS2_PLACEMENT_3D ( 'NONE', #3870, #5378, #6806 ) ;
#7605 = EDGE_CURVE ( 'NONE', #2247, #8750, #9184, .T. ) ;
#7606 = CARTESIAN_POINT ( 'NONE',  ( 270.0000000000000000, -29.00000000000001066, 19.49999999999997513 ) ) ;
#7607 = AXIS2_PLACEMENT_3D ( 'NONE', #2170, #7400, #5095 ) ;
#7608 = DIRECTION ( 'NONE',  ( -2.220446049250312588E-16, -1.000000000000000000, 1.025445864033519699E-16 ) ) ;
#7609 = VERTEX_POINT ( 'NONE', #2646 ) ;
#7610 = VECTOR ( 'NONE', #908, 1000.000000000000000 ) ;
#7611 = VERTEX_POINT ( 'NONE', #9281 ) ;
#7612 = CIRCLE ( 'NONE', #1024, 2.999999999967251085 ) ;
#7613 = DIRECTION ( 'NONE',  ( 1.000000000000000000, 0.000000000000000000, 0.000000000000000000 ) ) ;
#7614 = AXIS2_PLACEMENT_3D ( 'NONE', #5669, #4946, #7195 ) ;
#7615 = CYLINDRICAL_SURFACE ( 'NONE', #7129, 1.999999999980905940 ) ;
#7616 = DIRECTION ( 'NONE',  ( -0.8660254037844391517, 0.4999999999999992784, 0.000000000000000000 ) ) ;
#7617 = CYLINDRICAL_SURFACE ( 'NONE', #6536, 7.499999999999992006 ) ;
#7618 = DIRECTION ( 'NONE',  ( -0.000000000000000000, -0.000000000000000000, -1.000000000000000000 ) ) ;
#7619 = ORIENTED_EDGE ( 'NONE', *, *, #9263, .F. ) ;
#7620 = DIRECTION ( 'NONE',  ( -0.2500000000000000000, -0.4330127018922182436, 0.8660254037844391517 ) ) ;
#7621 = DIRECTION ( 'NONE',  ( -0.8660254037844387076, -0.4999999999999998890, -7.703719777548943412E-34 ) ) ;
#7622 = ORIENTED_EDGE ( 'NONE', *, *, #7925, .F. ) ;
#7623 = CIRCLE ( 'NONE', #7467, 5.499999999999997335 ) ;
#7624 = ORIENTED_EDGE ( 'NONE', *, *, #9188, .F. ) ;
#7625 = CARTESIAN_POINT ( 'NONE',  ( 270.0000000000000000, -29.00000000000001066, 19.49999999999997513 ) ) ;
#7626 = LINE ( 'NONE', #6943, #1696 ) ;
#7627 = CARTESIAN_POINT ( 'NONE',  ( -142.1243556529558987, -218.1666049839790844, 10.00000000000000178 ) ) ;
#7628 = CIRCLE ( 'NONE', #2114, 2.999999999997893241 ) ;
#7629 = CYLINDRICAL_SURFACE ( 'NONE', #8525, 5.499999999999997335 ) ;
#7630 = EDGE_CURVE ( 'NONE', #3316, #3945, #5749, .T. ) ;
#7631 = DIRECTION ( 'NONE',  ( -0.5000000000000007772, -0.8660254037844382635, -6.308085367188392213E-16 ) ) ;
#7632 = ORIENTED_EDGE ( 'NONE', *, *, #7660, .F. ) ;
#7633 = ADVANCED_FACE ( 'NONE', ( #1893 ), #3365, .F. ) ;
#7634 = ORIENTED_EDGE ( 'NONE', *, *, #8928, .T. ) ;
#7635 = EDGE_CURVE ( 'NONE', #5056, #1194, #8370, .T. ) ;
#7636 = DIRECTION ( 'NONE',  ( -1.635429539641431969E-16, -2.832647054857945307E-16, 1.000000000000000000 ) ) ;
#7637 = DIRECTION ( 'NONE',  ( 0.4999999999999985567, 0.8660254037844394848, 0.000000000000000000 ) ) ;
#7638 = DIRECTION ( 'NONE',  ( 0.7071067811865515695, -8.449927344859873071E-17, 0.7071067811865434649 ) ) ;
#7639 = ORIENTED_EDGE ( 'NONE', *, *, #694, .T. ) ;
#7640 = CARTESIAN_POINT ( 'NONE',  ( -95.11473670972256400, -106.7435565298464013, 19.49999999999997513 ) ) ;
#7641 = CARTESIAN_POINT ( 'NONE',  ( 260.0000000000001137, 42.50000000000000711, 10.00000000000000000 ) ) ;
#7642 = LINE ( 'NONE', #6912, #6832 ) ;
#7643 = EDGE_LOOP ( 'NONE', ( #4161, #7575, #7947, #9274 ) ) ;
#7644 = ORIENTED_EDGE ( 'NONE', *, *, #4942, .T. ) ;
#7645 = EDGE_CURVE ( 'NONE', #3125, #925, #6302, .T. ) ;
#7646 = ORIENTED_EDGE ( 'NONE', *, *, #4108, .F. ) ;
#7647 = EDGE_CURVE ( 'NONE', #6291, #7375, #7795, .T. ) ;
#7648 = EDGE_CURVE ( 'NONE', #7598, #5123, #7746, .T. ) ;
#7649 = CARTESIAN_POINT ( 'NONE',  ( -118.9304353137946322, -92.99355652984641551, 10.00000000000000000 ) ) ;
#7650 = DIRECTION ( 'NONE',  ( 1.000000000000000000, 0.000000000000000000, 0.000000000000000000 ) ) ;
#7651 = ORIENTED_EDGE ( 'NONE', *, *, #5372, .T. ) ;
#7652 = DIRECTION ( 'NONE',  ( -0.000000000000000000, -0.000000000000000000, -1.000000000000000000 ) ) ;
#7653 = CARTESIAN_POINT ( 'NONE',  ( 140.0000000000000284, -28.99999999999997158, 24.99999999999997513 ) ) ;
#7654 = DIRECTION ( 'NONE',  ( -0.4999999999999998890, 0.8660254037844387076, -3.270859079282868375E-16 ) ) ;
#7655 = ORIENTED_EDGE ( 'NONE', *, *, #6255, .T. ) ;
#7656 = ORIENTED_EDGE ( 'NONE', *, *, #6158, .T. ) ;
#7657 = ADVANCED_FACE ( 'NONE', ( #1220 ), #1846, .F. ) ;
#7658 = DIRECTION ( 'NONE',  ( 0.7071067811865461294, -2.295192182881573627E-16, -0.7071067811865489050 ) ) ;
#7659 = FACE_OUTER_BOUND ( 'NONE', #2265, .T. ) ;
#7660 = EDGE_CURVE ( 'NONE', #2488, #2284, #4086, .T. ) ;
#7661 = ADVANCED_FACE ( 'NONE', ( #2504 ), #3458, .T. ) ;
#7663 = CARTESIAN_POINT ( 'NONE',  ( 213.9999999999995453, -101.0000000000000142, 8.000000000000035527 ) ) ;
#7662 = CIRCLE ( 'NONE', #133, 5.000000000000004441 ) ;
#7664 = CARTESIAN_POINT ( 'NONE',  ( 218.9999999999995453, -114.0000000000000142, -18.00000000000000355 ) ) ;
#7665 = AXIS2_PLACEMENT_3D ( 'NONE', #1177, #9186, #8457 ) ;
#7666 = DIRECTION ( 'NONE',  ( 1.000000000000000000, 0.000000000000000000, 0.000000000000000000 ) ) ;
#7667 = ORIENTED_EDGE ( 'NONE', *, *, #7855, .T. ) ;
#7668 = FACE_BOUND ( 'NONE', #6561, .T. ) ;
#7669 = DIRECTION ( 'NONE',  ( 0.4941902632238114879, -0.8559626445094808966, 0.1519997859837828591 ) ) ;
#7670 = ORIENTED_EDGE ( 'NONE', *, *, #4107, .T. ) ;
#7671 = CIRCLE ( 'NONE', #2900, 5.500000000000005329 ) ;
#7672 = CIRCLE ( 'NONE', #4897, 5.000000000000004441 ) ;
#7673 = AXIS2_PLACEMENT_3D ( 'NONE', #2383, #7528, #5321 ) ;
#7674 = FACE_OUTER_BOUND ( 'NONE', #5362, .T. ) ;
#7675 = CARTESIAN_POINT ( 'NONE',  ( -156.8079664398501052, 345.0634665204915450, 10.00000000000000000 ) ) ;
#7676 = DIRECTION ( 'NONE',  ( -2.220446049250312588E-16, -1.000000000000000000, 1.025445864033519699E-16 ) ) ;
#7677 = AXIS2_PLACEMENT_3D ( 'NONE', #997, #8863, #7520 ) ;
#7678 = CIRCLE ( 'NONE', #7959, 3.500000000000003109 ) ;
#7679 = VECTOR ( 'NONE', #8249, 1000.000000000000000 ) ;
#7680 = LINE ( 'NONE', #317, #2847 ) ;
#7681 = VERTEX_POINT ( 'NONE', #6345 ) ;
#7682 = ORIENTED_EDGE ( 'NONE', *, *, #3814, .T. ) ;
#7683 = DIRECTION ( 'NONE',  ( -0.000000000000000000, -0.000000000000000000, -1.000000000000000000 ) ) ;
#7684 = CARTESIAN_POINT ( 'NONE',  ( 140.0000000000000284, -28.99999999999998579, 19.49999999999997513 ) ) ;
#7685 = LINE ( 'NONE', #3832, #4431 ) ;
#7686 = VERTEX_POINT ( 'NONE', #7023 ) ;
#7687 = CARTESIAN_POINT ( 'NONE',  ( -64.00386608211594819, 278.8579479350088945, 10.00000000000000178 ) ) ;
#7688 = CARTESIAN_POINT ( 'NONE',  ( -156.8079664398502757, -345.0634665205517422, 0.000000000000000000 ) ) ;
#7689 = FACE_OUTER_BOUND ( 'NONE', #131, .T. ) ;
#7690 = ORIENTED_EDGE ( 'NONE', *, *, #8230, .F. ) ;
#7691 = EDGE_LOOP ( 'NONE', ( #1065, #3779, #7651, #1818 ) ) ;
#7692 = ORIENTED_EDGE ( 'NONE', *, *, #5407, .T. ) ;
#7693 = EDGE_CURVE ( 'NONE', #4981, #5281, #5602, .T. ) ;
#7694 = CARTESIAN_POINT ( 'NONE',  ( 264.5000000000000000, -84.00000000000001421, 24.99999999999998224 ) ) ;
#7695 = CARTESIAN_POINT ( 'NONE',  ( 213.9999999999995453, -99.00000000000001421, 8.000000000000035527 ) ) ;
#7696 = ORIENTED_EDGE ( 'NONE', *, *, #6040, .F. ) ;
#7697 = CARTESIAN_POINT ( 'NONE',  ( 273.5000000000000000, -29.00000000000001066, 19.49999999999997513 ) ) ;
#7698 = DIRECTION ( 'NONE',  ( 2.147441422185896328E-16, -1.025445864033520808E-16, -1.000000000000000000 ) ) ;
#7699 = DIRECTION ( 'NONE',  ( -0.8660254037844387076, 0.4999999999999998890, 0.000000000000000000 ) ) ;
#7700 = ADVANCED_FACE ( 'NONE', ( #531 ), #1120, .F. ) ;
#7701 = EDGE_CURVE ( 'NONE', #8119, #2107, #5489, .T. ) ;
#7702 = ORIENTED_EDGE ( 'NONE', *, *, #4929, .F. ) ;
#7703 = ORIENTED_EDGE ( 'NONE', *, *, #3072, .T. ) ;
#7704 = DIRECTION ( 'NONE',  ( 0.000000000000000000, 0.000000000000000000, 1.000000000000000000 ) ) ;
#7705 = CARTESIAN_POINT ( 'NONE',  ( -21.06956468618804124, 149.4935565297863604, -3.000000000000030198 ) ) ;
#7706 = DIRECTION ( 'NONE',  ( -0.4999999999999997224, -0.8660254037844387076, 0.000000000000000000 ) ) ;
#7707 = DIRECTION ( 'NONE',  ( -0.000000000000000000, -0.000000000000000000, -1.000000000000000000 ) ) ;
#7708 = DIRECTION ( 'NONE',  ( -0.8660254037844387076, -0.4999999999999998890, 7.703719777548943412E-34 ) ) ;
#7709 = ORIENTED_EDGE ( 'NONE', *, *, #4013, .T. ) ;
#7710 = DIRECTION ( 'NONE',  ( -0.000000000000000000, -0.000000000000000000, -1.000000000000000000 ) ) ;
#7711 = CARTESIAN_POINT ( 'NONE',  ( -197.2185657822018925, -139.5925761307089488, -27.52627944162883722 ) ) ;
#7712 = EDGE_CURVE ( 'NONE', #322, #7231, #8361, .T. ) ;
#7713 = EDGE_LOOP ( 'NONE', ( #5080, #2405 ) ) ;
#7714 = EDGE_CURVE ( 'NONE', #3254, #1923, #1266, .T. ) ;
#7715 = CARTESIAN_POINT ( 'NONE',  ( -54.92021828561267682, 297.6701257614999463, 0.000000000000000000 ) ) ;
#7716 = CARTESIAN_POINT ( 'NONE',  ( -194.4685657822018925, -134.8294364098945266, -18.00000000000001066 ) ) ;
#7717 = DIRECTION ( 'NONE',  ( -1.000000000000000000, 0.000000000000000000, 0.000000000000000000 ) ) ;
#7718 = ORIENTED_EDGE ( 'NONE', *, *, #5699, .T. ) ;
#7719 = CARTESIAN_POINT ( 'NONE',  ( -116.5560796608472600, 116.8810519035827866, 10.00000000000000000 ) ) ;
#7720 = DIRECTION ( 'NONE',  ( 0.000000000000000000, 0.000000000000000000, 1.000000000000000000 ) ) ;
#7721 = CARTESIAN_POINT ( 'NONE',  ( 380.2377111446261324, 35.00000000000000000, 10.00000000000000000 ) ) ;
#7722 = EDGE_CURVE ( 'NONE', #2007, #5941, #4052, .T. ) ;
#7723 = COORDINATED_UNIVERSAL_TIME_OFFSET ( 1, 0, .AHEAD. ) ;
#7724 = VECTOR ( 'NONE', #7492, 1000.000000000000114 ) ;
#7725 = ORIENTED_EDGE ( 'NONE', *, *, #6649, .F. ) ;
#7726 = AXIS2_PLACEMENT_3D ( 'NONE', #931, #6776, #4517 ) ;
#7727 = ORIENTED_EDGE ( 'NONE', *, *, #6156, .F. ) ;
#7728 = CARTESIAN_POINT ( 'NONE',  ( 138.0000000000000568, -56.49999999999998579, 10.00000000000000533 ) ) ;
#7729 = DIRECTION ( 'NONE',  ( 1.000000000000000000, 0.000000000000000000, 0.000000000000000000 ) ) ;
#7730 = AXIS2_PLACEMENT_3D ( 'NONE', #750, #8816, #5168 ) ;
#7731 = AXIS2_PLACEMENT_3D ( 'NONE', #6544, #2222, #8084 ) ;
#7732 = CARTESIAN_POINT ( 'NONE',  ( -161.8647367097224219, -222.3579479350690349, 10.00000000000000178 ) ) ;
#7733 = ORIENTED_EDGE ( 'NONE', *, *, #4940, .F. ) ;
#7734 = CARTESIAN_POINT ( 'NONE',  ( -95.11473670972256400, -106.7435565298464013, 10.00000000000000000 ) ) ;
#7735 = CIRCLE ( 'NONE', #8346, 5.000000000000004441 ) ;
#7736 = CARTESIAN_POINT ( 'NONE',  ( -22.06956468618803058, 151.2256073373552283, 24.99999999999997513 ) ) ;
#7737 = DIRECTION ( 'NONE',  ( -1.000000000000000000, 0.000000000000000000, 0.000000000000000000 ) ) ;
#7738 = ORIENTED_EDGE ( 'NONE', *, *, #7056, .F. ) ;
#7739 = VECTOR ( 'NONE', #8427, 1000.000000000000000 ) ;
#7740 = EDGE_LOOP ( 'NONE', ( #3781, #7667, #327, #7854 ) ) ;
#7741 = AXIS2_PLACEMENT_3D ( 'NONE', #8236, #8181, #5352 ) ;
#7742 = VECTOR ( 'NONE', #9363, 1000.000000000000000 ) ;
#7743 = DIRECTION ( 'NONE',  ( 0.5000000000000012212, -0.8660254037844379305, 0.000000000000000000 ) ) ;
#7744 = CARTESIAN_POINT ( 'NONE',  ( 224.9999999999995737, -99.00000000000001421, 8.000000000000039080 ) ) ;
#7745 = ORIENTED_EDGE ( 'NONE', *, *, #8538, .T. ) ;
#7746 = LINE ( 'NONE', #5634, #5134 ) ;
#7747 = CARTESIAN_POINT ( 'NONE',  ( 280.5000000000000000, -130.5000000000000000, 10.00000000000000000 ) ) ;
#7748 = AXIS2_PLACEMENT_3D ( 'NONE', #8022, #8650, #4952 ) ;
#7749 = CARTESIAN_POINT ( 'NONE',  ( 159.5000000000000284, -130.5000000000000000, 10.00000000000000000 ) ) ;
#7750 = AXIS2_PLACEMENT_3D ( 'NONE', #3637, #7847, #5907 ) ;
#7751 = EDGE_CURVE ( 'NONE', #9082, #7017, #1074, .T. ) ;
#7752 = ORIENTED_EDGE ( 'NONE', *, *, #5640, .F. ) ;
#7753 = VERTEX_POINT ( 'NONE', #7697 ) ;
#7754 = CIRCLE ( 'NONE', #4062, 3.500000000000001332 ) ;
#7755 = CARTESIAN_POINT ( 'NONE',  ( 159.5000000000000284, -140.0000000000000284, 10.00000000000000000 ) ) ;
#7756 = DIRECTION ( 'NONE',  ( -1.000000000000000000, 0.000000000000000000, 0.000000000000000000 ) ) ;
#7757 = EDGE_CURVE ( 'NONE', #3222, #202, #5723, .T. ) ;
#7758 = CIRCLE ( 'NONE', #7604, 3.500000000000003109 ) ;
#7759 = LINE ( 'NONE', #5731, #8483 ) ;
#7760 = CARTESIAN_POINT ( 'NONE',  ( 149.9999999999994600, -9.999999999999996447, -126.0000000000000284 ) ) ;
#7761 = FACE_OUTER_BOUND ( 'NONE', #1395, .T. ) ;
#7762 = ORIENTED_EDGE ( 'NONE', *, *, #8812, .F. ) ;
#7763 = FACE_BOUND ( 'NONE', #122, .T. ) ;
#7764 = LINE ( 'NONE', #5552, #1237 ) ;
#7765 = ORIENTED_EDGE ( 'NONE', *, *, #4707, .T. ) ;
#7766 = VECTOR ( 'NONE', #8337, 1000.000000000000000 ) ;
#7767 = VECTOR ( 'NONE', #1595, 1000.000000000000000 ) ;
#7768 = DIRECTION ( 'NONE',  ( -1.000000000000000000, 0.000000000000000000, -3.469446951953611231E-16 ) ) ;
#7769 = EDGE_CURVE ( 'NONE', #7279, #9172, #1452, .T. ) ;
#7770 = CARTESIAN_POINT ( 'NONE',  ( -10.27310396858255892, 245.7935380249721504, 8.000000000000028422 ) ) ;
#7771 = AXIS2_PLACEMENT_3D ( 'NONE', #7162, #1943, #2842 ) ;
#7772 = DIRECTION ( 'NONE',  ( 0.8660254037844387076, 0.4999999999999998890, 0.000000000000000000 ) ) ;
#7773 = ORIENTED_EDGE ( 'NONE', *, *, #7990, .T. ) ;
#7774 = CARTESIAN_POINT ( 'NONE',  ( -120.9304353137757033, -92.99355652984641551, 0.000000000000000000 ) ) ;
#7775 = VECTOR ( 'NONE', #34, 1000.000000000000114 ) ;
#7776 = PERSON_AND_ORGANIZATION ( #3110, #5628 ) ;
#7777 = ORIENTED_EDGE ( 'NONE', *, *, #7524, .F. ) ;
#7778 = ORIENTED_EDGE ( 'NONE', *, *, #1495, .T. ) ;
#7779 = ADVANCED_FACE ( 'NONE', ( #6484, #3549, #2931, #5093 ), #1406, .T. ) ;
#7780 = DIRECTION ( 'NONE',  ( -2.220446049250312588E-16, -1.000000000000000000, 1.025445864033519699E-16 ) ) ;
#7781 = EDGE_CURVE ( 'NONE', #1868, #3050, #6973, .T. ) ;
#7782 = LINE ( 'NONE', #6907, #3376 ) ;
#7783 = ADVANCED_FACE ( 'NONE', ( #9471 ), #2789, .F. ) ;
#7784 = CARTESIAN_POINT ( 'NONE',  ( -51.62564434702643723, 117.4182389824804460, -102.5000000000000142 ) ) ;
#7785 = ORIENTED_EDGE ( 'NONE', *, *, #3392, .F. ) ;
#7786 = CARTESIAN_POINT ( 'NONE',  ( -8.273103968582558920, 242.3294364098343863, -18.00000000000001066 ) ) ;
#7787 = DIRECTION ( 'NONE',  ( 1.000000000000000000, 0.000000000000000000, 0.000000000000000000 ) ) ;
#7788 = LINE ( 'NONE', #7924, #8071 ) ;
#7789 = ORIENTED_EDGE ( 'NONE', *, *, #8999, .F. ) ;
#7790 = ORIENTED_EDGE ( 'NONE', *, *, #8697, .F. ) ;
#7791 = LINE ( 'NONE', #7064, #8794 ) ;
#7792 = EDGE_CURVE ( 'NONE', #4120, #6952, #7276, .T. ) ;
#7793 = CARTESIAN_POINT ( 'NONE',  ( -95.11473670972256400, -106.7435565298464013, 0.000000000000000000 ) ) ;
#7794 = EDGE_LOOP ( 'NONE', ( #7752, #8068, #7211, #9401 ) ) ;
#7795 = LINE ( 'NONE', #7067, #6366 ) ;
#7796 = CARTESIAN_POINT ( 'NONE',  ( -195.4865149746330246, -140.5925761307089488, -27.52627944162883722 ) ) ;
#7797 = DIRECTION ( 'NONE',  ( -0.000000000000000000, -0.000000000000000000, -1.000000000000000000 ) ) ;
#7798 = ORIENTED_EDGE ( 'NONE', *, *, #5358, .F. ) ;
#7799 = VERTEX_POINT ( 'NONE', #5774 ) ;
#7800 = CARTESIAN_POINT ( 'NONE',  ( 378.2377111446261324, -35.00000000000000000, 10.00000000000000000 ) ) ;
#7801 = DIRECTION ( 'NONE',  ( 0.5000000000000014433, 0.8660254037844379305, 0.000000000000000000 ) ) ;
#7802 = CARTESIAN_POINT ( 'NONE',  ( 13.71856578221975909, 178.2387470581691673, -110.6698729810778161 ) ) ;
#7803 = EDGE_CURVE ( 'NONE', #7598, #7062, #8197, .T. ) ;
#7804 = DIRECTION ( 'NONE',  ( -1.635429539641433941E-16, 2.832647054857943335E-16, 1.000000000000000000 ) ) ;
#7805 = VERTEX_POINT ( 'NONE', #7978 ) ;
#7806 = CARTESIAN_POINT ( 'NONE',  ( 139.9999999999999716, -56.50000000000000000, 10.00000000000000000 ) ) ;
#7807 = CARTESIAN_POINT ( 'NONE',  ( 140.0000000000000284, -28.99999999999998579, 19.49999999999997513 ) ) ;
#7808 = ORIENTED_EDGE ( 'NONE', *, *, #835, .T. ) ;
#7809 = AXIS2_PLACEMENT_3D ( 'NONE', #5721, #4165, #8648 ) ;
#7810 = CIRCLE ( 'NONE', #2748, 11.00000000000000355 ) ;
#7811 = DIRECTION ( 'NONE',  ( -3.435759386066699840E-16, 1.025445864033521055E-16, 1.000000000000000000 ) ) ;
#7812 = DIRECTION ( 'NONE',  ( 1.635429539641433941E-16, -2.832647054857943335E-16, 1.000000000000000000 ) ) ;
#7813 = DIRECTION ( 'NONE',  ( 0.000000000000000000, 0.000000000000000000, 1.000000000000000000 ) ) ;
#7814 = LINE ( 'NONE', #2527, #1076 ) ;
#7815 = EDGE_LOOP ( 'NONE', ( #7413, #5964, #3423, #337 ) ) ;
#7816 = CARTESIAN_POINT ( 'NONE',  ( -142.7461339178667288, -79.24355652984647236, 10.00000000000000178 ) ) ;
#7817 = AXIS2_PLACEMENT_3D ( 'NONE', #8077, #4410, #4360 ) ;
#7818 = CIRCLE ( 'NONE', #5974, 6.000000000000005329 ) ;
#7819 = CARTESIAN_POINT ( 'NONE',  ( 0.000000000000000000, 0.000000000000000000, 0.000000000000000000 ) ) ;
#7820 = ADVANCED_FACE ( 'NONE', ( #582 ), #4311, .T. ) ;
#7821 = ADVANCED_FACE ( 'NONE', ( #1504 ), #2838, .F. ) ;
#7822 = ORIENTED_EDGE ( 'NONE', *, *, #4657, .T. ) ;
#7823 = VERTEX_POINT ( 'NONE', #6535 ) ;
#7824 = AXIS2_PLACEMENT_3D ( 'NONE', #5982, #1524, #2424 ) ;
#7825 = CARTESIAN_POINT ( 'NONE',  ( 378.2377111446261324, -35.00000000000000000, 10.00000000000000000 ) ) ;
#7826 = CARTESIAN_POINT ( 'NONE',  ( -215.7365149746331952, -175.6666049839791413, -17.99999999999999645 ) ) ;
#7827 = CIRCLE ( 'NONE', #4282, 9.499999999999980460 ) ;
#7828 = ORIENTED_EDGE ( 'NONE', *, *, #9285, .F. ) ;
#7829 = DIRECTION ( 'NONE',  ( -1.635429539641433941E-16, 2.832647054857943335E-16, -1.000000000000000000 ) ) ;
#7830 = DIRECTION ( 'NONE',  ( 0.2500000000000001665, 0.4330127018922187432, -0.8660254037844388186 ) ) ;
#7831 = DIRECTION ( 'NONE',  ( -2.220446049250312588E-16, -1.000000000000000000, 1.025445864033519699E-16 ) ) ;
#7832 = CIRCLE ( 'NONE', #4598, 5.000000000000004441 ) ;
#7833 = EDGE_CURVE ( 'NONE', #4584, #723, #2884, .T. ) ;
#7834 = ORIENTED_EDGE ( 'NONE', *, *, #5599, .F. ) ;
#7835 = EDGE_CURVE ( 'NONE', #3815, #5690, #2076, .T. ) ;
#7836 = ORIENTED_EDGE ( 'NONE', *, *, #6425, .T. ) ;
#7837 = CARTESIAN_POINT ( 'NONE',  ( -157.1147367097249230, -219.3268590218235659, 10.00000000000000000 ) ) ;
#7838 = FACE_OUTER_BOUND ( 'NONE', #5398, .T. ) ;
#7839 = ORIENTED_EDGE ( 'NONE', *, *, #8717, .F. ) ;
#7840 = DIRECTION ( 'NONE',  ( -0.8660254037844390407, -0.4999999999999991673, 7.012543237461990870E-16 ) ) ;
#7841 = DIRECTION ( 'NONE',  ( 0.8660254037844390407, -0.4999999999999992784, -0.000000000000000000 ) ) ;
#7842 = AXIS2_PLACEMENT_3D ( 'NONE', #4875, #7812, #7132 ) ;
#7843 = CARTESIAN_POINT ( 'NONE',  ( 149.9999999999994600, -13.99999999999999467, -115.0000000000000284 ) ) ;
#7844 = EDGE_CURVE ( 'NONE', #6085, #91, #1159, .T. ) ;
#7845 = EDGE_LOOP ( 'NONE', ( #8761, #4862 ) ) ;
#7846 = VERTEX_POINT ( 'NONE', #3644 ) ;
#7847 = DIRECTION ( 'NONE',  ( -2.220446049250312588E-16, -1.000000000000000000, 1.025445864033519699E-16 ) ) ;
#7848 = DIRECTION ( 'NONE',  ( 1.000000000000000000, 0.000000000000000000, 0.000000000000000000 ) ) ;
#7849 = FACE_OUTER_BOUND ( 'NONE', #3305, .T. ) ;
#7850 = FACE_OUTER_BOUND ( 'NONE', #4977, .T. ) ;
#7851 = ORIENTED_EDGE ( 'NONE', *, *, #5769, .F. ) ;
#7852 = CARTESIAN_POINT ( 'NONE',  ( -59.50386608211591977, 271.0637193009488897, 19.49999999999997868 ) ) ;
#7853 = LINE ( 'NONE', #2897, #464 ) ;
#7854 = ORIENTED_EDGE ( 'NONE', *, *, #1611, .F. ) ;
#7855 = EDGE_CURVE ( 'NONE', #960, #3434, #4984, .T. ) ;
#7856 = AXIS2_PLACEMENT_3D ( 'NONE', #8719, #697, #8530 ) ;
#7857 = FACE_OUTER_BOUND ( 'NONE', #7588, .T. ) ;
#7858 = CARTESIAN_POINT ( 'NONE',  ( -47.63526329026010586, 140.5066962506007542, 19.49999999999997868 ) ) ;
#7859 = CARTESIAN_POINT ( 'NONE',  ( -262.7663151938430701, -177.6701257615601151, 10.00000000000000000 ) ) ;
#7860 = CYLINDRICAL_SURFACE ( 'NONE', #9041, 2.000000000016322055 ) ;
#7861 = VERTEX_POINT ( 'NONE', #7884 ) ;
#7862 = ADVANCED_FACE ( 'NONE', ( #1314 ), #4216, .F. ) ;
#7863 = LINE ( 'NONE', #1288, #3896 ) ;
#7864 = CARTESIAN_POINT ( 'NONE',  ( 270.0000000000000000, -56.50000000000000000, 10.00000000000000000 ) ) ;
#7865 = EDGE_CURVE ( 'NONE', #8963, #3302, #3589, .T. ) ;
#7866 = ORIENTED_EDGE ( 'NONE', *, *, #9384, .T. ) ;
#7867 = ORIENTED_EDGE ( 'NONE', *, *, #1920, .T. ) ;
#7868 = VERTEX_POINT ( 'NONE', #631 ) ;
#7869 = DIRECTION ( 'NONE',  ( -0.3535533905932729537, 0.6123724356957932491, -0.7071067811865490160 ) ) ;
#7871 = EDGE_CURVE ( 'NONE', #4256, #4980, #6052, .T. ) ;
#7870 = LINE ( 'NONE', #1490, #3987 ) ;
#7872 = VERTEX_POINT ( 'NONE', #7589 ) ;
#7873 = DIRECTION ( 'NONE',  ( -0.8660254037844391517, 0.4999999999999992228, 2.775557561562891351E-17 ) ) ;
#7874 = DIRECTION ( 'NONE',  ( 0.000000000000000000, 0.000000000000000000, 1.000000000000000000 ) ) ;
#7875 = CARTESIAN_POINT ( 'NONE',  ( 130.0000000000000284, -13.99999999999997158, 22.99999999999998579 ) ) ;
#7876 = ORIENTED_EDGE ( 'NONE', *, *, #769, .T. ) ;
#7877 = ORIENTED_EDGE ( 'NONE', *, *, #694, .F. ) ;
#7878 = CIRCLE ( 'NONE', #1752, 1.999999999999994893 ) ;
#7879 = AXIS2_PLACEMENT_3D ( 'NONE', #8798, #1324, #5012 ) ;
#7880 = EDGE_CURVE ( 'NONE', #1516, #813, #2262, .T. ) ;
#7881 = FACE_BOUND ( 'NONE', #9465, .T. ) ;
#7882 = DIRECTION ( 'NONE',  ( 0.000000000000000000, 0.000000000000000000, 1.000000000000000000 ) ) ;
#7883 = EDGE_LOOP ( 'NONE', ( #5121, #2846 ) ) ;
#7884 = CARTESIAN_POINT ( 'NONE',  ( -66.58207132120497818, 143.3235304014513929, -116.1399983948784325 ) ) ;
#7885 = EDGE_CURVE ( 'NONE', #8582, #6085, #233, .T. ) ;
#7886 = CARTESIAN_POINT ( 'NONE',  ( 213.9999999999995453, -101.0000000000000142, 8.000000000000035527 ) ) ;
#7887 = CARTESIAN_POINT ( 'NONE',  ( -8.273103968582558920, 242.3294364098343863, 8.000000000000028422 ) ) ;
#7888 = CIRCLE ( 'NONE', #355, 2.000000000000001776 ) ;
#7889 = ORIENTED_EDGE ( 'NONE', *, *, #9300, .T. ) ;
#7890 = AXIS2_PLACEMENT_3D ( 'NONE', #1647, #97, #3023 ) ;
#7891 = EDGE_LOOP ( 'NONE', ( #3364, #8749 ) ) ;
#7892 = AXIS2_PLACEMENT_3D ( 'NONE', #7188, #1297, #2017 ) ;
#7893 = CARTESIAN_POINT ( 'NONE',  ( -24.01348502534914786, 239.5925761306488084, 17.52627944162885498 ) ) ;
#7894 = EDGE_CURVE ( 'NONE', #6759, #5123, #382, .T. ) ;
#7895 = LINE ( 'NONE', #5099, #4181 ) ;
#7896 = CIRCLE ( 'NONE', #7121, 2.999999999999947153 ) ;
#7897 = DIRECTION ( 'NONE',  ( -1.000000000000000000, 0.000000000000000000, 0.000000000000000000 ) ) ;
#7898 = ORIENTED_EDGE ( 'NONE', *, *, #975, .T. ) ;
#7899 = PLANE ( 'NONE',  #8958 ) ;
#7900 = AXIS2_PLACEMENT_3D ( 'NONE', #8339, #1873, #2725 ) ;
#7901 = CARTESIAN_POINT ( 'NONE',  ( 140.0000000000000568, -56.49999999999998579, -3.000000000000030198 ) ) ;
#7902 = EDGE_LOOP ( 'NONE', ( #1605, #4026, #6205, #5349 ) ) ;
#7903 = AXIS2_PLACEMENT_3D ( 'NONE', #1106, #275, #2491 ) ;
#7904 = DIRECTION ( 'NONE',  ( 0.000000000000000000, 0.000000000000000000, 1.000000000000000000 ) ) ;
#7905 = CARTESIAN_POINT ( 'NONE',  ( -191.4865149746330246, -133.6643729004334205, 12.33012701892222296 ) ) ;
#7906 = DIRECTION ( 'NONE',  ( -0.8660254037844387076, -0.4999999999999998890, -0.000000000000000000 ) ) ;
#7907 = DIRECTION ( 'NONE',  ( -3.105958772499037896E-16, -1.025445864033519576E-16, -1.000000000000000000 ) ) ;
#7908 = EDGE_LOOP ( 'NONE', ( #1387, #9037, #3166, #7682 ) ) ;
#7909 = LINE ( 'NONE', #4879, #8645 ) ;
#7910 = ADVANCED_FACE ( 'NONE', ( #8978 ), #4608, .T. ) ;
#7911 = AXIS2_PLACEMENT_3D ( 'NONE', #3022, #3737, #3064 ) ;
#7912 = AXIS2_PLACEMENT_3D ( 'NONE', #5815, #7350, #8747 ) ;
#7913 = ORIENTED_EDGE ( 'NONE', *, *, #7296, .T. ) ;
#7914 = ORIENTED_EDGE ( 'NONE', *, *, #1625, .T. ) ;
#7915 = CIRCLE ( 'NONE', #3765, 5.499999999999997335 ) ;
#7916 = ORIENTED_EDGE ( 'NONE', *, *, #4576, .T. ) ;
#7917 = CARTESIAN_POINT ( 'NONE',  ( -65.47372055837969640, 135.4038105676303019, -115.0000000000000426 ) ) ;
#7918 = AXIS2_PLACEMENT_3D ( 'NONE', #6818, #236, #9176 ) ;
#7919 = DIRECTION ( 'NONE',  ( -1.000000000000000000, 0.000000000000000000, 0.000000000000000000 ) ) ;
#7920 = EDGE_CURVE ( 'NONE', #1571, #4323, #5755, .T. ) ;
#7921 = ORIENTED_EDGE ( 'NONE', *, *, #4758, .T. ) ;
#7922 = LINE ( 'NONE', #1349, #4527 ) ;
#7923 = CARTESIAN_POINT ( 'NONE',  ( -195.4865149746330530, -140.5925761307089488, -1.526279441628801470 ) ) ;
#7924 = CARTESIAN_POINT ( 'NONE',  ( -120.9304353137757033, -92.99355652984641551, 10.00000000000000000 ) ) ;
#7925 = EDGE_CURVE ( 'NONE', #5568, #2422, #1469, .T. ) ;
#7926 = ORIENTED_EDGE ( 'NONE', *, *, #6237, .F. ) ;
#7927 = ORIENTED_EDGE ( 'NONE', *, *, #4105, .T. ) ;
#7928 = ORIENTED_EDGE ( 'NONE', *, *, #6350, .F. ) ;
#7929 = CYLINDRICAL_SURFACE ( 'NONE', #5263, 5.000000000000006217 ) ;
#7930 = DIRECTION ( 'NONE',  ( -1.635429539641433941E-16, 2.832647054857943335E-16, 1.000000000000000000 ) ) ;
#7931 = EDGE_LOOP ( 'NONE', ( #2455, #8245, #4746, #4932 ) ) ;
#7932 = CARTESIAN_POINT ( 'NONE',  ( -253.2663151938430701, -177.6701257615601151, 10.00000000000000000 ) ) ;
#7933 = DIRECTION ( 'NONE',  ( 0.4999999999999998890, -0.8660254037844387076, 0.000000000000000000 ) ) ;
#7934 = EDGE_CURVE ( 'NONE', #1651, #4981, #5912, .T. ) ;
#7935 = CARTESIAN_POINT ( 'NONE',  ( -160.1147367097224219, -219.3268590218234522, -3.000000000000030198 ) ) ;
#7936 = EDGE_CURVE ( 'NONE', #7235, #6018, #8678, .T. ) ;
#7937 = EDGE_CURVE ( 'NONE', #7264, #5763, #2841, .T. ) ;
#7938 = ORIENTED_EDGE ( 'NONE', *, *, #3240, .T. ) ;
#7939 = ADVANCED_FACE ( 'NONE', ( #8311 ), #6003, .F. ) ;
#7940 = ORIENTED_EDGE ( 'NONE', *, *, #6853, .F. ) ;
#7941 = CARTESIAN_POINT ( 'NONE',  ( -109.8852632902600561, 248.3268590217633403, 19.49999999999997513 ) ) ;
#7942 = FACE_OUTER_BOUND ( 'NONE', #927, .T. ) ;
#7943 = CARTESIAN_POINT ( 'NONE',  ( 159.5000000000000000, 52.00000000000000711, 10.00000000000000000 ) ) ;
#7944 = ORIENTED_EDGE ( 'NONE', *, *, #6477, .F. ) ;
#7945 = CARTESIAN_POINT ( 'NONE',  ( 150.0000000000000000, 42.50000000000000000, 10.00000000000000000 ) ) ;
#7946 = DIRECTION ( 'NONE',  ( 0.8660254037844394848, -0.4999999999999985567, 0.000000000000000000 ) ) ;
#7947 = ORIENTED_EDGE ( 'NONE', *, *, #7196, .T. ) ;
#7948 = EDGE_CURVE ( 'NONE', #6084, #1070, #4463, .T. ) ;
#7949 = EDGE_CURVE ( 'NONE', #9453, #6242, #5958, .T. ) ;
#7950 = ADVANCED_FACE ( 'NONE', ( #5334 ), #1020, .F. ) ;
#7951 = CARTESIAN_POINT ( 'NONE',  ( 15.21856578221975198, 175.6406708468158797, -105.4737205583711841 ) ) ;
#7952 = CARTESIAN_POINT ( 'NONE',  ( 399.2377111446261324, -230.5000000000001421, 10.00000000000000000 ) ) ;
#7953 = CARTESIAN_POINT ( 'NONE',  ( -62.87564434702638749, 136.9038105676303019, -115.0000000000000426 ) ) ;
#7954 = DIRECTION ( 'NONE',  ( 1.000000000000000000, 0.000000000000000000, 0.000000000000000000 ) ) ;
#7955 = VERTEX_POINT ( 'NONE', #1691 ) ;
#7956 = CARTESIAN_POINT ( 'NONE',  ( 127.4999999999995595, -13.99999999999998401, -127.5000000000000284 ) ) ;
#7957 = DIRECTION ( 'NONE',  ( -0.4999999999999992228, -0.8660254037844390407, 0.000000000000000000 ) ) ;
#7958 = ORIENTED_EDGE ( 'NONE', *, *, #8003, .F. ) ;
#7959 = AXIS2_PLACEMENT_3D ( 'NONE', #8288, #2616, #1813 ) ;
#7960 = ORIENTED_EDGE ( 'NONE', *, *, #3056, .T. ) ;
#7961 = ORIENTED_EDGE ( 'NONE', *, *, #7630, .T. ) ;
#7962 = LINE ( 'NONE', #5800, #6063 ) ;
#7963 = DIRECTION ( 'NONE',  ( 1.000000000000000000, 0.000000000000000000, 1.577021341797095835E-16 ) ) ;
#7964 = CIRCLE ( 'NONE', #5040, 5.499999999999997335 ) ;
#7965 = AXIS2_PLACEMENT_3D ( 'NONE', #3550, #2745, #2885 ) ;
#7966 = VERTEX_POINT ( 'NONE', #8211 ) ;
#7967 = DIRECTION ( 'NONE',  ( -0.000000000000000000, -0.000000000000000000, -1.000000000000000000 ) ) ;
#7968 = DIRECTION ( 'NONE',  ( 1.000000000000000000, -2.220446049250312588E-16, 1.649003067838320811E-17 ) ) ;
#7969 = DIRECTION ( 'NONE',  ( 0.8660254037844390407, -0.4999999999999992784, -0.000000000000000000 ) ) ;
#7970 = ORIENTED_EDGE ( 'NONE', *, *, #7833, .T. ) ;
#7971 = AXIS2_PLACEMENT_3D ( 'NONE', #4606, #8259, #3927 ) ;
#7972 = AXIS2_PLACEMENT_3D ( 'NONE', #6808, #5871, #8797 ) ;
#7973 = AXIS2_PLACEMENT_3D ( 'NONE', #162, #8095, #748 ) ;
#7974 = ORIENTED_EDGE ( 'NONE', *, *, #4291, .F. ) ;
#7975 = CARTESIAN_POINT ( 'NONE',  ( -239.8297817143698580, -196.3973670975122729, 0.000000000000000000 ) ) ;
#7976 = CARTESIAN_POINT ( 'NONE',  ( 270.0000000000000000, -84.00000000000001421, 19.49999999999998224 ) ) ;
#7977 = ORIENTED_EDGE ( 'NONE', *, *, #1827, .T. ) ;
#7978 = CARTESIAN_POINT ( 'NONE',  ( -22.28143421778026934, 240.5925761306488084, 17.52627944162885498 ) ) ;
#7979 = VECTOR ( 'NONE', #1621, 1000.000000000000000 ) ;
#7980 = AXIS2_PLACEMENT_3D ( 'NONE', #2712, #7258, #686 ) ;
#7981 = CARTESIAN_POINT ( 'NONE',  ( -87.12435565295569972, -122.9038105676903285, -115.0000000000000142 ) ) ;
#7982 = FACE_OUTER_BOUND ( 'NONE', #2793, .T. ) ;
#7983 = EDGE_CURVE ( 'NONE', #5753, #7218, #6676, .T. ) ;
#7984 = VERTEX_POINT ( 'NONE', #8261 ) ;
#7985 = VERTEX_POINT ( 'NONE', #7495 ) ;
#7986 = CARTESIAN_POINT ( 'NONE',  ( -10.00000000000000178, 0.000000000000000000, 0.000000000000000000 ) ) ;
#7987 = CARTESIAN_POINT ( 'NONE',  ( -51.62564434702643723, 117.4182389824804460, -17.99999999999999645 ) ) ;
#7988 = DIRECTION ( 'NONE',  ( 1.000000000000000000, 0.000000000000000000, 1.577021341797095835E-16 ) ) ;
#7989 = EDGE_LOOP ( 'NONE', ( #976, #5995, #5666, #3789, #847, #6315, #586, #7427, #757, #8125, #2878, #7022, #644 ) ) ;
#7990 = EDGE_CURVE ( 'NONE', #1965, #7367, #3834, .T. ) ;
#7991 = DIRECTION ( 'NONE',  ( -1.000000000000000000, 3.895519384649671855E-16, 0.000000000000000000 ) ) ;
#7992 = CARTESIAN_POINT ( 'NONE',  ( 280.5000000000000000, -140.0000000000000000, 10.00000000000000000 ) ) ;
#7993 = EDGE_LOOP ( 'NONE', ( #7999, #9129 ) ) ;
#7994 = DIRECTION ( 'NONE',  ( -0.8660254037844390407, 0.4999999999999992228, 0.000000000000000000 ) ) ;
#7995 = CARTESIAN_POINT ( 'NONE',  ( -59.16921737284780392, 130.4840907338091824, -113.8600016051216954 ) ) ;
#7996 = CARTESIAN_POINT ( 'NONE',  ( 136.9999999999999716, -84.00000000000000000, 10.00000000000000000 ) ) ;
#7997 = AXIS2_PLACEMENT_3D ( 'NONE', #4008, #6940, #357 ) ;
#7998 = CARTESIAN_POINT ( 'NONE',  ( 149.9999999999995168, -13.99999999999999822, -115.0000000000000284 ) ) ;
#7999 = ORIENTED_EDGE ( 'NONE', *, *, #4996, .T. ) ;
#8000 = CARTESIAN_POINT ( 'NONE',  ( -66.33974596216414454, 134.9038105676303019, -115.0000000000000426 ) ) ;
#8001 = EDGE_CURVE ( 'NONE', #3593, #5195, #5190, .T. ) ;
#8002 = CARTESIAN_POINT ( 'NONE',  ( 218.9999999999995453, -114.0000000000000142, -18.00000000000000355 ) ) ;
#8003 = EDGE_CURVE ( 'NONE', #4898, #54, #2535, .T. ) ;
#8004 = ORIENTED_EDGE ( 'NONE', *, *, #1119, .F. ) ;
#8005 = AXIS2_PLACEMENT_3D ( 'NONE', #1084, #3947, #302 ) ;
#8006 = ORIENTED_EDGE ( 'NONE', *, *, #2255, .T. ) ;
#8007 = ORIENTED_EDGE ( 'NONE', *, *, #2119, .T. ) ;
#8008 = CARTESIAN_POINT ( 'NONE',  ( -88.06956468615554456, 262.0768590217633687, 0.000000000000000000 ) ) ;
#8009 = CARTESIAN_POINT ( 'NONE',  ( 250.5000000000000568, 52.00000000000002132, 10.00000000000000000 ) ) ;
#8010 = ADVANCED_FACE ( 'NONE', ( #1110 ), #328, .T. ) ;
#8011 = EDGE_LOOP ( 'NONE', ( #154, #5961, #912, #7362 ) ) ;
#8012 = DIRECTION ( 'NONE',  ( 2.220446049250312588E-16, 1.000000000000000000, -1.025445864033519699E-16 ) ) ;
#8013 = CARTESIAN_POINT ( 'NONE',  ( 145.5000000000000568, -83.99999999999998579, 24.99999999999998579 ) ) ;
#8014 = CARTESIAN_POINT ( 'NONE',  ( -200.9935565297952849, -68.13105190364302644, 0.000000000000000000 ) ) ;
#8015 = VERTEX_POINT ( 'NONE', #9221 ) ;
#8016 = ORIENTED_EDGE ( 'NONE', *, *, #1252, .F. ) ;
#8017 = LINE ( 'NONE', #1446, #5451 ) ;
#8018 = EDGE_LOOP ( 'NONE', ( #6450, #513 ) ) ;
#8019 = CARTESIAN_POINT ( 'NONE',  ( -194.4685657822019209, -134.8294364098945266, 8.000000000000028422 ) ) ;
#8020 = DIRECTION ( 'NONE',  ( 0.000000000000000000, 0.000000000000000000, 1.000000000000000000 ) ) ;
#8021 = ORIENTED_EDGE ( 'NONE', *, *, #8875, .F. ) ;
#8022 = CARTESIAN_POINT ( 'NONE',  ( 0.000000000000000000, 0.000000000000000000, 10.00000000000000000 ) ) ;
#8023 = FACE_OUTER_BOUND ( 'NONE', #7794, .T. ) ;
#8024 = DIRECTION ( 'NONE',  ( 1.000000000000000000, 0.000000000000000000, 0.000000000000000000 ) ) ;
#8025 = VERTEX_POINT ( 'NONE', #6334 ) ;
#8026 = CIRCLE ( 'NONE', #352, 5.000000000000004441 ) ;
#8027 = ORIENTED_EDGE ( 'NONE', *, *, #419, .F. ) ;
#8028 = AXIS2_PLACEMENT_3D ( 'NONE', #5642, #2567, #8562 ) ;
#8029 = DIRECTION ( 'NONE',  ( -9.912705577010321852E-17, 1.716930969985324818E-16, -1.000000000000000000 ) ) ;
#8030 = DIRECTION ( 'NONE',  ( -9.912705577010323084E-17, 1.716930969985324818E-16, -1.000000000000000000 ) ) ;
#8031 = PLANE ( 'NONE',  #1223 ) ;
#8032 = VERTEX_POINT ( 'NONE', #4076 ) ;
#8033 = DIRECTION ( 'NONE',  ( 1.000000000000000000, 0.000000000000000000, 0.000000000000000000 ) ) ;
#8034 = CARTESIAN_POINT ( 'NONE',  ( -44.88526329026009876, 135.7435565297863320, 19.49999999999997513 ) ) ;
#8035 = CIRCLE ( 'NONE', #1141, 2.999999999980962340 ) ;
#8036 = AXIS2_PLACEMENT_3D ( 'NONE', #7538, #3871, #5098 ) ;
#8037 = AXIS2_PLACEMENT_3D ( 'NONE', #8933, #3738, #6675 ) ;
#8038 = EDGE_LOOP ( 'NONE', ( #3507, #1399 ) ) ;
#8039 = AXIS2_PLACEMENT_3D ( 'NONE', #4020, #1879, #374 ) ;
#8040 = EDGE_CURVE ( 'NONE', #6751, #1832, #4023, .T. ) ;
#8041 = CIRCLE ( 'NONE', #9121, 2.999999999967813302 ) ;
#8042 = CARTESIAN_POINT ( 'NONE',  ( -51.62564434702643723, 117.4182389824804460, -127.5000000000000284 ) ) ;
#8043 = AXIS2_PLACEMENT_3D ( 'NONE', #5400, #256, #6738 ) ;
#8044 = CARTESIAN_POINT ( 'NONE',  ( 145.5000000000000568, -28.99999999999998934, 24.99999999999997868 ) ) ;
#8045 = LINE ( 'NONE', #3564, #5618 ) ;
#8046 = DIRECTION ( 'NONE',  ( -0.000000000000000000, -0.000000000000000000, -1.000000000000000000 ) ) ;
#8047 = ORIENTED_EDGE ( 'NONE', *, *, #6709, .T. ) ;
#8048 = DIRECTION ( 'NONE',  ( 0.000000000000000000, 0.000000000000000000, 1.000000000000000000 ) ) ;
#8049 = CYLINDRICAL_SURFACE ( 'NONE', #8435, 2.999999999997893241 ) ;
#8050 = CIRCLE ( 'NONE', #1316, 7.500000000000007105 ) ;
#8051 = EDGE_CURVE ( 'NONE', #4411, #1583, #5294, .T. ) ;
#8052 = EDGE_LOOP ( 'NONE', ( #2404, #889, #7558, #6027 ) ) ;
#8053 = VECTOR ( 'NONE', #2565, 1000.000000000000114 ) ;
#8054 = EDGE_CURVE ( 'NONE', #8870, #5794, #8825, .T. ) ;
#8055 = ORIENTED_EDGE ( 'NONE', *, *, #3694, .F. ) ;
#8056 = EDGE_CURVE ( 'NONE', #3539, #3016, #5623, .T. ) ;
#8057 = ORIENTED_EDGE ( 'NONE', *, *, #5162, .T. ) ;
#8058 = DIRECTION ( 'NONE',  ( -0.8660254037844382635, -0.5000000000000005551, 0.000000000000000000 ) ) ;
#8059 = VECTOR ( 'NONE', #3974, 1000.000000000000000 ) ;
#8060 = CARTESIAN_POINT ( 'NONE',  ( -84.52627944160238371, -124.4038105676903285, -107.5000000000000142 ) ) ;
#8061 = CIRCLE ( 'NONE', #2537, 1.999999999999995781 ) ;
#8062 = AXIS2_PLACEMENT_3D ( 'NONE', #823, #1, #1454 ) ;
#8063 = VERTEX_POINT ( 'NONE', #3929 ) ;
#8064 = FACE_OUTER_BOUND ( 'NONE', #2426, .T. ) ;
#8065 = FACE_OUTER_BOUND ( 'NONE', #6211, .T. ) ;
#8066 = CARTESIAN_POINT ( 'NONE',  ( 159.5000000000000284, -140.0000000000000284, 10.00000000000000000 ) ) ;
#8067 = VECTOR ( 'NONE', #6035, 1000.000000000000114 ) ;
#8068 = ORIENTED_EDGE ( 'NONE', *, *, #5876, .F. ) ;
#8069 = AXIS2_PLACEMENT_3D ( 'NONE', #8813, #2862, #7177 ) ;
#8070 = EDGE_CURVE ( 'NONE', #530, #8032, #5524, .T. ) ;
#8071 = VECTOR ( 'NONE', #4160, 1000.000000000000000 ) ;
#8072 = ORIENTED_EDGE ( 'NONE', *, *, #8912, .F. ) ;
#8073 = ADVANCED_FACE ( 'NONE', ( #4891 ), #2637, .F. ) ;
#8074 = ADVANCED_FACE ( 'NONE', ( #378 ), #429, .T. ) ;
#8075 = CARTESIAN_POINT ( 'NONE',  ( 170.0000000000000284, -99.00000000000000000, 0.000000000000000000 ) ) ;
#8076 = CARTESIAN_POINT ( 'NONE',  ( -70.12435565295562867, -93.45894683901926214, -115.9999999999998010 ) ) ;
#8077 = CARTESIAN_POINT ( 'NONE',  ( -66.33974596216414454, 134.9038105676303019, -115.0000000000000426 ) ) ;
#8078 = ORIENTED_EDGE ( 'NONE', *, *, #9133, .F. ) ;
#8079 = DIRECTION ( 'NONE',  ( 0.8660254037844390407, -0.4999999999999992784, -0.000000000000000000 ) ) ;
#8080 = CARTESIAN_POINT ( 'NONE',  ( -45.42021828561268393, 297.6701257614999463, 10.00000000000000000 ) ) ;
#8081 = DIRECTION ( 'NONE',  ( 0.2499999999999999445, -0.4330127018922209636, -0.8660254037844378194 ) ) ;
#8082 = ORIENTED_EDGE ( 'NONE', *, *, #606, .T. ) ;
#8083 = ORIENTED_EDGE ( 'NONE', *, *, #482, .F. ) ;
#8084 = DIRECTION ( 'NONE',  ( 1.000000000000000000, 0.000000000000000000, 0.000000000000000000 ) ) ;
#8085 = CARTESIAN_POINT ( 'NONE',  ( -235.0797817143698865, -188.1701257615600866, 10.00000000000000000 ) ) ;
#8086 = EDGE_CURVE ( 'NONE', #5941, #2007, #5144, .T. ) ;
#8087 = CARTESIAN_POINT ( 'NONE',  ( -63.86879464604508172, 130.6239973450828700, -114.2400010700811350 ) ) ;
#8088 = ORIENTED_EDGE ( 'NONE', *, *, #5171, .F. ) ;
#8089 = DIRECTION ( 'NONE',  ( 0.000000000000000000, 0.000000000000000000, 1.000000000000000000 ) ) ;
#8090 = DIRECTION ( 'NONE',  ( 2.220446049250312588E-16, 1.000000000000000000, -1.025445864033519699E-16 ) ) ;
#8091 = VERTEX_POINT ( 'NONE', #2495 ) ;
#8092 = LINE ( 'NONE', #7370, #4780 ) ;
#8093 = CARTESIAN_POINT ( 'NONE',  ( 197.4999999999993179, -14.00000000000001243, -137.5000000000000000 ) ) ;
#8094 = DIRECTION ( 'NONE',  ( -0.4999999999999992228, -0.8660254037844390407, 0.000000000000000000 ) ) ;
#8095 = DIRECTION ( 'NONE',  ( 0.8660254037844387076, 0.4999999999999998890, 0.000000000000000000 ) ) ;
#8096 = EDGE_LOOP ( 'NONE', ( #2500, #2226, #147, #2018 ) ) ;
#8097 = CARTESIAN_POINT ( 'NONE',  ( -205.9961339178665867, -188.7957701085779263, 10.00000000000000178 ) ) ;
#8098 = DIRECTION ( 'NONE',  ( -2.220446049250312588E-16, -1.000000000000000000, 1.025445864033519699E-16 ) ) ;
#8099 = EDGE_LOOP ( 'NONE', ( #3139, #6039, #1887, #5863 ) ) ;
#8100 = ORIENTED_EDGE ( 'NONE', *, *, #6367, .F. ) ;
#8101 = EDGE_CURVE ( 'NONE', #2494, #7397, #6866, .T. ) ;
#8102 = ORIENTED_EDGE ( 'NONE', *, *, #4369, .F. ) ;
#8103 = DIRECTION ( 'NONE',  ( 0.000000000000000000, 0.000000000000000000, 1.000000000000000000 ) ) ;
#8104 = CARTESIAN_POINT ( 'NONE',  ( -216.6025403784177286, -175.1666049839791413, 0.000000000000000000 ) ) ;
#8105 = ADVANCED_FACE ( 'NONE', ( #6195 ), #279, .F. ) ;
#8106 = ORIENTED_EDGE ( 'NONE', *, *, #1585, .T. ) ;
#8107 = EDGE_CURVE ( 'NONE', #2451, #202, #6515, .T. ) ;
#8108 = LINE ( 'NONE', #6613, #2092 ) ;
#8109 = ADVANCED_FACE ( 'NONE', ( #5428 ), #9173, .F. ) ;
#8110 = CARTESIAN_POINT ( 'NONE',  ( 5.746133917900682953, 163.2435565297862752, 10.00000000000000000 ) ) ;
#8111 = DIRECTION ( 'NONE',  ( 0.8660254037844383745, 0.5000000000000005551, -0.000000000000000000 ) ) ;
#8112 = ORIENTED_EDGE ( 'NONE', *, *, #3863, .F. ) ;
#8113 = ORIENTED_EDGE ( 'NONE', *, *, #8056, .F. ) ;
#8114 = AXIS2_PLACEMENT_3D ( 'NONE', #5535, #8454, #7650 ) ;
#8116 = AXIS2_PLACEMENT_3D ( 'NONE', #5005, #5635, #4168 ) ;
#8115 = DIRECTION ( 'NONE',  ( -0.8660254037844388186, -0.4999999999999999445, 2.775557561562891351E-17 ) ) ;
#8117 = CARTESIAN_POINT ( 'NONE',  ( -195.2365149746330246, -140.1595634288167105, -18.00000000000001066 ) ) ;
#8118 = FACE_BOUND ( 'NONE', #1579, .T. ) ;
#8119 = VERTEX_POINT ( 'NONE', #1788 ) ;
#8120 = CARTESIAN_POINT ( 'NONE',  ( 10.73651497465087878, 179.4038105676302735, -115.0000000000000142 ) ) ;
#8121 = EDGE_CURVE ( 'NONE', #8277, #8878, #7754, .T. ) ;
#8122 = DIRECTION ( 'NONE',  ( 0.8660254037844387076, 0.4999999999999997780, 0.000000000000000000 ) ) ;
#8123 = CYLINDRICAL_SURFACE ( 'NONE', #7607, 5.000000000000005329 ) ;
#8124 = CIRCLE ( 'NONE', #2601, 2.000000000016960655 ) ;
#8125 = ORIENTED_EDGE ( 'NONE', *, *, #4352, .T. ) ;
#8126 = VERTEX_POINT ( 'NONE', #4788 ) ;
#8127 = VECTOR ( 'NONE', #4392, 1000.000000000000000 ) ;
#8128 = LINE ( 'NONE', #1558, #509 ) ;
#8129 = CIRCLE ( 'NONE', #616, 11.00000000000000355 ) ;
#8130 = CYLINDRICAL_SURFACE ( 'NONE', #4425, 5.499999999999997335 ) ;
#8131 = ORIENTED_EDGE ( 'NONE', *, *, #8449, .F. ) ;
#8132 = DIRECTION ( 'NONE',  ( 0.2499999999999998335, 0.4330127018922207416, 0.8660254037844379305 ) ) ;
#8133 = EDGE_CURVE ( 'NONE', #5644, #3944, #2543, .T. ) ;
#8134 = LINE ( 'NONE', #2943, #2902 ) ;
#8135 = ORIENTED_EDGE ( 'NONE', *, *, #1347, .F. ) ;
#8136 = FACE_BOUND ( 'NONE', #1665, .T. ) ;
#8137 = FACE_OUTER_BOUND ( 'NONE', #2446, .T. ) ;
#8138 = DIRECTION ( 'NONE',  ( -2.220446049250312588E-16, -1.000000000000000000, 1.025445864033519699E-16 ) ) ;
#8139 = DIRECTION ( 'NONE',  ( 1.635429539641433941E-16, -2.832647054857943335E-16, 1.000000000000000000 ) ) ;
#8140 = CARTESIAN_POINT ( 'NONE',  ( 145.5000000000000568, -83.99999999999998579, 19.49999999999998579 ) ) ;
#8141 = EDGE_LOOP ( 'NONE', ( #3198, #9414, #7970, #5386 ) ) ;
#8142 = FACE_OUTER_BOUND ( 'NONE', #1381, .T. ) ;
#8143 = CARTESIAN_POINT ( 'NONE',  ( -192.7365149746330246, -135.8294364098945266, 8.000000000000028422 ) ) ;
#8144 = ORIENTED_EDGE ( 'NONE', *, *, #759, .T. ) ;
#8145 = CARTESIAN_POINT ( 'NONE',  ( 213.9999999999995453, -101.0000000000000142, -18.00000000000000355 ) ) ;
#8146 = LINE ( 'NONE', #2285, #4064 ) ;
#8147 = CARTESIAN_POINT ( 'NONE',  ( -44.88526329025989270, 135.7435565297862468, 0.000000000000000000 ) ) ;
#8148 = ORIENTED_EDGE ( 'NONE', *, *, #3949, .T. ) ;
#8149 = LINE ( 'NONE', #1677, #7610 ) ;
#8150 = VECTOR ( 'NONE', #695, 1000.000000000000000 ) ;
#8151 = CARTESIAN_POINT ( 'NONE',  ( 134.5000000000000284, -83.99999999999998579, 19.49999999999997868 ) ) ;
#8152 = LINE ( 'NONE', #9506, #713 ) ;
#8153 = VERTEX_POINT ( 'NONE', #7687 ) ;
#8154 = EDGE_LOOP ( 'NONE', ( #1109, #4381, #4417, #5905 ) ) ;
#8155 = EDGE_CURVE ( 'NONE', #1156, #8684, #7922, .T. ) ;
#8156 = AXIS2_PLACEMENT_3D ( 'NONE', #158, #1613, #5304 ) ;
#8157 = DIRECTION ( 'NONE',  ( 3.105958772499037896E-16, 1.025445864033519576E-16, 1.000000000000000000 ) ) ;
#8158 = ORIENTED_EDGE ( 'NONE', *, *, #2126, .F. ) ;
#8159 = CARTESIAN_POINT ( 'NONE',  ( 268.0000000000000000, -56.50000000000002132, -3.000000000000026645 ) ) ;
#8160 = FACE_OUTER_BOUND ( 'NONE', #8649, .T. ) ;
#8161 = ORIENTED_EDGE ( 'NONE', *, *, #7052, .F. ) ;
#8162 = DIRECTION ( 'NONE',  ( -0.000000000000000000, 0.000000000000000000, -1.000000000000000000 ) ) ;
#8163 = CARTESIAN_POINT ( 'NONE',  ( -145.8743556529556997, -224.6617955123620902, 35.50000000000031974 ) ) ;
#8164 = DIRECTION ( 'NONE',  ( 1.635429539641431722E-16, 2.832647054857944814E-16, -1.000000000000000000 ) ) ;
#8165 = EDGE_LOOP ( 'NONE', ( #1529, #1640 ) ) ;
#8166 = ORIENTED_EDGE ( 'NONE', *, *, #8875, .T. ) ;
#8167 = ORIENTED_EDGE ( 'NONE', *, *, #5518, .F. ) ;
#8168 = ADVANCED_FACE ( 'NONE', ( #5034, #2874 ), #9367, .T. ) ;
#8169 = CARTESIAN_POINT ( 'NONE',  ( -158.8079664398664193, 345.0634665204915450, 0.000000000000000000 ) ) ;
#8170 = EDGE_CURVE ( 'NONE', #7200, #1430, #621, .T. ) ;
#8171 = CARTESIAN_POINT ( 'NONE',  ( -160.7365149746330246, -80.40381056769041379, -115.0000000000000142 ) ) ;
#8172 = ORIENTED_EDGE ( 'NONE', *, *, #4865, .T. ) ;
#8173 = DIRECTION ( 'NONE',  ( -0.8660254037844387076, -0.4999999999999998890, 7.703719777548943412E-34 ) ) ;
#8174 = LINE ( 'NONE', #2229, #6144 ) ;
#8175 = CIRCLE ( 'NONE', #4328, 2.999999999997643663 ) ;
#8176 = AXIS2_PLACEMENT_3D ( 'NONE', #3511, #9292, #637 ) ;
#8177 = ORIENTED_EDGE ( 'NONE', *, *, #4403, .F. ) ;
#8178 = VECTOR ( 'NONE', #9293, 1000.000000000000227 ) ;
#8179 = ADVANCED_FACE ( 'NONE', ( #4250 ), #4943, .F. ) ;
#8180 = DIRECTION ( 'NONE',  ( 1.000000000000000000, 0.000000000000000000, -0.000000000000000000 ) ) ;
#8181 = DIRECTION ( 'NONE',  ( -0.000000000000000000, -0.000000000000000000, -1.000000000000000000 ) ) ;
#8182 = EDGE_CURVE ( 'NONE', #3395, #7868, #4992, .T. ) ;
#8183 = DIRECTION ( 'NONE',  ( 0.2499999999999992506, 0.4330127018922189097, 0.8660254037844390407 ) ) ;
#8184 = LINE ( 'NONE', #6357, #5627 ) ;
#8185 = CIRCLE ( 'NONE', #4037, 3.500000000000007550 ) ;
#8186 = DIRECTION ( 'NONE',  ( -1.635429539641431722E-16, -2.832647054857944814E-16, 1.000000000000000000 ) ) ;
#8187 = VERTEX_POINT ( 'NONE', #6521 ) ;
#8188 = CARTESIAN_POINT ( 'NONE',  ( -65.37564434702643723, 141.2339375865524858, -115.0000000000000142 ) ) ;
#8189 = CIRCLE ( 'NONE', #8037, 1.999999999981072474 ) ;
#8190 = DIRECTION ( 'NONE',  ( 1.649003067838308177E-17, -1.025445864033520315E-16, -1.000000000000000000 ) ) ;
#8191 = ORIENTED_EDGE ( 'NONE', *, *, #7937, .T. ) ;
#8192 = VECTOR ( 'NONE', #689, 1000.000000000000000 ) ;
#8193 = AXIS2_PLACEMENT_3D ( 'NONE', #6784, #3758, #6073 ) ;
#8194 = CARTESIAN_POINT ( 'NONE',  ( -20.76348502534938945, 233.9634110060503929, -17.00000000000048672 ) ) ;
#8195 = CARTESIAN_POINT ( 'NONE',  ( -119.1243556529556713, -178.3294364098944698, -17.99999999999999645 ) ) ;
#8196 = LINE ( 'NONE', #859, #7191 ) ;
#8197 = CIRCLE ( 'NONE', #8818, 2.999999999999947153 ) ;
#8198 = ORIENTED_EDGE ( 'NONE', *, *, #8771, .F. ) ;
#8199 = DIRECTION ( 'NONE',  ( 0.5000000000000012212, -0.8660254037844379305, 0.000000000000000000 ) ) ;
#8200 = DIRECTION ( 'NONE',  ( 0.8660254037844387076, 0.4999999999999998890, 0.000000000000000000 ) ) ;
#8201 = ORIENTED_EDGE ( 'NONE', *, *, #1196, .T. ) ;
#8202 = AXIS2_PLACEMENT_3D ( 'NONE', #8546, #2688, #6958 ) ;
#8203 = ORIENTED_EDGE ( 'NONE', *, *, #6824, .T. ) ;
#8204 = AXIS2_PLACEMENT_3D ( 'NONE', #5754, #6514, #8824 ) ;
#8205 = CYLINDRICAL_SURFACE ( 'NONE', #1322, 5.499999999999997335 ) ;
#8206 = EDGE_CURVE ( 'NONE', #5510, #389, #9461, .T. ) ;
#8207 = ORIENTED_EDGE ( 'NONE', *, *, #1195, .F. ) ;
#8208 = FACE_OUTER_BOUND ( 'NONE', #867, .T. ) ;
#8209 = CARTESIAN_POINT ( 'NONE',  ( 224.9999999999995737, -101.0000000000000142, 8.000000000000039080 ) ) ;
#8210 = EDGE_LOOP ( 'NONE', ( #8917, #5727 ) ) ;
#8211 = CARTESIAN_POINT ( 'NONE',  ( -20.78143421778026223, 237.9944999192955208, -13.66987298107782323 ) ) ;
#8212 = CARTESIAN_POINT ( 'NONE',  ( -261.4935565297952280, -172.9201257615600866, 10.00000000000000000 ) ) ;
#8213 = VECTOR ( 'NONE', #1151, 1000.000000000000000 ) ;
#8214 = CARTESIAN_POINT ( 'NONE',  ( -258.0163151938431270, -185.8973670975123014, 0.000000000000000000 ) ) ;
#8215 = EDGE_CURVE ( 'NONE', #839, #8265, #7193, .T. ) ;
#8216 = CIRCLE ( 'NONE', #7146, 5.500000000000008882 ) ;
#8217 = EDGE_LOOP ( 'NONE', ( #5750, #7409, #7765, #7055 ) ) ;
#8218 = AXIS2_PLACEMENT_3D ( 'NONE', #4561, #3169, #5336 ) ;
#8219 = ORIENTED_EDGE ( 'NONE', *, *, #2316, .T. ) ;
#8220 = EDGE_LOOP ( 'NONE', ( #3966, #4650, #3026, #485 ) ) ;
#8221 = CIRCLE ( 'NONE', #7771, 5.000000000000004441 ) ;
#8222 = AXIS2_PLACEMENT_3D ( 'NONE', #207, #6887, #3903 ) ;
#8223 = DIRECTION ( 'NONE',  ( 1.000000000000000000, 0.000000000000000000, 0.000000000000000000 ) ) ;
#8224 = VECTOR ( 'NONE', #2157, 1000.000000000000114 ) ;
#8225 = CARTESIAN_POINT ( 'NONE',  ( 130.0000000000000284, -13.99999999999998401, -18.00000000000000000 ) ) ;
#8226 = VERTEX_POINT ( 'NONE', #5803 ) ;
#8227 = CYLINDRICAL_SURFACE ( 'NONE', #1152, 5.500000000000021316 ) ;
#8228 = CIRCLE ( 'NONE', #7310, 9.499999999999953815 ) ;
#8229 = CARTESIAN_POINT ( 'NONE',  ( 2.746133917884023390, 163.2435565297863604, 19.49999999999997513 ) ) ;
#8230 = EDGE_CURVE ( 'NONE', #3288, #1341, #4206, .T. ) ;
#8231 = EDGE_CURVE ( 'NONE', #6828, #5038, #6473, .T. ) ;
#8232 = EDGE_CURVE ( 'NONE', #9310, #6919, #8734, .T. ) ;
#8233 = EDGE_LOOP ( 'NONE', ( #4885, #8558 ) ) ;
#8234 = VECTOR ( 'NONE', #6712, 1000.000000000000000 ) ;
#8235 = CARTESIAN_POINT ( 'NONE',  ( 213.9999999999995453, -99.00000000000001421, 10.00000000000000888 ) ) ;
#8236 = CARTESIAN_POINT ( 'NONE',  ( -109.8852632902600419, 248.3268590217633403, 10.00000000000000000 ) ) ;
#8237 = DIRECTION ( 'NONE',  ( -0.8660254037844391517, -0.4999999999999992228, 7.012543237461991856E-16 ) ) ;
#8238 = DIRECTION ( 'NONE',  ( -2.220446049250312588E-16, -1.000000000000000000, 1.025445864033519699E-16 ) ) ;
#8239 = DIRECTION ( 'NONE',  ( -0.8660254037844391517, 0.4999999999999992784, 0.000000000000000000 ) ) ;
#8240 = ORIENTED_EDGE ( 'NONE', *, *, #7395, .F. ) ;
#8241 = DIRECTION ( 'NONE',  ( 0.000000000000000000, 0.000000000000000000, 1.000000000000000000 ) ) ;
#8242 = CARTESIAN_POINT ( 'NONE',  ( -47.88526329027689599, 135.7435565297862468, 10.00000000000000000 ) ) ;
#8243 = ADVANCED_FACE ( 'NONE', ( #2826, #2062 ), #3445, .T. ) ;
#8244 = EDGE_CURVE ( 'NONE', #1313, #91, #718, .T. ) ;
#8245 = ORIENTED_EDGE ( 'NONE', *, *, #9117, .F. ) ;
#8246 = ADVANCED_FACE ( 'NONE', ( #9318 ), #1396, .T. ) ;
#8247 = ORIENTED_EDGE ( 'NONE', *, *, #5252, .T. ) ;
#8248 = CARTESIAN_POINT ( 'NONE',  ( 260.0000000000000000, -99.00000000000002842, -75.00000000000001421 ) ) ;
#8249 = DIRECTION ( 'NONE',  ( 2.220446049250312588E-16, 1.000000000000000000, -1.025445864033519699E-16 ) ) ;
#8250 = VERTEX_POINT ( 'NONE', #1300 ) ;
#8251 = DIRECTION ( 'NONE',  ( -1.635429539641431722E-16, -2.832647054857945307E-16, 1.000000000000000000 ) ) ;
#8252 = DIRECTION ( 'NONE',  ( -0.000000000000000000, -0.000000000000000000, -1.000000000000000000 ) ) ;
#8253 = ORIENTED_EDGE ( 'NONE', *, *, #8697, .T. ) ;
#8254 = ORIENTED_EDGE ( 'NONE', *, *, #5660, .F. ) ;
#8255 = DIRECTION ( 'NONE',  ( -1.635429539641434187E-16, 2.832647054857943828E-16, 1.000000000000000000 ) ) ;
#8256 = LINE ( 'NONE', #4603, #9211 ) ;
#8257 = ORIENTED_EDGE ( 'NONE', *, *, #4119, .F. ) ;
#8258 = CARTESIAN_POINT ( 'NONE',  ( -21.06956468618804124, 149.4935565297863604, 10.00000000000000178 ) ) ;
#8259 = DIRECTION ( 'NONE',  ( 1.635429539641433941E-16, -2.832647054857943335E-16, 1.000000000000000000 ) ) ;
#8260 = EDGE_LOOP ( 'NONE', ( #4393, #6627 ) ) ;
#8261 = CARTESIAN_POINT ( 'NONE',  ( -59.50386608211592687, 271.0637193009488897, 19.49999999999997868 ) ) ;
#8262 = CARTESIAN_POINT ( 'NONE',  ( -70.47608226606323001, 126.8092780590521187, -114.2400010700811350 ) ) ;
#8263 = CYLINDRICAL_SURFACE ( 'NONE', #6377, 5.499999999999997335 ) ;
#8264 = ORIENTED_EDGE ( 'NONE', *, *, #2651, .T. ) ;
#8265 = VERTEX_POINT ( 'NONE', #4347 ) ;
#8266 = CIRCLE ( 'NONE', #7809, 9.499999999999953815 ) ;
#8267 = ORIENTED_EDGE ( 'NONE', *, *, #4163, .F. ) ;
#8268 = EDGE_CURVE ( 'NONE', #6608, #538, #4301, .T. ) ;
#8269 = CARTESIAN_POINT ( 'NONE',  ( 140.0000000000000284, -83.99999999999998579, 19.49999999999998224 ) ) ;
#8270 = ADVANCED_FACE ( 'NONE', ( #7289 ), #6566, .F. ) ;
#8271 = DIRECTION ( 'NONE',  ( -3.105958772499037896E-16, -1.025445864033519576E-16, -1.000000000000000000 ) ) ;
#8272 = EDGE_LOOP ( 'NONE', ( #6472, #8867, #8898, #1168 ) ) ;
#8273 = FACE_OUTER_BOUND ( 'NONE', #1814, .T. ) ;
#8274 = CIRCLE ( 'NONE', #6426, 2.000000000000007550 ) ;
#8275 = LINE ( 'NONE', #2271, #3045 ) ;
#8276 = FACE_BOUND ( 'NONE', #5471, .T. ) ;
#8277 = VERTEX_POINT ( 'NONE', #4203 ) ;
#8278 = EDGE_LOOP ( 'NONE', ( #4857, #961 ) ) ;
#8279 = AXIS2_PLACEMENT_3D ( 'NONE', #8817, #8098, #3001 ) ;
#8280 = CIRCLE ( 'NONE', #7972, 1.999999999980905940 ) ;
#8281 = CIRCLE ( 'NONE', #3369, 4.999999999999994671 ) ;
#8283 = FACE_BOUND ( 'NONE', #8018, .T. ) ;
#8282 = APPROVAL ( #6417, 'UNSPECIFIED' ) ;
#8284 = CARTESIAN_POINT ( 'NONE',  ( -118.6243556529559271, -177.4634110061104479, -17.00000000000048672 ) ) ;
#8285 = ADVANCED_FACE ( 'NONE', ( #6428 ), #5714, .T. ) ;
#8286 = DIRECTION ( 'NONE',  ( 0.4941902632238107107, -0.8559626445094812297, 0.1519997859837830534 ) ) ;
#8287 = CARTESIAN_POINT ( 'NONE',  ( 399.2377111446261324, -230.5000000000001421, 0.000000000000000000 ) ) ;
#8288 = CARTESIAN_POINT ( 'NONE',  ( 270.0000000000000000, -84.00000000000001421, 19.49999999999998224 ) ) ;
#8289 = EDGE_LOOP ( 'NONE', ( #3173, #8959, #3492, #7354 ) ) ;
#8290 = CARTESIAN_POINT ( 'NONE',  ( 260.0000000000000568, -14.00000000000001243, 9.999999999999998224 ) ) ;
#8291 = LINE ( 'NONE', #6744, #8894 ) ;
#8292 = CIRCLE ( 'NONE', #5832, 3.000000000016484147 ) ;
#8293 = VERTEX_POINT ( 'NONE', #126 ) ;
#8294 = DIRECTION ( 'NONE',  ( -0.000000000000000000, -0.000000000000000000, -1.000000000000000000 ) ) ;
#8295 = EDGE_CURVE ( 'NONE', #710, #3483, #4838, .T. ) ;
#8296 = DIRECTION ( 'NONE',  ( -0.7071067811865489050, 2.295192182881577078E-16, 0.7071067811865462405 ) ) ;
#8297 = DIRECTION ( 'NONE',  ( 0.8660254037844390407, -0.4999999999999992784, -0.000000000000000000 ) ) ;
#8298 = ORIENTED_EDGE ( 'NONE', *, *, #959, .T. ) ;
#8299 = DIRECTION ( 'NONE',  ( 1.000000000000000000, 0.000000000000000000, 3.469446951953611231E-16 ) ) ;
#8300 = DIRECTION ( 'NONE',  ( 0.8660254037844382635, 0.5000000000000004441, 0.000000000000000000 ) ) ;
#8301 = OPEN_SHELL ( 'NONE', ( #8627, #645, #4055, #5887, #3464 ) ) ;
#8302 = ORIENTED_EDGE ( 'NONE', *, *, #4543, .T. ) ;
#8303 = ORIENTED_EDGE ( 'NONE', *, *, #2406, .F. ) ;
#8304 = EDGE_CURVE ( 'NONE', #8250, #1807, #4452, .T. ) ;
#8305 = CARTESIAN_POINT ( 'NONE',  ( -119.9304353137946606, -94.72560733741532601, -3.000000000000029754 ) ) ;
#8306 = FACE_BOUND ( 'NONE', #2509, .T. ) ;
#8307 = CARTESIAN_POINT ( 'NONE',  ( 144.9999999999995168, -13.99999999999999645, -115.0000000000000142 ) ) ;
#8308 = VECTOR ( 'NONE', #4325, 1000.000000000000114 ) ;
#8309 = FACE_OUTER_BOUND ( 'NONE', #7643, .T. ) ;
#8310 = ORIENTED_EDGE ( 'NONE', *, *, #2335, .F. ) ;
#8311 = FACE_OUTER_BOUND ( 'NONE', #6668, .T. ) ;
#8312 = CARTESIAN_POINT ( 'NONE',  ( 270.0000000000000000, -84.00000000000001421, 24.99999999999998224 ) ) ;
#8313 = DIRECTION ( 'NONE',  ( 0.4941902632238120430, -0.8559626445094805636, 0.1519997859837830256 ) ) ;
#8314 = ORIENTED_EDGE ( 'NONE', *, *, #5651, .F. ) ;
#8315 = ORIENTED_EDGE ( 'NONE', *, *, #8304, .F. ) ;
#8316 = EDGE_LOOP ( 'NONE', ( #3729, #4951, #3993, #1357 ) ) ;
#8317 = CARTESIAN_POINT ( 'NONE',  ( -207.7268960313996047, -131.7935380250322908, 8.000000000000028422 ) ) ;
#8318 = CARTESIAN_POINT ( 'NONE',  ( -160.7365149746330246, -80.40381056769041379, -115.0000000000000142 ) ) ;
#8319 = VERTEX_POINT ( 'NONE', #2251 ) ;
#8320 = CARTESIAN_POINT ( 'NONE',  ( -160.1147367097224219, -219.3268590218234806, 10.00000000000000178 ) ) ;
#8321 = DIRECTION ( 'NONE',  ( 0.8660254037844387076, 0.4999999999999998890, 0.000000000000000000 ) ) ;
#8322 = DIRECTION ( 'NONE',  ( -2.220446049250312588E-16, -1.000000000000000000, 1.025445864033519699E-16 ) ) ;
#8323 = EDGE_LOOP ( 'NONE', ( #5713, #7123 ) ) ;
#8324 = VERTEX_POINT ( 'NONE', #32 ) ;
#8325 = DIRECTION ( 'NONE',  ( -0.7071067811865489050, 8.449927344859786789E-17, -0.7071067811865461294 ) ) ;
#8326 = FACE_BOUND ( 'NONE', #6904, .T. ) ;
#8327 = LINE ( 'NONE', #6122, #5767 ) ;
#8328 = LINE ( 'NONE', #5210, #8536 ) ;
#8329 = CARTESIAN_POINT ( 'NONE',  ( -158.8079664398314605, -345.0634665205517422, 10.00000000000000000 ) ) ;
#8330 = ORIENTED_EDGE ( 'NONE', *, *, #4156, .F. ) ;
#8331 = DIRECTION ( 'NONE',  ( -1.000000000000000000, 0.000000000000000000, 0.000000000000000000 ) ) ;
#8332 = DIRECTION ( 'NONE',  ( 0.8660254037844390407, -0.4999999999999992228, 0.000000000000000000 ) ) ;
#8333 = EDGE_CURVE ( 'NONE', #5568, #6420, #764, .T. ) ;
#8334 = VERTEX_POINT ( 'NONE', #7485 ) ;
#8335 = DIRECTION ( 'NONE',  ( 0.3535533905932757293, -0.6123724356957980230, -0.7071067811865435759 ) ) ;
#8336 = AXIS2_PLACEMENT_3D ( 'NONE', #2754, #5688, #7257 ) ;
#8337 = DIRECTION ( 'NONE',  ( 1.635429539641431722E-16, 2.832647054857945307E-16, 1.000000000000000000 ) ) ;
#8338 = CARTESIAN_POINT ( 'NONE',  ( -62.25386608211591977, 275.8268590217633687, 24.99999999999997513 ) ) ;
#8339 = CARTESIAN_POINT ( 'NONE',  ( -235.0797817143698865, -188.1701257615600866, 10.00000000000000000 ) ) ;
#8340 = ORIENTED_EDGE ( 'NONE', *, *, #6454, .F. ) ;
#8341 = DIRECTION ( 'NONE',  ( 0.3535533905932752852, 0.6123724356957982451, -0.7071067811865434649 ) ) ;
#8342 = EDGE_CURVE ( 'NONE', #8744, #728, #8964, .T. ) ;
#8343 = AXIS2_PLACEMENT_3D ( 'NONE', #8000, #9446, #5116 ) ;
#8344 = CARTESIAN_POINT ( 'NONE',  ( -160.1147367097224219, -219.3268590218234806, 24.99999999999997513 ) ) ;
#8345 = EDGE_CURVE ( 'NONE', #6934, #3753, #8149, .T. ) ;
#8346 = AXIS2_PLACEMENT_3D ( 'NONE', #7307, #2169, #2932 ) ;
#8347 = ADVANCED_FACE ( 'NONE', ( #8064 ), #9017, .T. ) ;
#8348 = ORIENTED_EDGE ( 'NONE', *, *, #7885, .T. ) ;
#8349 = ORIENTED_EDGE ( 'NONE', *, *, #6757, .F. ) ;
#8350 = CARTESIAN_POINT ( 'NONE',  ( 2.746133917884198805, 163.2435565297862752, 0.000000000000000000 ) ) ;
#8351 = FACE_BOUND ( 'NONE', #4367, .T. ) ;
#8352 = VECTOR ( 'NONE', #3633, 1000.000000000000114 ) ;
#8353 = ADVANCED_FACE ( 'NONE', ( #8871 ), #1580, .F. ) ;
#8354 = CARTESIAN_POINT ( 'NONE',  ( -118.6243556529559271, -177.4634110061104479, -17.00000000000048672 ) ) ;
#8355 = ORIENTED_EDGE ( 'NONE', *, *, #2640, .F. ) ;
#8356 = DIRECTION ( 'NONE',  ( -1.000000000000000000, 0.000000000000000000, 0.000000000000000000 ) ) ;
#8357 = LINE ( 'NONE', #3312, #2054 ) ;
#8358 = DIRECTION ( 'NONE',  ( -0.000000000000000000, -0.000000000000000000, -1.000000000000000000 ) ) ;
#8360 = VERTEX_POINT ( 'NONE', #174 ) ;
#8359 = EDGE_CURVE ( 'NONE', #3328, #8783, #8108, .T. ) ;
#8361 = CIRCLE ( 'NONE', #373, 4.999999999999990230 ) ;
#8362 = ADVANCED_FACE ( 'NONE', ( #7435 ), #7387, .F. ) ;
#8363 = ORIENTED_EDGE ( 'NONE', *, *, #17, .T. ) ;
#8364 = CIRCLE ( 'NONE', #4356, 3.500000000000003109 ) ;
#8365 = EDGE_CURVE ( 'NONE', #1726, #3912, #6683, .T. ) ;
#8366 = ORIENTED_EDGE ( 'NONE', *, *, #9119, .F. ) ;
#8367 = CARTESIAN_POINT ( 'NONE',  ( 290.0000000000000568, -130.5000000000000000, 10.00000000000000000 ) ) ;
#8368 = DIRECTION ( 'NONE',  ( -1.000000000000000000, 0.000000000000000000, 0.000000000000000000 ) ) ;
#8369 = VERTEX_POINT ( 'NONE', #4594 ) ;
#8370 = LINE ( 'NONE', #8412, #9130 ) ;
#8371 = DIRECTION ( 'NONE',  ( 1.000000000000000000, 0.000000000000000000, 0.000000000000000000 ) ) ;
#8372 = CIRCLE ( 'NONE', #7287, 5.499999999999997335 ) ;
#8373 = PLANE ( 'NONE',  #5616 ) ;
#8374 = EDGE_LOOP ( 'NONE', ( #604, #6101, #7938, #5119 ) ) ;
#8375 = ORIENTED_EDGE ( 'NONE', *, *, #8920, .T. ) ;
#8376 = VECTOR ( 'NONE', #6795, 1000.000000000000000 ) ;
#8377 = LINE ( 'NONE', #7755, #1417 ) ;
#8378 = AXIS2_PLACEMENT_3D ( 'NONE', #1213, #4790, #7737 ) ;
#8379 = CARTESIAN_POINT ( 'NONE',  ( -160.7365149746330246, -80.40381056769041379, -115.0000000000000142 ) ) ;
#8380 = CARTESIAN_POINT ( 'NONE',  ( 265.4999999999995453, -14.00000000000001243, -69.50000000000056843 ) ) ;
#8381 = CARTESIAN_POINT ( 'NONE',  ( 137.4999999999994600, -99.00000000000001421, -137.5000000000000000 ) ) ;
#8382 = LINE ( 'NONE', #9198, #4905 ) ;
#8383 = ORIENTED_EDGE ( 'NONE', *, *, #5252, .F. ) ;
#8384 = FACE_BOUND ( 'NONE', #9232, .T. ) ;
#8385 = DIRECTION ( 'NONE',  ( 2.220446049250312588E-16, 1.000000000000000000, -1.025445864033519699E-16 ) ) ;
#8386 = AXIS2_PLACEMENT_3D ( 'NONE', #3202, #6903, #2531 ) ;
#8387 = ORIENTED_EDGE ( 'NONE', *, *, #6626, .T. ) ;
#8388 = DIRECTION ( 'NONE',  ( 2.220446049250312588E-16, 1.000000000000000000, -1.025445864033519699E-16 ) ) ;
#8389 = DIRECTION ( 'NONE',  ( 0.2499999999999999445, -0.4330127018922215743, 0.8660254037844375974 ) ) ;
#8390 = CARTESIAN_POINT ( 'NONE',  ( 213.9999999999995453, -114.0000000000000142, 8.000000000000035527 ) ) ;
#8391 = DESIGN_CONTEXT ( 'detailed design', #898, 'design' ) ;
#8392 = DIRECTION ( 'NONE',  ( -2.220446049250312588E-16, -1.000000000000000000, 1.025445864033519699E-16 ) ) ;
#8393 = DIRECTION ( 'NONE',  ( 0.3535533905932726761, 0.6123724356957938042, -0.7071067811865486830 ) ) ;
#8394 = ORIENTED_EDGE ( 'NONE', *, *, #9228, .F. ) ;
#8395 = EDGE_LOOP ( 'NONE', ( #886, #6519, #7581, #8581 ) ) ;
#8396 = CARTESIAN_POINT ( 'NONE',  ( -194.4685657822019209, -134.8294364098945266, 8.000000000000028422 ) ) ;
#8398 = EDGE_CURVE ( 'NONE', #8461, #5413, #809, .T. ) ;
#8397 = DIRECTION ( 'NONE',  ( 0.000000000000000000, 0.000000000000000000, 1.000000000000000000 ) ) ;
#8399 = EDGE_CURVE ( 'NONE', #4267, #2105, #1635, .T. ) ;
#8400 = DIRECTION ( 'NONE',  ( 0.8660254037844391517, -0.4999999999999992784, 0.000000000000000000 ) ) ;
#8401 = ORIENTED_EDGE ( 'NONE', *, *, #1017, .T. ) ;
#8402 = DIRECTION ( 'NONE',  ( -0.000000000000000000, -0.000000000000000000, -1.000000000000000000 ) ) ;
#8403 = CARTESIAN_POINT ( 'NONE',  ( 140.0000000000000284, -28.99999999999997158, 24.99999999999997513 ) ) ;
#8404 = DIRECTION ( 'NONE',  ( -1.000000000000000000, 0.000000000000000000, 0.000000000000000000 ) ) ;
#8405 = ORIENTED_EDGE ( 'NONE', *, *, #5104, .F. ) ;
#8406 = EDGE_LOOP ( 'NONE', ( #4170, #1348 ) ) ;
#8407 = VERTEX_POINT ( 'NONE', #3154 ) ;
#8408 = EDGE_CURVE ( 'NONE', #2474, #3543, #2545, .T. ) ;
#8409 = FACE_OUTER_BOUND ( 'NONE', #1659, .T. ) ;
#8410 = CARTESIAN_POINT ( 'NONE',  ( -119.1243556529556713, -178.3294364098944698, 10.00000000000000178 ) ) ;
#8411 = VERTEX_POINT ( 'NONE', #3723 ) ;
#8412 = CARTESIAN_POINT ( 'NONE',  ( 384.2377111446261324, 7.347880794884106917E-16, 10.00000000000000000 ) ) ;
#8413 = EDGE_CURVE ( 'NONE', #7805, #1009, #5179, .T. ) ;
#8414 = DIRECTION ( 'NONE',  ( -0.000000000000000000, -0.000000000000000000, -1.000000000000000000 ) ) ;
#8415 = DIRECTION ( 'NONE',  ( 1.000000000000000000, 0.000000000000000000, 1.577021341797095835E-16 ) ) ;
#8416 = ORIENTED_EDGE ( 'NONE', *, *, #7701, .T. ) ;
#8417 = EDGE_LOOP ( 'NONE', ( #1836, #3890 ) ) ;
#8418 = PLANE ( 'NONE',  #2486 ) ;
#8419 = CYLINDRICAL_SURFACE ( 'NONE', #3751, 2.000000000000005773 ) ;
#8421 = DIRECTION ( 'NONE',  ( 0.000000000000000000, 0.000000000000000000, 1.000000000000000000 ) ) ;
#8420 = AXIS2_PLACEMENT_3D ( 'NONE', #1844, #5342, #1117 ) ;
#8422 = EDGE_CURVE ( 'NONE', #7984, #3576, #396, .T. ) ;
#8423 = FACE_BOUND ( 'NONE', #6871, .T. ) ;
#8424 = CIRCLE ( 'NONE', #1231, 3.000000000000002665 ) ;
#8425 = DIRECTION ( 'NONE',  ( -1.000000000000000000, 0.000000000000000000, 0.000000000000000000 ) ) ;
#8426 = ORIENTED_EDGE ( 'NONE', *, *, #3813, .T. ) ;
#8427 = DIRECTION ( 'NONE',  ( 0.8660254037844387076, 0.4999999999999998890, 0.000000000000000000 ) ) ;
#8428 = DIRECTION ( 'NONE',  ( -0.000000000000000000, -0.000000000000000000, -1.000000000000000000 ) ) ;
#8429 = ORIENTED_EDGE ( 'NONE', *, *, #4207, .F. ) ;
#8430 = AXIS2_PLACEMENT_3D ( 'NONE', #9396, #4286, #7954 ) ;
#8431 = DIRECTION ( 'NONE',  ( 0.000000000000000000, 0.000000000000000000, 1.000000000000000000 ) ) ;
#8432 = CARTESIAN_POINT ( 'NONE',  ( -43.39745962156486314, 275.1666049839189441, 10.00000000000000000 ) ) ;
#8433 = CARTESIAN_POINT ( 'NONE',  ( -19.53143421778027289, 235.8294364098343863, 8.000000000000028422 ) ) ;
#8434 = ORIENTED_EDGE ( 'NONE', *, *, #5, .F. ) ;
#8435 = AXIS2_PLACEMENT_3D ( 'NONE', #5071, #3399, #1383 ) ;
#8436 = DIRECTION ( 'NONE',  ( 0.000000000000000000, 0.000000000000000000, 1.000000000000000000 ) ) ;
#8437 = PERSON_AND_ORGANIZATION ( #3110, #5628 ) ;
#8438 = EDGE_CURVE ( 'NONE', #6165, #7543, #3051, .T. ) ;
#8439 = ORIENTED_EDGE ( 'NONE', *, *, #5664, .F. ) ;
#8440 = VERTEX_POINT ( 'NONE', #9067 ) ;
#8441 = DIRECTION ( 'NONE',  ( 0.000000000000000000, 0.000000000000000000, 1.000000000000000000 ) ) ;
#8442 = DIRECTION ( 'NONE',  ( -3.435759386066699347E-16, 1.025445864033521055E-16, 1.000000000000000000 ) ) ;
#8443 = DIRECTION ( 'NONE',  ( 0.8660254037844387076, 0.4999999999999998890, -7.703719777548943412E-34 ) ) ;
#8444 = EDGE_LOOP ( 'NONE', ( #8426, #3090, #2100, #827 ) ) ;
#8445 = CARTESIAN_POINT ( 'NONE',  ( 378.2377111446261324, 0.000000000000000000, 10.00000000000000000 ) ) ;
#8446 = CIRCLE ( 'NONE', #5234, 11.00000000000000888 ) ;
#8447 = DIRECTION ( 'NONE',  ( -0.8660254037844391517, -0.4999999999999992228, 7.012543237461991856E-16 ) ) ;
#8448 = CARTESIAN_POINT ( 'NONE',  ( 378.2377111446261324, 0.000000000000000000, 0.000000000000000000 ) ) ;
#8449 = EDGE_CURVE ( 'NONE', #4661, #1868, #5469, .T. ) ;
#8450 = EDGE_LOOP ( 'NONE', ( #4516, #654, #1877, #6225 ) ) ;
#8451 = EDGE_CURVE ( 'NONE', #273, #5891, #7680, .T. ) ;
#8452 = ORIENTED_EDGE ( 'NONE', *, *, #2734, .F. ) ;
#8453 = CARTESIAN_POINT ( 'NONE',  ( 280.0000000000000000, -14.00000000000001243, 9.999999999999998224 ) ) ;
#8454 = DIRECTION ( 'NONE',  ( 2.220446049250312588E-16, 1.000000000000000000, -1.025445864033519699E-16 ) ) ;
#8455 = EDGE_LOOP ( 'NONE', ( #100, #8793 ) ) ;
#8456 = DIRECTION ( 'NONE',  ( 0.4999999999999985567, 0.8660254037844394848, 0.000000000000000000 ) ) ;
#8457 = DIRECTION ( 'NONE',  ( 1.000000000000000000, 0.000000000000000000, 0.000000000000000000 ) ) ;
#8458 = CARTESIAN_POINT ( 'NONE',  ( -41.88526329024288941, 135.7435565297862468, 0.000000000000000000 ) ) ;
#8459 = ORIENTED_EDGE ( 'NONE', *, *, #7212, .T. ) ;
#8460 = ADVANCED_FACE ( 'NONE', ( #6946 ), #4779, .T. ) ;
#8461 = VERTEX_POINT ( 'NONE', #3249 ) ;
#8462 = EDGE_CURVE ( 'NONE', #4656, #1797, #3347, .T. ) ;
#8463 = CARTESIAN_POINT ( 'NONE',  ( 272.9999999999999432, -29.00000000000000000, 10.00000000000000000 ) ) ;
#8464 = CARTESIAN_POINT ( 'NONE',  ( -121.6256443470264941, 238.6617955123019783, 35.50000000000031974 ) ) ;
#8465 = CYLINDRICAL_SURFACE ( 'NONE', #2104, 5.000000000000014211 ) ;
#8466 = DIRECTION ( 'NONE',  ( -0.8660254037844390407, -0.4999999999999991673, 7.012543237461990870E-16 ) ) ;
#8467 = CIRCLE ( 'NONE', #8005, 5.499999999999996447 ) ;
#8468 = CARTESIAN_POINT ( 'NONE',  ( 10.73651497465087878, 179.4038105676302735, -115.0000000000000142 ) ) ;
#8469 = VERTEX_POINT ( 'NONE', #6236 ) ;
#8470 = DIRECTION ( 'NONE',  ( 0.000000000000000000, 0.000000000000000000, 1.000000000000000000 ) ) ;
#8471 = DIRECTION ( 'NONE',  ( 2.220446049250312588E-16, 1.000000000000000000, -1.025445864033519699E-16 ) ) ;
#8472 = ORIENTED_EDGE ( 'NONE', *, *, #4061, .T. ) ;
#8473 = EDGE_CURVE ( 'NONE', #5221, #1806, #2239, .T. ) ;
#8474 = EDGE_CURVE ( 'NONE', #7510, #4970, #2698, .T. ) ;
#8475 = CYLINDRICAL_SURFACE ( 'NONE', #2026, 5.000000000000004441 ) ;
#8476 = DIRECTION ( 'NONE',  ( -0.8660254037844382635, -0.5000000000000004441, 0.000000000000000000 ) ) ;
#8477 = CARTESIAN_POINT ( 'NONE',  ( 140.0000000000000284, -83.99999999999998579, 19.49999999999998224 ) ) ;
#8478 = ORIENTED_EDGE ( 'NONE', *, *, #8850, .F. ) ;
#8479 = LINE ( 'NONE', #6461, #8500 ) ;
#8480 = DIRECTION ( 'NONE',  ( 0.8660254037844390407, -0.4999999999999992784, -0.000000000000000000 ) ) ;
#8481 = LINE ( 'NONE', #7577, #552 ) ;
#8482 = VECTOR ( 'NONE', #4257, 1000.000000000000000 ) ;
#8483 = VECTOR ( 'NONE', #1365, 1000.000000000000114 ) ;
#8484 = VERTEX_POINT ( 'NONE', #1822 ) ;
#8485 = AXIS2_PLACEMENT_3D ( 'NONE', #3605, #6545, #5153 ) ;
#8486 = ORIENTED_EDGE ( 'NONE', *, *, #5699, .F. ) ;
#8487 = EDGE_CURVE ( 'NONE', #9445, #5759, #3313, .T. ) ;
#8488 = CARTESIAN_POINT ( 'NONE',  ( 213.9999999999995453, -101.0000000000000142, -18.00000000000000355 ) ) ;
#8489 = DIRECTION ( 'NONE',  ( -0.000000000000000000, -0.000000000000000000, -1.000000000000000000 ) ) ;
#8490 = AXIS2_PLACEMENT_3D ( 'NONE', #7001, #2008, #564 ) ;
#8491 = DIRECTION ( 'NONE',  ( -0.3788326176466335071, -0.6561573413282845157, -0.6526433874850773309 ) ) ;
#8492 = EDGE_LOOP ( 'NONE', ( #5789, #1410 ) ) ;
#8493 = DIRECTION ( 'NONE',  ( -0.000000000000000000, -0.000000000000000000, -1.000000000000000000 ) ) ;
#8494 = CIRCLE ( 'NONE', #3887, 9.500000000000008882 ) ;
#8495 = CARTESIAN_POINT ( 'NONE',  ( 154.9999999999994884, -99.00000000000002842, -115.0000000000000142 ) ) ;
#8496 = DIRECTION ( 'NONE',  ( -0.3535533905932752852, -0.6123724356957982451, 0.7071067811865434649 ) ) ;
#8497 = ORIENTED_EDGE ( 'NONE', *, *, #2013, .F. ) ;
#8498 = CIRCLE ( 'NONE', #2822, 1.999999999981072474 ) ;
#8499 = VERTEX_POINT ( 'NONE', #4731 ) ;
#8500 = VECTOR ( 'NONE', #8676, 1000.000000000000114 ) ;
#8501 = AXIS2_PLACEMENT_3D ( 'NONE', #6470, #4199, #9406 ) ;
#8502 = CARTESIAN_POINT ( 'NONE',  ( 270.0000000000000000, -29.00000000000000000, 0.000000000000000000 ) ) ;
#8503 = CARTESIAN_POINT ( 'NONE',  ( 149.9999999999994884, -99.00000000000002842, -115.0000000000000142 ) ) ;
#8504 = EDGE_LOOP ( 'NONE', ( #3864, #3574 ) ) ;
#8505 = DIRECTION ( 'NONE',  ( -0.000000000000000000, -0.000000000000000000, -1.000000000000000000 ) ) ;
#8506 = CARTESIAN_POINT ( 'NONE',  ( -98.11473670970379146, -106.7435565298464013, 0.000000000000000000 ) ) ;
#8507 = AXIS2_PLACEMENT_3D ( 'NONE', #2168, #8079, #7250 ) ;
#8508 = CARTESIAN_POINT ( 'NONE',  ( -117.8756443470266646, 232.1666049839190009, -75.00000000000001421 ) ) ;
#8509 = ORIENTED_EDGE ( 'NONE', *, *, #9174, .T. ) ;
#8510 = ORIENTED_EDGE ( 'NONE', *, *, #656, .F. ) ;
#8511 = AXIS2_PLACEMENT_3D ( 'NONE', #6768, #186, #4701 ) ;
#8512 = LINE ( 'NONE', #4717, #5403 ) ;
#8513 = DIRECTION ( 'NONE',  ( -1.000000000000000000, 0.000000000000000000, 0.000000000000000000 ) ) ;
#8514 = VECTOR ( 'NONE', #3148, 1000.000000000000000 ) ;
#8515 = LINE ( 'NONE', #2130, #5322 ) ;
#8516 = LINE ( 'NONE', #1128, #6031 ) ;
#8517 = EDGE_CURVE ( 'NONE', #1965, #8187, #7915, .T. ) ;
#8518 = CIRCLE ( 'NONE', #4842, 3.500000000000003109 ) ;
#8519 = LINE ( 'NONE', #1277, #9047 ) ;
#8520 = ORIENTED_EDGE ( 'NONE', *, *, #8342, .F. ) ;
#8521 = EDGE_CURVE ( 'NONE', #7484, #8319, #9447, .T. ) ;
#8522 = DIRECTION ( 'NONE',  ( 1.000000000000000000, 0.000000000000000000, 0.000000000000000000 ) ) ;
#8523 = EDGE_CURVE ( 'NONE', #6673, #7966, #4687, .T. ) ;
#8524 = CARTESIAN_POINT ( 'NONE',  ( 150.0000000000000000, 42.50000000000000000, 10.00000000000000000 ) ) ;
#8525 = AXIS2_PLACEMENT_3D ( 'NONE', #1053, #3962, #6902 ) ;
#8526 = ORIENTED_EDGE ( 'NONE', *, *, #5584, .F. ) ;
#8527 = AXIS2_PLACEMENT_3D ( 'NONE', #7953, #4387, #7373 ) ;
#8528 = CIRCLE ( 'NONE', #5620, 4.999999999999998224 ) ;
#8529 = CARTESIAN_POINT ( 'NONE',  ( -158.8079664398664193, 345.0634665204915450, 10.00000000000000000 ) ) ;
#8530 = DIRECTION ( 'NONE',  ( 0.4999999999999996669, 0.8660254037844388186, -6.308085367188379394E-16 ) ) ;
#8531 = LINE ( 'NONE', #7770, #3603 ) ;
#8532 = AXIS2_PLACEMENT_3D ( 'NONE', #5445, #2463, #3990 ) ;
#8533 = DIRECTION ( 'NONE',  ( 0.8660254037844387076, 0.4999999999999998890, 0.000000000000000000 ) ) ;
#8534 = ORIENTED_EDGE ( 'NONE', *, *, #6706, .F. ) ;
#8536 = VECTOR ( 'NONE', #1759, 1000.000000000000000 ) ;
#8535 = CARTESIAN_POINT ( 'NONE',  ( 280.0000000000000000, -14.00000000000001243, 9.999999999999998224 ) ) ;
#8537 = ADVANCED_FACE ( 'NONE', ( #1776 ), #3299, .T. ) ;
#8538 = EDGE_CURVE ( 'NONE', #9116, #7686, #8481, .T. ) ;
#8539 = CIRCLE ( 'NONE', #1808, 10.00000000000000178 ) ;
#8540 = ORIENTED_EDGE ( 'NONE', *, *, #5940, .F. ) ;
#8541 = ORIENTED_EDGE ( 'NONE', *, *, #953, .F. ) ;
#8542 = DIRECTION ( 'NONE',  ( 0.3535533905932726761, 0.6123724356957938042, -0.7071067811865486830 ) ) ;
#8543 = CARTESIAN_POINT ( 'NONE',  ( -216.6025403784177286, -175.1666049839791413, 10.00000000000000000 ) ) ;
#8544 = EDGE_CURVE ( 'NONE', #5573, #723, #702, .T. ) ;
#8545 = ORIENTED_EDGE ( 'NONE', *, *, #3392, .T. ) ;
#8546 = CARTESIAN_POINT ( 'NONE',  ( 140.0000000000000284, -83.99999999999998579, 24.99999999999998224 ) ) ;
#8547 = DIRECTION ( 'NONE',  ( 0.8660254037844391517, -0.4999999999999992784, 0.000000000000000000 ) ) ;
#8548 = DIRECTION ( 'NONE',  ( -0.000000000000000000, -0.000000000000000000, -1.000000000000000000 ) ) ;
#8549 = ORIENTED_EDGE ( 'NONE', *, *, #8655, .F. ) ;
#8550 = EDGE_LOOP ( 'NONE', ( #928, #7300, #7192, #1798 ) ) ;
#8551 = DIRECTION ( 'NONE',  ( 0.5000000000000015543, 0.8660254037844377084, 0.000000000000000000 ) ) ;
#8552 = CARTESIAN_POINT ( 'NONE',  ( -83.66025403781794978, -124.9038105676903285, -115.0000000000000142 ) ) ;
#8553 = ORIENTED_EDGE ( 'NONE', *, *, #7395, .T. ) ;
#8554 = CARTESIAN_POINT ( 'NONE',  ( 272.0000000000000000, -56.50000000000002132, -3.000000000000027534 ) ) ;
#8555 = CARTESIAN_POINT ( 'NONE',  ( -47.63526329026010586, 140.5066962506007542, 19.49999999999997868 ) ) ;
#8556 = DIRECTION ( 'NONE',  ( 0.000000000000000000, 0.000000000000000000, 1.000000000000000000 ) ) ;
#8557 = ORIENTED_EDGE ( 'NONE', *, *, #6056, .F. ) ;
#8558 = ORIENTED_EDGE ( 'NONE', *, *, #6416, .T. ) ;
#8559 = DIRECTION ( 'NONE',  ( 1.000000000000000000, 0.000000000000000000, 0.000000000000000000 ) ) ;
#8560 = ADVANCED_FACE ( 'NONE', ( #6140 ), #7629, .F. ) ;
#8561 = CARTESIAN_POINT ( 'NONE',  ( -94.87564434702643723, 192.3294364098344147, 10.00000000000000178 ) ) ;
#8562 = DIRECTION ( 'NONE',  ( -1.000000000000000000, 0.000000000000000000, 0.000000000000000000 ) ) ;
#8563 = CARTESIAN_POINT ( 'NONE',  ( 139.9999999999999716, -29.00000000000000000, 10.00000000000000000 ) ) ;
#8564 = ORIENTED_EDGE ( 'NONE', *, *, #669, .F. ) ;
#8565 = CARTESIAN_POINT ( 'NONE',  ( -18.28143421778026934, 233.6643729003732801, 3.669872981077833884 ) ) ;
#8566 = CARTESIAN_POINT ( 'NONE',  ( -258.0163151938431270, -185.8973670975123014, 10.00000000000000000 ) ) ;
#8567 = EDGE_LOOP ( 'NONE', ( #1636, #2625, #4682, #3728 ) ) ;
#8568 = CC_DESIGN_PERSON_AND_ORGANIZATION_ASSIGNMENT ( #9165, #6238, ( #1957 ) ) ;
#8569 = EDGE_CURVE ( 'NONE', #202, #2451, #3149, .T. ) ;
#8570 = AXIS2_PLACEMENT_3D ( 'NONE', #3175, #8992, #288 ) ;
#8571 = AXIS2_PLACEMENT_3D ( 'NONE', #7556, #8321, #4035 ) ;
#8572 = DIRECTION ( 'NONE',  ( 0.2499999999999999167, -0.4330127018922189097, -0.8660254037844388186 ) ) ;
#8573 = LINE ( 'NONE', #7858, #4920 ) ;
#8574 = LINE ( 'NONE', #459, #8685 ) ;
#8575 = DIRECTION ( 'NONE',  ( 0.000000000000000000, 0.000000000000000000, 1.000000000000000000 ) ) ;
#8576 = VERTEX_POINT ( 'NONE', #2413 ) ;
#8577 = DIRECTION ( 'NONE',  ( 0.000000000000000000, 0.000000000000000000, 1.000000000000000000 ) ) ;
#8578 = VECTOR ( 'NONE', #1450, 1000.000000000000000 ) ;
#8579 =( NAMED_UNIT ( * ) SI_UNIT ( $, .STERADIAN. ) SOLID_ANGLE_UNIT ( ) );
#8580 = AXIS2_PLACEMENT_3D ( 'NONE', #5988, #1003, #6753 ) ;
#8581 = ORIENTED_EDGE ( 'NONE', *, *, #6454, .T. ) ;
#8582 = VERTEX_POINT ( 'NONE', #1850 ) ;
#8583 = EDGE_CURVE ( 'NONE', #7231, #322, #235, .T. ) ;
#8584 = VERTEX_POINT ( 'NONE', #2605 ) ;
#8585 = AXIS2_PLACEMENT_3D ( 'NONE', #1717, #2328, #5214 ) ;
#8586 = ADVANCED_FACE ( 'NONE', ( #4756 ), #8373, .F. ) ;
#8588 = CIRCLE ( 'NONE', #301, 3.500000000000013323 ) ;
#8587 = CARTESIAN_POINT ( 'NONE',  ( -87.87435565295575657, -124.2028486733671002, 44.49999999999970157 ) ) ;
#8589 = CARTESIAN_POINT ( 'NONE',  ( 13.48651497465087523, 174.6406708468158513, -105.4737205583711841 ) ) ;
#8590 = ORIENTED_EDGE ( 'NONE', *, *, #1721, .F. ) ;
#8591 = CARTESIAN_POINT ( 'NONE',  ( -95.11473670972256400, -106.7435565298464013, 19.49999999999997513 ) ) ;
#8592 = CARTESIAN_POINT ( 'NONE',  ( -162.0560796608473595, 195.6893636479667009, 0.000000000000000000 ) ) ;
#8593 = CARTESIAN_POINT ( 'NONE',  ( 142.0000000000000000, -56.50000000000000000, 10.00000000000000000 ) ) ;
#8594 = CIRCLE ( 'NONE', #4136, 3.500000000000013323 ) ;
#8595 = VECTOR ( 'NONE', #7093, 1000.000000000000000 ) ;
#8596 = VERTEX_POINT ( 'NONE', #1035 ) ;
#8597 = ADVANCED_FACE ( 'NONE', ( #3180 ), #3895, .T. ) ;
#8598 = ORIENTED_EDGE ( 'NONE', *, *, #6993, .F. ) ;
#8599 = CIRCLE ( 'NONE', #3982, 3.000000000016484147 ) ;
#8600 = DIRECTION ( 'NONE',  ( -2.220446049250312588E-16, -1.000000000000000000, 1.025445864033519699E-16 ) ) ;
#8601 = DIRECTION ( 'NONE',  ( -1.000000000000000000, 0.000000000000000000, 0.000000000000000000 ) ) ;
#8602 = VERTEX_POINT ( 'NONE', #5540 ) ;
#8603 = DIRECTION ( 'NONE',  ( 1.000000000000000000, 0.000000000000000000, 0.000000000000000000 ) ) ;
#8604 = CIRCLE ( 'NONE', #4919, 4.999999999999995559 ) ;
#8605 = FACE_OUTER_BOUND ( 'NONE', #6775, .T. ) ;
#8606 = VECTOR ( 'NONE', #2185, 1000.000000000000114 ) ;
#8607 = FACE_OUTER_BOUND ( 'NONE', #3284, .T. ) ;
#8608 = ORIENTED_EDGE ( 'NONE', *, *, #7645, .T. ) ;
#8609 = ORIENTED_EDGE ( 'NONE', *, *, #8635, .F. ) ;
#8610 = ADVANCED_FACE ( 'NONE', ( #1706 ), #5395, .F. ) ;
#8611 = DIRECTION ( 'NONE',  ( 0.2499999999999998890, -0.4330127018922192428, 0.8660254037844387076 ) ) ;
#8612 = CARTESIAN_POINT ( 'NONE',  ( -162.0560796608473595, 195.6893636479667009, 10.00000000000000000 ) ) ;
#8613 = CYLINDRICAL_SURFACE ( 'NONE', #51, 3.000000000017002844 ) ;
#8614 = DIRECTION ( 'NONE',  ( 1.000000000000000000, 0.000000000000000000, 0.000000000000000000 ) ) ;
#8615 = VERTEX_POINT ( 'NONE', #8458 ) ;
#8616 = DIRECTION ( 'NONE',  ( -2.220446049250312588E-16, -1.000000000000000000, 1.025445864033519699E-16 ) ) ;
#8617 = CIRCLE ( 'NONE', #7997, 3.999999999999991562 ) ;
#8618 = DIRECTION ( 'NONE',  ( -0.000000000000000000, -0.000000000000000000, -1.000000000000000000 ) ) ;
#8619 = ORIENTED_EDGE ( 'NONE', *, *, #173, .F. ) ;
#8620 = VECTOR ( 'NONE', #445, 1000.000000000000000 ) ;
#8621 = FACE_BOUND ( 'NONE', #5798, .T. ) ;
#8622 = DIRECTION ( 'NONE',  ( 0.8660254037844390407, 0.4999999999999993339, -0.000000000000000000 ) ) ;
#8623 = CARTESIAN_POINT ( 'NONE',  ( -18.51348502534914431, 230.0662966890200209, -27.52627944162884077 ) ) ;
#8624 = DIRECTION ( 'NONE',  ( -0.000000000000000000, -0.000000000000000000, -1.000000000000000000 ) ) ;
#8625 = ORIENTED_EDGE ( 'NONE', *, *, #7212, .F. ) ;
#8626 = CARTESIAN_POINT ( 'NONE',  ( 380.2377111446261324, -35.00000000000000000, 10.00000000000000000 ) ) ;
#8627 = ADVANCED_FACE ( 'NONE', ( #9090 ), #1122, .F. ) ;
#8628 = PERSON_AND_ORGANIZATION_ROLE ( 'creator' ) ;
#8629 = ORIENTED_EDGE ( 'NONE', *, *, #1308, .F. ) ;
#8630 = ORIENTED_EDGE ( 'NONE', *, *, #6520, .F. ) ;
#8631 = ORIENTED_EDGE ( 'NONE', *, *, #1669, .F. ) ;
#8632 = LINE ( 'NONE', #6330, #9140 ) ;
#8633 = ADVANCED_FACE ( 'NONE', ( #8276, #3943 ), #6878, .T. ) ;
#8634 = CARTESIAN_POINT ( 'NONE',  ( -62.25386608211591977, 275.8268590217634255, 10.00000000000000000 ) ) ;
#8635 = EDGE_CURVE ( 'NONE', #6487, #1651, #4380, .T. ) ;
#8636 = ORIENTED_EDGE ( 'NONE', *, *, #4220, .F. ) ;
#8637 = ADVANCED_FACE ( 'NONE', ( #9043, #4572 ), #936, .T. ) ;
#8638 = CARTESIAN_POINT ( 'NONE',  ( -87.12435565295569972, -122.9038105676903285, -115.0000000000000142 ) ) ;
#8639 = EDGE_CURVE ( 'NONE', #568, #7861, #3156, .T. ) ;
#8640 = DIRECTION ( 'NONE',  ( -0.8660254037844379305, 0.5000000000000014433, 0.000000000000000000 ) ) ;
#8641 = AXIS2_PLACEMENT_3D ( 'NONE', #4708, #7599, #3321 ) ;
#8642 = CARTESIAN_POINT ( 'NONE',  ( 139.9999999999999716, -84.00000000000000000, 10.00000000000000000 ) ) ;
#8643 = EDGE_LOOP ( 'NONE', ( #8429, #1431, #6724, #3532 ) ) ;
#8644 = ORIENTED_EDGE ( 'NONE', *, *, #6169, .T. ) ;
#8645 = VECTOR ( 'NONE', #417, 1000.000000000000114 ) ;
#8646 = VECTOR ( 'NONE', #234, 1000.000000000000000 ) ;
#8647 = DIRECTION ( 'NONE',  ( 1.635429539641431969E-16, 2.832647054857945307E-16, 1.000000000000000000 ) ) ;
#8648 = DIRECTION ( 'NONE',  ( 1.000000000000000000, 0.000000000000000000, 0.000000000000000000 ) ) ;
#8649 = EDGE_LOOP ( 'NONE', ( #8837, #8148, #6139, #5133 ) ) ;
#8650 = DIRECTION ( 'NONE',  ( -0.000000000000000000, -0.000000000000000000, -1.000000000000000000 ) ) ;
#8651 = EDGE_CURVE ( 'NONE', #2757, #2012, #1945, .T. ) ;
#8652 = DIRECTION ( 'NONE',  ( -1.000000000000000000, 0.000000000000000000, -3.469446951953611231E-16 ) ) ;
#8653 = CARTESIAN_POINT ( 'NONE',  ( 5.496133917884024278, 158.4804168089719667, 19.49999999999997158 ) ) ;
#8654 = EDGE_CURVE ( 'NONE', #9191, #8407, #3846, .T. ) ;
#8655 = EDGE_CURVE ( 'NONE', #9071, #1587, #7302, .T. ) ;
#8656 = AXIS2_PLACEMENT_3D ( 'NONE', #5877, #5924, #8853 ) ;
#8657 = ORIENTED_EDGE ( 'NONE', *, *, #3184, .T. ) ;
#8658 = AXIS2_PLACEMENT_3D ( 'NONE', #2964, #2252, #5180 ) ;
#8659 = ADVANCED_FACE ( 'NONE', ( #6833 ), #6923, .T. ) ;
#8660 = ORIENTED_EDGE ( 'NONE', *, *, #1859, .T. ) ;
#8661 = DIRECTION ( 'NONE',  ( -0.000000000000000000, -0.000000000000000000, -1.000000000000000000 ) ) ;
#8662 = CYLINDRICAL_SURFACE ( 'NONE', #1443, 9.499999999999953815 ) ;
#8663 = LINE ( 'NONE', #1367, #5984 ) ;
#8664 = EDGE_LOOP ( 'NONE', ( #1089, #1525 ) ) ;
#8665 = DIRECTION ( 'NONE',  ( -1.000000000000000000, 0.000000000000000000, 0.000000000000000000 ) ) ;
#8666 = VECTOR ( 'NONE', #5997, 1000.000000000000000 ) ;
#8667 = DIRECTION ( 'NONE',  ( 2.220446049250312588E-16, 1.000000000000000000, -1.025445864033519699E-16 ) ) ;
#8668 = VERTEX_POINT ( 'NONE', #9378 ) ;
#8669 = AXIS2_PLACEMENT_3D ( 'NONE', #106, #3126, #8994 ) ;
#8670 = CIRCLE ( 'NONE', #2232, 3.500000000000001332 ) ;
#8671 = LINE ( 'NONE', #2183, #1722 ) ;
#8672 = CARTESIAN_POINT ( 'NONE',  ( 159.5000000000000284, -140.0000000000000284, 0.000000000000000000 ) ) ;
#8673 = DIRECTION ( 'NONE',  ( -1.635429539641431722E-16, -2.832647054857944814E-16, 1.000000000000000000 ) ) ;
#8674 = LINE ( 'NONE', #4976, #3662 ) ;
#8675 = EDGE_LOOP ( 'NONE', ( #4085, #548 ) ) ;
#8676 = DIRECTION ( 'NONE',  ( 0.3535533905932738419, 0.6123724356957960246, 0.7071067811865462405 ) ) ;
#8677 = LINE ( 'NONE', #2952, #5737 ) ;
#8678 = CIRCLE ( 'NONE', #5610, 5.000000000000007994 ) ;
#8679 = DIRECTION ( 'NONE',  ( -0.7071067811865463515, 8.449927344859704205E-17, -0.7071067811865486830 ) ) ;
#8680 = VECTOR ( 'NONE', #7283, 1000.000000000000000 ) ;
#8681 = AXIS2_PLACEMENT_3D ( 'NONE', #677, #2886, #7308 ) ;
#8682 = EDGE_LOOP ( 'NONE', ( #1036, #6788, #7234, #289 ) ) ;
#8683 = VERTEX_POINT ( 'NONE', #5582 ) ;
#8684 = VERTEX_POINT ( 'NONE', #3371 ) ;
#8685 = VECTOR ( 'NONE', #561, 1000.000000000000000 ) ;
#8686 = DIRECTION ( 'NONE',  ( -0.000000000000000000, -0.000000000000000000, -1.000000000000000000 ) ) ;
#8687 = AXIS2_PLACEMENT_3D ( 'NONE', #2204, #5805, #8736 ) ;
#8688 = ADVANCED_FACE ( 'NONE', ( #7070 ), #9328, .T. ) ;
#8689 = CARTESIAN_POINT ( 'NONE',  ( -117.8756443470266646, 232.1666049839190009, 10.00000000000000178 ) ) ;
#8690 = ORIENTED_EDGE ( 'NONE', *, *, #9002, .F. ) ;
#8691 = DIRECTION ( 'NONE',  ( 0.2499999999999992506, 0.4330127018922189097, 0.8660254037844390407 ) ) ;
#8692 = DIRECTION ( 'NONE',  ( -0.8660254037844385966, -0.5000000000000002220, 0.000000000000000000 ) ) ;
#8693 = DIRECTION ( 'NONE',  ( 0.2500000000000001665, 0.4330127018922187432, 0.8660254037844388186 ) ) ;
#8694 = AXIS2_PLACEMENT_3D ( 'NONE', #957, #8200, #7532 ) ;
#8695 = EDGE_LOOP ( 'NONE', ( #2877, #8977 ) ) ;
#8696 = EDGE_LOOP ( 'NONE', ( #1702, #6720 ) ) ;
#8697 = EDGE_CURVE ( 'NONE', #5433, #8032, #2648, .T. ) ;
#8698 = ADVANCED_FACE ( 'NONE', ( #1179 ), #4221, .F. ) ;
#8699 = ORIENTED_EDGE ( 'NONE', *, *, #3946, .T. ) ;
#8700 = FACE_OUTER_BOUND ( 'NONE', #3553, .T. ) ;
#8701 = DIRECTION ( 'NONE',  ( -0.8660254037844391517, 0.4999999999999992784, 0.000000000000000000 ) ) ;
#8702 = ORIENTED_EDGE ( 'NONE', *, *, #3533, .T. ) ;
#8703 = DIRECTION ( 'NONE',  ( -0.8660254037844390407, -0.4999999999999991673, 7.012543237461990870E-16 ) ) ;
#8704 = CARTESIAN_POINT ( 'NONE',  ( -192.7365149746330246, -135.8294364098945266, -18.00000000000001066 ) ) ;
#8705 = DIRECTION ( 'NONE',  ( 1.000000000000000000, -2.220446049250312588E-16, 1.649003067838320811E-17 ) ) ;
#8706 = ORIENTED_EDGE ( 'NONE', *, *, #4541, .F. ) ;
#8707 = VERTEX_POINT ( 'NONE', #6397 ) ;
#8708 = ADVANCED_FACE ( 'NONE', ( #9425 ), #2032, .F. ) ;
#8709 = CARTESIAN_POINT ( 'NONE',  ( -205.7268960313996047, -128.3294364098945550, -18.00000000000001066 ) ) ;
#8710 = CARTESIAN_POINT ( 'NONE',  ( 159.5000000000000284, -140.0000000000000284, 10.00000000000000000 ) ) ;
#8711 = EDGE_CURVE ( 'NONE', #5421, #2431, #5725, .T. ) ;
#8712 = DIRECTION ( 'NONE',  ( 1.635429539641431722E-16, 2.832647054857944814E-16, 1.000000000000000000 ) ) ;
#8713 = ORIENTED_EDGE ( 'NONE', *, *, #6942, .T. ) ;
#8714 = DIRECTION ( 'NONE',  ( -1.000000000000000000, 0.000000000000000000, 0.000000000000000000 ) ) ;
#8715 = CYLINDRICAL_SURFACE ( 'NONE', #3214, 2.000000000000001776 ) ;
#8716 = EDGE_LOOP ( 'NONE', ( #7036, #6999 ) ) ;
#8717 = EDGE_CURVE ( 'NONE', #9180, #9486, #2077, .T. ) ;
#8718 = FACE_OUTER_BOUND ( 'NONE', #2392, .T. ) ;
#8719 = CARTESIAN_POINT ( 'NONE',  ( -142.7461339178667288, -79.24355652984645815, 19.49999999999997513 ) ) ;
#8720 = DIRECTION ( 'NONE',  ( 0.8660254037844387076, 0.4999999999999998890, 7.703719777548943412E-34 ) ) ;
#8721 = CARTESIAN_POINT ( 'NONE',  ( 399.2377111446261324, -230.5000000000001421, 10.00000000000000000 ) ) ;
#8722 = EDGE_LOOP ( 'NONE', ( #8383, #7539, #4177, #8775 ) ) ;
#8723 = CARTESIAN_POINT ( 'NONE',  ( -158.8079664398664193, 345.0634665204915450, 10.00000000000000000 ) ) ;
#8724 = CARTESIAN_POINT ( 'NONE',  ( -119.9304353137946464, -94.72560733741529759, 24.99999999999997513 ) ) ;
#8725 = EDGE_LOOP ( 'NONE', ( #3163, #7518, #8883, #5128 ) ) ;
#8726 = VECTOR ( 'NONE', #1800, 1000.000000000000000 ) ;
#8727 = CIRCLE ( 'NONE', #4882, 3.500000000000013323 ) ;
#8728 = VERTEX_POINT ( 'NONE', #1269 ) ;
#8729 = ORIENTED_EDGE ( 'NONE', *, *, #8054, .F. ) ;
#8730 = LINE ( 'NONE', #4397, #6830 ) ;
#8731 = DIRECTION ( 'NONE',  ( 0.8660254037844387076, 0.4999999999999998890, 7.703719777548943412E-34 ) ) ;
#8732 = CIRCLE ( 'NONE', #1685, 10.99999999999999645 ) ;
#8733 = ORIENTED_EDGE ( 'NONE', *, *, #7894, .T. ) ;
#8734 = LINE ( 'NONE', #2779, #2081 ) ;
#8735 = CARTESIAN_POINT ( 'NONE',  ( -97.12435565295595552, -140.2243186433795756, -18.00000000000000711 ) ) ;
#8736 = DIRECTION ( 'NONE',  ( -0.8660254037844389297, 0.4999999999999994449, 0.000000000000000000 ) ) ;
#8737 = ORIENTED_EDGE ( 'NONE', *, *, #6774, .F. ) ;
#8738 = VECTOR ( 'NONE', #8910, 1000.000000000000000 ) ;
#8739 = AXIS2_PLACEMENT_3D ( 'NONE', #8390, #7676, #1098 ) ;
#8740 = EDGE_LOOP ( 'NONE', ( #5484, #2985, #2289, #4278 ) ) ;
#8741 = EDGE_LOOP ( 'NONE', ( #9238, #7554, #7727, #9259 ) ) ;
#8742 = DIRECTION ( 'NONE',  ( -0.2499999999999999167, -0.4330127018922208526, -0.8660254037844380415 ) ) ;
#8743 = CARTESIAN_POINT ( 'NONE',  ( -183.1188555723051934, 327.5634665204914882, 10.00000000000000000 ) ) ;
#8744 = VERTEX_POINT ( 'NONE', #5778 ) ;
#8745 = DIRECTION ( 'NONE',  ( -0.8660254037844387076, -0.4999999999999998890, 7.703719777548943412E-34 ) ) ;
#8746 = DIRECTION ( 'NONE',  ( -0.000000000000000000, -0.000000000000000000, -1.000000000000000000 ) ) ;
#8747 = DIRECTION ( 'NONE',  ( 0.000000000000000000, 0.000000000000000000, 1.000000000000000000 ) ) ;
#8748 = EDGE_CURVE ( 'NONE', #1898, #9321, #8221, .T. ) ;
#8749 = ORIENTED_EDGE ( 'NONE', *, *, #2827, .T. ) ;
#8750 = VERTEX_POINT ( 'NONE', #7111 ) ;
#8751 = DIRECTION ( 'NONE',  ( 0.000000000000000000, 0.000000000000000000, 1.000000000000000000 ) ) ;
#8752 = CARTESIAN_POINT ( 'NONE',  ( -160.8079664398126454, -345.0634665205517422, 0.000000000000000000 ) ) ;
#8753 = EDGE_CURVE ( 'NONE', #5074, #3748, #709, .T. ) ;
#8754 = DIRECTION ( 'NONE',  ( 0.5000000000000007772, 0.8660254037844382635, 6.308085367188392213E-16 ) ) ;
#8755 = ORIENTED_EDGE ( 'NONE', *, *, #1095, .T. ) ;
#8756 = CYLINDRICAL_SURFACE ( 'NONE', #7433, 6.000000000016575186 ) ;
#8757 = LINE ( 'NONE', #2091, #7368 ) ;
#8758 = EDGE_CURVE ( 'NONE', #5638, #7439, #3414, .T. ) ;
#8759 = ADVANCED_FACE ( 'NONE', ( #2746 ), #9284, .F. ) ;
#8760 = OPEN_SHELL ( 'NONE', ( #7821, #2927, #3983, #8243, #6562 ) ) ;
#8761 = ORIENTED_EDGE ( 'NONE', *, *, #1129, .T. ) ;
#8762 = CARTESIAN_POINT ( 'NONE',  ( -160.7365149746330246, -80.40381056769041379, -115.0000000000000142 ) ) ;
#8763 = PLANE ( 'NONE',  #3231 ) ;
#8764 = DIRECTION ( 'NONE',  ( -0.2500000000000001665, -0.4330127018922187432, 0.8660254037844388186 ) ) ;
#8765 = AXIS2_PLACEMENT_3D ( 'NONE', #5835, #600, #6410 ) ;
#8766 = DIRECTION ( 'NONE',  ( 1.000000000000000000, 0.000000000000000000, 0.000000000000000000 ) ) ;
#8767 = EDGE_LOOP ( 'NONE', ( #581, #3672 ) ) ;
#8768 = FACE_OUTER_BOUND ( 'NONE', #8444, .T. ) ;
#8769 = DIRECTION ( 'NONE',  ( -0.3535533905932757293, 0.6123724356957980230, 0.7071067811865435759 ) ) ;
#8770 = CARTESIAN_POINT ( 'NONE',  ( 376.2377111446261324, 35.00000000000000000, 0.000000000000000000 ) ) ;
#8771 = EDGE_CURVE ( 'NONE', #3215, #2959, #7140, .T. ) ;
#8772 = ADVANCED_FACE ( 'NONE', ( #6305 ), #1222, .F. ) ;
#8773 = ORIENTED_EDGE ( 'NONE', *, *, #5514, .F. ) ;
#8774 = AXIS2_PLACEMENT_3D ( 'NONE', #2804, #9393, #5695 ) ;
#8775 = ORIENTED_EDGE ( 'NONE', *, *, #6882, .F. ) ;
#8776 = EDGE_LOOP ( 'NONE', ( #3868, #2824, #1513, #2561 ) ) ;
#8777 = LINE ( 'NONE', #8868, #8680 ) ;
#8778 = DIRECTION ( 'NONE',  ( -0.000000000000000000, -0.000000000000000000, -1.000000000000000000 ) ) ;
#8779 = ORIENTED_EDGE ( 'NONE', *, *, #7043, .T. ) ;
#8780 = DIRECTION ( 'NONE',  ( -0.000000000000000000, -0.000000000000000000, -1.000000000000000000 ) ) ;
#8781 = CARTESIAN_POINT ( 'NONE',  ( -160.1147367097225640, -219.3268590218235659, 0.000000000000000000 ) ) ;
#8782 = CARTESIAN_POINT ( 'NONE',  ( 275.5000000000000000, -29.00000000000001421, 19.49999999999997513 ) ) ;
#8783 = VERTEX_POINT ( 'NONE', #4907 ) ;
#8784 = ADVANCED_FACE ( 'NONE', ( #8607 ), #7209, .T. ) ;
#8785 = ORIENTED_EDGE ( 'NONE', *, *, #2522, .T. ) ;
#8786 = FACE_OUTER_BOUND ( 'NONE', #455, .T. ) ;
#8787 = CARTESIAN_POINT ( 'NONE',  ( -399.2377111446260187, 230.4999999999999432, 0.000000000000000000 ) ) ;
#8788 = FACE_BOUND ( 'NONE', #8664, .T. ) ;
#8789 = EDGE_LOOP ( 'NONE', ( #196, #7822, #9226, #853 ) ) ;
#8790 = CARTESIAN_POINT ( 'NONE',  ( 270.0000000000000000, -84.00000000000000000, 10.00000000000000000 ) ) ;
#8791 = DIRECTION ( 'NONE',  ( 0.8660254037844388186, -0.4999999999999996669, 0.000000000000000000 ) ) ;
#8792 = CARTESIAN_POINT ( 'NONE',  ( 4.496133917884026943, 160.2124676165408061, 19.49999999999997513 ) ) ;
#8793 = ORIENTED_EDGE ( 'NONE', *, *, #9346, .F. ) ;
#8794 = VECTOR ( 'NONE', #3220, 1000.000000000000227 ) ;
#8795 = VERTEX_POINT ( 'NONE', #1896 ) ;
#8796 = AXIS2_PLACEMENT_3D ( 'NONE', #1276, #7119, #5499 ) ;
#8797 = DIRECTION ( 'NONE',  ( 1.000000000000000000, 0.000000000000000000, 0.000000000000000000 ) ) ;
#8798 = CARTESIAN_POINT ( 'NONE',  ( -160.1147367097225640, -219.3268590218235659, 10.00000000000000000 ) ) ;
#8799 = DIRECTION ( 'NONE',  ( -1.649003067838308177E-17, 1.025445864033520315E-16, 1.000000000000000000 ) ) ;
#8800 = ORIENTED_EDGE ( 'NONE', *, *, #4985, .T. ) ;
#8801 = FACE_OUTER_BOUND ( 'NONE', #461, .T. ) ;
#8802 = CARTESIAN_POINT ( 'NONE',  ( -92.11473670974133654, -106.7435565298464013, 10.00000000000000000 ) ) ;
#8803 = AXIS2_PLACEMENT_3D ( 'NONE', #5187, #8929, #816 ) ;
#8804 = EDGE_CURVE ( 'NONE', #6149, #9374, #5765, .T. ) ;
#8805 = EDGE_CURVE ( 'NONE', #3682, #7135, #3551, .T. ) ;
#8806 = ORIENTED_EDGE ( 'NONE', *, *, #6499, .F. ) ;
#8807 = AXIS2_PLACEMENT_3D ( 'NONE', #7475, #5311, #899 ) ;
#8808 = CARTESIAN_POINT ( 'NONE',  ( 202.9999999999995453, -99.00000000000001421, 8.000000000000033751 ) ) ;
#8809 = ADVANCED_FACE ( 'NONE', ( #7982 ), #4511, .F. ) ;
#8810 = CIRCLE ( 'NONE', #8043, 5.000000000000004441 ) ;
#8811 = CARTESIAN_POINT ( 'NONE',  ( 280.5000000000000000, -109.5000000000000142, 10.00000000000000000 ) ) ;
#8812 = EDGE_CURVE ( 'NONE', #342, #8265, #1631, .T. ) ;
#8813 = CARTESIAN_POINT ( 'NONE',  ( -207.7461339178665867, -191.8268590218234806, 19.49999999999997513 ) ) ;
#8814 = DIRECTION ( 'NONE',  ( 0.5000000000000004441, -0.8660254037844383745, -6.308085367188393199E-16 ) ) ;
#8815 = ORIENTED_EDGE ( 'NONE', *, *, #1421, .F. ) ;
#8816 = DIRECTION ( 'NONE',  ( 1.000000000000000000, 0.000000000000000000, -0.000000000000000000 ) ) ;
#8817 = CARTESIAN_POINT ( 'NONE',  ( 213.9999999999995737, -13.99999999999999822, -18.00000000000000000 ) ) ;
#8818 = AXIS2_PLACEMENT_3D ( 'NONE', #8790, #5003, #2215 ) ;
#8819 = ORIENTED_EDGE ( 'NONE', *, *, #5184, .T. ) ;
#8820 = AXIS2_PLACEMENT_3D ( 'NONE', #1901, #4809, #7756 ) ;
#8821 = VERTEX_POINT ( 'NONE', #44 ) ;
#8822 = EDGE_LOOP ( 'NONE', ( #434, #5879 ) ) ;
#8823 = ADVANCED_FACE ( 'NONE', ( #5192 ), #4415, .F. ) ;
#8824 = DIRECTION ( 'NONE',  ( -1.000000000000000000, 0.000000000000000000, 0.000000000000000000 ) ) ;
#8825 = CIRCLE ( 'NONE', #1010, 3.500000000000015543 ) ;
#8826 = CARTESIAN_POINT ( 'NONE',  ( 218.9999999999995453, -101.0000000000000142, 8.000000000000037303 ) ) ;
#8827 = CIRCLE ( 'NONE', #6982, 1.999999999981072474 ) ;
#8828 = AXIS2_PLACEMENT_3D ( 'NONE', #923, #3836, #8313 ) ;
#8829 = ORIENTED_EDGE ( 'NONE', *, *, #7722, .F. ) ;
#8830 = DIRECTION ( 'NONE',  ( -0.000000000000000000, -0.000000000000000000, -1.000000000000000000 ) ) ;
#8831 = DIRECTION ( 'NONE',  ( -3.435759386066700333E-16, 1.025445864033521055E-16, 1.000000000000000000 ) ) ;
#8832 = DIRECTION ( 'NONE',  ( -0.8660254037844391517, 0.4999999999999992784, 0.000000000000000000 ) ) ;
#8833 = AXIS2_PLACEMENT_3D ( 'NONE', #2485, #8436, #7004 ) ;
#8834 = ORIENTED_EDGE ( 'NONE', *, *, #8654, .T. ) ;
#8835 = CIRCLE ( 'NONE', #5764, 5.999999999981048049 ) ;
#8836 = CIRCLE ( 'NONE', #556, 2.000000000000001776 ) ;
#8837 = ORIENTED_EDGE ( 'NONE', *, *, #6306, .T. ) ;
#8838 = ADVANCED_FACE ( 'NONE', ( #3692 ), #8123, .F. ) ;
#8839 = LINE ( 'NONE', #1586, #2369 ) ;
#8840 = LINE ( 'NONE', #7445, #7262 ) ;
#8841 = LINE ( 'NONE', #673, #9351 ) ;
#8842 = ORIENTED_EDGE ( 'NONE', *, *, #7296, .F. ) ;
#8843 = DIRECTION ( 'NONE',  ( 1.000000000000000000, 0.000000000000000000, 0.000000000000000000 ) ) ;
#8844 = DIRECTION ( 'NONE',  ( -1.000000000000000000, 0.000000000000000000, 0.000000000000000000 ) ) ;
#8845 = DIRECTION ( 'NONE',  ( 1.000000000000000000, -2.220446049250312588E-16, 1.649003067838320811E-17 ) ) ;
#8846 = ORIENTED_EDGE ( 'NONE', *, *, #7476, .F. ) ;
#8847 = EDGE_LOOP ( 'NONE', ( #6875, #8198, #2055, #7165, #349, #4144, #1081, #8254, #1027, #6251, #3098 ) ) ;
#8848 = AXIS2_PLACEMENT_3D ( 'NONE', #7663, #3280, #4763 ) ;
#8849 = PLANE ( 'NONE',  #3569 ) ;
#8850 = EDGE_CURVE ( 'NONE', #54, #4898, #2851, .T. ) ;
#8851 = DIRECTION ( 'NONE',  ( 2.147441422185896328E-16, -1.025445864033520808E-16, -1.000000000000000000 ) ) ;
#8852 = EDGE_LOOP ( 'NONE', ( #7632, #7113, #1872, #8452 ) ) ;
#8853 = DIRECTION ( 'NONE',  ( -0.5000000000000007772, -0.8660254037844382635, -6.308085367188392213E-16 ) ) ;
#8854 = CARTESIAN_POINT ( 'NONE',  ( -65.00386608211590556, 280.5899987425777908, 19.49999999999997158 ) ) ;
#8855 = ORIENTED_EDGE ( 'NONE', *, *, #8051, .F. ) ;
#8856 = FACE_BOUND ( 'NONE', #585, .T. ) ;
#8857 = DIRECTION ( 'NONE',  ( -1.000000000000000000, 0.000000000000000000, 0.000000000000000000 ) ) ;
#8858 = PLANE ( 'NONE',  #5996 ) ;
#8859 = CARTESIAN_POINT ( 'NONE',  ( -117.9304353137946464, -91.26150572227754765, 24.99999999999997513 ) ) ;
#8860 = DIRECTION ( 'NONE',  ( 0.4999999999999985567, 0.8660254037844394848, 3.717264591378858399E-16 ) ) ;
#8861 = ORIENTED_EDGE ( 'NONE', *, *, #8753, .F. ) ;
#8862 = FACE_BOUND ( 'NONE', #8038, .T. ) ;
#8863 = DIRECTION ( 'NONE',  ( -0.000000000000000000, -0.000000000000000000, -1.000000000000000000 ) ) ;
#8864 = EDGE_CURVE ( 'NONE', #8911, #1601, #3911, .T. ) ;
#8865 = ORIENTED_EDGE ( 'NONE', *, *, #3338, .T. ) ;
#8866 = ORIENTED_EDGE ( 'NONE', *, *, #7058, .F. ) ;
#8867 = ORIENTED_EDGE ( 'NONE', *, *, #80, .T. ) ;
#8868 = CARTESIAN_POINT ( 'NONE',  ( -200.9935565297952849, -68.13105190364302644, 10.00000000000000000 ) ) ;
#8869 = CARTESIAN_POINT ( 'NONE',  ( -165.2185657822019209, -84.16695028850482174, -105.4737205583711841 ) ) ;
#8870 = VERTEX_POINT ( 'NONE', #8792 ) ;
#8871 = FACE_OUTER_BOUND ( 'NONE', #5845, .T. ) ;
#8872 = AXIS2_PLACEMENT_3D ( 'NONE', #799, #65, #6700 ) ;
#8873 = CARTESIAN_POINT ( 'NONE',  ( -149.4865149746330815, -60.91823898254055081, -127.5000000000000284 ) ) ;
#8874 = CARTESIAN_POINT ( 'NONE',  ( -21.26348502534913720, 234.8294364098343863, -18.00000000000001066 ) ) ;
#8875 = EDGE_CURVE ( 'NONE', #7244, #4330, #2695, .T. ) ;
#8876 = EDGE_LOOP ( 'NONE', ( #8082, #6815, #3112, #7789 ) ) ;
#8877 = EDGE_CURVE ( 'NONE', #3973, #7547, #8372, .T. ) ;
#8878 = VERTEX_POINT ( 'NONE', #2217 ) ;
#8879 = FACE_OUTER_BOUND ( 'NONE', #7127, .T. ) ;
#8880 = ORIENTED_EDGE ( 'NONE', *, *, #7102, .T. ) ;
#8881 = DIRECTION ( 'NONE',  ( 1.000000000000000000, -2.220446049250313081E-16, -2.220446049250313081E-16 ) ) ;
#8882 = CARTESIAN_POINT ( 'NONE',  ( -119.1243556529556713, -178.3294364098944698, 10.00000000000000178 ) ) ;
#8883 = ORIENTED_EDGE ( 'NONE', *, *, #6947, .T. ) ;
#8884 = DIRECTION ( 'NONE',  ( 0.2499999999999998335, 0.4330127018922207416, 0.8660254037844379305 ) ) ;
#8885 = CARTESIAN_POINT ( 'NONE',  ( -16.78143421778026223, 231.0662966890200209, -27.52627944162884077 ) ) ;
#8886 = CARTESIAN_POINT ( 'NONE',  ( 260.0000000000000568, -14.00000000000001243, -17.99999999999999645 ) ) ;
#8887 = CIRCLE ( 'NONE', #608, 2.999999999997643663 ) ;
#8889 = ORIENTED_EDGE ( 'NONE', *, *, #3043, .T. ) ;
#8888 = EDGE_CURVE ( 'NONE', #9460, #4068, #6677, .T. ) ;
#8890 = CIRCLE ( 'NONE', #4738, 11.00000000000001066 ) ;
#8891 = EDGE_LOOP ( 'NONE', ( #3839, #7491, #1550, #5950 ) ) ;
#8892 = ADVANCED_FACE ( 'NONE', ( #2933 ), #99, .T. ) ;
#8893 = ORIENTED_EDGE ( 'NONE', *, *, #6696, .T. ) ;
#8894 = VECTOR ( 'NONE', #4488, 1000.000000000000000 ) ;
#8895 = CARTESIAN_POINT ( 'NONE',  ( 149.9999999999994600, -9.999999999999994671, -110.0000000000000284 ) ) ;
#8896 = AXIS2_PLACEMENT_3D ( 'NONE', #5014, #8712, #3513 ) ;
#8897 = CARTESIAN_POINT ( 'NONE',  ( -205.7268960313996047, -128.3294364098945550, -18.00000000000001066 ) ) ;
#8898 = ORIENTED_EDGE ( 'NONE', *, *, #375, .T. ) ;
#8899 = FACE_BOUND ( 'NONE', #4394, .T. ) ;
#8900 = CARTESIAN_POINT ( 'NONE',  ( 378.2377111446261324, -35.00000000000000000, 10.00000000000000000 ) ) ;
#8901 = VERTEX_POINT ( 'NONE', #2308 ) ;
#8902 = EDGE_CURVE ( 'NONE', #728, #5564, #1325, .T. ) ;
#8903 = FACE_BOUND ( 'NONE', #6735, .T. ) ;
#8904 = DIRECTION ( 'NONE',  ( 0.3535533905932752852, 0.6123724356957982451, -0.7071067811865434649 ) ) ;
#8905 = CARTESIAN_POINT ( 'NONE',  ( -216.6025403784177286, -175.1666049839791413, 0.000000000000000000 ) ) ;
#8906 = LINE ( 'NONE', #260, #2390 ) ;
#8907 = CYLINDRICAL_SURFACE ( 'NONE', #5672, 5.000000000000004441 ) ;
#8908 = ORIENTED_EDGE ( 'NONE', *, *, #1960, .F. ) ;
#8909 = FACE_BOUND ( 'NONE', #6914, .T. ) ;
#8910 = DIRECTION ( 'NONE',  ( -0.000000000000000000, -0.000000000000000000, -1.000000000000000000 ) ) ;
#8911 = VERTEX_POINT ( 'NONE', #9474 ) ;
#8912 = EDGE_CURVE ( 'NONE', #3978, #7048, #3597, .T. ) ;
#8913 = VERTEX_POINT ( 'NONE', #5046 ) ;
#8914 = DIRECTION ( 'NONE',  ( -0.8660254037844387076, -0.4999999999999998890, -7.703719777548943412E-34 ) ) ;
#8916 = ADVANCED_FACE ( 'NONE', ( #1408 ), #6540, .T. ) ;
#8915 = DIRECTION ( 'NONE',  ( -1.000000000000000000, 0.000000000000000000, 0.000000000000000000 ) ) ;
#8917 = ORIENTED_EDGE ( 'NONE', *, *, #5717, .F. ) ;
#8918 = CARTESIAN_POINT ( 'NONE',  ( -77.05296641779979439, -128.7185298537210940, -115.0000000000000142 ) ) ;
#8919 = CARTESIAN_POINT ( 'NONE',  ( -84.52627944160238371, -124.4038105676903285, -104.0000000000000284 ) ) ;
#8920 = EDGE_CURVE ( 'NONE', #880, #3625, #861, .T. ) ;
#8921 = ORIENTED_EDGE ( 'NONE', *, *, #516, .F. ) ;
#8922 = ORIENTED_EDGE ( 'NONE', *, *, #8888, .F. ) ;
#8923 = VECTOR ( 'NONE', #3756, 1000.000000000000000 ) ;
#8924 = DIRECTION ( 'NONE',  ( -1.000000000000000000, 0.000000000000000000, 0.000000000000000000 ) ) ;
#8925 = EDGE_CURVE ( 'NONE', #5934, #4872, #4530, .T. ) ;
#8926 = EDGE_CURVE ( 'NONE', #3981, #5828, #8518, .T. ) ;
#8927 = ORIENTED_EDGE ( 'NONE', *, *, #2763, .T. ) ;
#8928 = EDGE_CURVE ( 'NONE', #5039, #6513, #330, .T. ) ;
#8929 = DIRECTION ( 'NONE',  ( -0.8660254037844391517, 0.4999999999999992784, 0.000000000000000000 ) ) ;
#8930 = DIRECTION ( 'NONE',  ( -0.8660254037844390407, 0.4999999999999992228, 0.000000000000000000 ) ) ;
#8931 = ORIENTED_EDGE ( 'NONE', *, *, #3992, .T. ) ;
#8932 = DIRECTION ( 'NONE',  ( -0.5000000000000008882, 0.8660254037844380415, 0.000000000000000000 ) ) ;
#8933 = CARTESIAN_POINT ( 'NONE',  ( -118.9304353137946322, -92.99355652984641551, 0.000000000000000000 ) ) ;
#8934 = DIRECTION ( 'NONE',  ( -0.8660254037844387076, -0.4999999999999998890, 7.703719777548943412E-34 ) ) ;
#8935 = EDGE_LOOP ( 'NONE', ( #1738, #4396, #5831, #655 ) ) ;
#8936 = EDGE_LOOP ( 'NONE', ( #4022, #7656, #3119, #5276 ) ) ;
#8937 = EDGE_LOOP ( 'NONE', ( #1787, #901, #3872, #2051 ) ) ;
#8938 = EDGE_CURVE ( 'NONE', #6603, #925, #6227, .T. ) ;
#8939 = CARTESIAN_POINT ( 'NONE',  ( -21.06956468618784939, 149.4935565297863036, 0.000000000000000000 ) ) ;
#8940 = CARTESIAN_POINT ( 'NONE',  ( -19.06956468617110900, 149.4935565297863036, 0.000000000000000000 ) ) ;
#8941 = VERTEX_POINT ( 'NONE', #1023 ) ;
#8942 = DIRECTION ( 'NONE',  ( -0.4999999999999998890, 0.8660254037844387076, 0.000000000000000000 ) ) ;
#8943 = CARTESIAN_POINT ( 'NONE',  ( -21.26348502534913720, 234.8294364098343863, -18.00000000000001066 ) ) ;
#8944 = VECTOR ( 'NONE', #8661, 1000.000000000000000 ) ;
#8945 = ORIENTED_EDGE ( 'NONE', *, *, #4223, .T. ) ;
#8946 = VECTOR ( 'NONE', #6590, 1000.000000000000227 ) ;
#8947 = FACE_BOUND ( 'NONE', #3677, .T. ) ;
#8948 = CARTESIAN_POINT ( 'NONE',  ( -62.87564434702643013, 136.9038105676303019, -115.0000000000000142 ) ) ;
#8949 = DIRECTION ( 'NONE',  ( 0.8660254037844387076, -0.4999999999999998335, 0.000000000000000000 ) ) ;
#8950 = CARTESIAN_POINT ( 'NONE',  ( -45.42021828561268393, 297.6701257614999463, 0.000000000000000000 ) ) ;
#8951 = VECTOR ( 'NONE', #23, 1000.000000000000114 ) ;
#8952 = CIRCLE ( 'NONE', #4803, 5.000000000000004441 ) ;
#8953 = DIRECTION ( 'NONE',  ( 0.4999999999999989453, -0.8660254037844392627, -3.717264591378857413E-16 ) ) ;
#8954 = ORIENTED_EDGE ( 'NONE', *, *, #120, .F. ) ;
#8955 = FACE_OUTER_BOUND ( 'NONE', #2915, .T. ) ;
#8956 = FACE_OUTER_BOUND ( 'NONE', #5903, .T. ) ;
#8957 = EDGE_LOOP ( 'NONE', ( #9386, #613, #2049, #9317 ) ) ;
#8958 = AXIS2_PLACEMENT_3D ( 'NONE', #3609, #1328, #3702 ) ;
#8959 = ORIENTED_EDGE ( 'NONE', *, *, #7576, .F. ) ;
#8960 = LINE ( 'NONE', #904, #8376 ) ;
#8961 = DIRECTION ( 'NONE',  ( 0.000000000000000000, 0.000000000000000000, 1.000000000000000000 ) ) ;
#8962 = AXIS2_PLACEMENT_3D ( 'NONE', #390, #7652, #2701 ) ;
#8963 = VERTEX_POINT ( 'NONE', #1835 ) ;
#8964 = LINE ( 'NONE', #1633, #8980 ) ;
#8965 = CIRCLE ( 'NONE', #7750, 5.000000000000004441 ) ;
#8966 = CARTESIAN_POINT ( 'NONE',  ( -210.7461339178645972, -191.8268590218235659, 0.000000000000000000 ) ) ;
#8967 = EDGE_LOOP ( 'NONE', ( #7033, #7927 ) ) ;
#8968 = AXIS2_PLACEMENT_3D ( 'NONE', #7734, #8493, #1930 ) ;
#8969 = ORIENTED_EDGE ( 'NONE', *, *, #3346, .F. ) ;
#8970 = EDGE_CURVE ( 'NONE', #1601, #6282, #1741, .T. ) ;
#8971 = CIRCLE ( 'NONE', #5611, 11.00000000000000355 ) ;
#8972 = CARTESIAN_POINT ( 'NONE',  ( -94.87564434702643723, 192.3294364098344147, 10.00000000000000178 ) ) ;
#8973 = CARTESIAN_POINT ( 'NONE',  ( -92.36473670972256400, -101.9804168090319791, 19.49999999999997158 ) ) ;
#8974 = ORIENTED_EDGE ( 'NONE', *, *, #1766, .T. ) ;
#8975 = CARTESIAN_POINT ( 'NONE',  ( -157.3647367097224219, -214.5637193010090584, 24.99999999999997868 ) ) ;
#8976 = CARTESIAN_POINT ( 'NONE',  ( -194.4685657822018925, -134.8294364098945266, -18.00000000000001066 ) ) ;
#8977 = ORIENTED_EDGE ( 'NONE', *, *, #947, .F. ) ;
#8978 = FACE_OUTER_BOUND ( 'NONE', #3457, .T. ) ;
#8979 = CARTESIAN_POINT ( 'NONE',  ( 213.9999999999995453, -101.0000000000000142, -18.00000000000000355 ) ) ;
#8980 = VECTOR ( 'NONE', #8251, 1000.000000000000000 ) ;
#8981 = CARTESIAN_POINT ( 'NONE',  ( -160.1147367097224219, -219.3268590218234806, 19.49999999999997513 ) ) ;
#8982 = VECTOR ( 'NONE', #9110, 1000.000000000000114 ) ;
#8983 = ORIENTED_EDGE ( 'NONE', *, *, #6253, .F. ) ;
#8984 = EDGE_CURVE ( 'NONE', #907, #3978, #1792, .T. ) ;
#8985 = ORIENTED_EDGE ( 'NONE', *, *, #771, .T. ) ;
#8986 = EDGE_CURVE ( 'NONE', #8728, #7101, #2449, .T. ) ;
#8987 = ORIENTED_EDGE ( 'NONE', *, *, #719, .F. ) ;
#8988 = VECTOR ( 'NONE', #6261, 1000.000000000000000 ) ;
#8989 = VECTOR ( 'NONE', #2472, 1000.000000000000000 ) ;
#8990 = DIRECTION ( 'NONE',  ( -3.435759386066700333E-16, 1.025445864033521055E-16, 1.000000000000000000 ) ) ;
#8991 = VECTOR ( 'NONE', #5949, 1000.000000000000114 ) ;
#8992 = DIRECTION ( 'NONE',  ( -0.8660254037844391517, 0.4999999999999992784, 0.000000000000000000 ) ) ;
#8993 = EDGE_LOOP ( 'NONE', ( #8983, #5870, #3740, #1343 ) ) ;
#8994 = DIRECTION ( 'NONE',  ( -1.000000000000000000, 0.000000000000000000, 0.000000000000000000 ) ) ;
#8995 = DIRECTION ( 'NONE',  ( 0.8660254037844387076, 0.4999999999999998890, 7.703719777548943412E-34 ) ) ;
#8996 = EDGE_CURVE ( 'NONE', #5203, #4723, #2497, .T. ) ;
#8997 = DIRECTION ( 'NONE',  ( -0.4999999999999992228, -0.8660254037844390407, -3.270859079282867882E-16 ) ) ;
#8998 = EDGE_LOOP ( 'NONE', ( #1560, #7622 ) ) ;
#8999 = EDGE_CURVE ( 'NONE', #2554, #332, #7642, .T. ) ;
#9000 = VECTOR ( 'NONE', #1054, 1000.000000000000114 ) ;
#9001 = AXIS2_PLACEMENT_3D ( 'NONE', #1902, #3136, #1086 ) ;
#9002 = EDGE_CURVE ( 'NONE', #6282, #5510, #1178, .T. ) ;
#9003 = CARTESIAN_POINT ( 'NONE',  ( -183.9304353137945327, -205.5768590218234806, 10.00000000000000178 ) ) ;
#9004 = CARTESIAN_POINT ( 'NONE',  ( -152.1243556529558703, -235.4871130596678483, 10.00000000000000178 ) ) ;
#9005 = CYLINDRICAL_SURFACE ( 'NONE', #8848, 11.00000000000001066 ) ;
#9006 = DIRECTION ( 'NONE',  ( 0.4941902632238116544, -0.8559626445094808966, 0.1519997859837827481 ) ) ;
#9007 = DIRECTION ( 'NONE',  ( 0.8660254037844390407, -0.4999999999999992228, -0.000000000000000000 ) ) ;
#9008 = ORIENTED_EDGE ( 'NONE', *, *, #180, .F. ) ;
#9009 = FACE_OUTER_BOUND ( 'NONE', #524, .T. ) ;
#9010 = CARTESIAN_POINT ( 'NONE',  ( -157.9865149746330246, -75.64067084687600584, -124.5262794416288443 ) ) ;
#9011 = ORIENTED_EDGE ( 'NONE', *, *, #6981, .F. ) ;
#9012 = EDGE_CURVE ( 'NONE', #3697, #6989, #1693, .T. ) ;
#9013 = ORIENTED_EDGE ( 'NONE', *, *, #1270, .F. ) ;
#9014 = DIRECTION ( 'NONE',  ( 0.000000000000000000, 0.000000000000000000, -1.000000000000000000 ) ) ;
#9015 = DIRECTION ( 'NONE',  ( -0.5000000000000008882, 0.8660254037844380415, 0.000000000000000000 ) ) ;
#9016 = ORIENTED_EDGE ( 'NONE', *, *, #7225, .F. ) ;
#9017 = CYLINDRICAL_SURFACE ( 'NONE', #5150, 10.99999999999999645 ) ;
#9018 = LINE ( 'NONE', #6801, #9000 ) ;
#9019 = EDGE_LOOP ( 'NONE', ( #3415, #7889, #5563, #5670 ) ) ;
#9020 = EDGE_CURVE ( 'NONE', #6782, #6550, #971, .T. ) ;
#9021 = EDGE_LOOP ( 'NONE', ( #5033, #3935, #4514, #3160 ) ) ;
#9022 = DIRECTION ( 'NONE',  ( 0.8660254037844387076, 0.4999999999999998890, 0.000000000000000000 ) ) ;
#9023 = FACE_BOUND ( 'NONE', #474, .T. ) ;
#9024 = CARTESIAN_POINT ( 'NONE',  ( 130.0000000000000284, -13.99999999999998401, -18.00000000000000000 ) ) ;
#9025 = CARTESIAN_POINT ( 'NONE',  ( -77.05296641779979439, -128.7185298537210940, -115.0000000000000142 ) ) ;
#9026 = ORIENTED_EDGE ( 'NONE', *, *, #1625, .F. ) ;
#9027 = DIRECTION ( 'NONE',  ( 0.000000000000000000, 0.000000000000000000, 1.000000000000000000 ) ) ;
#9028 = CARTESIAN_POINT ( 'NONE',  ( 0.9961339178840135089, 166.2746454430319432, -3.000000000000029310 ) ) ;
#9029 = CARTESIAN_POINT ( 'NONE',  ( -399.2377111446260187, -230.5000000000000284, 10.00000000000000000 ) ) ;
#9030 = EDGE_LOOP ( 'NONE', ( #6713, #7928, #6725, #6220 ) ) ;
#9031 = ORIENTED_EDGE ( 'NONE', *, *, #9391, .T. ) ;
#9032 = VECTOR ( 'NONE', #5159, 1000.000000000000000 ) ;
#9033 = EDGE_CURVE ( 'NONE', #2068, #5397, #705, .T. ) ;
#9034 = ORIENTED_EDGE ( 'NONE', *, *, #5317, .F. ) ;
#9035 = CARTESIAN_POINT ( 'NONE',  ( 38.01631519386055658, 195.1538105676307282, 10.00000000000000000 ) ) ;
#9036 = FACE_OUTER_BOUND ( 'NONE', #2389, .T. ) ;
#9037 = ORIENTED_EDGE ( 'NONE', *, *, #1104, .F. ) ;
#9038 = EDGE_CURVE ( 'NONE', #3912, #4, #6198, .T. ) ;
#9039 = CARTESIAN_POINT ( 'NONE',  ( 10.00000000000000178, 1.224646799147353454E-15, 0.000000000000000000 ) ) ;
#9040 = CIRCLE ( 'NONE', #3510, 11.00000000000000355 ) ;
#9041 = AXIS2_PLACEMENT_3D ( 'NONE', #9348, #1380, #650 ) ;
#9042 = CARTESIAN_POINT ( 'NONE',  ( -144.4961339178667288, -82.27464544309202665, -3.000000000000029310 ) ) ;
#9043 = FACE_BOUND ( 'NONE', #36, .T. ) ;
#9044 = EDGE_LOOP ( 'NONE', ( #3077, #986, #4520, #5553 ) ) ;
#9045 = ORIENTED_EDGE ( 'NONE', *, *, #7781, .F. ) ;
#9046 = AXIS2_PLACEMENT_3D ( 'NONE', #3142, #6081, #69 ) ;
#9047 = VECTOR ( 'NONE', #5784, 1000.000000000000000 ) ;
#9048 = DIRECTION ( 'NONE',  ( 0.2499999999999999445, -0.4330127018922209636, -0.8660254037844378194 ) ) ;
#9049 = EDGE_CURVE ( 'NONE', #8911, #8063, #4703, .T. ) ;
#9050 = DIRECTION ( 'NONE',  ( -1.000000000000000000, 0.000000000000000000, 0.000000000000000000 ) ) ;
#9051 = CARTESIAN_POINT ( 'NONE',  ( 130.0000000000000284, -13.99999999999997158, 9.999999999999998224 ) ) ;
#9052 = LINE ( 'NONE', #8287, #8989 ) ;
#9053 = DIRECTION ( 'NONE',  ( 2.220446049250312588E-16, 1.000000000000000000, -1.025445864033519699E-16 ) ) ;
#9054 = ORIENTED_EDGE ( 'NONE', *, *, #2137, .F. ) ;
#9055 = EDGE_CURVE ( 'NONE', #5009, #3639, #4366, .T. ) ;
#9056 = FACE_BOUND ( 'NONE', #2088, .T. ) ;
#9057 = ADVANCED_FACE ( 'NONE', ( #5481 ), #8263, .F. ) ;
#9058 = CARTESIAN_POINT ( 'NONE',  ( -160.8079664398827333, 345.0634665204915450, 10.00000000000000000 ) ) ;
#9059 = VECTOR ( 'NONE', #8995, 1000.000000000000000 ) ;
#9060 = ORIENTED_EDGE ( 'NONE', *, *, #733, .T. ) ;
#9061 = ORIENTED_EDGE ( 'NONE', *, *, #3670, .F. ) ;
#9062 = CARTESIAN_POINT ( 'NONE',  ( 10.73651497465087878, 179.4038105676302735, -115.0000000000000142 ) ) ;
#9063 = DIRECTION ( 'NONE',  ( -3.435759386066700333E-16, 1.025445864033521055E-16, 1.000000000000000000 ) ) ;
#9064 = ADVANCED_FACE ( 'NONE', ( #7689 ), #5385, .T. ) ;
#9066 = EDGE_CURVE ( 'NONE', #25, #3318, #9142, .T. ) ;
#9065 = EDGE_LOOP ( 'NONE', ( #4988, #3601, #4096, #767 ) ) ;
#9067 = CARTESIAN_POINT ( 'NONE',  ( -197.2185657822018925, -139.5925761307089488, -27.52627944162883722 ) ) ;
#9068 = DIRECTION ( 'NONE',  ( 1.000000000000000000, 0.000000000000000000, 0.000000000000000000 ) ) ;
#9069 = OPEN_SHELL ( 'NONE', ( #3924, #894, #2490, #1667, #119 ) ) ;
#9070 = EDGE_LOOP ( 'NONE', ( #5739, #7474, #8106, #4704 ) ) ;
#9071 = VERTEX_POINT ( 'NONE', #3931 ) ;
#9072 = DIRECTION ( 'NONE',  ( -0.8660254037844387076, -0.4999999999999998890, 0.000000000000000000 ) ) ;
#9073 = FACE_BOUND ( 'NONE', #8767, .T. ) ;
#9074 = MANIFOLD_SURFACE_SHAPE_REPRESENTATION ( 'PiÞce0_Base_DÚfaut_sldprt', ( #7275, #3159 ), #4383 ) ;
#9075 = CARTESIAN_POINT ( 'NONE',  ( 270.0000000000000000, -84.00000000000000000, 10.00000000000000000 ) ) ;
#9076 = ORIENTED_EDGE ( 'NONE', *, *, #6687, .F. ) ;
#9077 = CARTESIAN_POINT ( 'NONE',  ( -110.8743556529555576, -164.0400172474510043, -137.5000000000000000 ) ) ;
#9078 = ADVANCED_FACE ( 'NONE', ( #7546 ), #3881, .T. ) ;
#9079 = LINE ( 'NONE', #7591, #8646 ) ;
#9080 = DIRECTION ( 'NONE',  ( -1.635429539641431969E-16, -2.832647054857945307E-16, 1.000000000000000000 ) ) ;
#9081 = VERTEX_POINT ( 'NONE', #1166 ) ;
#9082 = VERTEX_POINT ( 'NONE', #9320 ) ;
#9083 = CIRCLE ( 'NONE', #5712, 5.500000000000008882 ) ;
#9084 = EDGE_LOOP ( 'NONE', ( #125, #8598 ) ) ;
#9085 = FACE_OUTER_BOUND ( 'NONE', #7902, .T. ) ;
#9086 = CARTESIAN_POINT ( 'NONE',  ( 260.0000000000000000, -99.00000000000002842, 10.00000000000000888 ) ) ;
#9087 = EDGE_LOOP ( 'NONE', ( #1225, #775, #3440, #7559 ) ) ;
#9088 = CARTESIAN_POINT ( 'NONE',  ( -108.1352632902600561, 245.2957701085178144, 19.49999999999997513 ) ) ;
#9089 = DIRECTION ( 'NONE',  ( 1.000000000000000000, 0.000000000000000000, 0.000000000000000000 ) ) ;
#9090 = FACE_OUTER_BOUND ( 'NONE', #573, .T. ) ;
#9091 = ORIENTED_EDGE ( 'NONE', *, *, #1258, .F. ) ;
#9092 = ORIENTED_EDGE ( 'NONE', *, *, #1557, .F. ) ;
#9093 = FACE_OUTER_BOUND ( 'NONE', #5918, .T. ) ;
#9094 = CARTESIAN_POINT ( 'NONE',  ( -109.8852632902600419, 248.3268590217633403, 10.00000000000000000 ) ) ;
#9095 = CARTESIAN_POINT ( 'NONE',  ( -20.78143421778027644, 237.9944999192954924, 12.33012701892222118 ) ) ;
#9096 = DIRECTION ( 'NONE',  ( 0.000000000000000000, 0.000000000000000000, 1.000000000000000000 ) ) ;
#9097 = FACE_OUTER_BOUND ( 'NONE', #7908, .T. ) ;
#9098 = ORIENTED_EDGE ( 'NONE', *, *, #7844, .F. ) ;
#9099 = DIRECTION ( 'NONE',  ( 2.220446049250312588E-16, 1.000000000000000000, -1.025445864033519699E-16 ) ) ;
#9100 = CARTESIAN_POINT ( 'NONE',  ( -221.4297447047231344, -310.0634665205517422, 10.00000000000000000 ) ) ;
#9101 = VECTOR ( 'NONE', #6764, 1000.000000000000000 ) ;
#9102 = CIRCLE ( 'NONE', #6341, 5.500000000000005329 ) ;
#9103 = ORIENTED_EDGE ( 'NONE', *, *, #2193, .T. ) ;
#9104 = CC_DESIGN_PERSON_AND_ORGANIZATION_ASSIGNMENT ( #1102, #4931, ( #4335 ) ) ;
#9105 = ADVANCED_FACE ( 'NONE', ( #6294 ), #6388, .F. ) ;
#9106 = EDGE_CURVE ( 'NONE', #805, #6869, #7788, .T. ) ;
#9107 = AXIS2_PLACEMENT_3D ( 'NONE', #579, #3499, #2741 ) ;
#9108 = CARTESIAN_POINT ( 'NONE',  ( 213.9999999999995737, -14.00000000000001243, -137.5000000000000000 ) ) ;
#9109 = AXIS2_PLACEMENT_3D ( 'NONE', #2216, #143, #2348 ) ;
#9110 = DIRECTION ( 'NONE',  ( -0.8660254037844390407, 0.4999999999999992228, 0.000000000000000000 ) ) ;
#9111 = FACE_OUTER_BOUND ( 'NONE', #4466, .T. ) ;
#9112 = DIRECTION ( 'NONE',  ( 1.649003067838308177E-17, -1.025445864033520315E-16, -1.000000000000000000 ) ) ;
#9113 = CIRCLE ( 'NONE', #5585, 10.99999999999999645 ) ;
#9114 = CARTESIAN_POINT ( 'NONE',  ( 267.0000000000000568, -84.00000000000000000, 10.00000000000000000 ) ) ;
#9115 = VECTOR ( 'NONE', #188, 1000.000000000000114 ) ;
#9116 = VERTEX_POINT ( 'NONE', #8593 ) ;
#9117 = EDGE_CURVE ( 'NONE', #4182, #5637, #5571, .T. ) ;
#9118 = ORIENTED_EDGE ( 'NONE', *, *, #2434, .T. ) ;
#9119 = EDGE_CURVE ( 'NONE', #6047, #5860, #8528, .T. ) ;
#9120 = DIRECTION ( 'NONE',  ( 0.5000000000000007772, 0.8660254037844382635, 6.308085367188392213E-16 ) ) ;
#9121 = AXIS2_PLACEMENT_3D ( 'NONE', #4666, #6829, #5968 ) ;
#9122 = DIRECTION ( 'NONE',  ( -0.4999999999999998890, 0.8660254037844387076, -3.270859079282868375E-16 ) ) ;
#9123 = AXIS2_PLACEMENT_3D ( 'NONE', #8948, #3800, #2368 ) ;
#9124 = CARTESIAN_POINT ( 'NONE',  ( -219.4297447047771357, 310.0634665204914313, 0.000000000000000000 ) ) ;
#9125 = EDGE_LOOP ( 'NONE', ( #3531, #6002, #700, #6007 ) ) ;
#9126 = DIRECTION ( 'NONE',  ( 0.5000000000000002220, 0.8660254037844385966, 0.000000000000000000 ) ) ;
#9127 = DIRECTION ( 'NONE',  ( 1.000000000000000000, 0.000000000000000000, 3.154042683594191669E-16 ) ) ;
#9128 = CARTESIAN_POINT ( 'NONE',  ( -124.7833209967994321, 112.1310519035828008, 10.00000000000000000 ) ) ;
#9129 = ORIENTED_EDGE ( 'NONE', *, *, #9066, .T. ) ;
#9130 = VECTOR ( 'NONE', #8505, 1000.000000000000000 ) ;
#9131 = VERTEX_POINT ( 'NONE', #6336 ) ;
#9132 = VECTOR ( 'NONE', #542, 1000.000000000000114 ) ;
#9133 = EDGE_CURVE ( 'NONE', #7375, #9452, #2242, .T. ) ;
#9134 = ORIENTED_EDGE ( 'NONE', *, *, #8086, .T. ) ;
#9135 = FACE_OUTER_BOUND ( 'NONE', #479, .T. ) ;
#9136 = AXIS2_PLACEMENT_3D ( 'NONE', #1833, #1211, #6247 ) ;
#9137 = CARTESIAN_POINT ( 'NONE',  ( 2.100566918256370383E-14, 460.9999999999999432, 0.000000000000000000 ) ) ;
#9138 = ORIENTED_EDGE ( 'NONE', *, *, #5420, .T. ) ;
#9139 = DIRECTION ( 'NONE',  ( -0.8660254037844390407, 0.4999999999999992228, 0.000000000000000000 ) ) ;
#9140 = VECTOR ( 'NONE', #4111, 1000.000000000000114 ) ;
#9141 = CARTESIAN_POINT ( 'NONE',  ( -160.7365149746330246, -80.40381056769041379, -115.0000000000000142 ) ) ;
#9142 = CIRCLE ( 'NONE', #3452, 3.999999999999990674 ) ;
#9143 = CARTESIAN_POINT ( 'NONE',  ( 213.9999999999995453, -99.00000000000001421, 8.000000000000035527 ) ) ;
#9144 = ORIENTED_EDGE ( 'NONE', *, *, #2231, .F. ) ;
#9145 = ORIENTED_EDGE ( 'NONE', *, *, #6108, .F. ) ;
#9146 = VECTOR ( 'NONE', #1145, 1000.000000000000000 ) ;
#9147 = DIRECTION ( 'NONE',  ( -1.635429539641431969E-16, -2.832647054857945307E-16, 1.000000000000000000 ) ) ;
#9148 = DIRECTION ( 'NONE',  ( 0.000000000000000000, 0.000000000000000000, 1.000000000000000000 ) ) ;
#9149 = CARTESIAN_POINT ( 'NONE',  ( -116.9304353138135610, -92.99355652984641551, 10.00000000000000000 ) ) ;
#9150 = EDGE_CURVE ( 'NONE', #4110, #4584, #7003, .T. ) ;
#9151 = CYLINDRICAL_SURFACE ( 'NONE', #8796, 11.00000000000000355 ) ;
#9152 = CARTESIAN_POINT ( 'NONE',  ( -183.1188555723058187, -327.5634665205517422, 10.00000000000000000 ) ) ;
#9153 = VERTEX_POINT ( 'NONE', #9270 ) ;
#9154 = LINE ( 'NONE', #5502, #7739 ) ;
#9155 = CARTESIAN_POINT ( 'NONE',  ( 213.9999999999995453, -114.0000000000000142, 8.000000000000035527 ) ) ;
#9156 = EDGE_LOOP ( 'NONE', ( #2750, #4339, #2799, #7179 ) ) ;
#9157 = CARTESIAN_POINT ( 'NONE',  ( -45.42021828561268393, 297.6701257614999463, 10.00000000000000000 ) ) ;
#9158 = DIRECTION ( 'NONE',  ( 0.000000000000000000, 0.000000000000000000, 1.000000000000000000 ) ) ;
#9159 = DIRECTION ( 'NONE',  ( -0.5000000000000006661, 0.8660254037844382635, 0.000000000000000000 ) ) ;
#9160 = ORIENTED_EDGE ( 'NONE', *, *, #5420, .F. ) ;
#9161 = CYLINDRICAL_SURFACE ( 'NONE', #7586, 9.499999999999994671 ) ;
#9162 = EDGE_CURVE ( 'NONE', #1194, #1430, #4690, .T. ) ;
#9163 = CARTESIAN_POINT ( 'NONE',  ( -160.1147367097224219, -219.3268590218234806, 19.49999999999997513 ) ) ;
#9164 = EDGE_CURVE ( 'NONE', #3539, #3269, #1260, .T. ) ;
#9165 = PERSON_AND_ORGANIZATION ( #3110, #5628 ) ;
#9166 = EDGE_LOOP ( 'NONE', ( #3673, #7156 ) ) ;
#9167 = ORIENTED_EDGE ( 'NONE', *, *, #7052, .T. ) ;
#9168 = DIRECTION ( 'NONE',  ( 0.2500000000000001665, 0.4330127018922187432, -0.8660254037844388186 ) ) ;
#9169 = EDGE_CURVE ( 'NONE', #7439, #9296, #2550, .T. ) ;
#9170 = DIRECTION ( 'NONE',  ( 1.635429539641431722E-16, 2.832647054857944814E-16, 1.000000000000000000 ) ) ;
#9171 = DIRECTION ( 'NONE',  ( -0.2499999999999999167, 0.4330127018922189097, 0.8660254037844388186 ) ) ;
#9172 = VERTEX_POINT ( 'NONE', #1977 ) ;
#9173 = CYLINDRICAL_SURFACE ( 'NONE', #3908, 3.000000000016484147 ) ;
#9174 = EDGE_CURVE ( 'NONE', #8187, #1965, #2859, .T. ) ;
#9175 = DIRECTION ( 'NONE',  ( -2.220446049250312588E-16, -1.000000000000000000, 1.025445864033519699E-16 ) ) ;
#9176 = DIRECTION ( 'NONE',  ( -0.2499999999999999167, 0.4330127018922189097, 0.8660254037844388186 ) ) ;
#9177 = EDGE_LOOP ( 'NONE', ( #763, #6024 ) ) ;
#9178 = EDGE_CURVE ( 'NONE', #5694, #7082, #478, .T. ) ;
#9179 = VERTEX_POINT ( 'NONE', #4252 ) ;
#9180 = VERTEX_POINT ( 'NONE', #3358 ) ;
#9181 = DIRECTION ( 'NONE',  ( -1.000000000000000000, 0.000000000000000000, 0.000000000000000000 ) ) ;
#9182 = CARTESIAN_POINT ( 'NONE',  ( -94.87564434702643723, 192.3294364098344147, 10.00000000000000178 ) ) ;
#9183 = ORIENTED_EDGE ( 'NONE', *, *, #5344, .F. ) ;
#9184 = LINE ( 'NONE', #2600, #4198 ) ;
#9185 = EDGE_CURVE ( 'NONE', #9116, #6608, #5921, .T. ) ;
#9186 = DIRECTION ( 'NONE',  ( 0.000000000000000000, 0.000000000000000000, 1.000000000000000000 ) ) ;
#9187 = DIRECTION ( 'NONE',  ( -3.435759386066699840E-16, 1.025445864033521055E-16, 1.000000000000000000 ) ) ;
#9188 = EDGE_CURVE ( 'NONE', #3829, #530, #4991, .T. ) ;
#9189 = AXIS2_PLACEMENT_3D ( 'NONE', #5211, #209, #21 ) ;
#9190 = ORIENTED_EDGE ( 'NONE', *, *, #3533, .F. ) ;
#9191 = VERTEX_POINT ( 'NONE', #9223 ) ;
#9192 = DIRECTION ( 'NONE',  ( -0.000000000000000000, -0.000000000000000000, -1.000000000000000000 ) ) ;
#9193 = CARTESIAN_POINT ( 'NONE',  ( 267.0000000000000568, -29.00000000000000000, 10.00000000000000000 ) ) ;
#9195 = DIRECTION ( 'NONE',  ( -1.000000000000000000, 0.000000000000000000, 0.000000000000000000 ) ) ;
#9194 = AXIS2_PLACEMENT_3D ( 'NONE', #4856, #7107, #7203 ) ;
#9196 = DIRECTION ( 'NONE',  ( 0.8660254037844388186, 0.4999999999999999445, 2.775557561562891351E-17 ) ) ;
#9197 = CIRCLE ( 'NONE', #3658, 2.000000000000007550 ) ;
#9198 = CARTESIAN_POINT ( 'NONE',  ( -16.78143421778025868, 231.0662966890200209, -27.52627944162884077 ) ) ;
#9199 = ORIENTED_EDGE ( 'NONE', *, *, #6306, .F. ) ;
#9200 = CARTESIAN_POINT ( 'NONE',  ( -21.26348502534913720, 234.8294364098344147, -18.00000000000001421 ) ) ;
#9201 = DIRECTION ( 'NONE',  ( 1.000000000000000000, 0.000000000000000000, 0.000000000000000000 ) ) ;
#9202 = ORIENTED_EDGE ( 'NONE', *, *, #6312, .F. ) ;
#9203 = AXIS2_PLACEMENT_3D ( 'NONE', #6508, #473, #427 ) ;
#9204 = AXIS2_PLACEMENT_3D ( 'NONE', #5166, #7374, #4580 ) ;
#9205 = CARTESIAN_POINT ( 'NONE',  ( 213.9999999999995453, -101.0000000000000142, 8.000000000000035527 ) ) ;
#9206 = DIRECTION ( 'NONE',  ( 2.220446049250312588E-16, 1.000000000000000000, -1.025445864033519699E-16 ) ) ;
#9207 = DIRECTION ( 'NONE',  ( -1.000000000000000000, 0.000000000000000000, 0.000000000000000000 ) ) ;
#9208 = ORIENTED_EDGE ( 'NONE', *, *, #422, .T. ) ;
#9209 = DIRECTION ( 'NONE',  ( 0.000000000000000000, 0.000000000000000000, 1.000000000000000000 ) ) ;
#9210 = VECTOR ( 'NONE', #4050, 1000.000000000000000 ) ;
#9211 = VECTOR ( 'NONE', #3162, 1000.000000000000000 ) ;
#9212 = CIRCLE ( 'NONE', #4450, 3.500000000000013323 ) ;
#9213 = CARTESIAN_POINT ( 'NONE',  ( -19.53143421778025868, 235.8294364098344147, -18.00000000000001421 ) ) ;
#9214 = DATE_AND_TIME ( #2678, #878 ) ;
#9215 = EDGE_LOOP ( 'NONE', ( #9357, #8773, #8931, #2127 ) ) ;
#9216 = EDGE_LOOP ( 'NONE', ( #5097, #5806, #5050, #5105 ) ) ;
#9217 = CARTESIAN_POINT ( 'NONE',  ( -45.87564434702633775, 107.4589468389592355, -115.9999999999998010 ) ) ;
#9218 = LINE ( 'NONE', #8543, #5693 ) ;
#9219 = LINE ( 'NONE', #6332, #8127 ) ;
#9220 = ORIENTED_EDGE ( 'NONE', *, *, #1766, .F. ) ;
#9221 = CARTESIAN_POINT ( 'NONE',  ( -156.8079664398501052, 345.0634665204915450, 0.000000000000000000 ) ) ;
#9222 = DIRECTION ( 'NONE',  ( -0.000000000000000000, 0.000000000000000000, -1.000000000000000000 ) ) ;
#9223 = CARTESIAN_POINT ( 'NONE',  ( -53.87564434702667171, 121.3153532995108321, 24.99999999999998224 ) ) ;
#9224 = ORIENTED_EDGE ( 'NONE', *, *, #3293, .F. ) ;
#9225 = EDGE_CURVE ( 'NONE', #2788, #4456, #3003, .T. ) ;
#9226 = ORIENTED_EDGE ( 'NONE', *, *, #8040, .T. ) ;
#9227 = ADVANCED_FACE ( 'NONE', ( #4205 ), #6430, .F. ) ;
#9228 = EDGE_CURVE ( 'NONE', #5708, #5622, #90, .T. ) ;
#9229 = AXIS2_PLACEMENT_3D ( 'NONE', #3615, #2903, #1335 ) ;
#9230 = DIRECTION ( 'NONE',  ( 1.635429539641431722E-16, 2.832647054857944814E-16, 1.000000000000000000 ) ) ;
#9231 = DIRECTION ( 'NONE',  ( 1.000000000000000000, 0.000000000000000000, 0.000000000000000000 ) ) ;
#9232 = EDGE_LOOP ( 'NONE', ( #1216, #6398 ) ) ;
#9233 = CARTESIAN_POINT ( 'NONE',  ( 213.9999999999995453, -114.0000000000000142, -18.00000000000000355 ) ) ;
#9234 = DIRECTION ( 'NONE',  ( -2.220446049250312588E-16, -1.000000000000000000, 1.025445864033519699E-16 ) ) ;
#9235 = DIRECTION ( 'NONE',  ( -0.4999999999999998890, 0.8660254037844387076, 0.000000000000000000 ) ) ;
#9236 = AXIS2_PLACEMENT_3D ( 'NONE', #2805, #1241, #1423 ) ;
#9237 = ORIENTED_EDGE ( 'NONE', *, *, #3992, .F. ) ;
#9238 = ORIENTED_EDGE ( 'NONE', *, *, #187, .T. ) ;
#9239 = ADVANCED_FACE ( 'NONE', ( #2781 ), #6249, .T. ) ;
#9240 = LINE ( 'NONE', #1284, #2180 ) ;
#9241 = PLANE ( 'NONE',  #6216 ) ;
#9242 = ADVANCED_FACE ( 'NONE', ( #4405 ), #1538, .T. ) ;
#9243 = LINE ( 'NONE', #4866, #5264 ) ;
#9244 = CARTESIAN_POINT ( 'NONE',  ( -97.86473670972256400, -111.5066962506608235, 24.99999999999997868 ) ) ;
#9245 = PLANE ( 'NONE',  #3216 ) ;
#9246 = ORIENTED_EDGE ( 'NONE', *, *, #6807, .F. ) ;
#9247 = CARTESIAN_POINT ( 'NONE',  ( -23.06956468620458622, 149.4935565297863036, 10.00000000000000000 ) ) ;
#9248 = DIRECTION ( 'NONE',  ( 0.8660254037844387076, 0.4999999999999998890, -7.703719777548943412E-34 ) ) ;
#9249 = VERTEX_POINT ( 'NONE', #2922 ) ;
#9250 = EDGE_CURVE ( 'NONE', #7135, #2431, #5084, .T. ) ;
#9251 = DIRECTION ( 'NONE',  ( -1.000000000000000000, 0.000000000000000000, 0.000000000000000000 ) ) ;
#9252 = DIRECTION ( 'NONE',  ( -0.8660254037844387076, -0.4999999999999998890, 0.000000000000000000 ) ) ;
#9253 = DIRECTION ( 'NONE',  ( -2.220446049250312588E-16, -1.000000000000000000, 1.025445864033519699E-16 ) ) ;
#9254 = DIRECTION ( 'NONE',  ( -0.4999999999999997224, -0.8660254037844387076, 0.000000000000000000 ) ) ;
#9255 = ORIENTED_EDGE ( 'NONE', *, *, #8056, .T. ) ;
#9256 = DIRECTION ( 'NONE',  ( -0.4999999999999975575, 0.8660254037844400399, -6.308085367188369533E-16 ) ) ;
#9257 = PERSON_AND_ORGANIZATION ( #3110, #5628 ) ;
#9258 = AXIS2_PLACEMENT_3D ( 'NONE', #3164, #1688, #8881 ) ;
#9259 = ORIENTED_EDGE ( 'NONE', *, *, #7584, .T. ) ;
#9260 = ORIENTED_EDGE ( 'NONE', *, *, #9400, .F. ) ;
#9261 = DIRECTION ( 'NONE',  ( 1.000000000000000000, 0.000000000000000000, 0.000000000000000000 ) ) ;
#9262 = PLANE ( 'NONE',  #7377 ) ;
#9263 = EDGE_CURVE ( 'NONE', #4723, #611, #7336, .T. ) ;
#9264 = CIRCLE ( 'NONE', #5120, 5.000000000000004441 ) ;
#9265 = CARTESIAN_POINT ( 'NONE',  ( 151.4999999999996305, -13.99999999999998401, 44.49999999999970157 ) ) ;
#9266 = ORIENTED_EDGE ( 'NONE', *, *, #2827, .F. ) ;
#9267 = DIRECTION ( 'NONE',  ( 0.5000000000000006661, -0.8660254037844382635, 0.000000000000000000 ) ) ;
#9268 = CIRCLE ( 'NONE', #58, 11.00000000000001066 ) ;
#9269 = CYLINDRICAL_SURFACE ( 'NONE', #1922, 5.500000000000005329 ) ;
#9270 = CARTESIAN_POINT ( 'NONE',  ( 260.0000000000000568, -100.0000000000000142, 0.000000000000000000 ) ) ;
#9271 = EDGE_CURVE ( 'NONE', #5455, #590, #6568, .T. ) ;
#9272 = CIRCLE ( 'NONE', #6506, 11.00000000000001066 ) ;
#9273 = EDGE_CURVE ( 'NONE', #7985, #1554, #8152, .T. ) ;
#9274 = ORIENTED_EDGE ( 'NONE', *, *, #4470, .F. ) ;
#9275 = AXIS2_PLACEMENT_3D ( 'NONE', #4570, #4521, #6876 ) ;
#9276 = ORIENTED_EDGE ( 'NONE', *, *, #550, .T. ) ;
#9277 = CIRCLE ( 'NONE', #6810, 11.00000000000001066 ) ;
#9278 = CARTESIAN_POINT ( 'NONE',  ( -197.2185657822019209, -139.5925761307089488, -1.526279441628801470 ) ) ;
#9279 = DIRECTION ( 'NONE',  ( -3.435759386066699840E-16, 1.025445864033521055E-16, 1.000000000000000000 ) ) ;
#9280 = ORIENTED_EDGE ( 'NONE', *, *, #4163, .T. ) ;
#9281 = CARTESIAN_POINT ( 'NONE',  ( 149.9999999999994600, -9.999999999999994671, -120.0000000000000426 ) ) ;
#9282 = DIRECTION ( 'NONE',  ( 1.635429539641433941E-16, -2.832647054857943335E-16, -1.000000000000000000 ) ) ;
#9283 = VECTOR ( 'NONE', #7109, 1000.000000000000000 ) ;
#9284 = CYLINDRICAL_SURFACE ( 'NONE', #5613, 1.999999999967569497 ) ;
#9285 = EDGE_CURVE ( 'NONE', #3288, #4872, #3014, .T. ) ;
#9286 = CIRCLE ( 'NONE', #4826, 5.000000000000007994 ) ;
#9287 = ORIENTED_EDGE ( 'NONE', *, *, #892, .F. ) ;
#9288 = ORIENTED_EDGE ( 'NONE', *, *, #180, .T. ) ;
#9289 = VECTOR ( 'NONE', #96, 1000.000000000000000 ) ;
#9290 = CARTESIAN_POINT ( 'NONE',  ( -21.06956468618784939, 149.4935565297863036, 10.00000000000000000 ) ) ;
#9291 = VECTOR ( 'NONE', #2819, 1000.000000000000000 ) ;
#9292 = DIRECTION ( 'NONE',  ( 0.000000000000000000, 0.000000000000000000, 1.000000000000000000 ) ) ;
#9293 = DIRECTION ( 'NONE',  ( -0.8660254037844382635, -0.5000000000000004441, 0.000000000000000000 ) ) ;
#9294 = VECTOR ( 'NONE', #6152, 1000.000000000000000 ) ;
#9295 = CARTESIAN_POINT ( 'NONE',  ( 140.0000000000000284, -28.99999999999998579, 19.49999999999997513 ) ) ;
#9296 = VERTEX_POINT ( 'NONE', #8014 ) ;
#9297 = CARTESIAN_POINT ( 'NONE',  ( 20.73651497465061411, 162.0833024919419643, -17.99999999999999645 ) ) ;
#9298 = DIRECTION ( 'NONE',  ( 1.635429539641431722E-16, 2.832647054857944814E-16, 1.000000000000000000 ) ) ;
#9299 = APPLICATION_CONTEXT ( 'configuration controlled 3d designs of mechanical parts and assemblies' ) ;
#9300 = EDGE_CURVE ( 'NONE', #7861, #4120, #4350, .T. ) ;
#9301 = VECTOR ( 'NONE', #8830, 1000.000000000000000 ) ;
#9302 = ORIENTED_EDGE ( 'NONE', *, *, #3068, .T. ) ;
#9303 = VECTOR ( 'NONE', #1050, 1000.000000000000000 ) ;
#9304 = EDGE_CURVE ( 'NONE', #4505, #5766, #7148, .T. ) ;
#9305 = AXIS2_PLACEMENT_3D ( 'NONE', #3867, #3920, #5993 ) ;
#9306 = DIRECTION ( 'NONE',  ( 0.4999999999999998890, -0.8660254037844387076, -1.425800117241211216E-16 ) ) ;
#9307 = CYLINDRICAL_SURFACE ( 'NONE', #5539, 10.99999999999999645 ) ;
#9308 = CARTESIAN_POINT ( 'NONE',  ( 130.0000000000000000, -98.99999999999998579, 22.99999999999999289 ) ) ;
#9309 = CARTESIAN_POINT ( 'NONE',  ( 140.0000000000000568, -56.49999999999998579, -3.000000000000030198 ) ) ;
#9310 = VERTEX_POINT ( 'NONE', #8782 ) ;
#9311 = DIRECTION ( 'NONE',  ( -2.220446049250312588E-16, -1.000000000000000000, 1.025445864033519699E-16 ) ) ;
#9312 = EDGE_CURVE ( 'NONE', #6989, #7066, #4454, .T. ) ;
#9313 = ORIENTED_EDGE ( 'NONE', *, *, #609, .T. ) ;
#9314 = VERTEX_POINT ( 'NONE', #5181 ) ;
#9315 = FACE_OUTER_BOUND ( 'NONE', #1690, .T. ) ;
#9316 = LINE ( 'NONE', #5711, #7213 ) ;
#9317 = ORIENTED_EDGE ( 'NONE', *, *, #2666, .F. ) ;
#9318 = FACE_OUTER_BOUND ( 'NONE', #567, .T. ) ;
#9319 = DIRECTION ( 'NONE',  ( -2.220446049250312588E-16, -1.000000000000000000, 1.025445864033519699E-16 ) ) ;
#9320 = CARTESIAN_POINT ( 'NONE',  ( 399.2377111446260756, 230.4999999999998579, 10.00000000000000000 ) ) ;
#9321 = VERTEX_POINT ( 'NONE', #1442 ) ;
#9322 = ORIENTED_EDGE ( 'NONE', *, *, #2763, .F. ) ;
#9323 = CARTESIAN_POINT ( 'NONE',  ( -221.4297447047231344, -310.0634665205517422, 0.000000000000000000 ) ) ;
#9324 = DIRECTION ( 'NONE',  ( -0.5000000000000007772, -0.8660254037844382635, -6.308085367188392213E-16 ) ) ;
#9325 = EDGE_LOOP ( 'NONE', ( #2182, #8167 ) ) ;
#9326 = CARTESIAN_POINT ( 'NONE',  ( -194.4685657822019209, -134.8294364098945266, 8.000000000000028422 ) ) ;
#9327 = FACE_OUTER_BOUND ( 'NONE', #3876, .T. ) ;
#9328 = PLANE ( 'NONE',  #6532 ) ;
#9329 = VERTEX_POINT ( 'NONE', #7389 ) ;
#9330 = ORIENTED_EDGE ( 'NONE', *, *, #3670, .T. ) ;
#9331 = LINE ( 'NONE', #5186, #5751 ) ;
#9332 = ADVANCED_FACE ( 'NONE', ( #4498 ), #811, .T. ) ;
#9333 = CARTESIAN_POINT ( 'NONE',  ( -139.7461339178857145, -79.24355652984641551, 10.00000000000000000 ) ) ;
#9334 = LINE ( 'NONE', #2223, #5117 ) ;
#9335 = DIRECTION ( 'NONE',  ( -0.3535533905932730647, 0.6123724356957934711, 0.7071067811865487940 ) ) ;
#9336 = ORIENTED_EDGE ( 'NONE', *, *, #2665, .T. ) ;
#9337 = CARTESIAN_POINT ( 'NONE',  ( -189.9865149746330246, -131.0662966890801329, 17.52627944162885854 ) ) ;
#9338 = LINE ( 'NONE', #6495, #2916 ) ;
#9339 = ORIENTED_EDGE ( 'NONE', *, *, #3813, .F. ) ;
#9340 = CIRCLE ( 'NONE', #8114, 11.00000000000001066 ) ;
#9341 = AXIS2_PLACEMENT_3D ( 'NONE', #8900, #743, #199 ) ;
#9343 = ADVANCED_FACE ( 'NONE', ( #721 ), #3726, .F. ) ;
#9342 = CARTESIAN_POINT ( 'NONE',  ( -95.11473670972256400, -106.7435565298464013, 10.00000000000000000 ) ) ;
#9344 = EDGE_CURVE ( 'NONE', #7609, #6811, #6234, .T. ) ;
#9345 = LINE ( 'NONE', #6502, #4938 ) ;
#9346 = EDGE_CURVE ( 'NONE', #6443, #5768, #7297, .T. ) ;
#9347 = CARTESIAN_POINT ( 'NONE',  ( -98.11473670970379146, -106.7435565298464013, 10.00000000000000000 ) ) ;
#9348 = CARTESIAN_POINT ( 'NONE',  ( -158.8079664398664193, 345.0634665204915450, 10.00000000000000000 ) ) ;
#9349 = VERTEX_POINT ( 'NONE', #5036 ) ;
#9350 = CARTESIAN_POINT ( 'NONE',  ( -62.25386608211591977, 275.8268590217633687, 24.99999999999997513 ) ) ;
#9351 = VECTOR ( 'NONE', #2974, 1000.000000000000000 ) ;
#9352 = AXIS2_PLACEMENT_3D ( 'NONE', #1772, #4102, #415 ) ;
#9353 = DATE_AND_TIME ( #1875, #9464 ) ;
#9354 = EDGE_LOOP ( 'NONE', ( #4407, #7926, #6319, #6155 ) ) ;
#9355 = EDGE_CURVE ( 'NONE', #5807, #6431, #4219, .T. ) ;
#9356 = EDGE_LOOP ( 'NONE', ( #3833, #2919, #7434, #6845 ) ) ;
#9357 = ORIENTED_EDGE ( 'NONE', *, *, #4539, .F. ) ;
#9358 = CIRCLE ( 'NONE', #3055, 5.000000000000005329 ) ;
#9359 = EDGE_CURVE ( 'NONE', #3748, #6391, #4303, .T. ) ;
#9361 = AXIS2_PLACEMENT_3D ( 'NONE', #1618, #6268, #1761 ) ;
#9360 = CYLINDRICAL_SURFACE ( 'NONE', #5460, 5.500000000000008882 ) ;
#9362 = ADVANCED_FACE ( 'NONE', ( #9463 ), #5132, .T. ) ;
#9363 = DIRECTION ( 'NONE',  ( 2.220446049250312588E-16, 1.000000000000000000, -1.025445864033519699E-16 ) ) ;
#9364 = VECTOR ( 'NONE', #4493, 1000.000000000000114 ) ;
#9365 = ADVANCED_FACE ( 'NONE', ( #3097 ), #4595, .T. ) ;
#9366 = EDGE_LOOP ( 'NONE', ( #8172, #2211, #3496, #8102 ) ) ;
#9367 = PLANE ( 'NONE',  #4681 ) ;
#9368 = CARTESIAN_POINT ( 'NONE',  ( -75.87435565295575657, -103.4182389825404869, -17.99999999999999645 ) ) ;
#9369 = DIRECTION ( 'NONE',  ( -0.8660254037844394848, -0.4999999999999985567, 0.000000000000000000 ) ) ;
#9370 = ORIENTED_EDGE ( 'NONE', *, *, #3536, .T. ) ;
#9371 = ORIENTED_EDGE ( 'NONE', *, *, #5249, .T. ) ;
#9372 = FACE_OUTER_BOUND ( 'NONE', #1681, .T. ) ;
#9373 = CARTESIAN_POINT ( 'NONE',  ( -87.12435565295569972, -122.9038105676903427, -122.5000000000000284 ) ) ;
#9374 = VERTEX_POINT ( 'NONE', #7438 ) ;
#9375 = DIRECTION ( 'NONE',  ( 0.000000000000000000, 0.000000000000000000, 1.000000000000000000 ) ) ;
#9376 = CARTESIAN_POINT ( 'NONE',  ( 21.98651497465085214, 159.9182389824804602, -17.99999999999999645 ) ) ;
#9377 = VECTOR ( 'NONE', #8237, 999.9999999999998863 ) ;
#9378 = CARTESIAN_POINT ( 'NONE',  ( -75.87435565295575657, -103.4182389825404869, -102.5000000000000142 ) ) ;
#9379 = ORIENTED_EDGE ( 'NONE', *, *, #3798, .T. ) ;
#9380 = OPEN_SHELL ( 'NONE', ( #6090, #2161, #70 ) ) ;
#9381 = EDGE_LOOP ( 'NONE', ( #8564, #4377, #2907, #1262 ) ) ;
#9382 = DIRECTION ( 'NONE',  ( -1.000000000000000000, 0.000000000000000000, 0.000000000000000000 ) ) ;
#9383 = CARTESIAN_POINT ( 'NONE',  ( -60.90365306670221912, 125.4882214780260199, -113.3280023541784374 ) ) ;
#9384 = EDGE_CURVE ( 'NONE', #6084, #6328, #5154, .T. ) ;
#9385 = CYLINDRICAL_SURFACE ( 'NONE', #4281, 6.000000000016575186 ) ;
#9386 = ORIENTED_EDGE ( 'NONE', *, *, #8232, .F. ) ;
#9387 = PLANE ( 'NONE',  #6042 ) ;
#9388 = VECTOR ( 'NONE', #5163, 999.9999999999998863 ) ;
#9389 = DIRECTION ( 'NONE',  ( -1.000000000000000000, -1.525031627232357151E-16, 0.000000000000000000 ) ) ;
#9390 = ORIENTED_EDGE ( 'NONE', *, *, #4403, .T. ) ;
#9391 = EDGE_CURVE ( 'NONE', #4927, #9453, #319, .T. ) ;
#9392 = AXIS2_PLACEMENT_3D ( 'NONE', #6309, #3229, #6167 ) ;
#9393 = DIRECTION ( 'NONE',  ( -0.8660254037844391517, 0.4999999999999992784, 0.000000000000000000 ) ) ;
#9394 = CYLINDRICAL_SURFACE ( 'NONE', #1240, 5.499999999999996447 ) ;
#9395 = CARTESIAN_POINT ( 'NONE',  ( 27.73651497465095517, 149.9589468389592071, -115.9999999999998010 ) ) ;
#9396 = CARTESIAN_POINT ( 'NONE',  ( -219.4297447047422054, -310.0634665205517422, 10.00000000000000000 ) ) ;
#9397 = ORIENTED_EDGE ( 'NONE', *, *, #5649, .F. ) ;
#9398 = DIRECTION ( 'NONE',  ( -0.000000000000000000, -0.000000000000000000, -1.000000000000000000 ) ) ;
#9399 = DIRECTION ( 'NONE',  ( -1.635429539641434187E-16, 2.832647054857943828E-16, 1.000000000000000000 ) ) ;
#9400 = EDGE_CURVE ( 'NONE', #4099, #177, #5467, .T. ) ;
#9401 = ORIENTED_EDGE ( 'NONE', *, *, #5277, .T. ) ;
#9402 = EDGE_CURVE ( 'NONE', #7530, #8596, #6093, .T. ) ;
#9403 = VERTEX_POINT ( 'NONE', #8919 ) ;
#9404 = EDGE_LOOP ( 'NONE', ( #6118, #115, #6913, #7347 ) ) ;
#9405 = CARTESIAN_POINT ( 'NONE',  ( -221.4297447047941034, 310.0634665204914313, 10.00000000000000000 ) ) ;
#9406 = DIRECTION ( 'NONE',  ( -1.000000000000000000, 0.000000000000000000, 0.000000000000000000 ) ) ;
#9407 = ORIENTED_EDGE ( 'NONE', *, *, #1080, .F. ) ;
#9408 = DIRECTION ( 'NONE',  ( 3.105958772499038389E-16, 1.025445864033519576E-16, 1.000000000000000000 ) ) ;
#9409 = CARTESIAN_POINT ( 'NONE',  ( -158.3647367097224219, -216.2957701085779263, 19.49999999999997513 ) ) ;
#9410 = AXIS2_PLACEMENT_3D ( 'NONE', #1217, #287, #1936 ) ;
#9411 = DIRECTION ( 'NONE',  ( 0.000000000000000000, 0.000000000000000000, 1.000000000000000000 ) ) ;
#9412 = CIRCLE ( 'NONE', #7105, 7.500000000000007994 ) ;
#9413 = ADVANCED_FACE ( 'NONE', ( #1824 ), #6142, .T. ) ;
#9414 = ORIENTED_EDGE ( 'NONE', *, *, #3053, .F. ) ;
#9415 = EDGE_CURVE ( 'NONE', #538, #7686, #8836, .T. ) ;
#9416 = EDGE_LOOP ( 'NONE', ( #5388, #6730, #2569, #7108 ) ) ;
#9417 = AXIS2_PLACEMENT_3D ( 'NONE', #9024, #4778, #9311 ) ;
#9418 = CIRCLE ( 'NONE', #4185, 5.000000000000004441 ) ;
#9419 = ORIENTED_EDGE ( 'NONE', *, *, #8451, .F. ) ;
#9420 = LINE ( 'NONE', #7202, #4959 ) ;
#9421 = DIRECTION ( 'NONE',  ( 1.000000000000000000, 0.000000000000000000, 0.000000000000000000 ) ) ;
#9422 = ORIENTED_EDGE ( 'NONE', *, *, #987, .T. ) ;
#9423 = DIRECTION ( 'NONE',  ( 0.4941902632238115434, -0.8559626445094810077, 0.1519997859837824150 ) ) ;
#9424 = DIRECTION ( 'NONE',  ( 0.000000000000000000, 0.000000000000000000, 1.000000000000000000 ) ) ;
#9425 = FACE_OUTER_BOUND ( 'NONE', #7494, .T. ) ;
#9426 = EDGE_CURVE ( 'NONE', #4933, #3497, #6686, .T. ) ;
#9427 = ORIENTED_EDGE ( 'NONE', *, *, #187, .F. ) ;
#9428 = VECTOR ( 'NONE', #3134, 1000.000000000000114 ) ;
#9429 = ORIENTED_EDGE ( 'NONE', *, *, #6337, .F. ) ;
#9430 = LINE ( 'NONE', #1229, #2508 ) ;
#9431 = CARTESIAN_POINT ( 'NONE',  ( -44.88526329025989270, 135.7435565297862468, 10.00000000000000000 ) ) ;
#9432 = AXIS2_PLACEMENT_3D ( 'NONE', #7555, #8173, #3794 ) ;
#9433 = CARTESIAN_POINT ( 'NONE',  ( -23.26348502534913365, 238.2935380249721220, 8.000000000000028422 ) ) ;
#9434 = ORIENTED_EDGE ( 'NONE', *, *, #238, .T. ) ;
#9435 = CARTESIAN_POINT ( 'NONE',  ( -84.52627944160238371, -124.4038105676903285, -126.0000000000000284 ) ) ;
#9436 = VECTOR ( 'NONE', #6574, 1000.000000000000000 ) ;
#9437 = CARTESIAN_POINT ( 'NONE',  ( -215.7365149746331952, -175.6666049839791413, 10.00000000000000178 ) ) ;
#9438 = ORIENTED_EDGE ( 'NONE', *, *, #4324, .T. ) ;
#9439 = VECTOR ( 'NONE', #42, 1000.000000000000000 ) ;
#9440 = CIRCLE ( 'NONE', #4683, 2.000000000000001776 ) ;
#9441 = DIRECTION ( 'NONE',  ( -1.649003067838308177E-17, 1.025445864033520315E-16, 1.000000000000000000 ) ) ;
#9442 = FACE_OUTER_BOUND ( 'NONE', #5175, .T. ) ;
#9443 = DIRECTION ( 'NONE',  ( 0.4999999999999985567, -0.8660254037844394848, 0.000000000000000000 ) ) ;
#9444 = FACE_OUTER_BOUND ( 'NONE', #1342, .T. ) ;
#9445 = VERTEX_POINT ( 'NONE', #272 ) ;
#9446 = DIRECTION ( 'NONE',  ( -0.8660254037844390407, -0.4999999999999991673, 7.012543237461990870E-16 ) ) ;
#9447 = CIRCLE ( 'NONE', #5301, 3.500000000000013323 ) ;
#9448 = LINE ( 'NONE', #3353, #4585 ) ;
#9449 = CIRCLE ( 'NONE', #5302, 3.500000000000013323 ) ;
#9450 = VECTOR ( 'NONE', #281, 1000.000000000000227 ) ;
#9451 = ORIENTED_EDGE ( 'NONE', *, *, #6842, .F. ) ;
#9452 = VERTEX_POINT ( 'NONE', #8966 ) ;
#9453 = VERTEX_POINT ( 'NONE', #3252 ) ;
#9454 = AXIS2_PLACEMENT_3D ( 'NONE', #2323, #8238, #6077 ) ;
#9455 = CARTESIAN_POINT ( 'NONE',  ( -70.12435565295562867, -93.45894683901926214, -115.9999999999998010 ) ) ;
#9456 = AXIS2_PLACEMENT_3D ( 'NONE', #2876, #7291, #2113 ) ;
#9458 = EDGE_CURVE ( 'NONE', #6754, #7367, #3322, .T. ) ;
#9457 = CARTESIAN_POINT ( 'NONE',  ( 260.0000000000000568, -14.00000000000001243, -17.99999999999999645 ) ) ;
#9459 = AXIS2_PLACEMENT_3D ( 'NONE', #5591, #2037, #2753 ) ;
#9460 = VERTEX_POINT ( 'NONE', #5272 ) ;
#9461 = LINE ( 'NONE', #7096, #3596 ) ;
#9462 = CARTESIAN_POINT ( 'NONE',  ( 213.9999999999995453, -114.0000000000000142, -18.00000000000000355 ) ) ;
#9463 = FACE_OUTER_BOUND ( 'NONE', #9354, .T. ) ;
#9464 = LOCAL_TIME ( 17, 38, 52.00000000000000000, #2629 ) ;
#9465 = EDGE_LOOP ( 'NONE', ( #7940, #1281 ) ) ;
#9466 = ORIENTED_EDGE ( 'NONE', *, *, #884, .F. ) ;
#9467 = EDGE_CURVE ( 'NONE', #3183, #9486, #6088, .T. ) ;
#9468 = LINE ( 'NONE', #6577, #4968 ) ;
#9469 = CARTESIAN_POINT ( 'NONE',  ( 270.0000000000000000, -56.50000000000001421, 24.99999999999997513 ) ) ;
#9470 = ORIENTED_EDGE ( 'NONE', *, *, #9415, .T. ) ;
#9471 = FACE_OUTER_BOUND ( 'NONE', #4787, .T. ) ;
#9472 = EDGE_CURVE ( 'NONE', #6823, #6199, #9018, .T. ) ;
#9473 = CARTESIAN_POINT ( 'NONE',  ( 270.0000000000000000, -84.00000000000001421, 19.49999999999998224 ) ) ;
#9474 = CARTESIAN_POINT ( 'NONE',  ( -124.7833209967994321, 112.1310519035828008, 10.00000000000000000 ) ) ;
#9475 = ORIENTED_EDGE ( 'NONE', *, *, #2957, .F. ) ;
#9476 = ORIENTED_EDGE ( 'NONE', *, *, #1433, .T. ) ;
#9477 = DIRECTION ( 'NONE',  ( 2.220446049250312588E-16, 1.000000000000000000, -1.025445864033519699E-16 ) ) ;
#9478 = EDGE_CURVE ( 'NONE', #7062, #6759, #6184, .T. ) ;
#9479 = CARTESIAN_POINT ( 'NONE',  ( -150.7365149746333088, -63.08330249200205486, 10.00000000000000178 ) ) ;
#9480 = EDGE_CURVE ( 'NONE', #5327, #1132, #409, .T. ) ;
#9481 = CARTESIAN_POINT ( 'NONE',  ( -62.25386608211591977, 275.8268590217633687, 19.49999999999997513 ) ) ;
#9482 = EDGE_LOOP ( 'NONE', ( #4741, #6254 ) ) ;
#9483 = FACE_OUTER_BOUND ( 'NONE', #8789, .T. ) ;
#9484 = EDGE_CURVE ( 'NONE', #6165, #7091, #246, .T. ) ;
#9485 = DIRECTION ( 'NONE',  ( 0.000000000000000000, 8.673617379884028076E-17, 1.000000000000000000 ) ) ;
#9486 = VERTEX_POINT ( 'NONE', #5325 ) ;
#9487 = CARTESIAN_POINT ( 'NONE',  ( -157.9865149746330246, -75.64067084687600584, -124.5262794416288443 ) ) ;
#9488 = FACE_OUTER_BOUND ( 'NONE', #8891, .T. ) ;
#9489 = CARTESIAN_POINT ( 'NONE',  ( -109.8852632902600561, 248.3268590217633403, 19.49999999999997513 ) ) ;
#9490 = DIRECTION ( 'NONE',  ( 1.000000000000000000, 0.000000000000000000, 0.000000000000000000 ) ) ;
#9491 = ORIENTED_EDGE ( 'NONE', *, *, #4863, .T. ) ;
#9492 = CARTESIAN_POINT ( 'NONE',  ( -207.7461339178665867, -191.8268590218234806, -3.000000000000030198 ) ) ;
#9493 = FACE_OUTER_BOUND ( 'NONE', #5802, .T. ) ;
#9494 = CARTESIAN_POINT ( 'NONE',  ( -151.1243556529558703, -233.7550622520989805, 25.00000000000000000 ) ) ;
#9495 = ORIENTED_EDGE ( 'NONE', *, *, #4355, .F. ) ;
#9496 = VECTOR ( 'NONE', #6688, 1000.000000000000000 ) ;
#9497 = ORIENTED_EDGE ( 'NONE', *, *, #2427, .F. ) ;
#9498 = ORIENTED_EDGE ( 'NONE', *, *, #2335, .T. ) ;
#9499 = DIRECTION ( 'NONE',  ( 0.5000000000000002220, 0.8660254037844385966, 0.000000000000000000 ) ) ;
#9500 = DIRECTION ( 'NONE',  ( 3.895519384649671855E-16, 1.000000000000000000, 0.000000000000000000 ) ) ;
#9501 = CIRCLE ( 'NONE', #7198, 5.499999999999997335 ) ;
#9502 = AXIS2_PLACEMENT_3D ( 'NONE', #1407, #4312, #6346 ) ;
#9503 = ORIENTED_EDGE ( 'NONE', *, *, #2199, .F. ) ;
#9504 = CARTESIAN_POINT ( 'NONE',  ( -44.88526329025989270, 135.7435565297862468, 10.00000000000000000 ) ) ;
#9505 = CARTESIAN_POINT ( 'NONE',  ( -142.7461339178666719, -79.24355652984641551, 10.00000000000000000 ) ) ;
#9506 = CARTESIAN_POINT ( 'NONE',  ( -163.4865149746330530, -85.16695028850482174, -105.4737205583711841 ) ) ;
#9507 = ORIENTED_EDGE ( 'NONE', *, *, #8215, .F. ) ;
#9508 = CIRCLE ( 'NONE', #300, 5.000000000000004441 ) ;
#9509 = CIRCLE ( 'NONE', #148, 10.99999999999999645 ) ;
#9510 = ORIENTED_EDGE ( 'NONE', *, *, #3291, .T. ) ;
#9511 = LINE ( 'NONE', #5228, #7442 ) ;
#9512 = ORIENTED_EDGE ( 'NONE', *, *, #4642, .F. ) ;
#9513 = DIRECTION ( 'NONE',  ( 1.000000000000000000, 0.000000000000000000, 0.000000000000000000 ) ) ;
#9514 = ADVANCED_FACE ( 'NONE', ( #1634 ), #4551, .F. ) ;
#9515 = LINE ( 'NONE', #5188, #3968 ) ;
#9516 = EDGE_LOOP ( 'NONE', ( #7702, #6963, #7898, #7709 ) ) ;
#9517 = CARTESIAN_POINT ( 'NONE',  ( 202.9999999999995453, -101.0000000000000142, 8.000000000000033751 ) ) ;
#9518 = VECTOR ( 'NONE', #8618, 1000.000000000000000 ) ;
#9519 = FACE_OUTER_BOUND ( 'NONE', #501, .T. ) ;
ENDSEC;
END-ISO-10303-21;
