ISO-10303-21;
HEADER;
FILE_DESCRIPTION (( 'STEP AP203' ),
    '1' );
FILE_NAME ('Pièce1_poulieDents_Défaut_sldprt.STEP',
    '2023-12-03T16:39:05',
    ( 'LIA INFO' ),
    ( '' ),
    'SwSTEP 2.0',
    'SolidWorks 2022',
    '' );
FILE_SCHEMA (( 'CONFIG_CONTROL_DESIGN' ));
ENDSEC;

DATA;
#1 = CIRCLE ( 'NONE', #58, 4.000000000000000000 ) ;
#2 = VECTOR ( 'NONE', #71, 1000.000000000000000 ) ;
#3 = VERTEX_POINT ( 'NONE', #34 ) ;
#4 = DIRECTION ( 'NONE',  ( -0.000000000000000000, 0.000000000000000000, -1.000000000000000000 ) ) ;
#5 = VERTEX_POINT ( 'NONE', #1629 ) ;
#6 = ADVANCED_FACE ( 'NONE', ( #842 ), #677, .T. ) ;
#7 = CARTESIAN_POINT ( 'NONE',  ( 15.47463418066197427, -0.8863954956385092787, 13.24999999999999822 ) ) ;
#8 = CARTESIAN_POINT ( 'NONE',  ( 0.000000000000000000, 0.000000000000000000, 13.24999999999999822 ) ) ;
#9 = LINE ( 'NONE', #1250, #826 ) ;
#10 = EDGE_CURVE ( 'NONE', #1019, #286, #1233, .T. ) ;
#11 = LINE ( 'NONE', #414, #1366 ) ;
#12 = ORIENTED_EDGE ( 'NONE', *, *, #1622, .T. ) ;
#13 = DIRECTION ( 'NONE',  ( -0.000000000000000000, 0.000000000000000000, -1.000000000000000000 ) ) ;
#14 = DIRECTION ( 'NONE',  ( -0.000000000000000000, 0.000000000000000000, -1.000000000000000000 ) ) ;
#15 = CARTESIAN_POINT ( 'NONE',  ( 2.198697424771040687, -14.33233161890642471, 13.24999999999999822 ) ) ;
#16 = CARTESIAN_POINT ( 'NONE',  ( 0.000000000000000000, 0.000000000000000000, 15.00000000000000000 ) ) ;
#17 = CYLINDRICAL_SURFACE ( 'NONE', #820, 15.50000000000000000 ) ;
#18 = EDGE_CURVE ( 'NONE', #916, #1521, #1658, .T. ) ;
#19 = EDGE_LOOP ( 'NONE', ( #1486, #1435, #1567, #468 ) ) ;
#20 = CARTESIAN_POINT ( 'NONE',  ( -5.262037984366073395, -13.51151198982144130, 13.24999999999999822 ) ) ;
#21 = ORIENTED_EDGE ( 'NONE', *, *, #135, .T. ) ;
#22 = VERTEX_POINT ( 'NONE', #176 ) ;
#23 = DIRECTION ( 'NONE',  ( 0.000000000000000000, -0.000000000000000000, 1.000000000000000000 ) ) ;
#24 = DIRECTION ( 'NONE',  ( 1.000000000000000000, 0.000000000000000000, 0.000000000000000000 ) ) ;
#25 = CARTESIAN_POINT ( 'NONE',  ( -14.47627068513539328, 0.8292086894682810794, 1.749999999999998890 ) ) ;
#26 = VECTOR ( 'NONE', #976, 1000.000000000000000 ) ;
#27 = EDGE_CURVE ( 'NONE', #286, #1665, #594, .T. ) ;
#28 = ORIENTED_EDGE ( 'NONE', *, *, #392, .T. ) ;
#29 = LOCAL_TIME ( 17, 39, 5.000000000000000000, #69 ) ;
#30 = VECTOR ( 'NONE', #587, 1000.000000000000000 ) ;
#31 = DIRECTION ( 'NONE',  ( 1.000000000000000000, 0.000000000000000000, 0.000000000000000000 ) ) ;
#32 = VECTOR ( 'NONE', #217, 1000.000000000000000 ) ;
#33 = ORIENTED_EDGE ( 'NONE', *, *, #1447, .F. ) ;
#34 = CARTESIAN_POINT ( 'NONE',  ( -17.00000000000000000, 2.081899558550500280E-15, 0.000000000000000000 ) ) ;
#35 = CARTESIAN_POINT ( 'NONE',  ( 0.000000000000000000, 0.000000000000000000, 1.749999999999998890 ) ) ;
#36 = FACE_OUTER_BOUND ( 'NONE', #518, .T. ) ;
#37 = FACE_OUTER_BOUND ( 'NONE', #1590, .T. ) ;
#38 = ORIENTED_EDGE ( 'NONE', *, *, #621, .F. ) ;
#39 = DIRECTION ( 'NONE',  ( 1.000000000000000000, 0.000000000000000000, 0.000000000000000000 ) ) ;
#40 = VERTEX_POINT ( 'NONE', #7 ) ;
#41 = PRODUCT_RELATED_PRODUCT_CATEGORY ( 'detail', '', ( #925 ) ) ;
#42 = DIRECTION ( 'NONE',  ( -0.000000000000000000, 0.000000000000000000, -1.000000000000000000 ) ) ;
#43 = DIRECTION ( 'NONE',  ( -0.000000000000000000, -0.000000000000000000, 1.000000000000000000 ) ) ;
#44 = LINE ( 'NONE', #465, #645 ) ;
#45 = ORIENTED_EDGE ( 'NONE', *, *, #757, .F. ) ;
#46 = VERTEX_POINT ( 'NONE', #151 ) ;
#47 = CARTESIAN_POINT ( 'NONE',  ( 17.00000000000000000, 0.000000000000000000, 15.00000000000000000 ) ) ;
#48 = CYLINDRICAL_SURFACE ( 'NONE', #1433, 15.00000000000000000 ) ;
#49 = EDGE_CURVE ( 'NONE', #1360, #66, #1389, .T. ) ;
#50 = CALENDAR_DATE ( 2023, 3, 12 ) ;
#51 = DIRECTION ( 'NONE',  ( -0.000000000000000000, -0.000000000000000000, 1.000000000000000000 ) ) ;
#52 = ORIENTED_EDGE ( 'NONE', *, *, #819, .T. ) ;
#53 = VECTOR ( 'NONE', #269, 1000.000000000000114 ) ;
#54 = VECTOR ( 'NONE', #651, 1000.000000000000114 ) ;
#55 = AXIS2_PLACEMENT_3D ( 'NONE', #612, #1034, #582 ) ;
#56 = ORIENTED_EDGE ( 'NONE', *, *, #460, .F. ) ;
#57 = CIRCLE ( 'NONE', #1710, 4.000000000000000000 ) ;
#58 = AXIS2_PLACEMENT_3D ( 'NONE', #1258, #1411, #1556 ) ;
#59 = DIRECTION ( 'NONE',  ( -0.000000000000000000, 0.000000000000000000, -1.000000000000000000 ) ) ;
#60 = CARTESIAN_POINT ( 'NONE',  ( -5.262037984366065402, -13.51151198982143598, 13.24999999999999822 ) ) ;
#61 = SECURITY_CLASSIFICATION_LEVEL ( 'unclassified' ) ;
#62 = AXIS2_PLACEMENT_3D ( 'NONE', #1030, #1395, #39 ) ;
#63 = DIRECTION ( 'NONE',  ( -0.9884366633728575158, -0.1516343051566239886, -0.000000000000000000 ) ) ;
#64 = EDGE_LOOP ( 'NONE', ( #1448, #249, #1394, #45 ) ) ;
#65 = EDGE_CURVE ( 'NONE', #1325, #1414, #1396, .T. ) ;
#66 = VERTEX_POINT ( 'NONE', #1241 ) ;
#67 = DIRECTION ( 'NONE',  ( 0.9318284130911343999, -0.3628991713355904092, 0.000000000000000000 ) ) ;
#68 = DIRECTION ( 'NONE',  ( -0.000000000000000000, -0.000000000000000000, 1.000000000000000000 ) ) ;
#69 = COORDINATED_UNIVERSAL_TIME_OFFSET ( 1, 0, .AHEAD. ) ;
#70 = CARTESIAN_POINT ( 'NONE',  ( 14.33233161890642471, 2.198697424771039799, 13.24999999999999822 ) ) ;
#71 = DIRECTION ( 'NONE',  ( -0.000000000000000000, 0.000000000000000000, -1.000000000000000000 ) ) ;
#72 = EDGE_CURVE ( 'NONE', #461, #207, #849, .T. ) ;
#73 = VERTEX_POINT ( 'NONE', #303 ) ;
#74 = EDGE_LOOP ( 'NONE', ( #858, #1749, #12, #196 ) ) ;
#75 = LINE ( 'NONE', #463, #1172 ) ;
#76 = LINE ( 'NONE', #1302, #540 ) ;
#77 = PERSON_AND_ORGANIZATION ( #256, #914 ) ;
#78 = DIRECTION ( 'NONE',  ( 0.9983634955265787703, -0.05718680617022628421, 0.000000000000000000 ) ) ;
#79 = DIRECTION ( 'NONE',  ( 0.9884366633728575158, 0.1516343051566239886, 0.000000000000000000 ) ) ;
#80 = ADVANCED_FACE ( 'NONE', ( #960 ), #987, .T. ) ;
#81 = VERTEX_POINT ( 'NONE', #555 ) ;
#82 = VECTOR ( 'NONE', #789, 1000.000000000000114 ) ;
#83 = LINE ( 'NONE', #1319, #618 ) ;
#84 = DIRECTION ( 'NONE',  ( 1.000000000000000000, 0.000000000000000000, 0.000000000000000000 ) ) ;
#85 = AXIS2_PLACEMENT_3D ( 'NONE', #1761, #904, #354 ) ;
#86 = AXIS2_PLACEMENT_3D ( 'NONE', #982, #972, #837 ) ;
#87 = CARTESIAN_POINT ( 'NONE',  ( 0.000000000000000000, 0.000000000000000000, 13.24999999999999822 ) ) ;
#88 = DIRECTION ( 'NONE',  ( 0.9983634955265787703, -0.05718680617022628421, 0.000000000000000000 ) ) ;
#89 = CIRCLE ( 'NONE', #62, 15.00000000000000000 ) ;
#90 = DIRECTION ( 'NONE',  ( -0.000000000000000000, -0.000000000000000000, 1.000000000000000000 ) ) ;
#91 = ORIENTED_EDGE ( 'NONE', *, *, #939, .F. ) ;
#92 = CARTESIAN_POINT ( 'NONE',  ( 0.8292086894682801912, 14.47627068513539328, 13.24999999999999822 ) ) ;
#93 = DIRECTION ( 'NONE',  ( -0.4496565208585767137, 0.8932015524221620373, 0.000000000000000000 ) ) ;
#94 = APPROVAL ( #305, 'UNSPECIFIED' ) ;
#95 = ORIENTED_EDGE ( 'NONE', *, *, #1688, .F. ) ;
#96 = DIRECTION ( 'NONE',  ( -0.9983634955265787703, 0.05718680617022628421, 0.000000000000000000 ) ) ;
#97 = DIRECTION ( 'NONE',  ( -0.000000000000000000, -0.000000000000000000, 1.000000000000000000 ) ) ;
#98 = APPLICATION_CONTEXT ( 'configuration controlled 3d designs of mechanical parts and assemblies' ) ;
#99 = FACE_OUTER_BOUND ( 'NONE', #1728, .T. ) ;
#100 = ORIENTED_EDGE ( 'NONE', *, *, #1754, .T. ) ;
#101 = CARTESIAN_POINT ( 'NONE',  ( 14.47627068513539328, -0.8292086894682829668, 1.749999999999998890 ) ) ;
#102 = EDGE_CURVE ( 'NONE', #1065, #498, #198, .T. ) ;
#103 = VERTEX_POINT ( 'NONE', #970 ) ;
#104 = CARTESIAN_POINT ( 'NONE',  ( 0.000000000000000000, 0.000000000000000000, 15.00000000000000000 ) ) ;
#105 = CARTESIAN_POINT ( 'NONE',  ( -17.00000000000000000, 2.081899558550500280E-15, 13.99999999999999112 ) ) ;
#106 = DIRECTION ( 'NONE',  ( -0.8932015524221621483, -0.4496565208585767137, 0.000000000000000000 ) ) ;
#107 = ORIENTED_EDGE ( 'NONE', *, *, #1385, .T. ) ;
#108 = DIRECTION ( 'NONE',  ( 1.000000000000000000, 0.000000000000000000, 0.000000000000000000 ) ) ;
#109 = AXIS2_PLACEMENT_3D ( 'NONE', #1420, #1564, #1544 ) ;
#110 = ORIENTED_EDGE ( 'NONE', *, *, #621, .T. ) ;
#111 = DIRECTION ( 'NONE',  ( -0.9983634955265787703, 0.05718680617022628421, 0.000000000000000000 ) ) ;
#112 = CARTESIAN_POINT ( 'NONE',  ( 12.12221382065307118, -7.956251132686031902, 13.24999999999999822 ) ) ;
#113 = AXIS2_PLACEMENT_3D ( 'NONE', #1723, #1323, #1180 ) ;
#114 = VECTOR ( 'NONE', #889, 1000.000000000000000 ) ;
#115 = LOCAL_TIME ( 17, 39, 5.000000000000000000, #878 ) ;
#116 = AXIS2_PLACEMENT_3D ( 'NONE', #1177, #1719, #1443 ) ;
#117 = DIRECTION ( 'NONE',  ( 0.000000000000000000, 0.000000000000000000, -1.000000000000000000 ) ) ;
#118 = EDGE_LOOP ( 'NONE', ( #595, #314, #356, #656 ) ) ;
#119 = EDGE_CURVE ( 'NONE', #713, #215, #1266, .T. ) ;
#120 = LINE ( 'NONE', #1477, #1686 ) ;
#121 = VERTEX_POINT ( 'NONE', #1089 ) ;
#122 = DIRECTION ( 'NONE',  ( -0.5487069746680020010, -0.8360147462519358363, 0.000000000000000000 ) ) ;
#123 = DIRECTION ( 'NONE',  ( 0.9983634955265787703, -0.05718680617022628421, 0.000000000000000000 ) ) ;
#124 = FACE_OUTER_BOUND ( 'NONE', #533, .T. ) ;
#125 = EDGE_CURVE ( 'NONE', #1333, #207, #403, .T. ) ;
#126 = PLANE ( 'NONE',  #335 ) ;
#127 = EDGE_LOOP ( 'NONE', ( #1201, #1153, #1704, #28 ) ) ;
#128 = DIRECTION ( 'NONE',  ( -0.000000000000000000, 0.000000000000000000, -1.000000000000000000 ) ) ;
#129 = ORIENTED_EDGE ( 'NONE', *, *, #1017, .F. ) ;
#130 = ORIENTED_EDGE ( 'NONE', *, *, #10, .F. ) ;
#131 = PLANE ( 'NONE',  #680 ) ;
#132 = CARTESIAN_POINT ( 'NONE',  ( 12.95142251012134871, 6.520019552449369371, 13.24999999999999822 ) ) ;
#133 = FACE_OUTER_BOUND ( 'NONE', #180, .T. ) ;
#134 = ORIENTED_EDGE ( 'NONE', *, *, #920, .T. ) ;
#135 = EDGE_CURVE ( 'NONE', #1665, #286, #1741, .T. ) ;
#136 = CARTESIAN_POINT ( 'NONE',  ( 2.198697424771040687, -14.33233161890643004, 13.24999999999999822 ) ) ;
#137 = EDGE_LOOP ( 'NONE', ( #345, #1642, #771, #1613 ) ) ;
#138 = EDGE_CURVE ( 'NONE', #796, #222, #853, .T. ) ;
#139 = CARTESIAN_POINT ( 'NONE',  ( 13.51151198982143953, -5.262037984366075172, 1.749999999999998890 ) ) ;
#140 = FACE_OUTER_BOUND ( 'NONE', #1434, .T. ) ;
#141 = CARTESIAN_POINT ( 'NONE',  ( -9.695831126577633796, 12.09300867298490090, 1.749999999999998890 ) ) ;
#142 = VECTOR ( 'NONE', #401, 1000.000000000000000 ) ;
#143 = FACE_OUTER_BOUND ( 'NONE', #274, .T. ) ;
#144 = VECTOR ( 'NONE', #370, 1000.000000000000000 ) ;
#145 = AXIS2_PLACEMENT_3D ( 'NONE', #87, #930, #377 ) ;
#146 = VECTOR ( 'NONE', #1692, 1000.000000000000000 ) ;
#147 = AXIS2_PLACEMENT_3D ( 'NONE', #165, #702, #31 ) ;
#148 = ORIENTED_EDGE ( 'NONE', *, *, #138, .F. ) ;
#149 = DIRECTION ( 'NONE',  ( -0.4496565208585767137, 0.8932015524221620373, 0.000000000000000000 ) ) ;
#150 = VERTEX_POINT ( 'NONE', #139 ) ;
#151 = CARTESIAN_POINT ( 'NONE',  ( 6.969676073307940811, -13.84462406254351485, 13.24999999999999822 ) ) ;
#152 = DIRECTION ( 'NONE',  ( 1.000000000000000000, 0.000000000000000000, 0.000000000000000000 ) ) ;
#153 = ADVANCED_FACE ( 'NONE', ( #1097 ), #1637, .F. ) ;
#154 = DIRECTION ( 'NONE',  ( -0.1516343051566240163, 0.9884366633728576268, 0.000000000000000000 ) ) ;
#155 = CARTESIAN_POINT ( 'NONE',  ( -12.95142251012135048, -6.520019552449365818, 13.24999999999999822 ) ) ;
#156 = ORIENTED_EDGE ( 'NONE', *, *, #631, .T. ) ;
#157 = CARTESIAN_POINT ( 'NONE',  ( 0.8292086894682801912, 14.47627068513539328, 1.749999999999998890 ) ) ;
#158 = EDGE_LOOP ( 'NONE', ( #435, #935, #361, #643 ) ) ;
#159 = VERTEX_POINT ( 'NONE', #47 ) ;
#160 = CARTESIAN_POINT ( 'NONE',  ( 0.000000000000000000, 0.000000000000000000, 1.749999999999999778 ) ) ;
#161 = MECHANICAL_CONTEXT ( 'NONE', #98, 'mechanical' ) ;
#162 = EDGE_CURVE ( 'NONE', #1521, #1670, #1056, .T. ) ;
#163 = CARTESIAN_POINT ( 'NONE',  ( -12.95822856690501190, 8.504958107354029906, 13.24999999999999822 ) ) ;
#164 = EDGE_LOOP ( 'NONE', ( #310, #1405, #1472, #95 ) ) ;
#165 = CARTESIAN_POINT ( 'NONE',  ( 0.000000000000000000, 0.000000000000000000, 0.000000000000000000 ) ) ;
#166 = DIRECTION ( 'NONE',  ( 0.000000000000000000, 0.000000000000000000, 1.000000000000000000 ) ) ;
#167 = LINE ( 'NONE', #404, #1683 ) ;
#168 = DIRECTION ( 'NONE',  ( -0.000000000000000000, -0.000000000000000000, 1.000000000000000000 ) ) ;
#169 = AXIS2_PLACEMENT_3D ( 'NONE', #893, #1438, #78 ) ;
#170 = CC_DESIGN_DATE_AND_TIME_ASSIGNMENT ( #1428, #186, ( #482 ) ) ;
#171 = ORIENTED_EDGE ( 'NONE', *, *, #1440, .T. ) ;
#172 = VECTOR ( 'NONE', #834, 1000.000000000000000 ) ;
#173 = LINE ( 'NONE', #1408, #515 ) ;
#174 = VERTEX_POINT ( 'NONE', #1417 ) ;
#175 = EDGE_CURVE ( 'NONE', #376, #426, #184, .T. ) ;
#176 = CARTESIAN_POINT ( 'NONE',  ( 7.956251132686021244, 12.12221382065307829, 1.749999999999998890 ) ) ;
#177 = FACE_OUTER_BOUND ( 'NONE', #875, .T. ) ;
#178 = SHAPE_DEFINITION_REPRESENTATION ( #236, #424 ) ;
#179 = DIRECTION ( 'NONE',  ( -0.9983634955265787703, 0.05718680617022609686, 0.000000000000000000 ) ) ;
#180 = EDGE_LOOP ( 'NONE', ( #1102, #474, #21, #130 ) ) ;
#181 = EDGE_CURVE ( 'NONE', #831, #1670, #1022, .T. ) ;
#182 = DIRECTION ( 'NONE',  ( -0.8932015524221620373, -0.4496565208585766582, 0.000000000000000000 ) ) ;
#183 = VERTEX_POINT ( 'NONE', #1135 ) ;
#184 = LINE ( 'NONE', #444, #309 ) ;
#185 = CARTESIAN_POINT ( 'NONE',  ( -8.504958107354031682, -12.95822856690501190, 13.24999999999999822 ) ) ;
#186 = DATE_TIME_ROLE ( 'creation_date' ) ;
#187 = PLANE ( 'NONE',  #1429 ) ;
#188 = ORIENTED_EDGE ( 'NONE', *, *, #226, .T. ) ;
#189 = EDGE_CURVE ( 'NONE', #1271, #963, #1272, .T. ) ;
#190 = ORIENTED_EDGE ( 'NONE', *, *, #517, .F. ) ;
#191 = LINE ( 'NONE', #480, #999 ) ;
#192 = DIRECTION ( 'NONE',  ( 1.000000000000000000, 0.000000000000000000, 0.000000000000000000 ) ) ;
#193 = PERSON_AND_ORGANIZATION_ROLE ( 'classification_officer' ) ;
#194 = CARTESIAN_POINT ( 'NONE',  ( -14.33233161890643004, -2.198697424771042463, 13.24999999999999822 ) ) ;
#195 = EDGE_CURVE ( 'NONE', #1096, #336, #75, .T. ) ;
#196 = ORIENTED_EDGE ( 'NONE', *, *, #501, .F. ) ;
#197 = VECTOR ( 'NONE', #1116, 1000.000000000000000 ) ;
#198 = CIRCLE ( 'NONE', #477, 15.49999999999999822 ) ;
#199 = VERTEX_POINT ( 'NONE', #1555 ) ;
#200 = AXIS2_PLACEMENT_3D ( 'NONE', #1224, #1631, #1243 ) ;
#201 = AXIS2_PLACEMENT_3D ( 'NONE', #1214, #946, #1354 ) ;
#202 = CYLINDRICAL_SURFACE ( 'NONE', #536, 4.000000000000000000 ) ;
#203 = LINE ( 'NONE', #185, #827 ) ;
#204 = AXIS2_PLACEMENT_3D ( 'NONE', #1491, #1468, #241 ) ;
#205 = EDGE_CURVE ( 'NONE', #22, #1065, #1436, .T. ) ;
#206 = CARTESIAN_POINT ( 'NONE',  ( 0.000000000000000000, 0.000000000000000000, 13.24999999999999822 ) ) ;
#207 = VERTEX_POINT ( 'NONE', #324 ) ;
#208 = EDGE_CURVE ( 'NONE', #478, #1452, #346, .T. ) ;
#209 = EDGE_LOOP ( 'NONE', ( #685, #1357, #1306, #1043 ) ) ;
#210 = LINE ( 'NONE', #750, #1340 ) ;
#211 = CYLINDRICAL_SURFACE ( 'NONE', #1458, 15.49999999999999822 ) ;
#212 = CARTESIAN_POINT ( 'NONE',  ( 14.33233161890642471, 2.198697424771039799, 13.24999999999999822 ) ) ;
#213 = EDGE_CURVE ( 'NONE', #1192, #1521, #1697, .T. ) ;
#214 = FACE_OUTER_BOUND ( 'NONE', #1725, .T. ) ;
#215 = VERTEX_POINT ( 'NONE', #457 ) ;
#216 = CARTESIAN_POINT ( 'NONE',  ( -6.969676073307947028, 13.84462406254351130, 13.24999999999999822 ) ) ;
#217 = DIRECTION ( 'NONE',  ( -0.000000000000000000, 0.000000000000000000, -1.000000000000000000 ) ) ;
#218 = DIRECTION ( 'NONE',  ( -0.000000000000000000, 0.000000000000000000, -1.000000000000000000 ) ) ;
#219 = CARTESIAN_POINT ( 'NONE',  ( 14.44334040291257359, -5.624937155701658753, 1.749999999999998890 ) ) ;
#220 = CARTESIAN_POINT ( 'NONE',  ( 5.262037984366056520, 13.51151198982143953, 13.24999999999999822 ) ) ;
#221 = EDGE_CURVE ( 'NONE', #1075, #1047, #210, .T. ) ;
#222 = VERTEX_POINT ( 'NONE', #338 ) ;
#223 = AXIS2_PLACEMENT_3D ( 'NONE', #947, #97, #1490 ) ;
#224 = DIRECTION ( 'NONE',  ( 0.9983634955265787703, -0.05718680617022628421, 0.000000000000000000 ) ) ;
#225 = CARTESIAN_POINT ( 'NONE',  ( 0.000000000000000000, 0.000000000000000000, 13.24999999999999822 ) ) ;
#226 = EDGE_CURVE ( 'NONE', #636, #1292, #869, .T. ) ;
#227 = VERTEX_POINT ( 'NONE', #216 ) ;
#228 = DIRECTION ( 'NONE',  ( -0.000000000000000000, 0.000000000000000000, -1.000000000000000000 ) ) ;
#229 = LINE ( 'NONE', #640, #1171 ) ;
#230 = VECTOR ( 'NONE', #149, 1000.000000000000000 ) ;
#231 = CARTESIAN_POINT ( 'NONE',  ( 7.956251132686021244, 12.12221382065307829, 13.24999999999999822 ) ) ;
#232 = ORIENTED_EDGE ( 'NONE', *, *, #580, .F. ) ;
#233 = EDGE_CURVE ( 'NONE', #730, #528, #191, .T. ) ;
#234 = CARTESIAN_POINT ( 'NONE',  ( 15.32076828227928722, 2.350331729927664259, 13.24999999999999822 ) ) ;
#235 = CARTESIAN_POINT ( 'NONE',  ( -12.12221382065307296, 7.956251132686028349, 1.749999999999998890 ) ) ;
#236 = PRODUCT_DEFINITION_SHAPE ( 'NONE', 'NONE',  #482 ) ;
#237 = ORIENTED_EDGE ( 'NONE', *, *, #957, .T. ) ;
#238 = LINE ( 'NONE', #657, #509 ) ;
#239 = CARTESIAN_POINT ( 'NONE',  ( -4.000000000000000000, 4.898587196589412829E-16, 0.000000000000000000 ) ) ;
#240 = EDGE_CURVE ( 'NONE', #562, #839, #731, .T. ) ;
#241 = DIRECTION ( 'NONE',  ( 1.000000000000000000, 0.000000000000000000, 0.000000000000000000 ) ) ;
#242 = ORIENTED_EDGE ( 'NONE', *, *, #181, .F. ) ;
#243 = DIRECTION ( 'NONE',  ( 1.000000000000000000, 0.000000000000000000, 0.000000000000000000 ) ) ;
#244 = ORIENTED_EDGE ( 'NONE', *, *, #1150, .F. ) ;
#245 = FACE_OUTER_BOUND ( 'NONE', #118, .T. ) ;
#246 = DIRECTION ( 'NONE',  ( -0.000000000000000000, -0.000000000000000000, 1.000000000000000000 ) ) ;
#247 = CARTESIAN_POINT ( 'NONE',  ( 0.000000000000000000, 0.000000000000000000, 1.749999999999999778 ) ) ;
#248 = EDGE_CURVE ( 'NONE', #1292, #300, #1570, .T. ) ;
#249 = ORIENTED_EDGE ( 'NONE', *, *, #580, .T. ) ;
#250 = LINE ( 'NONE', #427, #1290 ) ;
#251 = VECTOR ( 'NONE', #484, 1000.000000000000114 ) ;
#252 = ORIENTED_EDGE ( 'NONE', *, *, #18, .F. ) ;
#253 = CARTESIAN_POINT ( 'NONE',  ( -15.32076828227928722, -2.350331729927666036, 1.749999999999998890 ) ) ;
#254 = PLANE ( 'NONE',  #1145 ) ;
#255 = AXIS2_PLACEMENT_3D ( 'NONE', #772, #1037, #1322 ) ;
#256 = PERSON ( 'UNSPECIFIED', 'UNSPECIFIED', 'UNSPECIFIED', ('UNSPECIFIED'), ('UNSPECIFIED'), ('UNSPECIFIED') ) ;
#257 = ADVANCED_FACE ( 'NONE', ( #1160 ), #202, .F. ) ;
#258 = VECTOR ( 'NONE', #43, 1000.000000000000000 ) ;
#259 = CARTESIAN_POINT ( 'NONE',  ( -9.070293634540362859, 11.31281456505039174, 13.24999999999999822 ) ) ;
#260 = VERTEX_POINT ( 'NONE', #876 ) ;
#261 = ADVANCED_FACE ( 'NONE', ( #995 ), #1673, .F. ) ;
#262 = PLANE ( 'NONE',  #1679 ) ;
#263 = VERTEX_POINT ( 'NONE', #1540 ) ;
#264 = DIRECTION ( 'NONE',  ( 0.9983634955265787703, -0.05718680617022615237, 0.000000000000000000 ) ) ;
#265 = CARTESIAN_POINT ( 'NONE',  ( -14.44334040291257359, 5.624937155701655200, 13.24999999999999822 ) ) ;
#266 = ADVANCED_FACE ( 'NONE', ( #315 ), #862, .T. ) ;
#267 = APPROVAL ( #1693, 'UNSPECIFIED' ) ;
#268 = EDGE_LOOP ( 'NONE', ( #244, #110, #333, #1717 ) ) ;
#269 = DIRECTION ( 'NONE',  ( 0.1516343051566239886, -0.9884366633728575158, 0.000000000000000000 ) ) ;
#270 = DIRECTION ( 'NONE',  ( -0.000000000000000000, -0.000000000000000000, 1.000000000000000000 ) ) ;
#271 = FACE_OUTER_BOUND ( 'NONE', #703, .T. ) ;
#272 = DIRECTION ( 'NONE',  ( -0.9884366633728576268, -0.1516343051566240163, 0.000000000000000000 ) ) ;
#273 = DIRECTION ( 'NONE',  ( -0.000000000000000000, 0.000000000000000000, -1.000000000000000000 ) ) ;
#274 = EDGE_LOOP ( 'NONE', ( #1011, #393, #787, #958 ) ) ;
#275 = EDGE_CURVE ( 'NONE', #1278, #578, #363, .T. ) ;
#276 = PLANE ( 'NONE',  #1543 ) ;
#277 = CARTESIAN_POINT ( 'NONE',  ( -11.31281456505039174, -9.070293634540362859, 1.749999999999998890 ) ) ;
#278 = LINE ( 'NONE', #1234, #337 ) ;
#279 = EDGE_CURVE ( 'NONE', #408, #984, #1048, .T. ) ;
#280 = VECTOR ( 'NONE', #1619, 1000.000000000000000 ) ;
#281 = CARTESIAN_POINT ( 'NONE',  ( 0.000000000000000000, 0.000000000000000000, 15.00000000000000000 ) ) ;
#282 = VECTOR ( 'NONE', #1557, 1000.000000000000000 ) ;
#283 = VECTOR ( 'NONE', #1176, 1000.000000000000114 ) ;
#284 = CIRCLE ( 'NONE', #1289, 17.00000000000000000 ) ;
#285 = AXIS2_PLACEMENT_3D ( 'NONE', #312, #1298, #1163 ) ;
#286 = VERTEX_POINT ( 'NONE', #1577 ) ;
#287 = CARTESIAN_POINT ( 'NONE',  ( -12.12221382065307296, 7.956251132686028349, 13.24999999999999822 ) ) ;
#288 = EDGE_CURVE ( 'NONE', #1013, #693, #1173, .T. ) ;
#289 = ORIENTED_EDGE ( 'NONE', *, *, #774, .F. ) ;
#290 = DIRECTION ( 'NONE',  ( -0.9983634955265787703, 0.05718680617022628421, 0.000000000000000000 ) ) ;
#291 = CARTESIAN_POINT ( 'NONE',  ( 9.695831126577628467, -12.09300867298490623, 1.749999999999998890 ) ) ;
#292 = CARTESIAN_POINT ( 'NONE',  ( 0.000000000000000000, 0.000000000000000000, 0.000000000000000000 ) ) ;
#293 = DIRECTION ( 'NONE',  ( -0.8932015524221617042, -0.4496565208585774909, 0.000000000000000000 ) ) ;
#294 = VERTEX_POINT ( 'NONE', #918 ) ;
#295 = CARTESIAN_POINT ( 'NONE',  ( -17.00000000000000000, 2.081899558550500280E-15, 15.00000000000000000 ) ) ;
#296 = CARTESIAN_POINT ( 'NONE',  ( 0.000000000000000000, 0.000000000000000000, 13.24999999999999822 ) ) ;
#297 = DIRECTION ( 'NONE',  ( 1.000000000000000000, 0.000000000000000000, 0.000000000000000000 ) ) ;
#298 = EDGE_CURVE ( 'NONE', #461, #1096, #423, .T. ) ;
#299 = LINE ( 'NONE', #1392, #675 ) ;
#300 = VERTEX_POINT ( 'NONE', #1726 ) ;
#301 = CARTESIAN_POINT ( 'NONE',  ( 6.520019552449363154, -12.95142251012135226, 1.749999999999998890 ) ) ;
#302 = VERTEX_POINT ( 'NONE', #777 ) ;
#303 = CARTESIAN_POINT ( 'NONE',  ( 5.262037984366056520, 13.51151198982144486, 1.749999999999998890 ) ) ;
#304 = LINE ( 'NONE', #600, #568 ) ;
#305 = APPROVAL_STATUS ( 'not_yet_approved' ) ;
#306 = DIRECTION ( 'NONE',  ( 0.6255374920372663849, -0.7801941079345107166, 0.000000000000000000 ) ) ;
#307 = EDGE_CURVE ( 'NONE', #578, #1469, #83, .T. ) ;
#308 = CIRCLE ( 'NONE', #593, 15.49999999999999645 ) ;
#309 = VECTOR ( 'NONE', #724, 1000.000000000000114 ) ;
#310 = ORIENTED_EDGE ( 'NONE', *, *, #1653, .T. ) ;
#311 = CIRCLE ( 'NONE', #741, 17.00000000000000000 ) ;
#312 = CARTESIAN_POINT ( 'NONE',  ( 0.000000000000000000, 0.000000000000000000, 1.749999999999998890 ) ) ;
#313 = VECTOR ( 'NONE', #1457, 1000.000000000000000 ) ;
#314 = ORIENTED_EDGE ( 'NONE', *, *, #1103, .F. ) ;
#315 = FACE_OUTER_BOUND ( 'NONE', #1600, .T. ) ;
#316 = DIRECTION ( 'NONE',  ( 1.000000000000000000, 0.000000000000000000, 0.000000000000000000 ) ) ;
#317 = PERSON_AND_ORGANIZATION ( #256, #914 ) ;
#318 = CYLINDRICAL_SURFACE ( 'NONE', #707, 15.49999999999999645 ) ;
#319 = EDGE_CURVE ( 'NONE', #1081, #174, #769, .T. ) ;
#320 = UNCERTAINTY_MEASURE_WITH_UNIT (LENGTH_MEASURE( 1.000000000000000082E-05 ), #575, 'distance_accuracy_value', 'NONE');
#321 = ORIENTED_EDGE ( 'NONE', *, *, #1219, .T. ) ;
#322 = EDGE_CURVE ( 'NONE', #1479, #1094, #1307, .T. ) ;
#323 = ORIENTED_EDGE ( 'NONE', *, *, #700, .F. ) ;
#324 = CARTESIAN_POINT ( 'NONE',  ( -15.47463418066197427, 0.8863954956385073913, 1.749999999999998890 ) ) ;
#325 = DIRECTION ( 'NONE',  ( -0.000000000000000000, 0.000000000000000000, -1.000000000000000000 ) ) ;
#326 = DIRECTION ( 'NONE',  ( 0.6255374920372692715, -0.7801941079345083851, 0.000000000000000000 ) ) ;
#327 = ORIENTED_EDGE ( 'NONE', *, *, #352, .F. ) ;
#328 = VERTEX_POINT ( 'NONE', #1183 ) ;
#329 = ADVANCED_FACE ( 'NONE', ( #496, #1587 ), #126, .F. ) ;
#330 = DIRECTION ( 'NONE',  ( 1.000000000000000000, 0.000000000000000000, 0.000000000000000000 ) ) ;
#331 = LINE ( 'NONE', #870, #1743 ) ;
#332 = DIRECTION ( 'NONE',  ( -0.05718680617022621482, -0.9983634955265787703, 0.000000000000000000 ) ) ;
#333 = ORIENTED_EDGE ( 'NONE', *, *, #10, .T. ) ;
#334 = VECTOR ( 'NONE', #293, 1000.000000000000114 ) ;
#335 = AXIS2_PLACEMENT_3D ( 'NONE', #660, #1217, #1062 ) ;
#336 = VERTEX_POINT ( 'NONE', #253 ) ;
#337 = VECTOR ( 'NONE', #538, 1000.000000000000000 ) ;
#338 = CARTESIAN_POINT ( 'NONE',  ( -15.00000000000000000, 1.836970198721029589E-15, 1.749999999999999778 ) ) ;
#339 = CARTESIAN_POINT ( 'NONE',  ( -15.00000000000000000, 1.836970198721029589E-15, 15.00000000000000000 ) ) ;
#340 = ADVANCED_FACE ( 'NONE', ( #797 ), #1580, .T. ) ;
#341 = PERSON_AND_ORGANIZATION_ROLE ( 'design_supplier' ) ;
#342 = LINE ( 'NONE', #212, #1284 ) ;
#343 = LINE ( 'NONE', #761, #1746 ) ;
#344 = VERTEX_POINT ( 'NONE', #1206 ) ;
#345 = ORIENTED_EDGE ( 'NONE', *, *, #668, .T. ) ;
#346 = LINE ( 'NONE', #897, #30 ) ;
#347 = CARTESIAN_POINT ( 'NONE',  ( -14.33233161890643004, -2.198697424771042463, 13.24999999999999822 ) ) ;
#348 = CARTESIAN_POINT ( 'NONE',  ( 0.000000000000000000, 0.000000000000000000, 13.24999999999999822 ) ) ;
#349 = DIRECTION ( 'NONE',  ( 0.8932015524221621483, 0.4496565208585767137, 0.000000000000000000 ) ) ;
#350 = EDGE_CURVE ( 'NONE', #344, #720, #1738, .T. ) ;
#351 = PLANE ( 'NONE',  #856 ) ;
#352 = EDGE_CURVE ( 'NONE', #5, #215, #1603, .T. ) ;
#353 = VERTEX_POINT ( 'NONE', #1729 ) ;
#354 = DIRECTION ( 'NONE',  ( 0.9983634955265787703, -0.05718680617022628421, 0.000000000000000000 ) ) ;
#355 = CARTESIAN_POINT ( 'NONE',  ( 14.33233161890643004, 2.198697424771040687, 13.24999999999999822 ) ) ;
#356 = ORIENTED_EDGE ( 'NONE', *, *, #1607, .F. ) ;
#357 = DIRECTION ( 'NONE',  ( -0.7071067811865507924, 8.659560562354972301E-17, 0.7071067811865441310 ) ) ;
#358 = FACE_OUTER_BOUND ( 'NONE', #209, .T. ) ;
#359 = FACE_OUTER_BOUND ( 'NONE', #1464, .T. ) ;
#360 = EDGE_CURVE ( 'NONE', #1047, #1013, #899, .T. ) ;
#361 = ORIENTED_EDGE ( 'NONE', *, *, #506, .F. ) ;
#362 = VECTOR ( 'NONE', #1181, 1000.000000000000000 ) ;
#363 = LINE ( 'NONE', #1041, #1285 ) ;
#364 = EDGE_CURVE ( 'NONE', #841, #1479, #1563, .T. ) ;
#365 = CARTESIAN_POINT ( 'NONE',  ( -5.262037984366065402, -13.51151198982143598, 1.749999999999998890 ) ) ;
#366 = AXIS2_PLACEMENT_3D ( 'NONE', #696, #1248, #1105 ) ;
#367 = VECTOR ( 'NONE', #1674, 1000.000000000000114 ) ;
#368 = ORIENTED_EDGE ( 'NONE', *, *, #1383, .F. ) ;
#369 = CARTESIAN_POINT ( 'NONE',  ( 9.070293634540364636, -11.31281456505039884, 1.749999999999998890 ) ) ;
#370 = DIRECTION ( 'NONE',  ( -0.000000000000000000, 0.000000000000000000, -1.000000000000000000 ) ) ;
#371 = VECTOR ( 'NONE', #919, 1000.000000000000114 ) ;
#372 = CARTESIAN_POINT ( 'NONE',  ( -6.520019552449369371, 12.95142251012134871, 13.24999999999999822 ) ) ;
#373 = EDGE_CURVE ( 'NONE', #896, #1576, #1573, .T. ) ;
#374 = ORIENTED_EDGE ( 'NONE', *, *, #248, .T. ) ;
#375 = DIRECTION ( 'NONE',  ( -0.000000000000000000, 0.000000000000000000, -1.000000000000000000 ) ) ;
#376 = VERTEX_POINT ( 'NONE', #907 ) ;
#377 = DIRECTION ( 'NONE',  ( 0.9983634955265787703, -0.05718680617022628421, 0.000000000000000000 ) ) ;
#378 = CARTESIAN_POINT ( 'NONE',  ( 0.000000000000000000, 0.000000000000000000, 15.00000000000000000 ) ) ;
#379 = CARTESIAN_POINT ( 'NONE',  ( -12.95142251012135048, -6.520019552449365818, 13.24999999999999822 ) ) ;
#380 = VERTEX_POINT ( 'NONE', #369 ) ;
#381 = LINE ( 'NONE', #1470, #425 ) ;
#382 = EDGE_CURVE ( 'NONE', #498, #73, #1336, .T. ) ;
#383 = ORIENTED_EDGE ( 'NONE', *, *, #1632, .F. ) ;
#384 = CARTESIAN_POINT ( 'NONE',  ( -9.070293634540366412, 11.31281456505039706, 13.24999999999999822 ) ) ;
#385 = DIRECTION ( 'NONE',  ( 0.000000000000000000, 0.000000000000000000, 1.000000000000000000 ) ) ;
#386 = DIRECTION ( 'NONE',  ( -0.9983634955265787703, 0.05718680617022615237, 0.000000000000000000 ) ) ;
#387 = OPEN_SHELL ( 'NONE', ( #1021, #407, #692 ) ) ;
#388 = ORIENTED_EDGE ( 'NONE', *, *, #700, .T. ) ;
#389 = PLANE ( 'NONE',  #1598 ) ;
#390 = AXIS2_PLACEMENT_3D ( 'NONE', #990, #542, #440 ) ;
#391 = VECTOR ( 'NONE', #1080, 1000.000000000000000 ) ;
#392 = EDGE_CURVE ( 'NONE', #1762, #121, #238, .T. ) ;
#393 = ORIENTED_EDGE ( 'NONE', *, *, #662, .F. ) ;
#394 = FACE_BOUND ( 'NONE', #885, .T. ) ;
#395 = LINE ( 'NONE', #1739, #852 ) ;
#396 = CC_DESIGN_SECURITY_CLASSIFICATION ( #1432, ( #1119 ) ) ;
#397 = AXIS2_PLACEMENT_3D ( 'NONE', #296, #1399, #412 ) ;
#398 = AXIS2_PLACEMENT_3D ( 'NONE', #104, #1610, #639 ) ;
#399 = DIRECTION ( 'NONE',  ( -0.3628991713355899651, -0.9318284130911346219, 0.000000000000000000 ) ) ;
#400 = ORIENTED_EDGE ( 'NONE', *, *, #467, .T. ) ;
#401 = DIRECTION ( 'NONE',  ( 0.05718680617022609686, 0.9983634955265787703, 0.000000000000000000 ) ) ;
#402 = ORIENTED_EDGE ( 'NONE', *, *, #1471, .T. ) ;
#403 = LINE ( 'NONE', #1514, #172 ) ;
#404 = CARTESIAN_POINT ( 'NONE',  ( 14.33233161890643004, 2.198697424771040687, 13.24999999999999822 ) ) ;
#405 = DIRECTION ( 'NONE',  ( -0.000000000000000000, 0.000000000000000000, -1.000000000000000000 ) ) ;
#406 = DIRECTION ( 'NONE',  ( 0.9983634955265787703, -0.05718680617022628421, 0.000000000000000000 ) ) ;
#407 = ADVANCED_FACE ( 'NONE', ( #245 ), #1051, .T. ) ;
#408 = VERTEX_POINT ( 'NONE', #1473 ) ;
#409 = EDGE_CURVE ( 'NONE', #207, #336, #1430, .T. ) ;
#410 = LINE ( 'NONE', #157, #142 ) ;
#411 = VERTEX_POINT ( 'NONE', #1179 ) ;
#412 = DIRECTION ( 'NONE',  ( 0.9983634955265787703, -0.05718680617022628421, 0.000000000000000000 ) ) ;
#413 = DIRECTION ( 'NONE',  ( -0.9318284130911342888, 0.3628991713355904092, 0.000000000000000000 ) ) ;
#414 = CARTESIAN_POINT ( 'NONE',  ( -2.198697424771043352, 14.33233161890643004, 13.24999999999999822 ) ) ;
#415 = ADVANCED_FACE ( 'NONE', ( #1721 ), #1346, .T. ) ;
#416 = EDGE_LOOP ( 'NONE', ( #1380, #1615, #926, #1240 ) ) ;
#417 = CARTESIAN_POINT ( 'NONE',  ( -2.198697424771042463, 14.33233161890642471, 13.24999999999999822 ) ) ;
#418 = CARTESIAN_POINT ( 'NONE',  ( 0.000000000000000000, 0.000000000000000000, 15.00000000000000000 ) ) ;
#419 = CARTESIAN_POINT ( 'NONE',  ( -13.51151198982144130, 5.262037984366067178, 13.24999999999999822 ) ) ;
#420 = VECTOR ( 'NONE', #1356, 1000.000000000000000 ) ;
#421 = CARTESIAN_POINT ( 'NONE',  ( 0.000000000000000000, 0.000000000000000000, 13.24999999999999822 ) ) ;
#422 = AXIS2_PLACEMENT_3D ( 'NONE', #728, #1276, #752 ) ;
#423 = CIRCLE ( 'NONE', #884, 15.49999999999999822 ) ;
#424 = MANIFOLD_SURFACE_SHAPE_REPRESENTATION ( 'PiÞce1_poulieDents_DÚfaut_sldprt', ( #1275, #86 ), #1001 ) ;
#425 = VECTOR ( 'NONE', #1708, 1000.000000000000000 ) ;
#426 = VERTEX_POINT ( 'NONE', #788 ) ;
#427 = CARTESIAN_POINT ( 'NONE',  ( 9.070293634540359307, -11.31281456505039351, 1.749999999999998890 ) ) ;
#428 = VERTEX_POINT ( 'NONE', #650 ) ;
#429 = DIRECTION ( 'NONE',  ( -0.000000000000000000, 0.000000000000000000, -1.000000000000000000 ) ) ;
#430 = CARTESIAN_POINT ( 'NONE',  ( 11.31281456505039706, 9.070293634540366412, 13.24999999999999822 ) ) ;
#431 = ADVANCED_FACE ( 'NONE', ( #1193 ), #633, .F. ) ;
#432 = DIRECTION ( 'NONE',  ( 1.000000000000000000, 0.000000000000000000, 0.000000000000000000 ) ) ;
#433 = ORIENTED_EDGE ( 'NONE', *, *, #590, .T. ) ;
#434 = CARTESIAN_POINT ( 'NONE',  ( -12.95142251012135048, -6.520019552449365818, 13.24999999999999822 ) ) ;
#435 = ORIENTED_EDGE ( 'NONE', *, *, #138, .T. ) ;
#436 = CARTESIAN_POINT ( 'NONE',  ( 17.00000000000000000, 0.000000000000000000, 13.99999999999999112 ) ) ;
#437 = PLANE ( 'NONE',  #1032 ) ;
#438 = EDGE_CURVE ( 'NONE', #952, #1689, #522, .T. ) ;
#439 = CARTESIAN_POINT ( 'NONE',  ( 13.51151198982143953, -5.262037984366075172, 13.24999999999999822 ) ) ;
#440 = DIRECTION ( 'NONE',  ( -1.000000000000000000, 0.000000000000000000, 0.000000000000000000 ) ) ;
#441 = ORIENTED_EDGE ( 'NONE', *, *, #757, .T. ) ;
#442 = CARTESIAN_POINT ( 'NONE',  ( 0.000000000000000000, 0.000000000000000000, 13.24999999999999822 ) ) ;
#443 = VERTEX_POINT ( 'NONE', #1329 ) ;
#444 = CARTESIAN_POINT ( 'NONE',  ( -2.198697424771042463, 14.33233161890642471, 1.749999999999998890 ) ) ;
#445 = CARTESIAN_POINT ( 'NONE',  ( 6.520019552449363154, -12.95142251012135226, 13.24999999999999822 ) ) ;
#446 = APPROVAL_DATE_TIME ( #1024, #1492 ) ;
#447 = EDGE_CURVE ( 'NONE', #183, #81, #619, .T. ) ;
#448 = DIRECTION ( 'NONE',  ( 0.9983634955265787703, -0.05718680617022627727, 0.000000000000000000 ) ) ;
#449 = AXIS2_PLACEMENT_3D ( 'NONE', #531, #399, #1195 ) ;
#450 = EDGE_CURVE ( 'NONE', #302, #1205, #513, .T. ) ;
#451 = AXIS2_PLACEMENT_3D ( 'NONE', #421, #566, #406 ) ;
#452 = AXIS2_PLACEMENT_3D ( 'NONE', #1425, #744, #469 ) ;
#453 = ORIENTED_EDGE ( 'NONE', *, *, #322, .F. ) ;
#454 = VECTOR ( 'NONE', #1381, 1000.000000000000000 ) ;
#455 = VECTOR ( 'NONE', #847, 999.9999999999998863 ) ;
#456 = ORIENTED_EDGE ( 'NONE', *, *, #1582, .T. ) ;
#457 = CARTESIAN_POINT ( 'NONE',  ( -11.31281456505040062, -9.070293634540361083, 1.749999999999998890 ) ) ;
#458 = DIRECTION ( 'NONE',  ( -0.000000000000000000, 0.000000000000000000, -1.000000000000000000 ) ) ;
#459 = FACE_OUTER_BOUND ( 'NONE', #268, .T. ) ;
#460 = EDGE_CURVE ( 'NONE', #528, #1662, #1616, .T. ) ;
#461 = VERTEX_POINT ( 'NONE', #1090 ) ;
#462 = ORIENTED_EDGE ( 'NONE', *, *, #175, .T. ) ;
#463 = CARTESIAN_POINT ( 'NONE',  ( -15.32076828227928722, -2.350331729927666036, 13.24999999999999822 ) ) ;
#464 = DIRECTION ( 'NONE',  ( -0.000000000000000000, -0.000000000000000000, 1.000000000000000000 ) ) ;
#465 = CARTESIAN_POINT ( 'NONE',  ( -0.8292086894682820786, -14.47627068513539328, 13.24999999999999822 ) ) ;
#466 = VERTEX_POINT ( 'NONE', #291 ) ;
#467 = EDGE_CURVE ( 'NONE', #1321, #376, #278, .T. ) ;
#468 = ORIENTED_EDGE ( 'NONE', *, *, #491, .T. ) ;
#469 = DIRECTION ( 'NONE',  ( 0.05718680617022621482, 0.9983634955265787703, 0.000000000000000000 ) ) ;
#470 = LINE ( 'NONE', #1437, #367 ) ;
#471 = DATE_AND_TIME ( #50, #942 ) ;
#472 = DIRECTION ( 'NONE',  ( -0.9983634955265787703, 0.05718680617022628421, 0.000000000000000000 ) ) ;
#473 = CARTESIAN_POINT ( 'NONE',  ( -7.956251132686030125, -12.12221382065307296, 13.24999999999999822 ) ) ;
#474 = ORIENTED_EDGE ( 'NONE', *, *, #1150, .T. ) ;
#475 = CIRCLE ( 'NONE', #565, 15.49999999999999822 ) ;
#476 = CC_DESIGN_APPROVAL ( #1492, ( #1119 ) ) ;
#477 = AXIS2_PLACEMENT_3D ( 'NONE', #1530, #166, #953 ) ;
#478 = VERTEX_POINT ( 'NONE', #1361 ) ;
#479 = CIRCLE ( 'NONE', #1456, 15.00000000000000000 ) ;
#480 = CARTESIAN_POINT ( 'NONE',  ( -13.51151198982143598, 5.262037984366063625, 13.24999999999999822 ) ) ;
#481 = DIRECTION ( 'NONE',  ( -0.000000000000000000, 0.000000000000000000, -1.000000000000000000 ) ) ;
#482 = PRODUCT_DEFINITION ( 'UNKNOWN', '', #1119, #1078 ) ;
#483 = CARTESIAN_POINT ( 'NONE',  ( 5.262037984366056520, 13.51151198982143953, 1.749999999999998890 ) ) ;
#484 = DIRECTION ( 'NONE',  ( -0.9884366633728575158, -0.1516343051566239886, -0.000000000000000000 ) ) ;
#485 = EDGE_CURVE ( 'NONE', #809, #260, #167, .T. ) ;
#486 = CARTESIAN_POINT ( 'NONE',  ( -12.09300867298490445, -9.695831126577632020, 13.24999999999999822 ) ) ;
#487 = OPEN_SHELL ( 'NONE', ( #1203, #526, #1178 ) ) ;
#488 = ORIENTED_EDGE ( 'NONE', *, *, #181, .T. ) ;
#489 = DIRECTION ( 'NONE',  ( -0.000000000000000000, 0.000000000000000000, -1.000000000000000000 ) ) ;
#490 = FACE_OUTER_BOUND ( 'NONE', #628, .T. ) ;
#491 = EDGE_CURVE ( 'NONE', #665, #1065, #843, .T. ) ;
#492 = CARTESIAN_POINT ( 'NONE',  ( -12.95142251012135048, -6.520019552449365818, 1.749999999999998890 ) ) ;
#493 = CARTESIAN_POINT ( 'NONE',  ( -6.520019552449369371, 12.95142251012134871, 13.24999999999999822 ) ) ;
#494 = PLANE ( 'NONE',  #736 ) ;
#495 = EDGE_LOOP ( 'NONE', ( #100, #1134 ) ) ;
#496 = FACE_OUTER_BOUND ( 'NONE', #739, .T. ) ;
#497 = FACE_OUTER_BOUND ( 'NONE', #416, .T. ) ;
#498 = VERTEX_POINT ( 'NONE', #954 ) ;
#499 = CARTESIAN_POINT ( 'NONE',  ( 14.47627068513539328, -0.8292086894682829668, 13.24999999999999822 ) ) ;
#500 = DIRECTION ( 'NONE',  ( 0.8360147462519358363, -0.5487069746680020010, 0.000000000000000000 ) ) ;
#501 = EDGE_CURVE ( 'NONE', #1190, #1558, #479, .T. ) ;
#502 = DIRECTION ( 'NONE',  ( -0.000000000000000000, 0.000000000000000000, -1.000000000000000000 ) ) ;
#503 = ADVANCED_FACE ( 'NONE', ( #271, #394 ), #1489, .T. ) ;
#504 = ORIENTED_EDGE ( 'NONE', *, *, #1103, .T. ) ;
#505 = VECTOR ( 'NONE', #502, 1000.000000000000000 ) ;
#506 = EDGE_CURVE ( 'NONE', #1558, #1190, #622, .T. ) ;
#507 = VECTOR ( 'NONE', #326, 1000.000000000000000 ) ;
#508 = DIRECTION ( 'NONE',  ( 0.9983634955265787703, -0.05718680617022627727, 0.000000000000000000 ) ) ;
#509 = VECTOR ( 'NONE', #218, 1000.000000000000000 ) ;
#510 = OPEN_SHELL ( 'NONE', ( #1517, #266, #431 ) ) ;
#511 = AXIS2_PLACEMENT_3D ( 'NONE', #1659, #1638, #413 ) ;
#512 = ORIENTED_EDGE ( 'NONE', *, *, #221, .T. ) ;
#513 = LINE ( 'NONE', #384, #765 ) ;
#514 = DIRECTION ( 'NONE',  ( 0.8932015524221620373, 0.4496565208585767137, 0.000000000000000000 ) ) ;
#515 = VECTOR ( 'NONE', #894, 1000.000000000000114 ) ;
#516 = LINE ( 'NONE', #1064, #420 ) ;
#517 = EDGE_CURVE ( 'NONE', #952, #466, #1249, .T. ) ;
#518 = EDGE_LOOP ( 'NONE', ( #321, #1020, #1554, #1507 ) ) ;
#519 = OPEN_SHELL ( 'NONE', ( #1165, #815, #153 ) ) ;
#520 = CARTESIAN_POINT ( 'NONE',  ( 15.00000000000000000, 0.000000000000000000, 1.749999999999999778 ) ) ;
#521 = ORIENTED_EDGE ( 'NONE', *, *, #653, .F. ) ;
#522 = LINE ( 'NONE', #1068, #1256 ) ;
#523 = DIRECTION ( 'NONE',  ( -0.8360147462519358363, 0.5487069746680020010, 0.000000000000000000 ) ) ;
#524 = DIRECTION ( 'NONE',  ( 0.9983634955265787703, -0.05718680617022628421, 0.000000000000000000 ) ) ;
#525 = ORIENTED_EDGE ( 'NONE', *, *, #673, .F. ) ;
#526 = ADVANCED_FACE ( 'NONE', ( #564 ), #1767, .T. ) ;
#527 = CARTESIAN_POINT ( 'NONE',  ( -9.070293634540362859, 11.31281456505039174, 13.24999999999999822 ) ) ;
#528 = VERTEX_POINT ( 'NONE', #688 ) ;
#529 = PLANE ( 'NONE',  #511 ) ;
#530 = FACE_OUTER_BOUND ( 'NONE', #674, .T. ) ;
#531 = CARTESIAN_POINT ( 'NONE',  ( 13.51151198982143420, -5.262037984366067178, 13.24999999999999822 ) ) ;
#532 = CARTESIAN_POINT ( 'NONE',  ( -5.262037984366065402, -13.51151198982143598, 13.24999999999999822 ) ) ;
#533 = EDGE_LOOP ( 'NONE', ( #1634, #327, #525, #1005 ) ) ;
#534 = DIRECTION ( 'NONE',  ( -0.8360147462519362804, 0.5487069746680014459, 0.000000000000000000 ) ) ;
#535 = CIRCLE ( 'NONE', #762, 15.49999999999999822 ) ;
#536 = AXIS2_PLACEMENT_3D ( 'NONE', #1014, #1442, #330 ) ;
#537 = DIRECTION ( 'NONE',  ( 0.7801941079345107166, 0.6255374920372663849, 0.000000000000000000 ) ) ;
#538 = DIRECTION ( 'NONE',  ( -0.000000000000000000, 0.000000000000000000, -1.000000000000000000 ) ) ;
#539 = AXIS2_PLACEMENT_3D ( 'NONE', #16, #1660, #1107 ) ;
#540 = VECTOR ( 'NONE', #375, 1000.000000000000000 ) ;
#541 = CIRCLE ( 'NONE', #451, 15.49999999999999822 ) ;
#542 = DIRECTION ( 'NONE',  ( 0.000000000000000000, 0.000000000000000000, -1.000000000000000000 ) ) ;
#543 = ADVANCED_FACE ( 'NONE', ( #140 ), #131, .F. ) ;
#544 = ORIENTED_EDGE ( 'NONE', *, *, #576, .F. ) ;
#545 = DIRECTION ( 'NONE',  ( -0.6255374920372692715, 0.7801941079345083851, 0.000000000000000000 ) ) ;
#546 = ORIENTED_EDGE ( 'NONE', *, *, #1572, .F. ) ;
#547 = DIRECTION ( 'NONE',  ( -0.000000000000000000, -0.000000000000000000, 1.000000000000000000 ) ) ;
#548 = FACE_OUTER_BOUND ( 'NONE', #1756, .T. ) ;
#549 = CARTESIAN_POINT ( 'NONE',  ( 7.956251132686021244, 12.12221382065307829, 13.24999999999999822 ) ) ;
#550 = EDGE_CURVE ( 'NONE', #1050, #344, #1757, .T. ) ;
#551 = CARTESIAN_POINT ( 'NONE',  ( 0.000000000000000000, 0.000000000000000000, 13.24999999999999822 ) ) ;
#552 = EDGE_LOOP ( 'NONE', ( #929, #818, #1682, #1040 ) ) ;
#553 = ADVANCED_FACE ( 'NONE', ( #548 ), #529, .F. ) ;
#554 = LINE ( 'NONE', #486, #2 ) ;
#555 = CARTESIAN_POINT ( 'NONE',  ( 4.000000000000000000, 0.000000000000000000, 15.00000000000000000 ) ) ;
#556 = DIRECTION ( 'NONE',  ( -0.1516343051566239886, 0.9884366633728575158, 0.000000000000000000 ) ) ;
#557 = DIRECTION ( 'NONE',  ( -0.000000000000000000, 0.000000000000000000, -1.000000000000000000 ) ) ;
#558 = DIRECTION ( 'NONE',  ( -0.9983634955265787703, 0.05718680617022628421, 0.000000000000000000 ) ) ;
#559 = EDGE_CURVE ( 'NONE', #411, #1469, #1242, .T. ) ;
#560 = ORIENTED_EDGE ( 'NONE', *, *, #802, .T. ) ;
#561 = FACE_OUTER_BOUND ( 'NONE', #1141, .T. ) ;
#562 = VERTEX_POINT ( 'NONE', #961 ) ;
#563 = EDGE_LOOP ( 'NONE', ( #1559, #814, #1644, #388 ) ) ;
#564 = FACE_OUTER_BOUND ( 'NONE', #722, .T. ) ;
#565 = AXIS2_PLACEMENT_3D ( 'NONE', #1018, #1413, #1296 ) ;
#566 = DIRECTION ( 'NONE',  ( 0.000000000000000000, 0.000000000000000000, 1.000000000000000000 ) ) ;
#567 = AXIS2_PLACEMENT_3D ( 'NONE', #348, #228, #96 ) ;
#568 = VECTOR ( 'NONE', #458, 1000.000000000000000 ) ;
#569 = EDGE_LOOP ( 'NONE', ( #521, #874 ) ) ;
#570 = EDGE_CURVE ( 'NONE', #831, #632, #1503, .T. ) ;
#571 = CARTESIAN_POINT ( 'NONE',  ( -0.8292086894682820786, -14.47627068513539328, 13.24999999999999822 ) ) ;
#572 = ORIENTED_EDGE ( 'NONE', *, *, #18, .T. ) ;
#573 = DIRECTION ( 'NONE',  ( 0.000000000000000000, 0.000000000000000000, -1.000000000000000000 ) ) ;
#574 = DIRECTION ( 'NONE',  ( -0.000000000000000000, 0.000000000000000000, -1.000000000000000000 ) ) ;
#575 =( LENGTH_UNIT ( ) NAMED_UNIT ( * ) SI_UNIT ( .MILLI., .METRE. ) );
#576 = EDGE_CURVE ( 'NONE', #353, #1279, #823, .T. ) ;
#577 = CARTESIAN_POINT ( 'NONE',  ( -14.33233161890643004, -2.198697424771042463, 1.749999999999998890 ) ) ;
#578 = VERTEX_POINT ( 'NONE', #430 ) ;
#579 = CARTESIAN_POINT ( 'NONE',  ( -7.956251132686030125, -12.12221382065307296, 13.24999999999999822 ) ) ;
#580 = EDGE_CURVE ( 'NONE', #1576, #66, #855, .T. ) ;
#581 = ORIENTED_EDGE ( 'NONE', *, *, #1416, .F. ) ;
#582 = DIRECTION ( 'NONE',  ( -0.8360147462519358363, 0.5487069746680020010, 0.000000000000000000 ) ) ;
#583 = CARTESIAN_POINT ( 'NONE',  ( 8.504958107354022800, 12.95822856690501546, 13.24999999999999822 ) ) ;
#584 = CARTESIAN_POINT ( 'NONE',  ( 0.000000000000000000, 0.000000000000000000, 1.749999999999998890 ) ) ;
#585 = EDGE_LOOP ( 'NONE', ( #171, #1072, #654, #1650 ) ) ;
#586 = EDGE_LOOP ( 'NONE', ( #1122, #252, #950, #1067 ) ) ;
#587 = DIRECTION ( 'NONE',  ( -0.000000000000000000, 0.000000000000000000, -1.000000000000000000 ) ) ;
#588 = DIRECTION ( 'NONE',  ( -0.000000000000000000, 0.000000000000000000, -1.000000000000000000 ) ) ;
#589 = APPLICATION_PROTOCOL_DEFINITION ( 'international standard', 'config_control_design', 1994, #1585 ) ;
#590 = EDGE_CURVE ( 'NONE', #1627, #804, #1426, .T. ) ;
#591 = LINE ( 'NONE', #1687, #507 ) ;
#592 = VECTOR ( 'NONE', #79, 1000.000000000000114 ) ;
#593 = AXIS2_PLACEMENT_3D ( 'NONE', #1311, #1337, #773 ) ;
#594 = CIRCLE ( 'NONE', #366, 17.00000000000000000 ) ;
#595 = ORIENTED_EDGE ( 'NONE', *, *, #723, .T. ) ;
#596 = VECTOR ( 'NONE', #1008, 999.9999999999998863 ) ;
#597 = AXIS2_PLACEMENT_3D ( 'NONE', #832, #1220, #965 ) ;
#598 = ORIENTED_EDGE ( 'NONE', *, *, #774, .T. ) ;
#599 = DIRECTION ( 'NONE',  ( -0.000000000000000000, 0.000000000000000000, -1.000000000000000000 ) ) ;
#600 = CARTESIAN_POINT ( 'NONE',  ( 0.8863954956385065032, 15.47463418066197427, 13.24999999999999822 ) ) ;
#601 = CARTESIAN_POINT ( 'NONE',  ( -5.624937155701656977, -14.44334040291257537, 13.24999999999999822 ) ) ;
#602 = EDGE_CURVE ( 'NONE', #921, #443, #1539, .T. ) ;
#603 = ORIENTED_EDGE ( 'NONE', *, *, #1664, .F. ) ;
#604 = EDGE_LOOP ( 'NONE', ( #1006, #603, #544, #1547 ) ) ;
#605 = CARTESIAN_POINT ( 'NONE',  ( 12.12221382065307118, -7.956251132686031902, 1.749999999999998890 ) ) ;
#606 = CARTESIAN_POINT ( 'NONE',  ( -12.09300867298490445, -9.695831126577632020, 1.749999999999998890 ) ) ;
#607 = COORDINATED_UNIVERSAL_TIME_OFFSET ( 1, 0, .AHEAD. ) ;
#608 = CARTESIAN_POINT ( 'NONE',  ( 13.51151198982143953, -5.262037984366075172, 13.24999999999999822 ) ) ;
#609 = CARTESIAN_POINT ( 'NONE',  ( 17.00000000000000000, 0.000000000000000000, 0.000000000000000000 ) ) ;
#610 = ORIENTED_EDGE ( 'NONE', *, *, #1641, .F. ) ;
#611 = ORIENTED_EDGE ( 'NONE', *, *, #1731, .T. ) ;
#612 = CARTESIAN_POINT ( 'NONE',  ( 12.12221382065307118, -7.956251132686031902, 13.24999999999999822 ) ) ;
#613 = DIRECTION ( 'NONE',  ( -0.3628991713355899096, -0.9318284130911345109, 0.000000000000000000 ) ) ;
#614 = APPROVAL_STATUS ( 'not_yet_approved' ) ;
#615 = FACE_OUTER_BOUND ( 'NONE', #1753, .T. ) ;
#616 = CARTESIAN_POINT ( 'NONE',  ( -0.8292086894682820786, -14.47627068513539328, 13.24999999999999822 ) ) ;
#617 = VECTOR ( 'NONE', #1694, 1000.000000000000000 ) ;
#618 = VECTOR ( 'NONE', #623, 1000.000000000000000 ) ;
#619 = CIRCLE ( 'NONE', #398, 4.000000000000000000 ) ;
#620 = EDGE_LOOP ( 'NONE', ( #462, #992, #649, #400 ) ) ;
#621 = EDGE_CURVE ( 'NONE', #3, #1019, #311, .T. ) ;
#622 = CIRCLE ( 'NONE', #1656, 15.00000000000000000 ) ;
#623 = DIRECTION ( 'NONE',  ( -0.000000000000000000, 0.000000000000000000, -1.000000000000000000 ) ) ;
#624 = FACE_OUTER_BOUND ( 'NONE', #164, .T. ) ;
#625 = DIRECTION ( 'NONE',  ( 0.000000000000000000, 0.000000000000000000, 1.000000000000000000 ) ) ;
#626 = LINE ( 'NONE', #112, #1082 ) ;
#627 = LINE ( 'NONE', #295, #1196 ) ;
#628 = EDGE_LOOP ( 'NONE', ( #1766, #866, #1031, #1113 ) ) ;
#629 = DIRECTION ( 'NONE',  ( -0.000000000000000000, 0.000000000000000000, -1.000000000000000000 ) ) ;
#630 = CARTESIAN_POINT ( 'NONE',  ( 2.350331729927665148, -15.32076828227928722, 13.24999999999999822 ) ) ;
#631 = EDGE_CURVE ( 'NONE', #1452, #150, #470, .T. ) ;
#632 = VERTEX_POINT ( 'NONE', #890 ) ;
#633 = PLANE ( 'NONE',  #1029 ) ;
#634 = DIRECTION ( 'NONE',  ( 0.000000000000000000, -0.000000000000000000, 1.000000000000000000 ) ) ;
#635 = DIRECTION ( 'NONE',  ( 0.8932015524221617042, 0.4496565208585774909, 0.000000000000000000 ) ) ;
#636 = VERTEX_POINT ( 'NONE', #863 ) ;
#637 = LINE ( 'NONE', #417, #53 ) ;
#638 = ORIENTED_EDGE ( 'NONE', *, *, #65, .F. ) ;
#639 = DIRECTION ( 'NONE',  ( 1.000000000000000000, 0.000000000000000000, 0.000000000000000000 ) ) ;
#640 = CARTESIAN_POINT ( 'NONE',  ( -5.624937155701656977, -14.44334040291257537, 13.24999999999999822 ) ) ;
#641 = EDGE_CURVE ( 'NONE', #1415, #328, #705, .T. ) ;
#642 = CARTESIAN_POINT ( 'NONE',  ( 0.8863954956385065032, 15.47463418066197427, 1.749999999999998890 ) ) ;
#643 = ORIENTED_EDGE ( 'NONE', *, *, #1622, .F. ) ;
#644 = AXIS2_PLACEMENT_3D ( 'NONE', #247, #117, #1079 ) ;
#645 = VECTOR ( 'NONE', #332, 1000.000000000000000 ) ;
#646 = DIRECTION ( 'NONE',  ( -0.000000000000000000, -0.000000000000000000, 1.000000000000000000 ) ) ;
#647 = CC_DESIGN_APPROVAL ( #94, ( #482 ) ) ;
#648 = VECTOR ( 'NONE', #1571, 1000.000000000000000 ) ;
#649 = ORIENTED_EDGE ( 'NONE', *, *, #861, .F. ) ;
#650 = CARTESIAN_POINT ( 'NONE',  ( 15.47463418066197427, -0.8863954956385092787, 1.749999999999998890 ) ) ;
#651 = DIRECTION ( 'NONE',  ( 0.7071067811865474617, 8.659560562354932858E-17, -0.7071067811865474617 ) ) ;
#652 = DIRECTION ( 'NONE',  ( -0.7801941079345107166, -0.6255374920372663849, 0.000000000000000000 ) ) ;
#653 = EDGE_CURVE ( 'NONE', #81, #183, #1, .T. ) ;
#654 = ORIENTED_EDGE ( 'NONE', *, *, #1478, .F. ) ;
#655 = CARTESIAN_POINT ( 'NONE',  ( -16.24999999999999289, 0.000000000000000000, 1.749999999999999778 ) ) ;
#656 = ORIENTED_EDGE ( 'NONE', *, *, #1722, .T. ) ;
#657 = CARTESIAN_POINT ( 'NONE',  ( 12.95142251012134871, 6.520019552449369371, 13.24999999999999822 ) ) ;
#658 = CARTESIAN_POINT ( 'NONE',  ( 7.956251132686021244, 12.12221382065307829, 13.24999999999999822 ) ) ;
#659 = LINE ( 'NONE', #932, #313 ) ;
#660 = CARTESIAN_POINT ( 'NONE',  ( 0.000000000000000000, 0.000000000000000000, 13.24999999999999822 ) ) ;
#661 = ORIENTED_EDGE ( 'NONE', *, *, #307, .F. ) ;
#662 = EDGE_CURVE ( 'NONE', #945, #1158, #304, .T. ) ;
#663 = CARTESIAN_POINT ( 'NONE',  ( -7.956251132686030125, -12.12221382065307296, 13.24999999999999822 ) ) ;
#664 = ORIENTED_EDGE ( 'NONE', *, *, #690, .T. ) ;
#665 = VERTEX_POINT ( 'NONE', #583 ) ;
#666 = DIRECTION ( 'NONE',  ( -0.000000000000000000, -0.000000000000000000, 1.000000000000000000 ) ) ;
#667 = PLANE ( 'NONE',  #1057 ) ;
#668 = EDGE_CURVE ( 'NONE', #1158, #376, #1596, .T. ) ;
#669 = DIRECTION ( 'NONE',  ( -0.6255374920372663849, 0.7801941079345107166, 0.000000000000000000 ) ) ;
#670 = ORIENTED_EDGE ( 'NONE', *, *, #350, .T. ) ;
#671 = CARTESIAN_POINT ( 'NONE',  ( -0.8863954956385082795, -15.47463418066197427, 13.24999999999999822 ) ) ;
#672 = VECTOR ( 'NONE', #534, 1000.000000000000000 ) ;
#673 = EDGE_CURVE ( 'NONE', #1414, #5, #1685, .T. ) ;
#674 = EDGE_LOOP ( 'NONE', ( #560, #441 ) ) ;
#675 = VECTOR ( 'NONE', #168, 1000.000000000000000 ) ;
#676 = VECTOR ( 'NONE', #1310, 1000.000000000000000 ) ;
#677 = CYLINDRICAL_SURFACE ( 'NONE', #737, 15.49999999999999822 ) ;
#678 = DIRECTION ( 'NONE',  ( -0.000000000000000000, 0.000000000000000000, -1.000000000000000000 ) ) ;
#679 = FACE_OUTER_BOUND ( 'NONE', #1488, .T. ) ;
#680 = AXIS2_PLACEMENT_3D ( 'NONE', #1515, #1223, #264 ) ;
#681 = VECTOR ( 'NONE', #13, 1000.000000000000000 ) ;
#682 = DIRECTION ( 'NONE',  ( -0.9983634955265787703, 0.05718680617022628421, 0.000000000000000000 ) ) ;
#683 = VERTEX_POINT ( 'NONE', #1294 ) ;
#684 = DIRECTION ( 'NONE',  ( 0.1516343051566240163, -0.9884366633728576268, 0.000000000000000000 ) ) ;
#685 = ORIENTED_EDGE ( 'NONE', *, *, #205, .T. ) ;
#686 = EDGE_CURVE ( 'NONE', #1689, #380, #877, .T. ) ;
#687 = ORIENTED_EDGE ( 'NONE', *, *, #1545, .F. ) ;
#688 = CARTESIAN_POINT ( 'NONE',  ( -13.51151198982144130, 5.262037984366067178, 13.24999999999999822 ) ) ;
#689 = DIRECTION ( 'NONE',  ( -0.5487069746680014459, -0.8360147462519361694, 0.000000000000000000 ) ) ;
#690 = EDGE_CURVE ( 'NONE', #841, #1013, #203, .T. ) ;
#691 = DIRECTION ( 'NONE',  ( -0.000000000000000000, 0.000000000000000000, -1.000000000000000000 ) ) ;
#692 = ADVANCED_FACE ( 'NONE', ( #988 ), #437, .F. ) ;
#693 = VERTEX_POINT ( 'NONE', #996 ) ;
#694 = LINE ( 'NONE', #1230, #742 ) ;
#695 = ORIENTED_EDGE ( 'NONE', *, *, #550, .T. ) ;
#696 = CARTESIAN_POINT ( 'NONE',  ( 0.000000000000000000, 0.000000000000000000, 0.9999999999999922284 ) ) ;
#697 = DIRECTION ( 'NONE',  ( 1.000000000000000000, 0.000000000000000000, 0.000000000000000000 ) ) ;
#698 = DIRECTION ( 'NONE',  ( -0.000000000000000000, -0.000000000000000000, 1.000000000000000000 ) ) ;
#699 = FACE_OUTER_BOUND ( 'NONE', #1397, .T. ) ;
#700 = EDGE_CURVE ( 'NONE', #683, #1747, #331, .T. ) ;
#701 = ORIENTED_EDGE ( 'NONE', *, *, #506, .T. ) ;
#702 = DIRECTION ( 'NONE',  ( 0.000000000000000000, -0.000000000000000000, 1.000000000000000000 ) ) ;
#703 = EDGE_LOOP ( 'NONE', ( #1159, #456 ) ) ;
#704 = CARTESIAN_POINT ( 'NONE',  ( 0.000000000000000000, 0.000000000000000000, 0.9999999999999922284 ) ) ;
#705 = LINE ( 'NONE', #445, #1369 ) ;
#706 = PERSON_AND_ORGANIZATION ( #256, #914 ) ;
#707 = AXIS2_PLACEMENT_3D ( 'NONE', #206, #1701, #472 ) ;
#708 = CARTESIAN_POINT ( 'NONE',  ( 0.000000000000000000, 0.000000000000000000, 1.749999999999998890 ) ) ;
#709 = LOCAL_TIME ( 17, 39, 5.000000000000000000, #607 ) ;
#710 = VECTOR ( 'NONE', #1410, 999.9999999999998863 ) ;
#711 = AXIS2_PLACEMENT_3D ( 'NONE', #1588, #1066, #84 ) ;
#712 = ADVANCED_FACE ( 'NONE', ( #1418 ), #48, .T. ) ;
#713 = VERTEX_POINT ( 'NONE', #606 ) ;
#714 = CARTESIAN_POINT ( 'NONE',  ( -2.198697424771042463, 14.33233161890642471, 13.24999999999999822 ) ) ;
#715 = ORIENTED_EDGE ( 'NONE', *, *, #939, .T. ) ;
#716 = CARTESIAN_POINT ( 'NONE',  ( -15.47463418066197427, 0.8863954956385073913, 13.24999999999999822 ) ) ;
#717 = CARTESIAN_POINT ( 'NONE',  ( 9.070293634540364636, -11.31281456505039884, 13.24999999999999822 ) ) ;
#718 = PERSON_AND_ORGANIZATION_ROLE ( 'creator' ) ;
#719 = FACE_OUTER_BOUND ( 'NONE', #1388, .T. ) ;
#720 = VERTEX_POINT ( 'NONE', #1023 ) ;
#721 = DIRECTION ( 'NONE',  ( -0.000000000000000000, 0.000000000000000000, -1.000000000000000000 ) ) ;
#722 = EDGE_LOOP ( 'NONE', ( #1546, #1690, #638, #715 ) ) ;
#723 = EDGE_CURVE ( 'NONE', #801, #411, #1120, .T. ) ;
#724 = DIRECTION ( 'NONE',  ( 0.1516343051566239886, -0.9884366633728575158, 0.000000000000000000 ) ) ;
#725 = DIRECTION ( 'NONE',  ( 0.000000000000000000, 0.000000000000000000, 1.000000000000000000 ) ) ;
#726 = DATE_AND_TIME ( #1412, #115 ) ;
#727 = EDGE_CURVE ( 'NONE', #222, #1190, #1562, .T. ) ;
#728 = CARTESIAN_POINT ( 'NONE',  ( 0.000000000000000000, 0.000000000000000000, 15.00000000000000000 ) ) ;
#729 = ORIENTED_EDGE ( 'NONE', *, *, #1645, .T. ) ;
#730 = VERTEX_POINT ( 'NONE', #1400 ) ;
#731 = LINE ( 'NONE', #1281, #1115 ) ;
#732 = DIRECTION ( 'NONE',  ( 0.9983634955265787703, -0.05718680617022628421, 0.000000000000000000 ) ) ;
#733 = ADVANCED_FACE ( 'NONE', ( #177 ), #1282, .F. ) ;
#734 = CALENDAR_DATE ( 2023, 3, 12 ) ;
#735 = CARTESIAN_POINT ( 'NONE',  ( 6.520019552449363154, -12.95142251012135226, 13.24999999999999822 ) ) ;
#736 = AXIS2_PLACEMENT_3D ( 'NONE', #379, #949, #635 ) ;
#737 = AXIS2_PLACEMENT_3D ( 'NONE', #1522, #980, #290 ) ;
#738 = AXIS2_PLACEMENT_3D ( 'NONE', #1444, #759, #111 ) ;
#739 = EDGE_LOOP ( 'NONE', ( #1386, #611 ) ) ;
#740 = LOCAL_TIME ( 17, 39, 5.000000000000000000, #1016 ) ;
#741 = AXIS2_PLACEMENT_3D ( 'NONE', #1698, #1144, #850 ) ;
#742 = VECTOR ( 'NONE', #1247, 1000.000000000000114 ) ;
#743 = VERTEX_POINT ( 'NONE', #1060 ) ;
#744 = DIRECTION ( 'NONE',  ( 0.9983634955265787703, -0.05718680617022621482, 0.000000000000000000 ) ) ;
#745 = CARTESIAN_POINT ( 'NONE',  ( 0.000000000000000000, 0.000000000000000000, 15.00000000000000000 ) ) ;
#746 = DIRECTION ( 'NONE',  ( 0.1516343051566240163, -0.9884366633728576268, 0.000000000000000000 ) ) ;
#747 = EDGE_CURVE ( 'NONE', #263, #1696, #76, .T. ) ;
#748 = ORIENTED_EDGE ( 'NONE', *, *, #288, .T. ) ;
#749 = EDGE_LOOP ( 'NONE', ( #1703, #190, #846, #402 ) ) ;
#750 = CARTESIAN_POINT ( 'NONE',  ( -7.956251132686030125, -12.12221382065307296, 13.24999999999999822 ) ) ;
#751 = DIRECTION ( 'NONE',  ( -0.000000000000000000, 0.000000000000000000, -1.000000000000000000 ) ) ;
#752 = DIRECTION ( 'NONE',  ( 1.000000000000000000, 0.000000000000000000, 0.000000000000000000 ) ) ;
#753 = PLANE ( 'NONE',  #917 ) ;
#754 = ADVANCED_FACE ( 'NONE', ( #497 ), #905, .T. ) ;
#755 = ORIENTED_EDGE ( 'NONE', *, *, #1720, .F. ) ;
#756 = CARTESIAN_POINT ( 'NONE',  ( 0.000000000000000000, 0.000000000000000000, 1.749999999999998890 ) ) ;
#757 = EDGE_CURVE ( 'NONE', #1269, #159, #284, .T. ) ;
#758 = DIRECTION ( 'NONE',  ( -0.000000000000000000, -0.000000000000000000, 1.000000000000000000 ) ) ;
#759 = DIRECTION ( 'NONE',  ( -0.000000000000000000, 0.000000000000000000, -1.000000000000000000 ) ) ;
#760 = CARTESIAN_POINT ( 'NONE',  ( -13.51151198982144130, 5.262037984366067178, 1.749999999999998890 ) ) ;
#761 = CARTESIAN_POINT ( 'NONE',  ( 12.09300867298490090, 9.695831126577633796, 13.24999999999999822 ) ) ;
#762 = AXIS2_PLACEMENT_3D ( 'NONE', #937, #385, #1045 ) ;
#763 = VECTOR ( 'NONE', #629, 1000.000000000000000 ) ;
#764 = EDGE_CURVE ( 'NONE', #1512, #1291, #1748, .T. ) ;
#765 = VECTOR ( 'NONE', #1712, 1000.000000000000000 ) ;
#766 = ORIENTED_EDGE ( 'NONE', *, *, #1733, .F. ) ;
#767 = EDGE_CURVE ( 'NONE', #1081, #945, #381, .T. ) ;
#768 = AXIS2_PLACEMENT_3D ( 'NONE', #1131, #691, #682 ) ;
#769 = LINE ( 'NONE', #92, #763 ) ;
#770 = LINE ( 'NONE', #1320, #1372 ) ;
#771 = ORIENTED_EDGE ( 'NONE', *, *, #1700, .F. ) ;
#772 = CARTESIAN_POINT ( 'NONE',  ( 0.000000000000000000, 0.000000000000000000, 13.24999999999999822 ) ) ;
#773 = DIRECTION ( 'NONE',  ( 0.9983634955265787703, -0.05718680617022628421, 0.000000000000000000 ) ) ;
#774 = EDGE_CURVE ( 'NONE', #1606, #300, #785, .T. ) ;
#775 = LINE ( 'NONE', #783, #280 ) ;
#776 = ORIENTED_EDGE ( 'NONE', *, *, #747, .T. ) ;
#777 = CARTESIAN_POINT ( 'NONE',  ( -9.070293634540366412, 11.31281456505039706, 13.24999999999999822 ) ) ;
#778 = CARTESIAN_POINT ( 'NONE',  ( -8.504958107354031682, -12.95822856690501190, 13.24999999999999822 ) ) ;
#779 = EDGE_CURVE ( 'NONE', #1271, #730, #1714, .T. ) ;
#780 = ORIENTED_EDGE ( 'NONE', *, *, #686, .F. ) ;
#781 = DIRECTION ( 'NONE',  ( 0.9983634955265787703, -0.05718680617022628421, 0.000000000000000000 ) ) ;
#782 = CARTESIAN_POINT ( 'NONE',  ( 14.47627068513539328, -0.8292086894682829668, 1.749999999999998890 ) ) ;
#783 = CARTESIAN_POINT ( 'NONE',  ( -17.00000000000000000, 2.081899558550500280E-15, 15.00000000000000000 ) ) ;
#784 = VERTEX_POINT ( 'NONE', #1035 ) ;
#785 = LINE ( 'NONE', #1727, #648 ) ;
#786 = EDGE_CURVE ( 'NONE', #833, #1662, #898, .T. ) ;
#787 = ORIENTED_EDGE ( 'NONE', *, *, #767, .F. ) ;
#788 = CARTESIAN_POINT ( 'NONE',  ( -2.198697424771043352, 14.33233161890643004, 1.749999999999998890 ) ) ;
#789 = DIRECTION ( 'NONE',  ( -0.9318284130911345109, 0.3628991713355899651, 0.000000000000000000 ) ) ;
#790 = PLANE ( 'NONE',  #449 ) ;
#791 = ORIENTED_EDGE ( 'NONE', *, *, #895, .F. ) ;
#792 = AXIS2_PLACEMENT_3D ( 'NONE', #900, #51, #1445 ) ;
#793 = CIRCLE ( 'NONE', #200, 15.49999999999999822 ) ;
#794 = DIRECTION ( 'NONE',  ( -0.6255374920372663849, 0.7801941079345107166, 0.000000000000000000 ) ) ;
#795 = AXIS2_PLACEMENT_3D ( 'NONE', #1465, #625, #781 ) ;
#796 = VERTEX_POINT ( 'NONE', #520 ) ;
#797 = FACE_OUTER_BOUND ( 'NONE', #1493, .T. ) ;
#798 = CARTESIAN_POINT ( 'NONE',  ( 0.000000000000000000, 0.000000000000000000, 13.24999999999999822 ) ) ;
#799 = DIRECTION ( 'NONE',  ( 0.6255374920372692715, -0.7801941079345083851, 0.000000000000000000 ) ) ;
#800 = ADVANCED_FACE ( 'NONE', ( #490 ), #1260, .T. ) ;
#801 = VERTEX_POINT ( 'NONE', #1308 ) ;
#802 = EDGE_CURVE ( 'NONE', #159, #1269, #1565, .T. ) ;
#803 = LINE ( 'NONE', #1239, #1736 ) ;
#804 = VERTEX_POINT ( 'NONE', #1578 ) ;
#805 = CARTESIAN_POINT ( 'NONE',  ( 11.31281456505039174, 9.070293634540362859, 1.749999999999998890 ) ) ;
#806 = DIRECTION ( 'NONE',  ( 0.5487069746680020010, 0.8360147462519358363, 0.000000000000000000 ) ) ;
#807 = DIRECTION ( 'NONE',  ( 0.4496565208585766582, -0.8932015524221620373, 0.000000000000000000 ) ) ;
#808 = ADVANCED_FACE ( 'NONE', ( #624 ), #1191, .T. ) ;
#809 = VERTEX_POINT ( 'NONE', #355 ) ;
#810 = DIRECTION ( 'NONE',  ( -0.000000000000000000, 0.000000000000000000, -1.000000000000000000 ) ) ;
#811 = DIRECTION ( 'NONE',  ( 1.000000000000000000, 0.000000000000000000, 0.000000000000000000 ) ) ;
#812 = CARTESIAN_POINT ( 'NONE',  ( 0.000000000000000000, 0.000000000000000000, 13.24999999999999822 ) ) ;
#813 = LINE ( 'NONE', #155, #334 ) ;
#814 = ORIENTED_EDGE ( 'NONE', *, *, #450, .F. ) ;
#815 = ADVANCED_FACE ( 'NONE', ( #1204 ), #211, .T. ) ;
#816 = FACE_OUTER_BOUND ( 'NONE', #1500, .T. ) ;
#817 = VECTOR ( 'NONE', #1744, 1000.000000000000000 ) ;
#818 = ORIENTED_EDGE ( 'NONE', *, *, #602, .F. ) ;
#819 = EDGE_CURVE ( 'NONE', #804, #199, #770, .T. ) ;
#820 = AXIS2_PLACEMENT_3D ( 'NONE', #962, #273, #558 ) ;
#821 = VECTOR ( 'NONE', #1666, 1000.000000000000114 ) ;
#822 = ORIENTED_EDGE ( 'NONE', *, *, #49, .T. ) ;
#823 = LINE ( 'NONE', #1374, #1511 ) ;
#824 = LINE ( 'NONE', #989, #1314 ) ;
#825 = OPEN_SHELL ( 'NONE', ( #1101, #415, #1677 ) ) ;
#826 = VECTOR ( 'NONE', #557, 1000.000000000000000 ) ;
#827 = VECTOR ( 'NONE', #1015, 1000.000000000000000 ) ;
#828 = VECTOR ( 'NONE', #128, 1000.000000000000000 ) ;
#829 = CARTESIAN_POINT ( 'NONE',  ( 0.8292086894682801912, 14.47627068513539328, 13.24999999999999822 ) ) ;
#830 = VECTOR ( 'NONE', #14, 1000.000000000000000 ) ;
#831 = VERTEX_POINT ( 'NONE', #630 ) ;
#832 = CARTESIAN_POINT ( 'NONE',  ( 0.000000000000000000, 0.000000000000000000, 13.24999999999999822 ) ) ;
#833 = VERTEX_POINT ( 'NONE', #1463 ) ;
#834 = DIRECTION ( 'NONE',  ( -0.9983634955265787703, 0.05718680617022615237, 0.000000000000000000 ) ) ;
#835 = DIRECTION ( 'NONE',  ( -0.000000000000000000, 0.000000000000000000, -1.000000000000000000 ) ) ;
#836 = EDGE_CURVE ( 'NONE', #693, #1527, #1184, .T. ) ;
#837 = DIRECTION ( 'NONE',  ( 1.000000000000000000, 0.000000000000000000, 0.000000000000000000 ) ) ;
#838 = FACE_OUTER_BOUND ( 'NONE', #1086, .T. ) ;
#839 = VERTEX_POINT ( 'NONE', #235 ) ;
#840 = LINE ( 'NONE', #571, #817 ) ;
#841 = VERTEX_POINT ( 'NONE', #778 ) ;
#842 = FACE_OUTER_BOUND ( 'NONE', #137, .T. ) ;
#843 = LINE ( 'NONE', #971, #454 ) ;
#844 = EDGE_CURVE ( 'NONE', #1696, #428, #1326, .T. ) ;
#845 = CARTESIAN_POINT ( 'NONE',  ( 15.47463418066197427, -0.8863954956385092787, 13.24999999999999822 ) ) ;
#846 = ORIENTED_EDGE ( 'NONE', *, *, #1297, .F. ) ;
#847 = DIRECTION ( 'NONE',  ( -0.5487069746680020010, -0.8360147462519358363, 0.000000000000000000 ) ) ;
#848 = ORIENTED_EDGE ( 'NONE', *, *, #1745, .F. ) ;
#849 = LINE ( 'NONE', #716, #1313 ) ;
#850 = DIRECTION ( 'NONE',  ( 1.000000000000000000, 0.000000000000000000, 0.000000000000000000 ) ) ;
#851 = DATE_TIME_ROLE ( 'classification_date' ) ;
#852 = VECTOR ( 'NONE', #246, 1000.000000000000000 ) ;
#853 = CIRCLE ( 'NONE', #969, 15.00000000000000000 ) ;
#854 = DIRECTION ( 'NONE',  ( -0.000000000000000000, -0.000000000000000000, 1.000000000000000000 ) ) ;
#855 = CIRCLE ( 'NONE', #1085, 17.00000000000000000 ) ;
#856 = AXIS2_PLACEMENT_3D ( 'NONE', #714, #1039, #902 ) ;
#857 = CC_DESIGN_PERSON_AND_ORGANIZATION_ASSIGNMENT ( #706, #1259, ( #925 ) ) ;
#858 = ORIENTED_EDGE ( 'NONE', *, *, #727, .F. ) ;
#859 = CARTESIAN_POINT ( 'NONE',  ( 12.95142251012134871, 6.520019552449369371, 13.24999999999999822 ) ) ;
#860 = ORIENTED_EDGE ( 'NONE', *, *, #1054, .T. ) ;
#861 = EDGE_CURVE ( 'NONE', #1321, #743, #637, .T. ) ;
#862 = CYLINDRICAL_SURFACE ( 'NONE', #1594, 15.49999999999999822 ) ;
#863 = CARTESIAN_POINT ( 'NONE',  ( 12.12221382065307118, -7.956251132686031902, 13.24999999999999822 ) ) ;
#864 = PERSON_AND_ORGANIZATION_ROLE ( 'creator' ) ;
#865 = LINE ( 'NONE', #1162, #282 ) ;
#866 = ORIENTED_EDGE ( 'NONE', *, *, #373, .T. ) ;
#867 = EDGE_CURVE ( 'NONE', #1360, #896, #1451, .T. ) ;
#868 = ORIENTED_EDGE ( 'NONE', *, *, #517, .T. ) ;
#869 = LINE ( 'NONE', #1707, #1711 ) ;
#870 = CARTESIAN_POINT ( 'NONE',  ( -9.695831126577633796, 12.09300867298490090, 13.24999999999999822 ) ) ;
#871 = PERSON_AND_ORGANIZATION ( #256, #914 ) ;
#872 = EDGE_CURVE ( 'NONE', #632, #294, #1111, .T. ) ;
#873 = CARTESIAN_POINT ( 'NONE',  ( 11.31281456505039706, 9.070293634540366412, 1.749999999999998890 ) ) ;
#874 = ORIENTED_EDGE ( 'NONE', *, *, #447, .F. ) ;
#875 = EDGE_LOOP ( 'NONE', ( #1033, #1359, #453, #1552 ) ) ;
#876 = CARTESIAN_POINT ( 'NONE',  ( 14.33233161890643004, 2.198697424771040687, 1.749999999999998890 ) ) ;
#877 = LINE ( 'NONE', #717, #1315 ) ;
#878 = COORDINATED_UNIVERSAL_TIME_OFFSET ( 1, 0, .AHEAD. ) ;
#879 = CC_DESIGN_DATE_AND_TIME_ASSIGNMENT ( #1699, #851, ( #1432 ) ) ;
#880 = CARTESIAN_POINT ( 'NONE',  ( -5.262037984366073395, -13.51151198982144130, 1.749999999999998890 ) ) ;
#881 = CIRCLE ( 'NONE', #285, 15.49999999999999645 ) ;
#882 = EDGE_CURVE ( 'NONE', #562, #1271, #1635, .T. ) ;
#883 = CIRCLE ( 'NONE', #113, 16.24999999999999289 ) ;
#884 = AXIS2_PLACEMENT_3D ( 'NONE', #1449, #1625, #224 ) ;
#885 = EDGE_LOOP ( 'NONE', ( #148, #1345 ) ) ;
#886 = VECTOR ( 'NONE', #405, 1000.000000000000000 ) ;
#887 = AXIS2_PLACEMENT_3D ( 'NONE', #1161, #464, #316 ) ;
#888 = ORIENTED_EDGE ( 'NONE', *, *, #570, .F. ) ;
#889 = DIRECTION ( 'NONE',  ( -0.000000000000000000, 0.000000000000000000, -1.000000000000000000 ) ) ;
#890 = CARTESIAN_POINT ( 'NONE',  ( 2.198697424771040687, -14.33233161890643004, 13.24999999999999822 ) ) ;
#891 = EDGE_CURVE ( 'NONE', #336, #1291, #803, .T. ) ;
#892 = OPEN_SHELL ( 'NONE', ( #261, #1003, #1088 ) ) ;
#893 = CARTESIAN_POINT ( 'NONE',  ( 0.000000000000000000, 0.000000000000000000, 13.24999999999999822 ) ) ;
#894 = DIRECTION ( 'NONE',  ( -0.7071067811865474617, 0.000000000000000000, -0.7071067811865474617 ) ) ;
#895 = EDGE_CURVE ( 'NONE', #1627, #227, #943, .T. ) ;
#896 = VERTEX_POINT ( 'NONE', #1352 ) ;
#897 = CARTESIAN_POINT ( 'NONE',  ( 14.44334040291257359, -5.624937155701658753, 13.24999999999999822 ) ) ;
#898 = LINE ( 'NONE', #1049, #1341 ) ;
#899 = LINE ( 'NONE', #1044, #1621 ) ;
#900 = CARTESIAN_POINT ( 'NONE',  ( 0.000000000000000000, 0.000000000000000000, 0.000000000000000000 ) ) ;
#901 = EDGE_CURVE ( 'NONE', #720, #713, #1589, .T. ) ;
#902 = DIRECTION ( 'NONE',  ( -0.1516343051566240163, 0.9884366633728576268, 0.000000000000000000 ) ) ;
#903 = ORIENTED_EDGE ( 'NONE', *, *, #764, .F. ) ;
#904 = DIRECTION ( 'NONE',  ( 0.000000000000000000, 0.000000000000000000, 1.000000000000000000 ) ) ;
#905 = CYLINDRICAL_SURFACE ( 'NONE', #1200, 15.49999999999999822 ) ;
#906 = EDGE_LOOP ( 'NONE', ( #134, #780, #933, #868 ) ) ;
#907 = CARTESIAN_POINT ( 'NONE',  ( -2.350331729927666480, 15.32076828227928722, 1.749999999999998890 ) ) ;
#908 = LINE ( 'NONE', #1069, #1593 ) ;
#909 = CARTESIAN_POINT ( 'NONE',  ( -11.31281456505039174, -9.070293634540362859, 13.24999999999999822 ) ) ;
#910 = VECTOR ( 'NONE', #4, 1000.000000000000000 ) ;
#911 = AXIS2_PLACEMENT_3D ( 'NONE', #378, #634, #1207 ) ;
#912 = VECTOR ( 'NONE', #537, 999.9999999999998863 ) ;
#913 = ADVANCED_FACE ( 'NONE', ( #1655 ), #262, .F. ) ;
#914 = ORGANIZATION ( 'UNSPECIFIED', 'UNSPECIFIED', '' ) ;
#915 = VECTOR ( 'NONE', #1106, 1000.000000000000000 ) ;
#916 = VERTEX_POINT ( 'NONE', #671 ) ;
#917 = AXIS2_PLACEMENT_3D ( 'NONE', #859, #1520, #182 ) ;
#918 = CARTESIAN_POINT ( 'NONE',  ( 2.198697424771040687, -14.33233161890643004, 1.749999999999998890 ) ) ;
#919 = DIRECTION ( 'NONE',  ( 0.3628991713355899651, 0.9318284130911345109, 0.000000000000000000 ) ) ;
#920 = EDGE_CURVE ( 'NONE', #466, #380, #250, .T. ) ;
#921 = VERTEX_POINT ( 'NONE', #655 ) ;
#922 = CARTESIAN_POINT ( 'NONE',  ( -17.00000000000000000, 2.081899558550499885E-15, 13.99999999999999112 ) ) ;
#923 = CARTESIAN_POINT ( 'NONE',  ( -17.00000000000000000, 0.000000000000000000, 0.9999999999999922284 ) ) ;
#924 = LINE ( 'NONE', #231, #975 ) ;
#925 = PRODUCT ( 'Pièce1_poulieDents_Défaut_sldprt', 'Pièce1_poulieDents_Défaut_sldprt', '', ( #161 ) ) ;
#926 = ORIENTED_EDGE ( 'NONE', *, *, #298, .F. ) ;
#927 = EDGE_CURVE ( 'NONE', #784, #1333, #1494, .T. ) ;
#928 = DIRECTION ( 'NONE',  ( -0.9983634955265787703, 0.05718680617022628421, 0.000000000000000000 ) ) ;
#929 = ORIENTED_EDGE ( 'NONE', *, *, #1553, .F. ) ;
#930 = DIRECTION ( 'NONE',  ( 0.000000000000000000, 0.000000000000000000, 1.000000000000000000 ) ) ;
#931 = CARTESIAN_POINT ( 'NONE',  ( 12.95142251012134871, 6.520019552449369371, 13.24999999999999822 ) ) ;
#932 = CARTESIAN_POINT ( 'NONE',  ( -12.12221382065307296, 7.956251132686028349, 1.749999999999998890 ) ) ;
#933 = ORIENTED_EDGE ( 'NONE', *, *, #438, .F. ) ;
#934 = DIRECTION ( 'NONE',  ( 1.000000000000000000, 0.000000000000000000, 0.000000000000000000 ) ) ;
#935 = ORIENTED_EDGE ( 'NONE', *, *, #727, .T. ) ;
#936 = DIRECTION ( 'NONE',  ( 0.000000000000000000, 0.000000000000000000, 1.000000000000000000 ) ) ;
#937 = CARTESIAN_POINT ( 'NONE',  ( 0.000000000000000000, 0.000000000000000000, 1.749999999999998890 ) ) ;
#938 = LINE ( 'NONE', #1339, #966 ) ;
#939 = EDGE_CURVE ( 'NONE', #1325, #720, #1378, .T. ) ;
#940 = ORIENTED_EDGE ( 'NONE', *, *, #208, .F. ) ;
#941 = AXIS2_PLACEMENT_3D ( 'NONE', #829, #179, #1093 ) ;
#942 = LOCAL_TIME ( 17, 39, 5.000000000000000000, #1303 ) ;
#943 = LINE ( 'NONE', #1358, #230 ) ;
#944 = VECTOR ( 'NONE', #1154, 999.9999999999998863 ) ;
#945 = VERTEX_POINT ( 'NONE', #959 ) ;
#946 = DIRECTION ( 'NONE',  ( -0.000000000000000000, 0.000000000000000000, -1.000000000000000000 ) ) ;
#947 = CARTESIAN_POINT ( 'NONE',  ( 0.000000000000000000, 0.000000000000000000, 13.99999999999999112 ) ) ;
#948 = EDGE_CURVE ( 'NONE', #174, #1158, #410, .T. ) ;
#949 = DIRECTION ( 'NONE',  ( 0.4496565208585774909, -0.8932015524221617042, 0.000000000000000000 ) ) ;
#950 = ORIENTED_EDGE ( 'NONE', *, *, #1524, .F. ) ;
#951 = CARTESIAN_POINT ( 'NONE',  ( 9.695831126577628467, -12.09300867298490623, 13.24999999999999822 ) ) ;
#952 = VERTEX_POINT ( 'NONE', #951 ) ;
#953 = DIRECTION ( 'NONE',  ( 0.9983634955265787703, -0.05718680617022628421, 0.000000000000000000 ) ) ;
#954 = CARTESIAN_POINT ( 'NONE',  ( 5.624937155701648095, 14.44334040291257892, 1.749999999999998890 ) ) ;
#955 = CARTESIAN_POINT ( 'NONE',  ( 0.000000000000000000, 0.000000000000000000, 13.24999999999999822 ) ) ;
#956 = DIRECTION ( 'NONE',  ( 0.000000000000000000, 0.000000000000000000, 1.000000000000000000 ) ) ;
#957 = EDGE_CURVE ( 'NONE', #1670, #294, #694, .T. ) ;
#958 = ORIENTED_EDGE ( 'NONE', *, *, #319, .T. ) ;
#959 = CARTESIAN_POINT ( 'NONE',  ( 0.8863954956385065032, 15.47463418066197427, 13.24999999999999822 ) ) ;
#960 = FACE_OUTER_BOUND ( 'NONE', #64, .T. ) ;
#961 = CARTESIAN_POINT ( 'NONE',  ( -12.12221382065307296, 7.956251132686028349, 13.24999999999999822 ) ) ;
#962 = CARTESIAN_POINT ( 'NONE',  ( 0.000000000000000000, 0.000000000000000000, 13.24999999999999822 ) ) ;
#963 = VERTEX_POINT ( 'NONE', #1073 ) ;
#964 = EDGE_CURVE ( 'NONE', #1094, #1527, #1095, .T. ) ;
#965 = DIRECTION ( 'NONE',  ( 1.000000000000000000, 0.000000000000000000, 0.000000000000000000 ) ) ;
#966 = VECTOR ( 'NONE', #1475, 1000.000000000000000 ) ;
#967 = ORIENTED_EDGE ( 'NONE', *, *, #233, .F. ) ;
#968 = CONICAL_SURFACE ( 'NONE', #390, 16.24999999999999289, 0.7853981633974482790 ) ;
#969 = AXIS2_PLACEMENT_3D ( 'NONE', #1257, #270, #811 ) ;
#970 = CARTESIAN_POINT ( 'NONE',  ( 7.956251132686021244, 12.12221382065307829, 13.24999999999999822 ) ) ;
#971 = CARTESIAN_POINT ( 'NONE',  ( 8.504958107354022800, 12.95822856690501546, 13.24999999999999822 ) ) ;
#972 = DIRECTION ( 'NONE',  ( 0.000000000000000000, 0.000000000000000000, 1.000000000000000000 ) ) ;
#973 = CIRCLE ( 'NONE', #1288, 16.25000000000000000 ) ;
#974 = AXIS2_PLACEMENT_3D ( 'NONE', #60, #1155, #613 ) ;
#975 = VECTOR ( 'NONE', #1071, 1000.000000000000000 ) ;
#976 = DIRECTION ( 'NONE',  ( -0.000000000000000000, 0.000000000000000000, -1.000000000000000000 ) ) ;
#977 = ORIENTED_EDGE ( 'NONE', *, *, #979, .F. ) ;
#978 = DIRECTION ( 'NONE',  ( 0.3628991713355899096, 0.9318284130911345109, 0.000000000000000000 ) ) ;
#979 = EDGE_CURVE ( 'NONE', #1602, #183, #120, .T. ) ;
#980 = DIRECTION ( 'NONE',  ( -0.000000000000000000, 0.000000000000000000, -1.000000000000000000 ) ) ;
#981 = CARTESIAN_POINT ( 'NONE',  ( 0.000000000000000000, 0.000000000000000000, 13.99999999999999112 ) ) ;
#982 = CARTESIAN_POINT ( 'NONE',  ( 0.000000000000000000, 0.000000000000000000, 0.000000000000000000 ) ) ;
#983 = CARTESIAN_POINT ( 'NONE',  ( 16.25000000000000000, 0.000000000000000000, 13.24999999999999822 ) ) ;
#984 = VERTEX_POINT ( 'NONE', #1212 ) ;
#985 = FACE_OUTER_BOUND ( 'NONE', #1317, .T. ) ;
#986 = ORIENTED_EDGE ( 'NONE', *, *, #135, .F. ) ;
#987 = CYLINDRICAL_SURFACE ( 'NONE', #1228, 17.00000000000000000 ) ;
#988 = FACE_OUTER_BOUND ( 'NONE', #1535, .T. ) ;
#989 = CARTESIAN_POINT ( 'NONE',  ( 13.84462406254351130, 6.969676073307947028, 13.24999999999999822 ) ) ;
#990 = CARTESIAN_POINT ( 'NONE',  ( 0.000000000000000000, 0.000000000000000000, 1.749999999999999778 ) ) ;
#991 = ADVANCED_FACE ( 'NONE', ( #561 ), #276, .F. ) ;
#992 = ORIENTED_EDGE ( 'NONE', *, *, #1309, .F. ) ;
#993 = DIRECTION ( 'NONE',  ( -0.9983634955265787703, 0.05718680617022628421, 0.000000000000000000 ) ) ;
#994 = ORIENTED_EDGE ( 'NONE', *, *, #1338, .F. ) ;
#995 = FACE_OUTER_BOUND ( 'NONE', #586, .T. ) ;
#996 = CARTESIAN_POINT ( 'NONE',  ( -5.624937155701656977, -14.44334040291257537, 1.749999999999998890 ) ) ;
#997 = PERSON_AND_ORGANIZATION ( #256, #914 ) ;
#998 = CIRCLE ( 'NONE', #223, 17.00000000000000000 ) ;
#999 = VECTOR ( 'NONE', #67, 999.9999999999998863 ) ;
#1000 = CYLINDRICAL_SURFACE ( 'NONE', #422, 17.00000000000000000 ) ;
#1001 =( GEOMETRIC_REPRESENTATION_CONTEXT ( 3 ) GLOBAL_UNCERTAINTY_ASSIGNED_CONTEXT ( ( #320 ) ) GLOBAL_UNIT_ASSIGNED_CONTEXT ( ( #575, #1362, #1099 ) ) REPRESENTATION_CONTEXT ( 'NONE', 'WORKASPACE' ) );
#1002 = AXIS2_PLACEMENT_3D ( 'NONE', #1273, #725, #1550 ) ;
#1003 = ADVANCED_FACE ( 'NONE', ( #816 ), #389, .F. ) ;
#1004 = VECTOR ( 'NONE', #810, 1000.000000000000000 ) ;
#1005 = ORIENTED_EDGE ( 'NONE', *, *, #1010, .T. ) ;
#1006 = ORIENTED_EDGE ( 'NONE', *, *, #382, .T. ) ;
#1007 = DIRECTION ( 'NONE',  ( -0.000000000000000000, 0.000000000000000000, -1.000000000000000000 ) ) ;
#1008 = DIRECTION ( 'NONE',  ( 0.7801941079345107166, 0.6255374920372663849, 0.000000000000000000 ) ) ;
#1009 = CARTESIAN_POINT ( 'NONE',  ( -12.09300867298490445, -9.695831126577632020, 13.24999999999999822 ) ) ;
#1010 = EDGE_CURVE ( 'NONE', #1414, #713, #554, .T. ) ;
#1011 = ORIENTED_EDGE ( 'NONE', *, *, #948, .T. ) ;
#1012 = EDGE_CURVE ( 'NONE', #921, #1665, #173, .T. ) ;
#1013 = VERTEX_POINT ( 'NONE', #1123 ) ;
#1014 = CARTESIAN_POINT ( 'NONE',  ( 0.000000000000000000, 0.000000000000000000, 15.00000000000000000 ) ) ;
#1015 = DIRECTION ( 'NONE',  ( -0.000000000000000000, 0.000000000000000000, -1.000000000000000000 ) ) ;
#1016 = COORDINATED_UNIVERSAL_TIME_OFFSET ( 1, 0, .AHEAD. ) ;
#1017 = EDGE_CURVE ( 'NONE', #1075, #841, #1536, .T. ) ;
#1018 = CARTESIAN_POINT ( 'NONE',  ( 0.000000000000000000, 0.000000000000000000, 13.24999999999999822 ) ) ;
#1019 = VERTEX_POINT ( 'NONE', #609 ) ;
#1020 = ORIENTED_EDGE ( 'NONE', *, *, #189, .F. ) ;
#1021 = ADVANCED_FACE ( 'NONE', ( #1439 ), #753, .F. ) ;
#1022 = LINE ( 'NONE', #1549, #1367 ) ;
#1023 = CARTESIAN_POINT ( 'NONE',  ( -13.84462406254351308, -6.969676073307945252, 1.749999999999998890 ) ) ;
#1024 = DATE_AND_TIME ( #1283, #740 ) ;
#1025 = CARTESIAN_POINT ( 'NONE',  ( 6.969676073307940811, -13.84462406254351485, 13.24999999999999822 ) ) ;
#1026 = AXIS2_PLACEMENT_3D ( 'NONE', #708, #1261, #1533 ) ;
#1027 = ADVANCED_FACE ( 'NONE', ( #1264 ), #351, .F. ) ;
#1028 = APPROVAL_PERSON_ORGANIZATION ( #317, #267, #1709 ) ;
#1029 = AXIS2_PLACEMENT_3D ( 'NONE', #499, #1750, #936 ) ;
#1030 = CARTESIAN_POINT ( 'NONE',  ( 0.000000000000000000, 0.000000000000000000, 1.749999999999999778 ) ) ;
#1031 = ORIENTED_EDGE ( 'NONE', *, *, #1653, .F. ) ;
#1032 = AXIS2_PLACEMENT_3D ( 'NONE', #1267, #1127, #1531 ) ;
#1033 = ORIENTED_EDGE ( 'NONE', *, *, #836, .T. ) ;
#1034 = DIRECTION ( 'NONE',  ( 0.5487069746680020010, 0.8360147462519358363, 0.000000000000000000 ) ) ;
#1035 = CARTESIAN_POINT ( 'NONE',  ( -14.47627068513539328, 0.8292086894682810794, 13.24999999999999822 ) ) ;
#1036 = EDGE_CURVE ( 'NONE', #1096, #1512, #1663, .T. ) ;
#1037 = DIRECTION ( 'NONE',  ( -0.000000000000000000, 0.000000000000000000, -1.000000000000000000 ) ) ;
#1038 = LINE ( 'NONE', #1148, #251 ) ;
#1039 = DIRECTION ( 'NONE',  ( 0.9884366633728576268, 0.1516343051566240163, 0.000000000000000000 ) ) ;
#1040 = ORIENTED_EDGE ( 'NONE', *, *, #27, .F. ) ;
#1041 = CARTESIAN_POINT ( 'NONE',  ( 11.31281456505039174, 9.070293634540362859, 13.24999999999999822 ) ) ;
#1042 = CARTESIAN_POINT ( 'NONE',  ( 0.000000000000000000, 0.000000000000000000, 15.00000000000000000 ) ) ;
#1043 = ORIENTED_EDGE ( 'NONE', *, *, #1147, .T. ) ;
#1044 = CARTESIAN_POINT ( 'NONE',  ( -7.956251132686030125, -12.12221382065307296, 1.749999999999998890 ) ) ;
#1045 = DIRECTION ( 'NONE',  ( 0.9983634955265787703, -0.05718680617022628421, 0.000000000000000000 ) ) ;
#1046 = DIRECTION ( 'NONE',  ( 0.000000000000000000, 0.000000000000000000, 1.000000000000000000 ) ) ;
#1047 = VERTEX_POINT ( 'NONE', #1387 ) ;
#1048 = LINE ( 'NONE', #234, #391 ) ;
#1049 = CARTESIAN_POINT ( 'NONE',  ( -13.51151198982143598, 5.262037984366063625, 1.749999999999998890 ) ) ;
#1050 = VERTEX_POINT ( 'NONE', #434 ) ;
#1051 = CYLINDRICAL_SURFACE ( 'NONE', #738, 15.49999999999999645 ) ;
#1052 = LINE ( 'NONE', #1592, #144 ) ;
#1053 = CARTESIAN_POINT ( 'NONE',  ( -15.00000000000000000, 1.836970198721029589E-15, 13.24999999999999822 ) ) ;
#1054 = EDGE_CURVE ( 'NONE', #328, #1186, #1671, .T. ) ;
#1055 = CIRCLE ( 'NONE', #1537, 15.49999999999999645 ) ;
#1056 = CIRCLE ( 'NONE', #1484, 15.49999999999999822 ) ;
#1057 = AXIS2_PLACEMENT_3D ( 'NONE', #1091, #689, #1375 ) ;
#1058 = AXIS2_PLACEMENT_3D ( 'NONE', #35, #1136, #732 ) ;
#1059 = VERTEX_POINT ( 'NONE', #616 ) ;
#1060 = CARTESIAN_POINT ( 'NONE',  ( -2.198697424771043352, 14.33233161890643004, 13.24999999999999822 ) ) ;
#1061 = ORIENTED_EDGE ( 'NONE', *, *, #360, .T. ) ;
#1062 = DIRECTION ( 'NONE',  ( 1.000000000000000000, 0.000000000000000000, 0.000000000000000000 ) ) ;
#1063 = LINE ( 'NONE', #1454, #54 ) ;
#1064 = CARTESIAN_POINT ( 'NONE',  ( 5.624937155701648095, 14.44334040291257892, 13.24999999999999822 ) ) ;
#1065 = VERTEX_POINT ( 'NONE', #1255 ) ;
#1066 = DIRECTION ( 'NONE',  ( -0.000000000000000000, -0.000000000000000000, 1.000000000000000000 ) ) ;
#1067 = ORIENTED_EDGE ( 'NONE', *, *, #1125, .T. ) ;
#1068 = CARTESIAN_POINT ( 'NONE',  ( 9.070293634540359307, -11.31281456505039351, 13.24999999999999822 ) ) ;
#1069 = CARTESIAN_POINT ( 'NONE',  ( 17.00000000000000000, 0.000000000000000000, 15.00000000000000000 ) ) ;
#1070 = EDGE_CURVE ( 'NONE', #222, #796, #89, .T. ) ;
#1071 = DIRECTION ( 'NONE',  ( -0.000000000000000000, 0.000000000000000000, -1.000000000000000000 ) ) ;
#1072 = ORIENTED_EDGE ( 'NONE', *, *, #485, .F. ) ;
#1073 = CARTESIAN_POINT ( 'NONE',  ( -12.95822856690501190, 8.504958107354029906, 1.749999999999998890 ) ) ;
#1074 = ADVANCED_FACE ( 'NONE', ( #985, #1174 ), #1528, .F. ) ;
#1075 = VERTEX_POINT ( 'NONE', #579 ) ;
#1076 = DIRECTION ( 'NONE',  ( -0.000000000000000000, 0.000000000000000000, -1.000000000000000000 ) ) ;
#1077 = CARTESIAN_POINT ( 'NONE',  ( 9.070293634540364636, -11.31281456505039884, 13.24999999999999822 ) ) ;
#1078 = DESIGN_CONTEXT ( 'detailed design', #1585, 'design' ) ;
#1079 = DIRECTION ( 'NONE',  ( -1.000000000000000000, 0.000000000000000000, 0.000000000000000000 ) ) ;
#1080 = DIRECTION ( 'NONE',  ( -0.000000000000000000, 0.000000000000000000, -1.000000000000000000 ) ) ;
#1081 = VERTEX_POINT ( 'NONE', #1133 ) ;
#1082 = VECTOR ( 'NONE', #500, 999.9999999999998863 ) ;
#1083 = VECTOR ( 'NONE', #357, 1000.000000000000114 ) ;
#1084 = DIRECTION ( 'NONE',  ( 0.9983634955265787703, -0.05718680617022628421, 0.000000000000000000 ) ) ;
#1085 = AXIS2_PLACEMENT_3D ( 'NONE', #981, #1523, #297 ) ;
#1086 = EDGE_LOOP ( 'NONE', ( #748, #546, #1218, #664 ) ) ;
#1087 = AXIS2_PLACEMENT_3D ( 'NONE', #909, #669, #652 ) ;
#1088 = ADVANCED_FACE ( 'NONE', ( #214 ), #1716, .T. ) ;
#1089 = CARTESIAN_POINT ( 'NONE',  ( 12.95142251012134871, 6.520019552449369371, 1.749999999999998890 ) ) ;
#1090 = CARTESIAN_POINT ( 'NONE',  ( -15.47463418066197427, 0.8863954956385073913, 13.24999999999999822 ) ) ;
#1091 = CARTESIAN_POINT ( 'NONE',  ( -12.12221382065307296, 7.956251132686028349, 13.24999999999999822 ) ) ;
#1092 = EDGE_CURVE ( 'NONE', #1186, #466, #881, .T. ) ;
#1093 = DIRECTION ( 'NONE',  ( -0.05718680617022609686, -0.9983634955265787703, 0.000000000000000000 ) ) ;
#1094 = VERTEX_POINT ( 'NONE', #1575 ) ;
#1095 = LINE ( 'NONE', #20, #828 ) ;
#1096 = VERTEX_POINT ( 'NONE', #1702 ) ;
#1097 = FACE_OUTER_BOUND ( 'NONE', #1519, .T. ) ;
#1098 = DIRECTION ( 'NONE',  ( -0.000000000000000000, 0.000000000000000000, -1.000000000000000000 ) ) ;
#1099 =( NAMED_UNIT ( * ) SI_UNIT ( $, .STERADIAN. ) SOLID_ANGLE_UNIT ( ) );
#1100 = DIRECTION ( 'NONE',  ( -0.000000000000000000, 0.000000000000000000, -1.000000000000000000 ) ) ;
#1101 = ADVANCED_FACE ( 'NONE', ( #1446 ), #1566, .F. ) ;
#1102 = ORIENTED_EDGE ( 'NONE', *, *, #1447, .T. ) ;
#1103 = EDGE_CURVE ( 'NONE', #1278, #411, #343, .T. ) ;
#1104 = CARTESIAN_POINT ( 'NONE',  ( -13.84462406254351308, -6.969676073307945252, 13.24999999999999822 ) ) ;
#1105 = DIRECTION ( 'NONE',  ( 1.000000000000000000, 0.000000000000000000, 0.000000000000000000 ) ) ;
#1106 = DIRECTION ( 'NONE',  ( -0.7801941079345083851, -0.6255374920372692715, -0.000000000000000000 ) ) ;
#1107 = DIRECTION ( 'NONE',  ( 1.000000000000000000, 0.000000000000000000, 0.000000000000000000 ) ) ;
#1108 = CARTESIAN_POINT ( 'NONE',  ( 5.262037984366056520, 13.51151198982144486, 13.24999999999999822 ) ) ;
#1109 = EDGE_CURVE ( 'NONE', #1576, #1269, #627, .T. ) ;
#1110 = ORIENTED_EDGE ( 'NONE', *, *, #1036, .F. ) ;
#1111 = LINE ( 'NONE', #136, #1004 ) ;
#1112 = VECTOR ( 'NONE', #448, 1000.000000000000000 ) ;
#1113 = ORIENTED_EDGE ( 'NONE', *, *, #49, .F. ) ;
#1114 = CONICAL_SURFACE ( 'NONE', #1197, 17.00000000000000000, 0.7853981633974529419 ) ;
#1115 = VECTOR ( 'NONE', #59, 1000.000000000000000 ) ;
#1116 = DIRECTION ( 'NONE',  ( -0.000000000000000000, -0.000000000000000000, 1.000000000000000000 ) ) ;
#1117 = CARTESIAN_POINT ( 'NONE',  ( -12.95142251012135048, -6.520019552449365818, 13.24999999999999822 ) ) ;
#1118 = DIRECTION ( 'NONE',  ( 1.000000000000000000, 0.000000000000000000, 0.000000000000000000 ) ) ;
#1119 = PRODUCT_DEFINITION_FORMATION_WITH_SPECIFIED_SOURCE ( 'ANY', '', #925, .NOT_KNOWN. ) ;
#1120 = CIRCLE ( 'NONE', #1058, 15.49999999999999645 ) ;
#1121 = CARTESIAN_POINT ( 'NONE',  ( 13.84462406254351130, 6.969676073307947028, 13.24999999999999822 ) ) ;
#1122 = ORIENTED_EDGE ( 'NONE', *, *, #213, .T. ) ;
#1123 = CARTESIAN_POINT ( 'NONE',  ( -8.504958107354031682, -12.95822856690501190, 1.749999999999998890 ) ) ;
#1124 = ORIENTED_EDGE ( 'NONE', *, *, #1157, .F. ) ;
#1125 = EDGE_CURVE ( 'NONE', #1059, #1192, #840, .T. ) ;
#1126 = CARTESIAN_POINT ( 'NONE',  ( 17.00000000000000000, 0.000000000000000000, 15.00000000000000000 ) ) ;
#1127 = DIRECTION ( 'NONE',  ( 0.6255374920372692715, -0.7801941079345083851, 0.000000000000000000 ) ) ;
#1128 = FACE_OUTER_BOUND ( 'NONE', #1299, .T. ) ;
#1129 = OPEN_SHELL ( 'NONE', ( #1349, #6, #1027 ) ) ;
#1130 = ADVANCED_FACE ( 'NONE', ( #359 ), #1225, .F. ) ;
#1131 = CARTESIAN_POINT ( 'NONE',  ( 0.000000000000000000, 0.000000000000000000, 13.24999999999999822 ) ) ;
#1132 = ORIENTED_EDGE ( 'NONE', *, *, #1640, .T. ) ;
#1133 = CARTESIAN_POINT ( 'NONE',  ( 0.8292086894682801912, 14.47627068513539328, 13.24999999999999822 ) ) ;
#1134 = ORIENTED_EDGE ( 'NONE', *, *, #1499, .T. ) ;
#1135 = CARTESIAN_POINT ( 'NONE',  ( -4.000000000000000000, 4.898587196589412829E-16, 15.00000000000000000 ) ) ;
#1136 = DIRECTION ( 'NONE',  ( 0.000000000000000000, 0.000000000000000000, 1.000000000000000000 ) ) ;
#1137 = ADVANCED_FACE ( 'NONE', ( #133 ), #1760, .T. ) ;
#1138 = APPROVAL_DATE_TIME ( #726, #94 ) ;
#1139 = DIRECTION ( 'NONE',  ( 0.000000000000000000, 0.000000000000000000, 1.000000000000000000 ) ) ;
#1140 = ORIENTED_EDGE ( 'NONE', *, *, #559, .T. ) ;
#1141 = EDGE_LOOP ( 'NONE', ( #1061, #1377, #129, #512 ) ) ;
#1142 = AXIS2_PLACEMENT_3D ( 'NONE', #1487, #1755, #1084 ) ;
#1143 = DIRECTION ( 'NONE',  ( -0.05718680617022621482, -0.9983634955265787703, 0.000000000000000000 ) ) ;
#1144 = DIRECTION ( 'NONE',  ( -0.000000000000000000, -0.000000000000000000, 1.000000000000000000 ) ) ;
#1145 = AXIS2_PLACEMENT_3D ( 'NONE', #658, #523, #1215 ) ;
#1146 = VECTOR ( 'NONE', #1453, 1000.000000000000114 ) ;
#1147 = EDGE_CURVE ( 'NONE', #103, #22, #924, .T. ) ;
#1148 = CARTESIAN_POINT ( 'NONE',  ( 14.33233161890642471, 2.198697424771039799, 1.749999999999998890 ) ) ;
#1149 = VECTOR ( 'NONE', #678, 1000.000000000000000 ) ;
#1150 = EDGE_CURVE ( 'NONE', #3, #1665, #775, .T. ) ;
#1151 = AXIS2_PLACEMENT_3D ( 'NONE', #1042, #646, #934 ) ;
#1152 = ORIENTED_EDGE ( 'NONE', *, *, #1499, .F. ) ;
#1153 = ORIENTED_EDGE ( 'NONE', *, *, #1722, .F. ) ;
#1154 = DIRECTION ( 'NONE',  ( 0.8360147462519358363, -0.5487069746680020010, 0.000000000000000000 ) ) ;
#1155 = DIRECTION ( 'NONE',  ( -0.9318284130911346219, 0.3628991713355899651, 0.000000000000000000 ) ) ;
#1156 = DIRECTION ( 'NONE',  ( 0.9884366633728576268, 0.1516343051566240163, 0.000000000000000000 ) ) ;
#1157 = EDGE_CURVE ( 'NONE', #916, #831, #1202, .T. ) ;
#1158 = VERTEX_POINT ( 'NONE', #642 ) ;
#1159 = ORIENTED_EDGE ( 'NONE', *, *, #602, .T. ) ;
#1160 = FACE_OUTER_BOUND ( 'NONE', #1695, .T. ) ;
#1161 = CARTESIAN_POINT ( 'NONE',  ( 0.000000000000000000, 0.000000000000000000, 1.749999999999999778 ) ) ;
#1162 = CARTESIAN_POINT ( 'NONE',  ( 6.520019552449363154, -12.95142251012135226, 13.24999999999999822 ) ) ;
#1163 = DIRECTION ( 'NONE',  ( 0.9983634955265787703, -0.05718680617022628421, 0.000000000000000000 ) ) ;
#1164 = ORIENTED_EDGE ( 'NONE', *, *, #1471, .F. ) ;
#1165 = ADVANCED_FACE ( 'NONE', ( #99 ), #790, .F. ) ;
#1166 = ORIENTED_EDGE ( 'NONE', *, *, #1210, .T. ) ;
#1167 = CARTESIAN_POINT ( 'NONE',  ( -0.8292086894682820786, -14.47627068513539328, 1.749999999999998890 ) ) ;
#1168 = CARTESIAN_POINT ( 'NONE',  ( 0.000000000000000000, 0.000000000000000000, 15.00000000000000000 ) ) ;
#1169 = PERSON_AND_ORGANIZATION ( #256, #914 ) ;
#1170 = PLANE ( 'NONE',  #1651 ) ;
#1171 = VECTOR ( 'NONE', #1466, 1000.000000000000000 ) ;
#1172 = VECTOR ( 'NONE', #1007, 1000.000000000000000 ) ;
#1173 = CIRCLE ( 'NONE', #85, 15.50000000000000000 ) ;
#1174 = FACE_BOUND ( 'NONE', #495, .T. ) ;
#1175 = ORIENTED_EDGE ( 'NONE', *, *, #125, .T. ) ;
#1176 = DIRECTION ( 'NONE',  ( 0.3628991713355899651, 0.9318284130911345109, 0.000000000000000000 ) ) ;
#1177 = CARTESIAN_POINT ( 'NONE',  ( 0.000000000000000000, 0.000000000000000000, 13.24999999999999822 ) ) ;
#1178 = ADVANCED_FACE ( 'NONE', ( #124 ), #1584, .F. ) ;
#1179 = CARTESIAN_POINT ( 'NONE',  ( 12.09300867298490090, 9.695831126577633796, 1.749999999999998890 ) ) ;
#1180 = DIRECTION ( 'NONE',  ( 1.000000000000000000, 0.000000000000000000, 0.000000000000000000 ) ) ;
#1181 = DIRECTION ( 'NONE',  ( 0.4496565208585767137, -0.8932015524221620373, 0.000000000000000000 ) ) ;
#1182 = ORIENTED_EDGE ( 'NONE', *, *, #373, .F. ) ;
#1183 = CARTESIAN_POINT ( 'NONE',  ( 6.520019552449363154, -12.95142251012135226, 1.749999999999998890 ) ) ;
#1184 = LINE ( 'NONE', #365, #371 ) ;
#1185 = EDGE_CURVE ( 'NONE', #353, #498, #516, .T. ) ;
#1186 = VERTEX_POINT ( 'NONE', #1597 ) ;
#1187 = DIRECTION ( 'NONE',  ( -0.8932015524221617042, -0.4496565208585774909, 0.000000000000000000 ) ) ;
#1188 = LINE ( 'NONE', #1730, #82 ) ;
#1189 = LINE ( 'NONE', #265, #505 ) ;
#1190 = VERTEX_POINT ( 'NONE', #1053 ) ;
#1191 = CYLINDRICAL_SURFACE ( 'NONE', #1151, 17.00000000000000000 ) ;
#1192 = VERTEX_POINT ( 'NONE', #1605 ) ;
#1193 = FACE_OUTER_BOUND ( 'NONE', #1441, .T. ) ;
#1194 = CARTESIAN_POINT ( 'NONE',  ( 12.95822856690501013, -8.504958107354033459, 13.24999999999999822 ) ) ;
#1195 = DIRECTION ( 'NONE',  ( 0.9318284130911345109, -0.3628991713355899096, 0.000000000000000000 ) ) ;
#1196 = VECTOR ( 'NONE', #90, 1000.000000000000000 ) ;
#1197 = AXIS2_PLACEMENT_3D ( 'NONE', #1669, #854, #1363 ) ;
#1198 = VECTOR ( 'NONE', #1143, 1000.000000000000000 ) ;
#1199 = CIRCLE ( 'NONE', #1654, 15.49999999999999822 ) ;
#1200 = AXIS2_PLACEMENT_3D ( 'NONE', #1601, #481, #928 ) ;
#1201 = ORIENTED_EDGE ( 'NONE', *, *, #1235, .T. ) ;
#1202 = CIRCLE ( 'NONE', #1280, 15.49999999999999822 ) ;
#1203 = ADVANCED_FACE ( 'NONE', ( #1732 ), #494, .F. ) ;
#1204 = FACE_OUTER_BOUND ( 'NONE', #1226, .T. ) ;
#1205 = VERTEX_POINT ( 'NONE', #1209 ) ;
#1206 = CARTESIAN_POINT ( 'NONE',  ( -12.95142251012135048, -6.520019552449365818, 1.749999999999998890 ) ) ;
#1207 = DIRECTION ( 'NONE',  ( 1.000000000000000000, 0.000000000000000000, 0.000000000000000000 ) ) ;
#1208 = OPEN_SHELL ( 'NONE', ( #553, #340, #1715 ) ) ;
#1209 = CARTESIAN_POINT ( 'NONE',  ( -9.070293634540366412, 11.31281456505039706, 1.749999999999998890 ) ) ;
#1210 = EDGE_CURVE ( 'NONE', #730, #833, #1189, .T. ) ;
#1211 = ORIENTED_EDGE ( 'NONE', *, *, #779, .F. ) ;
#1212 = CARTESIAN_POINT ( 'NONE',  ( 15.32076828227928722, 2.350331729927664259, 1.749999999999998890 ) ) ;
#1213 = ORIENTED_EDGE ( 'NONE', *, *, #1210, .F. ) ;
#1214 = CARTESIAN_POINT ( 'NONE',  ( 0.000000000000000000, 0.000000000000000000, 13.24999999999999822 ) ) ;
#1215 = DIRECTION ( 'NONE',  ( -0.5487069746680020010, -0.8360147462519358363, 0.000000000000000000 ) ) ;
#1216 = FACE_OUTER_BOUND ( 'NONE', #552, .T. ) ;
#1217 = DIRECTION ( 'NONE',  ( 0.000000000000000000, -0.000000000000000000, 1.000000000000000000 ) ) ;
#1218 = ORIENTED_EDGE ( 'NONE', *, *, #364, .F. ) ;
#1219 = EDGE_CURVE ( 'NONE', #839, #963, #659, .T. ) ;
#1220 = DIRECTION ( 'NONE',  ( 0.000000000000000000, 0.000000000000000000, -1.000000000000000000 ) ) ;
#1221 = ORIENTED_EDGE ( 'NONE', *, *, #844, .T. ) ;
#1222 = ORIENTED_EDGE ( 'NONE', *, *, #1720, .T. ) ;
#1223 = DIRECTION ( 'NONE',  ( -0.05718680617022615237, -0.9983634955265787703, 0.000000000000000000 ) ) ;
#1224 = CARTESIAN_POINT ( 'NONE',  ( 0.000000000000000000, 0.000000000000000000, 13.24999999999999822 ) ) ;
#1225 = PLANE ( 'NONE',  #1506 ) ;
#1226 = EDGE_LOOP ( 'NONE', ( #107, #940, #581, #598 ) ) ;
#1227 = VECTOR ( 'NONE', #514, 1000.000000000000000 ) ;
#1228 = AXIS2_PLACEMENT_3D ( 'NONE', #418, #547, #1502 ) ;
#1229 = APPROVAL_PERSON_ORGANIZATION ( #997, #94, #1401 ) ;
#1230 = CARTESIAN_POINT ( 'NONE',  ( 2.198697424771040687, -14.33233161890642471, 1.749999999999998890 ) ) ;
#1231 = VECTOR ( 'NONE', #556, 1000.000000000000114 ) ;
#1232 = VECTOR ( 'NONE', #508, 1000.000000000000000 ) ;
#1233 = LINE ( 'NONE', #1126, #197 ) ;
#1234 = CARTESIAN_POINT ( 'NONE',  ( -2.350331729927666480, 15.32076828227928722, 13.24999999999999822 ) ) ;
#1235 = EDGE_CURVE ( 'NONE', #121, #801, #938, .T. ) ;
#1236 = CYLINDRICAL_SURFACE ( 'NONE', #768, 15.49999999999999645 ) ;
#1237 = ADVANCED_FACE ( 'NONE', ( #1216 ), #1649, .T. ) ;
#1238 = VERTEX_POINT ( 'NONE', #1324 ) ;
#1239 = CARTESIAN_POINT ( 'NONE',  ( -14.33233161890642471, -2.198697424771041575, 1.749999999999998890 ) ) ;
#1240 = ORIENTED_EDGE ( 'NONE', *, *, #72, .T. ) ;
#1241 = CARTESIAN_POINT ( 'NONE',  ( 17.00000000000000000, 0.000000000000000000, 13.99999999999999112 ) ) ;
#1242 = LINE ( 'NONE', #805, #915 ) ;
#1243 = DIRECTION ( 'NONE',  ( 0.9983634955265787703, -0.05718680617022628421, 0.000000000000000000 ) ) ;
#1244 = EDGE_CURVE ( 'NONE', #784, #461, #1752, .T. ) ;
#1245 = CARTESIAN_POINT ( 'NONE',  ( 12.09300867298490090, 9.695831126577633796, 13.24999999999999822 ) ) ;
#1246 = ORIENTED_EDGE ( 'NONE', *, *, #162, .T. ) ;
#1247 = DIRECTION ( 'NONE',  ( -0.1516343051566239886, 0.9884366633728575158, 0.000000000000000000 ) ) ;
#1248 = DIRECTION ( 'NONE',  ( 0.000000000000000000, 0.000000000000000000, -1.000000000000000000 ) ) ;
#1249 = LINE ( 'NONE', #1390, #1398 ) ;
#1250 = CARTESIAN_POINT ( 'NONE',  ( -6.969676073307947028, 13.84462406254351130, 13.24999999999999822 ) ) ;
#1251 = OPEN_SHELL ( 'NONE', ( #733, #1318, #991 ) ) ;
#1252 = CARTESIAN_POINT ( 'NONE',  ( -2.350331729927666480, 15.32076828227928722, 13.24999999999999822 ) ) ;
#1253 = CC_DESIGN_PERSON_AND_ORGANIZATION_ASSIGNMENT ( #1169, #193, ( #1432 ) ) ;
#1254 = ORIENTED_EDGE ( 'NONE', *, *, #72, .F. ) ;
#1255 = CARTESIAN_POINT ( 'NONE',  ( 8.504958107354022800, 12.95822856690501546, 1.749999999999998890 ) ) ;
#1256 = VECTOR ( 'NONE', #1591, 999.9999999999998863 ) ;
#1257 = CARTESIAN_POINT ( 'NONE',  ( 0.000000000000000000, 0.000000000000000000, 1.749999999999999778 ) ) ;
#1258 = CARTESIAN_POINT ( 'NONE',  ( 0.000000000000000000, 0.000000000000000000, 15.00000000000000000 ) ) ;
#1259 = PERSON_AND_ORGANIZATION_ROLE ( 'design_owner' ) ;
#1260 = CONICAL_SURFACE ( 'NONE', #1485, 17.00000000000000000, 0.7853981633974529419 ) ;
#1261 = DIRECTION ( 'NONE',  ( 0.000000000000000000, 0.000000000000000000, 1.000000000000000000 ) ) ;
#1262 = ORIENTED_EDGE ( 'NONE', *, *, #872, .F. ) ;
#1263 = EDGE_CURVE ( 'NONE', #683, #302, #1482, .T. ) ;
#1264 = FACE_OUTER_BOUND ( 'NONE', #620, .T. ) ;
#1265 = ORIENTED_EDGE ( 'NONE', *, *, #1370, .F. ) ;
#1266 = LINE ( 'NONE', #277, #912 ) ;
#1267 = CARTESIAN_POINT ( 'NONE',  ( 11.31281456505039174, 9.070293634540362859, 13.24999999999999822 ) ) ;
#1268 = DIRECTION ( 'NONE',  ( 0.9983634955265787703, -0.05718680617022628421, 0.000000000000000000 ) ) ;
#1269 = VERTEX_POINT ( 'NONE', #1348 ) ;
#1270 = ADVANCED_FACE ( 'NONE', ( #719 ), #1236, .T. ) ;
#1271 = VERTEX_POINT ( 'NONE', #163 ) ;
#1272 = LINE ( 'NONE', #1561, #114 ) ;
#1273 = CARTESIAN_POINT ( 'NONE',  ( 0.000000000000000000, 0.000000000000000000, 1.749999999999998890 ) ) ;
#1274 = CALENDAR_DATE ( 2023, 3, 12 ) ;
#1275 = SHELL_BASED_SURFACE_MODEL ( 'NONE', ( #1406, #510, #519, #1534, #892, #1251, #487, #1422, #1208, #1569, #1129, #825, #387 ) );
#1276 = DIRECTION ( 'NONE',  ( -0.000000000000000000, -0.000000000000000000, 1.000000000000000000 ) ) ;
#1277 = EDGE_CURVE ( 'NONE', #665, #353, #541, .T. ) ;
#1278 = VERTEX_POINT ( 'NONE', #1245 ) ;
#1279 = VERTEX_POINT ( 'NONE', #1108 ) ;
#1280 = AXIS2_PLACEMENT_3D ( 'NONE', #1332, #1046, #524 ) ;
#1281 = CARTESIAN_POINT ( 'NONE',  ( -12.12221382065307296, 7.956251132686028349, 13.24999999999999822 ) ) ;
#1282 = PLANE ( 'NONE',  #974 ) ;
#1283 = CALENDAR_DATE ( 2023, 3, 12 ) ;
#1284 = VECTOR ( 'NONE', #63, 1000.000000000000114 ) ;
#1285 = VECTOR ( 'NONE', #1718, 1000.000000000000000 ) ;
#1286 = ADVANCED_FACE ( 'NONE', ( #1633 ), #1768, .F. ) ;
#1287 = CARTESIAN_POINT ( 'NONE',  ( 14.47627068513539328, -0.8292086894682829668, 13.24999999999999822 ) ) ;
#1288 = AXIS2_PLACEMENT_3D ( 'NONE', #955, #1382, #24 ) ;
#1289 = AXIS2_PLACEMENT_3D ( 'NONE', #1168, #1450, #243 ) ;
#1290 = VECTOR ( 'NONE', #794, 999.9999999999998863 ) ;
#1291 = VERTEX_POINT ( 'NONE', #577 ) ;
#1292 = VERTEX_POINT ( 'NONE', #1403 ) ;
#1293 = CARTESIAN_POINT ( 'NONE',  ( 7.956251132686021244, 12.12221382065307829, 1.749999999999998890 ) ) ;
#1294 = CARTESIAN_POINT ( 'NONE',  ( -9.695831126577633796, 12.09300867298490090, 13.24999999999999822 ) ) ;
#1295 = PERSON_AND_ORGANIZATION ( #256, #914 ) ;
#1296 = DIRECTION ( 'NONE',  ( 0.9983634955265787703, -0.05718680617022628421, 0.000000000000000000 ) ) ;
#1297 = EDGE_CURVE ( 'NONE', #46, #952, #1560, .T. ) ;
#1298 = DIRECTION ( 'NONE',  ( 0.000000000000000000, 0.000000000000000000, 1.000000000000000000 ) ) ;
#1299 = EDGE_LOOP ( 'NONE', ( #977, #1579, #1409, #1423 ) ) ;
#1300 = ORIENTED_EDGE ( 'NONE', *, *, #447, .T. ) ;
#1301 = DIRECTION ( 'NONE',  ( -0.000000000000000000, 0.000000000000000000, -1.000000000000000000 ) ) ;
#1302 = CARTESIAN_POINT ( 'NONE',  ( 14.47627068513539328, -0.8292086894682829668, 13.24999999999999822 ) ) ;
#1303 = COORDINATED_UNIVERSAL_TIME_OFFSET ( 1, 0, .AHEAD. ) ;
#1304 = FACE_OUTER_BOUND ( 'NONE', #585, .T. ) ;
#1305 = CARTESIAN_POINT ( 'NONE',  ( -14.33233161890642471, -2.198697424771041575, 13.24999999999999822 ) ) ;
#1306 = ORIENTED_EDGE ( 'NONE', *, *, #1705, .F. ) ;
#1307 = LINE ( 'NONE', #532, #283 ) ;
#1308 = CARTESIAN_POINT ( 'NONE',  ( 13.84462406254351130, 6.969676073307947028, 1.749999999999998890 ) ) ;
#1309 = EDGE_CURVE ( 'NONE', #743, #426, #11, .T. ) ;
#1310 = DIRECTION ( 'NONE',  ( -0.000000000000000000, 0.000000000000000000, -1.000000000000000000 ) ) ;
#1311 = CARTESIAN_POINT ( 'NONE',  ( 0.000000000000000000, 0.000000000000000000, 1.749999999999998890 ) ) ;
#1312 = CIRCLE ( 'NONE', #792, 17.00000000000000000 ) ;
#1313 = VECTOR ( 'NONE', #429, 1000.000000000000000 ) ;
#1314 = VECTOR ( 'NONE', #1525, 1000.000000000000000 ) ;
#1315 = VECTOR ( 'NONE', #574, 1000.000000000000000 ) ;
#1316 = DIRECTION ( 'NONE',  ( -0.000000000000000000, 0.000000000000000000, -1.000000000000000000 ) ) ;
#1317 = EDGE_LOOP ( 'NONE', ( #33, #38 ) ) ;
#1318 = ADVANCED_FACE ( 'NONE', ( #838 ), #17, .T. ) ;
#1319 = CARTESIAN_POINT ( 'NONE',  ( 11.31281456505039706, 9.070293634540366412, 13.24999999999999822 ) ) ;
#1320 = CARTESIAN_POINT ( 'NONE',  ( -6.520019552449369371, 12.95142251012134871, 1.749999999999998890 ) ) ;
#1321 = VERTEX_POINT ( 'NONE', #1252 ) ;
#1322 = DIRECTION ( 'NONE',  ( -0.9983634955265787703, 0.05718680617022628421, 0.000000000000000000 ) ) ;
#1323 = DIRECTION ( 'NONE',  ( -0.000000000000000000, -0.000000000000000000, 1.000000000000000000 ) ) ;
#1324 = CARTESIAN_POINT ( 'NONE',  ( 4.000000000000000000, 0.000000000000000000, 0.000000000000000000 ) ) ;
#1325 = VERTEX_POINT ( 'NONE', #1648 ) ;
#1326 = LINE ( 'NONE', #101, #1232 ) ;
#1327 = ADVANCED_FACE ( 'NONE', ( #1526 ), #1505, .T. ) ;
#1328 = ORIENTED_EDGE ( 'NONE', *, *, #279, .F. ) ;
#1329 = CARTESIAN_POINT ( 'NONE',  ( 16.24999999999999289, 2.035975303582474205E-15, 1.749999999999999778 ) ) ;
#1330 = CC_DESIGN_PERSON_AND_ORGANIZATION_ASSIGNMENT ( #871, #341, ( #1119 ) ) ;
#1331 = PLANE ( 'NONE',  #911 ) ;
#1332 = CARTESIAN_POINT ( 'NONE',  ( 0.000000000000000000, 0.000000000000000000, 13.24999999999999822 ) ) ;
#1333 = VERTEX_POINT ( 'NONE', #25 ) ;
#1334 = DIRECTION ( 'NONE',  ( 0.9318284130911343999, -0.3628991713355904092, 0.000000000000000000 ) ) ;
#1335 = ORIENTED_EDGE ( 'NONE', *, *, #927, .T. ) ;
#1336 = LINE ( 'NONE', #483, #1146 ) ;
#1337 = DIRECTION ( 'NONE',  ( 0.000000000000000000, 0.000000000000000000, 1.000000000000000000 ) ) ;
#1338 = EDGE_CURVE ( 'NONE', #40, #428, #1384, .T. ) ;
#1339 = CARTESIAN_POINT ( 'NONE',  ( 12.95142251012134871, 6.520019552449369371, 1.749999999999998890 ) ) ;
#1340 = VECTOR ( 'NONE', #599, 1000.000000000000000 ) ;
#1341 = VECTOR ( 'NONE', #1334, 999.9999999999998863 ) ;
#1342 = EDGE_LOOP ( 'NONE', ( #670, #91, #1265, #695 ) ) ;
#1343 = ADVANCED_FACE ( 'NONE', ( #699 ), #968, .T. ) ;
#1344 = DIRECTION ( 'NONE',  ( 0.5487069746680020010, 0.8360147462519358363, 0.000000000000000000 ) ) ;
#1345 = ORIENTED_EDGE ( 'NONE', *, *, #1070, .F. ) ;
#1346 = CYLINDRICAL_SURFACE ( 'NONE', #255, 15.49999999999999822 ) ;
#1347 = CARTESIAN_POINT ( 'NONE',  ( 0.000000000000000000, 0.000000000000000000, 13.24999999999999822 ) ) ;
#1348 = CARTESIAN_POINT ( 'NONE',  ( -17.00000000000000000, 2.081899558550500280E-15, 15.00000000000000000 ) ) ;
#1349 = ADVANCED_FACE ( 'NONE', ( #143 ), #1518, .F. ) ;
#1350 = CARTESIAN_POINT ( 'NONE',  ( 0.000000000000000000, 0.000000000000000000, 13.24999999999999822 ) ) ;
#1351 = ORIENTED_EDGE ( 'NONE', *, *, #641, .T. ) ;
#1352 = CARTESIAN_POINT ( 'NONE',  ( -16.25000000000000000, 2.035975303582474599E-15, 13.24999999999999822 ) ) ;
#1353 = ORIENTED_EDGE ( 'NONE', *, *, #195, .T. ) ;
#1354 = DIRECTION ( 'NONE',  ( -0.9983634955265787703, 0.05718680617022628421, 0.000000000000000000 ) ) ;
#1355 = CYLINDRICAL_SURFACE ( 'NONE', #539, 4.000000000000000000 ) ;
#1356 = DIRECTION ( 'NONE',  ( -0.000000000000000000, 0.000000000000000000, -1.000000000000000000 ) ) ;
#1357 = ORIENTED_EDGE ( 'NONE', *, *, #491, .F. ) ;
#1358 = CARTESIAN_POINT ( 'NONE',  ( -6.520019552449369371, 12.95142251012134871, 13.24999999999999822 ) ) ;
#1359 = ORIENTED_EDGE ( 'NONE', *, *, #964, .F. ) ;
#1360 = VERTEX_POINT ( 'NONE', #983 ) ;
#1361 = CARTESIAN_POINT ( 'NONE',  ( 14.44334040291257359, -5.624937155701658753, 13.24999999999999822 ) ) ;
#1362 =( NAMED_UNIT ( * ) PLANE_ANGLE_UNIT ( ) SI_UNIT ( $, .RADIAN. ) );
#1363 = DIRECTION ( 'NONE',  ( 1.000000000000000000, 0.000000000000000000, 0.000000000000000000 ) ) ;
#1364 = AXIS2_PLACEMENT_3D ( 'NONE', #442, #721, #993 ) ;
#1365 = VERTEX_POINT ( 'NONE', #1121 ) ;
#1366 = VECTOR ( 'NONE', #1100, 1000.000000000000000 ) ;
#1367 = VECTOR ( 'NONE', #1301, 1000.000000000000000 ) ;
#1368 = CARTESIAN_POINT ( 'NONE',  ( 2.198697424771040687, -14.33233161890642471, 13.24999999999999822 ) ) ;
#1369 = VECTOR ( 'NONE', #588, 1000.000000000000000 ) ;
#1370 = EDGE_CURVE ( 'NONE', #1050, #1325, #813, .T. ) ;
#1371 = ORIENTED_EDGE ( 'NONE', *, *, #867, .F. ) ;
#1372 = VECTOR ( 'NONE', #93, 1000.000000000000000 ) ;
#1373 = CARTESIAN_POINT ( 'NONE',  ( -0.8863954956385082795, -15.47463418066197427, 13.24999999999999822 ) ) ;
#1374 = CARTESIAN_POINT ( 'NONE',  ( 5.262037984366056520, 13.51151198982143953, 13.24999999999999822 ) ) ;
#1375 = DIRECTION ( 'NONE',  ( 0.8360147462519361694, -0.5487069746680014459, 0.000000000000000000 ) ) ;
#1376 = DIRECTION ( 'NONE',  ( -0.7801941079345107166, -0.6255374920372663849, 0.000000000000000000 ) ) ;
#1377 = ORIENTED_EDGE ( 'NONE', *, *, #690, .F. ) ;
#1378 = LINE ( 'NONE', #1104, #910 ) ;
#1379 = ORIENTED_EDGE ( 'NONE', *, *, #1582, .F. ) ;
#1380 = ORIENTED_EDGE ( 'NONE', *, *, #409, .T. ) ;
#1381 = DIRECTION ( 'NONE',  ( -0.000000000000000000, 0.000000000000000000, -1.000000000000000000 ) ) ;
#1382 = DIRECTION ( 'NONE',  ( 0.000000000000000000, 0.000000000000000000, -1.000000000000000000 ) ) ;
#1383 = EDGE_CURVE ( 'NONE', #1238, #81, #299, .T. ) ;
#1384 = LINE ( 'NONE', #845, #26 ) ;
#1385 = EDGE_CURVE ( 'NONE', #300, #1452, #1455, .T. ) ;
#1386 = ORIENTED_EDGE ( 'NONE', *, *, #867, .T. ) ;
#1387 = CARTESIAN_POINT ( 'NONE',  ( -7.956251132686030125, -12.12221382065307296, 1.749999999999998890 ) ) ;
#1388 = EDGE_LOOP ( 'NONE', ( #1132, #323, #687, #1222 ) ) ;
#1389 = LINE ( 'NONE', #436, #821 ) ;
#1390 = CARTESIAN_POINT ( 'NONE',  ( 9.695831126577628467, -12.09300867298490623, 13.24999999999999822 ) ) ;
#1391 = CARTESIAN_POINT ( 'NONE',  ( -14.33233161890642471, -2.198697424771041575, 13.24999999999999822 ) ) ;
#1392 = CARTESIAN_POINT ( 'NONE',  ( 4.000000000000000000, 0.000000000000000000, 15.00000000000000000 ) ) ;
#1393 = ADVANCED_FACE ( 'NONE', ( #37 ), #1114, .T. ) ;
#1394 = ORIENTED_EDGE ( 'NONE', *, *, #1688, .T. ) ;
#1395 = DIRECTION ( 'NONE',  ( -0.000000000000000000, -0.000000000000000000, 1.000000000000000000 ) ) ;
#1396 = CIRCLE ( 'NONE', #397, 15.49999999999999822 ) ;
#1397 = EDGE_LOOP ( 'NONE', ( #1379, #1765, #986, #1657 ) ) ;
#1398 = VECTOR ( 'NONE', #835, 1000.000000000000000 ) ;
#1399 = DIRECTION ( 'NONE',  ( 0.000000000000000000, 0.000000000000000000, 1.000000000000000000 ) ) ;
#1400 = CARTESIAN_POINT ( 'NONE',  ( -14.44334040291257359, 5.624937155701655200, 13.24999999999999822 ) ) ;
#1401 = APPROVAL_ROLE ( '' ) ;
#1402 = AXIS2_PLACEMENT_3D ( 'NONE', #160, #23, #152 ) ;
#1403 = CARTESIAN_POINT ( 'NONE',  ( 12.12221382065307118, -7.956251132686031902, 1.749999999999998890 ) ) ;
#1404 = ADVANCED_FACE ( 'NONE', ( #459 ), #1000, .T. ) ;
#1405 = ORIENTED_EDGE ( 'NONE', *, *, #1109, .T. ) ;
#1406 = OPEN_SHELL ( 'NONE', ( #800, #808, #257, #1137, #1343, #712, #1327, #503, #1237, #1404, #1074, #1759, #1599, #80, #1393, #329 ) ) ;
#1407 = CC_DESIGN_PERSON_AND_ORGANIZATION_ASSIGNMENT ( #1419, #718, ( #482 ) ) ;
#1408 = CARTESIAN_POINT ( 'NONE',  ( -16.24999999999999289, 0.000000000000000000, 1.749999999999999778 ) ) ;
#1409 = ORIENTED_EDGE ( 'NONE', *, *, #1383, .T. ) ;
#1410 = DIRECTION ( 'NONE',  ( 0.5487069746680020010, 0.8360147462519358363, 0.000000000000000000 ) ) ;
#1411 = DIRECTION ( 'NONE',  ( -0.000000000000000000, -0.000000000000000000, 1.000000000000000000 ) ) ;
#1412 = CALENDAR_DATE ( 2023, 3, 12 ) ;
#1413 = DIRECTION ( 'NONE',  ( 0.000000000000000000, 0.000000000000000000, 1.000000000000000000 ) ) ;
#1414 = VERTEX_POINT ( 'NONE', #1009 ) ;
#1415 = VERTEX_POINT ( 'NONE', #735 ) ;
#1416 = EDGE_CURVE ( 'NONE', #1606, #478, #475, .T. ) ;
#1417 = CARTESIAN_POINT ( 'NONE',  ( 0.8292086894682801912, 14.47627068513539328, 1.749999999999998890 ) ) ;
#1418 = FACE_OUTER_BOUND ( 'NONE', #158, .T. ) ;
#1419 = PERSON_AND_ORGANIZATION ( #256, #914 ) ;
#1420 = CARTESIAN_POINT ( 'NONE',  ( 0.000000000000000000, 0.000000000000000000, 0.000000000000000000 ) ) ;
#1421 = ORIENTED_EDGE ( 'NONE', *, *, #1427, .F. ) ;
#1422 = OPEN_SHELL ( 'NONE', ( #543, #1764, #754 ) ) ;
#1423 = ORIENTED_EDGE ( 'NONE', *, *, #653, .T. ) ;
#1424 = VECTOR ( 'NONE', #386, 1000.000000000000000 ) ;
#1425 = CARTESIAN_POINT ( 'NONE',  ( -0.8292086894682820786, -14.47627068513539328, 13.24999999999999822 ) ) ;
#1426 = LINE ( 'NONE', #1541, #146 ) ;
#1427 = EDGE_CURVE ( 'NONE', #263, #40, #1551, .T. ) ;
#1428 = DATE_AND_TIME ( #734, #709 ) ;
#1429 = AXIS2_PLACEMENT_3D ( 'NONE', #70, #746, #1156 ) ;
#1430 = CIRCLE ( 'NONE', #795, 15.49999999999999822 ) ;
#1431 = FACE_OUTER_BOUND ( 'NONE', #749, .T. ) ;
#1432 = SECURITY_CLASSIFICATION ( '', '', #61 ) ;
#1433 = AXIS2_PLACEMENT_3D ( 'NONE', #745, #68, #192 ) ;
#1434 = EDGE_LOOP ( 'NONE', ( #1175, #1254, #1476, #1335 ) ) ;
#1435 = ORIENTED_EDGE ( 'NONE', *, *, #1185, .F. ) ;
#1436 = LINE ( 'NONE', #1293, #710 ) ;
#1437 = CARTESIAN_POINT ( 'NONE',  ( 13.51151198982143420, -5.262037984366067178, 1.749999999999998890 ) ) ;
#1438 = DIRECTION ( 'NONE',  ( 0.000000000000000000, 0.000000000000000000, 1.000000000000000000 ) ) ;
#1439 = FACE_OUTER_BOUND ( 'NONE', #127, .T. ) ;
#1440 = EDGE_CURVE ( 'NONE', #984, #260, #1038, .T. ) ;
#1441 = EDGE_LOOP ( 'NONE', ( #1221, #994, #1421, #776 ) ) ;
#1442 = DIRECTION ( 'NONE',  ( -0.000000000000000000, -0.000000000000000000, 1.000000000000000000 ) ) ;
#1443 = DIRECTION ( 'NONE',  ( 0.9983634955265787703, -0.05718680617022628421, 0.000000000000000000 ) ) ;
#1444 = CARTESIAN_POINT ( 'NONE',  ( 0.000000000000000000, 0.000000000000000000, 13.24999999999999822 ) ) ;
#1445 = DIRECTION ( 'NONE',  ( 1.000000000000000000, 0.000000000000000000, 0.000000000000000000 ) ) ;
#1446 = FACE_OUTER_BOUND ( 'NONE', #604, .T. ) ;
#1447 = EDGE_CURVE ( 'NONE', #1019, #3, #1312, .T. ) ;
#1448 = ORIENTED_EDGE ( 'NONE', *, *, #1109, .F. ) ;
#1449 = CARTESIAN_POINT ( 'NONE',  ( 0.000000000000000000, 0.000000000000000000, 13.24999999999999822 ) ) ;
#1450 = DIRECTION ( 'NONE',  ( -0.000000000000000000, -0.000000000000000000, 1.000000000000000000 ) ) ;
#1451 = CIRCLE ( 'NONE', #597, 16.25000000000000000 ) ;
#1452 = VERTEX_POINT ( 'NONE', #219 ) ;
#1453 = DIRECTION ( 'NONE',  ( -0.3628991713355899651, -0.9318284130911345109, -0.000000000000000000 ) ) ;
#1454 = CARTESIAN_POINT ( 'NONE',  ( 16.24999999999999289, 1.990051048614448130E-15, 1.749999999999999778 ) ) ;
#1455 = CIRCLE ( 'NONE', #1026, 15.49999999999999822 ) ;
#1456 = AXIS2_PLACEMENT_3D ( 'NONE', #8, #666, #1630 ) ;
#1457 = DIRECTION ( 'NONE',  ( -0.8360147462519362804, 0.5487069746680014459, 0.000000000000000000 ) ) ;
#1458 = AXIS2_PLACEMENT_3D ( 'NONE', #225, #751, #1735 ) ;
#1459 = EDGE_CURVE ( 'NONE', #1747, #1205, #591, .T. ) ;
#1460 = ORIENTED_EDGE ( 'NONE', *, *, #786, .T. ) ;
#1461 = EDGE_CURVE ( 'NONE', #963, #833, #1055, .T. ) ;
#1462 = DIRECTION ( 'NONE',  ( -0.9983634955265787703, 0.05718680617022628421, 0.000000000000000000 ) ) ;
#1463 = CARTESIAN_POINT ( 'NONE',  ( -14.44334040291257359, 5.624937155701655200, 1.749999999999998890 ) ) ;
#1464 = EDGE_LOOP ( 'NONE', ( #52, #755, #791, #433 ) ) ;
#1465 = CARTESIAN_POINT ( 'NONE',  ( 0.000000000000000000, 0.000000000000000000, 1.749999999999998890 ) ) ;
#1466 = DIRECTION ( 'NONE',  ( -0.000000000000000000, 0.000000000000000000, -1.000000000000000000 ) ) ;
#1467 = EDGE_CURVE ( 'NONE', #1415, #46, #865, .T. ) ;
#1468 = DIRECTION ( 'NONE',  ( -0.000000000000000000, -0.000000000000000000, 1.000000000000000000 ) ) ;
#1469 = VERTEX_POINT ( 'NONE', #873 ) ;
#1470 = CARTESIAN_POINT ( 'NONE',  ( 0.8292086894682801912, 14.47627068513539328, 13.24999999999999822 ) ) ;
#1471 = EDGE_CURVE ( 'NONE', #46, #1186, #1676, .T. ) ;
#1472 = ORIENTED_EDGE ( 'NONE', *, *, #802, .F. ) ;
#1473 = CARTESIAN_POINT ( 'NONE',  ( 15.32076828227928722, 2.350331729927664259, 13.24999999999999822 ) ) ;
#1474 = DIRECTION ( 'NONE',  ( 0.000000000000000000, 0.000000000000000000, 1.000000000000000000 ) ) ;
#1475 = DIRECTION ( 'NONE',  ( 0.8932015524221620373, 0.4496565208585767137, 0.000000000000000000 ) ) ;
#1476 = ORIENTED_EDGE ( 'NONE', *, *, #1244, .F. ) ;
#1477 = CARTESIAN_POINT ( 'NONE',  ( -4.000000000000000000, 4.898587196589412829E-16, 15.00000000000000000 ) ) ;
#1478 = EDGE_CURVE ( 'NONE', #408, #809, #342, .T. ) ;
#1479 = VERTEX_POINT ( 'NONE', #601 ) ;
#1480 = CARTESIAN_POINT ( 'NONE',  ( -11.31281456505040062, -9.070293634540361083, 13.24999999999999822 ) ) ;
#1481 = CARTESIAN_POINT ( 'NONE',  ( 15.00000000000000000, 0.000000000000000000, 13.24999999999999822 ) ) ;
#1482 = LINE ( 'NONE', #259, #1626 ) ;
#1483 = CIRCLE ( 'NONE', #109, 4.000000000000000000 ) ;
#1484 = AXIS2_PLACEMENT_3D ( 'NONE', #756, #1684, #1691 ) ;
#1485 = AXIS2_PLACEMENT_3D ( 'NONE', #1608, #758, #108 ) ;
#1486 = ORIENTED_EDGE ( 'NONE', *, *, #102, .T. ) ;
#1487 = CARTESIAN_POINT ( 'NONE',  ( 0.000000000000000000, 0.000000000000000000, 1.749999999999998890 ) ) ;
#1488 = EDGE_LOOP ( 'NONE', ( #1609, #903, #1110, #1353 ) ) ;
#1489 = PLANE ( 'NONE',  #1402 ) ;
#1490 = DIRECTION ( 'NONE',  ( 1.000000000000000000, 0.000000000000000000, 0.000000000000000000 ) ) ;
#1491 = CARTESIAN_POINT ( 'NONE',  ( 0.000000000000000000, 0.000000000000000000, 15.00000000000000000 ) ) ;
#1492 = APPROVAL ( #614, 'UNSPECIFIED' ) ;
#1493 = EDGE_LOOP ( 'NONE', ( #1646, #1213, #1211, #1636 ) ) ;
#1494 = LINE ( 'NONE', #1614, #681 ) ;
#1495 = DIRECTION ( 'NONE',  ( 1.000000000000000000, 0.000000000000000000, 0.000000000000000000 ) ) ;
#1496 = DIRECTION ( 'NONE',  ( -0.000000000000000000, -0.000000000000000000, 1.000000000000000000 ) ) ;
#1497 = PLANE ( 'NONE',  #1623 ) ;
#1498 = DIRECTION ( 'NONE',  ( 0.9983634955265787703, -0.05718680617022628421, 0.000000000000000000 ) ) ;
#1499 = EDGE_CURVE ( 'NONE', #1602, #1238, #1483, .T. ) ;
#1500 = EDGE_LOOP ( 'NONE', ( #237, #1262, #888, #488 ) ) ;
#1501 = DIRECTION ( 'NONE',  ( -0.000000000000000000, -0.000000000000000000, 1.000000000000000000 ) ) ;
#1502 = DIRECTION ( 'NONE',  ( 1.000000000000000000, 0.000000000000000000, 0.000000000000000000 ) ) ;
#1503 = LINE ( 'NONE', #15, #1231 ) ;
#1504 = APPLICATION_PROTOCOL_DEFINITION ( 'international standard', 'config_control_design', 1994, #98 ) ;
#1505 = CYLINDRICAL_SURFACE ( 'NONE', #1769, 15.00000000000000000 ) ;
#1506 = AXIS2_PLACEMENT_3D ( 'NONE', #372, #106, #807 ) ;
#1507 = ORIENTED_EDGE ( 'NONE', *, *, #240, .T. ) ;
#1508 = AXIS2_PLACEMENT_3D ( 'NONE', #551, #956, #1498 ) ;
#1509 = APPROVAL_PERSON_ORGANIZATION ( #77, #1492, #1675 ) ;
#1510 = DIRECTION ( 'NONE',  ( 0.8360147462519358363, -0.5487069746680020010, 0.000000000000000000 ) ) ;
#1511 = VECTOR ( 'NONE', #1647, 1000.000000000000114 ) ;
#1512 = VERTEX_POINT ( 'NONE', #194 ) ;
#1513 = AXIS2_PLACEMENT_3D ( 'NONE', #220, #1724, #978 ) ;
#1514 = CARTESIAN_POINT ( 'NONE',  ( -14.47627068513539328, 0.8292086894682810794, 1.749999999999998890 ) ) ;
#1515 = CARTESIAN_POINT ( 'NONE',  ( -14.47627068513539328, 0.8292086894682810794, 13.24999999999999822 ) ) ;
#1516 = LINE ( 'NONE', #549, #1595 ) ;
#1517 = ADVANCED_FACE ( 'NONE', ( #1304 ), #187, .F. ) ;
#1518 = PLANE ( 'NONE',  #941 ) ;
#1519 = EDGE_LOOP ( 'NONE', ( #374, #289, #610, #188 ) ) ;
#1520 = DIRECTION ( 'NONE',  ( -0.4496565208585767137, 0.8932015524221621483, 0.000000000000000000 ) ) ;
#1521 = VERTEX_POINT ( 'NONE', #1713 ) ;
#1522 = CARTESIAN_POINT ( 'NONE',  ( 0.000000000000000000, 0.000000000000000000, 13.24999999999999822 ) ) ;
#1523 = DIRECTION ( 'NONE',  ( -0.000000000000000000, -0.000000000000000000, 1.000000000000000000 ) ) ;
#1524 = EDGE_CURVE ( 'NONE', #1059, #916, #44, .T. ) ;
#1525 = DIRECTION ( 'NONE',  ( -0.000000000000000000, 0.000000000000000000, -1.000000000000000000 ) ) ;
#1526 = FACE_OUTER_BOUND ( 'NONE', #74, .T. ) ;
#1527 = VERTEX_POINT ( 'NONE', #880 ) ;
#1528 = PLANE ( 'NONE',  #147 ) ;
#1529 = VERTEX_POINT ( 'NONE', #608 ) ;
#1530 = CARTESIAN_POINT ( 'NONE',  ( 0.000000000000000000, 0.000000000000000000, 1.749999999999998890 ) ) ;
#1531 = DIRECTION ( 'NONE',  ( 0.7801941079345083851, 0.6255374920372692715, 0.000000000000000000 ) ) ;
#1532 = ADVANCED_FACE ( 'NONE', ( #1431 ), #318, .T. ) ;
#1533 = DIRECTION ( 'NONE',  ( 0.9983634955265787703, -0.05718680617022628421, 0.000000000000000000 ) ) ;
#1534 = OPEN_SHELL ( 'NONE', ( #1548, #1532, #1286 ) ) ;
#1535 = EDGE_LOOP ( 'NONE', ( #1140, #661, #1538, #504 ) ) ;
#1536 = LINE ( 'NONE', #473, #455 ) ;
#1537 = AXIS2_PLACEMENT_3D ( 'NONE', #584, #1139, #1268 ) ;
#1538 = ORIENTED_EDGE ( 'NONE', *, *, #275, .F. ) ;
#1539 = CIRCLE ( 'NONE', #887, 16.24999999999999289 ) ;
#1540 = CARTESIAN_POINT ( 'NONE',  ( 14.47627068513539328, -0.8292086894682829668, 13.24999999999999822 ) ) ;
#1541 = CARTESIAN_POINT ( 'NONE',  ( -6.520019552449369371, 12.95142251012134871, 13.24999999999999822 ) ) ;
#1542 = APPROVAL_DATE_TIME ( #471, #267 ) ;
#1543 = AXIS2_PLACEMENT_3D ( 'NONE', #663, #1510, #1344 ) ;
#1544 = DIRECTION ( 'NONE',  ( 1.000000000000000000, 0.000000000000000000, 0.000000000000000000 ) ) ;
#1545 = EDGE_CURVE ( 'NONE', #227, #683, #1706, .T. ) ;
#1546 = ORIENTED_EDGE ( 'NONE', *, *, #901, .T. ) ;
#1547 = ORIENTED_EDGE ( 'NONE', *, *, #1185, .T. ) ;
#1548 = ADVANCED_FACE ( 'NONE', ( #615 ), #1170, .F. ) ;
#1549 = CARTESIAN_POINT ( 'NONE',  ( 2.350331729927665148, -15.32076828227928722, 13.24999999999999822 ) ) ;
#1550 = DIRECTION ( 'NONE',  ( 0.9983634955265787703, -0.05718680617022628421, 0.000000000000000000 ) ) ;
#1551 = LINE ( 'NONE', #1287, #1112 ) ;
#1552 = ORIENTED_EDGE ( 'NONE', *, *, #1572, .T. ) ;
#1553 = EDGE_CURVE ( 'NONE', #443, #286, #1063, .T. ) ;
#1554 = ORIENTED_EDGE ( 'NONE', *, *, #882, .F. ) ;
#1555 = CARTESIAN_POINT ( 'NONE',  ( -6.969676073307947028, 13.84462406254351130, 1.749999999999998890 ) ) ;
#1556 = DIRECTION ( 'NONE',  ( 1.000000000000000000, 0.000000000000000000, 0.000000000000000000 ) ) ;
#1557 = DIRECTION ( 'NONE',  ( 0.4496565208585767137, -0.8932015524221620373, 0.000000000000000000 ) ) ;
#1558 = VERTEX_POINT ( 'NONE', #1481 ) ;
#1559 = ORIENTED_EDGE ( 'NONE', *, *, #1459, .T. ) ;
#1560 = CIRCLE ( 'NONE', #1508, 15.49999999999999645 ) ;
#1561 = CARTESIAN_POINT ( 'NONE',  ( -12.95822856690501190, 8.504958107354029906, 13.24999999999999822 ) ) ;
#1562 = LINE ( 'NONE', #339, #258 ) ;
#1563 = CIRCLE ( 'NONE', #145, 15.50000000000000000 ) ;
#1564 = DIRECTION ( 'NONE',  ( -0.000000000000000000, -0.000000000000000000, 1.000000000000000000 ) ) ;
#1565 = CIRCLE ( 'NONE', #711, 17.00000000000000000 ) ;
#1566 = PLANE ( 'NONE',  #1513 ) ;
#1567 = ORIENTED_EDGE ( 'NONE', *, *, #1277, .F. ) ;
#1568 = ORIENTED_EDGE ( 'NONE', *, *, #979, .T. ) ;
#1569 = OPEN_SHELL ( 'NONE', ( #1130, #1270, #913 ) ) ;
#1570 = LINE ( 'NONE', #605, #944 ) ;
#1571 = DIRECTION ( 'NONE',  ( -0.000000000000000000, 0.000000000000000000, -1.000000000000000000 ) ) ;
#1572 = EDGE_CURVE ( 'NONE', #1479, #693, #229, .T. ) ;
#1573 = LINE ( 'NONE', #922, #1083 ) ;
#1574 = CARTESIAN_POINT ( 'NONE',  ( 6.520019552449363154, -12.95142251012135226, 13.24999999999999822 ) ) ;
#1575 = CARTESIAN_POINT ( 'NONE',  ( -5.262037984366073395, -13.51151198982144130, 13.24999999999999822 ) ) ;
#1576 = VERTEX_POINT ( 'NONE', #105 ) ;
#1577 = CARTESIAN_POINT ( 'NONE',  ( 17.00000000000000000, 2.081899558550500280E-15, 0.9999999999999922284 ) ) ;
#1578 = CARTESIAN_POINT ( 'NONE',  ( -6.520019552449369371, 12.95142251012134871, 1.749999999999998890 ) ) ;
#1579 = ORIENTED_EDGE ( 'NONE', *, *, #1754, .F. ) ;
#1580 = CYLINDRICAL_SURFACE ( 'NONE', #567, 15.49999999999999645 ) ;
#1581 = CARTESIAN_POINT ( 'NONE',  ( 2.350331729927665148, -15.32076828227928722, 1.749999999999998890 ) ) ;
#1582 = EDGE_CURVE ( 'NONE', #443, #921, #883, .T. ) ;
#1583 = EDGE_CURVE ( 'NONE', #1762, #1365, #1751, .T. ) ;
#1584 = PLANE ( 'NONE',  #1087 ) ;
#1585 = APPLICATION_CONTEXT ( 'configuration controlled 3d designs of mechanical parts and assemblies' ) ;
#1586 = ORIENTED_EDGE ( 'NONE', *, *, #501, .T. ) ;
#1587 = FACE_BOUND ( 'NONE', #1672, .T. ) ;
#1588 = CARTESIAN_POINT ( 'NONE',  ( 0.000000000000000000, 0.000000000000000000, 15.00000000000000000 ) ) ;
#1589 = CIRCLE ( 'NONE', #1142, 15.49999999999999822 ) ;
#1590 = EDGE_LOOP ( 'NONE', ( #1182, #1371, #822, #232 ) ) ;
#1591 = DIRECTION ( 'NONE',  ( -0.6255374920372663849, 0.7801941079345107166, 0.000000000000000000 ) ) ;
#1592 = CARTESIAN_POINT ( 'NONE',  ( 5.262037984366056520, 13.51151198982144486, 13.24999999999999822 ) ) ;
#1593 = VECTOR ( 'NONE', #1611, 1000.000000000000000 ) ;
#1594 = AXIS2_PLACEMENT_3D ( 'NONE', #1350, #489, #1462 ) ;
#1595 = VECTOR ( 'NONE', #806, 999.9999999999998863 ) ;
#1596 = CIRCLE ( 'NONE', #1002, 15.49999999999999822 ) ;
#1597 = CARTESIAN_POINT ( 'NONE',  ( 6.969676073307940811, -13.84462406254351485, 1.749999999999998890 ) ) ;
#1598 = AXIS2_PLACEMENT_3D ( 'NONE', #1368, #1763, #684 ) ;
#1599 = ADVANCED_FACE ( 'NONE', ( #530, #1604 ), #1331, .T. ) ;
#1600 = EDGE_LOOP ( 'NONE', ( #729, #1328, #848, #1734 ) ) ;
#1601 = CARTESIAN_POINT ( 'NONE',  ( 0.000000000000000000, 0.000000000000000000, 13.24999999999999822 ) ) ;
#1602 = VERTEX_POINT ( 'NONE', #239 ) ;
#1603 = LINE ( 'NONE', #1480, #676 ) ;
#1604 = FACE_BOUND ( 'NONE', #569, .T. ) ;
#1605 = CARTESIAN_POINT ( 'NONE',  ( -0.8292086894682820786, -14.47627068513539328, 1.749999999999998890 ) ) ;
#1606 = VERTEX_POINT ( 'NONE', #1194 ) ;
#1607 = EDGE_CURVE ( 'NONE', #1365, #1278, #1620, .T. ) ;
#1608 = CARTESIAN_POINT ( 'NONE',  ( 0.000000000000000000, 0.000000000000000000, 13.99999999999999112 ) ) ;
#1609 = ORIENTED_EDGE ( 'NONE', *, *, #891, .T. ) ;
#1610 = DIRECTION ( 'NONE',  ( -0.000000000000000000, -0.000000000000000000, 1.000000000000000000 ) ) ;
#1611 = DIRECTION ( 'NONE',  ( -0.000000000000000000, -0.000000000000000000, 1.000000000000000000 ) ) ;
#1612 = CARTESIAN_POINT ( 'NONE',  ( -14.47627068513539328, 0.8292086894682810794, 13.24999999999999822 ) ) ;
#1613 = ORIENTED_EDGE ( 'NONE', *, *, #662, .T. ) ;
#1614 = CARTESIAN_POINT ( 'NONE',  ( -14.47627068513539328, 0.8292086894682810794, 13.24999999999999822 ) ) ;
#1615 = ORIENTED_EDGE ( 'NONE', *, *, #195, .F. ) ;
#1616 = LINE ( 'NONE', #419, #1149 ) ;
#1617 = CC_DESIGN_PERSON_AND_ORGANIZATION_ASSIGNMENT ( #1295, #864, ( #1119 ) ) ;
#1618 = DIRECTION ( 'NONE',  ( 0.000000000000000000, 0.000000000000000000, 1.000000000000000000 ) ) ;
#1619 = DIRECTION ( 'NONE',  ( -0.000000000000000000, -0.000000000000000000, 1.000000000000000000 ) ) ;
#1620 = CIRCLE ( 'NONE', #1680, 15.49999999999999645 ) ;
#1621 = VECTOR ( 'NONE', #122, 999.9999999999998863 ) ;
#1622 = EDGE_CURVE ( 'NONE', #796, #1558, #395, .T. ) ;
#1623 = AXIS2_PLACEMENT_3D ( 'NONE', #1391, #154, #272 ) ;
#1624 = VECTOR ( 'NONE', #1076, 1000.000000000000000 ) ;
#1625 = DIRECTION ( 'NONE',  ( 0.000000000000000000, 0.000000000000000000, 1.000000000000000000 ) ) ;
#1626 = VECTOR ( 'NONE', #799, 1000.000000000000000 ) ;
#1627 = VERTEX_POINT ( 'NONE', #493 ) ;
#1628 = DIRECTION ( 'NONE',  ( 0.7801941079345083851, 0.6255374920372692715, 0.000000000000000000 ) ) ;
#1629 = CARTESIAN_POINT ( 'NONE',  ( -11.31281456505040062, -9.070293634540361083, 13.24999999999999822 ) ) ;
#1630 = DIRECTION ( 'NONE',  ( 1.000000000000000000, 0.000000000000000000, 0.000000000000000000 ) ) ;
#1631 = DIRECTION ( 'NONE',  ( 0.000000000000000000, 0.000000000000000000, 1.000000000000000000 ) ) ;
#1632 = EDGE_CURVE ( 'NONE', #478, #1529, #1188, .T. ) ;
#1633 = FACE_OUTER_BOUND ( 'NONE', #906, .T. ) ;
#1634 = ORIENTED_EDGE ( 'NONE', *, *, #119, .T. ) ;
#1635 = LINE ( 'NONE', #287, #672 ) ;
#1636 = ORIENTED_EDGE ( 'NONE', *, *, #189, .T. ) ;
#1637 = PLANE ( 'NONE',  #55 ) ;
#1638 = DIRECTION ( 'NONE',  ( 0.3628991713355904647, 0.9318284130911343999, 0.000000000000000000 ) ) ;
#1639 = CARTESIAN_POINT ( 'NONE',  ( 9.070293634540359307, -11.31281456505039351, 13.24999999999999822 ) ) ;
#1640 = EDGE_CURVE ( 'NONE', #199, #1747, #308, .T. ) ;
#1641 = EDGE_CURVE ( 'NONE', #636, #1606, #626, .T. ) ;
#1642 = ORIENTED_EDGE ( 'NONE', *, *, #467, .F. ) ;
#1643 = DIRECTION ( 'NONE',  ( 0.9884366633728575158, 0.1516343051566239886, 0.000000000000000000 ) ) ;
#1644 = ORIENTED_EDGE ( 'NONE', *, *, #1263, .F. ) ;
#1645 = EDGE_CURVE ( 'NONE', #428, #984, #535, .T. ) ;
#1646 = ORIENTED_EDGE ( 'NONE', *, *, #1461, .T. ) ;
#1647 = DIRECTION ( 'NONE',  ( -0.3628991713355899651, -0.9318284130911345109, -0.000000000000000000 ) ) ;
#1648 = CARTESIAN_POINT ( 'NONE',  ( -13.84462406254351308, -6.969676073307945252, 13.24999999999999822 ) ) ;
#1649 = CONICAL_SURFACE ( 'NONE', #644, 16.24999999999999289, 0.7853981633974482790 ) ;
#1650 = ORIENTED_EDGE ( 'NONE', *, *, #279, .T. ) ;
#1651 = AXIS2_PLACEMENT_3D ( 'NONE', #1574, #349, #1758 ) ;
#1652 = AXIS2_PLACEMENT_3D ( 'NONE', #704, #573, #1495 ) ;
#1653 = EDGE_CURVE ( 'NONE', #66, #1576, #998, .T. ) ;
#1654 = AXIS2_PLACEMENT_3D ( 'NONE', #798, #1618, #88 ) ;
#1655 = FACE_OUTER_BOUND ( 'NONE', #563, .T. ) ;
#1656 = AXIS2_PLACEMENT_3D ( 'NONE', #812, #1496, #697 ) ;
#1657 = ORIENTED_EDGE ( 'NONE', *, *, #1012, .F. ) ;
#1658 = LINE ( 'NONE', #1373, #830 ) ;
#1659 = CARTESIAN_POINT ( 'NONE',  ( -13.51151198982143598, 5.262037984366063625, 13.24999999999999822 ) ) ;
#1660 = DIRECTION ( 'NONE',  ( -0.000000000000000000, -0.000000000000000000, 1.000000000000000000 ) ) ;
#1661 = DIRECTION ( 'NONE',  ( -0.000000000000000000, -0.000000000000000000, 1.000000000000000000 ) ) ;
#1662 = VERTEX_POINT ( 'NONE', #760 ) ;
#1663 = LINE ( 'NONE', #1305, #592 ) ;
#1664 = EDGE_CURVE ( 'NONE', #1279, #73, #1052, .T. ) ;
#1665 = VERTEX_POINT ( 'NONE', #923 ) ;
#1666 = DIRECTION ( 'NONE',  ( 0.7071067811865507924, 0.000000000000000000, 0.7071067811865441310 ) ) ;
#1667 = CARTESIAN_POINT ( 'NONE',  ( -11.31281456505039174, -9.070293634540362859, 13.24999999999999822 ) ) ;
#1668 = LINE ( 'NONE', #439, #886 ) ;
#1669 = CARTESIAN_POINT ( 'NONE',  ( 0.000000000000000000, 0.000000000000000000, 13.99999999999999112 ) ) ;
#1670 = VERTEX_POINT ( 'NONE', #1581 ) ;
#1671 = LINE ( 'NONE', #301, #362 ) ;
#1672 = EDGE_LOOP ( 'NONE', ( #701, #1586 ) ) ;
#1673 = PLANE ( 'NONE',  #452 ) ;
#1674 = DIRECTION ( 'NONE',  ( -0.9318284130911345109, 0.3628991713355899651, 0.000000000000000000 ) ) ;
#1675 = APPROVAL_ROLE ( '' ) ;
#1676 = LINE ( 'NONE', #1025, #617 ) ;
#1677 = ADVANCED_FACE ( 'NONE', ( #358 ), #254, .F. ) ;
#1678 = ORIENTED_EDGE ( 'NONE', *, *, #1467, .F. ) ;
#1679 = AXIS2_PLACEMENT_3D ( 'NONE', #527, #1628, #545 ) ;
#1680 = AXIS2_PLACEMENT_3D ( 'NONE', #1347, #1474, #123 ) ;
#1681 = VECTOR ( 'NONE', #1187, 1000.000000000000114 ) ;
#1682 = ORIENTED_EDGE ( 'NONE', *, *, #1012, .T. ) ;
#1683 = VECTOR ( 'NONE', #1098, 1000.000000000000000 ) ;
#1684 = DIRECTION ( 'NONE',  ( 0.000000000000000000, 0.000000000000000000, 1.000000000000000000 ) ) ;
#1685 = LINE ( 'NONE', #1667, #596 ) ;
#1686 = VECTOR ( 'NONE', #1501, 1000.000000000000000 ) ;
#1687 = CARTESIAN_POINT ( 'NONE',  ( -9.070293634540362859, 11.31281456505039174, 1.749999999999998890 ) ) ;
#1688 = EDGE_CURVE ( 'NONE', #66, #159, #908, .T. ) ;
#1689 = VERTEX_POINT ( 'NONE', #1077 ) ;
#1690 = ORIENTED_EDGE ( 'NONE', *, *, #1010, .F. ) ;
#1691 = DIRECTION ( 'NONE',  ( 0.9983634955265787703, -0.05718680617022628421, 0.000000000000000000 ) ) ;
#1692 = DIRECTION ( 'NONE',  ( -0.000000000000000000, 0.000000000000000000, -1.000000000000000000 ) ) ;
#1693 = APPROVAL_STATUS ( 'not_yet_approved' ) ;
#1694 = DIRECTION ( 'NONE',  ( -0.000000000000000000, 0.000000000000000000, -1.000000000000000000 ) ) ;
#1695 = EDGE_LOOP ( 'NONE', ( #1152, #1568, #1300, #368 ) ) ;
#1696 = VERTEX_POINT ( 'NONE', #782 ) ;
#1697 = LINE ( 'NONE', #1167, #1198 ) ;
#1698 = CARTESIAN_POINT ( 'NONE',  ( 0.000000000000000000, 0.000000000000000000, 0.000000000000000000 ) ) ;
#1699 = DATE_AND_TIME ( #1274, #29 ) ;
#1700 = EDGE_CURVE ( 'NONE', #945, #1321, #1199, .T. ) ;
#1701 = DIRECTION ( 'NONE',  ( -0.000000000000000000, 0.000000000000000000, -1.000000000000000000 ) ) ;
#1702 = CARTESIAN_POINT ( 'NONE',  ( -15.32076828227928722, -2.350331729927666036, 13.24999999999999822 ) ) ;
#1703 = ORIENTED_EDGE ( 'NONE', *, *, #1092, .T. ) ;
#1704 = ORIENTED_EDGE ( 'NONE', *, *, #1583, .F. ) ;
#1705 = EDGE_CURVE ( 'NONE', #103, #665, #1516, .T. ) ;
#1706 = CIRCLE ( 'NONE', #169, 15.49999999999999645 ) ;
#1707 = CARTESIAN_POINT ( 'NONE',  ( 12.12221382065307118, -7.956251132686031902, 13.24999999999999822 ) ) ;
#1708 = DIRECTION ( 'NONE',  ( 0.05718680617022609686, 0.9983634955265787703, 0.000000000000000000 ) ) ;
#1709 = APPROVAL_ROLE ( '' ) ;
#1710 = AXIS2_PLACEMENT_3D ( 'NONE', #292, #698, #1118 ) ;
#1711 = VECTOR ( 'NONE', #42, 1000.000000000000000 ) ;
#1712 = DIRECTION ( 'NONE',  ( -0.000000000000000000, 0.000000000000000000, -1.000000000000000000 ) ) ;
#1713 = CARTESIAN_POINT ( 'NONE',  ( -0.8863954956385082795, -15.47463418066197427, 1.749999999999998890 ) ) ;
#1714 = CIRCLE ( 'NONE', #116, 15.49999999999999645 ) ;
#1715 = ADVANCED_FACE ( 'NONE', ( #36 ), #667, .F. ) ;
#1716 = CYLINDRICAL_SURFACE ( 'NONE', #1364, 15.49999999999999822 ) ;
#1717 = ORIENTED_EDGE ( 'NONE', *, *, #27, .T. ) ;
#1718 = DIRECTION ( 'NONE',  ( -0.7801941079345083851, -0.6255374920372692715, -0.000000000000000000 ) ) ;
#1719 = DIRECTION ( 'NONE',  ( 0.000000000000000000, 0.000000000000000000, 1.000000000000000000 ) ) ;
#1720 = EDGE_CURVE ( 'NONE', #227, #199, #9, .T. ) ;
#1721 = FACE_OUTER_BOUND ( 'NONE', #19, .T. ) ;
#1722 = EDGE_CURVE ( 'NONE', #1365, #801, #824, .T. ) ;
#1723 = CARTESIAN_POINT ( 'NONE',  ( 0.000000000000000000, 0.000000000000000000, 1.749999999999999778 ) ) ;
#1724 = DIRECTION ( 'NONE',  ( 0.9318284130911346219, -0.3628991713355899651, 0.000000000000000000 ) ) ;
#1725 = EDGE_LOOP ( 'NONE', ( #1246, #242, #1124, #572 ) ) ;
#1726 = CARTESIAN_POINT ( 'NONE',  ( 12.95822856690501013, -8.504958107354033459, 1.749999999999998890 ) ) ;
#1727 = CARTESIAN_POINT ( 'NONE',  ( 12.95822856690501013, -8.504958107354033459, 13.24999999999999822 ) ) ;
#1728 = EDGE_LOOP ( 'NONE', ( #156, #766, #383, #1737 ) ) ;
#1729 = CARTESIAN_POINT ( 'NONE',  ( 5.624937155701648095, 14.44334040291257892, 13.24999999999999822 ) ) ;
#1730 = CARTESIAN_POINT ( 'NONE',  ( 13.51151198982143420, -5.262037984366067178, 13.24999999999999822 ) ) ;
#1731 = EDGE_CURVE ( 'NONE', #896, #1360, #973, .T. ) ;
#1732 = FACE_OUTER_BOUND ( 'NONE', #1342, .T. ) ;
#1733 = EDGE_CURVE ( 'NONE', #1529, #150, #1668, .T. ) ;
#1734 = ORIENTED_EDGE ( 'NONE', *, *, #1338, .T. ) ;
#1735 = DIRECTION ( 'NONE',  ( -0.9983634955265787703, 0.05718680617022628421, 0.000000000000000000 ) ) ;
#1736 = VECTOR ( 'NONE', #1643, 1000.000000000000114 ) ;
#1737 = ORIENTED_EDGE ( 'NONE', *, *, #208, .T. ) ;
#1738 = LINE ( 'NONE', #492, #1681 ) ;
#1739 = CARTESIAN_POINT ( 'NONE',  ( 15.00000000000000000, 0.000000000000000000, 15.00000000000000000 ) ) ;
#1740 = AXIS2_PLACEMENT_3D ( 'NONE', #1639, #1376, #306 ) ;
#1741 = CIRCLE ( 'NONE', #1652, 17.00000000000000000 ) ;
#1742 = CC_DESIGN_APPROVAL ( #267, ( #1432 ) ) ;
#1743 = VECTOR ( 'NONE', #325, 1000.000000000000000 ) ;
#1744 = DIRECTION ( 'NONE',  ( -0.000000000000000000, 0.000000000000000000, -1.000000000000000000 ) ) ;
#1745 = EDGE_CURVE ( 'NONE', #40, #408, #793, .T. ) ;
#1746 = VECTOR ( 'NONE', #1316, 1000.000000000000000 ) ;
#1747 = VERTEX_POINT ( 'NONE', #141 ) ;
#1748 = LINE ( 'NONE', #347, #32 ) ;
#1749 = ORIENTED_EDGE ( 'NONE', *, *, #1070, .T. ) ;
#1750 = DIRECTION ( 'NONE',  ( 0.05718680617022627727, 0.9983634955265787703, -0.000000000000000000 ) ) ;
#1751 = LINE ( 'NONE', #931, #1227 ) ;
#1752 = LINE ( 'NONE', #1612, #1424 ) ;
#1753 = EDGE_LOOP ( 'NONE', ( #860, #1164, #1678, #1351 ) ) ;
#1754 = EDGE_CURVE ( 'NONE', #1238, #1602, #57, .T. ) ;
#1755 = DIRECTION ( 'NONE',  ( 0.000000000000000000, 0.000000000000000000, 1.000000000000000000 ) ) ;
#1756 = EDGE_LOOP ( 'NONE', ( #1460, #56, #967, #1166 ) ) ;
#1757 = LINE ( 'NONE', #1117, #1624 ) ;
#1758 = DIRECTION ( 'NONE',  ( -0.4496565208585766582, 0.8932015524221620373, 0.000000000000000000 ) ) ;
#1759 = ADVANCED_FACE ( 'NONE', ( #1128 ), #1355, .F. ) ;
#1760 = CYLINDRICAL_SURFACE ( 'NONE', #204, 17.00000000000000000 ) ;
#1761 = CARTESIAN_POINT ( 'NONE',  ( 0.000000000000000000, 0.000000000000000000, 1.749999999999998890 ) ) ;
#1762 = VERTEX_POINT ( 'NONE', #132 ) ;
#1763 = DIRECTION ( 'NONE',  ( -0.9884366633728576268, -0.1516343051566240163, 0.000000000000000000 ) ) ;
#1764 = ADVANCED_FACE ( 'NONE', ( #679 ), #1497, .F. ) ;
#1765 = ORIENTED_EDGE ( 'NONE', *, *, #1553, .T. ) ;
#1766 = ORIENTED_EDGE ( 'NONE', *, *, #1731, .F. ) ;
#1767 = CYLINDRICAL_SURFACE ( 'NONE', #201, 15.49999999999999822 ) ;
#1768 = PLANE ( 'NONE',  #1740 ) ;
#1769 = AXIS2_PLACEMENT_3D ( 'NONE', #281, #1661, #432 ) ;
ENDSEC;
END-ISO-10303-21;
