ISO-10303-21;
HEADER;
FILE_DESCRIPTION (( 'STEP AP203' ),
    '1' );
FILE_NAME ('Pièce4_Extremetees_Défaut_sldprt.STEP',
    '2023-12-03T16:39:10',
    ( 'LIA INFO' ),
    ( '' ),
    'SwSTEP 2.0',
    'SolidWorks 2022',
    '' );
FILE_SCHEMA (( 'CONFIG_CONTROL_DESIGN' ));
ENDSEC;

DATA;
#1 = CARTESIAN_POINT ( 'NONE',  ( 0.000000000000000000, 0.000000000000000000, 0.000000000000000000 ) ) ;
#2 = CARTESIAN_POINT ( 'NONE',  ( -3.500000000000001776, 8.996555543133669098E-16, 16.00000000000000000 ) ) ;
#3 = DIRECTION ( 'NONE',  ( 1.224646799147353454E-16, 0.000000000000000000, -1.000000000000000000 ) ) ;
#4 = ADVANCED_FACE ( 'NONE', ( #406 ), #644, .F. ) ;
#5 = ORIENTED_EDGE ( 'NONE', *, *, #292, .F. ) ;
#6 = CARTESIAN_POINT ( 'NONE',  ( 6.399462994285995521, 1.826269968219662587, 4.706712499231935354 ) ) ;
#7 = DIRECTION ( 'NONE',  ( -1.000000000000000000, 0.000000000000000000, 0.000000000000000000 ) ) ;
#8 = PERSON_AND_ORGANIZATION_ROLE ( 'design_supplier' ) ;
#9 = LOCAL_TIME ( 17, 39, 10.00000000000000000, #446 ) ;
#10 = DIRECTION ( 'NONE',  ( 0.000000000000000000, 0.5401155783877840122, 0.8415908518887484924 ) ) ;
#11 = EDGE_CURVE ( 'NONE', #672, #163, #1030, .T. ) ;
#12 = CARTESIAN_POINT ( 'NONE',  ( -5.043001715372910532, 2.707900264945805713, 6.829148490018524420 ) ) ;
#13 = MANIFOLD_SOLID_BREP ( 'Congé9', #802 ) ;
#14 = CARTESIAN_POINT ( 'NONE',  ( 6.631177465956517025, 1.816906639243023758, 5.147784429114344640 ) ) ;
#15 = CARTESIAN_POINT ( 'NONE',  ( 5.726533171133909583, 2.290795750296777289, 6.212218566022294830 ) ) ;
#16 = EDGE_CURVE ( 'NONE', #1066, #567, #933, .T. ) ;
#17 = CARTESIAN_POINT ( 'NONE',  ( 6.447825974039306018, 1.826269968219662587, 4.732064397147880186 ) ) ;
#18 = PERSON_AND_ORGANIZATION ( #832, #973 ) ;
#19 = FACE_OUTER_BOUND ( 'NONE', #1123, .T. ) ;
#20 = FACE_OUTER_BOUND ( 'NONE', #137, .T. ) ;
#21 = B_SPLINE_CURVE_WITH_KNOTS ( 'NONE', 3,
 ( #172, #679, #419, #586, #500, #1124, #516, #945, #612, #955, #940, #165 ),
 .UNSPECIFIED., .F., .F.,
 ( 4, 2, 2, 2, 2, 4 ),
 ( 0.002212661574429940128, 0.003836520992700669878, 0.004648450701836033018, 0.005460380410971394857, 0.007084239829242118536, 0.008708099247512843949 ),
 .UNSPECIFIED. ) ;
#22 = CARTESIAN_POINT ( 'NONE',  ( 6.451100280684007870, 1.871692466368246155, 5.468812650770072281 ) ) ;
#23 = VERTEX_POINT ( 'NONE', #1013 ) ;
#24 = CARTESIAN_POINT ( 'NONE',  ( -6.354197234835130992, 1.922771421567680328, 5.176716911914840402 ) ) ;
#25 = VECTOR ( 'NONE', #1143, 1000.000000000000000 ) ;
#26 = CARTESIAN_POINT ( 'NONE',  ( 0.000000000000000000, 1.576269968219662587, 4.242640687119284770 ) ) ;
#27 = CARTESIAN_POINT ( 'NONE',  ( 0.3334487288954059991, 4.209908049479307302, 8.714108764256929263 ) ) ;
#28 = CARTESIAN_POINT ( 'NONE',  ( 6.634111256065339468, 1.816092012255992705, 5.184216220919112494 ) ) ;
#29 = VERTEX_POINT ( 'NONE', #228 ) ;
#30 = EDGE_CURVE ( 'NONE', #440, #1068, #455, .T. ) ;
#31 = FACE_OUTER_BOUND ( 'NONE', #660, .T. ) ;
#32 = CARTESIAN_POINT ( 'NONE',  ( 3.446674497211068999, -0.6157855475276761137, 15.79851237078796267 ) ) ;
#33 = DIRECTION ( 'NONE',  ( -0.000000000000000000, -0.000000000000000000, -1.000000000000000000 ) ) ;
#34 = CARTESIAN_POINT ( 'NONE',  ( -6.639061558866687918, 1.814544070792395436, 5.396751957915514097 ) ) ;
#35 = PRODUCT_DEFINITION_SHAPE ( 'NONE', 'NONE',  #866 ) ;
#36 = CARTESIAN_POINT ( 'NONE',  ( -6.763429939591026674, 1.732273855835906762, 5.026212794716040655 ) ) ;
#37 = ORIENTED_EDGE ( 'NONE', *, *, #148, .T. ) ;
#38 = LINE ( 'NONE', #193, #638 ) ;
#39 = DIRECTION ( 'NONE',  ( -0.000000000000000000, -0.000000000000000000, -1.000000000000000000 ) ) ;
#40 = ORIENTED_EDGE ( 'NONE', *, *, #210, .T. ) ;
#41 = CARTESIAN_POINT ( 'NONE',  ( 3.354084547118552528, 1.000058425548312258, 14.86922311346277326 ) ) ;
#42 = CARTESIAN_POINT ( 'NONE',  ( 3.276353429906319281, 3.576850454298434734, 7.727698628831430661 ) ) ;
#43 = CARTESIAN_POINT ( 'NONE',  ( -6.636492290402318694, 1.815339959376792933, 5.237199664263727961 ) ) ;
#44 = ORIENTED_EDGE ( 'NONE', *, *, #405, .F. ) ;
#45 = FACE_OUTER_BOUND ( 'NONE', #176, .T. ) ;
#46 = EDGE_CURVE ( 'NONE', #163, #672, #187, .T. ) ;
#47 = AXIS2_PLACEMENT_3D ( 'NONE', #673, #1032, #413 ) ;
#48 = AXIS2_PLACEMENT_3D ( 'NONE', #717, #1067, #966 ) ;
#49 = CARTESIAN_POINT ( 'NONE',  ( -6.508412341511687238, 1.853074962565393946, 5.224321183081690023 ) ) ;
#50 = DIRECTION ( 'NONE',  ( -0.000000000000000000, 1.224646799147353207E-16, -1.000000000000000000 ) ) ;
#51 = ORIENTED_EDGE ( 'NONE', *, *, #11, .T. ) ;
#52 = LINE ( 'NONE', #308, #397 ) ;
#53 = CC_DESIGN_PERSON_AND_ORGANIZATION_ASSIGNMENT ( #364, #713, ( #656 ) ) ;
#54 = CARTESIAN_POINT ( 'NONE',  ( 3.010684772969479894, 3.676051811785540746, 7.882271017217815867 ) ) ;
#55 = B_SPLINE_CURVE_WITH_KNOTS ( 'NONE', 3,
 ( #595, #868, #161, #862, #1058, #1151, #609, #964, #502, #175, #520, #358 ),
 .UNSPECIFIED., .F., .F.,
 ( 4, 2, 2, 2, 2, 4 ),
 ( 0.008708099247512843949, 0.009517869312308427365, 0.01032763937710401252, 0.01194717950669518108, 0.01356671963628635139, 0.01518625976587751995 ),
 .UNSPECIFIED. ) ;
#56 = ORIENTED_EDGE ( 'NONE', *, *, #11, .F. ) ;
#57 = CARTESIAN_POINT ( 'NONE',  ( 6.444029587772138079, 1.826269968219662809, 4.998809731378087484 ) ) ;
#58 = CARTESIAN_POINT ( 'NONE',  ( -0.3279835639030203587, 4.205562774191588638, 8.707338095019800051 ) ) ;
#59 = CARTESIAN_POINT ( 'NONE',  ( 6.177794709887118429, 1.984679116330948734, 5.246828077619773545 ) ) ;
#60 = CARTESIAN_POINT ( 'NONE',  ( -5.464023947567309136, 2.447320630881359982, 6.447038212392145695 ) ) ;
#61 = EDGE_CURVE ( 'NONE', #504, #576, #426, .T. ) ;
#62 = ORIENTED_EDGE ( 'NONE', *, *, #340, .F. ) ;
#63 = CARTESIAN_POINT ( 'NONE',  ( 6.256522874973898141, 2.002200481187985215, 5.616267569898058198 ) ) ;
#64 = CARTESIAN_POINT ( 'NONE',  ( 1.371373137076872029, 4.202890131075871061, 8.703173667836660243 ) ) ;
#65 = VECTOR ( 'NONE', #1044, 1000.000000000000000 ) ;
#66 = DIRECTION ( 'NONE',  ( 0.000000000000000000, 0.000000000000000000, 1.000000000000000000 ) ) ;
#67 = AXIS2_PLACEMENT_3D ( 'NONE', #535, #431, #7 ) ;
#68 = CC_DESIGN_PERSON_AND_ORGANIZATION_ASSIGNMENT ( #18, #789, ( #782 ) ) ;
#69 = FACE_OUTER_BOUND ( 'NONE', #150, .T. ) ;
#70 = CARTESIAN_POINT ( 'NONE',  ( -1.374441340206822737, 4.098614702475139815, 8.843479542051850828 ) ) ;
#71 = CARTESIAN_POINT ( 'NONE',  ( 6.665963110253628088, 1.806828772424116769, 5.133609696257103394 ) ) ;
#72 = CARTESIAN_POINT ( 'NONE',  ( -5.674051669565086442, 2.338869916453148790, 6.236285533260120140 ) ) ;
#73 = CARTESIAN_POINT ( 'NONE',  ( -4.024345201336424260, 3.266949528422266713, 7.244820899239297951 ) ) ;
#74 = DIRECTION ( 'NONE',  ( 0.5189037154132636331, 0.000000000000000000, -0.8548326936484770266 ) ) ;
#75 = ORIENTED_EDGE ( 'NONE', *, *, #961, .F. ) ;
#76 = CARTESIAN_POINT ( 'NONE',  ( 10.00000000000000000, 1.826269968219662587, 5.000000000000000000 ) ) ;
#77 = CARTESIAN_POINT ( 'NONE',  ( 0.6718296158556620323, 4.189648497563676521, 8.682540977216872236 ) ) ;
#78 = CYLINDRICAL_SURFACE ( 'NONE', #892, 0.2500000000000002220 ) ;
#79 = CARTESIAN_POINT ( 'NONE',  ( 0.000000000000000000, -3.306546357697853733E-15, 20.00000000000000000 ) ) ;
#80 = ORIENTED_EDGE ( 'NONE', *, *, #746, .T. ) ;
#81 = ORIENTED_EDGE ( 'NONE', *, *, #30, .F. ) ;
#82 = FACE_BOUND ( 'NONE', #485, .T. ) ;
#83 = CARTESIAN_POINT ( 'NONE',  ( 10.00000000000000000, 0.000000000000000000, 15.00000000000000000 ) ) ;
#84 = EDGE_CURVE ( 'NONE', #499, #935, #1145, .T. ) ;
#85 = AXIS2_PLACEMENT_3D ( 'NONE', #254, #1053, #433 ) ;
#86 = CARTESIAN_POINT ( 'NONE',  ( -5.871339452991453101, 2.226692296631187507, 6.032699345915683686 ) ) ;
#87 = ORIENTED_EDGE ( 'NONE', *, *, #503, .T. ) ;
#88 = DIRECTION ( 'NONE',  ( 0.000000000000000000, 0.000000000000000000, 1.000000000000000000 ) ) ;
#89 = AXIS2_PLACEMENT_3D ( 'NONE', #1051, #275, #74 ) ;
#90 = ORIENTED_EDGE ( 'NONE', *, *, #632, .T. ) ;
#91 = CARTESIAN_POINT ( 'NONE',  ( -6.447825974038565278, 1.826269968219662587, 4.732064397147607515 ) ) ;
#92 = DIRECTION ( 'NONE',  ( -1.000000000000000000, 0.000000000000000000, 0.000000000000000000 ) ) ;
#93 = CARTESIAN_POINT ( 'NONE',  ( -3.465489561667693952, -0.5051656851811453519, 15.87291082359611494 ) ) ;
#94 = VERTEX_POINT ( 'NONE', #705 ) ;
#95 = CARTESIAN_POINT ( 'NONE',  ( 0.000000000000000000, 1.576269968219662587, 0.000000000000000000 ) ) ;
#96 = ORIENTED_EDGE ( 'NONE', *, *, #118, .F. ) ;
#97 = FACE_OUTER_BOUND ( 'NONE', #617, .T. ) ;
#98 = LINE ( 'NONE', #618, #123 ) ;
#99 = EDGE_CURVE ( 'NONE', #567, #1066, #256, .T. ) ;
#100 = CARTESIAN_POINT ( 'NONE',  ( -6.151020859049729061, 1.998881695867804398, 5.777240928187052482 ) ) ;
#101 = CARTESIAN_POINT ( 'NONE',  ( 6.625210149017149774, 1.818559238640570230, 5.709013308745682025 ) ) ;
#102 = APPROVAL_STATUS ( 'not_yet_approved' ) ;
#103 =( GEOMETRIC_REPRESENTATION_CONTEXT ( 3 ) GLOBAL_UNCERTAINTY_ASSIGNED_CONTEXT ( ( #1047 ) ) GLOBAL_UNIT_ASSIGNED_CONTEXT ( ( #179, #981, #810 ) ) REPRESENTATION_CONTEXT ( 'NONE', 'WORKASPACE' ) );
#104 = CARTESIAN_POINT ( 'NONE',  ( 6.591676845412013819, 1.824882376568566666, 4.896340778560499096 ) ) ;
#105 = CIRCLE ( 'NONE', #226, 6.806461509065898419 ) ;
#106 = VECTOR ( 'NONE', #874, 1000.000000000000000 ) ;
#107 = DIRECTION ( 'NONE',  ( 0.5189037154125921703, 0.000000000000000000, 0.8548326936488844785 ) ) ;
#108 = ORIENTED_EDGE ( 'NONE', *, *, #30, .T. ) ;
#109 = APPLICATION_PROTOCOL_DEFINITION ( 'international standard', 'config_control_design', 1994, #1147 ) ;
#110 = CARTESIAN_POINT ( 'NONE',  ( -6.632941223970893141, 1.816395654935278436, 5.175498926733596683 ) ) ;
#111 = CARTESIAN_POINT ( 'NONE',  ( 5.954829064800030380, 2.147082229917741891, 5.499879424742305289 ) ) ;
#112 = CARTESIAN_POINT ( 'NONE',  ( 3.389670191559907231, 0.8733955994180295779, 15.50410476216258537 ) ) ;
#113 = CYLINDRICAL_SURFACE ( 'NONE', #893, 7.000000000000000000 ) ;
#114 = CARTESIAN_POINT ( 'NONE',  ( 6.464177886191748712, 1.834921196141948485, 5.023375298334842753 ) ) ;
#115 = ORIENTED_EDGE ( 'NONE', *, *, #551, .T. ) ;
#116 = CARTESIAN_POINT ( 'NONE',  ( -6.202207389725076681, 1.974422394022957050, 5.230846380349706060 ) ) ;
#117 = CARTESIAN_POINT ( 'NONE',  ( 4.334170855235496056, 3.108671601166569154, 7.418650410198101675 ) ) ;
#118 = EDGE_CURVE ( 'NONE', #479, #499, #1041, .T. ) ;
#119 = CARTESIAN_POINT ( 'NONE',  ( -0.6320070398739814355, 4.188002651330647197, 8.679976472157662215 ) ) ;
#120 = CARTESIAN_POINT ( 'NONE',  ( 6.351385710616925806, 1.881378410200795548, 5.712998281213024221 ) ) ;
#121 = CARTESIAN_POINT ( 'NONE',  ( -6.306991369294598471, 1.934933509401966178, 5.179205147217984972 ) ) ;
#122 = CARTESIAN_POINT ( 'NONE',  ( 3.354096081168902455, -1.000019739161274623, 15.13169363547101121 ) ) ;
#123 = VECTOR ( 'NONE', #1140, 1000.000000000000000 ) ;
#124 = B_SPLINE_CURVE_WITH_KNOTS ( 'NONE', 3,
 ( #828, #1111, #315, #926, #1017, #232, #573, #695 ),
 .UNSPECIFIED., .F., .F.,
 ( 4, 2, 2, 4 ),
 ( 0.001764768157437544664, 0.001810948665109817423, 0.001857129172782090399, 0.001949490188126635050 ),
 .UNSPECIFIED. ) ;
#125 = DIRECTION ( 'NONE',  ( -0.000000000000000000, -0.000000000000000000, -1.000000000000000000 ) ) ;
#126 = EDGE_CURVE ( 'NONE', #440, #902, #514, .T. ) ;
#127 = CARTESIAN_POINT ( 'NONE',  ( 6.639061558866787394, 1.814544070792365016, 5.396751957912391262 ) ) ;
#128 = CARTESIAN_POINT ( 'NONE',  ( -6.485850998530763967, 1.840356174164458070, 5.055338815896504023 ) ) ;
#129 = SPHERICAL_SURFACE ( 'NONE', #692, 4.000000000000000000 ) ;
#130 = ORIENTED_EDGE ( 'NONE', *, *, #551, .F. ) ;
#131 = CARTESIAN_POINT ( 'NONE',  ( 0.000000000000000000, -2.081899558550500280E-15, 10.00000000000000178 ) ) ;
#132 = CARTESIAN_POINT ( 'NONE',  ( 6.007370208709575721, 2.175403646007936675, 5.826260169137076339 ) ) ;
#133 = DIRECTION ( 'NONE',  ( 0.000000000000000000, 1.000000000000000000, 0.000000000000000000 ) ) ;
#134 = DIRECTION ( 'NONE',  ( 1.000000000000000000, 0.000000000000000000, 0.000000000000000000 ) ) ;
#135 = ORIENTED_EDGE ( 'NONE', *, *, #388, .F. ) ;
#136 = EDGE_CURVE ( 'NONE', #430, #1119, #975, .T. ) ;
#137 = EDGE_LOOP ( 'NONE', ( #337, #230, #886, #1059, #641, #1037, #318, #787 ) ) ;
#138 = CARTESIAN_POINT ( 'NONE',  ( 3.500000000000001776, -8.556363109619627339E-16, 16.00000000000000000 ) ) ;
#139 = CARTESIAN_POINT ( 'NONE',  ( -6.508963994980049073, 1.848438957854924514, 5.157064497072890497 ) ) ;
#140 = ORIENTED_EDGE ( 'NONE', *, *, #136, .T. ) ;
#141 = CARTESIAN_POINT ( 'NONE',  ( 3.465619142146695086, -0.5041672621904205176, 14.12658936491592065 ) ) ;
#142 = EDGE_CURVE ( 'NONE', #515, #460, #659, .T. ) ;
#143 = AXIS2_PLACEMENT_3D ( 'NONE', #398, #1117, #319 ) ;
#144 = TOROIDAL_SURFACE ( 'NONE', #438, 4.242640687119284770, 0.2500000000000000000 ) ;
#145 = CARTESIAN_POINT ( 'NONE',  ( -6.634111256065518880, 1.816092012255938082, 5.184216220922436946 ) ) ;
#146 = VERTEX_POINT ( 'NONE', #156 ) ;
#147 = CARTESIAN_POINT ( 'NONE',  ( -6.177794709897470149, 1.984679116323669001, 5.246828077608430618 ) ) ;
#148 = EDGE_CURVE ( 'NONE', #359, #780, #55, .T. ) ;
#149 = CARTESIAN_POINT ( 'NONE',  ( -6.563373598027846256, 1.826269968219662587, 4.802204544851829127 ) ) ;
#150 = EDGE_LOOP ( 'NONE', ( #51, #313, #242, #712 ) ) ;
#151 = DIRECTION ( 'NONE',  ( -4.846817391879199022E-12, 0.000000000000000000, 1.000000000000000000 ) ) ;
#152 = EDGE_LOOP ( 'NONE', ( #585, #81, #841, #833 ) ) ;
#153 = B_SPLINE_CURVE_WITH_KNOTS ( 'NONE', 3,
 ( #538, #533, #17, #888 ),
 .UNSPECIFIED., .F., .F.,
 ( 4, 4 ),
 ( 0.000000000000000000, 0.0004010203470740094853 ),
 .UNSPECIFIED. ) ;
#154 = CARTESIAN_POINT ( 'NONE',  ( -0.8232529477036882870, 4.171411385142998363, 8.654124490834599115 ) ) ;
#155 = EDGE_CURVE ( 'NONE', #780, #94, #271, .T. ) ;
#156 = CARTESIAN_POINT ( 'NONE',  ( 6.806461509065897530, 1.634650337412983268, 0.000000000000000000 ) ) ;
#157 = ORIENTED_EDGE ( 'NONE', *, *, #427, .T. ) ;
#158 = DIRECTION ( 'NONE',  ( 0.000000000000000000, 1.000000000000000000, 0.000000000000000000 ) ) ;
#159 = CARTESIAN_POINT ( 'NONE',  ( -3.896030051650419157, 3.315778106868230157, 7.320904031396894496 ) ) ;
#160 = AXIS2_PLACEMENT_3D ( 'NONE', #323, #39, #919 ) ;
#161 = CARTESIAN_POINT ( 'NONE',  ( -0.5442273481639751109, 4.191242098113882264, 8.974181211791906421 ) ) ;
#162 = CIRCLE ( 'NONE', #67, 0.2500000000000002220 ) ;
#163 = VERTEX_POINT ( 'NONE', #637 ) ;
#164 = ORIENTED_EDGE ( 'NONE', *, *, #878, .F. ) ;
#165 = CARTESIAN_POINT ( 'NONE',  ( -1.522880585770263724E-11, 4.204762858682161486, 8.993195916168341242 ) ) ;
#166 = CARTESIAN_POINT ( 'NONE',  ( -1.706525134441067015, 4.036762327193862632, 8.755999026851371880 ) ) ;
#167 = B_SPLINE_CURVE_WITH_KNOTS ( 'NONE', 3,
 ( #468, #1105, #845, #796, #745, #480, #314, #842, #1101, #404 ),
 .UNSPECIFIED., .F., .F.,
 ( 4, 3, 3, 4 ),
 ( 4.791388595340527389E-17, 8.332579390878819010E-05, 0.0002336366418947549977, 0.0003810915721678162331 ),
 .UNSPECIFIED. ) ;
#168 = CARTESIAN_POINT ( 'NONE',  ( -3.500000000000001776, 1.224693618920299417E-16, 13.99999999999999822 ) ) ;
#169 = ORIENTED_EDGE ( 'NONE', *, *, #996, .F. ) ;
#170 = CARTESIAN_POINT ( 'NONE',  ( -6.448747151721834214, 1.826269968219662587, 4.732623704346218041 ) ) ;
#171 = ORIENTED_EDGE ( 'NONE', *, *, #469, .T. ) ;
#172 = CARTESIAN_POINT ( 'NONE',  ( 5.471895201929138253, 2.444053093061790971, 6.438692568066389121 ) ) ;
#173 = FACE_OUTER_BOUND ( 'NONE', #253, .T. ) ;
#174 = EDGE_CURVE ( 'NONE', #880, #1066, #400, .T. ) ;
#175 = CARTESIAN_POINT ( 'NONE',  ( -4.734864588652994755, 2.889185510205324103, 7.096505152377901915 ) ) ;
#176 = EDGE_LOOP ( 'NONE', ( #534, #959, #396, #369 ) ) ;
#177 = FACE_OUTER_BOUND ( 'NONE', #1107, .T. ) ;
#178 = ORIENTED_EDGE ( 'NONE', *, *, #61, .T. ) ;
#179 =( LENGTH_UNIT ( ) NAMED_UNIT ( * ) SI_UNIT ( .MILLI., .METRE. ) );
#180 = DIRECTION ( 'NONE',  ( 0.000000000000000000, 0.5734623443633283246, -0.8192319205190404796 ) ) ;
#181 = CC_DESIGN_PERSON_AND_ORGANIZATION_ASSIGNMENT ( #722, #972, ( #333 ) ) ;
#182 = CARTESIAN_POINT ( 'NONE',  ( -1.308969836977061263, 4.114267724039209817, 8.565085062325744403 ) ) ;
#183 = AXIS2_PLACEMENT_3D ( 'NONE', #131, #664, #931 ) ;
#184 = CARTESIAN_POINT ( 'NONE',  ( -6.632941223970893141, 1.816395654935278436, 5.175498926733596683 ) ) ;
#185 = ORIENTED_EDGE ( 'NONE', *, *, #16, .T. ) ;
#186 = CARTESIAN_POINT ( 'NONE',  ( -6.371274485291344547, 1.826269968219473405, 4.965445860147227997 ) ) ;
#187 = CIRCLE ( 'NONE', #525, 3.500000000000001776 ) ;
#188 = ORIENTED_EDGE ( 'NONE', *, *, #558, .F. ) ;
#189 = COORDINATED_UNIVERSAL_TIME_OFFSET ( 1, 0, .AHEAD. ) ;
#190 = B_SPLINE_CURVE_WITH_KNOTS ( 'NONE', 3,
 ( #110, #825, #301, #36, #1014, #472 ),
 .UNSPECIFIED., .F., .F.,
 ( 4, 2, 4 ),
 ( 0.0001153647066241551329, 0.0002761775127812117611, 0.0004369903189382683757 ),
 .UNSPECIFIED. ) ;
#191 = EDGE_CURVE ( 'NONE', #902, #146, #105, .T. ) ;
#192 = ORIENTED_EDGE ( 'NONE', *, *, #469, .F. ) ;
#193 = CARTESIAN_POINT ( 'NONE',  ( 4.286263797015738074E-16, -3.500000000000003997, 10.00000000000000178 ) ) ;
#194 = ORIENTED_EDGE ( 'NONE', *, *, #366, .T. ) ;
#195 = COORDINATED_UNIVERSAL_TIME_OFFSET ( 1, 0, .AHEAD. ) ;
#196 = DIRECTION ( 'NONE',  ( 0.000000000000000000, 0.8415908518887486034, -0.5401155783877841232 ) ) ;
#197 = DIRECTION ( 'NONE',  ( -0.000000000000000000, -0.000000000000000000, -1.000000000000000000 ) ) ;
#198 = CARTESIAN_POINT ( 'NONE',  ( -3.465619142146695530, 0.5041672621904204066, 14.12658936491592421 ) ) ;
#199 = APPROVAL_DATE_TIME ( #903, #302 ) ;
#200 = DIRECTION ( 'NONE',  ( 0.000000000000000000, -1.000000000000000000, -1.224646799147353207E-16 ) ) ;
#201 = CARTESIAN_POINT ( 'NONE',  ( -5.728483034393627271, 2.289654927539847229, 6.210535852701207560 ) ) ;
#202 = TOROIDAL_SURFACE ( 'NONE', #85, 4.242640687119284770, 0.2500000000000000000 ) ;
#203 = CARTESIAN_POINT ( 'NONE',  ( 6.179716378466670434, 2.233409193504492851, 5.634391343547754616 ) ) ;
#204 = AXIS2_PLACEMENT_3D ( 'NONE', #507, #606, #481 ) ;
#205 = CARTESIAN_POINT ( 'NONE',  ( 0.000000000000000000, 0.000000000000000000, 5.000000000000000000 ) ) ;
#206 = CARTESIAN_POINT ( 'NONE',  ( 6.387490687059735883, 1.931721192455358560, 5.287438951762521988 ) ) ;
#207 = DATE_AND_TIME ( #883, #9 ) ;
#208 = CARTESIAN_POINT ( 'NONE',  ( 3.492207625110312907, 0.2632416658389382658, 15.97358589800907147 ) ) ;
#209 = CARTESIAN_POINT ( 'NONE',  ( 5.471895201929138253, 2.444053093061790971, 6.438692568066389121 ) ) ;
#210 = EDGE_CURVE ( 'NONE', #274, #769, #751, .T. ) ;
#211 = CARTESIAN_POINT ( 'NONE',  ( -6.353365869903872643, 1.859626910412634837, 5.051975722456264251 ) ) ;
#212 = CARTESIAN_POINT ( 'NONE',  ( -3.408830337340927219, 0.7992185073637501080, 14.38496556921132807 ) ) ;
#213 = ORIENTED_EDGE ( 'NONE', *, *, #733, .T. ) ;
#214 = CARTESIAN_POINT ( 'NONE',  ( -6.336677052241279640, 1.926748196655702516, 5.175660377060546047 ) ) ;
#215 = CARTESIAN_POINT ( 'NONE',  ( 6.336677052240172969, 1.926748196656092871, 5.175660377061004347 ) ) ;
#216 = CARTESIAN_POINT ( 'NONE',  ( 3.362146498450968135, -0.9740305859285230961, 14.73788492384394466 ) ) ;
#217 = CARTESIAN_POINT ( 'NONE',  ( 6.793550036096211109, 1.688411953449230785, 4.999999999999998224 ) ) ;
#218 = DIRECTION ( 'NONE',  ( 0.000000000000000000, 1.000000000000000000, 0.000000000000000000 ) ) ;
#219 = CARTESIAN_POINT ( 'NONE',  ( 6.508412341511890631, 1.853074962565166350, 5.224321183079309705 ) ) ;
#220 = CARTESIAN_POINT ( 'NONE',  ( -6.619921633425756013, 1.819891908717877760, 5.041399380006807540 ) ) ;
#221 = CARTESIAN_POINT ( 'NONE',  ( 0.000000000000000000, 0.000000000000000000, 5.000000000000000000 ) ) ;
#222 = ORIENTED_EDGE ( 'NONE', *, *, #1039, .F. ) ;
#223 = AXIS2_PLACEMENT_3D ( 'NONE', #1, #635, #1069 ) ;
#224 = CARTESIAN_POINT ( 'NONE',  ( 6.405849840062565193, 1.913085243772888466, 5.219114618349904866 ) ) ;
#225 = CARTESIAN_POINT ( 'NONE',  ( 3.500000000000002665, -0.1328548843624554887, 16.00000000000000711 ) ) ;
#226 = AXIS2_PLACEMENT_3D ( 'NONE', #624, #977, #280 ) ;
#227 = EDGE_CURVE ( 'NONE', #274, #479, #153, .T. ) ;
#228 = CARTESIAN_POINT ( 'NONE',  ( 3.500000000000001776, -8.556363109619627339E-16, 16.00000000000000000 ) ) ;
#229 = CARTESIAN_POINT ( 'NONE',  ( -6.292643820772267027, 1.997867633348641370, 5.446627631945246684 ) ) ;
#230 = ORIENTED_EDGE ( 'NONE', *, *, #309, .T. ) ;
#231 = CARTESIAN_POINT ( 'NONE',  ( 6.177794709893364988, 1.984679116328310400, 5.246828077615662167 ) ) ;
#232 = CARTESIAN_POINT ( 'NONE',  ( 6.227036462600858080, 1.964241483435560154, 5.215551611609090976 ) ) ;
#233 = CARTESIAN_POINT ( 'NONE',  ( 4.040154014903832191, 3.259674140903103812, 7.233484622662437857 ) ) ;
#234 = CARTESIAN_POINT ( 'NONE',  ( -6.209337395895470735, 2.051864185810958308, 5.563988486059586513 ) ) ;
#235 = ADVANCED_FACE ( 'NONE', ( #992 ), #113, .T. ) ;
#236 = ORIENTED_EDGE ( 'NONE', *, *, #46, .F. ) ;
#237 = CARTESIAN_POINT ( 'NONE',  ( -6.177794709897471037, 2.826269968219662587, 4.706712499231935354 ) ) ;
#238 = CARTESIAN_POINT ( 'NONE',  ( -6.577782121591735809, 1.826634941067422302, 6.297652344317491213 ) ) ;
#239 = CARTESIAN_POINT ( 'NONE',  ( 6.311678627867335578, 1.826269968219662587, 4.706712435438934250 ) ) ;
#240 = APPROVAL_PERSON_ORGANIZATION ( #378, #885, #708 ) ;
#241 = CARTESIAN_POINT ( 'NONE',  ( -5.868839043224438612, 1.704426376176133573, 6.455903215516473281 ) ) ;
#242 = ORIENTED_EDGE ( 'NONE', *, *, #443, .F. ) ;
#243 = CARTESIAN_POINT ( 'NONE',  ( 6.445784937003177895, 1.895381745092487469, 5.402551042768876322 ) ) ;
#244 = CARTESIAN_POINT ( 'NONE',  ( -0.3447776040185547841, 4.199458192301399606, 8.985732576216417300 ) ) ;
#245 = CYLINDRICAL_SURFACE ( 'NONE', #850, 1.000000000000000000 ) ;
#246 = DIRECTION ( 'NONE',  ( -0.000000000000000000, -0.000000000000000000, -1.000000000000000000 ) ) ;
#247 = ORIENTED_EDGE ( 'NONE', *, *, #793, .F. ) ;
#248 = CARTESIAN_POINT ( 'NONE',  ( 0.000000000000000000, 0.000000000000000000, 0.000000000000000000 ) ) ;
#249 = CARTESIAN_POINT ( 'NONE',  ( 5.195736337412959222E-16, 1.826269968219662587, -4.242640687119284770 ) ) ;
#250 = CARTESIAN_POINT ( 'NONE',  ( -0.1672576147628495880, 4.204938420838868041, 8.993443018841375647 ) ) ;
#251 = CARTESIAN_POINT ( 'NONE',  ( -3.446931226558458849, -0.6144681256160789973, 14.20031005031906091 ) ) ;
#252 = ORIENTED_EDGE ( 'NONE', *, *, #227, .F. ) ;
#253 = EDGE_LOOP ( 'NONE', ( #259, #965, #690, #281 ) ) ;
#254 = CARTESIAN_POINT ( 'NONE',  ( 0.000000000000000000, 1.576269968219662587, 0.000000000000000000 ) ) ;
#255 = CIRCLE ( 'NONE', #1088, 7.000000000000000000 ) ;
#256 = CIRCLE ( 'NONE', #693, 3.993073587876974084 ) ;
#257 = AXIS2_PLACEMENT_3D ( 'NONE', #488, #320, #218 ) ;
#258 = EDGE_CURVE ( 'NONE', #266, #486, #295, .T. ) ;
#259 = ORIENTED_EDGE ( 'NONE', *, *, #968, .F. ) ;
#260 = CARTESIAN_POINT ( 'NONE',  ( -6.444029587772151402, 1.826269968219662809, 4.998809731378094590 ) ) ;
#261 = ORIENTED_EDGE ( 'NONE', *, *, #155, .F. ) ;
#262 = LINE ( 'NONE', #700, #65 ) ;
#263 = CARTESIAN_POINT ( 'NONE',  ( 6.492982137973460688, 1.816155445794721324, 7.024596349048056076 ) ) ;
#264 = CARTESIAN_POINT ( 'NONE',  ( -0.6841805111120189409, 4.276545679504454078, 8.817941392058665784 ) ) ;
#265 = DIRECTION ( 'NONE',  ( -0.000000000000000000, 1.224646799147353207E-16, -1.000000000000000000 ) ) ;
#266 = VERTEX_POINT ( 'NONE', #1073 ) ;
#267 = CARTESIAN_POINT ( 'NONE',  ( 0.000000000000000000, 3.500000000000001776, -7.000000000000000000 ) ) ;
#268 = ORIENTED_EDGE ( 'NONE', *, *, #328, .F. ) ;
#269 = CARTESIAN_POINT ( 'NONE',  ( 5.871458125038244269, 2.226624451936355165, 6.032575844837749557 ) ) ;
#270 = CARTESIAN_POINT ( 'NONE',  ( -2.244071893124790940, 3.915894732573388826, 8.255986599774869816 ) ) ;
#271 = B_SPLINE_CURVE_WITH_KNOTS ( 'NONE', 3,
 ( #342, #72, #86, #1064, #616, #526, #970, #184 ),
 .UNSPECIFIED., .F., .F.,
 ( 4, 2, 2, 4 ),
 ( -9.660521047000952797E-06, 0.0009047212751897333463, 0.001361912173308100571, 0.001819103071426467688 ),
 .UNSPECIFIED. ) ;
#272 = CARTESIAN_POINT ( 'NONE',  ( 10.00000000000000000, 0.000000000000000000, 16.00000000000000000 ) ) ;
#273 = CARTESIAN_POINT ( 'NONE',  ( -3.465618008019304863, -0.5041961542674737728, 14.12659241239881425 ) ) ;
#274 = VERTEX_POINT ( 'NONE', #448 ) ;
#275 = DIRECTION ( 'NONE',  ( 0.8548326936484772487, 4.505632217415360163E-12, 0.5189037154132633001 ) ) ;
#276 = ORIENTED_EDGE ( 'NONE', *, *, #758, .F. ) ;
#277 = PERSON_AND_ORGANIZATION ( #832, #973 ) ;
#278 = CARTESIAN_POINT ( 'NONE',  ( 6.620337377750108665, 1.819759280510231614, 5.042765901348260194 ) ) ;
#279 = ADVANCED_FACE ( 'NONE', ( #20 ), #546, .T. ) ;
#280 = DIRECTION ( 'NONE',  ( 0.000000000000000000, 0.000000000000000000, -1.000000000000000000 ) ) ;
#281 = ORIENTED_EDGE ( 'NONE', *, *, #503, .F. ) ;
#282 = CALENDAR_DATE ( 2023, 3, 12 ) ;
#283 = ADVANCED_FACE ( 'NONE', ( #380 ), #869, .T. ) ;
#284 = DIRECTION ( 'NONE',  ( 5.875508413133445629E-12, 0.000000000000000000, 1.000000000000000000 ) ) ;
#285 = CARTESIAN_POINT ( 'NONE',  ( -4.800905375270488662, 3.041078506756820232, 6.892875883863572639 ) ) ;
#286 = CARTESIAN_POINT ( 'NONE',  ( 6.625835706199152852, 1.818379270216073262, 5.086555977943313600 ) ) ;
#287 = ORIENTED_EDGE ( 'NONE', *, *, #1080, .T. ) ;
#288 = CALENDAR_DATE ( 2023, 3, 12 ) ;
#289 = DIRECTION ( 'NONE',  ( 0.000000000000000000, -1.224646799147353207E-16, 1.000000000000000000 ) ) ;
#290 = CARTESIAN_POINT ( 'NONE',  ( 6.177794709899640857, 2.826269968219662587, 4.706712499231935354 ) ) ;
#291 = CARTESIAN_POINT ( 'NONE',  ( 6.599270956435084656, 1.824077757555966794, 4.921344141138297879 ) ) ;
#292 = EDGE_CURVE ( 'NONE', #350, #23, #1072, .T. ) ;
#293 = APPROVAL_ROLE ( '' ) ;
#294 = CARTESIAN_POINT ( 'NONE',  ( -6.093270870111582305, 2.124191661263469033, 5.717062584872264708 ) ) ;
#295 = CIRCLE ( 'NONE', #818, 1.000000000000000222 ) ;
#296 = CARTESIAN_POINT ( 'NONE',  ( 6.551705923997579895, 1.700612412741892232, 5.330256203622290911 ) ) ;
#297 = CIRCLE ( 'NONE', #934, 0.2500000000000002220 ) ;
#298 = CARTESIAN_POINT ( 'NONE',  ( -6.582942103352014129, 1.952481777290647980, 5.196659211777465259 ) ) ;
#299 = CARTESIAN_POINT ( 'NONE',  ( -1.258620761184982451, 4.121551515437983149, 8.576434433559525061 ) ) ;
#300 = CARTESIAN_POINT ( 'NONE',  ( 6.635379520654826280, 1.815733946107747743, 5.503875510790887660 ) ) ;
#301 = CARTESIAN_POINT ( 'NONE',  ( -6.699602272900597733, 1.790282820388503726, 5.093449165011420199 ) ) ;
#302 = APPROVAL ( #530, 'UNSPECIFIED' ) ;
#303 = CARTESIAN_POINT ( 'NONE',  ( 6.583047016215916258, 1.952408685013861556, 5.196545321725134059 ) ) ;
#304 = CARTESIAN_POINT ( 'NONE',  ( 0.000000000000000000, 1.826269968219662587, 4.242640687119284770 ) ) ;
#305 = CARTESIAN_POINT ( 'NONE',  ( 6.619921633425316365, 1.819891908717981677, 5.041399380003857011 ) ) ;
#306 = DIRECTION ( 'NONE',  ( 1.000000000000000000, 0.000000000000000000, 0.000000000000000000 ) ) ;
#307 = CARTESIAN_POINT ( 'NONE',  ( 4.818453377488721046, 2.844956852349433518, 7.031868916349576004 ) ) ;
#308 = CARTESIAN_POINT ( 'NONE',  ( 4.286263797015738074E-16, -3.500000000000001776, -7.000000000000000000 ) ) ;
#309 = EDGE_CURVE ( 'NONE', #515, #1155, #38, .T. ) ;
#310 = FACE_OUTER_BOUND ( 'NONE', #417, .T. ) ;
#311 = CARTESIAN_POINT ( 'NONE',  ( -6.388155667652022807, 1.913419888429286342, 5.182136393160053700 ) ) ;
#312 = CARTESIAN_POINT ( 'NONE',  ( -6.227039014954896423, 1.964240948033708634, 5.215551938039199698 ) ) ;
#313 = ORIENTED_EDGE ( 'NONE', *, *, #961, .T. ) ;
#314 = CARTESIAN_POINT ( 'NONE',  ( -6.602001394201368889, 1.823267728053179271, 4.944314892395665240 ) ) ;
#315 = CARTESIAN_POINT ( 'NONE',  ( 6.306946913667487387, 1.934948021733620793, 5.179218766573302268 ) ) ;
#316 = VECTOR ( 'NONE', #246, 1000.000000000000000 ) ;
#317 = PRODUCT_RELATED_PRODUCT_CATEGORY ( 'detail', '', ( #333 ) ) ;
#318 = ORIENTED_EDGE ( 'NONE', *, *, #1039, .T. ) ;
#319 = DIRECTION ( 'NONE',  ( 0.000000000000000000, 0.000000000000000000, 1.000000000000000000 ) ) ;
#320 = DIRECTION ( 'NONE',  ( -0.000000000000000000, 1.224646799147353207E-16, -1.000000000000000000 ) ) ;
#321 = EDGE_LOOP ( 'NONE', ( #62, #602, #550, #287, #140 ) ) ;
#322 = ORIENTED_EDGE ( 'NONE', *, *, #227, .T. ) ;
#323 = CARTESIAN_POINT ( 'NONE',  ( 0.000000000000000000, 0.000000000000000000, 5.000000000000000000 ) ) ;
#324 = CARTESIAN_POINT ( 'NONE',  ( 5.377922990974297157, 2.524088063792492065, 6.087317879757354611 ) ) ;
#325 = CARTESIAN_POINT ( 'NONE',  ( -4.300557411918632944, 3.287896591495794940, 7.277459944217764765 ) ) ;
#326 = CARTESIAN_POINT ( 'NONE',  ( -5.789720686854447962, 1.609791972504718727, 6.501754204913058111 ) ) ;
#327 = VERTEX_POINT ( 'NONE', #792 ) ;
#328 = EDGE_CURVE ( 'NONE', #23, #479, #473, .T. ) ;
#329 = CARTESIAN_POINT ( 'NONE',  ( -7.000000000000000000, 0.000000000000000000, 5.000000000000000000 ) ) ;
#330 = CIRCLE ( 'NONE', #47, 7.000000000000000000 ) ;
#331 = EDGE_LOOP ( 'NONE', ( #40, #764, #971, #252 ) ) ;
#332 = CARTESIAN_POINT ( 'NONE',  ( 2.462608585361436564, 3.853610928832319704, 8.158937965099712031 ) ) ;
#333 = PRODUCT ( 'Pièce4_Extremetees_Défaut_sldprt', 'Pièce4_Extremetees_Défaut_sldprt', '', ( #536 ) ) ;
#334 = CARTESIAN_POINT ( 'NONE',  ( -2.659960873179288310, 3.787759272836763280, 8.401151225204197104 ) ) ;
#335 = CARTESIAN_POINT ( 'NONE',  ( 10.00000000000000000, 2.826269968219662587, 4.706712499231935354 ) ) ;
#336 = CARTESIAN_POINT ( 'NONE',  ( -6.362987024244618262, 1.920776277301243340, 5.177246932268708690 ) ) ;
#337 = ORIENTED_EDGE ( 'NONE', *, *, #443, .T. ) ;
#338 = DIRECTION ( 'NONE',  ( -0.000000000000000000, 1.224646799147353207E-16, -1.000000000000000000 ) ) ;
#339 = FACE_BOUND ( 'NONE', #1109, .T. ) ;
#340 = EDGE_CURVE ( 'NONE', #776, #1119, #98, .T. ) ;
#341 = CARTESIAN_POINT ( 'NONE',  ( 2.360245970869760512, 3.878182975622515904, 8.530351525855676798 ) ) ;
#342 = CARTESIAN_POINT ( 'NONE',  ( -5.471895201929048547, 2.444053093061847814, 6.438692568066474387 ) ) ;
#343 = ORIENTED_EDGE ( 'NONE', *, *, #494, .F. ) ;
#344 = CYLINDRICAL_SURFACE ( 'NONE', #490, 3.500000000000001776 ) ;
#345 = ADVANCED_FACE ( 'NONE', ( #864 ), #808, .F. ) ;
#346 = CARTESIAN_POINT ( 'NONE',  ( 2.642909004315530108, 3.919107175223474737, 8.260992125359717164 ) ) ;
#347 = CARTESIAN_POINT ( 'NONE',  ( 0.000000000000000000, 1.826269968219662587, 0.000000000000000000 ) ) ;
#348 = CARTESIAN_POINT ( 'NONE',  ( -6.177794709897470149, 1.984679116323669001, 5.246828077608430618 ) ) ;
#349 = ORIENTED_EDGE ( 'NONE', *, *, #697, .T. ) ;
#350 = VERTEX_POINT ( 'NONE', #707 ) ;
#351 = DIRECTION ( 'NONE',  ( 1.000000000000000000, 0.000000000000000000, 0.000000000000000000 ) ) ;
#352 = LOCAL_TIME ( 17, 39, 10.00000000000000000, #189 ) ;
#353 = CARTESIAN_POINT ( 'NONE',  ( -2.329900495092510848, 4.006102803061525108, 8.396545935456391163 ) ) ;
#354 = EDGE_CURVE ( 'NONE', #672, #460, #1060, .T. ) ;
#355 = CARTESIAN_POINT ( 'NONE',  ( -3.492213940374857994, -0.2629899886636615225, 14.02640314199350158 ) ) ;
#356 = ORIENTED_EDGE ( 'NONE', *, *, #191, .T. ) ;
#357 = DIRECTION ( 'NONE',  ( 0.000000000000000000, 0.000000000000000000, 1.000000000000000000 ) ) ;
#358 = CARTESIAN_POINT ( 'NONE',  ( -5.471895201929048547, 2.444053093061847814, 6.438692568066474387 ) ) ;
#359 = VERTEX_POINT ( 'NONE', #527 ) ;
#360 = EDGE_CURVE ( 'NONE', #499, #146, #162, .T. ) ;
#361 = DATE_AND_TIME ( #450, #1112 ) ;
#362 = CARTESIAN_POINT ( 'NONE',  ( -3.500000000000002665, -0.1309641947749979052, 13.99999999999999822 ) ) ;
#363 = CARTESIAN_POINT ( 'NONE',  ( -3.492199905233665191, 0.2631358747190589153, 14.02645478935060019 ) ) ;
#364 = PERSON_AND_ORGANIZATION ( #832, #973 ) ;
#365 = CARTESIAN_POINT ( 'NONE',  ( 0.000000000000000000, 3.499999999999999556, 10.00000000000000178 ) ) ;
#366 = EDGE_CURVE ( 'NONE', #935, #902, #549, .T. ) ;
#367 = CARTESIAN_POINT ( 'NONE',  ( -0.7899578517915475384, 4.174512585762297334, 8.658956682638551783 ) ) ;
#368 = CARTESIAN_POINT ( 'NONE',  ( 6.806461509065898419, 1.634650337412983268, 5.000000000000000000 ) ) ;
#369 = ORIENTED_EDGE ( 'NONE', *, *, #84, .F. ) ;
#370 = DATE_TIME_ROLE ( 'classification_date' ) ;
#371 = FACE_OUTER_BOUND ( 'NONE', #575, .T. ) ;
#372 = CARTESIAN_POINT ( 'NONE',  ( -4.862334278720498837, 2.821511773106466503, 6.550754008818134189 ) ) ;
#373 = CARTESIAN_POINT ( 'NONE',  ( 6.485850998530135136, 1.840356174164196723, 5.055338815894947047 ) ) ;
#374 = APPLICATION_PROTOCOL_DEFINITION ( 'international standard', 'config_control_design', 1994, #547 ) ;
#375 = LINE ( 'NONE', #6, #106 ) ;
#376 = ADVANCED_FACE ( 'NONE', ( #177 ), #144, .T. ) ;
#377 = CARTESIAN_POINT ( 'NONE',  ( 6.397585451861020900, 1.923584097923828562, 5.262991479662784577 ) ) ;
#378 = PERSON_AND_ORGANIZATION ( #832, #973 ) ;
#379 = DIRECTION ( 'NONE',  ( 0.000000000000000000, -1.000000000000000000, 0.000000000000000000 ) ) ;
#380 = FACE_OUTER_BOUND ( 'NONE', #984, .T. ) ;
#381 = EDGE_CURVE ( 'NONE', #146, #856, #711, .T. ) ;
#382 = LOCAL_TIME ( 17, 39, 10.00000000000000000, #1078 ) ;
#383 = EDGE_LOOP ( 'NONE', ( #755, #1031, #169, #759 ) ) ;
#384 = CARTESIAN_POINT ( 'NONE',  ( 0.000000000000000000, 1.826269968219662587, 0.000000000000000000 ) ) ;
#385 = CARTESIAN_POINT ( 'NONE',  ( 5.839577832598341622, 2.271453113016193903, 6.032045634427884551 ) ) ;
#386 = CARTESIAN_POINT ( 'NONE',  ( -3.362280268298187824, 0.9735322132565775721, 15.26317268711211206 ) ) ;
#387 = ORIENTED_EDGE ( 'NONE', *, *, #292, .T. ) ;
#388 = EDGE_CURVE ( 'NONE', #870, #567, #297, .T. ) ;
#389 = CARTESIAN_POINT ( 'NONE',  ( 6.336677052241364905, 1.926748196655822198, 5.175660377061075401 ) ) ;
#390 = CARTESIAN_POINT ( 'NONE',  ( -6.595937272644828653, 1.824611926812542473, 6.105051039827918302 ) ) ;
#391 = DIRECTION ( 'NONE',  ( 1.000000000000000000, -0.000000000000000000, 0.000000000000000000 ) ) ;
#392 = VERTEX_POINT ( 'NONE', #521 ) ;
#393 = CARTESIAN_POINT ( 'NONE',  ( 5.787441503095088535, 2.259186464720845500, 5.674556664658062743 ) ) ;
#394 = CARTESIAN_POINT ( 'NONE',  ( 6.577782121591885023, 1.826634941067417639, 6.297652344316184703 ) ) ;
#395 = CARTESIAN_POINT ( 'NONE',  ( -6.387490687059028893, 1.931721192455907010, 5.287438951764107387 ) ) ;
#396 = ORIENTED_EDGE ( 'NONE', *, *, #366, .F. ) ;
#397 = VECTOR ( 'NONE', #936, 1000.000000000000000 ) ;
#398 = CARTESIAN_POINT ( 'NONE',  ( 0.000000000000000000, 1.576269968219662587, 0.000000000000000000 ) ) ;
#399 = CARTESIAN_POINT ( 'NONE',  ( -3.500000000000001776, 8.996555543133669098E-16, 16.00000000000000000 ) ) ;
#400 = CIRCLE ( 'NONE', #1011, 0.2500000000000002220 ) ;
#401 = AXIS2_PLACEMENT_3D ( 'NONE', #626, #289, #200 ) ;
#402 = CARTESIAN_POINT ( 'NONE',  ( -6.563373598027830269, 1.576269968219662587, 5.000000000000000000 ) ) ;
#403 = CARTESIAN_POINT ( 'NONE',  ( -5.574046660339567083, 2.401822861046573276, 6.330530936432471556 ) ) ;
#404 = CARTESIAN_POINT ( 'NONE',  ( -6.563373598027830269, 1.826269968219662587, 4.802204544851793599 ) ) ;
#405 = EDGE_CURVE ( 'NONE', #576, #504, #589, .T. ) ;
#406 = FACE_OUTER_BOUND ( 'NONE', #603, .T. ) ;
#407 = CARTESIAN_POINT ( 'NONE',  ( 6.563373598027888889, 1.826269968219662587, 4.802204544851664814 ) ) ;
#408 = CARTESIAN_POINT ( 'NONE',  ( 3.492213940374857550, 0.2629899886636618556, 14.02640314199350335 ) ) ;
#409 = CARTESIAN_POINT ( 'NONE',  ( -3.377002800094965451, 3.537533344406315283, 7.666435963335500148 ) ) ;
#410 = CARTESIAN_POINT ( 'NONE',  ( 0.000000000000000000, 1.826269968219662587, 0.000000000000000000 ) ) ;
#411 = CARTESIAN_POINT ( 'NONE',  ( 0.000000000000000000, -3.306546357697853733E-15, 20.00000000000000000 ) ) ;
#412 = VERTEX_POINT ( 'NONE', #914 ) ;
#413 = DIRECTION ( 'NONE',  ( 1.000000000000000000, 0.000000000000000000, 0.000000000000000000 ) ) ;
#414 = AXIS2_PLACEMENT_3D ( 'NONE', #982, #196, #10 ) ;
#415 = CARTESIAN_POINT ( 'NONE',  ( 1.320733111231166435, 4.112446614618176177, 8.562247467761990194 ) ) ;
#416 = CARTESIAN_POINT ( 'NONE',  ( -3.408810867278972978, -0.7993212302589779439, 14.38505230801627555 ) ) ;
#417 = EDGE_LOOP ( 'NONE', ( #863, #188, #268, #5 ) ) ;
#418 = ORIENTED_EDGE ( 'NONE', *, *, #258, .F. ) ;
#419 = CARTESIAN_POINT ( 'NONE',  ( 4.740722588105195534, 2.885933384723877282, 7.091725390322628719 ) ) ;
#420 = ADVANCED_FACE ( 'NONE', ( #310 ), #506, .F. ) ;
#421 = CARTESIAN_POINT ( 'NONE',  ( 1.706022403674105181, 4.144944928429854514, 8.612885302884816241 ) ) ;
#422 = CARTESIAN_POINT ( 'NONE',  ( -3.389670191559909451, -0.8733955994180295779, 15.50410476216258537 ) ) ;
#423 = CARTESIAN_POINT ( 'NONE',  ( -3.265507852126924959, 3.580985558275121328, 7.734141815841099721 ) ) ;
#424 = ORIENTED_EDGE ( 'NONE', *, *, #662, .T. ) ;
#425 = DIRECTION ( 'NONE',  ( 0.000000000000000000, 0.000000000000000000, 1.000000000000000000 ) ) ;
#426 = B_SPLINE_CURVE_WITH_KNOTS ( 'NONE', 3,
 ( #2, #1135, #437, #93, #1036, #854, #422, #442, #429, #779, #687, #773, #416, #251, #273, #355, #362, #168 ),
 .UNSPECIFIED., .F., .F.,
 ( 4, 2, 2, 2, 2, 2, 2, 2, 4 ),
 ( 8.736305328480601010E-19, 0.0003928641330506925182, 0.0007857282661013841691, 0.001178592399152072080, 0.001571456532202760098, 0.001964320665253448551, 0.002357184798304136353, 0.002750048931354824588, 0.003142913064405512390 ),
 .UNSPECIFIED. ) ;
#427 = EDGE_CURVE ( 'NONE', #953, #769, #1084, .T. ) ;
#428 = CARTESIAN_POINT ( 'NONE',  ( 1.723361338848634849, 4.033177108879209882, 8.750911930020054186 ) ) ;
#429 = CARTESIAN_POINT ( 'NONE',  ( -3.354119444685287554, -0.9999413755384469749, 15.13166888033556212 ) ) ;
#430 = VERTEX_POINT ( 'NONE', #1113 ) ;
#431 = DIRECTION ( 'NONE',  ( 0.000000000000000000, 0.000000000000000000, -1.000000000000000000 ) ) ;
#432 = ORIENTED_EDGE ( 'NONE', *, *, #309, .F. ) ;
#433 = DIRECTION ( 'NONE',  ( 0.000000000000000000, 0.000000000000000000, 1.000000000000000000 ) ) ;
#434 = AXIS2_PLACEMENT_3D ( 'NONE', #237, #505, #151 ) ;
#435 = CARTESIAN_POINT ( 'NONE',  ( 3.248378561712404800, 3.581716308006681171, 8.104954088966128012 ) ) ;
#436 = AXIS2_PLACEMENT_3D ( 'NONE', #657, #133, #762 ) ;
#437 = CARTESIAN_POINT ( 'NONE',  ( -3.492207625110313352, -0.2632416658389382103, 15.97358589800907147 ) ) ;
#438 = AXIS2_PLACEMENT_3D ( 'NONE', #95, #628, #88 ) ;
#439 = CARTESIAN_POINT ( 'NONE',  ( -3.500000000000002220, 0.1309286667429951367, 14.00000000000000000 ) ) ;
#440 = VERTEX_POINT ( 'NONE', #1005 ) ;
#441 = PERSON_AND_ORGANIZATION ( #832, #973 ) ;
#442 = CARTESIAN_POINT ( 'NONE',  ( -3.362335283428868227, -0.9733372090092335949, 15.26373502208824995 ) ) ;
#443 = EDGE_CURVE ( 'NONE', #460, #515, #1090, .T. ) ;
#444 = DIRECTION ( 'NONE',  ( 1.000000000000000000, -0.000000000000000000, 1.224646799147353207E-16 ) ) ;
#445 = ORIENTED_EDGE ( 'NONE', *, *, #174, .T. ) ;
#446 = COORDINATED_UNIVERSAL_TIME_OFFSET ( 1, 0, .AHEAD. ) ;
#447 = FACE_OUTER_BOUND ( 'NONE', #678, .T. ) ;
#448 = CARTESIAN_POINT ( 'NONE',  ( 6.177794709899640857, 1.826269968219662587, 4.706712499231935354 ) ) ;
#449 = CARTESIAN_POINT ( 'NONE',  ( -6.311678627865479285, 1.826269968219662587, 4.706712435438237918 ) ) ;
#450 = CALENDAR_DATE ( 2023, 3, 12 ) ;
#451 = CARTESIAN_POINT ( 'NONE',  ( 5.683523105114566931, 2.349450774528700325, 6.208631270696499449 ) ) ;
#452 = CC_DESIGN_APPROVAL ( #302, ( #656 ) ) ;
#453 = AXIS2_PLACEMENT_3D ( 'NONE', #785, #600, #958 ) ;
#454 = CARTESIAN_POINT ( 'NONE',  ( 6.618469212925941036, 1.820243334685439862, 5.808875344099961424 ) ) ;
#455 = CIRCLE ( 'NONE', #783, 7.000000000000000000 ) ;
#456 = PERSON_AND_ORGANIZATION ( #832, #973 ) ;
#457 = CARTESIAN_POINT ( 'NONE',  ( 6.612527151337578957, 1.821621612713898442, 4.993223942210453181 ) ) ;
#458 = ADVANCED_FACE ( 'NONE', ( #912 ), #835, .T. ) ;
#459 = CARTESIAN_POINT ( 'NONE',  ( 0.000000000000000000, -2.081899558550500280E-15, 10.00000000000000178 ) ) ;
#460 = VERTEX_POINT ( 'NONE', #969 ) ;
#461 = CARTESIAN_POINT ( 'NONE',  ( -3.500000000000002665, 0.1328548843624554332, 16.00000000000000355 ) ) ;
#462 = SECURITY_CLASSIFICATION_LEVEL ( 'unclassified' ) ;
#463 = CARTESIAN_POINT ( 'NONE',  ( -6.175792678333698049, 2.073575056158069252, 5.611118782010302120 ) ) ;
#464 = CC_DESIGN_DATE_AND_TIME_ASSIGNMENT ( #361, #370, ( #782 ) ) ;
#465 = DIRECTION ( 'NONE',  ( -1.000000000000000000, 0.000000000000000000, 0.000000000000000000 ) ) ;
#466 = CARTESIAN_POINT ( 'NONE',  ( -3.500000000000001776, 8.996555543133669098E-16, 16.00000000000000000 ) ) ;
#467 = CARTESIAN_POINT ( 'NONE',  ( -6.266047063587928179, 1.949310573336711316, 5.195480627771024373 ) ) ;
#468 = CARTESIAN_POINT ( 'NONE',  ( -6.632941223970893141, 1.816395654935278436, 5.175498926733596683 ) ) ;
#469 = EDGE_CURVE ( 'NONE', #870, #880, #1148, .T. ) ;
#470 = CC_DESIGN_SECURITY_CLASSIFICATION ( #782, ( #656 ) ) ;
#471 = CARTESIAN_POINT ( 'NONE',  ( -0.3123917000116121501, 4.206044094359271845, 8.708088072739680996 ) ) ;
#472 = CARTESIAN_POINT ( 'NONE',  ( -6.806461509065897530, 1.634650337412983268, 5.000000000000000000 ) ) ;
#473 = CIRCLE ( 'NONE', #89, 1.000000000000000000 ) ;
#474 = CARTESIAN_POINT ( 'NONE',  ( 3.362280268298189601, -0.9735322132565770170, 15.26317268711211383 ) ) ;
#475 = CARTESIAN_POINT ( 'NONE',  ( -6.503820765359014544, 1.855882286689567673, 5.262892970726763764 ) ) ;
#476 = EDGE_CURVE ( 'NONE', #23, #769, #124, .T. ) ;
#477 = DIRECTION ( 'NONE',  ( 0.000000000000000000, 0.000000000000000000, 1.000000000000000000 ) ) ;
#478 = ADVANCED_BREP_SHAPE_REPRESENTATION ( 'PiÞce4_Extremetees_DÚfaut_sldprt', ( #13, #223 ), #103 ) ;
#479 = VERTEX_POINT ( 'NONE', #877 ) ;
#480 = CARTESIAN_POINT ( 'NONE',  ( -6.612527151337475928, 1.821621612713915761, 4.993223942210376798 ) ) ;
#481 = DIRECTION ( 'NONE',  ( 0.000000000000000000, 0.000000000000000000, 1.000000000000000000 ) ) ;
#482 = CARTESIAN_POINT ( 'NONE',  ( 2.178962775444470701, 3.932544961219214041, 8.281930454517976159 ) ) ;
#483 = CARTESIAN_POINT ( 'NONE',  ( 0.000000000000000000, 0.000000000000000000, 5.000000000000000000 ) ) ;
#484 = CARTESIAN_POINT ( 'NONE',  ( -6.177794709897470149, 1.984679116323669001, 5.246828077608430618 ) ) ;
#485 = EDGE_LOOP ( 'NONE', ( #882, #706 ) ) ;
#486 = VERTEX_POINT ( 'NONE', #772 ) ;
#487 = CYLINDRICAL_SURFACE ( 'NONE', #160, 7.000000000000000000 ) ;
#488 = CARTESIAN_POINT ( 'NONE',  ( 0.000000000000000000, -2.081899558550500280E-15, 10.00000000000000178 ) ) ;
#489 = CARTESIAN_POINT ( 'NONE',  ( -6.351385710616064273, 1.881378410200752027, 5.712998281214816565 ) ) ;
#490 = AXIS2_PLACEMENT_3D ( 'NONE', #962, #338, #158 ) ;
#491 = ORIENTED_EDGE ( 'NONE', *, *, #540, .T. ) ;
#492 = CARTESIAN_POINT ( 'NONE',  ( -6.563373598027830269, 1.826269968219662587, 4.802204544851793599 ) ) ;
#493 = AXIS2_PLACEMENT_3D ( 'NONE', #402, #125, #1020 ) ;
#494 = EDGE_CURVE ( 'NONE', #935, #266, #1057, .T. ) ;
#495 = CARTESIAN_POINT ( 'NONE',  ( -6.635379520654731245, 1.815733946107777275, 5.503875510793712955 ) ) ;
#496 = ORIENTED_EDGE ( 'NONE', *, *, #476, .T. ) ;
#497 = CARTESIAN_POINT ( 'NONE',  ( 3.389888115943096469, -0.8725956800019885051, 14.49401909649234810 ) ) ;
#498 = CARTESIAN_POINT ( 'NONE',  ( -6.516772769824555667, 1.823136515797554091, 6.850818509412742507 ) ) ;
#499 = VERTEX_POINT ( 'NONE', #1150 ) ;
#500 = CARTESIAN_POINT ( 'NONE',  ( 3.934082425459350940, 3.289079114702573747, 7.680849965203690566 ) ) ;
#501 = CARTESIAN_POINT ( 'NONE',  ( 0.6984209452379767091, 4.280015822211449716, 8.823348457646076781 ) ) ;
#502 = CARTESIAN_POINT ( 'NONE',  ( -3.933960513999426478, 3.295507154413302331, 7.690788556956750455 ) ) ;
#503 = EDGE_CURVE ( 'NONE', #29, #504, #861, .T. ) ;
#504 = VERTEX_POINT ( 'NONE', #399 ) ;
#505 = DIRECTION ( 'NONE',  ( -1.000000000000000000, -0.000000000000000000, -4.846551053209168339E-12 ) ) ;
#506 =( BOUNDED_SURFACE ( )  B_SPLINE_SURFACE ( 3, 2, ( 
 ( #1012, #897, #389 ),
 ( #901, #114, #739 ),
 ( #291, #373, #1081 ),
 ( #305, #726, #539 ),
 ( #286, #1092, #889 ),
 ( #28, #219, #377 ),
 ( #639, #812, #206 ),
 ( #127, #732, #553 ),
 ( #300, #22, #647 ),
 ( #101, #999, #907 ),
 ( #454, #120, #804 ),
 ( #920, #1114, #132 ),
 ( #394, #1062, #537 ),
 ( #887, #702, #451 ),
 ( #800, #720, #1055 ),
 ( #263, #605, #786 ) ),
 .UNSPECIFIED., .F., .F., .F. ) 
 B_SPLINE_SURFACE_WITH_KNOTS ( ( 4, 2, 2, 2, 2, 2, 2, 4 ),
 ( 3, 3 ),
 ( 0.01018439879788828051, 0.01050467104459545942, 0.01066480716794904887, 0.01082494329130264006, 0.01114521553800982070, 0.01146548778471699961, 0.01210603227813135743, 0.01274657677154571699 ),
 ( 0.000000000000000000, 1.000000000000000000 ),
 .UNSPECIFIED. ) 
 GEOMETRIC_REPRESENTATION_ITEM ( )  RATIONAL_B_SPLINE_SURFACE ( (
 ( 1.000000000000000000, 0.9745567637556804552, 1.000000000000000000),
 ( 1.000000000000000000, 0.9803348206391672148, 1.000000000000000000),
 ( 1.000000000000000000, 0.9852883315703782063, 1.000000000000000000),
 ( 1.000000000000000000, 0.9895883177460131908, 1.000000000000000000),
 ( 1.000000000000000000, 0.9905008346735479918, 1.000000000000000000),
 ( 1.000000000000000000, 0.9908693636853931341, 1.000000000000000000),
 ( 1.000000000000000000, 0.9903214598694327631, 1.000000000000000000),
 ( 1.000000000000000000, 0.9867267022237673491, 1.000000000000000000),
 ( 1.000000000000000000, 0.9818719708953899117, 1.000000000000000000),
 ( 1.000000000000000000, 0.9689756696769739053, 1.000000000000000000),
 ( 1.000000000000000000, 0.9608444950469363643, 1.000000000000000000),
 ( 1.000000000000000000, 0.9313605764522585595, 1.000000000000000000),
 ( 1.000000000000000000, 0.9049096565377754420, 1.000000000000000000),
 ( 1.000000000000000000, 0.8368857351296350444, 1.000000000000000000),
 ( 1.000000000000000000, 0.7952048375875588881, 1.000000000000000000),
 ( 1.000000000000000000, 0.7431860719754475042, 1.000000000000000000) ) ) 
 REPRESENTATION_ITEM ( '' )  SURFACE ( )  );
#507 = CARTESIAN_POINT ( 'NONE',  ( 0.000000000000000000, 1.826269968219662587, 0.000000000000000000 ) ) ;
#508 = CARTESIAN_POINT ( 'NONE',  ( -1.359150045919359950, 4.204714338265703510, 8.706016089244760892 ) ) ;
#509 = DIRECTION ( 'NONE',  ( 0.000000000000000000, 1.000000000000000000, 0.000000000000000000 ) ) ;
#510 = ADVANCED_FACE ( 'NONE', ( #557 ), #736, .T. ) ;
#511 = ORIENTED_EDGE ( 'NONE', *, *, #826, .F. ) ;
#512 = CARTESIAN_POINT ( 'NONE',  ( 0.000000000000000000, 1.590975850572603711, 3.993073587876974084 ) ) ;
#513 = CARTESIAN_POINT ( 'NONE',  ( -1.626326134096065301, 4.058124539701313260, 8.477604544774823836 ) ) ;
#514 = LINE ( 'NONE', #791, #316 ) ;
#515 = VERTEX_POINT ( 'NONE', #946 ) ;
#516 = CARTESIAN_POINT ( 'NONE',  ( 3.281860320822676425, 3.566865450398852833, 8.083434987679222417 ) ) ;
#517 = CARTESIAN_POINT ( 'NONE',  ( 0.7062015756900585917, 4.181812947064218022, 8.960935458550528310 ) ) ;
#518 = B_SPLINE_CURVE_WITH_KNOTS ( 'NONE', 3,
 ( #484, #116, #312, #467, #908, #121, #658, #648 ),
 .UNSPECIFIED., .F., .F.,
 ( 4, 2, 2, 4 ),
 ( 2.425082771582925579E-16, 9.261311675608269623E-05, 0.0001389196751340033523, 0.0001852262335119240219 ),
 .UNSPECIFIED. ) ;
#519 = CARTESIAN_POINT ( 'NONE',  ( 6.563373598027830269, 1.576269968219662587, 5.000000000000000000 ) ) ;
#520 = CARTESIAN_POINT ( 'NONE',  ( -5.113887246972130818, 2.670192737013729278, 6.773918096218800144 ) ) ;
#521 = CARTESIAN_POINT ( 'NONE',  ( 6.632941223967166344, 1.816395654939136239, 5.175498926737277294 ) ) ;
#522 = CARTESIAN_POINT ( 'NONE',  ( -6.312431900996605449, 1.826269968219662587, 4.706712499233228542 ) ) ;
#523 = ADVANCED_FACE ( 'NONE', ( #173 ), #770, .F. ) ;
#524 = CARTESIAN_POINT ( 'NONE',  ( 0.3426042781943327564, 4.210023572673199155, 8.714288768809746344 ) ) ;
#525 = AXIS2_PLACEMENT_3D ( 'NONE', #79, #265, #1138 ) ;
#526 = CARTESIAN_POINT ( 'NONE',  ( -6.445387712878246411, 1.895598766054142015, 5.403007082991638121 ) ) ;
#527 = CARTESIAN_POINT ( 'NONE',  ( -1.522880585770263724E-11, 4.204762858682161486, 8.993195916168341242 ) ) ;
#528 = ORIENTED_EDGE ( 'NONE', *, *, #697, .F. ) ;
#529 = CARTESIAN_POINT ( 'NONE',  ( 0.000000000000000000, 0.000000000000000000, -7.000000000000000000 ) ) ;
#530 = APPROVAL_STATUS ( 'not_yet_approved' ) ;
#531 = CARTESIAN_POINT ( 'NONE',  ( 6.632941223967166344, 1.816395654939136239, 5.175498926737277294 ) ) ;
#532 = CC_DESIGN_PERSON_AND_ORGANIZATION_ASSIGNMENT ( #441, #8, ( #656 ) ) ;
#533 = CARTESIAN_POINT ( 'NONE',  ( 6.312431900998048739, 1.826269968219662587, 4.706712499233500324 ) ) ;
#534 = ORIENTED_EDGE ( 'NONE', *, *, #360, .T. ) ;
#535 = CARTESIAN_POINT ( 'NONE',  ( 6.563373598027830269, 1.576269968219662587, 0.000000000000000000 ) ) ;
#536 = MECHANICAL_CONTEXT ( 'NONE', #547, 'mechanical' ) ;
#537 = CARTESIAN_POINT ( 'NONE',  ( 5.899741328299106691, 2.236589667700685791, 5.956966335304228366 ) ) ;
#538 = CARTESIAN_POINT ( 'NONE',  ( 6.177794709899640857, 1.826269968219662587, 4.706712499231935354 ) ) ;
#539 = CARTESIAN_POINT ( 'NONE',  ( 6.404394861247329374, 1.912389884755047120, 5.211064765281880007 ) ) ;
#540 = EDGE_CURVE ( 'NONE', #460, #359, #709, .T. ) ;
#541 = APPROVAL_DATE_TIME ( #985, #885 ) ;
#542 = DIRECTION ( 'NONE',  ( -1.000000000000000000, 0.000000000000000000, 0.000000000000000000 ) ) ;
#543 = ORIENTED_EDGE ( 'NONE', *, *, #1152, .T. ) ;
#544 = AXIS2_PLACEMENT_3D ( 'NONE', #221, #740, #306 ) ;
#545 = CARTESIAN_POINT ( 'NONE',  ( -4.311936005356509227, 3.107095623595237832, 7.415512568127671678 ) ) ;
#546 = CONICAL_SURFACE ( 'NONE', #875, 3.500000000000001776, 0.6107259643892084533 ) ;
#547 = APPLICATION_CONTEXT ( 'configuration controlled 3d designs of mechanical parts and assemblies' ) ;
#548 = ORIENTED_EDGE ( 'NONE', *, *, #1033, .T. ) ;
#549 = CIRCLE ( 'NONE', #48, 0.2500000000000002220 ) ;
#550 = ORIENTED_EDGE ( 'NONE', *, *, #746, .F. ) ;
#551 = EDGE_CURVE ( 'NONE', #412, #274, #375, .T. ) ;
#552 = CARTESIAN_POINT ( 'NONE',  ( 6.806461509065897530, 1.634650337412983268, 5.000000000000000000 ) ) ;
#553 = CARTESIAN_POINT ( 'NONE',  ( 6.344576633171951308, 1.963169927040514962, 5.369591962978713440 ) ) ;
#554 = APPROVAL_DATE_TIME ( #1082, #667 ) ;
#555 = CARTESIAN_POINT ( 'NONE',  ( 3.465489561667692620, 0.5051656851811453519, 15.87291082359611494 ) ) ;
#556 = CARTESIAN_POINT ( 'NONE',  ( 5.661394591810657850, 2.365087213649645914, 6.237520738630727202 ) ) ;
#557 = FACE_OUTER_BOUND ( 'NONE', #321, .T. ) ;
#558 = EDGE_CURVE ( 'NONE', #479, #392, #1125, .T. ) ;
#559 = DIRECTION ( 'NONE',  ( 0.000000000000000000, 1.000000000000000000, 0.000000000000000000 ) ) ;
#560 = CARTESIAN_POINT ( 'NONE',  ( -6.401762326501779121, 1.911519136242776362, 5.198599679439513288 ) ) ;
#561 = CARTESIAN_POINT ( 'NONE',  ( 3.383847463734265926, 3.534845706637113505, 7.662248171962210641 ) ) ;
#562 = CARTESIAN_POINT ( 'NONE',  ( 3.446886579142804052, -0.6146929329460464331, 14.20051881088141421 ) ) ;
#563 = CC_DESIGN_PERSON_AND_ORGANIZATION_ASSIGNMENT ( #456, #642, ( #866 ) ) ;
#564 = AXIS2_PLACEMENT_3D ( 'NONE', #922, #916, #904 ) ;
#565 = CARTESIAN_POINT ( 'NONE',  ( -6.235006066215406761, 1.875295278278515720, 5.949362061728749929 ) ) ;
#566 = CARTESIAN_POINT ( 'NONE',  ( 3.500000000000001776, -8.556363109619627339E-16, 16.00000000000000000 ) ) ;
#567 = VERTEX_POINT ( 'NONE', #884 ) ;
#568 = CARTESIAN_POINT ( 'NONE',  ( 6.401766156592775481, 1.911522827765265831, 5.198643211597241631 ) ) ;
#569 = LINE ( 'NONE', #661, #801 ) ;
#570 = CARTESIAN_POINT ( 'NONE',  ( -6.625835706199527664, 1.818379270215974230, 5.086555977946544793 ) ) ;
#571 = DIRECTION ( 'NONE',  ( 0.000000000000000000, 0.000000000000000000, 1.000000000000000000 ) ) ;
#572 = CARTESIAN_POINT ( 'NONE',  ( 6.274540833947003904, 1.826269968219719875, 4.972064724083399057 ) ) ;
#573 = CARTESIAN_POINT ( 'NONE',  ( 6.202202907291032297, 1.974424277268032490, 5.230849314762044067 ) ) ;
#574 = CARTESIAN_POINT ( 'NONE',  ( 3.446931226558458849, 0.6144681256160789973, 14.20031005031906268 ) ) ;
#575 = EDGE_LOOP ( 'NONE', ( #668, #247, #87, #44 ) ) ;
#576 = VERTEX_POINT ( 'NONE', #795 ) ;
#577 = CARTESIAN_POINT ( 'NONE',  ( 6.177794709899640857, 1.826269968219662587, 4.706712499231935354 ) ) ;
#578 = CARTESIAN_POINT ( 'NONE',  ( -6.492982137973464241, 1.816155445794722212, 7.024596349048034760 ) ) ;
#579 = ORIENTED_EDGE ( 'NONE', *, *, #16, .F. ) ;
#580 = CARTESIAN_POINT ( 'NONE',  ( 6.244485053398003416, 1.956659879969205429, 5.203169397992034817 ) ) ;
#581 = AXIS2_PLACEMENT_3D ( 'NONE', #290, #1091, #284 ) ;
#582 = VECTOR ( 'NONE', #681, 1000.000000000000000 ) ;
#583 = CARTESIAN_POINT ( 'NONE',  ( -4.056570800936219356, 3.233007538460727748, 7.599298511199966022 ) ) ;
#584 = DIRECTION ( 'NONE',  ( 0.000000000000000000, 1.000000000000000000, 0.000000000000000000 ) ) ;
#585 = ORIENTED_EDGE ( 'NONE', *, *, #1080, .F. ) ;
#586 = CARTESIAN_POINT ( 'NONE',  ( 4.140601865037607077, 3.190808911039240137, 7.537668927640646110 ) ) ;
#587 = ADVANCED_FACE ( 'NONE', ( #97 ), #1083, .T. ) ;
#588 = CARTESIAN_POINT ( 'NONE',  ( -0.3403737528814601010, 4.296091776901567627, 8.848397497044082627 ) ) ;
#589 = B_SPLINE_CURVE_WITH_KNOTS ( 'NONE', 3,
 ( #871, #439, #363, #198, #1086, #212, #742, #993, #820, #1006, #386, #809, #1099, #633, #651, #1106, #461, #466 ),
 .UNSPECIFIED., .F., .F.,
 ( 4, 2, 2, 2, 2, 2, 2, 2, 4 ),
 ( 0.003142913064405512390, 0.003535670621078468474, 0.003928428177751424125, 0.004321185734424379775, 0.004713943291097335425, 0.005106700847770291943, 0.005499458404443246726, 0.005892215961116203243, 0.006284973517789158894 ),
 .UNSPECIFIED. ) ;
#590 = CARTESIAN_POINT ( 'NONE',  ( -5.471895201929048547, 2.444053093061847814, 6.438692568066474387 ) ) ;
#591 = DIRECTION ( 'NONE',  ( 1.000000000000000000, 0.000000000000000000, 0.000000000000000000 ) ) ;
#592 = EDGE_LOOP ( 'NONE', ( #115, #322, #1130, #610, #857, #596 ) ) ;
#593 = CARTESIAN_POINT ( 'NONE',  ( 6.632941223967166344, 1.816395654939136239, 5.175498926737277294 ) ) ;
#594 = CARTESIAN_POINT ( 'NONE',  ( 2.545693600776007148, 3.829199790292099781, 8.120901308314213196 ) ) ;
#595 = CARTESIAN_POINT ( 'NONE',  ( -1.522880585770263724E-11, 4.204762858682161486, 8.993195916168341242 ) ) ;
#596 = ORIENTED_EDGE ( 'NONE', *, *, #989, .T. ) ;
#597 = CARTESIAN_POINT ( 'NONE',  ( 6.539383434028261277, 1.843500599116020044, 5.294179725047384544 ) ) ;
#598 = CC_DESIGN_APPROVAL ( #885, ( #782 ) ) ;
#599 = CARTESIAN_POINT ( 'NONE',  ( -3.245416319273272343, 3.582872266118938942, 8.106622058207806347 ) ) ;
#600 = DIRECTION ( 'NONE',  ( -0.000000000000000000, 1.224646799147353207E-16, -1.000000000000000000 ) ) ;
#601 = DESIGN_CONTEXT ( 'detailed design', #1147, 'design' ) ;
#602 = ORIENTED_EDGE ( 'NONE', *, *, #1071, .F. ) ;
#603 = EDGE_LOOP ( 'NONE', ( #261, #528, #418, #164 ) ) ;
#604 = FACE_OUTER_BOUND ( 'NONE', #805, .T. ) ;
#605 = CARTESIAN_POINT ( 'NONE',  ( 5.789720686854435527, 1.609791972504706736, 6.501754204913065216 ) ) ;
#606 = DIRECTION ( 'NONE',  ( -0.000000000000000000, -1.000000000000000000, -0.000000000000000000 ) ) ;
#607 = CARTESIAN_POINT ( 'NONE',  ( -2.350670909601733527, 3.881004706990411890, 8.534381079073876109 ) ) ;
#608 = DIRECTION ( 'NONE',  ( 0.000000000000000000, 1.000000000000000000, 0.000000000000000000 ) ) ;
#609 = CARTESIAN_POINT ( 'NONE',  ( -2.601742887805512883, 3.812987124888529866, 8.437682250579765508 ) ) ;
#610 = ORIENTED_EDGE ( 'NONE', *, *, #84, .T. ) ;
#611 = ORIENTED_EDGE ( 'NONE', *, *, #142, .F. ) ;
#612 = CARTESIAN_POINT ( 'NONE',  ( 2.114610741355361423, 3.953564520738720223, 8.637914674921800540 ) ) ;
#613 = DIRECTION ( 'NONE',  ( 0.000000000000000000, 0.000000000000000000, 1.000000000000000000 ) ) ;
#614 = ADVANCED_FACE ( 'NONE', ( #447 ), #714, .T. ) ;
#615 = CARTESIAN_POINT ( 'NONE',  ( -0.1650118048195421683, 4.301047581881952020, 8.856119474157976512 ) ) ;
#616 = CARTESIAN_POINT ( 'NONE',  ( -6.256283066956477512, 2.002343022782888671, 5.616530847168467844 ) ) ;
#617 = EDGE_LOOP ( 'NONE', ( #56, #236 ) ) ;
#618 = CARTESIAN_POINT ( 'NONE',  ( 7.000000000000000000, 8.572527594031473190E-16, 5.000000000000000000 ) ) ;
#619 = ORIENTED_EDGE ( 'NONE', *, *, #558, .T. ) ;
#620 = APPROVAL_ROLE ( '' ) ;
#621 = CC_DESIGN_DATE_AND_TIME_ASSIGNMENT ( #207, #899, ( #866 ) ) ;
#622 = AXIS2_PLACEMENT_3D ( 'NONE', #248, #425, #351 ) ;
#623 = AXIS2_PLACEMENT_3D ( 'NONE', #347, #849, #768 ) ;
#624 = CARTESIAN_POINT ( 'NONE',  ( 0.000000000000000000, 1.634650337412983490, 0.000000000000000000 ) ) ;
#625 = CARTESIAN_POINT ( 'NONE',  ( -6.177794709892285852, 1.984679116328763149, 5.246828077616368269 ) ) ;
#626 = CARTESIAN_POINT ( 'NONE',  ( 0.000000000000000000, 2.624579619658247529E-32, 20.00000000000000000 ) ) ;
#627 = ADVANCED_FACE ( 'NONE', ( #371 ), #719, .F. ) ;
#628 = DIRECTION ( 'NONE',  ( 0.000000000000000000, 1.000000000000000000, 0.000000000000000000 ) ) ;
#629 = B_SPLINE_CURVE_WITH_KNOTS ( 'NONE', 3,
 ( #593, #597, #243, #63, #858, #269, #765, #865 ),
 .UNSPECIFIED., .F., .F.,
 ( 4, 2, 2, 4 ),
 ( 5.548284430436925889E-15, 0.0004565051239115503531, 0.0009130102478175524099, 0.001826020495629558475 ),
 .UNSPECIFIED. ) ;
#630 = B_SPLINE_CURVE_WITH_KNOTS ( 'NONE', 3,
 ( #552, #217, #655, #1001, #71, #963 ),
 .UNSPECIFIED., .F., .F.,
 ( 4, 2, 4 ),
 ( 0.000000000000000000, 0.0001625367792676350840, 0.0003250735585352701679 ),
 .UNSPECIFIED. ) ;
#631 = CARTESIAN_POINT ( 'NONE',  ( -5.042720179521160695, 2.911864697280923231, 6.691539050889247164 ) ) ;
#632 = EDGE_CURVE ( 'NONE', #953, #486, #518, .T. ) ;
#633 = CARTESIAN_POINT ( 'NONE',  ( -3.446674497211066779, 0.6157855475276788892, 15.79851237078796089 ) ) ;
#634 = ORIENTED_EDGE ( 'NONE', *, *, #99, .T. ) ;
#635 = DIRECTION ( 'NONE',  ( 0.000000000000000000, 0.000000000000000000, 1.000000000000000000 ) ) ;
#636 = CARTESIAN_POINT ( 'NONE',  ( 4.821787886453232197, 3.037284704988005402, 6.886964503058425002 ) ) ;
#637 = CARTESIAN_POINT ( 'NONE',  ( 4.286263797015739060E-16, -3.500000000000005773, 20.00000000000000000 ) ) ;
#638 = VECTOR ( 'NONE', #775, 1000.000000000000114 ) ;
#639 = CARTESIAN_POINT ( 'NONE',  ( 6.636492290402188132, 1.815339959376833123, 5.237199664260358212 ) ) ;
#640 = VECTOR ( 'NONE', #92, 1000.000000000000000 ) ;
#641 = ORIENTED_EDGE ( 'NONE', *, *, #826, .T. ) ;
#642 = PERSON_AND_ORGANIZATION_ROLE ( 'creator' ) ;
#643 = DIRECTION ( 'NONE',  ( 0.000000000000000000, 0.000000000000000000, -1.000000000000000000 ) ) ;
#644 =( BOUNDED_SURFACE ( )  B_SPLINE_SURFACE ( 3, 2, ( 
 ( #1029, #915, #149 ),
 ( #336, #754, #921 ),
 ( #311, #128, #1018 ),
 ( #824, #666, #220 ),
 ( #757, #139, #570 ),
 ( #1115, #49, #145 ),
 ( #395, #475, #43 ),
 ( #1022, #830, #34 ),
 ( #932, #750, #495 ),
 ( #234, #1129, #663 ),
 ( #929, #489, #846 ),
 ( #677, #565, #390 ),
 ( #843, #743, #238 ),
 ( #938, #838, #1122 ),
 ( #403, #241, #498 ),
 ( #60, #326, #578 ) ),
 .UNSPECIFIED., .F., .F., .F. ) 
 B_SPLINE_SURFACE_WITH_KNOTS ( ( 4, 2, 2, 2, 2, 2, 2, 4 ),
 ( 3, 3 ),
 ( -6.089150451221714277E-17, 0.0003201379364491413904, 0.0004802069046737425517, 0.0006402758728983437130, 0.0009604138093475460356, 0.001280551745796748358, 0.001920827618695152787, 0.002561103491593557432 ),
 ( 0.000000000000000000, 1.000000000000000000 ),
 .UNSPECIFIED. ) 
 GEOMETRIC_REPRESENTATION_ITEM ( )  RATIONAL_B_SPLINE_SURFACE ( (
 ( 1.000000000000000000, 0.9745567637556674656, 1.000000000000000000),
 ( 1.000000000000000000, 0.9803348206395684494, 1.000000000000000000),
 ( 1.000000000000000000, 0.9852883315705402989, 1.000000000000000000),
 ( 1.000000000000000000, 0.9895883177460873537, 1.000000000000000000),
 ( 1.000000000000000000, 0.9905008346735932889, 1.000000000000000000),
 ( 1.000000000000000000, 0.9908693636853724840, 1.000000000000000000),
 ( 1.000000000000000000, 0.9903214598693860227, 1.000000000000000000),
 ( 1.000000000000000000, 0.9867267022236387852, 1.000000000000000000),
 ( 1.000000000000000000, 0.9818719708952504677, 1.000000000000000000),
 ( 1.000000000000000000, 0.9689756696767820587, 1.000000000000000000),
 ( 1.000000000000000000, 0.9608444950467397438, 1.000000000000000000),
 ( 1.000000000000000000, 0.9313605764520470620, 1.000000000000000000),
 ( 1.000000000000000000, 0.9049096565375905898, 1.000000000000000000),
 ( 1.000000000000000000, 0.8368857351294772817, 1.000000000000000000),
 ( 1.000000000000000000, 0.7952048375874890551, 1.000000000000000000),
 ( 1.000000000000000000, 0.7431860719754540545, 1.000000000000000000) ) ) 
 REPRESENTATION_ITEM ( '' )  SURFACE ( )  );
#645 = CARTESIAN_POINT ( 'NONE',  ( 6.353467305395918530, 1.859553747880641872, 5.051861722934512855 ) ) ;
#646 = CARTESIAN_POINT ( 'NONE',  ( -6.180623205797280306, 2.232773349727665835, 5.633400592072905333 ) ) ;
#647 = CARTESIAN_POINT ( 'NONE',  ( 6.301039855819477786, 1.992404495910433448, 5.434715009704659039 ) ) ;
#648 = CARTESIAN_POINT ( 'NONE',  ( -6.336677052241279640, 1.926748196655702516, 5.175660377060546047 ) ) ;
#649 = CARTESIAN_POINT ( 'NONE',  ( 6.380708370740178381, 1.936892063771384231, 5.301767425631914499 ) ) ;
#650 = CARTESIAN_POINT ( 'NONE',  ( 6.336677052241355135, 1.926748196655844625, 5.175660377060969708 ) ) ;
#651 = CARTESIAN_POINT ( 'NONE',  ( -3.465480681721553324, 0.5051183550947873080, 15.87286889405089418 ) ) ;
#652 = CARTESIAN_POINT ( 'NONE',  ( 0.000000000000000000, 0.000000000000000000, 0.000000000000000000 ) ) ;
#653 = CARTESIAN_POINT ( 'NONE',  ( 6.093484221364525055, 2.124064205761337920, 5.716791946742334929 ) ) ;
#654 = CARTESIAN_POINT ( 'NONE',  ( 3.465480681721554213, -0.5051183550947871970, 15.87286889405089418 ) ) ;
#655 = CARTESIAN_POINT ( 'NONE',  ( 6.763288099830345068, 1.732366384950201565, 5.026374393800940865 ) ) ;
#656 = PRODUCT_DEFINITION_FORMATION_WITH_SPECIFIED_SOURCE ( 'ANY', '', #333, .NOT_KNOWN. ) ;
#657 = CARTESIAN_POINT ( 'NONE',  ( 0.000000000000000000, 1.590975850572603711, 0.000000000000000000 ) ) ;
#658 = CARTESIAN_POINT ( 'NONE',  ( -6.321321876529356842, 1.930233553039220507, 5.174734400504918952 ) ) ;
#659 = CIRCLE ( 'NONE', #453, 3.500000000000001776 ) ;
#660 = EDGE_LOOP ( 'NONE', ( #276, #356, #1023, #939 ) ) ;
#661 = CARTESIAN_POINT ( 'NONE',  ( 10.00000000000000000, 1.224646799147355179E-16, 13.99999999999999822 ) ) ;
#662 = EDGE_CURVE ( 'NONE', #94, #440, #190, .T. ) ;
#663 = CARTESIAN_POINT ( 'NONE',  ( -6.625210149016981909, 1.818559238640613529, 5.709013308748128068 ) ) ;
#664 = DIRECTION ( 'NONE',  ( -0.000000000000000000, 1.224646799147353207E-16, -1.000000000000000000 ) ) ;
#665 = CARTESIAN_POINT ( 'NONE',  ( 6.177794709887118429, 1.984679116330948734, 5.246828077619773545 ) ) ;
#666 = CARTESIAN_POINT ( 'NONE',  ( -6.505002965625397593, 1.846526884861974471, 5.127945875101072026 ) ) ;
#667 = APPROVAL ( #799, 'UNSPECIFIED' ) ;
#668 = ORIENTED_EDGE ( 'NONE', *, *, #900, .F. ) ;
#669 = FACE_OUTER_BOUND ( 'NONE', #978, .T. ) ;
#670 = DIRECTION ( 'NONE',  ( -0.000000000000000000, 1.224646799147353207E-16, -1.000000000000000000 ) ) ;
#671 = AXIS2_PLACEMENT_3D ( 'NONE', #529, #50, #608 ) ;
#672 = VERTEX_POINT ( 'NONE', #814 ) ;
#673 = CARTESIAN_POINT ( 'NONE',  ( 0.000000000000000000, 0.000000000000000000, 5.000000000000000000 ) ) ;
#674 = ADVANCED_FACE ( 'NONE', ( #1128 ), #245, .F. ) ;
#675 = CARTESIAN_POINT ( 'NONE',  ( -1.689356351171746207, 4.148200123544635964, 8.617957443995543088 ) ) ;
#676 = CARTESIAN_POINT ( 'NONE',  ( -6.380402116591261219, 1.937119222272128072, 5.302371784230698104 ) ) ;
#677 = CARTESIAN_POINT ( 'NONE',  ( -6.007370208708788795, 2.175403646008381653, 5.826260169138046230 ) ) ;
#678 = EDGE_LOOP ( 'NONE', ( #157, #548 ) ) ;
#679 = CARTESIAN_POINT ( 'NONE',  ( 5.115129529007145237, 2.669408035966736037, 6.772754868850425325 ) ) ;
#680 = CARTESIAN_POINT ( 'NONE',  ( 2.339403991874902999, 4.003525795325618475, 8.392530524269240289 ) ) ;
#681 = DIRECTION ( 'NONE',  ( 0.000000000000000000, 0.000000000000000000, 1.000000000000000000 ) ) ;
#682 = DIRECTION ( 'NONE',  ( 0.000000000000000000, 0.000000000000000000, 1.000000000000000000 ) ) ;
#683 = CARTESIAN_POINT ( 'NONE',  ( -7.000000000000000000, 0.000000000000000000, 5.000000000000000000 ) ) ;
#684 = B_SPLINE_CURVE_WITH_KNOTS ( 'NONE', 3,
 ( #214, #24, #1000, #560, #821, #1087, #676, #831, #229, #463, #294, #1093, #1100, #590 ),
 .UNSPECIFIED., .F., .F.,
 ( 4, 2, 2, 2, 2, 2, 4 ),
 ( 0.000000000000000000, 5.338570325243870954E-05, 0.0001067714065048774191, 0.0002135428130097520192, 0.0004270856260195032795, 0.0008541712520390078601, 0.001708342504078018322 ),
 .UNSPECIFIED. ) ;
#685 = CARTESIAN_POINT ( 'NONE',  ( 3.228225981997855598, 3.730371766758347807, 7.966910636976091808 ) ) ;
#686 = CARTESIAN_POINT ( 'NONE',  ( -6.563373598027830269, 1.826269968219662587, 5.000000000000000000 ) ) ;
#687 = CARTESIAN_POINT ( 'NONE',  ( -3.362163090603726978, -0.9739600134667222298, 14.73786570284571162 ) ) ;
#688 = CARTESIAN_POINT ( 'NONE',  ( -3.002880513528217055, 3.678867798880675277, 7.886658798413419547 ) ) ;
#689 = ORIENTED_EDGE ( 'NONE', *, *, #405, .T. ) ;
#690 = ORIENTED_EDGE ( 'NONE', *, *, #61, .F. ) ;
#691 = FACE_BOUND ( 'NONE', #1015, .T. ) ;
#692 = AXIS2_PLACEMENT_3D ( 'NONE', #410, #379, #477 ) ;
#693 = AXIS2_PLACEMENT_3D ( 'NONE', #696, #509, #944 ) ;
#694 = VECTOR ( 'NONE', #983, 1000.000000000000000 ) ;
#695 = CARTESIAN_POINT ( 'NONE',  ( 6.177794709887118429, 1.984679116330948734, 5.246828077619773545 ) ) ;
#696 = CARTESIAN_POINT ( 'NONE',  ( 0.000000000000000000, 1.590975850572603711, 0.000000000000000000 ) ) ;
#697 = EDGE_CURVE ( 'NONE', #486, #780, #684, .T. ) ;
#698 = ORIENTED_EDGE ( 'NONE', *, *, #142, .T. ) ;
#699 = CARTESIAN_POINT ( 'NONE',  ( -6.563373598027910205, 1.826269968219662587, 4.802204544851678136 ) ) ;
#700 = CARTESIAN_POINT ( 'NONE',  ( -6.399462994285642914, 1.984679116330914095, 5.246828077619719366 ) ) ;
#701 = DIRECTION ( 'NONE',  ( -1.000000000000000000, 0.000000000000000000, 0.000000000000000000 ) ) ;
#702 = CARTESIAN_POINT ( 'NONE',  ( 5.965837979415996806, 1.772554730978440407, 6.350351860979590590 ) ) ;
#703 = CARTESIAN_POINT ( 'NONE',  ( 1.642443612317648682, 4.054859746240093266, 8.472517447827035753 ) ) ;
#704 = B_SPLINE_CURVE_WITH_KNOTS ( 'NONE', 3,
 ( #1121, #925, #1003, #141, #562, #756, #497, #216, #909, #122, #474, #823, #827, #32, #654, #1009, #225, #138 ),
 .UNSPECIFIED., .F., .F.,
 ( 4, 2, 2, 2, 2, 2, 2, 2, 4 ),
 ( 0.003142913064405511957, 0.003535670621078467607, 0.003928428177751423257, 0.004321185734424378908, 0.004713943291097335425, 0.005106700847770290208, 0.005499458404443246726, 0.005892215961116202376, 0.006284973517789158026 ),
 .UNSPECIFIED. ) ;
#705 = CARTESIAN_POINT ( 'NONE',  ( -6.632941223970893141, 1.816395654935278436, 5.175498926733596683 ) ) ;
#706 = ORIENTED_EDGE ( 'NONE', *, *, #968, .T. ) ;
#707 = CARTESIAN_POINT ( 'NONE',  ( 5.471895201929138253, 2.444053093061790971, 6.438692568066389121 ) ) ;
#708 = APPROVAL_ROLE ( '' ) ;
#709 = LINE ( 'NONE', #365, #1054 ) ;
#710 = CARTESIAN_POINT ( 'NONE',  ( -6.563373598027856026, 2.826269968219662587, 4.802204544851798040 ) ) ;
#711 = LINE ( 'NONE', #368, #694 ) ;
#712 = ORIENTED_EDGE ( 'NONE', *, *, #354, .F. ) ;
#713 = PERSON_AND_ORGANIZATION_ROLE ( 'creator' ) ;
#714 = PLANE ( 'NONE',  #414 ) ;
#715 = ADVANCED_FACE ( 'NONE', ( #31 ), #761, .T. ) ;
#716 = CARTESIAN_POINT ( 'NONE',  ( 1.276274851271314459, 4.118893951975874046, 8.572293503011476190 ) ) ;
#717 = CARTESIAN_POINT ( 'NONE',  ( -6.563373598027830269, 1.576269968219662587, 0.000000000000000000 ) ) ;
#718 = PERSON_AND_ORGANIZATION ( #832, #973 ) ;
#719 = CYLINDRICAL_SURFACE ( 'NONE', #749, 1.000000000000000888 ) ;
#720 = CARTESIAN_POINT ( 'NONE',  ( 5.868839043225527519, 1.704426376175638191, 6.455903215516710425 ) ) ;
#721 = CARTESIAN_POINT ( 'NONE',  ( -4.805028804096389550, 2.844655567396066509, 7.030605471628393666 ) ) ;
#722 = PERSON_AND_ORGANIZATION ( #832, #973 ) ;
#723 = CARTESIAN_POINT ( 'NONE',  ( 6.625807912759247742, 1.818348377715466979, 5.092501995010644933 ) ) ;
#724 = CARTESIAN_POINT ( 'NONE',  ( 6.150095270941974057, 1.999574880912715624, 5.778280147921896592 ) ) ;
#725 = DIRECTION ( 'NONE',  ( -1.000000000000000000, 0.000000000000000000, 0.000000000000000000 ) ) ;
#726 = CARTESIAN_POINT ( 'NONE',  ( 6.505002965625017453, 1.846526884861881435, 5.127945875099234385 ) ) ;
#727 = CALENDAR_DATE ( 2023, 3, 12 ) ;
#728 = CARTESIAN_POINT ( 'NONE',  ( -5.471895201929048547, 2.444053093061847814, 6.438692568066474387 ) ) ;
#729 = CIRCLE ( 'NONE', #837, 7.000000000000000000 ) ;
#730 = CARTESIAN_POINT ( 'NONE',  ( 3.362335283428866450, 0.9733372090092335949, 15.26373502208824995 ) ) ;
#731 = CARTESIAN_POINT ( 'NONE',  ( -2.162948064786110347, 3.936794442828061236, 8.288551861102751772 ) ) ;
#732 = CARTESIAN_POINT ( 'NONE',  ( 6.479709317574329219, 1.865022365300006424, 5.383126617248119139 ) ) ;
#733 = EDGE_CURVE ( 'NONE', #880, #870, #1127, .T. ) ;
#734 = CARTESIAN_POINT ( 'NONE',  ( 7.000000000000000000, 8.572527594031473190E-16, 5.000000000000000000 ) ) ;
#735 = CARTESIAN_POINT ( 'NONE',  ( 6.176132822948604328, 2.073362936455918515, 5.610672890744231367 ) ) ;
#736 = CYLINDRICAL_SURFACE ( 'NONE', #895, 7.000000000000000000 ) ;
#737 = CARTESIAN_POINT ( 'NONE',  ( 3.354119444685286222, 0.9999413755384469749, 15.13166888033556212 ) ) ;
#738 = CARTESIAN_POINT ( 'NONE',  ( 0.6506857783169370801, 4.190877879291203811, 8.684456560578594164 ) ) ;
#739 = CARTESIAN_POINT ( 'NONE',  ( 6.362987024242609202, 1.920776277301619928, 5.177246932268407598 ) ) ;
#740 = DIRECTION ( 'NONE',  ( 0.000000000000000000, 0.000000000000000000, 1.000000000000000000 ) ) ;
#741 = CARTESIAN_POINT ( 'NONE',  ( 6.371274485290938649, 1.826269968219765172, 4.965445860147545076 ) ) ;
#742 = CARTESIAN_POINT ( 'NONE',  ( -3.389888115943095137, 0.8725956800019885051, 14.49401909649234454 ) ) ;
#743 = CARTESIAN_POINT ( 'NONE',  ( -6.146320469435817557, 1.855336069758598105, 6.098441782731721439 ) ) ;
#744 = CARTESIAN_POINT ( 'NONE',  ( 3.446698552862747622, 0.6156588278258838809, 15.79861968144652451 ) ) ;
#745 = CARTESIAN_POINT ( 'NONE',  ( -6.620337377750082908, 1.819759280510238053, 5.042765901348169599 ) ) ;
#746 = EDGE_CURVE ( 'NONE', #1068, #1155, #1142, .T. ) ;
#747 = CARTESIAN_POINT ( 'NONE',  ( 1.587053686708611355, 4.065186225925313757, 8.488607838815640960 ) ) ;
#748 = DIRECTION ( 'NONE',  ( -1.000000000000000000, 0.000000000000000000, 0.000000000000000000 ) ) ;
#749 = AXIS2_PLACEMENT_3D ( 'NONE', #1079, #542, #1108 ) ;
#750 = CARTESIAN_POINT ( 'NONE',  ( -6.451100280683284005, 1.871692466368401808, 5.468812650772339801 ) ) ;
#751 = CIRCLE ( 'NONE', #581, 1.000000000000000000 ) ;
#752 = ORIENTED_EDGE ( 'NONE', *, *, #360, .F. ) ;
#753 = CARTESIAN_POINT ( 'NONE',  ( 6.448747151721899940, 1.826269968219662587, 4.732623704346662130 ) ) ;
#754 = CARTESIAN_POINT ( 'NONE',  ( -6.464177886193456679, 1.834921196142127453, 5.023375298336739014 ) ) ;
#755 = ORIENTED_EDGE ( 'NONE', *, *, #258, .T. ) ;
#756 = CARTESIAN_POINT ( 'NONE',  ( 3.408830337340926331, -0.7992185073637501080, 14.38496556921132985 ) ) ;
#757 = CARTESIAN_POINT ( 'NONE',  ( -6.405975470931234206, 1.913979560863918294, 5.224930017789452208 ) ) ;
#758 = EDGE_CURVE ( 'NONE', #902, #430, #255, .T. ) ;
#759 = ORIENTED_EDGE ( 'NONE', *, *, #989, .F. ) ;
#760 = DIRECTION ( 'NONE',  ( 0.000000000000000000, 1.000000000000000000, 0.000000000000000000 ) ) ;
#761 = SPHERICAL_SURFACE ( 'NONE', #564, 7.000000000000000000 ) ;
#762 = DIRECTION ( 'NONE',  ( 0.000000000000000000, 0.000000000000000000, 1.000000000000000000 ) ) ;
#763 = VECTOR ( 'NONE', #847, 1000.000000000000000 ) ;
#764 = ORIENTED_EDGE ( 'NONE', *, *, #476, .F. ) ;
#765 = CARTESIAN_POINT ( 'NONE',  ( 5.673748440768407342, 2.339027668700014218, 6.236589149229446960 ) ) ;
#766 = FACE_OUTER_BOUND ( 'NONE', #967, .T. ) ;
#767 = CARTESIAN_POINT ( 'NONE',  ( -3.225259771813390408, 3.731439538028773040, 7.968574404082635176 ) ) ;
#768 = DIRECTION ( 'NONE',  ( 0.000000000000000000, 0.000000000000000000, 1.000000000000000000 ) ) ;
#769 = VERTEX_POINT ( 'NONE', #59 ) ;
#770 = CYLINDRICAL_SURFACE ( 'NONE', #840, 1.000000000000000888 ) ;
#771 = CARTESIAN_POINT ( 'NONE',  ( -0.6930605519378673085, 4.177814332592926228, 8.955245651233651571 ) ) ;
#772 = CARTESIAN_POINT ( 'NONE',  ( -6.336677052241279640, 1.926748196655702516, 5.175660377060546047 ) ) ;
#773 = CARTESIAN_POINT ( 'NONE',  ( -3.389779470691248076, -0.8730028039647168558, 14.49484794185669934 ) ) ;
#774 = ORIENTED_EDGE ( 'NONE', *, *, #996, .T. ) ;
#775 = DIRECTION ( 'NONE',  ( 7.022888244560870702E-17, -0.5734623443633281026, -0.8192319205190405906 ) ) ;
#776 = VERTEX_POINT ( 'NONE', #734 ) ;
#777 = CARTESIAN_POINT ( 'NONE',  ( 8.572527594031474176E-16, -7.000000000000002665, 5.000000000000000000 ) ) ;
#778 = ADVANCED_FACE ( 'NONE', ( #19 ), #129, .F. ) ;
#779 = CARTESIAN_POINT ( 'NONE',  ( -3.354084547118554305, -1.000058425548312258, 14.86922311346277326 ) ) ;
#780 = VERTEX_POINT ( 'NONE', #728 ) ;
#781 = CARTESIAN_POINT ( 'NONE',  ( 0.000000000000000000, 0.000000000000000000, 5.000000000000000000 ) ) ;
#782 = SECURITY_CLASSIFICATION ( '', '', #462 ) ;
#783 = AXIS2_PLACEMENT_3D ( 'NONE', #483, #682, #879 ) ;
#784 = CARTESIAN_POINT ( 'NONE',  ( -2.541801346962044850, 3.830390569961046765, 8.122756743180563177 ) ) ;
#785 = CARTESIAN_POINT ( 'NONE',  ( 0.000000000000000000, -2.081899558550500280E-15, 10.00000000000000178 ) ) ;
#786 = CARTESIAN_POINT ( 'NONE',  ( 5.464023947567294925, 2.447320630881365755, 6.447038212392159906 ) ) ;
#787 = ORIENTED_EDGE ( 'NONE', *, *, #540, .F. ) ;
#788 = CARTESIAN_POINT ( 'NONE',  ( -6.274540833945228435, 1.826269968219662587, 4.972064724082988718 ) ) ;
#789 = PERSON_AND_ORGANIZATION_ROLE ( 'classification_officer' ) ;
#790 = CARTESIAN_POINT ( 'NONE',  ( 4.332309014197207375, 3.285951898362435397, 7.274429785458404574 ) ) ;
#791 = CARTESIAN_POINT ( 'NONE',  ( -6.806461509065898419, 1.634650337412983268, 5.000000000000000000 ) ) ;
#792 = CARTESIAN_POINT ( 'NONE',  ( 3.500000000000001776, 1.224599979363801255E-16, 13.99999999999999822 ) ) ;
#793 = EDGE_CURVE ( 'NONE', #29, #327, #1153, .T. ) ;
#794 = COORDINATED_UNIVERSAL_TIME_OFFSET ( 1, 0, .AHEAD. ) ;
#795 = CARTESIAN_POINT ( 'NONE',  ( -3.500000000000001776, 1.224693618920299417E-16, 13.99999999999999822 ) ) ;
#796 = CARTESIAN_POINT ( 'NONE',  ( -6.625807912759237972, 1.818348377715469422, 5.092501995010557003 ) ) ;
#797 = DIRECTION ( 'NONE',  ( -0.000000000000000000, 1.224646799147353207E-16, -1.000000000000000000 ) ) ;
#798 = DIRECTION ( 'NONE',  ( -0.000000000000000000, 1.224646799147353207E-16, -1.000000000000000000 ) ) ;
#799 = APPROVAL_STATUS ( 'not_yet_approved' ) ;
#800 = CARTESIAN_POINT ( 'NONE',  ( 6.516772769824828337, 1.823136515797634472, 6.850818509412474278 ) ) ;
#801 = VECTOR ( 'NONE', #1096, 1000.000000000000000 ) ;
#802 = CLOSED_SHELL ( 'NONE', ( #376, #523, #1024, #279, #235, #510, #937, #715, #913, #859, #587, #627, #614, #1004, #778, #283, #817, #976, #458, #1118, #4, #345, #674, #420, #951 ) ) ;
#803 = CARTESIAN_POINT ( 'NONE',  ( -5.955750535739809060, 2.146413466741163845, 5.498837379309793327 ) ) ;
#804 = CARTESIAN_POINT ( 'NONE',  ( 6.159943358443660699, 2.082847241245025849, 5.629613591623524371 ) ) ;
#805 = EDGE_LOOP ( 'NONE', ( #135, #917, #445, #1074 ) ) ;
#806 = CARTESIAN_POINT ( 'NONE',  ( 6.602001394201391093, 1.823267728053175940, 4.944314892395763827 ) ) ;
#807 = CARTESIAN_POINT ( 'NONE',  ( -6.551603733558319931, 1.700688483663181705, 5.330370203144042307 ) ) ;
#808 =( BOUNDED_SURFACE ( )  B_SPLINE_SURFACE ( 3, 2, ( 
 ( #625, #960, #979 ),
 ( #1144, #788, #449 ),
 ( #1154, #186, #170 ),
 ( #1077, #260, #699 ) ),
 .UNSPECIFIED., .F., .F., .F. ) 
 B_SPLINE_SURFACE_WITH_KNOTS ( ( 4, 4 ),
 ( 3, 3 ),
 ( 0.01817447663347969075, 0.01857254417897238191 ),
 ( 0.000000000000000000, 1.000000000000000000 ),
 .UNSPECIFIED. ) 
 GEOMETRIC_REPRESENTATION_ITEM ( )  RATIONAL_B_SPLINE_SURFACE ( (
 ( 1.000000000000000000, 0.9595808595139075914, 1.000000000000000000),
 ( 1.000000000000000000, 0.9668686988777270841, 1.000000000000000000),
 ( 1.000000000000000000, 0.9726260481629197541, 1.000000000000000000),
 ( 1.000000000000000000, 0.9745567637556622476, 1.000000000000000000) ) ) 
 REPRESENTATION_ITEM ( '' )  SURFACE ( )  );
#809 = CARTESIAN_POINT ( 'NONE',  ( -3.389667611133830860, 0.8734111625493806708, 15.50416046515390001 ) ) ;
#810 =( NAMED_UNIT ( * ) SI_UNIT ( $, .STERADIAN. ) SOLID_ANGLE_UNIT ( ) );
#811 = DIRECTION ( 'NONE',  ( -0.000000000000000000, -1.000000000000000000, -0.000000000000000000 ) ) ;
#812 = CARTESIAN_POINT ( 'NONE',  ( 6.503820765359340506, 1.855882286689409799, 5.262892970724278641 ) ) ;
#813 = ORIENTED_EDGE ( 'NONE', *, *, #174, .F. ) ;
#814 = CARTESIAN_POINT ( 'NONE',  ( 0.000000000000000000, 3.499999999999998224, 20.00000000000000000 ) ) ;
#815 = CARTESIAN_POINT ( 'NONE',  ( 4.166248914168567019, 3.199841897829423853, 7.140255931556920288 ) ) ;
#816 = TOROIDAL_SURFACE ( 'NONE', #143, 6.563373598027830269, 0.2500000000000000000 ) ;
#817 = ADVANCED_FACE ( 'NONE', ( #766 ), #78, .T. ) ;
#818 = AXIS2_PLACEMENT_3D ( 'NONE', #710, #896, #107 ) ;
#819 = CARTESIAN_POINT ( 'NONE',  ( -0.1497115911763593210, 4.210563325930725576, 8.715129795104836319 ) ) ;
#820 = CARTESIAN_POINT ( 'NONE',  ( -3.354107858020955568, 0.9999802383981555298, 14.86800676097267448 ) ) ;
#821 = CARTESIAN_POINT ( 'NONE',  ( -6.405867831349094210, 1.913140110612834732, 5.219495009294794485 ) ) ;
#822 = CARTESIAN_POINT ( 'NONE',  ( 6.292949961194904240, 1.997665131437979857, 5.446180112912754723 ) ) ;
#823 = CARTESIAN_POINT ( 'NONE',  ( 3.389667611133832192, -0.8734111625493797826, 15.50416046515390534 ) ) ;
#824 = CARTESIAN_POINT ( 'NONE',  ( -6.404394861247587833, 1.912389884755079539, 5.211064765282722888 ) ) ;
#825 = CARTESIAN_POINT ( 'NONE',  ( -6.665606440740162064, 1.806932104356264501, 5.134062141986753147 ) ) ;
#826 = EDGE_CURVE ( 'NONE', #856, #392, #630, .T. ) ;
#827 = CARTESIAN_POINT ( 'NONE',  ( 3.408845664328084446, -0.7990795749240179324, 15.61504933117971738 ) ) ;
#828 = CARTESIAN_POINT ( 'NONE',  ( 6.336677052240172969, 1.926748196656092871, 5.175660377061004347 ) ) ;
#829 = ORIENTED_EDGE ( 'NONE', *, *, #662, .F. ) ;
#830 = CARTESIAN_POINT ( 'NONE',  ( -6.479709317573493443, 1.865022365300250673, 5.383126617250577617 ) ) ;
#831 = CARTESIAN_POINT ( 'NONE',  ( -6.330949181951150528, 1.972488557071122806, 5.391200339642814754 ) ) ;
#832 = PERSON ( 'UNSPECIFIED', 'UNSPECIFIED', 'UNSPECIFIED', ('UNSPECIFIED'), ('UNSPECIFIED'), ('UNSPECIFIED') ) ;
#833 = ORIENTED_EDGE ( 'NONE', *, *, #758, .T. ) ;
#834 = FACE_OUTER_BOUND ( 'NONE', #331, .T. ) ;
#835 = CYLINDRICAL_SURFACE ( 'NONE', #493, 0.2500000000000002220 ) ;
#836 = APPROVAL_PERSON_ORGANIZATION ( #277, #667, #293 ) ;
#837 = AXIS2_PLACEMENT_3D ( 'NONE', #781, #357, #1038 ) ;
#838 = CARTESIAN_POINT ( 'NONE',  ( -5.965837979415772985, 1.772554730978219917, 6.350351860979992047 ) ) ;
#839 = VECTOR ( 'NONE', #798, 1000.000000000000000 ) ;
#840 = AXIS2_PLACEMENT_3D ( 'NONE', #83, #701, #613 ) ;
#841 = ORIENTED_EDGE ( 'NONE', *, *, #126, .T. ) ;
#842 = CARTESIAN_POINT ( 'NONE',  ( -6.591676845412078656, 1.824882376568555786, 4.896340778560407614 ) ) ;
#843 = CARTESIAN_POINT ( 'NONE',  ( -5.899741328298413023, 2.236589667701035289, 5.956966335305093452 ) ) ;
#844 = CARTESIAN_POINT ( 'NONE',  ( -6.806461509065897530, 1.634650337412983490, 0.000000000000000000 ) ) ;
#845 = CARTESIAN_POINT ( 'NONE',  ( -6.628843428210682731, 1.817565489528694123, 5.120099785821516036 ) ) ;
#846 = CARTESIAN_POINT ( 'NONE',  ( -6.618469212925730538, 1.820243334685485825, 5.808875344102128579 ) ) ;
#847 = DIRECTION ( 'NONE',  ( -0.000000000000000000, -0.000000000000000000, -1.000000000000000000 ) ) ;
#848 = CARTESIAN_POINT ( 'NONE',  ( -0.8650033558689868007, 4.161686636163236308, 8.932518972003212099 ) ) ;
#849 = DIRECTION ( 'NONE',  ( 0.000000000000000000, 1.000000000000000000, 0.000000000000000000 ) ) ;
#850 = AXIS2_PLACEMENT_3D ( 'NONE', #335, #391, #643 ) ;
#851 = ORIENTED_EDGE ( 'NONE', *, *, #148, .F. ) ;
#852 = FACE_OUTER_BOUND ( 'NONE', #592, .T. ) ;
#853 = CARTESIAN_POINT ( 'NONE',  ( -2.638882811120260463, 3.920295187741995591, 8.262843248540697516 ) ) ;
#854 = CARTESIAN_POINT ( 'NONE',  ( -3.408852631013605361, -0.7990559721432063389, 15.61509246561469233 ) ) ;
#855 = CARTESIAN_POINT ( 'NONE',  ( -4.493535200514714667, 3.029823643374298658, 6.875338915034956422 ) ) ;
#856 = VERTEX_POINT ( 'NONE', #943 ) ;
#857 = ORIENTED_EDGE ( 'NONE', *, *, #494, .T. ) ;
#858 = CARTESIAN_POINT ( 'NONE',  ( 6.161019211938292273, 2.058581795529699221, 5.721019171560724814 ) ) ;
#859 = ADVANCED_FACE ( 'NONE', ( #1132, #339 ), #947, .T. ) ;
#860 = CARTESIAN_POINT ( 'NONE',  ( 0.3601464425658789659, 4.204398617474259581, 8.992683248850259048 ) ) ;
#861 = LINE ( 'NONE', #272, #640 ) ;
#862 = CARTESIAN_POINT ( 'NONE',  ( -1.075398081062950206, 4.139752596321511824, 8.901575985871168939 ) ) ;
#863 = ORIENTED_EDGE ( 'NONE', *, *, #1094, .F. ) ;
#864 = FACE_OUTER_BOUND ( 'NONE', #383, .T. ) ;
#865 = CARTESIAN_POINT ( 'NONE',  ( 5.471895201929138253, 2.444053093061790971, 6.438692568066389121 ) ) ;
#866 = PRODUCT_DEFINITION ( 'UNKNOWN', '', #656, #601 ) ;
#867 = CARTESIAN_POINT ( 'NONE',  ( -3.107456229338586784, 3.641367852349182144, 7.828227578855883273 ) ) ;
#868 = CARTESIAN_POINT ( 'NONE',  ( -0.2714290782585273565, 4.204762858681679205, 8.993195916167662674 ) ) ;
#869 =( BOUNDED_SURFACE ( )  B_SPLINE_SURFACE ( 3, 2, ( 
 ( #807, #298, #211 ),
 ( #100, #646, #803 ),
 ( #201, #997, #906 ),
 ( #12, #631, #372 ),
 ( #721, #285, #987 ),
 ( #545, #325, #1027 ),
 ( #583, #1098, #159 ),
 ( #1126, #1149, #409 ),
 ( #599, #767, #867 ),
 ( #334, #853, #784 ),
 ( #607, #353, #270 ),
 ( #166, #675, #513 ),
 ( #70, #508, #182 ),
 ( #848, #1063, #154 ),
 ( #771, #264, #1134 ),
 ( #244, #588, #58 ),
 ( #250, #615, #957 ),
 ( #860, #942, #524 ),
 ( #517, #501, #77 ),
 ( #1137, #64, #415 ),
 ( #428, #421, #703 ),
 ( #341, #680, #1056 ),
 ( #1040, #346, #594 ),
 ( #435, #685, #949 ),
 ( #1045, #876, #561 ),
 ( #117, #790, #815 ),
 ( #307, #636, #905 ),
 ( #15, #991, #1089 ),
 ( #724, #203, #111 ),
 ( #296, #303, #645 ) ),
 .UNSPECIFIED., .F., .F., .T. ) 
 B_SPLINE_SURFACE_WITH_KNOTS ( ( 4, 2, 2, 2, 2, 2, 2, 2, 2, 2, 2, 2, 2, 2, 4 ),
 ( 3, 3 ),
 ( 0.001952255179987366120, 0.003941923454698497559, 0.004936757592054063712, 0.005931591729409629865, 0.006926425866765196018, 0.007921260004120762171, 0.008916094141476326590, 0.009413511210154108799, 0.009910928278831892743, 0.01090576241618745890, 0.01190059655354302331, 0.01289543069089858947, 0.01389026482825415562, 0.01587993310296528793, 0.01786960137767642023 ),
 ( 0.000000000000000000, 1.000000000000000000 ),
 .UNSPECIFIED. ) 
 GEOMETRIC_REPRESENTATION_ITEM ( )  RATIONAL_B_SPLINE_SURFACE ( (
 ( 1.000000000000000000, 0.6570748482135401192, 1.000000000000000000),
 ( 1.000000000000000000, 0.6716657796957510307, 1.000000000000000000),
 ( 1.000000000000000000, 0.6874507860499615708, 1.000000000000000000),
 ( 1.000000000000000000, 0.7128199676322569678, 1.000000000000000000),
 ( 1.000000000000000000, 0.7215840646597153629, 1.000000000000000000),
 ( 1.000000000000000000, 0.7393437799204238825, 1.000000000000000000),
 ( 1.000000000000000000, 0.7483527808454305541, 1.000000000000000000),
 ( 1.000000000000000000, 0.7662616011705037922, 1.000000000000000000),
 ( 1.000000000000000000, 0.7751667372514232657, 1.000000000000000000),
 ( 1.000000000000000000, 0.7922032231287270410, 1.000000000000000000),
 ( 1.000000000000000000, 0.8003705785302481779, 1.000000000000000000),
 ( 1.000000000000000000, 0.8144708862724581167, 1.000000000000000000),
 ( 1.000000000000000000, 0.8203285988989965638, 1.000000000000000000),
 ( 1.000000000000000000, 0.8263807580519040297, 1.000000000000000000),
 ( 1.000000000000000000, 0.8279480525713962535, 1.000000000000000000),
 ( 1.000000000000000000, 0.8300575876848530488, 1.000000000000000000),
 ( 1.000000000000000000, 0.8305959588894380463, 1.000000000000000000),
 ( 1.000000000000000000, 0.8305430688474489953, 1.000000000000000000),
 ( 1.000000000000000000, 0.8283101154957557277, 1.000000000000000000),
 ( 1.000000000000000000, 0.8201379564679336376, 1.000000000000000000),
 ( 1.000000000000000000, 0.8141393647968120373, 1.000000000000000000),
 ( 1.000000000000000000, 0.8001223904147116706, 1.000000000000000000),
 ( 1.000000000000000000, 0.7920923805897671643, 1.000000000000000000),
 ( 1.000000000000000000, 0.7750738174595185326, 1.000000000000000000),
 ( 1.000000000000000000, 0.7660339781598527464, 1.000000000000000000),
 ( 1.000000000000000000, 0.7390114857777332347, 1.000000000000000000),
 ( 1.000000000000000000, 0.7211306326068734895, 1.000000000000000000),
 ( 1.000000000000000000, 0.6875226595887365955, 1.000000000000000000),
 ( 1.000000000000000000, 0.6716977232813382548, 1.000000000000000000),
 ( 1.000000000000000000, 0.6570711230964253469, 1.000000000000000000) ) ) 
 REPRESENTATION_ITEM ( '' )  SURFACE ( )  );
#870 = VERTEX_POINT ( 'NONE', #249 ) ;
#871 = CARTESIAN_POINT ( 'NONE',  ( -3.500000000000001776, 1.224693618920299417E-16, 13.99999999999999822 ) ) ;
#872 = CARTESIAN_POINT ( 'NONE',  ( -6.177794709897471037, 1.826269968219662587, 4.706712499231935354 ) ) ;
#873 = AXIS2_PLACEMENT_3D ( 'NONE', #384, #811, #571 ) ;
#874 = DIRECTION ( 'NONE',  ( 1.000000000000000000, -0.000000000000000000, 0.000000000000000000 ) ) ;
#875 = AXIS2_PLACEMENT_3D ( 'NONE', #459, #797, #559 ) ;
#876 = CARTESIAN_POINT ( 'NONE',  ( 3.511646752976711916, 3.624749578722620935, 7.802333515403859110 ) ) ;
#877 = CARTESIAN_POINT ( 'NONE',  ( 6.563373598027830269, 1.826269968219662587, 4.802204544851793599 ) ) ;
#878 = EDGE_CURVE ( 'NONE', #94, #266, #167, .T. ) ;
#879 = DIRECTION ( 'NONE',  ( 1.000000000000000000, 0.000000000000000000, 0.000000000000000000 ) ) ;
#880 = VERTEX_POINT ( 'NONE', #304 ) ;
#881 = CARTESIAN_POINT ( 'NONE',  ( 5.195736337412959222E-16, 1.576269968219662587, -4.242640687119284770 ) ) ;
#882 = ORIENTED_EDGE ( 'NONE', *, *, #793, .T. ) ;
#883 = CALENDAR_DATE ( 2023, 3, 12 ) ;
#884 = CARTESIAN_POINT ( 'NONE',  ( 5.042920562783166362E-16, 1.590975850572603711, -3.993073587876974084 ) ) ;
#885 = APPROVAL ( #102, 'UNSPECIFIED' ) ;
#886 = ORIENTED_EDGE ( 'NONE', *, *, #1071, .T. ) ;
#887 = CARTESIAN_POINT ( 'NONE',  ( 6.538282902973639565, 1.825790873560378946, 6.670118141528762479 ) ) ;
#888 = CARTESIAN_POINT ( 'NONE',  ( 6.563373598027830269, 1.826269968219662587, 4.802204544851793599 ) ) ;
#889 = CARTESIAN_POINT ( 'NONE',  ( 6.405975470931231541, 1.913979560863747986, 5.224930017788343761 ) ) ;
#890 = EDGE_LOOP ( 'NONE', ( #829, #954, #343, #194, #988 ) ) ;
#891 = SHAPE_DEFINITION_REPRESENTATION ( #35, #478 ) ;
#892 = AXIS2_PLACEMENT_3D ( 'NONE', #519, #1034, #748 ) ;
#893 = AXIS2_PLACEMENT_3D ( 'NONE', #205, #197, #465 ) ;
#894 = CARTESIAN_POINT ( 'NONE',  ( 3.408852631013603585, 0.7990559721432063389, 15.61509246561469233 ) ) ;
#895 = AXIS2_PLACEMENT_3D ( 'NONE', #1097, #33, #1102 ) ;
#896 = DIRECTION ( 'NONE',  ( -0.8548326936488843675, -1.779478010046251545E-14, 0.5189037154125922813 ) ) ;
#897 = CARTESIAN_POINT ( 'NONE',  ( 6.444029587772134526, 1.826269968219689233, 4.998809731378272225 ) ) ;
#898 = ORIENTED_EDGE ( 'NONE', *, *, #427, .F. ) ;
#899 = DATE_TIME_ROLE ( 'creation_date' ) ;
#900 = EDGE_CURVE ( 'NONE', #327, #576, #569, .T. ) ;
#901 = CARTESIAN_POINT ( 'NONE',  ( 6.581625376446963216, 1.826269968219658368, 4.857600799794574264 ) ) ;
#902 = VERTEX_POINT ( 'NONE', #844 ) ;
#903 = DATE_AND_TIME ( #288, #910 ) ;
#904 = DIRECTION ( 'NONE',  ( 0.000000000000000000, -1.000000000000000000, 0.000000000000000000 ) ) ;
#905 = CARTESIAN_POINT ( 'NONE',  ( 4.641171689830581926, 2.951613543875015289, 6.753474434731726816 ) ) ;
#906 = CARTESIAN_POINT ( 'NONE',  ( -5.537470240615053108, 2.424498995671720891, 5.932141373038653853 ) ) ;
#907 = CARTESIAN_POINT ( 'NONE',  ( 6.209337395896663558, 2.051864185810198027, 5.563988486058013549 ) ) ;
#908 = CARTESIAN_POINT ( 'NONE',  ( -6.279423161569758882, 1.944359741971584343, 5.189225936876185941 ) ) ;
#909 = CARTESIAN_POINT ( 'NONE',  ( 3.354107858020957345, -0.9999802383981557519, 14.86800676097267448 ) ) ;
#910 = LOCAL_TIME ( 17, 39, 10.00000000000000000, #794 ) ;
#911 = CARTESIAN_POINT ( 'NONE',  ( 3.362163090603724758, 0.9739600134667222298, 14.73786570284571162 ) ) ;
#912 = FACE_OUTER_BOUND ( 'NONE', #890, .T. ) ;
#913 = ADVANCED_FACE ( 'NONE', ( #669 ), #1010, .T. ) ;
#914 = CARTESIAN_POINT ( 'NONE',  ( -6.177794709897471037, 1.826269968219662587, 4.706712499231935354 ) ) ;
#915 = CARTESIAN_POINT ( 'NONE',  ( -6.444029587772086565, 1.826269968219669915, 4.998809731378216270 ) ) ;
#916 = DIRECTION ( 'NONE',  ( 0.000000000000000000, 0.000000000000000000, 1.000000000000000000 ) ) ;
#917 = ORIENTED_EDGE ( 'NONE', *, *, #733, .F. ) ;
#918 = CARTESIAN_POINT ( 'NONE',  ( 6.354211761948413084, 1.922768124167105297, 5.176717787956075512 ) ) ;
#919 = DIRECTION ( 'NONE',  ( -1.000000000000000000, 0.000000000000000000, 0.000000000000000000 ) ) ;
#920 = CARTESIAN_POINT ( 'NONE',  ( 6.595937272644873062, 1.824611926812543361, 6.105051039826173032 ) ) ;
#921 = CARTESIAN_POINT ( 'NONE',  ( -6.581625376448374531, 1.826269968219661477, 4.857600799798769131 ) ) ;
#922 = CARTESIAN_POINT ( 'NONE',  ( 0.000000000000000000, 0.000000000000000000, 0.000000000000000000 ) ) ;
#923 = EDGE_LOOP ( 'NONE', ( #75, #980, #924, #611 ) ) ;
#924 = ORIENTED_EDGE ( 'NONE', *, *, #354, .T. ) ;
#925 = CARTESIAN_POINT ( 'NONE',  ( 3.500000000000001776, -0.1309286667429949980, 13.99999999999999467 ) ) ;
#926 = CARTESIAN_POINT ( 'NONE',  ( 6.279396768886694957, 1.944369456197338364, 5.189238076925130727 ) ) ;
#927 = CARTESIAN_POINT ( 'NONE',  ( 3.500000000000001776, 0.1309641947749980162, 13.99999999999999822 ) ) ;
#928 = CARTESIAN_POINT ( 'NONE',  ( 4.504095554333036766, 3.024087687952832670, 6.866401332408739400 ) ) ;
#929 = CARTESIAN_POINT ( 'NONE',  ( -6.159943358442488304, 2.082847241245753267, 5.629613591625056479 ) ) ;
#930 = ORIENTED_EDGE ( 'NONE', *, *, #388, .T. ) ;
#931 = DIRECTION ( 'NONE',  ( 0.000000000000000000, 1.000000000000000000, 0.000000000000000000 ) ) ;
#932 = CARTESIAN_POINT ( 'NONE',  ( -6.301039855818314273, 1.992404495911200613, 5.434715009706407862 ) ) ;
#933 = CIRCLE ( 'NONE', #436, 3.993073587876974084 ) ;
#934 = AXIS2_PLACEMENT_3D ( 'NONE', #881, #444, #3 ) ;
#935 = VERTEX_POINT ( 'NONE', #1110 ) ;
#936 = DIRECTION ( 'NONE',  ( -0.000000000000000000, 1.224646799147353207E-16, -1.000000000000000000 ) ) ;
#937 = ADVANCED_FACE ( 'NONE', ( #1025 ), #487, .T. ) ;
#938 = CARTESIAN_POINT ( 'NONE',  ( -5.683523105114171692, 2.349450774528918373, 6.208631270696900017 ) ) ;
#939 = ORIENTED_EDGE ( 'NONE', *, *, #136, .F. ) ;
#940 = CARTESIAN_POINT ( 'NONE',  ( 0.5443059508465056817, 4.204762858683166904, 8.993195916169756998 ) ) ;
#941 = CARTESIAN_POINT ( 'NONE',  ( 3.500000000000001776, 1.224599979363801255E-16, 13.99999999999999822 ) ) ;
#942 = CARTESIAN_POINT ( 'NONE',  ( 0.3553333172862674916, 4.300560461389006051, 8.855360458556532421 ) ) ;
#943 = CARTESIAN_POINT ( 'NONE',  ( 6.806461509065897530, 1.634650337412983268, 5.000000000000000000 ) ) ;
#944 = DIRECTION ( 'NONE',  ( 0.000000000000000000, 0.000000000000000000, 1.000000000000000000 ) ) ;
#945 = CARTESIAN_POINT ( 'NONE',  ( 2.596493672086132687, 3.814712904810956040, 8.440156643033292383 ) ) ;
#946 = CARTESIAN_POINT ( 'NONE',  ( 6.429395695523606125E-16, -3.500000000000003997, 10.00000000000000178 ) ) ;
#947 = CYLINDRICAL_SURFACE ( 'NONE', #671, 3.500000000000001776 ) ;
#948 = CARTESIAN_POINT ( 'NONE',  ( 3.408810867278972090, 0.7993212302589780549, 14.38505230801627555 ) ) ;
#949 = CARTESIAN_POINT ( 'NONE',  ( 3.110326850436131441, 3.640297384048116314, 7.826559609322209177 ) ) ;
#950 = CARTESIAN_POINT ( 'NONE',  ( 6.563373598027830269, 1.826269968219662587, 0.000000000000000000 ) ) ;
#951 = ADVANCED_FACE ( 'NONE', ( #834 ), #1103, .F. ) ;
#952 = CC_DESIGN_APPROVAL ( #667, ( #866 ) ) ;
#953 = VERTEX_POINT ( 'NONE', #147 ) ;
#954 = ORIENTED_EDGE ( 'NONE', *, *, #878, .T. ) ;
#955 = CARTESIAN_POINT ( 'NONE',  ( 1.077704869746206384, 4.151223662287310212, 8.918049752490068371 ) ) ;
#956 = AXIS2_PLACEMENT_3D ( 'NONE', #1046, #66, #591 ) ;
#957 = CARTESIAN_POINT ( 'NONE',  ( -0.1591107617868278701, 4.210511176694650359, 8.715048537829968467 ) ) ;
#958 = DIRECTION ( 'NONE',  ( 0.000000000000000000, 1.000000000000000000, 0.000000000000000000 ) ) ;
#959 = ORIENTED_EDGE ( 'NONE', *, *, #191, .F. ) ;
#960 = CARTESIAN_POINT ( 'NONE',  ( -6.177794709894654623, 1.826269968219662809, 4.999999999997839950 ) ) ;
#961 = EDGE_CURVE ( 'NONE', #163, #515, #52, .T. ) ;
#962 = CARTESIAN_POINT ( 'NONE',  ( 0.000000000000000000, 0.000000000000000000, -7.000000000000000000 ) ) ;
#963 = CARTESIAN_POINT ( 'NONE',  ( 6.632941223967166344, 1.816395654939136239, 5.175498926737277294 ) ) ;
#964 = CARTESIAN_POINT ( 'NONE',  ( -3.511644516572341335, 3.483595424737903734, 7.963576626747634890 ) ) ;
#965 = ORIENTED_EDGE ( 'NONE', *, *, #900, .T. ) ;
#966 = DIRECTION ( 'NONE',  ( 1.000000000000000000, 0.000000000000000000, 0.000000000000000000 ) ) ;
#967 = EDGE_LOOP ( 'NONE', ( #96, #619, #511, #1139, #752 ) ) ;
#968 = EDGE_CURVE ( 'NONE', #327, #29, #704, .T. ) ;
#969 = CARTESIAN_POINT ( 'NONE',  ( 0.000000000000000000, 3.499999999999999556, 10.00000000000000178 ) ) ;
#970 = CARTESIAN_POINT ( 'NONE',  ( -6.538946568093265910, 1.843627165025577330, 5.294733902287648064 ) ) ;
#971 = ORIENTED_EDGE ( 'NONE', *, *, #328, .T. ) ;
#972 = PERSON_AND_ORGANIZATION_ROLE ( 'design_owner' ) ;
#973 = ORGANIZATION ( 'UNSPECIFIED', 'UNSPECIFIED', '' ) ;
#974 = CARTESIAN_POINT ( 'NONE',  ( 6.628843428210712041, 1.817565489528686795, 5.120099785821859761 ) ) ;
#975 = CIRCLE ( 'NONE', #956, 7.000000000000000000 ) ;
#976 = ADVANCED_FACE ( 'NONE', ( #45 ), #816, .T. ) ;
#977 = DIRECTION ( 'NONE',  ( -0.000000000000000000, -1.000000000000000000, -0.000000000000000000 ) ) ;
#978 = EDGE_LOOP ( 'NONE', ( #432, #698, #491, #37, #1116, #424, #108, #80 ) ) ;
#979 = CARTESIAN_POINT ( 'NONE',  ( -6.177794709897471037, 1.826269968219662587, 4.706712499231935354 ) ) ;
#980 = ORIENTED_EDGE ( 'NONE', *, *, #46, .T. ) ;
#981 =( NAMED_UNIT ( * ) PLANE_ANGLE_UNIT ( ) SI_UNIT ( $, .RADIAN. ) );
#982 = CARTESIAN_POINT ( 'NONE',  ( 10.00000000000000000, 4.300889160780954512, 8.855872627455783075 ) ) ;
#983 = DIRECTION ( 'NONE',  ( 0.000000000000000000, 0.000000000000000000, 1.000000000000000000 ) ) ;
#984 = EDGE_LOOP ( 'NONE', ( #222, #387, #496, #898, #90, #349, #851 ) ) ;
#985 = DATE_AND_TIME ( #727, #382 ) ;
#986 = CARTESIAN_POINT ( 'NONE',  ( 6.563373598027830269, 1.826269968219662587, 4.802204544851793599 ) ) ;
#987 = CARTESIAN_POINT ( 'NONE',  ( -4.628498800278372016, 2.950802692203177813, 6.752210991541856444 ) ) ;
#988 = ORIENTED_EDGE ( 'NONE', *, *, #126, .F. ) ;
#989 = EDGE_CURVE ( 'NONE', #266, #412, #1021, .T. ) ;
#990 = APPROVAL_PERSON_ORGANIZATION ( #718, #302, #620 ) ;
#991 = CARTESIAN_POINT ( 'NONE',  ( 5.748214523259573383, 2.511465418090914614, 6.067649676183771490 ) ) ;
#992 = FACE_OUTER_BOUND ( 'NONE', #1052, .T. ) ;
#993 = CARTESIAN_POINT ( 'NONE',  ( -3.362146498450966803, 0.9740305859285225409, 14.73788492384394466 ) ) ;
#994 = ORIENTED_EDGE ( 'NONE', *, *, #381, .T. ) ;
#995 = CARTESIAN_POINT ( 'NONE',  ( 3.500000000000002220, 0.1328909350815287160, 16.00000000000000355 ) ) ;
#996 = EDGE_CURVE ( 'NONE', #412, #953, #1075, .T. ) ;
#997 = CARTESIAN_POINT ( 'NONE',  ( -5.750347986220848640, 2.510303542268348398, 6.065839278368106768 ) ) ;
#998 = CARTESIAN_POINT ( 'NONE',  ( -1.564364402031735324, 4.069565798157015024, 8.495431948456001692 ) ) ;
#999 = CARTESIAN_POINT ( 'NONE',  ( 6.387505206638095068, 1.879774558299056819, 5.632601788547034083 ) ) ;
#1000 = CARTESIAN_POINT ( 'NONE',  ( -6.372104486201622287, 1.917959776085200740, 5.178615343183912145 ) ) ;
#1001 = CARTESIAN_POINT ( 'NONE',  ( 6.699976368621920031, 1.789979075215783810, 5.093042950987562989 ) ) ;
#1002 = CARTESIAN_POINT ( 'NONE',  ( 6.372245087185473444, 1.917924741255295773, 5.178669332635629452 ) ) ;
#1003 = CARTESIAN_POINT ( 'NONE',  ( 3.492199905233664747, -0.2631358747190589153, 14.02645478935060019 ) ) ;
#1004 = ADVANCED_FACE ( 'NONE', ( #691, #852 ), #1146, .T. ) ;
#1005 = CARTESIAN_POINT ( 'NONE',  ( -6.806461509065897530, 1.634650337412983268, 5.000000000000000000 ) ) ;
#1006 = CARTESIAN_POINT ( 'NONE',  ( -3.354096081168900234, 1.000019739161274401, 15.13169363547101653 ) ) ;
#1007 = ORIENTED_EDGE ( 'NONE', *, *, #340, .T. ) ;
#1008 = CARTESIAN_POINT ( 'NONE',  ( 6.397837608311609969, 1.924839770527888350, 5.271340625530845259 ) ) ;
#1009 = CARTESIAN_POINT ( 'NONE',  ( 3.492127742916201427, -0.2640922853737929787, 15.97329333895868331 ) ) ;
#1010 = CONICAL_SURFACE ( 'NONE', #183, 3.500000000000001776, 0.6107259643892084533 ) ;
#1011 = AXIS2_PLACEMENT_3D ( 'NONE', #26, #725, #1085 ) ;
#1012 = CARTESIAN_POINT ( 'NONE',  ( 6.563373598027886224, 1.826269968219662587, 4.802204544851950807 ) ) ;
#1013 = CARTESIAN_POINT ( 'NONE',  ( 6.336677052240172969, 1.926748196656092871, 5.175660377061004347 ) ) ;
#1014 = CARTESIAN_POINT ( 'NONE',  ( -6.793562232520122812, 1.688361169200152556, 4.999999999999999112 ) ) ;
#1015 = EDGE_LOOP ( 'NONE', ( #213, #171 ) ) ;
#1016 = CARTESIAN_POINT ( 'NONE',  ( 6.177794709896232028, 1.826269968219662587, 4.999999999997381650 ) ) ;
#1017 = CARTESIAN_POINT ( 'NONE',  ( 6.266082793954430130, 1.949297118565394227, 5.195463063994031572 ) ) ;
#1018 = CARTESIAN_POINT ( 'NONE',  ( -6.599270956435694835, 1.824077757555871981, 4.921344141141059225 ) ) ;
#1019 = CARTESIAN_POINT ( 'NONE',  ( 6.303140704686139628, 1.934360389066603458, 5.173638072731737481 ) ) ;
#1020 = DIRECTION ( 'NONE',  ( -1.000000000000000000, 0.000000000000000000, 0.000000000000000000 ) ) ;
#1021 = B_SPLINE_CURVE_WITH_KNOTS ( 'NONE', 3,
 ( #492, #91, #522, #872 ),
 .UNSPECIFIED., .F., .F.,
 ( 4, 4 ),
 ( 1.868354362588067661E-17, 0.0004009559743903354928 ),
 .UNSPECIFIED. ) ;
#1022 = CARTESIAN_POINT ( 'NONE',  ( -6.344576633170714075, 1.963169927041361174, 5.369591962980620359 ) ) ;
#1023 = ORIENTED_EDGE ( 'NONE', *, *, #1152, .F. ) ;
#1024 = ADVANCED_FACE ( 'NONE', ( #82, #69 ), #344, .T. ) ;
#1025 = FACE_OUTER_BOUND ( 'NONE', #152, .T. ) ;
#1026 = CARTESIAN_POINT ( 'NONE',  ( 3.465618008019303975, 0.5041961542674743280, 14.12659241239881425 ) ) ;
#1027 = CARTESIAN_POINT ( 'NONE',  ( -4.145469018398329375, 3.197828094077761474, 7.137118086838652786 ) ) ;
#1028 = CIRCLE ( 'NONE', #622, 7.000000000000000000 ) ;
#1029 = CARTESIAN_POINT ( 'NONE',  ( -6.336677052241300068, 1.926748196655837297, 5.175660377061070960 ) ) ;
#1030 = CIRCLE ( 'NONE', #1076, 3.500000000000001776 ) ;
#1031 = ORIENTED_EDGE ( 'NONE', *, *, #632, .F. ) ;
#1032 = DIRECTION ( 'NONE',  ( 0.000000000000000000, 0.000000000000000000, 1.000000000000000000 ) ) ;
#1033 = EDGE_CURVE ( 'NONE', #769, #953, #262, .T. ) ;
#1034 = DIRECTION ( 'NONE',  ( -0.000000000000000000, -0.000000000000000000, -1.000000000000000000 ) ) ;
#1035 = DIRECTION ( 'NONE',  ( 0.000000000000000000, 0.000000000000000000, 1.000000000000000000 ) ) ;
#1036 = CARTESIAN_POINT ( 'NONE',  ( -3.446698552862748510, -0.6156588278258838809, 15.79861968144652451 ) ) ;
#1037 = ORIENTED_EDGE ( 'NONE', *, *, #1094, .T. ) ;
#1038 = DIRECTION ( 'NONE',  ( 1.000000000000000000, 0.000000000000000000, 0.000000000000000000 ) ) ;
#1039 = EDGE_CURVE ( 'NONE', #350, #359, #21, .T. ) ;
#1040 = CARTESIAN_POINT ( 'NONE',  ( 2.663998132364452154, 3.786464252900434868, 8.399295790045847809 ) ) ;
#1041 = LINE ( 'NONE', #950, #25 ) ;
#1042 = CARTESIAN_POINT ( 'NONE',  ( -5.786716820078311230, 2.259696082190512989, 5.675350734330544711 ) ) ;
#1043 = ORIENTED_EDGE ( 'NONE', *, *, #210, .F. ) ;
#1044 = DIRECTION ( 'NONE',  ( -1.000000000000000000, 0.000000000000000000, 0.000000000000000000 ) ) ;
#1045 = CARTESIAN_POINT ( 'NONE',  ( 3.530342431673333614, 3.467982642760858880, 7.940642653673286588 ) ) ;
#1046 = CARTESIAN_POINT ( 'NONE',  ( 0.000000000000000000, 0.000000000000000000, 0.000000000000000000 ) ) ;
#1047 = UNCERTAINTY_MEASURE_WITH_UNIT (LENGTH_MEASURE( 1.000000000000000082E-05 ), #179, 'distance_accuracy_value', 'NONE');
#1048 = AXIS2_PLACEMENT_3D ( 'NONE', #76, #760, #1136 ) ;
#1049 = CARTESIAN_POINT ( 'NONE',  ( -2.452104686483781659, 3.856716474994950961, 8.163776927990559429 ) ) ;
#1050 = EDGE_LOOP ( 'NONE', ( #774, #1120, #1043, #130 ) ) ;
#1051 = CARTESIAN_POINT ( 'NONE',  ( 6.563373598024065281, 2.826269968219662587, 4.802204544849497658 ) ) ;
#1052 = EDGE_LOOP ( 'NONE', ( #1141, #1007, #543, #994 ) ) ;
#1053 = DIRECTION ( 'NONE',  ( 0.000000000000000000, 1.000000000000000000, 0.000000000000000000 ) ) ;
#1054 = VECTOR ( 'NONE', #180, 1000.000000000000000 ) ;
#1055 = CARTESIAN_POINT ( 'NONE',  ( 5.574046660339742054, 2.401822861046318813, 6.330530936432388955 ) ) ;
#1056 = CARTESIAN_POINT ( 'NONE',  ( 2.253284441617070755, 3.913308648849570304, 8.251957046673140894 ) ) ;
#1057 = LINE ( 'NONE', #686, #582 ) ;
#1058 = CARTESIAN_POINT ( 'NONE',  ( -1.336327891575803006, 4.101828388436292272, 8.848041849235453782 ) ) ;
#1059 = ORIENTED_EDGE ( 'NONE', *, *, #1133, .T. ) ;
#1060 = LINE ( 'NONE', #267, #839 ) ;
#1061 = LINE ( 'NONE', #683, #763 ) ;
#1062 = CARTESIAN_POINT ( 'NONE',  ( 6.146320469436485467, 1.855336069758793727, 6.098441782730881222 ) ) ;
#1063 = CARTESIAN_POINT ( 'NONE',  ( -0.8542020444892606257, 4.261940929240504161, 8.795184736431714612 ) ) ;
#1064 = CARTESIAN_POINT ( 'NONE',  ( -6.160866707679822696, 2.058670811106257492, 5.721185350784553592 ) ) ;
#1065 = CARTESIAN_POINT ( 'NONE',  ( -5.375776827505897693, 2.525618328635340859, 6.089702289584142392 ) ) ;
#1066 = VERTEX_POINT ( 'NONE', #512 ) ;
#1067 = DIRECTION ( 'NONE',  ( 0.000000000000000000, -0.000000000000000000, 1.000000000000000000 ) ) ;
#1068 = VERTEX_POINT ( 'NONE', #329 ) ;
#1069 = DIRECTION ( 'NONE',  ( 1.000000000000000000, 0.000000000000000000, 0.000000000000000000 ) ) ;
#1070 = CARTESIAN_POINT ( 'NONE',  ( 6.578738120535663647, 1.826269968219655704, 4.848837692332112148 ) ) ;
#1071 = EDGE_CURVE ( 'NONE', #1155, #776, #330, .T. ) ;
#1072 = B_SPLINE_CURVE_WITH_KNOTS ( 'NONE', 3,
 ( #209, #556, #385, #653, #735, #822, #1095, #649, #1008, #224, #568, #1002, #918, #215 ),
 .UNSPECIFIED., .F., .F.,
 ( 4, 2, 2, 2, 2, 2, 4 ),
 ( 3.245370453949394011E-18, 0.0008617456353516578108, 0.001292618453027486770, 0.001508054861865401088, 0.001615773066284356511, 0.001669632168493834223, 0.001723491270703311935 ),
 .UNSPECIFIED. ) ;
#1073 = CARTESIAN_POINT ( 'NONE',  ( -6.563373598027830269, 1.826269968219662587, 4.802204544851793599 ) ) ;
#1074 = ORIENTED_EDGE ( 'NONE', *, *, #99, .F. ) ;
#1075 = CIRCLE ( 'NONE', #434, 1.000000000000000000 ) ;
#1076 = AXIS2_PLACEMENT_3D ( 'NONE', #411, #670, #584 ) ;
#1077 = CARTESIAN_POINT ( 'NONE',  ( -6.336677052241360464, 1.926748196655843071, 5.175660377060970596 ) ) ;
#1078 = COORDINATED_UNIVERSAL_TIME_OFFSET ( 1, 0, .AHEAD. ) ;
#1079 = CARTESIAN_POINT ( 'NONE',  ( 10.00000000000000000, 0.000000000000000000, 15.00000000000000000 ) ) ;
#1080 = EDGE_CURVE ( 'NONE', #1068, #430, #1061, .T. ) ;
#1081 = CARTESIAN_POINT ( 'NONE',  ( 6.388155667651369107, 1.913419888429425786, 5.182136393159650467 ) ) ;
#1082 = DATE_AND_TIME ( #282, #352 ) ;
#1083 = PLANE ( 'NONE',  #401 ) ;
#1084 = B_SPLINE_CURVE_WITH_KNOTS ( 'NONE', 3,
 ( #348, #1042, #1065, #855, #73, #423, #688, #1049, #731, #998, #299, #367, #119, #471, #819, #27, #738, #716, #747, #482, #332, #54, #42, #233, #928, #324, #393, #665 ),
 .UNSPECIFIED., .F., .F.,
 ( 4, 2, 2, 2, 2, 2, 2, 2, 2, 2, 2, 2, 2, 4 ),
 ( 0.0003670573809084013979, 0.002290919045412571908, 0.004214780709916742148, 0.005176711542168829436, 0.006138642374420915857, 0.007100573206673004012, 0.007581538622799046355, 0.008062504038925090433, 0.009024434871177176853, 0.009986365703429263274, 0.01094829653568134969, 0.01191022736793343265, 0.01383408903243760549, 0.01575795069694177486 ),
 .UNSPECIFIED. ) ;
#1085 = DIRECTION ( 'NONE',  ( 0.000000000000000000, 0.000000000000000000, 1.000000000000000000 ) ) ;
#1086 = CARTESIAN_POINT ( 'NONE',  ( -3.446886579142803608, 0.6146929329460465441, 14.20051881088141421 ) ) ;
#1087 = CARTESIAN_POINT ( 'NONE',  ( -6.397593044434248810, 1.925032877245076435, 5.271920063453471528 ) ) ;
#1088 = AXIS2_PLACEMENT_3D ( 'NONE', #652, #1035, #134 ) ;
#1089 = CARTESIAN_POINT ( 'NONE',  ( 5.535552970297163533, 2.425578926169119409, 5.933824086264587905 ) ) ;
#1090 = CIRCLE ( 'NONE', #257, 3.500000000000001776 ) ;
#1091 = DIRECTION ( 'NONE',  ( -1.000000000000000000, 0.000000000000000000, 5.875921240362710315E-12 ) ) ;
#1092 = CARTESIAN_POINT ( 'NONE',  ( 6.508963994979883871, 1.848438957854838804, 5.157064497070754427 ) ) ;
#1093 = CARTESIAN_POINT ( 'NONE',  ( -5.839512932723507355, 2.271483559432446953, 6.032114721792957823 ) ) ;
#1094 = EDGE_CURVE ( 'NONE', #392, #350, #629, .T. ) ;
#1095 = CARTESIAN_POINT ( 'NONE',  ( 6.331270894556101148, 1.972274480437237631, 5.390729466286602545 ) ) ;
#1096 = DIRECTION ( 'NONE',  ( -1.000000000000000000, 0.000000000000000000, 0.000000000000000000 ) ) ;
#1097 = CARTESIAN_POINT ( 'NONE',  ( 0.000000000000000000, 0.000000000000000000, 5.000000000000000000 ) ) ;
#1098 = CARTESIAN_POINT ( 'NONE',  ( -4.042372674790652987, 3.405886277405159035, 7.461307706163049502 ) ) ;
#1099 = CARTESIAN_POINT ( 'NONE',  ( -3.408845664328084002, 0.7990795749240202639, 15.61504933117971561 ) ) ;
#1100 = CARTESIAN_POINT ( 'NONE',  ( -5.661346832718882283, 2.365107115237689239, 6.237571439499703274 ) ) ;
#1101 = CARTESIAN_POINT ( 'NONE',  ( -6.578738120535708944, 1.826269968219670581, 4.848837692332040206 ) ) ;
#1102 = DIRECTION ( 'NONE',  ( -1.000000000000000000, 0.000000000000000000, 0.000000000000000000 ) ) ;
#1103 =( BOUNDED_SURFACE ( )  B_SPLINE_SURFACE ( 3, 2, ( 
 ( #577, #1016, #231 ),
 ( #239, #572, #580 ),
 ( #753, #741, #1019 ),
 ( #407, #57, #650 ) ),
 .UNSPECIFIED., .F., .F., .F. ) 
 B_SPLINE_SURFACE_WITH_KNOTS ( ( 4, 4 ),
 ( 3, 3 ),
 ( 0.01817447663347571130, 0.01857254417896555057 ),
 ( 0.000000000000000000, 1.000000000000000000 ),
 .UNSPECIFIED. ) 
 GEOMETRIC_REPRESENTATION_ITEM ( )  RATIONAL_B_SPLINE_SURFACE ( (
 ( 1.000000000000000000, 0.9595808595140256081, 1.000000000000000000),
 ( 1.000000000000000000, 0.9668686988777890345, 1.000000000000000000),
 ( 1.000000000000000000, 0.9726260481629286359, 1.000000000000000000),
 ( 1.000000000000000000, 0.9745567637556618035, 1.000000000000000000) ) ) 
 REPRESENTATION_ITEM ( '' )  SURFACE ( )  );
#1104 = CARTESIAN_POINT ( 'NONE',  ( 3.389779470691247187, 0.8730028039647167448, 14.49484794185669934 ) ) ;
#1105 = CARTESIAN_POINT ( 'NONE',  ( -6.631177465956445971, 1.816906639243043520, 5.147784429113746008 ) ) ;
#1106 = CARTESIAN_POINT ( 'NONE',  ( -3.492127742916202759, 0.2640922853737929787, 15.97329333895869041 ) ) ;
#1107 = EDGE_LOOP ( 'NONE', ( #192, #930, #579, #813 ) ) ;
#1108 = DIRECTION ( 'NONE',  ( 0.000000000000000000, 0.000000000000000000, 1.000000000000000000 ) ) ;
#1109 = EDGE_LOOP ( 'NONE', ( #178, #689 ) ) ;
#1110 = CARTESIAN_POINT ( 'NONE',  ( -6.563373598027830269, 1.826269968219662587, 0.000000000000000000 ) ) ;
#1111 = CARTESIAN_POINT ( 'NONE',  ( 6.321500037980801956, 1.930193113505297431, 5.174745144331062363 ) ) ;
#1112 = LOCAL_TIME ( 17, 39, 10.00000000000000000, #195 ) ;
#1113 = CARTESIAN_POINT ( 'NONE',  ( -7.000000000000000000, 0.000000000000000000, 0.000000000000000000 ) ) ;
#1114 = CARTESIAN_POINT ( 'NONE',  ( 6.235006066216048026, 1.875295278278548361, 5.949362061727541118 ) ) ;
#1115 = CARTESIAN_POINT ( 'NONE',  ( -6.397585451860456018, 1.923584097924303071, 5.262991479664232308 ) ) ;
#1116 = ORIENTED_EDGE ( 'NONE', *, *, #155, .T. ) ;
#1117 = DIRECTION ( 'NONE',  ( 0.000000000000000000, 1.000000000000000000, 0.000000000000000000 ) ) ;
#1118 = ADVANCED_FACE ( 'NONE', ( #604 ), #202, .T. ) ;
#1119 = VERTEX_POINT ( 'NONE', #1131 ) ;
#1120 = ORIENTED_EDGE ( 'NONE', *, *, #1033, .F. ) ;
#1121 = CARTESIAN_POINT ( 'NONE',  ( 3.500000000000001776, 1.224599979363801255E-16, 13.99999999999999822 ) ) ;
#1122 = CARTESIAN_POINT ( 'NONE',  ( -6.538282902973589827, 1.825790873560370065, 6.670118141529334466 ) ) ;
#1123 = EDGE_LOOP ( 'NONE', ( #185, #634 ) ) ;
#1124 = CARTESIAN_POINT ( 'NONE',  ( 3.504895028394721557, 3.477084553118109156, 7.953704223953709018 ) ) ;
#1125 = B_SPLINE_CURVE_WITH_KNOTS ( 'NONE', 3,
 ( #986, #1070, #104, #806, #457, #278, #723, #974, #14, #531 ),
 .UNSPECIFIED., .F., .F.,
 ( 4, 3, 3, 4 ),
 ( 2.967546710436122069E-17, 0.0001472972198060144909, 0.0002974473027771870029, 0.0003806839755576352040 ),
 .UNSPECIFIED. ) ;
#1126 = CARTESIAN_POINT ( 'NONE',  ( -3.523290646201948206, 3.470878065025545745, 7.944830444907985623 ) ) ;
#1127 = CIRCLE ( 'NONE', #873, 4.242640687119284770 ) ;
#1128 = FACE_OUTER_BOUND ( 'NONE', #1050, .T. ) ;
#1129 = CARTESIAN_POINT ( 'NONE',  ( -6.387505206637183797, 1.879774558299109000, 5.632601788548978305 ) ) ;
#1130 = ORIENTED_EDGE ( 'NONE', *, *, #118, .T. ) ;
#1131 = CARTESIAN_POINT ( 'NONE',  ( 7.000000000000000000, 8.572527594031473190E-16, 0.000000000000000000 ) ) ;
#1132 = FACE_OUTER_BOUND ( 'NONE', #923, .T. ) ;
#1133 = EDGE_CURVE ( 'NONE', #776, #856, #729, .T. ) ;
#1134 = CARTESIAN_POINT ( 'NONE',  ( -0.6594933555967794625, 4.185996897811503636, 8.676851171054714484 ) ) ;
#1135 = CARTESIAN_POINT ( 'NONE',  ( -3.500000000000002220, -0.1328909350815287715, 16.00000000000000355 ) ) ;
#1136 = DIRECTION ( 'NONE',  ( 0.000000000000000000, -0.000000000000000000, 1.000000000000000000 ) ) ;
#1137 = CARTESIAN_POINT ( 'NONE',  ( 1.386761864542552125, 4.096607541573672684, 8.840641947803888456 ) ) ;
#1138 = DIRECTION ( 'NONE',  ( 0.000000000000000000, 1.000000000000000000, 0.000000000000000000 ) ) ;
#1139 = ORIENTED_EDGE ( 'NONE', *, *, #381, .F. ) ;
#1140 = DIRECTION ( 'NONE',  ( -0.000000000000000000, -0.000000000000000000, -1.000000000000000000 ) ) ;
#1141 = ORIENTED_EDGE ( 'NONE', *, *, #1133, .F. ) ;
#1142 = CIRCLE ( 'NONE', #544, 7.000000000000000000 ) ;
#1143 = DIRECTION ( 'NONE',  ( -0.000000000000000000, -0.000000000000000000, -1.000000000000000000 ) ) ;
#1144 = CARTESIAN_POINT ( 'NONE',  ( -6.244485053397265339, 1.956659879969468774, 5.203169397992390977 ) ) ;
#1145 = CIRCLE ( 'NONE', #623, 6.563373598027830269 ) ;
#1146 = PLANE ( 'NONE',  #1048 ) ;
#1147 = APPLICATION_CONTEXT ( 'configuration controlled 3d designs of mechanical parts and assemblies' ) ;
#1148 = CIRCLE ( 'NONE', #204, 4.242640687119284770 ) ;
#1149 = CARTESIAN_POINT ( 'NONE',  ( -3.504518471586353545, 3.627451878902949289, 7.806544153278306197 ) ) ;
#1150 = CARTESIAN_POINT ( 'NONE',  ( 6.563373598027830269, 1.826269968219662587, 0.000000000000000000 ) ) ;
#1151 = CARTESIAN_POINT ( 'NONE',  ( -2.106469281215084255, 3.955305789246726267, 8.640386052472614153 ) ) ;
#1152 = EDGE_CURVE ( 'NONE', #1119, #146, #1028, .T. ) ;
#1153 = B_SPLINE_CURVE_WITH_KNOTS ( 'NONE', 3,
 ( #566, #995, #208, #555, #744, #894, #112, #730, #737, #41, #911, #1104, #948, #574, #1026, #408, #927, #941 ),
 .UNSPECIFIED., .F., .F.,
 ( 4, 2, 2, 2, 2, 2, 2, 2, 4 ),
 ( 8.308846676774655290E-19, 0.0003928641330506924098, 0.0007857282661013840607, 0.001178592399152071863, 0.001571456532202759881, 0.001964320665253448117, 0.002357184798304135919, 0.002750048931354824155, 0.003142913064405511957 ),
 .UNSPECIFIED. ) ;
#1154 = CARTESIAN_POINT ( 'NONE',  ( -6.303140704686049922, 1.934360389066562158, 5.173638072731583826 ) ) ;
#1155 = VERTEX_POINT ( 'NONE', #777 ) ;
ENDSEC;
END-ISO-10303-21;
