Time,X_actual,Y_actual,Z_actual,X_desired,Y_desired,Z_desired
-588.702182933141,-0.00480773523942464,-0.00118298204974983,-0.148714670645325,0.25,0,-0.43
-7835.95657979599,-0.0048077352394706,-0.00118298204982,-0.148714670645215,0.25,0,-0.429999999173299
-7835.95658885269,-0.00480773523951949,-0.00118298204983192,-0.148714670645455,0.249999999999999,0,-0.429999995039793
-7835.95663410998,-0.00480773524079828,-0.00118298205014078,-0.148714670651799,0.249999999999977,0,-0.429999974372265
-7835.95686001859,-0.00480773527312037,-0.00118298205795782,-0.148714670812108,0.249999999999422,0,-0.429999871034625
-7835.95795711344,-0.00480773598695264,-0.00118298223060381,-0.148714674352537,0.249999999987172,0,-0.42999939217939
-7835.96262715107,-0.00480774686236677,-0.00118298486089753,-0.148714728291762,0.249999999800533,0,-0.429997603201926
-7835.97762419982,-0.00480786215880244,-0.0011830127461082,-0.148715300126857,0.249999997821898,0,-0.429992079815485
-7836.00785201701,-0.00480849933991321,-0.00118316685190987,-0.148718460176398,0.249999986887986,0,-0.429980567398508
-7836.00946714985,-0.00481103072716451,-0.00118377907038909,-0.148731011480389,0.249999943465436,0,-0.429959649098325
-7835.83624579196,-0.00481578426762384,-0.00118492866857969,-0.148754568256605,0.249999861992111,0,-0.429936955364188
-7835.38879039149,-0.00482278187580883,-0.00118662085384087,-0.148789215982249,0.249999742216076,0,-0.42991383635816
-7834.65674054572,-0.00483178168770611,-0.00118879701015409,-0.148833725211781,0.249999588447484,0,-0.429891129881553
-7833.66235974828,-0.0048429764930326,-0.00119150358890796,-0.14888900819072,0.249999397611836,0,-0.429868285315055
-7832.38499765201,-0.00485677122739022,-0.00119483825606895,-0.148957005901839,0.249999163118008,0,-0.429844751293012
-7830.78712605883,-0.00487267407505873,-0.00119868184456589,-0.149035224963185,0.249998893691864,0,-0.42982150181002
-7828.91795335361,-0.00489120478376558,-0.00120315964371422,-0.149126140152298,0.249998580957783,0,-0.429797840904587
-7826.7364954506,-0.00491100224238257,-0.00120794244774266,-0.149222998576407,0.249998248279189,0,-0.429775390599883
-7824.39081553332,-0.00493243959223538,-0.00121312015335455,-0.149327564687181,0.249997889702543,0,-0.429753471481872
-7821.83031595304,-0.00495714601320076,-0.00121908578732434,-0.149447671236079,0.249997478568277,0,-0.429730524829653
-7818.88419508384,-0.00498472817148391,-0.00122574372542119,-0.149581247192765,0.249997022242844,0,-0.429707153802547
-7815.59782830815,-0.00501540313581541,-0.00123314565678868,-0.149729171501763,0.249996518018216,0,-0.429683329229299
-7811.96193679872,-0.00504815168277024,-0.00124104497060299,-0.149886367336791,0.249995983468794,0,-0.429659889474592
-7808.08810366906,-0.00508359042301462,-0.00124958973129985,-0.150055634282057,0.249995409333349,0,-0.429636393089075
-7804.06186514916,-0.0051049641364556,-0.00125474148864068,-0.150157301164061,0.249995065214034,0,-0.429623011362066
265.549129898149,-0.00510496413645569,-0.00125474148864065,-0.150157301164061,0.249995065214034,0,-0.429623011362066
263.307953171137,-0.00514364589446845,-0.00126406173338775,-0.150340495632451,0.249994404845679,0,-0.429598579221728
267.750587469566,-0.00517835273340715,-0.00127242060967048,-0.150503992719442,0.24999373688133,0,-0.429575293562271
267.060311462802,-0.00520943046610717,-0.00127990253986989,-0.150649698012819,0.249993065002079,0,-0.429553093779521
266.462647373228,-0.00523962536601705,-0.001287169306111,-0.150790638300845,0.249992329884389,0,-0.429530004318147
266.194606322343,-0.0052686165776256,-0.00129414396191121,-0.15092538295602,0.249991527917758,0,-0.429506044704198
265.886082405068,-0.00529519374642086,-0.00130053576502808,-0.151048413661811,0.249990685502366,0,-0.429482068986755
265.449018012235,-0.00531893648966909,-0.00130624420457925,-0.151157925788587,0.249989817238072,0,-0.429458467386898
264.984941167923,-0.00534021226283983,-0.00131135816522532,-0.151255742158637,0.249988911592454,0,-0.429434899075172
264.577138702321,-0.00535897667713147,-0.0013158674266246,-0.151341765102219,0.249987969868474,0,-0.429411391936994
264.179864961479,-0.00537537674847881,-0.00131980770678069,-0.151416760294942,0.249986981872327,0,-0.429387699162662
263.806470794386,-0.00538878378389434,-0.00132302832269049,-0.151477938926096,0.249985991693526,0,-0.429364840237849
263.390700278149,-0.00540034180316308,-0.00132580437121552,-0.151530587486996,0.249984906810244,0,-0.429340704358088
263.095398543145,-0.00540909851561768,-0.00132790734870916,-0.151570419819887,0.24998379868765,0,-0.429316931426076
262.715227567126,-0.00541511325299632,-0.00132935170869042,-0.151597753436142,0.249982680092512,0,-0.429293745048254
262.358046880599,-0.00541866732164794,-0.00133020513704235,-0.151613897843429,0.249981501331308,0,-0.429270108263116
262.035121835685,-0.00541961779040748,-0.00133043338715641,-0.15161822123161,0.249980300181443,0,-0.429246785275717
261.740474895474,-0.00541960622412464,-0.00133043061096921,-0.151618169064499,0.249980261050954,0,-0.429246037606999
-210.624364372022,-0.00541960622412505,-0.00133043061096927,-0.151618169064499,0.249980261050954,0,-0.429246037606999
-210.629069748134,-0.00542046199325616,-0.00133063612027871,-0.151622062189631,0.24997902158039,0,-0.429222727116542
-210.703601360804,-0.00542403933586872,-0.0013314950838276,-0.151638300074807,0.249977687411207,0,-0.42919839293854
-210.377943869742,-0.0054300944468408,-0.00133294888421268,-0.151665758218936,0.249976361343588,0,-0.429174917508015
-210.081583472427,-0.00543861330103064,-0.00133499402912977,-0.151704344150821,0.24997501144725,0,-0.429151687349998
-209.780621952546,-0.00545013934490206,-0.00133776078459953,-0.151756472936891,0.24997356946545,0,-0.429127555642334
-209.424693740166,-0.00546419184973397,-0.00134113348997327,-0.15181990926704,0.249972108236706,0,-0.429103764554981
-209.111154334808,-0.00548054044356929,-0.00134505657154704,-0.151893548177375,0.249970641125867,0,-0.429080496912949
-208.809252315387,-0.00549983308399343,-0.00134968515203754,-0.151980224782286,0.249969110770858,0,-0.429056837850326
-208.440818959256,-0.00552153568221028,-0.00135489066714454,-0.152077441640172,0.2499675628348,0,-0.429033496118587
-208.113896148935,-0.00554711776045567,-0.00136102500756296,-0.152191648569371,0.249965902825829,0,-0.429009075356364
-207.638605219578,-0.00557535365591817,-0.00136779358379886,-0.152317218250724,0.249964220457656,0,-0.428984925085818
-207.294345709075,-0.0056059391154802,-0.00137512287570724,-0.152452666267485,0.24996253072105,0,-0.428961234210026
-206.966181280569,-0.00563958165127221,-0.00138318173416689,-0.152600971536567,0.249960794745113,0,-0.428937445151271
-206.562138677727,-0.00567627718046762,-0.00139196832828289,-0.152761927074123,0.249959016743594,0,-0.42891362021467
-206.159455870149,-0.00571620786912415,-0.00140152532029987,-0.152936121627175,0.249957191954764,0,-0.428889699973373
-344.35055772521,-0.00576055210854145,-0.00141213347119782,-0.15312841720566,0.249955274901171,0,-0.428865113385836
-343.759661377228,-0.00580640982224687,-0.00142309795939534,-0.153326010520927,0.249953392621581,0,-0.428841480523683
-343.444236947147,-0.0058561408726731,-0.00143498199465685,-0.153538852206847,0.249951447864776,0,-0.428817559424998
-342.865963146939,-0.00591039944338938,-0.00144794018456415,-0.153769376737932,0.249949423204671,0,-0.428793159346077
-342.240329636359,-0.00596792694265295,-0.00146167023513442,-0.154011878535611,0.249947371306648,0,-0.428768924523337
-341.735094116715,-0.00602969313600817,-0.00147640183440971,-0.154270082505122,0.249945261877664,0,-0.428744497973484
-341.100273424142,-0.00609905883182554,-0.0014929335266734,-0.154557413667011,0.249942993248356,0,-0.428718747776347
-340.160326687516,-0.00617400520898057,-0.00151078050175575,-0.154864762015965,0.249940646108064,0,-0.428692640382445
-339.443087712044,-0.00625348034017807,-0.00152968923024446,-0.155187215497802,0.249938260509106,0,-0.428666629166319
-338.805905527351,-0.00633867851525003,-0.00154994057856834,-0.155528986258514,0.249935807259642,0,-0.428640399481633
-338.042917895963,-0.00643051490793602,-0.00157174785688048,-0.155892937374419,0.249933269791499,0,-0.428613791676337
-337.20768083408,-0.00652896870047179,-0.001595101277255,-0.156278077041674,0.249930659136795,0,-0.428586939523386
-336.382096802571,-0.00663498201922283,-0.00162021876570133,-0.156687071323411,0.249927961359263,0,-0.428559717411672
-335.477381108387,-0.00674940036876654,-0.001647293947006,-0.157121974103672,0.2499251678676,0,-0.428532061696849
-334.513341813584,-0.00687282987247413,-0.00167646240565687,-0.157583706981998,0.24992227796539,0,-0.428503989755513
-398.083059240975,-0.00700428553179778,-0.00170748318314926,-0.15806719239288,0.249919327226677,0,-0.428475860568929
-397.101581894852,-0.00714738775388471,-0.00174120047136283,-0.158584056078643,0.249916249580831,0,-0.428447064696124
-395.863086923629,-0.00729793573376281,-0.00177661404502527,-0.159117455440514,0.249913148769634,0,-0.428418582613634
-394.98299074244,-0.00745821078565612,-0.00181425060749269,-0.15967397753213,0.249909987570531,0,-0.428390064821237
-393.915552779203,-0.00762942373957332,-0.00185438182577478,-0.160255945251803,0.249906755550786,0,-0.428361421551284
-392.787635080397,-0.00781202189197005,-0.00189709802921615,-0.160862796266949,0.249903458744369,0,-0.428332711387361
-391.655841254647,-0.00800754933455529,-0.00194274363383777,-0.161497336409756,0.24990008501627,0,-0.428303834763238
-390.461100664432,-0.00821441191077246,-0.00199092876785553,-0.162152067820454,0.249896676382141,0,-0.428275150652956
-389.398717802177,-0.00843680917499883,-0.00204261080004521,-0.162837648107545,0.249893179861241,0,-0.428246214736912
-388.103930564106,-0.0086716602547364,-0.00209705085198482,-0.163541824102571,0.249889660102927,0,-0.428217561288044
-387.047197164645,-0.0089241346781079,-0.00215542109411992,-0.164277103204876,0.249886056626933,0,-0.428188696238007
-385.712109289721,-0.00919256542502053,-0.00221730517731577,-0.165035224735405,0.249882412474444,0,-0.428159966220192
-384.539402590806,-0.00948074281742005,-0.00228354194720776,-0.165823259946512,0.249878695877774,0,-0.428131120347919
-419.733149897629,-0.00979100994718769,-0.00235462623126949,-0.166643222082729,0.24987490063264,0,-0.428102116877015
-418.286073319148,-0.0101211076037674,-0.00242999392677134,-0.167484825911907,0.249871076390808,0,-0.428073333822893
-417.022991228493,-0.0104763822184658,-0.00251081258777224,-0.168357084222962,0.249867183931931,0,-0.428044472784602
-415.554284645788,-0.0108573446034529,-0.00259713446103333,-0.169255958525061,0.249863243492149,0,-0.428015683953809
-414.153345848185,-0.0112684425892939,-0.00268989239800555,-0.17018613018769,0.249859236660142,0,-0.427986832624147
-412.6354169857,-0.0117139454997426,-0.00278995674943229,-0.171150410031746,0.249855154091012,0,-0.427957855609557
-411.067007513982,-0.0121921571580718,-0.00289684326231284,-0.172138186495518,0.249851042411086,0,-0.42792908220564
-409.675670076046,-0.0127129860207748,-0.00301264210861382,-0.173162130895395,0.24984685056248,0,-0.427900154099237
-408.004447611166,-0.0132826298790162,-0.00313856806232211,-0.174224651795738,0.249842571648229,0,-0.42787103100288
-406.299244602953,-0.0139002407470258,-0.00327424748139254,-0.175314113000547,0.249838254238091,0,-0.42784204471095
-404.801280666505,-0.0145716848319772,-0.00342075831985544,-0.17643071250241,0.249833897829,0,-0.427813186486056
-403.256785877026,-0.0153073708666786,-0.00358010763996685,-0.177579942574913,0.249829481441109,0,-0.427784315075398
-401.571721771321,-0.0161226914947099,-0.00375527876817843,-0.178771093793888,0.249824970593444,0,-0.427755209961729
-422.700930693125,-0.0170258831688999,-0.00394759480488562,-0.179999053079723,0.249820385502355,0,-0.427726008074467
-420.868110406771,-0.0180184983282074,-0.00415687137992904,-0.181248784691088,0.249815780727897,0,-0.427697053999692
-419.246283355342,-0.01913191439976,-0.0043890535103079,-0.182539539916722,0.249811082989286,0,-0.427667886326638
-417.226437936118,-0.0203795438749585,-0.00464604163172315,-0.183862163722394,0.249806322479699,0,-0.427638696980034
-415.351962589937,-0.0217800624318519,-0.0049305674901906,-0.185209836962203,0.249801517602029,0,-0.427609597545506
-413.519945726787,-0.0233764865040832,-0.00524986243120686,-0.18659186950104,0.249796626261399,0,-0.427580334468329
-411.466736713397,-0.0251814466219159,-0.00560450788939264,-0.187983478712892,0.249791722674865,0,-0.427551349696691
-409.74920182901,-0.0272689474817004,-0.00600639224082562,-0.189399399367623,0.249786735038708,0,-0.427522216489432
-407.617782060616,-0.0297062313760342,-0.00646458993527512,-0.190830466251852,0.24978166591466,0,-0.42749295475133
-405.491730857206,-0.0325765878203975,-0.00698928268232708,-0.192259759609675,0.249776529420775,0,-0.427463649040547
-403.428839318868,-0.0359679756619688,-0.0075889008238932,-0.193654689172213,0.249771372987586,0,-0.427434566861598
-401.557123241467,-0.040087000805932,-0.00828835124400856,-0.195001824383919,0.24976613217196,0,-0.427405343363009
-399.319944588962,-0.0451460013868189,-0.00910547687966572,-0.196240539819633,0.249760845275449,0,-0.427376193292928
-412.713195931197,-0.0515249236541323,-0.0100722287300333,-0.197289541975763,0.249755491400374,0,-0.427347000926385
-410.459331297274,-0.0597794074583545,-0.0112224166542479,-0.197990763069702,0.249750081494043,0,-0.427317826381791
-408.21377782151,-0.0709922430428384,-0.0126118776838406,-0.19803870142422,0.249744553462774,0,-0.427288339677772
-405.646596199531,-0.0866220637230274,-0.0142366499208916,-0.196781589833656,0.249739023060835,0,-0.427259158382593
-403.649606569802,-0.110237238060247,-0.0160531373040331,-0.192612420324919,0.249733392814183,0,-0.427229766656295
-401.079443861596,-0.148919773115399,-0.0175051015077685,-0.180902756171494,0.249727701669295,0,-0.427200371258048
-398.706174245318,-0.219480879277191,-0.0155164445494862,-0.144403333022423,0.249721935680895,0,-0.427170901420644
-396.224815647183,-0.340907685910384,0.00768456081136592,-0.00741943182338345,0.249716115775256,0,-0.427141464767743
-393.84196176337,0.336567792212208,-0.103793387574563,0.0248238551839443,0.249710273813632,0,-0.427112218991918
-391.591303527276,0.00473031307190175,-0.373421920250061,0.0869421926429825,0.249704388921288,0,-0.427083055427594
-389.199531031828,0.165894409080689,0.13952067222682,-0.15301715854246,0.249698485570612,0,-0.427054091125717
-386.909897179102,0.129109247527106,0.0706990706214413,-0.194264193107383,0.24969252565389,0,-0.427025136030557
-384.392776997451,0.104011704331848,0.046920828046428,-0.209183418253805,0.24968654108317,0,-0.42699634269086
-392.87370602789,0.0873412021709032,0.035225995809132,-0.217596220192668,0.249680566076802,0,-0.426967868802725
-390.622532533958,0.0755028624053315,0.0282741341298943,-0.223562651511479,0.249674523149615,0,-0.42693934134136
-387.890729299524,0.066674697527756,0.0236758486626789,-0.228399359538434,0.249668377966645,0,-0.426910601983258
-385.027112209902,0.0600121285481119,0.0204916821987558,-0.232555791618877,0.249662280701232,0,-0.426882349237743
-382.947738238053,0.0547166316846282,0.0181188346174636,-0.236408067464008,0.249656093002826,0,-0.426853937532389
-380.080744254906,0.050512118971962,0.0163268268634669,-0.240013293735678,0.249649963270801,0,-0.42682604342816
-378.02764356473,0.0470419208075419,0.0149052955686119,-0.24353071955782,0.249643771508508,0,-0.426798114432457
-375.240310838737,0.0441457796050339,0.0137566171663184,-0.247001968762066,0.249637535731668,0,-0.426770231677031
-372.581024729157,0.0417087160378789,0.0128153178748613,-0.250447976534995,0.249631280454879,0,-0.426742502195985
-370.07246071591,0.0396560155448481,0.0120395919060758,-0.253857145754136,0.249625069733589,0,-0.426715202489522
-367.881975633629,0.0378908322834954,0.0113844511469785,-0.257284858017657,0.24961883218771,0,-0.426688012023988
-365.26289041444,0.0363706970468148,0.0108286510496767,-0.260722671839734,0.249612603914225,0,-0.42666108357271
-362.840018783975,0.0350420788659248,0.0103488574870268,-0.264210217591774,0.249606328476159,0,-0.426634169761269
-367.807375046468,0.0338600741176919,0.00992635330869037,-0.267807215213588,0.249599911913681,0,-0.426606872117569
-364.474896665765,0.0328331216721219,0.00956226745267576,-0.271424750555909,0.249593522971563,0,-0.426579909132625
-362.147667787813,0.0319395285237239,0.00924741611442688,-0.275057437455189,0.249587176525131,0,-0.426553334988909
-359.790012282624,0.0311457556717102,0.00896894608891042,-0.278777090544624,0.249580752553618,0,-0.426526643957964
-356.700201906822,0.0304413397214513,0.00872244626897407,-0.282585501418336,0.249574254340386,0,-0.426499852223498
-353.743671673841,0.0298363097612523,0.00851085428577393,-0.286357040359196,0.249567897753049,0,-0.426473842022723
-351.954024976919,0.0292976404253774,0.00832220628508473,-0.290230091522734,0.249561450619179,0,-0.426447656517814
-348.719606757326,0.0288215872692389,0.00815487610793406,-0.294193362590187,0.249554936107592,0,-0.426421392647168
-345.654187682529,0.0284005632440118,0.00800594529662251,-0.2982742004738,0.249548313559148,0,-0.426394890028359
-342.402184109324,0.0280398301025666,0.00787711367696122,-0.302368554108431,0.249541753221175,0,-0.426368827765058
-340.106765185712,0.0277275468344131,0.00776406104041823,-0.306549443644385,0.249535138083659,0,-0.426342736538561
-337.120363720671,0.0274669841471965,0.00766795392821457,-0.310702995019906,0.249528646823614,0,-0.42631731425885
-335.135647618667,0.0272457624357158,0.00758424052784247,-0.314958600699038,0.249522075898496,0,-0.426291758149205
-331.958184296502,0.0270671831292822,0.00751422092804415,-0.319184413765119,0.249515627360763,0,-0.426266848773587
-329.899192601011,0.026919790994318,0.00745339330656663,-0.323608424510398,0.249508954050284,0,-0.426241245620282
-331.428504821226,0.0268086532684007,0.0074037903951565,-0.328054717229521,0.249502323157969,0,-0.426215977463924
-328.929408267183,0.0267297288523771,0.00736368870526282,-0.332621527086706,0.249495587625882,0,-0.426190482825813
-325.539346622144,0.0266837571176609,0.00733368284644117,-0.337166400998644,0.249488955744381,0,-0.426165546794274
-323.30132256494,0.0266678483890526,0.0073120504386874,-0.341892317449421,0.249482130611547,0,-0.426140053016152
-319.274097511088,0.0266824175605799,0.0072993533402176,-0.346641162814553,0.249475340604228,0,-0.426114857120863
-316.680305510494,0.0267265833064507,0.00729505318490579,-0.351455019634585,0.249468522754309,0,-0.426089721938852
-313.677636470511,0.0267983393588321,0.00729877441914355,-0.35624068305631,0.249461805188953,0,-0.426065114168409
-311.359280440745,0.0268996819628568,0.0073104157495587,-0.361153621583779,0.249454966799271,0,-0.426040221539472
-307.709644611957,0.0270281517902081,0.00732959788893585,-0.36606613435199,0.249448182793732,0,-0.426015681211032
-305.180708717686,0.0271838982559721,0.00735616135667632,-0.371000403014857,0.24944141808286,0,-0.425991360926554
-302.332619117862,0.0273697287228008,0.00739051689903044,-0.376026292997924,0.249434573652739,0,-0.425966903958426
-298.933186001135,0.0275823030376465,0.00743196637883905,-0.381037335008894,0.249427790581853,0,-0.425942812348163
-296.313426910065,0.0278311482517674,0.00748233794937224,-0.386220556252338,0.249420812368031,0,-0.425918176706192
-292.148234457417,0.028110014055538,0.00754034138303899,-0.391402343592913,0.249413869178848,0,-0.425893812083303
-289.516246205565,0.0284154460561991,0.00760513340884581,-0.396511896968299,0.249407049761308,0,-0.425870022361905
-291.377371690062,0.0287574436520352,0.00767874303201125,-0.401693081106968,0.249400156533114,0,-0.425846114269208
-287.829718962604,0.0291371266284235,0.00776134968853352,-0.406917844129618,0.249393221732165,0,-0.425822200704516
-284.506297482806,0.0295612826752823,0.00785435796304083,-0.412227300340975,0.249386185166585,0,-0.425798075996863
-280.880290728656,0.0300207543534704,0.0079556521197871,-0.417465921982695,0.249379246594351,0,-0.425774422785139
-278.470355270421,0.0305242535303183,0.00806701809906947,-0.422699402725434,0.249372312270178,0,-0.42575091625333
-275.344856709172,0.0310845795908557,0.00819114519999351,-0.428001988997521,0.249365276621963,0,-0.425727199073383
-271.651933294983,0.031692046498753,0.00832571226182748,-0.433227443095337,0.249358326201173,0,-0.425703898409138
-269.169998100669,0.0323502353374979,0.00847130521728581,-0.438368176919038,0.249351464094552,0,-0.425681017760531
-266.522420322265,0.0330928644044926,0.0086351156021011,-0.443615032846716,0.249344426721919,0,-0.425657678582539
-262.326093668787,0.0338985137480952,0.00881209048798919,-0.448742093824611,0.249337507900531,0,-0.42563485486293
-259.969999244941,0.0348052629495173,0.00901017805552056,-0.453914980961873,0.249330474502139,0,-0.425611775494644
-256.064376880201,0.0358206813746373,0.00923045445573114,-0.459071788990393,0.249323398225671,0,-0.425588677930719
-252.72026558017,0.036945689759217,0.00947242633838538,-0.464124475377922,0.249316388569645,0,-0.425565917084902
-249.996439183558,0.0382184601897593,0.00974338872701033,-0.469140814919969,0.249309338888183,0,-0.42554314414809
-246.583765534749,0.0396487272977789,0.0100442001337238,-0.47404274881394,0.249302344472411,0,-0.425520664788586
-243.744791475408,0.0412994902207379,0.0103864099107247,-0.478907988094821,0.249295276532374,0,-0.425498063785206
-243.080048786707,0.0431833092639929,0.0107703081584269,-0.483621158812738,0.249288281738587,0,-0.425475808463538
-240.315430097956,0.0454112505508088,0.0112151429412747,-0.488277858830614,0.249281190457077,0,-0.425453357980242
-236.425910084069,0.0480661752854881,0.0117322112018727,-0.492815751894388,0.249274055446544,0,-0.42543088102595
-232.936685237962,0.0512639548746499,0.0123363206034632,-0.497172107282693,0.249266920833858,0,-0.42540851598574
-229.716276511388,0.0551794809198146,0.0130485660543117,-0.501285834202746,0.249259808702446,0,-0.42538632995331
-226.582206345227,0.0601292419127295,0.013906521522294,-0.505110175480744,0.249252667265369,0,-0.42536415996832
-223.122934123117,0.0665176598565228,0.0149457050323165,-0.508479885250228,0.249245566209766,0,-0.425342220599155
-220.116690643092,0.0751076949153741,0.0162263109845744,-0.51117192889566,0.249238487221208,0,-0.425320452405352
-216.957602051764,0.0872971591024297,0.0178245169576366,-0.512703418414477,0.249231417090036,0,-0.425298812665631
-213.689396292703,0.106059951355954,0.0198130961969054,-0.511872533481429,0.249224308241934,0,-0.425277155005236
-210.112498233574,0.138321396466462,0.0219995790237084,-0.504960280530033,0.249217167095935,0,-0.425255499100917
-206.588128102496,0.203835767371483,0.0219979261967328,-0.476062386303363,0.249209998097537,0,-0.425233858325878
-203.117307309769,0.344815961367839,-0.00482571475556138,-0.322733678109045,0.249202876511522,0,-0.425212458136906
-200.092825728836,-0.250823065963789,0.182197600350458,-0.37941645410834,0.249195727280902,0,-0.425191071274736
-196.527772294705,-0.156518840803826,-0.161776436048547,-0.469794293092404,0.249188535352201,0,-0.425169652838168
-192.87450313681,-0.0997577158550497,-0.0557540994812296,-0.530050901858001,0.249181301862291,0,-0.425148206619453
-189.265085235816,-0.067888683603597,-0.0308912354307396,-0.543522323933537,0.249174112836311,0,-0.425126986358232
-186.33786122569,-0.0497892149932978,-0.0204808739102292,-0.549928136835869,0.249167212035733,0,-0.425106704003518
-188.356824302633,-0.0497892149932548,-0.0204808739102139,-0.549928136835883,0.249167212035733,0,-0.425106704003518
-230.102266433099,-0.0383901538197078,-0.0149020751298607,-0.554001741323636,0.249160696811171,0,-0.425087632273605
-184.690806743935,-0.0383901538196861,-0.0149020751298489,-0.554001741323644,0.249160696811171,0,-0.425087632273605
-226.050761100544,-0.033184838399754,-0.0125634585100919,-0.555973576163633,0.249156793502113,0,-0.425076241912874
-195.907107117766,-0.0288265673268223,-0.0106959024257695,-0.55771858365872,0.249152881152961,0,-0.42506485173079
-193.280224358518,-0.0221180063671968,-0.00797994355423175,-0.560635562302999,0.249145271907424,0,-0.425042774081836
-166.745455390478,-0.0171666556942145,-0.00609184244568286,-0.563016829561272,0.249137884224117,0,-0.425021433588529
-169.053554241638,-0.0150911540362432,-0.00532388879431953,-0.564084342215081,0.249134135911533,0,-0.42501064113937
-191.099670544982,-0.0132564204376956,-0.00465151442627129,-0.565066887182506,0.249130379482282,0,-0.424999848852762
-187.208635934604,-0.0115855454384997,-0.00404888964051479,-0.565984926901482,0.2491265548348,0,-0.424988884620581
-185.901173254566,-0.0113225840546471,-0.00395525480999539,-0.566130580045626,0.249125916022472,0,-0.424987055671611
-205.829652917286,-0.011322584054639,-0.00395525480999028,-0.56613058004563,0.249125916022472,0,-0.424987055671611
-203.606814412316,-0.00851681279001899,-0.00297699105913776,-0.567688530896899,0.249118376063412,0,-0.424965518978719
-150.676169025451,-0.00615578145819171,-0.00218416945504424,-0.568961499433019,0.249110803780982,0,-0.424943982939056
-151.244193961217,-0.00414920722586515,-0.00152960620447699,-0.569953335104795,0.249103144994626,0,-0.42492229444945
-148.776545929363,-0.00252217049409843,-0.00101597827523456,-0.570620866408389,0.249095889919077,0,-0.424901834915936
-148.647180600715,-0.00106919745502125,-0.000580111826772689,-0.571030494984693,0.24908859441656,0,-0.424881344436363
-144.993679350829,0.000268347406832039,-0.000206661333340206,-0.57118130103296,0.249081264491223,0,-0.424860840152661
-141.361328044746,0.0015342399075786,0.00011561406749483,-0.571072557461252,0.249073912799146,0,-0.424840357428622
-137.71335801693,0.0027686326156305,0.00039681582114644,-0.570702130782145,0.249066511579097,0,-0.42481981913003
-133.81682552966,0.00399372685510825,0.000642617733790338,-0.570069857008488,0.249059092212896,0,-0.42479931249173
-130.080525262785,0.00523355768557322,0.000859039434288912,-0.569173390003141,0.249051638596464,0,-0.424778792898652
-126.134062706821,0.00651259971931934,0.00105144268987857,-0.568003024476126,0.249044104801961,0,-0.424758134823247
-121.848362458985,0.00783134939371156,0.00122131085164891,-0.566567586638928,0.249036564411973,0,-0.424737540485025
-119.396887727202,0.00919686093791801,0.00137145265574965,-0.564871438291218,0.249029029577098,0,-0.424717042130926
-115.549741397145,0.0106335177822716,0.0015059823675506,-0.562891409397752,0.249021406369566,0,-0.42469638461273
-111.00444698774,0.0121356983107521,0.00162558838930795,-0.560639461152446,0.249013754588381,0,-0.424675730896552
-106.858059305259,0.0137085438015316,0.00173202190487255,-0.558112157849819,0.249006064915003,0,-0.424655055939731
-102.566684133101,0.0153647467151996,0.00182718252689065,-0.55528969422217,0.248998287590933,0,-0.424634226994857
-97.935809278188,0.01708324364069,0.00191096607741958,-0.552208365577333,0.248990524013107,0,-0.424613515839001
-94.006005419638,0.0188676756654524,0.00198475676247437,-0.548862504047506,0.248982750468589,0,-0.424592858220839
-89.8094756192805,0.0207277447515168,0.002049860921459,-0.545231052023456,0.248974917242074,0,-0.424572122177516
-85.224193773471,0.0226611065397263,0.00210691036377113,-0.541312846463192,0.248967025509726,0,-0.424551311714811
-80.6412089461068,0.0246603552195916,0.00215636782581423,-0.5371161511344,0.248959092676772,0,-0.424530473329714
-76.1188618327675,0.0267360822886809,0.00219904909421433,-0.532609437892768,0.248951062552041,0,-0.424509460594579
-71.2014630426742,0.0288521224704791,0.00223480296733834,-0.527862356549648,0.248943056085214,0,-0.424488590195552
-67.086029895618,0.0310361795680862,0.00226462690673357,-0.522802374314293,0.248934947480806,0,-0.424467534478269
-61.9978721801583,0.033261370674854,0.00228856589533135,-0.517478763510109,0.248926815155491,0,-0.424446498030887
-57.4981976557809,0.0355183856203748,0.00230698620540892,-0.511902254901168,0.248918668033813,0,-0.424425503595292
-53.0127279087964,0.0377947984651984,0.00232022622433362,-0.50609197528561,0.248910524498498,0,-0.424404597804658
-48.5413505120643,0.0401245193938225,0.00232875679244745,-0.499944244563139,0.248902237075212,0,-0.424383403216554
-42.9773250503706,0.0424690710293548,0.00233264495768414,-0.49354080445355,0.24889391506699,0,-0.424362201062892
-39.0905827974958,0.0448225936886387,0.00233214600244731,-0.48688045824055,0.248885549594779,0,-0.424340968944482
-34.179962773551,0.04718058336978,0.00232747581347897,-0.479956749733382,0.248877125741795,0,-0.42431966956312
-29.094044830436,0.0495411235861538,0.00231879663373379,-0.472753105802314,0.248868617598654,0,-0.424298238548202
-23.8169932616634,0.0518715740653986,0.00230640242692697,-0.465348760320229,0.248860109597639,0,-0.424276888868758
-19.1319404558278,0.0541719123697803,0.00229047656443639,-0.457725357564253,0.248851568743883,0,-0.424255537286952
-14.0886250882814,0.0564470902666986,0.00227108736342455,-0.449842459358362,0.248842940452004,0,-0.424234048139054
-13.6060216379817,0.0564865741941879,0.00227071846462597,-0.449702404331886,0.248842788853529,0,-0.424233671298787
-74.9941486945337,0.0564865741941916,0.00227071846462576,-0.449702404331871,0.248842788853529,0,-0.424233671298787
-64.2746899971417,0.0587047529192413,0.00224817370653994,-0.44164042209546,0.248834153283855,0,-0.424212246067118
5.97924894433803,0.0608642074597444,0.00222266975683492,-0.433391940027382,0.248825485688123,0,-0.424190821580359
3.59169918420171,0.0620210425010288,0.0022073622662119,-0.428761020831475,0.248820679590396,0,-0.424178976214548
-23.6731562090829,0.0631394581442848,0.00219123382969512,-0.424089419871753,0.248815863702738,0,-0.424167131077767
-18.6934930846882,0.0642782244430884,0.00217349787912619,-0.419148607768735,0.248810807711988,0,-0.424154721458751
-11.7146447780659,0.0660164483837945,0.0021439224752129,-0.411268297626396,0.248802824459775,0,-0.42413518102988
9.55946251008061,0.0660164483837988,0.00214392247521274,-0.411268297626378,0.248802824459775,0,-0.42413518102988
-47.9672943904517,0.0670042860844538,0.00212547902544038,-0.406547168489348,0.248798077554086,0,-0.424123593234762
-5.20164187815594,0.0679563049831687,0.00210639964519302,-0.401795357216128,0.248793321278736,0,-0.424112005660948
-3.98086057350136,0.0689493117777873,0.00208511667262544,-0.39662838973191,0.248788174642722,0,-0.42409949294573
1.3604962357959,0.069899907777443,0.00206316471087508,-0.391431098004921,0.248783017081193,0,-0.424086980489632
3.94083118125653,0.0708412221713447,0.00203962565375801,-0.38599022441057,0.248777632324107,0,-0.424073945314109
8.17517874781627,0.0716931020857803,0.00201644916338692,-0.38075283850015,0.248772456741712,0,-0.424061443730878
9.07020620091768,0.0724804215566376,0.00199308594987728,-0.375581421035527,0.248767348214186,0,-0.42404913012754
11.2295012271291,0.0731993190457136,0.00196973897064772,-0.370511774395272,0.248762337138869,0,-0.424037076372989
13.0400983982938,0.0738339615170729,0.00194714977798711,-0.365691522148498,0.248757565898741,0,-0.424025622349692
11.1291338427354,0.0738339615170772,0.00194714977798752,-0.365691522148465,0.248757565898741,0,-0.424025622349692
-20.0425380379263,0.0744420377287192,0.00192332477164233,-0.360690028406489,0.248752604665389,0,-0.42401373569596
19.2286623868066,0.074442037728726,0.00192332477164244,-0.360690028406453,0.248752604665389,0,-0.42401373569596
-15.719904580282,0.0750058807267978,0.00189879116506784,-0.355620852942111,0.248747561403125,0,-0.424001676893539
25.0819334762037,0.0753174115497053,0.00188411948305835,-0.352623814254805,0.24874457386142,0,-0.423994545002148
7.57904806291437,0.0753174115497086,0.00188411948305795,-0.352623814254768,0.24874457386142,0,-0.423994545002148
-10.0496919673055,0.0758087679571024,0.00185905950800652,-0.347559038161981,0.248739514447959,0,-0.423982486589432
29.1152267396203,0.0759235920059988,0.00185277653970624,-0.34629977314829,0.248738253612564,0,-0.423979485359967
-0.348362936508139,0.0760355783044244,0.0018464761866808,-0.34504102428602,0.248736992148487,0,-0.423976484145718
4.11044335854313,0.0763965774462963,0.00182481518099961,-0.340743137342788,0.248732675247478,0,-0.423966224994268
29.4882969346076,0.0768035557590049,0.00179727080508087,-0.335340998428501,0.24872722513581,0,-0.42395329787145
38.2509191231859,0.077140433809755,0.001770564181592,-0.330168734968771,0.248721973724948,0,-0.423940868404243
40.366455949603,0.0776142611373214,0.0017212764754727,-0.320782318477319,0.248712339927027,0,-0.42391813306968
75.4333665147442,0.0779084737147096,0.00167161339347286,-0.311513821973551,0.248702672061601,0,-0.423895403339894
76.3819815526287,0.0780289427152326,0.0016221693945244,-0.302456809948604,0.248693046648237,0,-0.423872858055185
78.895595528046,0.0779862400208732,0.0015730866762366,-0.29362034930114,0.248683455121858,0,-0.423850475224661
82.2340742562587,0.0777868922982102,0.00152382747228347,-0.284896016678251,0.248673757654924,0,-0.423827928563461
86.8486172910559,0.0774392795621171,0.00147502535784154,-0.276386883506596,0.248664045395325,0,-0.423805430637116
90.9452035746121,0.0769498416495024,0.00142660645316916,-0.268071099044835,0.248654272106527,0,-0.423782874403813
95.4971956898763,0.0763276950487189,0.00137883431048511,-0.259986517710573,0.248644460692699,0,-0.423760313083993
99.9217265331697,0.0755859624966204,0.00133209927668104,-0.252191391171971,0.248634665032782,0,-0.423737869961708
104.02533161683,0.0747339838761966,0.00128644273813342,-0.244685087726165,0.248624871211849,0,-0.423715512057633
108.31025053845,0.0737768273281675,0.00124174628727948,-0.237442466746831,0.248615031589261,0,-0.423693130292344
112.929280680815,0.0727274761168091,0.00119829029990325,-0.230504044219144,0.248605187800496,0,-0.423670819130094
117.271386079291,0.0715885363509904,0.00115591052538528,-0.223839394087955,0.248595284249105,0,-0.42364845248868
121.984069052061,0.070375651563347,0.00111494756759175,-0.217498159306207,0.248585385022348,0,-0.423626174935758
126.281497410606,0.069086817562102,0.00107513013914578,-0.21143492621214,0.248575410721123,0,-0.423603807801048
131.102908120126,0.0677357477171953,0.00103671788016482,-0.205686427585567,0.248565413602133,0,-0.423581468605506
135.546723102676,0.0663293145060754,0.000999738370632388,-0.200253272408249,0.248555393629868,0,-0.423559156985606
140.033272220028,0.0648625224162041,0.000963944717223172,-0.195096846729184,0.248545274685626,0,-0.423536704056649
144.96497316666,0.0633542936370249,0.000929691851333843,-0.190265605738987,0.248535151627907,0,-0.423514320687477
149.235524914584,0.0618051616416297,0.000896876077484077,-0.185741098784655,0.24852499537816,0,-0.423491942200345
153.704201852821,0.0602203560865561,0.000865515102729631,-0.181522136855344,0.248514814212459,0,-0.423469586694845
158.085456939271,0.0586050083771391,0.000835624582581147,-0.177606706345246,0.248504620025366,0,-0.42344727992507
162.385857781846,0.056956241675125,0.000807083954142945,-0.173975039130317,0.248494379388611,0,-0.423424948627828
166.903027198019,0.0552672790064103,0.000779742141819747,-0.170605052543431,0.248484041690046,0,-0.423402483265512
171.661607456878,0.0535525999168835,0.000753798961263676,-0.167517744518527,0.248473690801215,0,-0.423380066554243
175.868884887261,0.0518059985378776,0.000729121839164422,-0.164692719775446,0.248463287897115,0,-0.423357614353287
180.349005149528,0.0500179344467176,0.000705566835943988,-0.162110152993911,0.248452780762859,0,-0.423335014919951
185.0895008863,0.0481974933799031,0.000683247741599105,-0.159778787310747,0.248442231140726,0,-0.423312401891328
189.416344497668,0.0463408436371191,0.000662104906892259,-0.157687577257365,0.248431627869247,0,-0.423289751614433
193.803352511369,0.0444489041348981,0.000642139117210149,-0.155831475266728,0.248420990491984,0,-0.423267106014519
198.063433879405,0.0425146606657695,0.00062327146205829,-0.154197903091298,0.248410297144913,0,-0.423244418745299
202.70106791098,0.0405345164958667,0.000605470099533851,-0.152779090956805,0.248399549068043,0,-0.423221692857883
207.071750607521,0.038499192497851,0.000588663023928523,-0.151564582757336,0.248388720683003,0,-0.423198874946176
211.58491181735,0.0363964739562894,0.000572775715321291,-0.150545230954019,0.248377776730339,0,-0.423175892034409
216.216761867882,0.0342449103269813,0.000557958759241648,-0.149725207126632,0.248366843250185,0,-0.423153009155926
220.149018964631,0.0320119907534221,0.000544002112091761,-0.149087400598543,0.248355787502595,0,-0.423129948902343
224.847514922914,0.0296963830842883,0.000530932020644946,-0.148629381679154,0.248344641950406,0,-0.423106780453474
229.282505494656,0.0272996198262653,0.000518778413648016,-0.148346977391162,0.248333452540063,0,-0.423083599944113
233.478845484472,0.0247963430366274,0.000507440552077385,-0.148233140135719,0.248322143584063,0,-0.4230602515078
238.08025164857,0.0221827269210733,0.000496937712822651,-0.148284255520902,0.248310745556481,0,-0.423036799462013
242.473204073161,0.0194466890468975,0.000487253747352276,-0.148495944327456,0.248299255169213,0,-0.423013238144388
246.877151353847,0.0165732092171292,0.000478370350929518,-0.148864380952673,0.248287662525023,0,-0.422989548492376
251.29973713146,0.0135596270229949,0.000470308647366723,-0.149383604881206,0.248276010955968,0,-0.422965819926499
255.48757850502,0.0103806169817524,0.000463029595139665,-0.150050852485031,0.248264259426565,0,-0.422941969715038
259.884170051598,0.0070228159024768,0.000456534956270805,-0.150861311958707,0.248252420319936,0,-0.422918024118586
264.189031560715,0.00346554335758176,0.000450815286787893,-0.151811179777113,0.248240485477422,0,-0.422893967709883
268.521810178529,-0.00031383039013895,0.00044586516947414,-0.152896557413236,0.248228448232507,0,-0.422869788270079
273.33617162782,-0.00434266917470533,0.000441680033278924,-0.154113955989102,0.248216295903426,0,-0.422845461733709
277.744849435377,-0.00864892252794555,0.000438261224332025,-0.155458692296377,0.248204024063787,0,-0.422820980814896
282.130597110561,-0.0132408294814254,0.000435622243584225,-0.156917823556897,0.248191688554616,0,-0.422796457941629
286.235423902888,-0.0181663036753945,0.000433749784769114,-0.158488608120624,0.248179243015135,0,-0.422771801871931
290.577821132133,-0.0234739217228362,0.000432642006312524,-0.160165670392765,0.248166658180128,0,-0.422746956320278
294.976980887087,-0.0291385198937463,0.000432301288360252,-0.161917161523776,0.248154079715543,0,-0.422722209352926
298.672781217331,-0.0352332273862432,0.000432705792824019,-0.163738531368454,0.248141428060827,0,-0.42269740424478
302.800361034359,-0.0418468314167469,0.000433847785546897,-0.165623597749459,0.248128621555936,0,-0.422672382331912
307.26910275288,-0.0490381137346521,0.00043571573786367,-0.16754954554459,0.248115662188655,0,-0.422647149737885
311.631515959013,-0.0568003153136534,0.000438260480336561,-0.169469706075372,0.248102669201503,0,-0.422621939630149
315.456132297265,-0.0652682879389156,0.000441457856531039,-0.171364419522389,0.248089527542965,0,-0.42259652971681
319.801317871612,-0.0744896578520289,0.000445235152023426,-0.173180071019921,0.248076284818681,0,-0.422571013659435
323.865837551346,-0.0845167724578595,0.000449488893216086,-0.174853091328668,0.248062980114967,0,-0.422545467497065
327.732137363169,-0.095407531303991,0.000454081564803954,-0.176308169174319,0.248049643548576,0,-0.422519949083031
331.482563620124,-0.107321479874546,0.000458873518558818,-0.177463165553079,0.248036192831718,0,-0.422494301509953
336.196697210638,-0.120430185035043,0.000463663223293139,-0.178202372210551,0.248022564350637,0,-0.422468405467565
340.488648497399,-0.134679663214339,0.000468091783935146,-0.178369444561665,0.248008927719678,0,-0.422442584169908
344.071223969249,-0.1503899018469,0.000471821217563981,-0.177778076459714,0.247995087628848,0,-0.422416468956423
348.484035759284,-0.167685859516857,0.000474295500910077,-0.176173060814131,0.24798105707504,0,-0.422390087311928
352.687024003987,-0.186351320399078,0.000474788159640841,-0.173294333641164,0.247967085314632,0,-0.422363908264524
355.91715070562,-0.206790669848955,0.000472420600457524,-0.168729646451099,0.247952919652389,0,-0.422337458709717
360.175629633235,-0.22888493542527,0.000466033665016361,-0.162048925690798,0.24793867333734,0,-0.422310951841075
363.936998745454,-0.252831417133692,0.000454031244902727,-0.152602912217451,0.24792420329353,0,-0.422284123467482
368.214254844832,-0.278294906795607,0.000434569781590172,-0.139763326081656,0.247909629001665,0,-0.422257197351114
371.976571538797,-0.305052434334568,0.000405213105298399,-0.122669748678555,0.247894893989194,0,-0.422230070762011
375.926093599774,-0.332380733482189,0.000363332509476172,-0.100517773704772,0.247880084756707,0,-0.422202904241575
379.519475427778,-0.359459725209613,0.000305597383260624,-0.0722852430731477,0.247865164743396,0,-0.422175631517649
383.272806911192,-0.385190375695058,0.000227464903484003,-0.0365895985196054,0.247850017606438,0,-0.42214804219985
387.421221038645,-0.407725228434835,0.000123011075913359,0.00823280725599838,0.247834616301341,0,-0.422120090694977
392.230409865148,-0.424093782890859,-1.75463901011587e-05,0.0648620840341814,0.247819184949996,0,-0.422092185480585
395.578163158827,-0.432646095007811,-0.000159646575229209,0.120484027285092,0.247803481339951,0,-0.422063890435351
399.749721435156,-0.446035812375598,-0.00011089054093534,0.10921650981918,0.247787698356868,0,-0.422035555457088
403.197282028726,-0.45355398976856,-0.000137203916820914,0.123318757699686,0.247771725498583,0,-0.422006983691809
407.016715412276,-0.453037531561852,-0.000204833976484951,0.150093125779003,0.247755603461786,0,-0.421978250134211
410.642376361265,-0.441605702030206,-0.000308642889427374,0.186814331232391,0.247739338115106,0,-0.421949366970439
414.231577194758,-0.412653832699914,-0.000467043601981512,0.238150332316506,0.247722877141301,0,-0.421920243462074
417.973986392418,-0.407824893526823,-0.000462992225148546,0.237439876893503,0.247706143963809,0,-0.421890747533055
421.878191436899,-0.415175923722293,-0.000404190477076463,0.220250995997517,0.247689263971264,0,-0.421861103123253
425.345609320421,-0.419417902088596,-0.000364456594454064,0.208903140242082,0.247672152367531,0,-0.421831163813728
429.030593710366,-0.422445536196322,-0.000332291920734485,0.199762467105474,0.247654941040285,0,-0.421801162382875
432.324503460664,-0.424828231762563,-0.000303807339772702,0.191606906251357,0.247637343751119,0,-0.421770603397473
436.394519666875,-0.426737852299601,-0.000278070898642982,0.184120056978095,0.247619645933561,0,-0.421739986041798
440.316104642043,-0.428307074744146,-0.000254038474135076,0.176975549105006,0.247601622940877,0,-0.42170892456543
444.133465222599,-0.429584876099847,-0.000231473712590438,0.170091416003897,0.247583382181686,0,-0.421677608110243
447.556235962675,-0.430609245810066,-0.000210156314121926,0.163397031364395,0.247564940617386,0,-0.421646068578116
450.902135496697,-0.431407365267041,-0.000189927227775217,0.156842953488518,0.247546293772636,0,-0.421614300952737
454.25074295887,-0.432002825519472,-0.00017053412200101,0.150347637758467,0.247527289338635,0,-0.421582049924023
457.921305550684,-0.432403684615073,-0.000152089847304665,0.143950932356574,0.247508095418666,0,-0.421549604763791
461.055843271993,-0.432622967156422,-0.000134589758702538,0.137658467554232,0.247488769010167,0,-0.421517063555777
464.089469482894,-0.432673121573876,-0.000117691847216739,0.131350334847987,0.247468957951127,0,-0.421483837989235
467.918955324347,-0.432559901478293,-0.000101605121413499,0.125106804133053,0.247448917720861,0,-0.421450362133903
470.992577884017,-0.432292410944291,-8.63027819755298e-05,0.118925378173846,0.247428645163417,0,-0.421416633770511
474.095923205134,-0.431873413884956,-7.15910256848505e-05,0.112731995008136,0.247407888950257,0,-0.421382240340657
478.464218630612,-0.431311906081718,-5.75961727330226e-05,0.106583694380561,0.24738682559407,0,-0.421347480661948
481.554663104095,-0.430615621314146,-4.4312481182446e-05,0.100486487448513,0.247365464404376,0,-0.421312374527385
484.582483650864,-0.429791872138132,-3.17214100137473e-05,0.0944414644698555,0.247343795950423,0,-0.421276910843141
487.603663337553,-0.428838928102168,-1.97004984898129e-05,0.0883965438633093,0.247321611365651,0,-0.421240754383722
490.946041008731,-0.427776826978572,-8.40307653216058e-06,0.0824384270164417,0.247299208831039,0,-0.421204396806084
493.599090095323,-0.426600625169924,2.31931910922968e-06,0.0765004134453388,0.247276318078393,0,-0.421167404853987
496.754729748313,-0.425319699985806,1.24472019467921e-05,0.0706019209708646,0.247252985912712,0,-0.421129861830981
499.677601717935,-0.423949074569779,2.19414866325033e-05,0.0647790656143744,0.247229333762895,0,-0.421091969018681
502.313359443757,-0.422485028760058,3.0898120906461e-05,0.058986219862842,0.247205151884318,0,-0.421053397181352
505.220906081167,-0.420956651038576,3.92143701970351e-05,0.0533065731682768,0.247180768870948,0,-0.421014675964599
508.21747348971,-0.419360889230487,4.69863608905196e-05,0.0476949847624895,0.247155978763741,0,-0.420975482478658
510.765506629213,-0.417709833827939,5.42217850747121e-05,0.0421642871920455,0.247130820492939,0,-0.420935884179952
513.163839664525,-0.415995938815716,6.10090180520244e-05,0.0366626532770022,0.247105032598606,0,-0.420895477772455
515.818830774149,-0.414262245779294,6.72406043128494e-05,0.0312984520894992,0.247079109868535,0,-0.420855044249721
517.60220885452,-0.412496574381479,7.30267452528845e-05,0.0260023530319998,0.247052713949833,0,-0.42081405986688
519.844647565954,-0.410715695141718,7.83679046999569e-05,0.0207955988489821,0.247025938870869,0,-0.420772677190105
521.79787459589,-0.408937813437967,8.32681510885532e-05,0.0157006509382837,0.246998901363338,0,-0.420731080916444
523.514922013231,-0.407157209284011,8.77961294202493e-05,0.0106708908619056,0.24697135267815,0,-0.420688893992424
525.42359792633,-0.405412080245965,9.19078733968725e-05,0.00578342993551663,0.246943726121143,0,-0.420646783598474
527.422870112229,-0.403699376275627,9.56642174020906e-05,0.000998650985499907,0.246915823803962,0,-0.420604449190168
528.853459611153,-0.402034332478608,9.9079318883014e-05,-0.0036712003887448,0.24688774204886,0,-0.420562039056104
530.051219980093,-0.400430885714701,0.000102170394685072,-0.008216592480521,0.246859575642585,0,-0.420519696469985
531.056167522649,-0.398897931094019,0.000104962848016729,-0.0126406481774372,0.246831351532303,0,-0.42047746080699
531.95386348021,-0.397442884732319,0.000107481582512735,-0.0169491036389115,0.246803084243504,0,-0.42043535226918
532.750693615542,-0.396074053202069,0.000109746815048065,-0.0211430654092257,0.246774823034261,0,-0.420393442090677
533.418090959936,-0.39479628519521,0.000111781397485026,-0.0252319473670421,0.246746565308074,0,-0.420351723858673
534.00402589353,-0.393616493603291,0.000113601704092955,-0.0292161652450196,0.246718373290041,0,-0.420310286351379
534.454394390896,-0.392539841822417,0.000115223987426235,-0.0330981453019327,0.246690300434333,0,-0.42026920400557
535.531993070777,-0.391568533907307,0.000116665956213121,-0.0368874387845044,0.24666235095529,0,-0.420228478410111
535.806385064886,-0.390702877996648,0.000117945179017345,-0.0405992910723435,0.246634485196867,0,-0.420188047646235
536.030907053804,-0.389945889924863,0.000119072591333011,-0.0442350518375579,0.246606766796528,0,-0.420147999794895
536.141374474839,-0.389297144720082,0.000120061834120978,-0.0478082838938591,0.246579167107478,0,-0.420108289001475
536.194180030669,-0.388759721440145,0.000120918734857209,-0.05130690259874,0.246551856154232,0,-0.420069154302396
536.095776765764,-0.388331112397241,0.000121655194825344,-0.0547424509189919,0.246524821254884,0,-0.420030570713313
535.953498007309,-0.388010936272776,0.000122276613122954,-0.0580970663862001,0.246498279254231,0,-0.419992839388573
535.690104568009,-0.387791340949215,0.000122801139991921,-0.061428371568272,0.246471846086534,0,-0.41995540765418
535.535033562327,-0.387670940626575,0.000123234963051359,-0.0647447796920919,0.246445523407882,0,-0.41991827445565
535.297608652226,-0.38764797367884,0.000123583580671681,-0.0680535167717573,0.246419322288187,0,-0.419881451984867
535.71075980453,-0.387719398518444,0.000123850610199847,-0.0713400044007412,0.246393425061665,0,-0.41984519163275
535.304165084095,-0.387882400004304,0.000124043646811328,-0.0746386810149122,0.246367626495986,0,-0.419809201473452
534.891299669577,-0.388133284949797,0.000124166628337457,-0.0779458656635924,0.246342021915074,0,-0.419773610874091
534.399248402823,-0.38846553127214,0.000124224160653463,-0.08124656885868,0.246316788674931,0,-0.419738660811976
533.844982901937,-0.38887637564114,0.000124221877439243,-0.0845712414259256,0.246291753674367,0,-0.419704106092841
533.270451428474,-0.389365254286357,0.000124163644899891,-0.087953334431019,0.246266732689202,0,-0.419669689697512
532.646901681932,-0.389921829586464,0.000124054474084685,-0.0913609566466161,0.246242026892282,0,-0.419635822393548
531.966060308376,-0.390548794494992,0.000123897301735651,-0.0948487464915498,0.246217308053957,0,-0.419602050992403
531.232361587984,-0.391233410467138,0.000123698612905603,-0.0983832630268437,0.246192883095601,0,-0.419568791803767
530.465047580237,-0.391976838098806,0.000123461506101588,-0.102009811937816,0.246168509347218,0,-0.419535710997288
529.632044240131,-0.392770863504915,0.000123192007392534,-0.10572714339161,0.246144275142148,0,-0.419502926173004
529.47017693413,-0.393608382329898,0.00012289637486071,-0.109544343482976,0.246120200747869,0,-0.419470461797946
528.56480071092,-0.394477291081424,0.000122583244569253,-0.11345210511284,0.246096420615548,0,-0.419438495306614
527.647944078352,-0.39537896005892,0.000122257040778403,-0.117505845774723,0.246072684853431,0,-0.419406687718387
526.638076729824,-0.396295782487867,0.000121929820042058,-0.1216804541136,0.246049234216551,0,-0.419375358732294
525.653086201112,-0.397226771084953,0.00012160869147864,-0.126032522537605,0.246025851516716,0,-0.419344215176565
524.564693319537,-0.398161643770147,0.000121305533571182,-0.130586377091725,0.246002531788809,0,-0.419313248821023
523.435801711549,-0.399084043308855,0.00012103576745937,-0.135347261985855,0.245979379607259,0,-0.419282596352548
522.30330531449,-0.399984863279304,0.000120814734736013,-0.140372359507637,0.245956265499128,0,-0.419252084360434
521.081335563468,-0.400843900531194,0.000120663550680374,-0.145680598183982,0.245933272124878,0,-0.4192218202776
519.863636510254,-0.40163548512637,0.00012060630082017,-0.151272680445898,0.245910562124555,0,-0.419192015123543
518.677879955749,-0.402348088004434,0.000120671269813705,-0.157294320312935,0.245887753176081,0,-0.419162165369877
517.275173881792,-0.402941435082314,0.000120893746175812,-0.163734527444572,0.245865131148976,0,-0.419132643945211
516.669438391147,-0.403379266444419,0.000121315702973538,-0.170681029875909,0.245842635923064,0,-0.41910336998544
515.317707660635,-0.403612638656907,0.000121986835158248,-0.178211738019602,0.245820294531271,0,-0.41907437649002
513.952548476915,-0.403579322011965,0.000122968164668754,-0.186438406108842,0.245798083323599,0,-0.419045630611303
512.542879338777,-0.403196169166032,0.000124335121667095,-0.195503420514744,0.245775963494639,0,-0.419017080340226
511.082820722193,-0.402354805545239,0.000126171227768178,-0.205535263173157,0.245753989831424,0,-0.418988794554657
509.632839536889,-0.400911483110371,0.000128576468060774,-0.216709459589683,0.245732154878306,0,-0.418960761611842
508.149158370759,-0.398670474432055,0.00013166960256486,-0.229246081244884,0.245710415808559,0,-0.418932924774835
506.608690072028,-0.395373451534288,0.000135576185204246,-0.243364263531111,0.245688768156427,0,-0.418905276838858
505.041568547587,-0.390692373275956,0.000140412273591815,-0.259250505927581,0.245667244082408,0,-0.418877857281379
503.472477469536,-0.384197968510625,0.000146288782472856,-0.277098100242908,0.245645807451448,0,-0.418850618518684
501.849621110876,-0.375381778846928,0.000153260910703579,-0.296971200190253,0.245624471917736,0,-0.418823576484416
500.216417000452,-0.363680686971745,0.00016129854391078,-0.318754649628415,0.245603263852318,0,-0.418796763020398
498.57908156221,-0.34846221491262,0.0001702962290557,-0.342193995659696,0.245582126735648,0,-0.418770105253718
497.510435219201,-0.329200225216654,0.000179987535663139,-0.3666701056687,0.245561095732688,0,-0.418743646242075
495.809653169529,-0.305444164727336,0.000190019775390972,-0.391386327207991,0.245540122430965,0,-0.418717323866591
494.043742907832,-0.27709826861502,0.000199897386708994,-0.41520893230302,0.245519261011585,0,-0.41869120490919
492.306675374021,-0.244289741680385,0.000209121438300623,-0.436994199811239,0.245498480344634,0,-0.418665249091745
490.513266481104,-0.207454080773496,0.000217208091864041,-0.455616975757737,0.245477743549604,0,-0.41863940936855
488.665261284145,-0.167492906918335,0.000223714242195418,-0.470035403691575,0.245457098683992,0,-0.418613744608315
486.847142351923,-0.125498245967175,0.000228340453830409,-0.479539822961097,0.245436558712603,0,-0.418588269662959
485.017411078734,-0.0825641426951423,0.000230943916791827,-0.48378615160715,0.245416081262856,0,-0.41856293085984
483.123257396374,-0.0398977829890774,0.000231513078228213,-0.482752769887133,0.245395682168138,0,-0.418537746801859
481.224288755176,0.00153602986739998,0.000230162235619822,-0.476722348835706,0.245375313172817,0,-0.418512657075037
479.251245146036,0.0408335943569331,0.000227095470983609,-0.466213531085105,0.24535498438583,0,-0.418487673463071
477.273927632776,0.0772627661254889,0.000222588301156608,-0.451938783288053,0.245334740359683,0,-0.418462849834362
475.325044986664,0.110463056764157,0.000216928298645001,-0.434642549828443,0.245314556538925,0,-0.418438155122717
473.319432733962,0.140333077139314,0.000210376416339085,-0.415006500223056,0.245294366036899,0,-0.418413506921592
471.224520057242,0.166674673747288,0.000203228764563951,-0.393840552473598,0.245274288289909,0,-0.418389050261782
469.836174242776,0.189763649392904,0.000195660856569765,-0.371621991467702,0.245254197798559,0,-0.418364631530463
467.685029252493,0.209688054446757,0.000187884080112839,-0.34896059969627,0.245234187837909,0,-0.418340363494015
466.375107824824,0.220580832476078,0.00018301356909308,-0.334857192396955,0.245221809141268,0,-0.41832537688328
475.351385926062,0.22058083247614,0.000183013569094231,-0.334857192396873,0.245221809141268,0,-0.41832537688328
487.253069174247,0.236065735093234,0.00017511247614576,-0.312147115560049,0.245201789640466,0,-0.418301181949885
458.967689902125,0.249122456313535,0.000167266108978157,-0.289851387517875,0.24518182975765,0,-0.418277110742424
459.420611970578,0.25561167458432,0.000162783527775084,-0.277356480616563,0.245170417877386,0,-0.418263371310513
469.272306616588,0.261448037620293,0.000158265959685078,-0.265089647816196,0.245158992630343,0,-0.418249632518488
467.124519912474,0.266686447479445,0.000153747289622381,-0.253070577582829,0.245147571369503,0,-0.418235915195216
465.287498042395,0.272419425629227,0.000148197988515722,-0.238556984050528,0.245133462115111,0,-0.41821899243341
461.615258156038,0.272419425629277,0.000148197988515148,-0.238556984050398,0.245133462115111,0,-0.418218992433409
478.746096446097,0.276466972049813,0.000143742363051444,-0.227226934661455,0.245122165730525,0,-0.418205461654967
461.068440444176,0.280078495857824,0.000139259034927492,-0.216152164537315,0.245110856379506,0,-0.41819193150043
460.60676131965,0.283273654075574,0.000134763376964057,-0.205396542100087,0.245099596223545,0,-0.418178476205294
459.603988482204,0.28610217290097,0.000130186211710725,-0.194913250786095,0.245088323244235,0,-0.418165021528648
458.379988305495,0.288591315888354,0.000125522940376686,-0.184723508605236,0.245077058239369,0,-0.418151592249384
457.139412488811,-0.429053599080072,-3.35096182984291e-05,-0.184153094277081,0.245065785864691,0,-0.418138170019982
455.849564009216,-0.428339892497528,-3.36349954909519e-05,-0.185784298329384,0.245054494100023,0,-0.418124740530347
454.527283491636,-0.427590850560885,-3.36019180951233e-05,-0.187353135243857,0.245043190658395,0,-0.418111312965322
453.202325883672,-0.426806893125577,-3.33932752035938e-05,-0.188859097528609,0.245031864399986,0,-0.418097874110429
451.848038649076,-0.425989048526853,-3.29905624195501e-05,-0.190300242286736,0.24502051251952,0,-0.418084420684956
450.478014664647,-0.425138443827044,-3.23739121524215e-05,-0.191674432368847,0.245009132219822,0,-0.418070949433251
450.066144952591,-0.424921850718085,-3.21847876595892e-05,-0.192005684088298,0.245006295868195,0,-0.418067594411313
461.968991315562,-0.424921850718075,-3.21847876598284e-05,-0.192005684088315,0.245006295868195,0,-0.418067594411313
463.288040838256,-0.424030182886539,-3.12675328324393e-05,-0.193298890580685,0.244994889700885,0,-0.41805411235705
444.984742299634,-0.423103495026175,-3.00751673684163e-05,-0.194534431599335,0.244983470653678,0,-0.418040630930807
444.883692659141,-0.422152967268058,-2.85988614594536e-05,-0.195695787923745,0.244972128818814,0,-0.418027256309686
443.162285924583,-0.42012365919577,-2.45709324285684e-05,-0.197846521092224,0.244948860234823,0,-0.417999865913562
423.384703460835,-0.418012672545449,-1.90251715912518e-05,-0.199668847966352,0.244925762136597,0,-0.417972740461431
422.545942130956,-0.415798373193368,-1.15543296382026e-05,-0.201185833476624,0.244902479194078,0,-0.417945462288722
419.972522626707,-0.413486463710221,-1.68609168885365e-06,-0.202387306044142,0.244878976242642,0,-0.417917991438718
416.982164101833,-0.411085801265335,1.11928722446082e-05,-0.203260715930244,0.244855246883698,0,-0.417890321844288
413.776355221566,-0.408611509354637,2.78657423098627e-05,-0.203792850188031,0.244831339602644,0,-0.417862511275129
410.502277908469,-0.406078526094573,4.93950899677717e-05,-0.203973967677029,0.244807293391465,0,-0.417834605953974
407.154513593285,-0.403486999240459,7.74478631479868e-05,-0.203795245677534,0.244783005154882,0,-0.417806487367822
403.528332587389,-0.400853285116729,0.000114320670750442,-0.203246943306886,0.244758524060497,0,-0.41777821378749
399.902430738799,-0.398195574171625,0.000163490425242637,-0.202323644146238,0.244733913779954,0,-0.417749859621764
396.295900857973,-0.395528272121098,0.000230660482483647,-0.201022448022345,0.24470920373908,0,-0.417721459253225
392.608089121877,-0.392826322471536,0.000327478766839901,-0.199315408420033,0.244684058489508,0,-0.417692628890964
388.27222801884,-0.390133667451931,0.000473919109226749,-0.197213016186969,0.244658784491091,0,-0.417663721782106
384.892277668561,-0.38746192059802,0.000716851548410801,-0.194713995948505,0.244633395322547,0,-0.417634753984063
380.948641304098,-0.384807320209149,0.00119439007488959,-0.191801539993704,0.244607766348193,0,-0.417605584282116
376.705501383261,-0.382187778776052,0.00252957211248114,-0.188484794974912,0.244582024775895,0,-0.417576358431774
372.621171856007,-0.378705431380616,0.0266248596195481,-0.184431696189766,0.244556104833049,0,-0.417547002468487
368.304479835073,-0.377073404802145,-0.00385969411530212,-0.180585194036806,0.244529873924974,0,-0.417517367758585
363.681227759849,-0.37461690344778,-0.00197108435757552,-0.17601305209633,0.244503530158526,0,-0.417487679374909
359.360976140428,-0.372210784322369,-0.00138908457129371,-0.171010501842018,0.244477000612974,0,-0.417457855866482
354.784704363385,-0.369861275830978,-0.00110329594853872,-0.165558112395868,0.244450190121888,0,-0.417427791679904
349.939560379655,-0.367574756089476,-0.000931405104646338,-0.159651912637696,0.244423112733631,0,-0.417397504334922
345.080564111442,-0.365374157519624,-0.000815520516328155,-0.153345585014573,0.244396021365517,0,-0.417367277369282
340.610280416886,-0.363236977530296,-0.000729473408677098,-0.14657253009833,0.244368640117076,0,-0.417336803677812
335.498330804281,-0.361178832327566,-0.000661755708686303,-0.139383257495457,0.244341189465885,0,-0.417306329596574
331.188880691139,-0.359184555798948,-0.000605148279836148,-0.1317350574712,0.244313517792533,0,-0.417275687469531
326.048413300247,-0.357254863873785,-0.000555745219205783,-0.123646826493176,0.244285711398828,0,-0.417244973795134
321.02488524366,-0.355382245377204,-0.000510891329354759,-0.115117222384286,0.244257777635394,0,-0.417214197228096
315.936540489662,-0.353558343511323,-0.000468811375727166,-0.106152197700187,0.244229746568153,0,-0.417183391270062
310.811121221396,-0.35176086781027,-0.000427983816252498,-0.096697104445592,0.244201467290882,0,-0.4171523909507
305.29501776328,-0.349983785700186,-0.000387641042922223,-0.086792623579896,0.244173082512169,0,-0.417121353614346
300.006585140169,-0.348200075192948,-0.000346810623234487,-0.0763814995048388,0.244144449385261,0,-0.417090123964205
294.333668173448,-0.346400779002783,-0.000305145644924178,-0.0655281815984389,0.244115762944242,0,-0.417058915398937
289.026538903787,-0.344557991928783,-0.000262040405636838,-0.0542065488417953,0.244086963294789,0,-0.417027662873143
283.484030064894,-0.342643271789272,-0.000217022695630022,-0.0424056006860174,0.24405803474951,0,-0.416996349788067
277.847291068565,-0.340630880743376,-0.000169816584139603,-0.0301520116667487,0.244029049885032,0,-0.416965054891438
272.293001633485,-0.338479238089324,-0.000119897389289243,-0.0173980974190925,0.24399990215622,0,-0.416933663471703
266.816610230493,-0.33615964095868,-6.71551486470161e-05,-0.00419539604554027,0.243970711251853,0,-0.416902304700717
261.173297188905,-0.333629710156923,-1.12681473828808e-05,0.0094653545961332,0.243941449501866,0,-0.416870948747914
255.395598011425,-0.330851492591591,4.78914627320532e-05,0.0235510314158665,0.243912173942544,0,-0.416839656509383
249.656015174982,-0.327756361111012,0.000110993246321188,0.0381586399182913,0.243882669550194,0,-0.416808198561194
243.344637122896,-0.324307894307041,0.000177926980799231,0.0532031999971485,0.243853089235134,0,-0.416776738596709
237.397545746699,0.398332889149709,0.000507046262683151,0.0577728660543492,0.243823596059309,0,-0.416745449435341
231.718052262919,0.401921789835168,0.000453181896803265,0.0493278566765589,0.243793858340019,0,-0.416713979263317
225.178279047367,0.405104583316097,0.000394998652568404,0.0402448514571488,0.243764189332603,0,-0.416682659727127
219.396391886345,0.407834186090278,0.000332206697675498,0.0305286260141135,0.243734515712667,0,-0.41665141262238
213.30971183563,0.41006473579067,0.000264350434095005,0.0201587648845634,0.243704691355467,0,-0.416620084137298
206.811926525051,0.41172958116879,0.000191546787340781,0.00920279219181341,0.243674813385242,0,-0.41658877654619
200.536947937739,0.412773127824324,0.00011391517427933,-0.00227404193109629,0.243644934592169,0,-0.416557544836584
194.657002933304,0.413148616463799,3.13228768677873e-05,-0.0142456268668984,0.243614985096537,0,-0.416526315704402
188.231314214618,0.412814600206465,-5.55005609573558e-05,-0.0265646028402114,0.243585176679062,0,-0.41649530918353
182.287702906008,0.411736576557882,-0.000146965729467574,-0.0392502962243897,0.243555297028021,0,-0.416464303642571
175.745314164889,0.409897833423426,-0.000242162471335714,-0.0521408435666971,0.243525556784131,0,-0.416433516892149
169.672238705589,0.407248329434343,-0.000342145093845378,-0.0653430605617655,0.243495538509561,0,-0.416402516813245
162.471245477349,0.40380765922292,-0.000445237836437055,-0.0786029000705986,0.24346564547516,0,-0.416371719930022
156.385013141835,0.399586085226507,-0.000550970116734589,-0.0918378621666693,0.243435883978654,0,-0.416341131285783
150.162354158632,0.394544140381353,-0.0006600479549719,-0.105112683164924,0.243405933305659,0,-0.416310420971402
143.039921194011,0.388727616281967,-0.000771259239730506,-0.11825812973641,0.243376003324751,0,-0.41627980430436
136.494788293633,0.382152691593282,-0.000884288503504965,-0.131222333564418,0.24334604752,0,-0.416249233235623
129.779804992954,0.374886224606212,-0.000998102952219422,-0.14387837845767,0.243316206984429,0,-0.416218850958003
123.387510182357,0.366920099329003,-0.00111296230322814,-0.156249742793238,0.243286284269076,0,-0.416188455847912
116.684161551114,0.358330843459604,-0.00122789631024256,-0.168229221218523,0.243256407580657,0,-0.416158177798898
110.03760314882,0.349153047036543,-0.00134263088138092,-0.179791043886504,0.243226528193478,0,-0.41612796681745
103.190842456608,0.339427512365814,-0.00145682624651893,-0.190905997492776,0.243196620631411,0,-0.416097796797076
96.2687125801264,0.32925516523639,-0.00156951266976697,-0.201490537570002,0.243166833322794,0,-0.416067816700401
89.7003583418893,0.318605599724957,-0.00168120748966903,-0.211605526633605,0.243136930085048,0,-0.416037788356426
82.4491434158518,0.307646902123911,-0.0017903440020023,-0.221125757071014,0.243107241189233,0,-0.416008042645636
76.1253547012965,0.296333053143927,-0.00189757967408516,-0.230128886384138,0.243077508182348,0,-0.415978319611631
68.954795340214,0.284708559068148,-0.00200260348073473,-0.238606478426444,0.243047737973562,0,-0.415948626010321
61.791702876661,0.272787938630169,-0.00210536178832542,-0.246572739823916,0.243017869980339,0,-0.41591890144468
54.4606942349964,0.260696350185444,-0.0022048697514622,-0.2539737851286,0.242988126072329,0,-0.415889366213362
47.7398096279207,0.248396222811199,-0.00230151681776481,-0.26086264767517,0.242958332249639,0,-0.415859846877374
40.4539954002964,0.235982004968667,-0.00239461162989005,-0.267214135405121,0.242928647777351,0,-0.415830500632333
33.8530358274405,0.223421151950945,-0.00248442839027361,-0.273071416265072,0.24289893544036,0,-0.415801191158138
26.5562179791916,0.21076866597988,-0.00257056682635887,-0.278431696766842,0.242869276845934,0,-0.415771998475345
19.4743766199175,0.197988559663778,-0.0026532318267523,-0.283330002095711,0.242839548401018,0,-0.415742800591083
13.6245921915724,0.188098264474076,-0.00271423176730924,-0.28678325503616,0.242816677069536,0,-0.415720380502061
33.749907618962,0.188098264474002,-0.00271423176730824,-0.286783255036183,0.242816677069536,0,-0.41572038050206
91.9371313347722,0.175182906768867,-0.00278998635773715,-0.290870370280566,0.242786963977319,0,-0.415691309246959
-11.9032038993665,0.162236978737803,-0.00286146112357733,-0.294507516704278,0.242757334994757,0,-0.415662382511742
-7.77433111148062,0.15844651781907,-0.00288156269061276,-0.295487133679441,0.242748673470902,0,-0.415653937961254
56.7329258374329,0.158446517818997,-0.00288156269061393,-0.29548713367946,0.242748673470902,0,-0.415653937961254
73.3497491535194,0.153023249494808,-0.00290968584169164,-0.296822370057439,0.242736281280491,0,-0.415641865357686
27.8914246648634,0.147585471260201,-0.00293708147321309,-0.29808560061557,0.242723878666366,0,-0.415629793370694
23.2697882881244,0.136667185428784,-0.00298963702685167,-0.300397765109324,0.2426990421691,0,-0.415605651248508
-21.2535208660992,0.123618082980024,-0.00304809393371178,-0.302777447775538,0.242669470223912,0,-0.41557696198633
-38.8075768951517,0.110621973453035,-0.00310182137675927,-0.304731498811427,0.242639971621711,0,-0.415548404092505
-41.4617774247178,0.0989081643103204,-0.00314659328456033,-0.306136045035307,0.242613194545901,0,-0.415522532709876
-37.3907832268621,0.0871904554757011,-0.0031878281495628,-0.307209530435017,0.242586219658705,0,-0.415496519747804
-43.7062884408913,0.0755149257796129,-0.00322528920422791,-0.307954655077602,0.242559145610861,0,-0.415470460891051
-49.434053829687,0.0638621923909001,-0.00325896866035497,-0.308379488382018,0.242531921344174,0,-0.415444307414748
-55.1817203079246,0.0522344733855464,-0.00328877540217497,-0.308488932356452,0.242504545898685,0,-0.415418058956915
-61.0655822264333,0.0407159148094439,-0.00331444669770176,-0.308289567048707,0.242477213821651,0,-0.415391902082342
-66.4639041533688,0.0291327880914066,-0.00333627268160597,-0.30778113050776,0.242449506776547,0,-0.415365437080821
-73.1266321795837,0.0176070354283567,-0.00335389507113325,-0.306968663923159,0.242421708584459,0,-0.415338936057615
-78.8815143306141,0.0060951273407043,-0.00336728811265998,-0.30585094106693,0.242393708154069,0,-0.415312293635641
-84.997370491645,-0.00536684954585723,-0.00337631004302478,-0.304432046683872,0.242365586271414,0,-0.415285587294775
-90.8621077945187,-0.0167868284074633,-0.00338087977795921,-0.30271174661967,0.242337316518009,0,-0.415258792406449
-96.8702394566416,-0.0282623145096751,-0.00338088258606056,-0.300670836976676,0.242308645898579,0,-0.415231670403424
-103.527091296568,-0.0396320213577933,-0.00337619810418547,-0.298335065567665,0.242279966591775,0,-0.415204593124709
-109.053372428807,-0.0510196243451906,-0.00336667247747313,-0.295676555353329,0.24225095558138,0,-0.415177256247687
-115.552857505334,-0.0623806287335582,-0.00335218401409821,-0.292698778013437,0.24222171040303,0,-0.415149752953463
-121.72668499409,-0.0737308853120617,-0.00333256365205281,-0.289390603610016,0.242192173322144,0,-0.415122030109783
-128.036214440394,-0.0850087080911357,-0.00330779233354866,-0.285763762565099,0.242162487552756,0,-0.415094223058081
-133.818102103799,-0.0961999711544156,-0.00327782088916968,-0.281818678366121,0.242132673994406,0,-0.415066351838323
-139.71724828671,-0.107392311753539,-0.00324227132307077,-0.277515481061318,0.242102476656303,0,-0.415038178255957
-146.286064991255,-0.118505496409831,-0.00320123683304526,-0.272874053086655,0.242072085932194,0,-0.415009881246756
-152.291444784477,-0.129562893466403,-0.00315449727479781,-0.267874628068531,0.242041411274305,0,-0.414981377521472
-158.593325930617,-0.140611179709653,-0.00310164520803255,-0.262480319262543,0.242010288122276,0,-0.41495251590746
-165.272030228028,-0.151554893615074,-0.00304294376511929,-0.256722154392406,0.241978948575331,0,-0.414923513190689
-171.300513551376,-0.162406064715614,-0.00297818039486474,-0.250580322858414,0.241947321936911,0,-0.414894305038322
-177.508557730099,-0.173089015336914,-0.00290769049585136,-0.244085480896292,0.24191559247308,0,-0.414865062391282
-183.24193524121,-0.183636726066323,-0.00283115067847738,-0.237205346999171,0.241883624124559,0,-0.414835660478964
-189.409599641113,-0.194129290039748,-0.00274772156982986,-0.229864372880654,0.241851118711754,0,-0.414805826927224
-196.319900363711,-0.204546170991539,-0.00265718659767394,-0.22204436230699,0.241818068360478,0,-0.414775557267675
-203.140380246196,-0.214797012279465,-0.00256000203349322,-0.213783109636249,0.241784688769712,0,-0.41474505121843
-209.304666822595,-0.224727374585965,-0.00245752920651834,-0.205190211697515,0.241751432577683,0,-0.414714722666358
-214.410004002752,-0.234482075280184,-0.00234811646563661,-0.196121165480518,0.241717755892295,0,-0.414684076076964
-221.082164383744,-0.244154001611816,-0.00223013981521961,-0.186439248461141,0.2416832260122,0,-0.414652721022092
-228.562773618413,-0.253453318282318,-0.00210671385347459,-0.176395305653087,0.241648780564215,0,-0.414621510780793
-233.828160115936,-0.262617534498,-0.00197418099994757,-0.165686658935458,0.241613427085919,0,-0.414589548135648
-241.576656058976,-0.271519355579895,-0.00183347524306191,-0.154385513324335,0.241577486934197,0,-0.414557127674628
-248.376557401122,-0.280082364445643,-0.0016850224241365,-0.142521183496036,0.241541109408286,0,-0.41452438673167
-254.837748747795,-0.288257728175151,-0.00152887049280887,-0.130092278628296,0.241504335758182,0,-0.414491364513409
-261.282776999258,-0.296062560304955,-0.00136358271580204,-0.1169800612339,0.241466873824603,0,-0.41445780152316
-268.343214798346,-0.303356640757967,-0.0011909139866444,-0.103319739640181,0.241429161712375,0,-0.414424092681582
-274.520253260537,-0.310271030576011,-0.00100578516079279,-0.0887071198960309,0.241390166993535,0,-0.414389319449146
-282.941062093701,-0.316553101717855,-0.000812508161653552,-0.0734814151014118,0.241350881031288,0,-0.414354370316787
-289.112055822986,0.394210733078197,-0.00182154531608733,-0.0576221932005775,0.241310266625054,0,-0.414318327233694
-297.633028965831,0.390642425381737,-0.00195522866665727,-0.0709078069655381,0.241269024322715,0,-0.414281817688542
-304.566029543441,0.386479712998254,-0.00209527111379398,-0.0848244304598346,0.241226524167087,0,-0.41424428965092
-313.033281144064,0.38156820334737,-0.0022442071486417,-0.099596916729541,0.241182291328477,0,-0.414205333326283
-322.240931470534,0.375927456831007,-0.0023989405328029,-0.114883671922961,0.241137560189848,0,-0.414166042851403
-328.989274492989,0.369190639952499,-0.00256644475716138,-0.131328026907461,0.241090695834989,0,-0.414124990721523
-339.39159311063,0.36105838706849,-0.00274953292880431,-0.149140364968131,0.241041443374766,0,-0.414081969331396
-349.864416760471,0.35148981029389,-0.00294443391978404,-0.167877678553215,0.240991323883118,0,-0.414038318621386
-356.803993169138,0.340709098770734,-0.00314339143360393,-0.186733904790061,0.240942567564574,0,-0.413995978061796
-359.574690148181,0.328444594020307,-0.00334875211558084,-0.20588487609128,0.240894636305283,0,-0.413954471218364
-363.828487800014,0.314490948906893,-0.00356057617005219,-0.225288629584038,0.240847488525988,0,-0.413913755354537
-368.155336319579,0.298657893068474,-0.00377796537043053,-0.244820005138472,0.240801170358629,0,-0.413873863761413
-372.456000832578,0.280442273334154,-0.00400305836099437,-0.264624575151743,0.240754960844613,0,-0.413834171455393
-378.045122105134,0.259636148217089,-0.00423269020809009,-0.284375111808083,0.240709076149719,0,-0.41379486186523
-383.048060327602,0.235983634220489,-0.00446348686242953,-0.3037402100926,0.240663505359598,0,-0.413755922739947
-387.961454861549,0.209461593051769,-0.00468926785840729,-0.322169808869149,0.240618511321084,0,-0.413717575003876
-392.243056136996,0.180397433162027,-0.00490154863917911,-0.338959319188778,0.240574588371151,0,-0.413680233948645
-395.767817513299,0.147992283731822,-0.00509957866108569,-0.354025823122159,0.240530375964463,0,-0.413642739760843
-401.725049813321,0.112541040861729,-0.00527377671183091,-0.366591609395121,0.240486032946617,0,-0.413605227834529
-407.077551179622,0.0747481812041444,-0.00541411044567652,-0.37589003760938,0.240441853070899,0,-0.41356794593456
-411.783878618204,0.0355837753289952,-0.00551250751084416,-0.381356626983279,0.240398096454042,0,-0.413531111125964
-416.000619471477,-0.00404878778413306,-0.00556442038672674,-0.382726006483868,0.240354744033237,0,-0.413494704231874
-420.208528760977,-0.0431276439962915,-0.00556837202145871,-0.379996635763283,0.240311851735126,0,-0.413458769043975
-424.243981207218,-0.0806745779009028,-0.00552641463548567,-0.373452070842973,0.240269502511364,0,-0.413423371543482
-428.066469523459,-0.115903151058111,-0.00544361893678614,-0.363603678552916,0.240227760048017,0,-0.413388561103469
-431.773055240598,-0.148648771404626,-0.00532539044539621,-0.350929315164647,0.240186175540249,0,-0.413353960766282
-436.11309511359,-0.178431332920063,-0.00517907777184101,-0.336088255255681,0.240144912233815,0,-0.413319704529443
-440.006398610004,-0.204832616697913,-0.00501382725259572,-0.319883320898987,0.240104419728225,0,-0.413286162160844
-443.276287242614,-0.228414600582755,-0.00483295750520649,-0.302540440349633,0.240063876179427,0,-0.413252650467205
-447.695507433498,-0.24903692062041,-0.00464382098805765,-0.284686549745802,0.240023687160827,0,-0.413219503432283
-451.351872659511,-0.266984765070639,-0.00445027154729385,-0.266618034299091,0.239983672544845,0,-0.413186570661379
-455.223037039767,-0.282437368178048,-0.00425649114024578,-0.248671090305314,0.239943934107496,0,-0.413153934324685
-458.860455904759,-0.295659573542044,-0.00406503542702395,-0.231038693850669,0.239904420931228,0,-0.413121550903689
-462.50362013955,-0.306871614241892,-0.00387828609843352,-0.21390567859493,0.239865204969654,0,-0.413089477641886
-465.962935301668,-0.316295404219624,-0.00369793498753836,-0.197400126807694,0.239826350496919,0,-0.413057765065312
-469.307479121243,-0.324219189075709,-0.00352332407105159,-0.181441121433467,0.239787510204259,0,-0.413026128399141
-473.076575396244,-0.330791502326872,-0.00335562930452843,-0.166120102519653,0.239748801886284,0,-0.412994662871332
-476.559644866514,-0.336148681339343,-0.0031960122108882,-0.151530439599551,0.239710423646335,0,-0.412963528035154
-479.748600147091,-0.340486298152124,-0.00304308254962967,-0.137534708366808,0.23967200423883,0,-0.412932421667776
-483.422063363264,-0.343928791805996,-0.00289642926185881,-0.12408601751231,0.239633401068211,0,-0.41290122851995
-487.211931402707,-0.346526435481701,-0.0027586985247716,-0.111419158079239,0.239595334856845,0,-0.412870529790604
-489.935535054312,-0.348425227183974,-0.00262749851694556,-0.0993066057351725,0.239557193788463,0,-0.412839830651134
-493.45514048177,-0.349693869468918,-0.00250359362034137,-0.0878102262502427,0.239519232064985,0,-0.412809335139978
-496.536228767715,-0.350408830357315,-0.00238702418691428,-0.0769244876316103,0.239481523791796,0,-0.412779101466187
-499.501121756607,-0.350640471175641,-0.00227708531954141,-0.0665718304225742,0.239443892193114,0,-0.412748986826701
-502.64976086944,-0.350444253934244,-0.00217366006554336,-0.0567253367469653,0.239406322472366,0,-0.412718978763081
-505.756994445982,-0.349867384258722,-0.0020765502551151,-0.0473443243178517,0.239368740040558,0,-0.412689017290044
-508.891569345681,-0.348953881474317,-0.00198609758523074,-0.0384318161569247,0.239331242272648,0,-0.412659179581101
-511.815644564904,-0.347755879874628,-0.00190327842537459,-0.0300456470545414,0.239294192862617,0,-0.412629753556602
-514.313025192607,-0.346289795083177,-0.00182710842376731,-0.0220268375662447,0.239256993811005,0,-0.412600263319199
-517.506967208007,-0.344583008766028,-0.00175847052949904,-0.014368378540267,0.239219676196952,0,-0.412570733820238
-520.501041487912,-0.342701703586202,-0.00169984493134502,-0.00720516352949289,0.23918302065143,0,-0.41254178131634
-522.773215087233,-0.340596553390749,-0.00165113216805801,-0.000247428566779365,0.239145623649,0,-0.41251229712864
-526.433306922632,-0.338371573313121,-0.00161791481741382,0.00624463323980934,0.239108967448393,0,-0.412483449623286
-528.334785107988,0.355228496464941,0.0170911120620454,0.0108729327715574,0.239072205071555,0,-0.412454570626396
-531.248610325508,0.354535668231685,0.0215116093117893,0.00422864027471923,0.239035247372798,0,-0.412425590491476
-534.144558798939,0.353354200850143,0.029195707244795,-0.00224051917501769,0.238998353427003,0,-0.412396712392032
-536.64256577253,0.350825029503869,0.0452802660485093,-0.00837748226240656,0.238962196214487,0,-0.412368461163356
-538.45750631125,0.337344081207479,0.101676449877312,-0.013660676843404,0.238925987732063,0,-0.412340219439403
-541.134160391565,0.219942055934143,-0.269190452529867,-0.00816165836201958,0.238889580610546,0,-0.412311872550173
-543.845517881537,0.344905766540675,-0.0635114578535306,-0.0256104165265191,0.238853291212698,0,-0.412283666746551
-546.161336208929,0.347712782955291,-0.0353083627288151,-0.0318086943458808,0.238817166605384,0,-0.412255637801499
-548.425660600097,0.347219988077839,-0.0243862285325115,-0.0375663950178451,0.238780958640453,0,-0.412227592781309
-550.885964849312,0.346009231497103,-0.0186369069145074,-0.0431196048772979,0.238744924400857,0,-0.41219973040106
-553.194171801668,0.344480592665127,-0.0150806486006402,-0.0485493341908487,0.238708873389377,0,-0.412171902825202
-555.532171753807,0.342735493982394,-0.0126587623168552,-0.0538946642526558,0.238672653335723,0,-0.412143992661798
-557.93194509135,0.340837325651805,-0.0109250873034555,-0.0590948203325364,0.238636734723654,0,-0.412116361969418
-559.845031551998,0.338798555210263,-0.00961986920196752,-0.0641770809913665,0.238600974769279,0,-0.412088899789933
-561.92549476695,0.336592252573438,-0.00858798618513141,-0.0692267106461623,0.238564788146954,0,-0.412061156923353
-564.44934177707,0.334268169241715,-0.00776830895260527,-0.0741395684990226,0.238528934182378,0,-0.412033715483429
-565.088857394208,0.332989358559431,-0.00739858524422035,-0.0766918873007138,0.238510047382784,0,-0.412019278648124
-550.757756819916,0.332989358559417,-0.00739858524421959,-0.0766918873007421,0.238510047382784,0,-0.412019278648124
-539.17327281644,0.330495403669458,-0.00679707842900754,-0.0814034137268371,0.238474699021685,0,-0.411992292967528
-573.287137364812,0.32786658958001,-0.00628961683392068,-0.0860371854820188,0.238439297653057,0,-0.411965311289637
-572.00682655586,0.326434915206363,-0.00605134843997124,-0.0884366010969821,0.238420673659953,0,-0.41195113453426
-558.820402786415,0.324973746410278,-0.00582684131149951,-0.0908060521647604,0.238402035033175,0,-0.411936958886678
-561.251982341229,0.323444863518494,-0.00561203368188957,-0.0932028201344794,0.23838295944458,0,-0.411922463562887
-564.075509611136,0.320768549476067,-0.00528293839136038,-0.0972072266672716,0.238350648798452,0,-0.411897940191244
-574.66161228208,0.320583292393717,-0.00526206970639563,-0.0974759789486785,0.238348459949851,0,-0.411896280204412
-550.281637264506,0.320583292393699,-0.005262069706393,-0.0974759789487045,0.238348459949851,0,-0.411896280204412
-553.224160728559,0.317503662094179,-0.00494537843588859,-0.101796207238482,0.238312907081751,0,-0.411869340907433
-583.821406766504,0.314314219806738,-0.00466755082694535,-0.106000594217647,0.238277611792726,0,-0.411842640286174
-583.050108672565,0.310989415487549,-0.00441987493651886,-0.110134497303293,0.238241915619837,0,-0.41181568028858
-584.554008587538,0.306844399119892,-0.00415741990590072,-0.11498294876105,0.238198309696083,0,-0.411782805955452
-591.595287037333,0.302590978907903,-0.00392950817855328,-0.119639168996577,0.238154465509234,0,-0.411749817750459
-592.34787382922,0.298284470858584,-0.00373186351158363,-0.124055171547215,0.238110879257974,0,-0.411717088615046
-593.199643893396,0.293871589462173,-0.00355653714403907,-0.128296311007213,0.238066941775665,0,-0.411684160978696
-594.617402914792,0.28938049266813,-0.00340066298406389,-0.132341981767554,0.238022873515747,0,-0.411651200776115
-595.881564155727,0.284813088228639,-0.00326098703356771,-0.136198264276726,0.237978628532116,0,-0.411618173974013
-597.160525393196,0.280204360906332,-0.00313577704517821,-0.139844987411741,0.237934476956887,0,-0.411585282046837
-598.251446304025,0.275537420147144,-0.00302226592242244,-0.143304854755812,0.237890187890982,0,-0.411552352727268
-599.46696141062,0.270812962528004,-0.00291868618110271,-0.14658416039393,0.23784570299572,0,-0.411519343024969
-600.654448986042,0.266051303602844,-0.00282397007601869,-0.149675975106244,0.237801147344267,0,-0.411486345986467
-601.904013926142,0.261235381133884,-0.00273652845146601,-0.152597767408169,0.237756295216397,0,-0.411453194903314
-603.020891028025,0.256431551968884,-0.00265643067265676,-0.155317716202266,0.23771169662348,0,-0.411420296046194
-603.803841927165,0.251584471467789,-0.00258178866822472,-0.1578752802781,0.237666770049852,0,-0.411387220265353
-604.840553925218,0.246717490573251,-0.00251221868791896,-0.160263493594053,0.237621665428513,0,-0.411354078696583
-605.713197290154,0.241844074947968,-0.00244723219830985,-0.162482393557477,0.237576440349289,0,-0.411320913954924
-606.496808776479,0.236963023001711,-0.00238622308072456,-0.164539068526519,0.237531016299622,0,-0.411287668808229
-607.244425451519,0.232098708486645,-0.0023289715711203,-0.166430225288198,0.237485553443983,0,-0.411254460643894
-607.871684143955,0.227197444752007,-0.0022744266136367,-0.168181683337318,0.237439480038566,0,-0.411220872885694
-608.634649893255,0.222336672501808,-0.00222307246275923,-0.169771250904887,0.237393454578516,0,-0.41118738644258
-609.055496583666,0.217524587187187,-0.0021746053118739,-0.171205002241758,0.23734749321958,0,-0.41115401247392
-609.440927223349,0.212706442513809,-0.00212817111251215,-0.172505366901543,0.237301005286259,0,-0.411120322712728
-610.130120093379,0.207924333416401,-0.00208392310694446,-0.173666083705405,0.237254325551981,0,-0.411086560957986
-610.431224255577,0.203176781719942,-0.00204160640877134,-0.174693847424699,0.237207372538114,0,-0.411052668920893
-610.682765063934,0.198472336223126,-0.00200108520418352,-0.175592984832876,0.237160163272204,0,-0.411018659670455
-610.840620337595,0.193863718132247,-0.00196260559063816,-0.176361448928516,0.23711317202494,0,-0.410984874589664
-610.823266845769,0.189311932320889,-0.00192565734136534,-0.177013798059617,0.237065949690563,0,-0.41095099045501
-610.847793287412,0.184824621501657,-0.00189015369640708,-0.177555462870701,0.237018515524069,0,-0.410917021668279
-610.786760065614,0.180366425901929,-0.00185569291343549,-0.177996018273021,0.236970424647574,0,-0.410882651132564
-610.703621610735,0.176001816685717,-0.00182266012608808,-0.178335088972225,0.236922308346781,0,-0.410848331119204
-610.428951432322,0.171706342223896,-0.00179076265127514,-0.178581579920959,0.236873844780655,0,-0.410813832494513
-610.124226154205,0.167493032169759,-0.00176000680824916,-0.178741123281375,0.236825123235641,0,-0.410779219738658
-609.717969990903,0.163387097165147,-0.00173049220783689,-0.178820000308511,0.236776392968798,0,-0.410744670124803
-609.402901702313,0.159386844344948,-0.00170213096391976,-0.178825845404065,0.236727603248826,0,-0.410710147456763
-608.832163176832,0.155464293283146,-0.00167466432632847,-0.178765262921264,0.236678367983774,0,-0.410675379242951
-608.192208404285,0.151612042044974,-0.00164799360913929,-0.178643660205845,0.236628528501243,0,-0.410640255291926
-607.449134696976,0.147871902617308,-0.00162236534794026,-0.178468592347917,0.236578577705371,0,-0.410605124117849
-606.608741315537,0.144253543265076,-0.0015978052517728,-0.178247739599402,0.2365286295241,0,-0.410570065694142
-605.693651924062,0.140727738998721,-0.00157408366234018,-0.17798592665816,0.236478254217025,0,-0.410534778905182
-604.674356468527,0.137303307651328,-0.00155123685062434,-0.177689868366351,0.236427537642118,0,-0.410499325139823
-603.556938318924,0.133954689678581,-0.00152907827854827,-0.177363068721877,0.236376045557037,0,-0.410463402829544
-602.298348319044,0.130739735140415,-0.00150797739832657,-0.177017343086777,0.236324639489827,0,-0.410427614076149
-601.031884315698,0.12764412616888,-0.00148782824145609,-0.176657822237524,0.236273105310517,0,-0.410391809488918
-599.840202025581,0.124639022292099,-0.00146843902764312,-0.176287108938108,0.236220939197696,0,-0.410355640245848
-598.280765743061,0.121730402166837,-0.00144985042031096,-0.175911609416288,0.236168196943743,0,-0.410319147210173
-596.61676762098,0.11893012658408,-0.00143214270069574,-0.175538681282074,0.236115065322707,0,-0.410282461273453
-594.885370942796,0.116264756175086,-0.00141548763537852,-0.175177787431762,0.236062073368857,0,-0.410245947834242
-593.16141706349,0.113692443458044,-0.00139963206538574,-0.1748289847831,0.23600839915635,0,-0.410209041296768
-591.13331141462,0.111216010949164,-0.00138460958553844,-0.174498302418421,0.235954057160845,0,-0.410171754097304
-589.001844030453,0.108864529895126,-0.00137061082564937,-0.174195131981767,0.235899694838028,0,-0.410134531543939
-586.937935059971,0.106621349706608,-0.00135755066605852,-0.173922599198051,0.235844965548006,0,-0.410097136683432
-584.658607208206,0.104485198911173,-0.00134544036741533,-0.173685810386873,0.235789851707529,0,-0.410059558683211
-582.448474363027,0.102453816857864,-0.00133428802597166,-0.173489706768185,0.235734307346499,0,-0.410021767516211
-579.917059286409,0.100523089954574,-0.00132409515006557,-0.173339129904548,0.235678222602499,0,-0.409983690087396
-577.232273821368,0.0987047063839946,-0.00131494588771467,-0.173239863807074,0.235621966510929,0,-0.409945578031335
-574.573544158314,0.0969915773470878,-0.00130682527039831,-0.173196003811949,0.235565372267156,0,-0.409907318984629
-571.709406783038,0.0953694161509386,-0.00129969608256667,-0.173212457489114,0.235507959386591,0,-0.409868590179114
-568.502528288277,0.0938425794482735,-0.00129361537178973,-0.173295094810317,0.235449835060877,0,-0.409829466794831
-565.20228988749,0.092411396276192,-0.00128862309493678,-0.173449800235007,0.235390972408162,0,-0.409789933442381
-561.737515861061,0.0910792452934019,-0.00128477008383612,-0.173682064866205,0.235331477869728,0,-0.409750064144244
-558.203724329938,0.0898612759104389,-0.00128212208117245,-0.173993088882161,0.235272099147724,0,-0.409710360592482
-555.091959431562,0.0887403883450413,-0.00128066391187481,-0.174390988326529,0.235212072058372,0,-0.409670312479007
-551.238032948258,0.0877225143920979,-0.00128043693113988,-0.174878654759297,0.235151716580721,0,-0.409630134931854
-547.425649300029,0.0868008135189288,-0.00128147792920579,-0.175464871909102,0.235090604392219,0,-0.409589544712416
-543.190957319276,0.0859750200145876,-0.00128384806737846,-0.17615793396813,0.235028578765824,0,-0.409548440924784
-538.704001377852,0.085249700815106,-0.00128760067435463,-0.176962820939206,0.234965816612937,0,-0.409506943972439
-534.178285189,0.0846300996121426,-0.00129275826061952,-0.177880597803756,0.234902686410774,0,-0.409465299417345
-529.719661114289,0.0841148058537924,-0.00129938189792938,-0.17892025063438,0.234838955134821,0,-0.409423355163966
-524.920329311674,0.0837051819618493,-0.00130753315594211,-0.180089517124976,0.234774552382397,0,-0.409381067188383
-519.866774010868,0.083401313704381,-0.00131737027524671,-0.181408359633607,0.234708864126499,0,-0.409338036197258
-514.416282193697,0.083211797892891,-0.00132875171734602,-0.182857027367741,0.234643224981308,0,-0.409295138699006
-509.603775364391,0.0831356544182466,-0.00134186215428653,-0.184459385879377,0.234576816575208,0,-0.409251840890686
-503.919964510345,0.083176901521363,-0.00135680634021432,-0.186227543577389,0.234509512458162,0,-0.409208063547659
-497.96772264778,0.0833398264216119,-0.001373630600092,-0.188166672875174,0.234441475162217,0,-0.409163915528853
-492.007199679261,0.0836248531343035,-0.00139220079055259,-0.190262232300103,0.234373454764048,0,-0.409119884549333
-486.438322386125,0.084040512827058,-0.00141290993623313,-0.192559333174712,0.234304273952465,0,-0.409075210511017
-479.650353953317,0.0845869878803955,-0.00143561679652823,-0.195043048751048,0.234234710546389,0,-0.409030398630056
-473.412237712976,0.0852678464019394,-0.00146041308791712,-0.197725024237596,0.23416469165768,0,-0.408985403224955
-467.123248040723,0.0860776641448076,-0.00148710336392585,-0.200586445460474,0.234094900082618,0,-0.408940662909156
-461.007927319279,0.0870440640579347,-0.00151655074895847,-0.203722022698699,0.234023359157815,0,-0.40889491339925
-452.879414674819,0.088137783326626,-0.00154786345075786,-0.207039800848551,0.233952464966649,0,-0.408849688838335
-447.000231085898,0.0893746624277413,-0.00158157256366265,-0.210600293544438,0.233881111702564,0,-0.408804282651599
-439.712633567992,0.0907564308134897,-0.00161779490873777,-0.214420764770344,0.233809265762015,0,-0.408758674964954
-432.274042174374,0.0922765734417876,-0.00165647820010235,-0.218501994163682,0.233737221589944,0,-0.408713053586279
-425.007892378766,0.0939270866108255,-0.00169759682715261,-0.222849189361423,0.233665174847753,0,-0.40866754216575
-417.840183387404,0.0956874887397475,-0.00174088447289005,-0.227443796234282,0.233593675457775,0,-0.408622486120202
-411.342359751889,0.0975464983362852,-0.00178637200866908,-0.232300557765663,0.233522711887461,0,-0.408577875019387
-404.543463469628,0.0994888970670151,-0.00183406167990169,-0.237433536354522,0.233452320510925,0,-0.408533728568554
-397.711246004515,0.101498267421096,-0.00188400599617571,-0.242865103422813,0.233382464694736,0,-0.408490020688866
-390.773952461589,0.103553294378499,-0.00193623121161666,-0.248618394806768,0.233313149803819,0,-0.408446751757367
-383.789813359908,0.105629396673117,-0.0019907960330491,-0.254724524856361,0.233244338271257,0,-0.408403895465394
-376.710968367208,0.107695286354008,-0.0020477256297166,-0.261216292311561,0.23317603301864,0,-0.408361450897998
-369.590543532712,0.109713902607205,-0.00210706301224531,-0.268135104195153,0.233108205292016,0,-0.408319397553785
-362.389997927323,0.111639067865363,-0.00216881056366147,-0.275525730635774,0.233040856172801,0,-0.408277733571179
-355.317054301498,0.113415241150686,-0.00223296648985735,-0.283442275145674,0.232973962178371,0,-0.408236441978801
-348.001687450561,0.11497450093139,-0.00229949478553885,-0.291946956778926,0.232907494917994,0,-0.408195502952028
-340.608256633508,0.116233053995459,-0.00236827604318474,-0.30110649292678,0.232841448230904,0,-0.408154910501938
-333.167792392321,0.117088620642609,-0.00243909890627453,-0.310993804497092,0.232775814899281,0,-0.408114658058796
-325.674802274872,0.11741665894352,-0.00251165027200847,-0.321690800830281,0.232710559591851,0,-0.408074721936172
-318.093681746646,0.11706560936992,-0.00258537487114168,-0.333272418441999,0.232645696601205,0,-0.408035108934271
-310.492232552406,0.115853244134561,-0.00265952056056374,-0.345817973887939,0.232581184694344,0,-0.407995792004535
-302.790156370918,0.113564447827391,-0.00273293489818278,-0.359383583684848,0.232517027911208,0,-0.407956771839744
-295.052718670373,0.109950124917296,-0.00280406178024395,-0.374004633796539,0.232453185798373,0,-0.407918022159644
-287.375299896432,0.104738485704477,-0.00287073175067217,-0.389655352040218,0.232389663434605,0,-0.40787954445912
-279.525813281469,0.0976763447910844,-0.00293000372047259,-0.406186809039373,0.232326625383369,0,-0.407841436545944
-271.891995594705,0.0885345589222518,-0.00297859967789936,-0.423396930611415,0.232264007847453,0,-0.407803657825273
-264.060436288047,0.0771007160640091,-0.0030129726868344,-0.441066912165778,0.232201357247191,0,-0.40776593356375
-255.53295564968,0.0635298752209219,-0.00302896185684497,-0.458550868793895,0.232139253752315,0,-0.407728611817906
-247.922786526222,0.0481315547709111,-0.00302370996984039,-0.47531943424276,0.232077519854169,0,-0.407691583937171
-240.074342124559,0.0318373657840187,-0.00299651330536613,-0.490556112108625,0.232017130984484,0,-0.40765543167675
-241.444900706469,0.0318373657839611,-0.00299651330536591,-0.490556112108683,0.232017130984484,0,-0.40765543167675
-335.569937321969,0.0309509939053123,-0.00299445100376743,-0.491325858018069,0.232013912873648,0,-0.407653507035237
-319.624926595715,0.0309509939052393,-0.00299445100376816,-0.491325858018131,0.232013912873648,0,-0.407653507035237
-318.220441055603,0.0258326010798664,-0.00298139327340885,-0.495667608036616,0.231995369777497,0,-0.407642420794195
-283.435259986933,0.020714916252958,-0.00296637464123978,-0.499845043864817,0.231976817484644,0,-0.407631335439448
-279.850749677306,0.0106065201481745,-0.0029307910950308,-0.50767751810385,0.231939685311773,0,-0.40760916739059
-242.502438210575,-0.00448888870647024,-0.00286143052003816,-0.518570606453969,0.231880990908023,0,-0.407574178525691
-208.90600118712,-0.00766659643901935,-0.00284391904906759,-0.520778405737932,0.231867750538603,0,-0.407566294452639
-286.93829547962,-0.00766659643908407,-0.00284391904906807,-0.520778405737976,0.231867750538602,0,-0.407566294452639
-294.358011331423,-0.0207830521923185,-0.00275705833258952,-0.529798618687587,0.231807096899782,0,-0.407530218914525
-183.081271273837,-0.0310920229333451,-0.00266272297461709,-0.537220303883447,0.231746585533462,0,-0.407494295003482
-183.357855487881,-0.038569827932491,-0.00256439678384025,-0.543318539112918,0.231686338775526,0,-0.407458594354654
-178.497235497522,-0.0433427353759001,-0.0024657885473689,-0.548304957241739,0.231626790965247,0,-0.40742337245886
-172.925611213811,-0.0455208221039753,-0.00236718364136946,-0.552502633279645,0.231566729025814,0,-0.407387911187216
-164.448463912806,-0.0451800645375436,-0.00226977463881221,-0.556056640061058,0.231506083253644,0,-0.407352170859138
-155.546581182051,-0.042477707949695,-0.00217422406571712,-0.559050672856683,0.23144488911715,0,-0.407316173908062
-146.419542116568,-0.0376067543205177,-0.00208056799071835,-0.561525356064325,0.231383071199444,0,-0.407279877569229
-136.899535126992,-0.0307692611300009,-0.00198868699259673,-0.563479501149693,0.23132060369373,0,-0.407243268458106
-127.246442338157,-0.0221588013113726,-0.00189836016709519,-0.564884354554865,0.231257442331422,0,-0.40720632251916
-117.190495600729,-0.0119988551399152,-0.00180976589202985,-0.565689656238871,0.23119380288801,0,-0.407169167576368
-107.668374407042,-0.00090358820544084,-0.0017259142240859,-0.565849238087002,0.231131955428138,0,-0.407133126475926
-102.164655551416,0.0110204960499709,-0.0016456116577306,-0.565369712842405,0.23107107167953,0,-0.407097711765557
-94.9617485511721,0.0233876228088699,-0.00157010313016099,-0.564268506193347,0.231012036788328,0,-0.407063433598877
-89.3883184331427,0.036224755868112,-0.00149835740697168,-0.562542239930479,0.230953874546774,0,-0.40702972070014
-81.9378648936461,0.0493878389561337,-0.00143082184173188,-0.560197321775667,0.230896622822766,0,-0.406996592096457
-74.7812587756818,0.0626678284303999,-0.0013684200064777,-0.557267102565201,0.230840660782625,0,-0.406964263732717
-68.3247797068295,0.0761866211387786,-0.00131074596987599,-0.553715819651778,0.230785052075967,0,-0.406932192108359
-60.105470170859,0.0898286249087652,-0.00125879426602397,-0.549556244397035,0.230729934931725,0,-0.406900455535211
-52.3510744136401,0.103453130192275,-0.00121374020467584,-0.544822985418587,0.230675570662231,0,-0.406869202535579
-45.2320732365158,0.117102018698046,-0.00117632181664201,-0.539493536732244,0.230621522748858,0,-0.406838180492201
-37.1340555898944,0.130726547967968,-0.00114787392051875,-0.533574067761846,0.230567746937021,0,-0.406807363009579
-29.0634868718491,0.144206230348577,-0.00113004252313945,-0.527110329744862,0.23051450168848,0,-0.406776896937499
-21.6168094994979,0.157390121757596,-0.00112445770927901,-0.520182317316863,0.230462190329219,0,-0.406747010933414
-15.3179991036547,0.169735608743593,-0.00113201996683708,-0.513127795672363,0.230412827033829,0,-0.406718850578959
-20.38811556894,0.169735608743726,-0.00113201996683742,-0.513127795672284,0.230412827033828,0,-0.406718850578958
-107.236575002672,0.179944597343658,-0.00114946087230107,-0.506860703449334,0.230371614320399,0,-0.406695370576476
-17.3934888466033,0.179944597343791,-0.00114946087230107,-0.50686070344925,0.230371614320399,0,-0.406695370576475
-96.971433175508,0.185307053855969,-0.00116331948687634,-0.503405325177021,0.230349790212247,0,-0.406682948063865
-46.9669258114817,0.185307053856103,-0.00116331948687677,-0.503405325176933,0.230349790212246,0,-0.406682948063865
-86.5618950453743,0.190638277360807,-0.00118069296868652,-0.499854828098455,0.230327954474423,0,-0.406670526728462
-36.1362817916097,0.195935350742728,-0.00120184317914381,-0.496210249918185,0.230306107108031,0,-0.406658106570895
-31.5499448955681,0.20641567766113,-0.0012566245663916,-0.488643376339108,0.230262377493953,0,-0.406633269791776
18.4248909897982,0.218474455140302,-0.00134490740692654,-0.479319905732123,0.230211093466212,0,-0.406604181979737
36.3526346692655,0.229961108635026,-0.00145900933545971,-0.469781650925386,0.230160762494714,0,-0.406575676140126
38.0710769388241,0.240682560281188,-0.00159790846527826,-0.460254572108263,0.230111945836718,0,-0.406548067003452
40.1390640270602,0.251018349415357,-0.00176992306781621,-0.450450411530274,0.230062945681369,0,-0.406520392613885
46.3593647611849,0.260960440680939,-0.00198112597524871,-0.440393338647453,0.230013741591896,0,-0.406492641749774
52.8244533314461,0.270523543849763,-0.00223968726764391,-0.430083834699769,0.229964202705218,0,-0.406464741103798
59.6237811330787,0.279658807840646,-0.00255386838314375,-0.419593112364691,0.229914539568146,0,-0.406436809661643
66.1194573292682,0.288435508331625,-0.0029386779665537,-0.408857634243695,0.229864327272187,0,-0.406408609105273
73.4733786214343,0.296788566291153,-0.00340768270945934,-0.397972485675146,0.229813891449904,0,-0.4063803230952
80.1371762015767,0.304689753263958,-0.00397887621210625,-0.387001470185351,0.229763406160675,0,-0.406352049431039
86.5582922967734,0.312193183704654,-0.00468293671306121,-0.375893999967154,0.229712524992077,0,-0.406323594494991
93.650852078359,0.31927359235881,-0.00555478750867149,-0.364708764242922,0.229661411038994,0,-0.406295050101219
100.415503248391,0.32596033014815,-0.00665073416059874,-0.353419572884488,0.229609845857419,0,-0.406266294931572
107.53144739974,0.33220049501687,-0.00803576915579539,-0.342138803705806,0.229558254446558,0,-0.406237566408932
113.868722403146,0.338047628403237,-0.00983280977086312,-0.330788259942607,0.22950620630458,0,-0.406208625239
120.996353366361,0.343470380157225,-0.012210028429584,-0.319431748397525,0.229453946939094,0,-0.406179608586706
127.549525196914,0.348478127740641,-0.0154698921513349,-0.308026036565747,0.22940128155791,0,-0.406150408885511
134.538673967389,0.353041119448721,-0.02015226744155,-0.296533908942536,0.229348157925351,0,-0.406120998063573
141.493196090474,0.357023097253584,-0.0272392894759714,-0.28498884828661,0.229295158232353,0,-0.406091698686751
147.461382212197,0.360181227142008,-0.039246336180305,-0.272924434139841,0.229241590814494,0,-0.40606212876732
154.650076510183,0.361169970302354,-0.0634516391713392,-0.259006560909471,0.229187723663598,0,-0.406032437133882
161.241386823119,0.347513602065031,-0.137412803644073,-0.230464541762348,0.229133724321541,0,-0.406002716499489
167.569186759644,0.958106554554262,0.510727021417418,-0.822469749782988,0.229079245879479,0,-0.405972776511218
174.439675163358,0.324291167825455,0.19626888386437,-0.185586192601946,0.229024560984639,0,-0.405942767681429
180.803827604667,0.365286943276887,0.0944862366340583,-0.211343615746724,0.228969412395273,0,-0.405912549499955
187.558029530468,0.372678047274703,0.0664058537625578,-0.205870823124577,0.228914004324518,0,-0.40588223458218
193.982158865049,0.376264015369443,0.0530982894246726,-0.197204938627267,0.22885773141092,0,-0.405851492937439
201.200334782506,0.378539011320203,0.0455581735008647,-0.187854697036857,0.228801481623405,0,-0.405820810526417
206.978144067456,0.380136872444234,0.040792929539347,-0.178327939752876,0.22874492806529,0,-0.405790009208144
213.34934534439,0.381274314713088,0.037597587156939,-0.168785281890037,0.228687885895224,0,-0.405758989116398
219.893623892899,0.382039121419911,0.0354103601223558,-0.159389393780546,0.228630827920947,0,-0.405728007815737
225.690267244778,0.382490726456358,0.0338903789571998,-0.150095185639816,0.228573215628721,0,-0.40569677343241
232.308632722222,0.382657388968396,0.0328590647466371,-0.140943524481708,0.228515126970317,0,-0.405665329331289
238.725463221048,0.38255867228597,0.0322027450201166,-0.131928848304922,0.228456396822101,0,-0.405633587345257
245.271086229061,0.382212425085753,0.0318551017386017,-0.123156633542585,0.228397626757242,0,-0.405601873275196
250.907333349514,0.381629908320146,0.0317662328115696,-0.114560796214953,0.22833830831678,0,-0.405569913290989
257.318748379919,0.380817890025969,0.0319116531895387,-0.106131005497154,0.228278283789811,0,-0.405537623814544
263.805901988548,0.379792412199378,0.0322770304095605,-0.0979497824618482,0.228218076189469,0,-0.405505287126774
269.447317263456,0.378556342965068,0.0328615047594963,-0.0899777805388741,0.228157343361705,0,-0.405472720163062
275.584280175432,0.37712446117623,0.0336688134206527,-0.0822688628021686,0.22809644606679,0,-0.405440117052357
281.192013918077,0.375489463905876,0.0347247505837357,-0.0747630316625842,0.228034851960879,0,-0.405407193686528
287.47455869668,0.373661789362953,0.0360563911190457,-0.0675062703076487,0.22797286633442,0,-0.405374114440299
293.246890577451,0.371638099969086,0.0377134271078399,-0.060490693893139,0.227910358776243,0,-0.405340810684877
299.099588888955,0.36943405009624,0.0397456323972585,-0.053780862798922,0.227847866474983,0,-0.405307569070965
304.22388173411,0.367024068786371,0.0422616296937808,-0.0473267170138163,0.227784887372777,0,-0.405274122930191
309.986799665529,0.364388839396511,0.0454009959455929,-0.0411382885953006,0.227721449612231,0,-0.405240488214372
315.63999569867,0.361473802487564,0.0493973234358799,-0.0351922117164389,0.227657219059878,0,-0.40520648917294
321.594083688013,0.358225404824555,0.0545552323537206,-0.0295399327198147,0.227592665933066,0,-0.405172375936944
326.873966164177,0.354493795447082,0.0614222246347547,-0.0241736379832879,0.227527644158876,0,-0.405138072120885
332.270038377895,0.349978609627857,0.0709452619052837,-0.0190956411626666,0.227462114667826,0,-0.405103558163616
337.674733614452,0.343990479435619,0.0849288132889672,-0.0143084939762628,0.227396049031017,0,-0.405068820232873
343.001178499438,0.334745342588631,0.107069696960648,-0.00984158567205235,0.227329842922928,0,-0.405034067032088
347.809421550382,0.315994859483054,0.146857472196257,-0.00568721773523598,0.227263299751116,0,-0.404999195753594
352.848989432086,0.254147251930191,0.233662484290088,-0.00195017652772508,0.227195896886258,0,-0.404963933862693
358.347065420488,-0.126430334052794,0.319530412571716,-0.00180942442606297,0.227128103168849,0,-0.404928528051727
363.168485896135,-0.341424657023537,0.071509891900448,-0.0111435975409635,0.227060287484634,0,-0.404893171271346
367.618526813855,-0.351365335155023,0.0374187320857828,-0.0208817585869792,0.226991510995066,0,-0.404857375102751
372.93750955947,-0.356527645348838,0.0266779024414155,-0.0304819913932161,0.226922851981131,0,-0.404821701631604
377.029366282244,-0.360848936641438,0.0212459433192017,-0.0400241296251918,0.22685340153182,0,-0.404785679253759
381.994930972913,-0.364733155935555,0.0179059657814892,-0.0493534711536016,0.226784058631075,0,-0.404749774907002
385.957889617346,-0.368339360069636,0.0155687194400588,-0.0585184832022321,0.226714271223059,0,-0.404713702934381
390.45221072521,-0.37172821316529,0.0137982038737635,-0.0675151724524326,0.226643859569218,0,-0.404677371602317
394.948383785015,-0.374898686764139,0.0123966690423697,-0.0762307956627771,0.22657352039428,0,-0.40464114088304
398.720885256142,-0.377901904029845,0.0112333509865872,-0.0847160020318841,0.22650266712727,0,-0.404604708964617
402.956279735964,-0.380734671104079,0.0102473545702153,-0.0928829298705594,0.226431858633738,0,-0.404568363568369
406.585990192887,-0.383428195767097,0.00938936944424347,-0.100748085841263,0.22636079537566,0,-0.404531950953138
410.39301100381,-0.385981262409315,0.00863534341412067,-0.108240061432076,0.226289986024836,0,-0.404495731491512
413.704878474807,-0.388435054595919,0.00795732676416087,-0.115417079911918,0.226218737335308,0,-0.404459350560393
417.495944463042,-0.390784654149766,0.0073462954697077,-0.122207576804377,0.226147613871578,0,-0.404423096586274
420.704208953378,-0.393045643590235,0.00679069711612841,-0.128606105526526,0.226076576906298,0,-0.404386949280465
423.871563330012,-0.395224257932644,0.00628361342554351,-0.134587345885896,0.226005839539993,0,-0.404351016307772
426.816159308164,-0.397346591281512,0.00581516871940604,-0.140185703666637,0.225934913734835,0,-0.404315049349387
430.067079699439,-0.39942709491248,0.00537961813881771,-0.14540501620716,0.225863609775351,0,-0.404278952679086
433.293458520398,-0.401453640487456,0.00497724482533075,-0.150189622289703,0.225792614479438,0,-0.404243073820801
435.895110370959,-0.403426487037596,0.00460568665979297,-0.15452746794891,0.225722170530832,0,-0.404207534051647
438.297462898384,-0.405361079237354,0.00426003418362318,-0.158445503671899,0.225651920378593,0,-0.404172151778042
440.879956915818,-0.407258632876184,0.00393833526428286,-0.161942919569654,0.225581954002784,0,-0.404136971468344
443.299422756752,-0.409122422992994,0.00363836675849301,-0.165027777218439,0.225512235719586,0,-0.404101974269311
445.643365084829,-0.41094479976791,0.00335965746929992,-0.167695849310724,0.22544309493203,0,-0.404067324268904
446.603551327671,-0.412107439705325,0.00318902299200191,-0.169213672655726,0.225398456039824,0,-0.404044983635988
432.138768493728,-0.412107439705341,0.00318902299199887,-0.169213672655746,0.225398456039824,0,-0.404044983635988
411.90460640293,-0.413892492007122,0.00293734218243071,-0.171259198974908,0.225329047460778,0,-0.404010293319545
457.423511457955,-0.415624133923196,0.00270442287457444,-0.172908617651398,0.225260584636527,0,-0.403976131438034
454.469049163553,-0.416372362881589,0.00260558615210597,-0.173525422915593,0.225230512946727,0,-0.403961143577825
434.243353425124,-0.417109847047399,0.00250730732335231,-0.174085345543249,0.225200423943956,0,-0.403946157719165
437.609907626043,-0.417847161961417,0.00240967293478897,-0.174588822187758,0.225169973540514,0,-0.403931002671602
441.297796255262,-0.41940842709406,0.00220942608716351,-0.175443089628325,0.225104489670716,0,-0.403898448343959
461.350755211329,-0.420702724594584,0.00204971987379479,-0.175929548784513,0.225049017583224,0,-0.403870910351756
454.023667312431,-0.420702724594598,0.00204971987379268,-0.175929548784517,0.225049017583223,0,-0.403870910351756
428.553701544941,-0.421444993789056,0.00195933118430012,-0.176123735755816,0.225016516091009,0,-0.403854792270689
448.494322240153,-0.422174468620498,0.00187103385186641,-0.176254827808852,0.224983994557441,0,-0.403838676518274
449.197298654334,-0.422926815957045,0.001780468106232,-0.176321840363348,0.224949878983648,0,-0.403821784017127
451.113775404703,-0.423664180363748,0.0016910489641905,-0.176322872427754,0.224915741390034,0,-0.403804894078505
452.269628727121,-0.424395674087054,0.00160182195111486,-0.176260496793751,0.224881082979516,0,-0.403787760213318
452.716336461443,-0.424550481002491,0.00158288310286785,-0.176239209413019,0.224873634754065,0,-0.403784079886303
441.07681395845,-0.424704435443758,0.00156403317142086,-0.176215224847368,0.224866185482938,0,-0.403780399681194
443.952174354357,-0.425437524524295,0.00147522699171261,-0.176055304917431,0.224830250323489,0,-0.403762655395908
457.055072871772,-0.425462995132123,0.00147217633327904,-0.176048331756706,0.224828988288712,0,-0.40376203249022
441.177209830054,-0.425462995132133,0.00147217633327813,-0.176048331756703,0.224828988288711,0,-0.403762032490219
444.390889081658,-0.42674259896888,0.00132178690566047,-0.175572021983517,0.224764290476048,0,-0.403730123893258
472.333544259656,-0.426749279748347,0.00132101601614275,-0.175568873821465,0.224763945551427,0,-0.403729953906837
442.662908392478,-0.426749279748362,0.00132101601614121,-0.175568873821459,0.224763945551427,0,-0.403729953906836
446.647615829896,-0.427877918545912,0.00119277428614371,-0.174934301520625,0.224704460799804,0,-0.403700658846881
471.582920421,-0.427877918545923,0.00119277428614232,-0.174934301520617,0.224704460799803,0,-0.40370065884688
447.107649426114,-0.428943729208844,0.00107500376589041,-0.174167541104071,0.224644909759463,0,-0.403671371545336
473.540528198829,-0.429579990946855,0.00100511890964775,-0.17362826120745,0.224607381631202,0,-0.403652935853756
463.695215466031,-0.430190493445089,0.0009380860222752,-0.173045547199187,0.224569827236586,0,-0.403634503243292
465.296095825876,0.279618864751626,-0.00359913491899932,-0.1736024953632,0.224516485215956,0,-0.403608349102465
472.289054039366,0.276691885317351,-0.00347378132286098,-0.184522359426484,0.224462815527387,0,-0.403582066695863
472.708126217296,0.273393138702823,-0.00335683905484673,-0.195704336857716,0.224408726364332,0,-0.403555611646011
473.505649083369,0.269690303206184,-0.00324747095218194,-0.207127466660992,0.224354255250942,0,-0.403529002937445
474.359994969772,0.265546949442054,-0.00314479214883785,-0.218778689651449,0.224299382282838,0,-0.403502231463873
475.229663346142,0.260934676050951,-0.00304816626406841,-0.230619092507859,0.224244188371211,0,-0.403475337262313
476.063350442925,0.255795764091698,-0.00295644607339429,-0.242677550062381,0.22418841811339,0,-0.403448196607617
476.980956949504,0.25014174240507,-0.00286973627633577,-0.254819581611527,0.224132548740052,0,-0.403421042264818
477.67425629136,0.243929605131877,-0.00278711044956189,-0.267044516308546,0.224076414912332,0,-0.403393794104944
478.404807304788,0.237046928382018,-0.00270702619590473,-0.27946122593279,0.224019326275078,0,-0.403366118048189
479.263335482994,0.229549474054207,-0.0026300099154088,-0.291863427124942,0.22396201346643,0,-0.403338369296196
479.847759523176,0.221460954362558,-0.00255588597651768,-0.304140520736084,0.22390475324551,0,-0.403310681895068
480.343188347164,0.212664174293703,-0.00248324088641795,-0.316392848587654,0.22384681559002,0,-0.403282703328144
480.972004132649,0.203172059725726,-0.00241191797956585,-0.328516826159506,0.223788392695033,0,-0.403254527392651
481.483063422135,0.192965664216684,-0.00234145527913258,-0.340460735411531,0.223729410994701,0,-0.403226119485896
481.947450641556,0.182075050253854,-0.00227170278681761,-0.352122902497549,0.223670028208684,0,-0.403197556370493
482.318934741141,0.170474676367123,-0.00220212482971188,-0.363470452042932,0.223610042285365,0,-0.403168741703485
482.662740714821,0.158273229891466,-0.00213296470302765,-0.374350947791684,0.223549886564923,0,-0.403139884265174
482.86723287239,0.145446260924499,-0.0020636586546869,-0.384751570155879,0.223489257931703,0,-0.403110839144104
483.12712450479,0.131853146109913,-0.0019931029442929,-0.394731808027564,0.223427331344063,0,-0.403081212689872
483.371776367936,0.117738442762999,-0.00192220338579877,-0.404068470225917,0.223365004934177,0,-0.403051436118496
483.397049758273,0.103128627105445,-0.00185068180958607,-0.412727096731738,0.223302098536435,0,-0.40302142419142
483.377094275947,0.088286749277145,-0.00177940398784246,-0.420558077439992,0.223239395646708,0,-0.402991550941928
483.213997490936,0.0730086958377174,-0.00170699503504478,-0.427674245167825,0.223175668406198,0,-0.402961232065582
483.11003965211,0.0574503313148645,-0.0016338292560709,-0.433996393457699,0.223111189357583,0,-0.40293059886576
482.88078099961,0.0417622083756531,-0.00156024672846426,-0.439476766248865,0.223046166674197,0,-0.402899751406304
482.5526062757,0.0260882824448004,-0.00148656457050042,-0.444095033236968,0.222980760531168,0,-0.402868766468562
482.140067611587,0.0103925726547704,-0.00141226353950953,-0.447891770285322,0.222914361126512,0,-0.402837356425322
481.667317668358,-0.00509341501507166,-0.00133809594149934,-0.450847420132655,0.222847470173123,0,-0.402805759982002
481.083576126761,-0.0202486564820327,-0.00126431520700206,-0.452993075327656,0.222780139103129,0,-0.402774002237189
480.475580233557,-0.0350142922185319,-0.0011908839705844,-0.454378402226891,0.222712147584874,0,-0.402741980249393
479.723781914285,-0.0492555493909111,-0.00111814710499892,-0.455053248224273,0.222643626755166,0,-0.402709756857044
478.880962139543,-0.062907396183015,-0.001046103171072,-0.455081610105442,0.222574391162805,0,-0.402677245985187
477.939971472185,-0.0758193631356662,-0.000975205179559956,-0.454535335126795,0.222504707264997,0,-0.402644573808707
476.915133636525,-0.0879146962810028,-0.000905526401018448,-0.453494975505123,0.222434504438545,0,-0.402611708064461
475.794355358078,-0.0991116944520664,-0.000837153815207366,-0.452044618532657,0.222363750360279,0,-0.402578634580295
474.576158245597,-0.109320972274859,-0.000770208650925445,-0.450272425278663,0.222292483208513,0,-0.402545372157722
473.264961789897,-0.118455919248868,-0.000704788995881308,-0.448268451528159,0.222220763039199,0,-0.402511949677754
471.86353727498,-0.126443241499769,-0.000640884987382641,-0.44611939656155,0.22214858176496,0,-0.402478364167414
470.366772988405,-0.133194684251868,-0.00057860624653159,-0.443913439285231,0.222076123860235,0,-0.40244470206719
468.86195009203,-0.138658865173348,-0.000517726219153609,-0.441721416235744,0.22200324248644,0,-0.402410895724051
467.180739364227,-0.142762759480548,-0.000458206993266913,-0.439612058189558,0.22193006503956,0,-0.402377004815978
465.425722521075,-0.145450235165359,-0.00039983747348648,-0.437635952750485,0.221856566331127,0,-0.402343018150856
463.574887199243,-0.146666936370681,-0.000342515350791846,-0.435831602239251,0.221782909780444,0,-0.402309011618781
461.662517459551,-0.146375315399774,-0.000285866904800807,-0.434209781415129,0.221708953024416,0,-0.402274919791426
459.632043366805,-0.144548648593655,-0.000229745131035166,-0.432766280870471,0.221634873258605,0,-0.402240824611581
457.552411528967,-0.141181194741689,-0.000173871153985169,-0.431469018099236,0.221560685635821,0,-0.40220673310599
455.391788182575,-0.136296317948609,-0.000118063291681434,-0.430264242884542,0.221486518681476,0,-0.402172704234152
453.178545267345,-0.129925835790649,-6.19790571562526e-05,-0.429072756789797,0.221412247401498,0,-0.402138680541733
450.853052855612,-0.122152069726073,-5.5583035736228e-06,-0.427803319842604,0.221338058382721,0,-0.402104747334094
448.572316176417,-0.113093813394275,5.12064170533778e-05,-0.426354294821744,0.221264121349417,0,-0.402070981693588
446.196845648022,-0.10283836800082,0.000108595497500566,-0.42461130188872,0.221190158191277,0,-0.402037256183402
443.668641889115,-0.0915719635440465,0.000166356442680942,-0.422476415087348,0.22111648483371,0,-0.402003714393449
441.17228980534,-0.0794257246617758,0.000224564482677015,-0.419849223676041,0.221042903814947,0,-0.401970265838434
438.544335016796,-0.0666101962838835,0.000282893955929722,-0.416659682244431,0.220969647648514,0,-0.401937015598442
435.939844046747,-0.0533168394806559,0.000341102649550464,-0.412855884963326,0.220896779421951,0,-0.401903991393044
433.296442636764,-0.0397053380625072,0.000399044913555937,-0.408400381654614,0.220824202363703,0,-0.401871148493673
430.564089078276,-0.0259721345257173,0.000456368930809945,-0.403293295639549,0.220752060697549,0,-0.40183855125544
427.835899951901,-0.012255528375274,0.000512918015075146,-0.397541374205671,0.220680256849617,0,-0.401806154642566
425.01602194405,0.00130192906618753,0.000568464825204713,-0.391177210952316,0.220608801695938,0,-0.401773962712016
422.224282691851,0.0145540125769051,0.000622718744593974,-0.384262009765598,0.220537826100016,0,-0.401742033439701
419.381256758492,0.0273908030588917,0.000675490043536555,-0.37686474566473,0.22046738376871,0,-0.401710389836819
416.519653664187,0.0397402723663459,0.000726699315075548,-0.369053262753024,0.220397438238723,0,-0.401679014371923
413.623623911111,0.0514534663956384,0.000775899924537391,-0.360967816158033,0.220328531165978,0,-0.401648148399013
410.919256334664,0.062698321598623,0.000823944635471825,-0.352538459330673,0.220259429340017,0,-0.401617238574792
407.593157776384,0.0732966477026812,0.000870196411203431,-0.343948198195695,0.220191050896902,0,-0.401586694953891
404.725665425088,0.0832322093730616,0.000914661159187889,-0.335280496887839,0.220123480311717,0,-0.401556553712141
401.860449516734,0.0925264204626902,0.000957485263822329,-0.326590577777732,0.220056632649017,0,-0.401526775430146
398.908796241312,0.101259627907553,0.000999083810524675,-0.317872002402871,0.219990012758427,0,-0.401497138548821
395.660715898121,0.109453848231049,0.00103960651425892,-0.309166268642296,0.219923546457248,0,-0.40146760960054
392.38878688332,0.117027046320546,0.00107864719526105,-0.300634493316975,0.219858121887357,0,-0.401438581977895
389.651899213402,0.124071109962184,0.00111664630655388,-0.292250742795513,0.21979325396167,0,-0.4014098389381
386.532016002203,0.130617607159603,0.00115374376312974,-0.284047584472604,0.219728953568248,0,-0.401381384220843
383.403417701699,0.136721526303115,0.0011902159967725,-0.276022100641999,0.219664994745643,0,-0.401353116944358
380.108710958368,0.142435434286913,0.00122635160442992,-0.26816490120433,0.219601123235961,0,-0.401324924265247
376.67077451662,0.147727948364139,0.00126189308299108,-0.260580145841031,0.219538053179112,0,-0.401297120550643
373.658122539565,0.152656529660172,0.00129713283221112,-0.253246603251136,0.219475522637328,0,-0.401269589110614
370.412968893788,0.157299327157356,0.00133257410744628,-0.246099775791853,0.219412889907113,0,-0.401242046950899
366.77257966703,0.161621247240665,0.00136787363165117,-0.239243487219504,0.219351005294265,0,-0.401214867361077
363.662074277941,0.165696422235469,0.00140354218502066,-0.232607918029928,0.219289208231498,0,-0.401187759448032
360.089710565798,0.169514621777071,0.00143939591235512,-0.226253229371303,0.219228042561624,0,-0.401160961104349
356.86662055873,0.1731271914711,0.00147580917522382,-0.220134576928831,0.219167082614486,0,-0.401134285074859
353.302458146012,0.176566613871059,0.0015130365544191,-0.214232727743204,0.219106124232172,0,-0.401107641767072
349.678233686062,0.179819373967489,0.00155082941386372,-0.208604415724903,0.219045774694657,0,-0.401081296040575
346.380755709562,0.18293422041033,0.00158964431810031,-0.203195922641848,0.218985494075553,0,-0.401055011574603
342.684202760622,0.185896868368939,0.00162918651859295,-0.198059345566532,0.218925913922663,0,-0.401029063068722
339.457735177926,0.188722712581963,0.00166949811821079,-0.193191695778106,0.21886710075676,0,-0.401003478293343
336.204043772057,0.191470819736815,0.001711317035008,-0.188512501501662,0.218808138659854,0,-0.400977858261705
332.260331617164,0.194135854910362,0.00175449522058069,-0.184050416832655,0.218749417059141,0,-0.400952372040215
328.640404043061,0.19672157593259,0.00179898922533301,-0.179815404108094,0.218691138480557,0,-0.400927106942644
325.135912063287,0.199251599826598,0.00184510958774343,-0.175782954347872,0.218633036912446,0,-0.400901947112953
321.417215671424,0.201721617290128,0.0018926819173791,-0.171971718216233,0.218575461156465,0,-0.400877043004843
317.945027299568,0.204160656254608,0.00194218199034421,-0.168347158354897,0.218517965435623,0,-0.400852201286614
314.101492572998,0.206566981548729,0.0019935112700253,-0.164921132638064,0.21846080126806,0,-0.400827530261963
310.467860049572,0.208945897077768,0.00204670608924378,-0.161692603310253,0.21840404075463,0,-0.40080306045206
306.875061355787,0.211304148174274,0.00210184341076286,-0.158657124391859,0.218347703647497,0,-0.40077879971727
303.328900651107,0.213663820240009,0.00215939705310072,-0.155791301251931,0.218291426534887,0,-0.400754591152822
299.418440171806,0.216016818424724,0.00221913808363386,-0.153109075444901,0.218235552054617,0,-0.400730581761873
295.793664180949,0.218374918927055,0.00228133186168871,-0.150599337579002,0.218179935194339,0,-0.400706708709894
292.016122649543,0.220746326244454,0.00234618548475294,-0.148255942026575,0.218124505812805,0,-0.400682941519966
288.178841585882,0.223129761152357,0.00241366168567845,-0.146081763519141,0.218069403868251,0,-0.40065933978996
284.437157315839,0.225542124054425,0.00248425798115064,-0.14406320853509,0.218014340056955,0,-0.400635779293485
280.440218783923,0.22797340353252,0.00255771111062976,-0.142209887616319,0.217959632876953,0,-0.400612395981947
276.715785886555,0.230434481579627,0.00263438336660901,-0.140513643911785,0.217905114102953,0,-0.400589117526465
276.373547780097,0.230578817516671,0.00263895173624083,-0.140419651874861,0.217901944401174,0,-0.400587764871258
320.082749147494,0.230578817516703,0.00263895173624191,-0.14041965187484,0.217901944401174,0,-0.400587764871258
313.994518166158,0.23307821960128,0.00271931039399437,-0.138886054309556,0.217847553310389,0,-0.400564566479146
261.122597400277,0.235610523422984,0.00280312163939343,-0.137508660724715,0.217793418250006,0,-0.400541501170326
262.064644587587,0.23754156322915,0.0028660256828193,-0.136574720436102,0.217752652186788,0,-0.400524147679504
271.858933403217,0.23948766870663,0.00292548289613521,-0.135734755364324,0.217711862118307,0,-0.400506797438128
268.098259616525,0.24145288435084,0.00298153266953972,-0.134986227173263,0.217671098661292,0,-0.400489471951235
264.859250200941,0.243451010681924,0.00303452428655352,-0.134324106697608,0.21763016434549,0,-0.400472087336613
261.509725637427,0.245476819042164,0.0030842087029204,-0.133752877095107,0.217589122283564,0,-0.400454670511927
258.231958152736,0.247528797428698,0.00313042550929802,-0.133275565185748,0.217547959150278,0,-0.400437215911792
257.869545557495,0.24759394684826,0.00313182507597985,-0.133262068448772,0.217546658317109,0,-0.40043666453508
293.831865156483,0.24765911503504,0.00313322096808692,-0.13324866964625,0.217545357459678,0,-0.400436113161665
289.590092759864,0.247714253724914,0.00313440073227985,-0.133237409896668,0.217544257192353,0,-0.400435646819737
287.554721284593,0.247990319082438,0.00314031984322505,-0.133182051664675,0.2175387555954,0,-0.400433315145477
280.81428165728,0.24909580958899,0.00316422804620076,-0.132977196812574,0.21751684342926,0,-0.400424030790263
261.739852893776,0.251756680965979,0.00322311248503433,-0.13259176066659,0.217464863683507,0,-0.400402021953597
232.479179425784,0.253907896524358,0.00326933706914827,-0.1323910187946,0.217423476734747,0,-0.400384513685581
242.396733932961,0.256067582543772,0.00331130231692546,-0.132298953646575,0.217382065313687,0,-0.400367008750964
239.722566863246,0.25805287412678,0.00334573779849269,-0.132315810864457,0.217343963026853,0,-0.400350914685592
240.066172082571,0.260101789620771,0.00337699891570515,-0.132432930386919,0.217304679556345,0,-0.400334333791538
235.796713223035,0.262137021011519,0.00340362979113583,-0.132649810639477,0.217265690449759,0,-0.40031788926314
233.128828257998,0.264178243392575,0.00342577458417236,-0.132968872955684,0.217226596125684,0,-0.400301412459624
230.001401587698,0.266196021670997,0.00344300690390657,-0.133386416353739,0.217187911381617,0,-0.400285120188327
227.359148440124,0.26819988075389,0.00345535682961572,-0.13390382371148,0.21714941407068,0,-0.400268918596852
224.439188122407,0.270186967796059,0.00346271797688593,-0.13452062006314,0.217111119166066,0,-0.400252813789792
221.975398492506,0.271860963916001,0.00346498446838882,-0.135122557800609,0.217078734790417,0,-0.400239203654082
227.620483838052,0.271860963916038,0.00346498446838871,-0.135122557800623,0.217078734790416,0,-0.400239203654082
255.508413447806,0.273827461710903,0.00346287347954314,-0.135926643870706,0.217040551411473,0,-0.400223166977044
211.239478081335,0.275797699875225,0.00345532999936539,-0.136827496164201,0.217002347464676,0,-0.400207133121809
210.350385551512,0.277922074497515,0.00344337206374299,-0.137910152459347,0.216961126333729,0,-0.400189845816971
202.178838479883,0.281597795863861,0.00341861097979044,-0.14009917552065,0.216889028434896,0,-0.400159641385415
165.949726783068,0.285198140482465,0.00338874233237768,-0.142651333362524,0.216817304935393,0,-0.400129634053801
163.744564178228,0.288736900803682,0.00335319099254756,-0.145581226853263,0.2167455284942,0,-0.400099644641584
158.854330602419,0.292197819213834,0.00331161592249804,-0.148884722240132,0.216673841165341,0,-0.400069732350876
153.433399057449,0.295578566544387,0.0032635232225567,-0.15257150689698,0.216602072420074,0,-0.400039825900643
147.486161965429,0.298850937399299,0.00320881075025383,-0.156623403866135,0.216530579406804,0,-0.400010073836886
141.664216975231,0.30203055104964,0.00314664872772159,-0.161078080086694,0.216458733767728,0,-0.399980214611715
135.001896685094,0.305069715170283,0.00307740968467007,-0.165888776749315,0.216387298996052,0,-0.399950565369846
129.080660776208,0.307970252223777,0.00300055536184742,-0.171077346784766,0.216315905050479,0,-0.399920972037011
122.582795178742,0.310716493817645,0.00291589668933819,-0.176643468284026,0.216244547117018,0,-0.399891432440115
116.008511824057,0.313287897231502,0.00282345445590376,-0.182576641868019,0.216173331692971,0,-0.399861990405964
109.488079396982,0.315664032598552,0.00272337381185957,-0.188862841446233,0.216102370399853,0,-0.399832691647485
103.024049895811,0.317827933470105,0.00261577485042718,-0.195494044274871,0.21603167926456,0,-0.399803542248831
96.5233138195674,0.319774835135273,0.0025000558771001,-0.202509695228456,0.215960794336197,0,-0.399774350729265
89.3625522733147,0.321475875717762,0.00237689155879371,-0.209875093830906,0.215890025957594,0,-0.399745244845464
82.580418136018,0.322904980769522,0.00224728993909532,-0.217541776095643,0.215819740817317,0,-0.399716374826051
76.1346452791084,0.324054678795422,0.00211070019466799,-0.225558049654416,0.215749402572304,0,-0.399687519918582
68.9644139353204,0.324900789146884,0.00196808199200443,-0.23388720410582,0.215679251990217,0,-0.399658778682621
62.0615411785818,0.325425355702366,0.00181970253609085,-0.242537823890563,0.215609122520099,0,-0.399630082613216
54.9434743817837,0.325607165340541,0.00166759351530564,-0.251419871492301,0.215539618595859,0,-0.399601678431601
48.5458106263571,0.325433186559861,0.0015120154458426,-0.260550160026294,0.21547046152116,0,-0.399573451391868
41.6690401607603,0.324882777466329,0.00135268593329808,-0.269981853013009,0.215401134947566,0,-0.399545190507145
34.1330049658748,0.32393922006571,0.00119148080974457,-0.27964480709343,0.215332038543452,0,-0.399517058557627
27.125151429103,0.32258765899588,0.00102956827915226,-0.289512615293165,0.21526321975063,0,-0.399489074376196
20.1101535742099,0.320810208601299,0.000867758396071036,-0.299583044138803,0.215194550192349,0,-0.399461185342441
13.8190687450609,0.318894180205811,0.000727229201681612,-0.308540220656223,0.215134612739502,0,-0.399436870776669
24.5553197739447,0.318894180205786,0.000727229201681039,-0.308540220656331,0.215134612739501,0,-0.399436870776668
92.3336761176915,0.316262450216869,0.000567956145063117,-0.318985580435095,0.215065872530909,0,-0.399409017354503
-11.6183321161821,0.313190936000896,0.000413756171937576,-0.329464772805388,0.214997959338613,0,-0.399381532650027
-7.36052587172382,0.31205767891864,0.000362993887431,-0.332999598950182,0.214975195305258,0,-0.399372327426987
52.5668845982493,0.312057678918603,0.000362993887429935,-0.332999598950291,0.214975195305257,0,-0.399372327426987
73.0436970358793,0.310514679478852,0.000298092054565642,-0.337584276160748,0.214945727167789,0,-0.399360416780819
26.2177976214997,0.308878617036939,0.000234157075054111,-0.342192449381344,0.214916247573613,0,-0.399348507767756
21.4212389304439,0.305322610970467,0.00010958790162524,-0.351470899115515,0.214857254021428,0,-0.399324694643479
-24.2639657900591,0.300739284186807,-2.78168148620756e-05,-0.3622611247949,0.214789123548449,0,-0.399297224448844
-39.591858905102,0.295700554960517,-0.000156818318490158,-0.37298382537605,0.214721220633326,0,-0.399269879095573
-43.2104168735069,0.290184121658234,-0.000278210065587014,-0.383674088395139,0.21465260686913,0,-0.399242280939853
-48.9679878863525,0.284180327395089,-0.000391076009154787,-0.394316669344929,0.214583184202465,0,-0.399214391568238
-55.3936330081176,0.277683045635014,-0.000494467443307553,-0.404889686577809,0.214512889272297,0,-0.399186186679404
-62.0578851032399,0.270807258888196,-0.000586040135928955,-0.415197561366023,0.214442845271905,0,-0.39915811730725
-67.3958593186449,0.26348625885494,-0.000666411485406983,-0.425339606673757,0.214372211684133,0,-0.399129846780412
-74.0628639491338,0.255782973319458,-0.000734635206509077,-0.435223851893388,0.2143014544938,0,-0.399101562041649
-80.1395662387473,0.247685674117801,-0.000790776349578524,-0.444865921815268,0.214230298581801,0,-0.399073153407335
-86.6283421669045,0.239232550947756,-0.000834649990969841,-0.454221249467128,0.214158909859219,0,-0.399044687491681
-92.9611021699351,0.230364776728835,-0.000866657298511496,-0.463350946143862,0.214086637679722,0,-0.399015905592406
-100.087856684845,0.221186030050063,-0.000886692822019289,-0.47214683426816,0.214014159044105,0,-0.39898707804205
-106.360185654274,0.21162410467817,-0.000895335170509757,-0.480677955884087,0.213940724060873,0,-0.398957907359738
-113.55493401012,0.201807285342093,-0.000893059249929858,-0.488832291288703,0.213867124328031,0,-0.3989287087429
-119.674001806141,0.191786631469827,-0.000880816728149937,-0.496582960649683,0.213793505975519,0,-0.398899540198973
-125.801557541363,0.181379396112754,-0.000859186893085543,-0.504072575421147,0.213718319475336,0,-0.39886978889521
-133.70224656464,0.170842994983566,-0.000829659892123654,-0.511120262249183,0.213643200467032,0,-0.398840103101805
-139.525419375993,0.160043663357829,-0.000793023428279902,-0.517826862272146,0.213566942811851,0,-0.398810006892775
-146.898633920234,0.149094945786272,-0.000750850735465045,-0.524128719436956,0.213490088200616,0,-0.398779715295511
-153.449919268226,0.138155285812368,-0.000705152687055593,-0.5299567309309,0.213413460060421,0,-0.398749553031256
-159.198021591303,0.12700405856837,-0.000656407137478609,-0.535443397743737,0.213335206793281,0,-0.39871879226043
-167.138058331443,0.115755421396651,-0.000606544717393013,-0.540538347718006,0.213255787546789,0,-0.39868761556698
-174.336795446427,0.104536444173478,-0.000557673398433753,-0.545201517649703,0.213175723978261,0,-0.398656229060858
-181.0392563098,0.0932210900131269,-0.000510897273895518,-0.549500301612939,0.213093675881544,0,-0.398624109363411
-189.199656882082,0.0820370696314962,-0.00046890745241974,-0.553365896362623,0.213010786207245,0,-0.39859170610078
-195.931880242,0.0710940384569241,-0.000433824682673366,-0.556792238633957,0.212927334748458,0,-0.398559129675938
-202.539081861231,0.0602787846936583,-0.000407210580850713,-0.559842928586332,0.212841780651065,0,-0.398525780689988
-210.885065120789,0.0496817589632753,-0.000391644336974385,-0.562516185184744,0.212753918715141,0,-0.398491582773649
-219.158782629694,0.0396172340465815,-0.00038993773647822,-0.564770433983164,0.212665335278687,0,-0.39845715583784
-225.781669563893,0.0301108975786422,-0.000404609483693869,-0.566646434096733,0.212575047454877,0,-0.398422119863828
-233.657179783712,0.0212220680593983,-0.000439264811069528,-0.568175157367501,0.212481769865834,0,-0.39838598009519
-242.850293901075,0.0131771279431408,-0.000498472502380998,-0.569361256464156,0.212385070259013,0,-0.398348574767795
-252.392781560493,0.00629607488701595,-0.000587933093812904,-0.570204521102634,0.212284548637241,0,-0.398309755829132
-262.336961118501,0.00100241589329738,-0.000715580764319883,-0.570695329079822,0.212179294069439,0,-0.39826917970036
-273.188322373109,-0.0020543214730492,-0.000891828775627235,-0.570788827669834,0.212068630861747,0,-0.398226596053699
-284.314978646023,-0.00201435524859051,-0.00111995159045364,-0.570395992184567,0.211956555960289,0,-0.398183549867999
-291.112450747286,0.00165462033631675,-0.00139708282249278,-0.569398374756832,0.211847188996089,0,-0.398141621723122
-294.349238868475,0.00939049565048158,-0.00172908298333801,-0.56754154956329,0.211739490582643,0,-0.398100408213247
-295.199913887076,0.0148439356181533,-0.00191451497310866,-0.566181593020753,0.211686836189612,0,-0.398080285669821
-246.140132474787,0.0148439356182372,-0.00191451497311126,-0.566181593020732,0.211686836189611,0,-0.39808028566982
-213.225518784368,0.0293123557384491,-0.00233258463176119,-0.562184076169156,0.21158166067463,0,-0.398040144401278
-319.395285803622,0.0483502926206758,-0.00280518041772816,-0.555914589379262,0.211478215173483,0,-0.398000731952037
-312.689907994834,0.0576048871522029,-0.00301418877631318,-0.552419081343523,0.211435351275388,0,-0.397984420784426
-261.698701249093,0.067612852778173,-0.00322456918623408,-0.548293674024726,0.211392465535818,0,-0.397968112924056
-269.550594698468,0.07827745305284,-0.00343721840578378,-0.543479369214293,0.211349615158176,0,-0.397951830100059
-277.61566983655,0.102966781584355,-0.00390559139854332,-0.530525494979367,0.211257290959038,0,-0.397916786879133
-325.921853548994,0.130736857999419,-0.00440305615520058,-0.512508347512082,0.211158053435812,0,-0.397879179265999
-328.698320782453,0.139468943227347,-0.00455207278768984,-0.505971005372165,0.21112669019637,0,-0.397867306500148
-273.420706705321,0.148091836110442,-0.00469216726785287,-0.499058950629946,0.211095315367189,0,-0.397855435498213
-281.596267668798,0.159636945555889,-0.00487257249625039,-0.489007854055478,0.211052133798696,0,-0.397839107338642
-296.287145487679,0.17223763953924,-0.00506424630659484,-0.476833175437336,0.21100251047963,0,-0.397820357725628
-301.425052806341,0.172237639539422,-0.00506424630659693,-0.476833175437148,0.211002510479629,0,-0.397820357725628
-264.99666413172,0.182698008249933,-0.00521460189557797,-0.465607828291926,0.210958448772969,0,-0.397803722349641
-307.110734345659,0.19237975527418,-0.00534492726564303,-0.454133493336249,0.210914364296723,0,-0.397787090448725
-307.858820432257,0.201211852576148,-0.00545454102578502,-0.44256487824241,0.210870318202566,0,-0.397770485068711
-310.069232053048,0.20919460942807,-0.00553926718178047,-0.431005942978162,0.210826249411381,0,-0.397753883157721
-312.598535439935,0.216306820648853,-0.00559936589717038,-0.41960289563229,0.210782280634793,0,-0.397737330894441
-315.115844643545,0.222606554714771,-0.00563602934734682,-0.408393498594212,0.210738183878688,0,-0.397720742442282
-317.837936371846,0.228127858970881,-0.00565032626439222,-0.397453723063649,0.210693938591568,0,-0.397704110164473
-320.556851913102,0.232917608071402,-0.00564351545917631,-0.386839086008366,0.210649506993258,0,-0.39768741997733
-323.280083116564,0.237022520968118,-0.00561700608101976,-0.376606781676816,0.210604924962464,0,-0.397670685477456
-325.949209099283,0.240500382701557,-0.00557228205280553,-0.366785122660414,0.210560168955682,0,-0.397653897941748
-328.616613309248,0.24341259566625,-0.00551073555996305,-0.357379654614093,0.210515162300051,0,-0.397637028766711
-331.312525646877,0.245810384244726,-0.0054338968523617,-0.348414435953406,0.210469963807956,0,-0.397620100159552
-333.980286140671,0.247779891919483,-0.00534141677519685,-0.339738600649846,0.21042373686753,0,-0.397602799265187
-337.277014356104,0.249358657371335,-0.00523338812306763,-0.331326913088616,0.210376213969843,0,-0.397585026930241
-340.705155294998,0.25057157069961,-0.00511055904368822,-0.323207966722377,0.210327439740379,0,-0.39756680092692
-344.050228069059,0.251447000804006,-0.0049739887010881,-0.315409216247554,0.210277514379731,0,-0.397548159742384
-345.324156127707,0.251649670345549,-0.00493024631735659,-0.313121137824675,0.210262234776738,0,-0.397542457651611
-322.224608337364,0.251824484616351,-0.00488567427197994,-0.310877262744596,0.210246952489311,0,-0.397536755975227
-325.398062534048,0.251890961495852,-0.0048662725495079,-0.309927564441481,0.210240389511478,0,-0.397534307825023
-320.870922633658,0.251914747675383,-0.00485885900219119,-0.309569312191496,0.21023789763211,0,-0.397533378361836
-319.749305320688,0.251937741762118,-0.00485141938720457,-0.309212331688694,0.210235405681403,0,-0.397532448909666
-321.119075372138,0.251958516402485,-0.00484443944267196,-0.308879732477419,0.210233075748343,0,-0.397531579921158
-322.467837450859,0.252052090930319,-0.00480919246573937,-0.307233450392649,0.21022142514767,0,-0.397527235123082
-332.196620978759,0.252273440469637,-0.00464922486597814,-0.30037502832413,0.210170641818327,0,-0.397508306355348
-361.043220543687,0.252230915718642,-0.00447811880625388,-0.29392211922187,0.210119234012943,0,-0.397489160701789
-360.944116924999,0.251975937827441,-0.00429833059041445,-0.287707371249425,0.210066174701578,0,-0.397469416706985
-365.518673004806,0.251109866650943,-0.00397518658060545,-0.277334042474534,0.209969030337636,0,-0.397433312068517
-397.612224138957,0.249848175137337,-0.00365879634556602,-0.268043707731885,0.209871112476033,0,-0.397396977285396
-397.762965801199,0.248308961385156,-0.0033506027503707,-0.259708668874488,0.20977251000526,0,-0.397360446432971
-399.834607058993,0.246582852972646,-0.00305106208022131,-0.252203058293744,0.209673188872284,0,-0.39732370793979
-402.495501517381,0.244740960840522,-0.00276037186184543,-0.245419354681782,0.209573160380964,0,-0.397286767053667
-405.376315279032,0.242838421627479,-0.00247837406875664,-0.239261560522281,0.209472407723968,0,-0.397249618640788
-408.349557857567,0.240919771056867,-0.00220491392509607,-0.233649903142141,0.209370981689267,0,-0.397212282471559
-411.324495261072,0.239018294174109,-0.00193941075943478,-0.228509122776328,0.209268820542318,0,-0.397174736876417
-414.318531774408,0.237161621474022,-0.0016814063041296,-0.223777790492587,0.209165933412277,0,-0.397136986314904
-417.256417276009,0.235372509763243,-0.00143047127047114,-0.219403899006476,0.209062362339803,0,-0.397099047272046
-420.107476719593,0.233668188071169,-0.00118596946905773,-0.215339311389012,0.208958076500128,0,-0.397060909507318
-422.897665268594,0.23206354205931,-0.000947389374961286,-0.211544407205256,0.208853102067858,0,-0.397022583649078
-425.583584984485,0.23057090619701,-0.000714235957240388,-0.207984971793269,0.208747477803059,0,-0.396984084846462
-428.154701328992,0.229199900193661,-0.000485929797197362,-0.204629881126486,0.208641206106894,0,-0.396945414935573
-430.622464418104,0.227958814910264,-0.0002619635035249,-0.201452827910218,0.208534321882514,0,-0.396906587543935
-432.96237354111,0.226853905396352,-4.1724751161983e-05,-0.19842918313549,0.208426808373898,0,-0.396867597495176
-435.200267130331,0.225891174794282,0.000175204439991053,-0.195539666388245,0.208318741947183,0,-0.396828473339262
-437.287439860789,0.225074902679885,0.000389356801387378,-0.192765624407049,0.208210143045962,0,-0.396789223243529
-439.246817638101,0.224408838799046,0.000601134094663646,-0.190091977402659,0.208101098491146,0,-0.396749879253295
-441.052567561549,0.223895148258483,0.000811151085044174,-0.187502550139556,0.207991585640968,0,-0.396710433805362
-442.743341092127,0.22353592554453,0.00101974758332552,-0.184985954517366,0.207881724747224,0,-0.396670930728139
-444.265075940863,0.22333199831806,0.00122742169445817,-0.182529967470028,0.207771555005364,0,-0.396631384481738
-445.651329803124,0.22328353869235,0.00143466042241334,-0.180123505936529,0.207661122096735,0,-0.39659181175094
-446.89937960844,0.223390102161785,0.00164198151730084,-0.177755994550219,0.207550456674243,0,-0.396552223735853
-448.011564858105,0.223650584181952,0.00184981964022989,-0.175418541230072,0.20743963588896,0,-0.39651264815149
-448.974629134858,0.224063121488879,0.00205860702513758,-0.173102883838577,0.20732874069813,0,-0.396473113879181
-449.791414787481,0.224625155911136,0.00226879178988722,-0.170801119771293,0.207217846148205,0,-0.396433647500935
-450.467044292706,0.225333586921336,0.00248086097648901,-0.168505415211583,0.207107009759525,0,-0.396394269195749
-451.008750163971,0.226185004924134,0.00269536500301054,-0.166207727014242,0.206996260462979,0,-0.396354988873681
-451.423561316813,0.22717522121267,0.00291278504839646,-0.163901206543574,0.20688566868254,0,-0.396315831056687
-451.703021471326,0.228298733547201,0.00313347387810179,-0.161580769515427,0.20677537355199,0,-0.396276844367642
-450.983087707471,0.228728926286081,0.00321275549412841,-0.160751886806577,0.206736274993066,0,-0.396263039765345
-439.150330243312,0.22872892628609,0.00321275549413002,-0.16075188680656,0.206736274993066,0,-0.396263039765345
-436.104405670252,0.230015223164483,0.00343716655700131,-0.158418317738503,0.20662721450068,0,-0.396224577167488
-454.984500948674,0.231420792157669,0.0036661842753369,-0.156054974073298,0.206518508274486,0,-0.396186303209666
-452.827778375934,0.232108525317054,0.00376873552137372,-0.154949863269805,0.206468140125888,0,-0.396168590781549
-445.086823892202,0.232812776398861,0.00386158080503403,-0.153843895157426,0.206417745603368,0,-0.396150882675004
-446.268861097817,0.233539752057136,0.003950562313668,-0.152728215359455,0.206367168933224,0,-0.396133124215812
-446.850255875063,0.234113856487067,0.00401970407442054,-0.151864871548566,0.206328396460553,0,-0.396119519689246
-445.782328982789,0.234113856487078,0.00401970407442131,-0.151864871548549,0.206328396460552,0,-0.396119519689246
-443.109540933804,0.23566472519264,0.00420250130250442,-0.149597094894956,0.206228118700955,0,-0.396084371270948
-453.144894722133,0.235664725192654,0.00420250130250647,-0.149597094894936,0.206228118700955,0,-0.396084371270947
-443.674994531625,0.236475260897298,0.00429165564046194,-0.148439705277976,0.206177338610195,0,-0.396066592707004
-449.123305896514,0.237299152168147,0.00437666701734852,-0.147278690871666,0.206126531910777,0,-0.396048818522409
-449.077606555318,0.238167828645718,0.00446079683825055,-0.146071273659111,0.206074233284068,0,-0.396030536688377
-449.256236184252,0.239053378618841,0.0045365303608191,-0.144854597602971,0.206021906507052,0,-0.396012259494667
-449.319940178955,0.239954456681291,0.00460381320387173,-0.143628862800025,0.205969521409513,0,-0.39599397641565
-449.374710926818,0.240867284424511,0.0046624534583958,-0.14239752342613,0.205917162898465,0,-0.395975717074807
-449.315609801943,0.241309458636145,0.0046875620658649,-0.141804242496872,0.205892014452725,0,-0.395966952017886
-448.113701084297,0.241431953539502,0.00469414952138677,-0.141640214090845,0.205885069210706,0,-0.395964531959975
-447.649126606805,0.241459090459684,0.00469558805050944,-0.14160389516217,0.20588353205291,0,-0.395963996374214
-447.757283269377,0.241486245896576,0.00469702421629337,-0.141567559746171,0.205881994870925,0,-0.395963460792452
-448.019412628019,0.241611138188809,0.00470363355873067,-0.141400554382476,0.205874939170377,0,-0.395961002619293
-448.425459071391,0.241624504172943,0.00470434130217743,-0.141382691733449,0.205874185427887,0,-0.3959607400344
-448.305734213071,0.241624504172957,0.0047043413021791,-0.141382691733429,0.205874185427886,0,-0.3959607400344
-448.508268943485,0.242071713713186,0.00472799065586167,-0.14078611520712,0.205849112968414,0,-0.395952007123022
-449.649038277165,0.242523979251509,0.00475164976430254,-0.140184764188838,0.205824034077717,0,-0.395943275275386
-449.670374625816,0.24328485951098,0.00478824407015118,-0.139176542503658,0.205782277972223,0,-0.395928744159048
-450.223511989335,0.244259553977882,0.00482697344359763,-0.137889799553836,0.205729354322528,0,-0.395910339873298
-450.334218137159,0.245240486436801,0.00485682231675928,-0.136598389072154,0.205676448648844,0,-0.395891956492037
-450.083904264786,0.246220307701099,0.00487744973263249,-0.135310161793547,0.205623564101889,0,-0.395873595070156
-449.871809129195,0.247199555586355,0.00488883210493002,-0.1340232714145,0.205570487705899,0,-0.395855181709971
-449.660013790452,0.2481792559467,0.00489092431247018,-0.132735554728627,0.205517097971783,0,-0.395836674450277
-449.430041575082,0.249157902314037,0.00488361158237018,-0.131448208241012,0.20546339532463,0,-0.39581807367534
-449.177941832569,0.250133690653415,0.00486678184262623,-0.130162875954254,0.205409387342122,0,-0.395799382244119
-448.902157572271,0.251106316213953,0.00484028505728414,-0.128879298054949,0.205354993499442,0,-0.39578057255384
-448.599931728622,0.252073647083543,0.0048040014595209,-0.127599704383312,0.205300232723101,0,-0.395761651442203
-448.271874397936,0.253034962675534,0.00475776539789784,-0.126324547773074,0.205245042276031,0,-0.395742597544823
-447.914965175336,0.253989181869674,0.0047014059640252,-0.12505484512101,0.205189376474464,0,-0.395723395450477
-447.528028063286,0.254934910623726,0.00463476417810332,-0.123792125833209,0.205133205331121,0,-0.395704035210168
-447.110230741449,0.255871128056188,0.00455765186195794,-0.122537524541076,0.205076473198848,0,-0.395684498079111
-446.659566659688,0.256796092079401,0.00446994113183596,-0.121293254408664,0.205019165008766,0,-0.395664779336713
-446.340977186206,0.257181211164681,0.00442987231210842,-0.120773748416185,0.204994894016264,0,-0.395656433187419
-448.137693988753,0.257238268562547,0.00442375379989713,-0.120696707751886,0.204991276328589,0,-0.395655189419061
-449.218490647239,0.257267555530026,0.00442059493964068,-0.120657155989045,0.204989417653399,0,-0.395654550428813
-449.20306933176,0.257296837584166,0.00441742399013173,-0.120617605294848,0.204987558943629,0,-0.395653911444359
-449.145399911449,0.257321071903378,0.00441479001672884,-0.120584868177338,0.204986020534506,0,-0.395653382585754
-449.113799788572,0.257442210793185,0.00440149206706909,-0.120421168304305,0.20497832813357,0,-0.395650738352264
-448.597966000505,0.257900693845016,0.0043491568917229,-0.119800696763514,0.204949167701598,0,-0.395640717313583
-447.004997944256,0.258768318277554,0.00424125418110692,-0.118622428198198,0.204893643515629,0,-0.395621648335313
-444.973762097487,0.259644395936111,0.00412005900653201,-0.117427112338869,0.204836682086204,0,-0.395602102106345
-444.578337628625,0.260343023529169,0.00401512130695368,-0.116470090674014,0.20479011283156,0,-0.395586134219783
-445.01368336928,0.261022701633415,0.0039071306613238,-0.115536015919053,0.204743521966424,0,-0.395570169964747
-444.574771100162,0.261681864180342,0.00379546497416041,-0.11462737007467,0.204697106841894,0,-0.395554276893173
-444.156853476391,0.262327879806156,0.00367743406275337,-0.113734311811996,0.204650403244088,0,-0.395538296077572
-444.037423337557,0.262327879806167,0.00367743406275214,-0.11373431181198,0.204650403244087,0,-0.395538296077572
-448.117629419582,0.262719819651391,0.00360142890246943,-0.11319135513243,0.204621431629202,0,-0.395528388262837
-445.002964081418,0.262719819651403,0.00360142890246792,-0.113191355132415,0.204621431629201,0,-0.395528388262837
-447.645156214689,0.263105664597309,0.00352319680167242,-0.11265600801759,0.204592451686701,0,-0.395518481851016
-444.380052409718,0.263487164562474,0.00344232834926818,-0.112125714427784,0.204563463417765,0,-0.395508576842513
-444.043602704864,0.264234856737884,0.00327319719133965,-0.111083933125967,0.204505461905305,0,-0.395488771037071
-440.537209525503,0.264956091352531,0.00309574629824716,-0.110076786074172,0.204447571367513,0,-0.395469020049137
-440.675418517723,0.264956091352541,0.00309574629824656,-0.110076786074157,0.204447571367512,0,-0.395469020049136
-446.549994418216,0.265764894713582,0.00288165555833209,-0.108945778388726,0.204380009859895,0,-0.39544599087786
-437.640823275106,0.266545529998903,0.00265794968295491,-0.107852608343288,0.204312403317072,0,-0.395422969320571
-437.249640061228,0.267266388689807,0.00243485527918019,-0.106842724126075,0.204247682972141,0,-0.395400952058915
-436.713571682525,0.268086536859719,0.00216341812609903,-0.105696559866573,0.204170367570825,0,-0.395374677561858
-433.982718090554,0.268868407307423,0.00188490743494894,-0.104609609819296,0.204092533741806,0,-0.395348257044689
-432.899278365968,0.269604378403088,0.00160265292663447,-0.103595202699218,0.204015061936245,0,-0.395321989397005
-431.759266218743,0.27030473305625,0.00131335393366578,-0.102642082474679,0.203936992120672,0,-0.39529554917739
-430.3942246727,0.270963303208772,0.00102019026451159,-0.101761744234225,0.203859126950664,0,-0.395269208384009
-429.095228524967,0.271587489218651,0.000720592333031214,-0.100947578959424,0.203780720939205,0,-0.395242714954222
-427.615916520388,0.272172963118548,0.000417395329463359,-0.100208708975976,0.203702449490131,0,-0.395216297273995
-426.212434137932,0.272720191618051,0.000111552000371724,-0.0995477467186349,0.203624470720728,0,-0.395190008394064
-424.774984210385,0.273237760802222,-0.000200872834731842,-0.0989582138246975,0.203545706336117,0,-0.395163485006523
-423.086422157188,0.27372177643302,-0.000516751872952318,-0.0984489074354719,0.203466870843027,0,-0.395136968143399
-421.499377804192,0.2741727252399,-0.000835131463881561,-0.0980231641305994,0.203388110578477,0,-0.39511050695441
-419.882797772236,0.27459484275289,-0.00115781832061318,-0.0976813507401287,0.203308888476451,0,-0.395083921155023
-418.107727705095,0.27498650201105,-0.00148229277005023,-0.0974293014256076,0.20322972988544,0,-0.395057387205537
-416.43990361596,0.275349398950709,-0.00180833857419238,-0.0972699137469459,0.203150587181251,0,-0.395030889026917
-414.650572063706,-0.413843545643267,0.000598948025454432,-0.099144401799817,0.203069993771764,0,-0.395003936343336
-412.508816128945,-0.414471627472043,0.000693998237957322,-0.101501935716143,0.202990991349411,0,-0.394977546230673
-411.038714864885,-0.415115172310756,0.000790693263494062,-0.103921945628975,0.202911192407117,0,-0.394950920631704
-408.915745056092,-0.415764902262129,0.00088754420098356,-0.106372311997052,0.202831600835233,0,-0.394924394772567
-406.999825120325,-0.416430961502082,0.000985940872105684,-0.108894067351333,0.202750828942859,0,-0.39489750666252
-404.675030723573,-0.417101654729278,0.00108401016442186,-0.111445625559726,0.202670148006865,0,-0.3948706800556
-402.672403375896,-0.417769648391184,0.00118055318840522,-0.114001153317983,0.202590269167494,0,-0.394844150820869
-400.795022309139,-0.418442257701654,0.00127647976926589,-0.116590527667276,0.202510153593153,0,-0.394817573548139
-398.551153041424,-0.419124193600694,0.00137225444153052,-0.119234077232373,0.202429085584728,0,-0.394790711426991
-396.053754122746,-0.419813160584552,0.00146730594881221,-0.121925103337431,0.202347177715216,0,-0.39476360272344
-393.574950812095,-0.420493796545417,0.00155930198670808,-0.124604858288781,0.20226609268899,0,-0.394736797673726
-391.557476520124,-0.421179293132653,0.0016497938998782,-0.127326196606547,0.202184093635896,0,-0.394709722084342
-388.90693601809,-0.421857277297313,0.0017368892549546,-0.130040650622362,0.2021024942284,0,-0.394682809947342
-386.642470349293,-0.42253020782463,0.00182067146606447,-0.13275786027218,0.20202083991782,0,-0.394655911077515
-384.155650394978,-0.423199596382622,0.00190104952406672,-0.135483494771776,0.201938780413471,0,-0.394628910274196
-381.510382151499,-0.423861741200619,0.00197728766944204,-0.138201411520071,0.201856601349587,0,-0.394601901752837
-378.915563378041,-0.424515905892837,0.0020490164442049,-0.140906663840132,0.201774229827402,0,-0.394574861662551
-376.234049769576,-0.425162081183142,0.00211593135531023,-0.143596484641499,0.201691498043115,0,-0.394547735164783
-374.387072514162,-0.425545490395845,0.00215341016139852,-0.145199794128112,0.201641668972848,0,-0.394531412342335
-384.221180419636,-0.425924325681607,0.00218811175073712,-0.146789076389946,0.201591816968548,0,-0.394515093553963
-381.429952058177,-0.426303809495003,0.00222060832793364,-0.148384870372723,0.201541210451378,0,-0.394498539576348
-379.01074555869,-0.42669406691042,0.00225208600846393,-0.150027748072685,0.20148841565229,0,-0.39448128243564
-377.845448752358,-0.426694066910434,0.0022520860084647,-0.150027748072712,0.201488415652289,0,-0.39448128243564
-395.425193022398,-0.427058890613912,0.00227930116362908,-0.151564010174854,0.201438301636476,0,-0.394464913500773
-373.356677767656,-0.427418169639963,0.00230381834390213,-0.153075621356354,0.201388164533622,0,-0.394448548638616
-373.519690235102,-0.427597722322457,0.00231511936185182,-0.153830004696419,0.201362793275886,0,-0.394440271824913
-382.162804744683,-0.427775718354909,0.00232540906890029,-0.154577137780778,0.201337416112469,0,-0.394431996054126
-379.662656116128,-0.428130166658064,0.0023438784019349,-0.156060351013342,0.201286191805421,0,-0.394415300285994
-367.897474677272,-0.428467642076513,0.00235923786341012,-0.157463885389576,0.20123651373426,0,-0.394399120023394
-367.641376052275,-0.428798641544831,0.00237061656576402,-0.158831216424864,0.201186813082541,0,-0.394382943755535
-366.0199155521,-0.429148504417802,0.00237698970897829,-0.160264610973885,0.201133087877327,0,-0.39436547035038
-362.688043119009,-0.429492142095693,0.00237702675122881,-0.161656076749095,0.201078997624791,0,-0.394347891580743
-360.847604528607,-0.429831867221832,0.00237004549105801,-0.163010558814262,0.201024079136055,0,-0.394330057339658
-358.62415087596,-0.430173025188131,0.00235508695047532,-0.164343248045331,0.20096729341052,0,-0.394311631222417
-356.00501322496,-0.430490292304754,0.00233368516746763,-0.165551132047499,0.200912799217998,0,-0.394293962505504
-355.092142371789,-0.430797541037421,0.00230583152762143,-0.166684552838406,0.200858230667849,0,-0.394276283234191
-353.017770032257,0.276829117698931,-0.00991602912772649,-0.169622592028191,0.200803551395014,0,-0.394258581675655
-350.932090377923,0.276426782302629,-0.0099226641675399,-0.17471578524117,0.200748620202957,0,-0.394240812234774
-348.760978785452,0.275949759800318,-0.00991036445372528,-0.180114938272782,0.200693510620011,0,-0.394222998837341
-346.593918553436,0.275385359659502,-0.00987958797219052,-0.185840547205379,0.200638202079542,0,-0.394205134956279
-344.38151568775,0.274718706762687,-0.00983076738446333,-0.19191423560973,0.200582679101189,0,-0.394187215726107
-342.125715092018,0.273932079021291,-0.00976428808306748,-0.198361096113706,0.200526911148521,0,-0.394169231443612
-339.818492012903,0.273004718913464,-0.0096805009936267,-0.20520711771087,0.200470877150927,0,-0.394151175485577
-337.463003140216,0.271912090649438,-0.0095797047570568,-0.212480843190196,0.200414550771234,0,-0.394133039555381
-336.693479829686,0.271632945753073,-0.00955400005941904,-0.214226870298674,0.200401481650981,0,-0.394128833607471
-356.26544467585,0.271454471066349,-0.00953761788825294,-0.215322060579278,0.200393368737769,0,-0.394126223068689
-356.067392804194,0.271271730656409,-0.0095208875170799,-0.216426380802313,0.200385255234171,0,-0.394123612635595
-354.616341006356,0.271119110536531,-0.00950694420382907,-0.217335429910465,0.200378627784475,0,-0.394121480543822
-353.621190707807,0.27047665140869,-0.00944860789864832,-0.221039924731265,0.200352083847116,0,-0.394112943170391
-341.686678467044,0.26893607712555,-0.00931180164681753,-0.229239688177345,0.200295803587753,0,-0.394094852105139
-326.246946809416,0.267151495370566,-0.00916004317026233,-0.237806536968322,0.200240234166763,0,-0.394077003457946
-325.922340016503,0.265035797778934,-0.00899040596054599,-0.247013130598487,0.200183648337002,0,-0.394058842538715
-323.609211099583,0.262493406841534,-0.00880050148298448,-0.257041490585968,0.200125220010382,0,-0.394040105286724
-320.600302789179,0.259509006402233,-0.00859436993674642,-0.267694704356189,0.200066389864482,0,-0.394021254557117
-318.156721056037,0.255990436564226,-0.00837092274556564,-0.279055480164119,0.20000686957945,0,-0.394002198370299
-315.365104307427,0.251806030638282,-0.00812778907666177,-0.291259751795029,0.199946144072277,0,-0.393982772545514
-312.191639142339,0.246856308286975,-0.00786561793774625,-0.304278236612019,0.199884524443417,0,-0.393963077423974
-309.082148328172,0.240991465083972,-0.00758319485424017,-0.318164174980651,0.199821843870285,0,-0.3939430604595
-305.758174293823,0.234028095828686,-0.0072789081751707,-0.332970730385712,0.19975788344814,0,-0.393922652691496
-302.197380300872,0.225752329716256,-0.00695109529070056,-0.348725942490684,0.199692446818663,0,-0.393901792607195
-298.43898323419,0.216034760274004,-0.00660207206790149,-0.36523673025987,0.19962607941363,0,-0.393880655087979
-294.914358038837,0.204817334452095,-0.00623592550117324,-0.382201694161966,0.19955949141381,0,-0.393859466790435
-291.683668354683,0.19196520124843,-0.00585321596155814,-0.399456338258836,0.199492614051519,0,-0.393838206022376
-289.843294427207,0.184911544903609,-0.00565645562730374,-0.408103218005538,0.199459136701891,0,-0.393827570713574
-308.002368575859,0.182801310114576,-0.00559916801578145,-0.410589232932944,0.199449490827789,0,-0.393824507259035
-318.97062618881,0.180655523458742,-0.00554155336325607,-0.413071808554674,0.19943984413683,0,-0.393821443952654
-316.250030755119,0.178719082524592,-0.00549001531235781,-0.415273789941654,0.199431274557035,0,-0.39381872302468
-313.771015015302,0.168651966878984,-0.00522820612024087,-0.426169415665648,0.199388602160318,0,-0.393805178893594
-290.734160744384,0.152413946366674,-0.00482477097721197,-0.442004732039525,0.199325201587475,0,-0.393785070383919
-277.361784387489,0.134459132800922,-0.00440319538014813,-0.457390990151158,0.199260766931949,0,-0.393764651878677
-275.062027054529,0.113914250762715,-0.00394961157460382,-0.472691233133155,0.199191923911508,0,-0.393742856413809
-269.735089980956,0.0923927994852418,-0.00350089271286102,-0.486448683752096,0.199123320898016,0,-0.393721157445505
-266.929895209857,0.0699863363981656,-0.00305518972929424,-0.498608042154888,0.199053853727239,0,-0.393699205972584
-263.031421352953,0.0472295946875524,-0.00261844947018443,-0.508935212333768,0.198983594032903,0,-0.393677025341925
-258.988052560406,0.0246054982937894,-0.00219388912230986,-0.517356953315007,0.198912275597336,0,-0.393654532316652
-254.606001776779,0.00268805635064684,-0.00178570122859795,-0.523881704398886,0.198839874114428,0,-0.393631720180625
-250.05978174444,-0.0180178723441792,-0.0013964638224034,-0.52864461014144,0.198766273610034,0,-0.3936085534202
-245.292419743379,-0.0370532259116165,-0.00102824984132265,-0.53186451099141,0.198691508289405,0,-0.393585043881119
-240.56188948868,-0.0534846970310067,-0.000694335499519193,-0.533769375751109,0.198618485348578,0,-0.393562105395572
-237.749126954724,-0.0674110168829414,-0.000390760393469543,-0.534753658946359,0.198547074404286,0,-0.393539695386067
-236.438431177336,-0.0739937313841842,-0.000236954320667396,-0.535016854493002,0.198508886818719,0,-0.393527720405903
-257.989145310559,-0.0751326182691774,-0.000209442148179528,-0.535049113209707,0.198501908993363,0,-0.393525532951706
-276.111063700626,-0.0762521628303151,-0.000182075218065302,-0.5350769517809,0.198494930749526,0,-0.393523345574405
-272.399132525612,-0.0771996713277778,-0.000158618484883281,-0.535097469927783,0.198488929322753,0,-0.393521464553367
-269.802890286404,-0.0817249569483919,-4.2289949836796e-05,-0.535156607229839,0.198458938454814,0,-0.393512066851498
-247.919858137066,-0.0925576780737169,0.000274774345359954,-0.535031298230361,0.198375303283453,0,-0.393485879866569
-207.66159399947,-0.101006036252452,0.000583677301693513,-0.534658841962018,0.198290691235262,0,-0.393459417329223
-207.783468098866,-0.105086150249629,0.000767914737208708,-0.534385176921822,0.198238068619193,0,-0.393442974882417
-229.297669468751,-0.107608192364641,0.000901769058349059,-0.534181621749706,0.198198415002458,0,-0.393430592491352
-236.853040464572,-0.107608192364691,0.000901769058351554,-0.534181621749702,0.198198415002457,0,-0.393430592491351
-260.410624906932,-0.110278217622956,0.00107487132617861,-0.533929689789121,0.198145750890174,0,-0.393414157698911
-216.299142145627,-0.112232734120268,0.00124615934153673,-0.533709493135541,0.198093063118381,0,-0.393397727274988
-214.807900191587,-0.113743585163605,0.00145581421931681,-0.5334942570992,0.198027450477141,0,-0.393377282703309
-202.164700074742,-0.114316572845112,0.00165906824802796,-0.533353202121726,0.197961801203596,0,-0.393356844906319
-199.341107002426,-0.114040313337658,0.00185525847814632,-0.533286166317391,0.197896272174677,0,-0.393336462657574
-195.996688353764,-0.113046637049597,0.00203763063600901,-0.533285409510511,0.197833135007025,0,-0.393316841467321
-194.055016111009,-0.111402157624603,0.00221393131043018,-0.533337615763119,0.197769937917089,0,-0.393297218424196
-189.967853144621,-0.109172033584726,0.00238374096716623,-0.533430512316369,0.197706920972137,0,-0.393277667995841
-186.081387352456,-0.106406435301936,0.00254749070484483,-0.533550700593995,0.197643971161993,0,-0.393258154997237
-182.054779622374,-0.103155834910395,0.00270492766740153,-0.533683828627729,0.197581153426039,0,-0.393238699453037
-179.330430073873,-0.10070836710451,0.00280761500819871,-0.533773719102726,0.19753880681284,0,-0.39322559340179
-192.492399404739,-0.0980669943651777,0.00290752767537489,-0.533858490893772,0.197496445106637,0,-0.393212490160302
-188.316057779363,-0.0956223576365205,0.00299228512096302,-0.53392468101317,0.197459627127466,0,-0.393201107765183
-187.866000126367,-0.0911637913678918,0.00313235469949013,-0.53401319374199,0.197396997214564,0,-0.39318175848492
-162.287579902795,-0.0863010365893091,0.00326830876100367,-0.534059795216056,0.197333725772734,0,-0.393162227554523
-159.179594715159,-0.0810805313246442,0.00339817918054938,-0.534048374920654,0.197270138648158,0,-0.39314261590794
-155.338592520072,-0.0757522124639034,0.00351595481048123,-0.533968135170646,0.197208779399274,0,-0.393123707262198
-153.251512041319,-0.070179376591006,0.00362573903640579,-0.533808454678214,0.197147623807196,0,-0.393104876866917
-149.13692355484,-0.0643497609764567,0.00372799676808878,-0.533557170393046,0.197086314265158,0,-0.393086014568838
-144.718420294267,-0.0582933128349898,0.00382228683099642,-0.533203607620619,0.197024979834129,0,-0.393067160118529
-140.392952476438,-0.0520359262843876,0.00390823705301721,-0.532737917384687,0.196963699994259,0,-0.393048337913548
-136.087631271277,-0.0455887405793486,0.00398569295200317,-0.532149940877761,0.196902415192227,0,-0.393029529619593
-131.680114440018,-0.0389625515239597,0.00405447468058651,-0.531429739979297,0.196841076841017,0,-0.393010720323846
-127.196291812817,-0.032181181173003,0.00411427797316513,-0.530569393811659,0.196779763124516,0,-0.392991933988651
-122.736027138914,-0.0252387063331556,0.00416506184594431,-0.529557609795607,0.196718289573927,0,-0.392973114120771
-118.078625281005,-0.0181735627775419,0.00420645728967138,-0.528389863536542,0.19665687134946,0,-0.392954326606471
-113.5837014474,-0.0109854963719501,0.00423840241318844,-0.527056581102926,0.19659538388737,0,-0.392935533324104
-112.169023831329,-0.00903800852407434,0.00424534327579038,-0.526669814700489,0.196578877192391,0,-0.392930490771977
-151.450616737796,-0.00836264710683298,0.00424758442119751,-0.526533125998136,0.196573166882148,0,-0.39292874661457
-156.130703642175,-0.00768637215351849,0.00424974327496361,-0.526394960006938,0.196567456303239,0,-0.392927002507829
-152.695350859253,-0.00700178838070859,0.00425184008900296,-0.526253817371041,0.196561683551713,0,-0.392925239547414
-148.914612188547,-0.00356448005509499,0.00426101542747769,-0.525525619171373,0.196532815676659,0,-0.392916425522032
-122.6560239112,0.00416358494217971,0.00427346363189138,-0.523768070536999,0.196468560096375,0,-0.392896818979033
-88.0367371678831,0.0116513950358076,0.00427495177613806,-0.521901174359742,0.19640700885489,0,-0.392878053339485
-89.6497940976918,0.0192211116910364,0.00426634733695057,-0.519840520230784,0.196345295050495,0,-0.392859253555908
-86.0530650676757,0.0269024315679581,0.00424759495592922,-0.517564396668922,0.196283047380201,0,-0.392840306756894
-81.5492083206194,0.0346506682194454,0.0042186142552171,-0.51507556083144,0.196220538346683,0,-0.392821296162157
-77.0044818024178,0.0424616620221741,0.00417932270121924,-0.512365322857028,0.196157702602026,0,-0.392802202096227
-72.169286564902,0.0503360597851151,0.00412959752571948,-0.50942262980769,0.196094434330103,0,-0.392782992668593
-67.0822783090407,0.0582534409618116,0.00406945635195156,-0.506244094042756,0.196030794458898,0,-0.392763686660309
-61.9310919983044,0.0662117318913506,0.00399882248810298,-0.502819382629709,0.195966693227388,0,-0.392744257135549
-56.562825668301,0.0742238027338496,0.00391744173951561,-0.499130133585805,0.195901915687362,0,-0.392724639355611
-50.8783400210448,0.0822752088894593,0.00382529625850845,-0.495168879388844,0.195836461027717,0,-0.392704833575231
-45.1021328940921,0.0903523369148718,0.00372241066642618,-0.490927958028873,0.19577031592379,0,-0.392684836272388
-39.2059178297037,0.0984485729275094,0.0036087543143781,-0.486395788704898,0.195703402965349,0,-0.392664624594036
-33.0955264219302,0.106593679351135,0.00348371912390737,-0.481537456021015,0.195635329940291,0,-0.392644080812818
-29.4515332403773,0.11037508168863,0.00342200217855036,-0.479175477199064,0.195603427201481,0,-0.392634459220008
-64.7044816144658,0.110980161531311,0.00341191080960498,-0.478791075637176,0.19559830304144,0,-0.392632914194374
-86.8014950762642,0.111584651350934,0.00340176264051221,-0.478405282678557,0.195593178669528,0,-0.392631369209216
-81.7998251618766,0.11214254193,0.00339232609819072,-0.478047701996307,0.195588445046576,0,-0.392629942126597
-78.0972634877241,0.114831015583538,0.00334584752733158,-0.476303933361197,0.195565575849755,0,-0.392623048823492
-53.5811245153709,0.122296126104883,0.00320802192757299,-0.47127806230553,0.195501526451383,0,-0.392603753908469
-8.59950634050394,0.129638478891877,0.00306026531773062,-0.466056127655817,0.195437614507401,0,-0.392584516614992
-8.88632411508142,0.135680621880981,0.00293067144882657,-0.461533341173484,0.195384113393286,0,-0.392568425383765
-16.7301265130133,0.14161039151913,0.00279705990402156,-0.456880897256527,0.195330589278108,0,-0.392552338559069
-13.8795949978246,0.145258233886014,0.00271153897490121,-0.453909000398853,0.195297147655797,0,-0.392542293327426
-34.240890709302,0.14525823388611,0.00271153897489842,-0.453909000398775,0.195297147655796,0,-0.392542293327426
-61.3763891947035,0.151038411361258,0.00257004487861297,-0.449023178485347,0.195243391874217,0,-0.392526155351547
2.05660176489872,0.156717061736293,0.00242230985334072,-0.444005641885656,0.195189612941106,0,-0.392510021819234
2.51863990133658,0.162155093450107,0.00227261753832201,-0.438982823889147,0.195136912289188,0,-0.392494222810011
4.39465686851745,0.167441687258405,0.0021200075825522,-0.433875798062254,0.195084189435863,0,-0.39247842806795
7.99055525870407,0.172595688647355,0.00196398316616246,-0.428669447812021,0.195031206151883,0,-0.392462566298269
12.0075255421884,0.177586286787139,0.00180551382097438,-0.42339840509207,0.194978199598716,0,-0.392446708575151
13.4775375755435,0.179826495588701,0.00173183916753427,-0.420954131863916,0.194953791180962,0,-0.39243941012284
-15.7023357044214,0.17982649558878,0.00173183916753119,-0.420954131863829,0.194953791180961,0,-0.39243941012284
-35.342479738682,0.18171577676362,0.0016684165258467,-0.418853858189798,0.194932931939659,0,-0.39243317477061
-10.1838129700471,0.181715776763698,0.00166841652584383,-0.418853858189709,0.194932931939658,0,-0.39243317477061
-29.8478430140247,0.183585976471545,0.00160443908950946,-0.41673917396681,0.194912069236031,0,-0.392426940085628
-4.43171763312366,0.185436962856024,0.00153983354285973,-0.414610499720641,0.19489120307045,0,-0.392420706068004
-2.06294672831181,0.189076180365914,0.00140897784592516,-0.41031679694199,0.194849460354907,0,-0.392408240035275
23.3177488115881,0.193640880504536,0.00123742282899489,-0.404713693676289,0.194795527200618,0,-0.392392143523465
37.5740412232234,0.198008550617853,0.00106513646781622,-0.399104490404753,0.194741898871637,0,-0.39237614923144
40.6712682721362,0.203756057415953,0.000826381917482033,-0.391307446998351,0.194667609749089,0,-0.392354011491799
62.6335523709059,0.206366902410312,0.000713264056527864,-0.387593111924224,0.194632280519001,0,-0.392343491108622
21.0855802697635,0.207044558082982,0.000683416789762045,-0.386610074764817,0.194622933389448,0,-0.392340708519465
-1.22809893389162,0.207511808220557,0.000662714978010509,-0.38592757556615,0.194616444296873,0,-0.392338776951719
0.293829769153126,0.207870184829463,0.000646750307097953,-0.385401554876987,0.194611444424943,0,-0.392337288782497
1.34758269919168,0.208227264640283,0.000630765622621311,-0.384875240652131,0.194606444355452,0,-0.392335800651508
4.78069805912041,0.20999276280155,0.000550562521659928,-0.382240016468163,0.194581441044747,0,-0.392328360570123
29.9016890175538,0.213732765373398,0.000373833096367161,-0.376466121273467,0.194526766483218,0,-0.392312099843541
61.8634249097467,0.217265006002917,0.000198117113534427,-0.370749878768093,0.19447261592236,0,-0.39229600637328
63.4831819190608,0.222137134148901,-5.68203314457893e-05,-0.362378506525623,0.194393036271124,0,-0.392272375994779
92.7300139818226,0.226773431712542,-0.000312908916939711,-0.353795521052301,0.194310932520233,0,-0.392248021739523
97.1075846382814,0.231103824817238,-0.000563712995145763,-0.345118862647165,0.194227204060174,0,-0.392223212305823
101.841025812775,0.23483572815649,-0.000788146409802899,-0.337012442378357,0.19414813114259,0,-0.392199807106138
101.16711465054,0.238213227825113,-0.000998588616882695,-0.32905815833883,0.194069568053003,0,-0.392176576586333
105.404944727275,0.241243910391361,-0.00119437914931618,-0.32130211463096,0.193991861888008,0,-0.392153622719968
109.374891928265,0.244007599676358,-0.00137982267930634,-0.313589534018289,0.193913338055775,0,-0.39213045078343
114.937889281316,0.246458963330351,-0.00155071570830952,-0.306097334291644,0.193835686380319,0,-0.392107559367558
118.76969528353,0.248625647516086,-0.00170757522881184,-0.298814149821257,0.193758730210469,0,-0.392084895657373
122.854464520381,0.250521620794649,-0.00185006971060206,-0.29176953472472,0.193682741484051,0,-0.392062538968582
124.119950319851,0.251417590891442,-0.00191939415117846,-0.288160907462499,0.193643165292776,0,-0.392050903920663
92.0362947053705,0.251676628725211,-0.00193970917788895,-0.287077856352881,0.193631195887881,0,-0.392047386192884
71.8012876403973,0.251876305780647,-0.00195548506089833,-0.286229748112303,0.193621792617344,0,-0.392044623015941
74.6517664217874,0.252072643458929,-0.00197113995457899,-0.285384006935694,0.193612388662234,0,-0.392041859973194
79.9404322020345,0.252858917558693,-0.00203547318838287,-0.281868452750561,0.193573002362977,0,-0.392030291247415
114.219666186304,0.25440837841418,-0.00217116559206928,-0.274192906263899,0.193485240952573,0,-0.392004534687268
160.419368722503,0.255667419346868,-0.00229143167219143,-0.266908259375865,0.193399472899472,0,-0.391979391277689
157.752237142949,0.256599083353271,-0.0023856950337716,-0.260554682695911,0.193322460733855,0,-0.391956838357906
152.321051174201,0.257304459741703,-0.00245987790457185,-0.254851526847484,0.193251388173321,0,-0.391936044664023
151.246651943781,0.257876547698713,-0.00252319526812747,-0.249248037404313,0.193179582392208,0,-0.391915055739386
156.457028048003,0.258322567850243,-0.00257635896089437,-0.243719429599549,0.193106624609676,0,-0.391893749905888
161.67955337487,0.258644322013742,-0.00261905485967991,-0.238308679059177,0.193032984803371,0,-0.391872265128818
166.360771679757,0.25884716579996,-0.00265104221831353,-0.23306264504278,0.192959256556659,0,-0.39185077487282
170.537965873096,0.258940421717561,-0.00267262786452837,-0.227975430733882,0.192885342606782,0,-0.391829250866797
174.836188457932,0.258932635792132,-0.00268411448207176,-0.22304857410464,0.192811252901725,0,-0.391807696122683
179.131379713016,0.258831805290222,-0.00268584350274568,-0.218272423755205,0.192736828392742,0,-0.391786064545617
183.552578556483,0.258645421239922,-0.00267812673832085,-0.213647151148728,0.192662054605048,0,-0.391764352177519
184.861397169172,0.258561470904717,-0.00267326276582595,-0.212066527227044,0.192635841793973,0,-0.391756745568866
147.999076771137,0.258468442692658,-0.00266733221341844,-0.210506651583506,0.192609623768989,0,-0.391749139995311
154.0533545613,0.258365700189952,-0.00266033086869327,-0.208960828616131,0.19258328582727,0,-0.391741502199506
160.582350650391,0.258033199366041,-0.00263557163345131,-0.204792238438606,0.192510380714425,0,-0.391720373681683
202.354307761018,0.25761750533289,-0.00260150271846663,-0.200616548554518,0.192434361617558,0,-0.391698363630187
205.446951572053,0.257143833009525,-0.00255950493226044,-0.196614977043038,0.192358396738341,0,-0.391676390580152
208.047871366374,0.256615762082172,-0.00250943152876826,-0.192726584505747,0.192281334484024,0,-0.391654121833489
212.267288863215,0.256041312073376,-0.00245187047896517,-0.18897363034719,0.192203565242551,0,-0.391631670929479
216.380638216849,0.255424480327378,-0.00238706639258307,-0.185348224724478,0.192124893438934,0,-0.391608982059678
220.771454034913,0.254771110239677,-0.0023154704483387,-0.181854544981412,0.19204537467372,0,-0.391586071976087
225.199526043548,0.254081964029105,-0.00223698241762922,-0.178471703197164,0.191964470624106,0,-0.391562786518308
230.058057481615,0.253364257693494,-0.00215223182877531,-0.175213176424448,0.191882425312268,0,-0.391539196995879
234.72886326723,0.252620928298258,-0.00206138577054981,-0.172071237434369,0.191798971655332,0,-0.391515227718165
239.604102364276,0.251858329984267,-0.001965047997258,-0.169053195341562,0.191714227165599,0,-0.391490913619091
244.398227993218,0.251078096331705,-0.00186325218801228,-0.166147736167872,0.191627781638436,0,-0.39146613834133
245.019263698144,0.251016530125094,-0.00185508003054296,-0.165925518546396,0.191620953656699,0,-0.391464182597296
190.754511543521,0.250954981561233,-0.00184689130564685,-0.165704339973269,0.191614125328431,0,-0.391462226922951
198.702036520459,0.250677009338774,-0.00180954337826813,-0.164722125780662,0.191583390784194,0,-0.391453426455308
221.88412364225,0.249951592945349,-0.00170912791090408,-0.162283296430477,0.19150395035614,0,-0.391430695480935
258.563468031317,0.249195197781238,-0.00160025546894656,-0.159900056416143,0.191421513989276,0,-0.391407131366452
260.99620430966,0.248411293524588,-0.00148379695870079,-0.157553058216487,0.191335038138565,0,-0.391382438927379
266.534490752521,0.247556471895727,-0.00135309104612734,-0.155100724221466,0.191238186137958,0,-0.391354815630283
276.624020480036,0.246695672238771,-0.00121730994268049,-0.152731965903377,0.191137145911617,0,-0.391326033721907
282.397802295514,0.245833730461472,-0.00107699525816297,-0.150446367667765,0.191031247437077,0,-0.391295907191206
289.24326449449,0.244943148222704,-0.000927136910049484,-0.148161186598507,0.190915248505572,0,-0.391262953257224
299.26394723755,0.244091458995728,-0.000778594783095342,-0.146038037683379,0.190796118943481,0,-0.391229159908823
304.243078085381,0.243324273203646,-0.000639916532185864,-0.144166153623171,0.190679564238637,0,-0.391196145837951
302.941595177834,0.243017726543573,-0.000583070072589095,-0.143426395971789,0.190629858562431,0,-0.39118208139777
263.534659719037,0.242935913421078,-0.00056774597564912,-0.143229805072013,0.190616250634629,0,-0.391178232502188
247.130428547,0.24290713151011,-0.000562334819597155,-0.143160800905118,0.190611431464811,0,-0.391176869595198
246.541577981925,0.24287841968505,-0.000556919126092585,-0.143092130940221,0.190606612125813,0,-0.391175506722666
249.528607688645,0.242848566704747,-0.000551267377757861,-0.143020925150696,0.190601589520081,0,-0.391174086455419
252.488228804748,0.242700395060098,-0.000522899965569492,-0.142670330933338,0.190576473735571,0,-0.391166985680603
269.905912008302,0.242121858058559,-0.000406876201919963,-0.141345129561542,0.190475046435184,0,-0.39113833270322
317.454038417616,0.24156320351367,-0.000286461513850546,-0.140125532999275,0.190370612413458,0,-0.391108868312569
317.359660906821,0.241096856179767,-0.000180284218109932,-0.139133747800343,0.190275683880029,0,-0.391082119102633
313.182433714309,0.240675641947373,-8.0314749387832e-05,-0.13824343110569,0.190180690093752,0,-0.391055383239134
315.906031741246,0.240302573572546,1.26133188295929e-05,-0.13745999214402,0.190086882084651,0,-0.391029012199615
318.088390600265,0.239962096195489,0.000102470591329655,-0.136750493004679,0.189990604962032,0,-0.39100197910782
322.328436663819,0.239663600809266,0.000186768466789054,-0.136132670503063,0.189894424771798,0,-0.390975005591572
325.037311560019,0.239405530682943,0.000265598140106245,-0.135601078959218,0.189798233007083,0,-0.390948061110239
327.846280206435,0.239188870730445,0.000338140284307279,-0.135155720382045,0.189703069346446,0,-0.390921436315047
330.139413912676,0.239009712554969,0.000405139172650984,-0.134787273408323,0.189608151102275,0,-0.390894911527408
329.74936674026,0.238987124404303,0.000414246506206329,-0.134740723619222,0.189594632769765,0,-0.390891136388868
290.59765764101,0.23898312290968,0.000415879194176078,-0.134732477550278,0.189592192997621,0,-0.390890455123963
290.052043626005,0.238979143401549,0.000417509926347908,-0.134724279268748,0.189589753182976,0,-0.390889773867825
292.810159049188,0.238975103255217,0.000419173905278869,-0.1347159595077,0.189587262452208,0,-0.390889078415939
294.855131511542,0.238955244273121,0.000427480036960198,-0.134675105120494,0.189574808134039,0,-0.390885601293561
302.26945904873,0.238892596787379,0.000455242129030346,-0.13454658521476,0.189532879083052,0,-0.390873899067275
320.155822976579,0.238770700317969,0.000518929246837791,-0.134297116086063,0.189434190534063,0,-0.390846379509601
348.907196763927,0.23868074844119,0.000582226865809116,-0.134110596016037,0.189330317105004,0,-0.390817450478111
350.487859695008,0.238630309820496,0.000637335293694331,-0.133999902602977,0.18923026044692,0,-0.39078961959638
349.320367052119,0.238613749064304,0.000681072841985746,-0.133954806117436,0.189139754814571,0,-0.390764475008429
346.740802074114,0.238623059331617,0.000719331076601701,-0.133959469694156,0.189049115814307,0,-0.390739321551377
349.21888006428,0.238657481158951,0.000752971573650196,-0.134012505346059,0.188957160452506,0,-0.390713831553706
352.044451867882,0.238717019498839,0.000782273888501436,-0.134113974282673,0.188863354110722,0,-0.390687858261026
354.959342770125,0.238800058649588,0.000806756287733975,-0.134261575443147,0.188769042753741,0,-0.390661775415312
357.219502889448,0.238905034789294,0.000826430617447072,-0.134453220129976,0.188674351752949,0,-0.390635618055674
359.433255231128,0.239030504302102,0.000841386369038946,-0.134687120665163,0.188579217917308,0,-0.390609369063006
359.210182446259,0.239051448245011,0.000843265563295371,-0.134726568508448,0.18856460250562,0,-0.390605339152655
328.997686770646,0.239072811660201,0.000845040524284591,-0.134766940014006,0.188549985598817,0,-0.390601309554663
333.022947880787,0.239092936897711,0.000846594052136487,-0.134804898501036,0.188536511032726,0,-0.390597595519586
336.194681056775,0.239200598880301,0.000853251057141932,-0.135004214839575,0.188469119152363,0,-0.390579029326338
359.975247957616,0.23938033954248,0.000859614689177813,-0.135326481858204,0.188369401937936,0,-0.39055158582883
372.303994583333,0.239579783280132,0.000861547424932172,-0.135680773141571,0.188269830646166,0,-0.390524216004954
372.213723687267,0.23978949676458,0.000858925327251956,-0.136062892926701,0.188171814152707,0,-0.390497306200103
372.705873559892,0.240009820275276,0.000851942451194976,-0.13647857273287,0.188073506830954,0,-0.390470349012033
374.230170620436,0.240241917417016,0.000840710578349954,-0.13693060914721,0.187973812090116,0,-0.390443044508271
376.181867828101,0.24048479826034,0.000825341248346444,-0.137418029223079,0.187872631123357,0,-0.390415366999961
378.128420826599,0.240737165326775,0.000805952099931644,-0.137939965225495,0.187769872926965,0,-0.390387293077989
380.058523885324,0.240997832686461,0.000782647157133066,-0.138496267500805,0.18766531818663,0,-0.390358764487533
381.995746443667,0.241265516873097,0.000755534011216123,-0.139086860822403,0.187558735113574,0,-0.390329719904725
381.960099545687,0.241313185204426,0.00075038231251788,-0.139194197267193,0.18753977520013,0,-0.390324557159999
357.775657441108,0.241360844753499,0.000745141776361208,-0.139302197106277,0.187520812819503,0,-0.390319394937225
361.025233484354,0.241400402863407,0.000740721223573657,-0.139391882239839,0.187505121508098,0,-0.390315124116179
362.692335154877,0.241551187896946,0.000723248839229823,-0.139730158403308,0.187446111808986,0,-0.390299070317446
377.290796203149,0.241820900168344,0.000689635009494578,-0.140323174561237,0.187343136928731,0,-0.390271083263793
389.581486512933,0.242095134031244,0.000652580665479822,-0.140922868730258,0.187239839673707,0,-0.390243043822692
389.377590424999,0.242385534037059,0.000610396839415337,-0.141579484124026,0.187128619280185,0,-0.390212893053825
391.948620053882,0.242687200171972,0.000563330147547791,-0.142300694207237,0.187008745807816,0,-0.390180442118176
394.447000235739,0.2429813885947,0.000514025369733692,-0.143049860145252,0.186886022728334,0,-0.390147268654382
395.43782949638,0.243266520567203,0.000462709978148297,-0.143831851653423,0.186759258174597,0,-0.39011305453663
396.713288941901,0.243539784076948,0.000409767460446462,-0.144647060924947,0.186627743083422,0,-0.390077613730296
397.973950082596,0.243796461872539,0.000355950249222613,-0.145488107449271,0.186491722545604,0,-0.390041018087223
398.989753008964,0.244033878363239,0.000301606357540616,-0.146354576968478,0.186350095615108,0,-0.390002977968601
399.654405902829,0.2442104493775,0.00025729852495322,-0.14707713905294,0.186229868057922,0,-0.389970736609273
396.28099872818,0.244378769971539,0.000210572003754725,-0.147857811674904,0.186096594906078,0,-0.389935051426623
398.589882058518,0.244515516231721,0.000167522243899717,-0.148584854511408,0.185967578565118,0,-0.389900560602132
397.927290840672,0.244636540611828,0.000122798702720272,-0.149340348381193,0.185826239191255,0,-0.389862836815555
399.126763551569,0.244720871348855,8.42214230571319e-05,-0.149992814606371,0.185696025394336,0,-0.389828139171826
397.380692333696,0.244779341441566,4.83000188241894e-05,-0.150599768547604,0.185565385306093,0,-0.389793382436355
397.084843641175,0.24481113035364,1.66987898544557e-05,-0.15112941786122,0.185440716104497,0,-0.389760265027047
396.188378889772,0.244820426802441,-1.33767601579177e-05,-0.151620038398927,0.185311967184629,0,-0.389726115787943
395.954478672703,0.24480895645147,-3.82563113747024e-05,-0.152008706228869,0.185196155505543,0,-0.38969544296743
394.688967684157,0.244774368209098,-6.37867478569869e-05,-0.152382201046376,0.185066023543588,0,-0.389661028085059
394.742429257003,0.244718223059879,-8.66146739941988e-05,-0.152682802123223,0.184937209949398,0,-0.389627014546046
393.710909750542,0.244638422114469,-0.000107531975218305,-0.152917625666005,0.184804683230407,0,-0.389592075113514
392.696052893097,0.244540665441377,-0.000125135488737873,-0.15307107568196,0.18467659316687,0,-0.38955835782353
391.463456524595,0.244422719224387,-0.000140311098393315,-0.153151083034963,0.184547673258805,0,-0.389524474029628
390.206073238021,0.244286152937263,-0.000153030921581368,-0.153155640479751,0.18441880728212,0,-0.389490656352035
389.086673598427,0.24424153946944,-0.000156401798854697,-0.153142220863817,0.184380024360152,0,-0.389480488883301
391.203614225174,0.244195369059259,-0.000159579615335104,-0.153121914886135,0.184341231706276,0,-0.389470323553258
391.123711898444,0.244153771174525,-0.000162233613600683,-0.153098661672082,0.184307374639959,0,-0.38946145538834
390.81219324098,0.243947037089704,-0.000173281242376125,-0.152928204723475,0.184152233837759,0,-0.38942086503017
384.427578433934,0.2437230390965,-0.000182063785568822,-0.152666686234312,0.184002525095536,0,-0.389381766708931
382.533768300084,0.243483972806773,-0.000188110782530801,-0.152319026092748,0.183856071374598,0,-0.389343585585088
380.493231555185,0.243260221512444,-0.000190922480492263,-0.151938143124284,0.183727103742801,0,-0.389310017967855
379.730127877898,0.243019599872542,-0.000191668009303056,-0.151479441125518,0.183595121397981,0,-0.3892757186856
377.13149768461,0.242760851438284,-0.000190518870351233,-0.150940758756196,0.183459553162177,0,-0.389240543188561
374.271866436822,0.242480774648437,-0.000187573920246421,-0.150315586922873,0.183318881383164,0,-0.38920410298624
372.081657612322,0.242390301909583,-0.000186310150726871,-0.15010557302591,0.183274551256279,0,-0.389192632056941
383.77964422569,0.242298847178096,-0.000184908568984478,-0.149889590778683,0.183230208667974,0,-0.389181163902264
381.22755653401,0.242032403879554,-0.000180142261475383,-0.149249867594506,0.183104453170383,0,-0.389148672829387
367.124083515341,0.241708657445628,-0.00017309896288713,-0.148460958974067,0.182957949650134,0,-0.3891108818045
361.653725085622,0.241373298182429,-0.000164694675619254,-0.147623763489273,0.182810547163157,0,-0.389072924591119
358.556139767793,0.241034783409493,-0.000155434084003837,-0.146749923069156,0.18266356550691,0,-0.389035141184534
355.317085868339,0.240703605952127,-0.000145846845187373,-0.145869641584238,0.182520407602429,0,-0.388998403365505
352.568567755825,0.240376617417144,-0.000136016952208361,-0.144981666947049,0.182379055155367,0,-0.388962189363215
350.900688165102,0.240257959993972,-0.000132380020037721,-0.144656086694449,0.18232766103162,0,-0.388949037237724
368.917834468423,0.240139408176769,-0.000128715480220623,-0.144329780227877,0.182276250441634,0,-0.388935888819597
366.586480687974,0.24008737486708,-0.000127090019600117,-0.144186611301764,0.18225369161518,0,-0.388930121828571
372.206143946789,0.24006797210257,-0.000126478491431186,-0.144133330480047,0.182245289673331,0,-0.388927974325917
374.231760542554,0.240048555320982,-0.000125863389777411,-0.144080073687694,0.182236887292174,0,-0.388925826922269
373.252620039135,0.240030921210075,-0.000125301645691654,-0.144031772188783,0.18222926227683,0,-0.388923878373507
372.297898630855,0.239945272174295,-0.000122530615010919,-0.143798079006938,0.182192303763783,0,-0.388914436205931
362.883741072765,0.239658135553046,-0.000112746174798197,-0.143025813467441,0.182069117034686,0,-0.388882993914449
339.958408777402,0.239327686207922,-0.000100706811962012,-0.142156586899128,0.181927724624355,0,-0.388846960579453
333.711450138599,0.239010183846688,-8.88118783620332e-05,-0.141332362956346,0.181790112594181,0,-0.388811947777681
331.916976266263,0.238713797654586,-7.78100518758852e-05,-0.140566777258562,0.181658142681015,0,-0.388778423298149
329.959002440805,0.238430154380466,-6.74519632561274e-05,-0.139840977652274,0.181527664967589,0,-0.388745328571888
326.543613091516,0.23815855028308,-5.76557373327685e-05,-0.139158508777829,0.181398094729673,0,-0.388712513775256
322.832122579744,0.237898364747707,-4.83397436332982e-05,-0.138522770040308,0.181268783349539,0,-0.388679813851587
321.036043837825,0.237814720024025,-4.5354404023125e-05,-0.138323279724424,0.181225929885287,0,-0.388668988028074
346.776171168693,0.237732376543091,-4.24152779161416e-05,-0.138129755647353,0.181183065196293,0,-0.388658164764515
343.692280824831,0.23770879685721,-4.15706688296943e-05,-0.138074952671335,0.181170666903566,0,-0.388655035221516
352.089242400282,0.237685304955551,-4.07241073637238e-05,-0.13802070154064,0.181158267672366,0,-0.388651905892685
350.152710098572,0.237664714444197,-3.99775099176619e-05,-0.137973446435449,0.18114736101297,0,-0.388649153633246
348.675705893304,0.237583800506072,-3.69972941250489e-05,-0.137790570357818,0.181104143006345,0,-0.388638251141544
334.615378872939,0.237381942753046,-2.92338134421074e-05,-0.137355448362525,0.180993497307216,0,-0.388610363778934
309.242698477716,0.237156573689345,-2.00703197799706e-05,-0.136909399738066,0.1808637866531,0,-0.388577716829898
300.860213153924,0.236950223501287,-1.14406326181868e-05,-0.136543291422265,0.180736620305989,0,-0.388545757912739
298.857930174309,0.236765097711196,-3.68940741159155e-06,-0.136258410310281,0.180612505698646,0,-0.388514611338077
296.125959391894,0.236598371529131,3.29665248462761e-06,-0.136051828107441,0.180489362312113,0,-0.388483752706816
292.242273735562,0.236449937314019,9.59467561388396e-06,-0.135927000453341,0.180366894377607,0,-0.388453106920439
288.06757064273,0.236319684260991,1.52770675229381e-05,-0.135887903724573,0.180244683438707,0,-0.388422568673572
283.605072953626,0.236208650946446,2.03503486938542e-05,-0.13593864520749,0.180123404678843,0,-0.388392305959047
282.13944294779,0.236178265002284,2.17992450359538e-05,-0.135972932561565,0.180086139001269,0,-0.388383015555162
315.275016910993,0.236149638792514,2.32011551580897e-05,-0.136016286144138,0.180048865004591,0,-0.38837372707378
310.416625914393,0.236123716555685,2.45215181601184e-05,-0.136066744162748,0.18001299068255,0,-0.388364791155968
305.754490798672,0.236054332326691,2.84467182913097e-05,-0.136275472518167,0.179903387782861,0,-0.388337513116705
269.201947387664,0.235995462508543,3.25441456269297e-05,-0.136603733307349,0.1797827035967,0,-0.388307517002729
262.202668613958,0.23595599589786,3.62283555240645e-05,-0.137036690756951,0.179662722441599,0,-0.388277736937018
258.910727922154,0.235936381372817,3.93362142897205e-05,-0.137571852667354,0.179544484260231,0,-0.388248429697896
255.272465944227,0.235935895126811,4.19101069177859e-05,-0.138213593836767,0.179427255464977,0,-0.388219411974133
250.908660585648,0.235954120405519,4.40082508252889e-05,-0.138970170276453,0.179310135639778,0,-0.388190460241779
245.941536755059,0.235990536998664,4.56588637145849e-05,-0.139842502363486,0.179193594675986,0,-0.388161690233461
241.11378958071,0.236044328582414,4.68934704464696e-05,-0.140831667736541,0.179077871758101,0,-0.388133160224785
238.849380307093,0.236074540882293,4.73292603082857e-05,-0.141324779302662,0.179025102917484,0,-0.388120163306644
267.860131003906,0.236108227408238,4.76918088351644e-05,-0.141845094956388,0.178972317700546,0,-0.388107170219462
262.446696022154,0.236141883695579,4.79653789412858e-05,-0.142343547558753,0.178924186972985,0,-0.388095329685048
258.364386549925,0.23623754942235,4.84276824849296e-05,-0.143688781300062,0.17880417735063,0,-0.388065834801094
215.2618725559,0.236343510295331,4.85723585229709e-05,-0.145111286390894,0.178689808820209,0,-0.388037764024176
215.991711997582,0.236462165688225,4.84199491267675e-05,-0.14666843978857,0.178576001708549,0,-0.388009867481107
211.621115143569,0.23659140695724,4.79809233834885e-05,-0.148356509199751,0.17846321876654,0,-0.387982257772041
207.039763074354,0.236730245738552,4.72803054976311e-05,-0.150190492696981,0.178350678206945,0,-0.387954742840745
201.768023590943,0.236876233001289,4.63443151790587e-05,-0.152169390777307,0.178238702611953,0,-0.387927401105547
196.5545471272,0.237027133847726,4.51961248883966e-05,-0.154298481967595,0.178127210741014,0,-0.387900212170215
191.173467880892,0.237180504929845,4.38562572302236e-05,-0.15658439702562,0.178016082712397,0,-0.387873146338301
185.622817375706,0.237333745621189,4.23416232609938e-05,-0.159037053034802,0.17790509001007,0,-0.387846147656067
179.900410533649,0.237482761565128,4.06800471231475e-05,-0.161647438564194,0.177794840513111,0,-0.387819363518713
174.860957954517,0.237614526726213,3.90192101659802e-05,-0.164221102109234,0.177692905122598,0,-0.387794629102214
173.944732167358,0.237745965791805,3.7114829217237e-05,-0.167167037376929,0.177583273962814,0,-0.387768059308408
162.743124158556,0.237861956058368,3.51043144515832e-05,-0.170293496454482,0.177473999708487,0,-0.387741608939497
157.237884946322,0.237957092836794,3.30173531832313e-05,-0.173583880072391,0.177365769757504,0,-0.387715443691867
151.860684720672,0.238027221782681,3.08495289078702e-05,-0.177082335422243,0.177257284878604,0,-0.387689249054761
145.529988186015,0.238065832284067,2.86317940009382e-05,-0.180766068714347,0.177149428766711,0,-0.387663238178536
139.766616970328,0.238066793124776,2.63731954867025e-05,-0.184646514734654,0.177041975683323,0,-0.387637356107792
133.764133040295,0.238023186447545,2.40843106323564e-05,-0.188732074767615,0.17693481770483,0,-0.387611576481963
127.63031626527,0.237927210126852,2.17727677101256e-05,-0.193035002738664,0.176827769444588,0,-0.387585854466849
125.079532329823,0.237877806036538,2.09308535057565e-05,-0.194650720432576,0.176788964329354,0,-0.387576537901039
168.873892818542,0.23781992498108,2.0087343902878e-05,-0.19629700914609,0.176750150692175,0,-0.387567223380211
161.805360467023,0.237761706405887,1.93398726002113e-05,-0.197768594450015,0.176716049257526,0,-0.387559043071048
157.011322745438,0.237537893974434,1.6994744572482e-05,-0.202406797542611,0.176611985666691,0,-0.387534099615258
101.23543894696,0.237232754020214,1.45322552285019e-05,-0.207332548428163,0.176506639711328,0,-0.387508878650497
98.1860389082161,0.236838757186443,1.20531236869917e-05,-0.212485929471475,0.176401474337712,0,-0.387483730838121
93.375199725796,0.236342779866626,9.61573079958435e-06,-0.217892531630859,0.176296061723671,0,-0.387458553849761
87.4192988018018,0.235734351457595,7.23857924336562e-06,-0.2235335182907,0.176190846431634,0,-0.38743345383401
81.4410210720377,0.235000841186358,4.92820952120244e-06,-0.229410154787529,0.176085835666963,0,-0.387408432286401
75.242306781492,0.234129851727177,2.6922953025918e-06,-0.235516684583271,0.175981138839422,0,-0.387383515005199
68.9726193112796,0.233106178579088,5.32876208738267e-07,-0.241861652888205,0.175876601691257,0,-0.38735866502669
62.4434237494078,0.23190988522835,-1.55253772852705e-06,-0.248470360492963,0.175771815117032,0,-0.387333785086995
55.5530751471113,0.230535826616081,-3.54071731356515e-06,-0.255283742366109,0.175667676687893,0,-0.387309088082547
49.3222409563701,0.228964513218082,-5.43419210372349e-06,-0.262321013885365,0.175563807596206,0,-0.387284483743846
43.7377426276281,0.227488504585336,-6.94083030846889e-06,-0.268370018180416,0.175477207506086,0,-0.387263992002038
50.1950497202266,0.225509433052294,-8.65371413396197e-06,-0.275817535527094,0.175373629648446,0,-0.387239509060602
28.6272156733771,0.223273791338644,-1.02785917600393e-05,-0.283511339703834,0.175269772948655,0,-0.387214988776742
22.2338018244012,0.220777421634006,-1.17992896186147e-05,-0.291394121623406,0.175166295218316,0,-0.387190586367919
15.7335911242222,0.2179977895251,-1.32053772836171e-05,-0.299472683534038,0.175062954962557,0,-0.387166244623344
13.843448351597,0.217235078310937,-1.35480161550547e-05,-0.301580201046385,0.175036403709477,0,-0.38715999504104
75.5304205813848,0.21723507831088,-1.3548016154586e-05,-0.301580201046543,0.175036403709475,0,-0.38715999504104
83.1951317295238,0.214061049029273,-1.48454584625836e-05,-0.309918573682985,0.17493284442529,0,-0.387135637219042
-12.7502341691395,0.210574193520392,-1.60885420424581e-05,-0.31839004810793,0.174829816064479,0,-0.387111432293722
-7.31569435349756,0.20990236064228,-1.63088497717602e-05,-0.319951027775451,0.174811013985246,0,-0.387107018046861
63.7929191746385,0.209902360642207,-1.6308849772151e-05,-0.319951027775617,0.174811013985244,0,-0.38710701804686
68.7491256222268,0.207860960665228,-1.69412403185428e-05,-0.324568127760152,0.17475566173301,0,-0.387094028146725
15.1883687188645,0.205715755128116,-1.75548430068479e-05,-0.329228857877565,0.174700292722848,0,-0.387081042360992
16.710090382583,0.205007075015329,-1.77465475398437e-05,-0.330728704535807,0.1746825750818,0,-0.387076888711828
48.4222254277043,0.205007075015248,-1.77465475402379e-05,-0.330728704535976,0.174682575081798,0,-0.387076888711828
52.9846160531315,0.200821710035662,-1.87743590965985e-05,-0.339221938100808,0.174583072757236,0,-0.387053577090722
-39.5313678932669,0.196273943204909,-1.97225110544012e-05,-0.3478250818437,0.174483516422844,0,-0.387030278755721
-37.6883621588952,0.192386673274293,-2.04046292588118e-05,-0.354742777964336,0.174403602871639,0,-0.387011596000892
-28.0154596662059,0.184709778347867,-2.14276168944346e-05,-0.367426231200103,0.174255249707414,0,-0.386976957128931
-93.7365022391219,0.176382688018504,-2.21512274252117e-05,-0.379950978511902,0.174105664748878,0,-0.386942088669613
-95.5286461483954,0.167524849318417,-2.25497904342841e-05,-0.392111231219853,0.173956553489677,0,-0.386907388476858
-99.5717823905802,0.158124149400788,-2.2618623852863e-05,-0.403915576488695,0.173807127713233,0,-0.386872672889339
-105.381885252056,0.148300122776729,-2.23971600416484e-05,-0.415216285344559,0.173658649506448,0,-0.386838234618913
-110.617130222136,0.138073885695775,-2.1928093132007e-05,-0.426006743903729,0.173510712783861,0,-0.386803978483707
-116.503110276173,0.127466813353663,-2.12498867085629e-05,-0.436280088969064,0.173362943389132,0,-0.386769817304287
-122.459106633645,0.116979464356828,-2.0435587159995e-05,-0.445620897647683,0.173221362138661,0,-0.38673713926874
-124.46369930883,0.105687404181942,-1.94401044126087e-05,-0.454864506700259,0.173072877252957,0,-0.386702922967243
-136.647536377293,0.0940720669127287,-1.83194372937613e-05,-0.463576290332433,0.172923450534704,0,-0.386668546496824
-143.515926979715,0.0821416877529598,-1.70956177845154e-05,-0.471757862998553,0.172772569512739,0,-0.386633893196409
-150.872999794706,0.0699805324782185,-1.57997314081216e-05,-0.479362432733614,0.172620662123353,0,-0.386599062640695
-157.883588108855,0.0575968616901599,-1.44519705062219e-05,-0.486399355201753,0.172467164782655,0,-0.386563926980705
-165.264296829124,0.0450316447682749,-1.3074329007945e-05,-0.492858924977179,0.17231189750403,0,-0.386528446832841
-172.621422163901,0.0323734263553406,-1.16922719096897e-05,-0.498714628585664,0.172155233849106,0,-0.386492709273025
-179.619492241372,0.0197016202926767,-1.03285003976068e-05,-0.503956303382284,0.171997411488484,0,-0.386456769878469
-186.238474855064,0.00729938503716064,-9.02409463767008e-06,-0.508513489313074,0.171841242825122,0,-0.386421268645993
-191.053446101717,-0.0050046995556819,-7.76842753735651e-06,-0.51249714934709,0.171683862762171,0,-0.386385553849869
-197.802493643894,-0.0171258070171099,-6.57421630645653e-06,-0.515916417582686,0.171525588099745,0,-0.386349698473924
-204.175980300091,-0.029086984505292,-5.44162526832686e-06,-0.518813626598802,0.171365291175286,0,-0.38631344863609
-211.128402750898,-0.040822953114486,-4.37931321695956e-06,-0.521206912395195,0.171202925811716,0,-0.386276796183879
-217.878160630721,-0.0522398696643372,-3.39657254084444e-06,-0.523116189803767,0.171038812189336,0,-0.386239815537957
-223.556142979497,-0.0621627241872495,-2.58607791497366e-06,-0.524444668774252,0.170889918403114,0,-0.386206322129798
-220.680576312754,-0.0727665077144137,-1.76659439125621e-06,-0.525527452183876,0.170722570019504,0,-0.386168742713106
-237.186300238654,-0.082815793084988,-1.0291010574833e-06,-0.526235071461696,0.170553714938384,0,-0.386130894852148
-242.454864358672,-0.0922075397591102,-3.75050057747458e-07,-0.526616404458641,0.17038375211397,0,-0.386092869416272
-247.900713704339,-0.100968003430485,1.98114369500741e-07,-0.526726239915316,0.170210461878375,0,-0.386054172402515
-254.483181540133,-0.108954053863716,6.90770139757261e-07,-0.526617142493875,0.17003427194982,0,-0.386014903086617
-260.604055652849,-0.116048173172922,1.10719378379061e-06,-0.526348851646375,0.169854759704704,0,-0.385974971085917
-266.816384377907,-0.122112374750001,1.45279898209827e-06,-0.525985485722424,0.169671205440828,0,-0.385934220922022
-273.188294870428,-0.126955381325086,1.73266898290504e-06,-0.525596572446495,0.169483232766192,0,-0.38589257446279
-279.471266109822,-0.130326511008959,1.95130174295297e-06,-0.525256210188857,0.169291518950438,0,-0.385850187080581
-284.728046917112,-0.13190977586444,2.10528917922725e-06,-0.525043159795721,0.16911020838128,0,-0.385810181314431
-283.656110940478,-0.131821084547784,2.2128735014696e-06,-0.524972773315761,0.168936980026556,0,-0.385772032665975
-284.270744900816,-0.130110814261109,2.28827682418535e-06,-0.525039486863683,0.168769574562151,0,-0.38573523468444
-285.675409504549,-0.127014961299006,2.33897114496734e-06,-0.52520570198385,0.16861574757847,0,-0.385701480511097
-284.433734455558,-0.122144303257398,2.37683706275193e-06,-0.525446654548928,0.168456006132265,0,-0.385666488270352
-290.86742698867,-0.115601315939399,2.40173253994128e-06,-0.525684786021674,0.168298619767033,0,-0.38563207131195
-293.309084737926,-0.107368557182668,2.41519296106403e-06,-0.525821980772997,0.168143083845346,0,-0.385598116782656
-295.921218235109,-0.0974912388259903,2.41771107747299e-06,-0.525734275247134,0.167989480568301,0,-0.385564640403172
-298.386536162709,-0.0860331795659933,2.40943365038293e-06,-0.525278702933471,0.167837406578875,0,-0.385531552250098
-300.879430014014,-0.0731036428216162,2.39003513972642e-06,-0.524300316696281,0.167686461017119,0,-0.385498763549835
-303.344297367445,-0.0589242038419658,2.35905028472895e-06,-0.52265198181734,0.16753686323758,0,-0.385466320512503
-305.608764255958,-0.04378600329186,2.31608968810348e-06,-0.52021468789131,0.167388848164194,0,-0.385434272426098
-307.711977535331,-0.0278647826583597,2.26034306091334e-06,-0.516876981196542,0.167241151838304,0,-0.385402344514632
-310.066701704496,-0.0115892544948068,2.19195808385517e-06,-0.512616988249515,0.167094693052749,0,-0.38537073448187
-311.997989488586,0.00471596472891134,2.11125130072178e-06,-0.50745321188216,0.166949366008244,0,-0.385339418170919
-313.882882112083,0.020842470755535,2.01840779772716e-06,-0.501418342356523,0.16680424004115,0,-0.38530819425166
-315.899550896065,0.0364740834786298,1.91469956465563e-06,-0.494634258262422,0.166659688224786,0,-0.385277142496492
-317.670884355571,0.0513600215540703,1.80185055605023e-06,-0.487258514498897,0.166515998001176,0,-0.385246323829241
-319.254863038165,0.065397475144924,1.68118462021963e-06,-0.479420605620242,0.166372587889305,0,-0.385215612864043
-320.89410493441,0.0784760958145425,1.55452833319421e-06,-0.4712804748204,0.166229447920885,0,-0.385185007094839
-322.420783426841,0.090584857270987,1.42315508223793e-06,-0.462956508386998,0.166085959109391,0,-0.385154374113469
-323.9457042607,0.101605476814625,1.28995762933794e-06,-0.454657486037778,0.165943290976631,0,-0.385123963268142
-325.102542452719,0.111582384828338,1.15641795667139e-06,-0.446489047769554,0.165801164982074,0,-0.385093714420164
-326.240207909497,0.120583329229125,1.02366925916634e-06,-0.438528748740451,0.165659175705679,0,-0.385063540857561
-327.345887643451,0.128642727661397,8.93267173012222e-07,-0.43087420697576,0.165517628666022,0,-0.385033507130256
-328.290344508368,0.135850605506058,7.65867710617379e-07,-0.423560596932843,0.165376016331518,0,-0.385003505274238
-329.199702679563,0.142256741591197,6.42664428204781e-07,-0.416648881230997,0.165234603396713,0,-0.384973591211345
-329.980901940296,0.147973844982014,5.23445755511212e-07,-0.410117060718097,0.165092157738113,0,-0.384943504613493
-330.808795300285,0.152967474474771,4.10917933985504e-07,-0.404099811001998,0.164951149681757,0,-0.384913766963793
-331.183247980114,0.157366867967785,3.0413910620424e-07,-0.398530059081939,0.164809792681587,0,-0.384884000877647
-331.722394090912,0.161204664107053,2.03973708338141e-07,-0.393441813662354,0.164668756596959,0,-0.384854347334359
-332.061991657588,0.164543070083761,1.10305387811316e-07,-0.388820299176173,0.164527592418754,0,-0.384824711746638
-332.352084973016,0.167421391643701,2.34274097993485e-08,-0.384670185212207,0.164386469357587,0,-0.384795129591297
-332.516481253975,0.169882543653383,-5.67126925607283e-08,-0.380981361423324,0.16424514706359,0,-0.384765550473505
-332.578970879004,0.171951197572655,-1.29779913436171e-07,-0.377762227279493,0.16410418478222,0,-0.384736091280922
-332.51341115463,0.173674296396421,-1.96473659359466e-07,-0.374977967910679,0.163962190044663,0,-0.384706461238057
-332.433394941012,0.175050836167983,-2.55894655327112e-07,-0.372663330020589,0.163821280396973,0,-0.384677102101345
-332.110915884171,0.176116358158365,-3.08749586322805e-07,-0.370787283276057,0.163680224614089,0,-0.384647756809082
-331.775090669918,0.176883838895554,-3.55040667518075e-07,-0.369349706366571,0.16353951978959,0,-0.384618528594826
-331.314007713974,0.177368932198211,-3.95174848501129e-07,-0.36833947411506,0.163398654339457,0,-0.384589311014045
-330.773208249678,0.177579662794851,-4.29491229311762e-07,-0.36775234127898,0.163257022909304,0,-0.384559978856546
-330.130715757713,0.177517943321651,-4.57994012659057e-07,-0.367591824409703,0.163115434282952,0,-0.384530699876904
-329.361377947649,0.177185714264122,-4.80940704004491e-07,-0.367855608539201,0.162973857996509,0,-0.384501467664103
-328.478601375325,0.176580449891521,-4.98628316769233e-07,-0.368543838718145,0.162832108638147,0,-0.384472243924878
-327.50792694519,0.175703561113928,-5.112657896598e-07,-0.369648537263434,0.162691222790748,0,-0.384443241959654
-326.455720357699,0.174537772405606,-5.19302925197568e-07,-0.371181766325955,0.162549684738901,0,-0.384414149569214
-325.273097503217,0.173074531374282,-5.22979355098361e-07,-0.373141286063143,0.162408151369575,0,-0.384385101990269
-324.000009554849,0.171293281361287,-5.22595508137717e-07,-0.375536268052084,0.162266264014574,0,-0.384356025689971
-322.605385326166,0.169173363601019,-5.18427455261561e-07,-0.378371106153083,0.162124109280602,0,-0.384326938620864
-321.103896291012,0.166685096261666,-5.1074527913696e-07,-0.38165649724954,0.161981477460299,0,-0.384297798135284
-319.475142703123,0.163791435951697,-4.99799481961815e-07,-0.385405933373259,0.161838139158791,0,-0.384268557832663
-317.70560208507,0.160480301128084,-4.85969169033647e-07,-0.389593749648362,0.161695196183764,0,-0.384239442536273
-315.908902395534,0.156635620231742,-4.69233921261665e-07,-0.394315462090222,0.161549730092723,0,-0.384209858712586
-313.74322028102,0.152320046905156,-4.50351079626143e-07,-0.399436816098392,0.1614059176445,0,-0.384180656120348
-311.876271032328,0.147447457675824,-4.29458258333962e-07,-0.404999202316327,0.161262180301054,0,-0.384151513327242
-309.734154747379,0.141942918319749,-4.06747150950941e-07,-0.411015318590292,0.161117933132552,0,-0.384122311855432
-307.426653263607,0.135783356969454,-3.82615941999405e-07,-0.417429812642128,0.160974066850532,0,-0.38409323199601
-305.122229920857,0.128866358586775,-3.57167595562245e-07,-0.424259296005291,0.160829608709403,0,-0.384064077139638
-302.568122656761,0.121111435976708,-3.3061456597315e-07,-0.431479251761356,0.16068437030624,0,-0.384034809814133
-300.329613884958,0.114662532260293,-3.10003420528436e-07,-0.43715586889046,0.160574294621073,0,-0.384012658217287
-303.714663114559,0.107690360385223,-2.89097506991817e-07,-0.442980546496965,0.160464165919062,0,-0.383990521804091
-300.879615911255,0.0977346964984389,-2.61133457561632e-07,-0.450772690794484,0.160319902535378,0,-0.383961563212677
-292.325063117458,0.086615496052495,-2.31979482342614e-07,-0.458799846956203,0.16017313886368,0,-0.383932148109711
-289.329770892569,0.0745239124313347,-2.02896969866576e-07,-0.466784582859812,0.160026896501197,0,-0.383902882931567
-286.489611461149,0.0613637447200832,-1.74309078731407e-07,-0.474663043501316,0.159879913609478,0,-0.383873515181456
-283.17890359321,0.0471384064981458,-1.46452848218423e-07,-0.482299773302493,0.159731896225633,0,-0.383843986865174
-279.658510627791,0.0319849226280157,-1.19684361831346e-07,-0.489502243791605,0.15958343558423,0,-0.383814416532657
-276.124096439349,0.0160425391765347,-9.42290340261417e-08,-0.496110587723756,0.159434519893789,0,-0.38378480216752
-272.428527804252,-0.00053037707269038,-7.0237769902614e-08,-0.501990267782859,0.15928479387028,0,-0.383755073620536
-268.492517667478,-0.0176117328989274,-4.77406028821326e-08,-0.50704978994916,0.159133105615945,0,-0.383725003397638
-264.160284661682,-0.0345963267016321,-2.72738180472019e-08,-0.511118032822585,0.158982137771967,0,-0.383695123793702
-260.3602124964,-0.0513809515842775,-8.64063480448871e-09,-0.514228416016114,0.158829841230244,0,-0.383665029444241
-255.854725802054,-0.0675286822592258,8.021795196066e-09,-0.516388886926543,0.158677090669044,0,-0.383634893943223
-251.450337853249,-0.0827960341390152,2.28308665254906e-08,-0.517693515065749,0.158523138049121,0,-0.383604570409401
-246.673349842039,-0.0968663542833237,3.58244506004195e-08,-0.518265210918692,0.158368311819676,0,-0.383574124435442
-241.83381991809,-0.109549852281537,4.71475809663565e-08,-0.518261138770173,0.158212206646741,0,-0.383543477253727
-236.683928811493,-0.120695449376962,5.69403106214241e-08,-0.517846189187204,0.158054611102178,0,-0.38351258859887
-231.264599715738,-0.130267766191263,6.53947712668988e-08,-0.517174968800979,0.157894248147798,0,-0.383481210153895
-225.299403941474,-0.138037310553562,7.24829256751396e-08,-0.516406268422179,0.15773444175859,0,-0.383449993309701
-220.262434834732,-0.144140408062271,7.84456070092256e-08,-0.515648754510991,0.157573220349704,0,-0.383418553251657
-214.300887937056,-0.148625536027358,8.3413280656334e-08,-0.514987787008811,0.157410358402525,0,-0.383386847410917
-208.093903733179,-0.15154856345298,8.74871888362052e-08,-0.514481712754293,0.157246193388331,0,-0.383354942848174
-201.787182051576,-0.152996998152003,9.07744648197298e-08,-0.514158790951707,0.157079692294953,0,-0.38332264052598
-194.868068745155,-0.15303596736306,9.33253803498584e-08,-0.514029376493848,0.156911579057161,0,-0.383290082785252
-188.891579735499,-0.152036506483947,9.49410888071415e-08,-0.514062479414734,0.156768836925398,0,-0.383262483699947
-192.355481960033,-0.149628482813549,9.63028746040578e-08,-0.514253533697104,0.15659410726164,0,-0.383228756175556
-171.923066243513,-0.145952019415124,9.70670663686272e-08,-0.514574971708819,0.156416345252483,0,-0.383194506822163
-164.352043066406,-0.141073257573303,9.72428027831424e-08,-0.514976613141292,0.156236151173494,0,-0.383159854101103
-156.142825634809,-0.134972307885796,9.68213438333906e-08,-0.515404042471387,0.156051414561282,0,-0.383124395829247
-146.471904112762,-0.127648037688896,9.58132079887472e-08,-0.515788158590823,0.155861660455685,0,-0.383088046030038
-138.208058909953,-0.121623842929185,9.47347072164512e-08,-0.515992024475133,0.155721919740931,0,-0.38306132317776
-155.053648763109,-0.115100164130622,9.341162769773e-08,-0.516095464809753,0.155582099482861,0,-0.383034624301928
-144.766104715912,-0.105245115886786,9.11431091146457e-08,-0.516016058968441,0.155387283382148,0,-0.382997489124564
-109.526723317835,-0.0947474618384255,8.83955737614792e-08,-0.515615126914418,0.155195512646117,0,-0.382961008467233
-104.22318456623,-0.0836634279963129,8.53030945837599e-08,-0.514833718546328,0.155005870407301,0,-0.38292500476875
-96.839982536188,-0.0720583830015396,8.20121996646024e-08,-0.513616827202523,0.154817914572993,0,-0.38288939177159
-88.8162853314694,-0.0600525738076379,7.85851710272249e-08,-0.511922194384731,0.154632185996788,0,-0.382854269606866
-80.8883454808598,-0.0477298306105315,7.5058945619755e-08,-0.509713540490355,0.154448671895855,0,-0.382819633253043
-74.2195955200488,-0.0373650000573921,7.20897620910148e-08,-0.507479967205403,0.154298694388799,0,-0.382791375961474
-83.2387224779027,-0.0246534134503947,6.84408126755826e-08,-0.504259951939619,0.154119012368122,0,-0.382757580401334
-55.8926819591685,-0.0118512991758837,6.46944324860419e-08,-0.500465272869795,0.153941657565121,0,-0.382724284823944
-48.8517291062136,0.000963919095065458,6.08836324545463e-08,-0.496091407156867,0.153766712007429,0,-0.382691502023027
-41.0155986017134,0.0137729951129466,5.70891787934881e-08,-0.49111968848423,0.153593522209674,0,-0.382659107272158
-32.5928609490525,0.0264889347164695,5.3342073048761e-08,-0.485561063107931,0.153422396630996,0,-0.382627156207261
-24.2946360173384,0.0390593955769906,4.96601323926801e-08,-0.479420974057047,0.15325321326211,0,-0.382595623923622
-15.8668759906635,0.0514247265242779,4.60612139013386e-08,-0.472714975369656,0.153085991718062,0,-0.382564512035328
-14.000715019207,0.0541327760634933,4.52767618833969e-08,-0.471153585022181,0.15304918442536,0,-0.38255767126656
-94.9031034318763,0.0541327760636556,4.52767633502111e-08,-0.471153585022087,0.153049184425358,0,-0.38255767126656
-100.417858864393,0.0662086073164544,4.15608220643781e-08,-0.463760572752254,0.152883855176474,0,-0.382526976658323
18.7756118960607,0.07786130087501,3.7530941562723e-08,-0.45591798300324,0.152721847699556,0,-0.38249695015318
17.8579891121625,0.0889533041429146,3.34436047694452e-08,-0.447726964086556,0.152561871959097,0,-0.382467350032617
20.6781008644192,0.098149272270218,3.00263317026328e-08,-0.440329584370531,0.15242188484791,0,-0.382441488926607
12.1755236090525,0.106988100624574,2.67310898343248e-08,-0.43264786555597,0.1522799103508,0,-0.38241529925654
14.5947673557791,0.109174443441691,2.59140615846765e-08,-0.430654803630759,0.152243532847765,0,-0.382408595037891
-51.4490974463298,0.109174443441823,2.59140618496493e-08,-0.430654803630635,0.152243532847762,0,-0.382408595037891
-63.1964867718649,0.112865393751975,2.45092396684347e-08,-0.427205189516302,0.152181320385948,0,-0.382397135445501
-15.7166716425156,0.116513391828391,2.30722089116515e-08,-0.423689135204198,0.152119092948784,0,-0.382385680537455
-15.157765785245,0.118475542730103,2.22812436815159e-08,-0.421752548369822,0.152085296932553,0,-0.38237946243983
-32.6894511966263,0.118475542730231,2.22812442085209e-08,-0.421752548369695,0.152085296932551,0,-0.382379462439829
-46.6906572128971,0.123839822934585,2.00662395927891e-08,-0.416288998529354,0.151991641928373,0,-0.382362242400029
20.7825195126754,0.129091984548338,1.77994544890079e-08,-0.410684808558469,0.151897953074207,0,-0.382345032969611
23.8738054095738,0.136896993271085,1.42804295550066e-08,-0.401827944077577,0.151752192224395,0,-0.38231829201745
62.0896887187049,0.14392592020244,1.09949882961549e-08,-0.393232888356635,0.151611361991303,0,-0.382292494226671
60.0119765825553,0.150514368666527,7.87267684748702e-09,-0.384570537280382,0.151469463514828,0,-0.382266539058458
64.7737876919383,0.156719841520952,4.95214149310109e-09,-0.37579994853569,0.151325269897002,0,-0.382240203403087
70.8100079622099,0.162508117843182,2.24740499149726e-09,-0.367001911094036,0.151179563351953,0,-0.382213631625918
76.5442455216442,0.167882749319644,-2.3724008217244e-10,-0.358213307691792,0.151032421031215,0,-0.382186838954812
82.3910673440291,0.17285339213528,-2.50133349381189e-09,-0.349464437851228,0.150883830966093,0,-0.38215982434969
88.339604824202,0.177444205850118,-4.55116298464963e-09,-0.340759448856159,0.150733348485215,0,-0.382132508307877
94.5323241619978,0.181637994155735,-6.37306546172623e-09,-0.33218467238463,0.150581984846646,0,-0.38210507550519
100.080741589432,0.185448117881614,-7.96752096025815e-09,-0.323777805006034,0.150429991116667,0,-0.382077572017853
105.528014073211,0.188910292663089,-9.34896477810357e-09,-0.31552516579037,0.150276724742844,0,-0.382049882318888
111.283096967557,0.192021573948611,-1.05184709764315e-08,-0.307503711041715,0.150123274352338,0,-0.382022203636793
116.386010141935,0.194826379774708,-1.14960562046894e-08,-0.299671422649739,0.149968530873795,0,-0.381994336485585
122.031957790473,0.197321232346974,-1.22853010327667e-08,-0.29211411751423,0.149813941660073,0,-0.381966541930295
126.782846747327,0.199536833971599,-1.29027778724461e-08,-0.284823391078586,0.14965918816117,0,-0.381938762623306
131.692308174085,0.201498446542877,-1.33630401807901e-08,-0.277798806679183,0.1495041340301,0,-0.38191097421349
136.584879487276,0.203228105535747,-1.36791314899853e-08,-0.271044149606761,0.149348769864672,0,-0.381883175203067
141.394842897334,0.204747125658439,-1.38632103123956e-08,-0.26455985408299,0.149193050297582,0,-0.381855357685499
146.117465464856,0.206072163733417,-1.39280497642663e-08,-0.258361335750995,0.149037352174552,0,-0.381827589046929
150.521717736929,0.207217113696071,-1.38871945874182e-08,-0.252477139240265,0.148882522250496,0,-0.381800019842993
154.472562473202,0.208209212809925,-1.37531904381356e-08,-0.24685943950703,0.148727453741368,0,-0.381772452649882
158.876904070159,0.20906217180583,-1.35377073046142e-08,-0.241518818306471,0.148572578264889,0,-0.381744964141627
162.964658165026,0.209794808427435,-1.32499527737743e-08,-0.236425261360718,0.148417178501097,0,-0.381717427068925
167.255841177855,0.210417362520458,-1.29006110311538e-08,-0.231596429580374,0.148261978937425,0,-0.381689969875296
171.10467031822,0.210945473704766,-1.24965847543476e-08,-0.227001131765386,0.148106189587787,0,-0.381662452891222
175.164296204121,0.211385758639638,-1.20503978169476e-08,-0.222676763728356,0.147951381295574,0,-0.381635153331068
178.473150894094,0.211753663309345,-1.15651086425003e-08,-0.218567955096155,0.147795897166974,0,-0.381607778805235
182.412088737399,0.212057748208008,-1.10471431118843e-08,-0.214668715161186,0.147639722052322,0,-0.38158032715512
186.179592038865,0.212305267651871,-1.05037787813771e-08,-0.21098119292106,0.147483208293026,0,-0.381552860678427
189.67479313524,0.212503538075802,-9.94108610217432e-09,-0.207498512853125,0.147326388924621,0,-0.381525385372523
193.059251173161,0.212659528716741,-9.36288725735043e-09,-0.204203960622253,0.147168824442412,0,-0.381497824608942
196.475443112844,0.2127784746201,-8.77599446842554e-09,-0.201101074122686,0.147011026168646,0,-0.381470268170462
199.575299462788,0.212865883819247,-8.18311814263014e-09,-0.198172143101725,0.146852456541581,0,-0.381442622537418
202.715116165297,0.212925548182789,-7.59625670864697e-09,-0.19544305656142,0.146695026553974,0,-0.381415220644554
205.206508971133,0.21296300060055,-6.99945355365894e-09,-0.192816878185739,0.146533350656937,0,-0.381387126359714
209.293076962318,0.212980133758017,-6.41207072842213e-09,-0.190361495237685,0.14637172561946,0,-0.381359088070875
211.737875291666,0.212980167944467,-5.83261503070804e-09,-0.188048276368878,0.146208699797466,0,-0.381330854460309
214.580121991142,0.21296557726564,-5.26584206531626e-09,-0.185876334113914,0.146044544049087,0,-0.381302473466907
217.195123749488,0.212938432320947,-4.71212277046491e-09,-0.183831688090457,0.145878512204378,0,-0.381273817331979
219.872532088348,0.212900588067695,-4.17555998465764e-09,-0.181914812443537,0.145710934258706,0,-0.381244944451704
222.282307582952,0.212853489520133,-3.65795827884805e-09,-0.180117208781012,0.145541376505347,0,-0.381215781599416
224.686582593787,0.212797944583689,-3.15866562884985e-09,-0.178422679231684,0.145368443462828,0,-0.38118609110957
227.217663080264,0.212735644112977,-2.68603790433963e-09,-0.176848413368172,0.145194120354233,0,-0.381156215921791
229.062836624873,0.212667212721294,-2.24020718985984e-09,-0.17538363348325,0.145017628808887,0,-0.381126024200238
230.977767265018,0.212592651597704,-1.81922899135899e-09,-0.174013126794755,0.144837273899288,0,-0.381095228744521
233.031089644447,0.212513055545642,-1.42797034668151e-09,-0.172745886070057,0.144654359833216,0,-0.381064055214601
234.567834941391,0.212428555560951,-1.06675847969179e-09,-0.171575770950217,0.144468255162544,0,-0.381032398678139
236.037014761469,0.212338664598283,-7.34482027505688e-10,-0.170492827590449,0.144277344812222,0,-0.380999988247158
237.502927441381,0.212245442608559,-4.39131102485703e-10,-0.169516951463868,0.144085480828377,0,-0.380967480640369
238.135587726175,0.212145110485878,-1.70283754673467e-10,-0.168609443961144,0.143884793730831,0,-0.380933547415134
239.736186509299,0.212038934202139,6.64176693941339e-11,-0.167787476350081,0.143677868569181,0,-0.380898633452776
240.453036805825,0.211926650018743,2.70019086928641e-10,-0.167053127499182,0.1434644246643,0,-0.380862698180601
240.842652900698,0.211806964745573,4.40581347652996e-10,-0.166404648945715,0.143242605109424,0,-0.380825437162163
240.989878340848,0.211679451313349,5.77519823015001e-10,-0.165847064538583,0.143012040322345,0,-0.380786798070075
240.625556592736,0.211546012065658,6.79107806606965e-10,-0.165392829552862,0.142776400089593,0,-0.380747403970334
239.509528881411,0.211398144876748,7.5148258030078e-10,-0.165025482309218,0.142521090362324,0,-0.380704830307713
238.692856888932,0.211242442207398,7.92496165871365e-10,-0.164775814202437,0.142257533949611,0,-0.380660999844023
236.229896680063,0.211083618610389,8.06613328803312e-10,-0.164652352788477,0.14199327304882,0,-0.380617172624973
233.056732485147,0.210922655305456,8.00927733387445e-10,-0.164652349484078,0.141729012330422,0,-0.380573465680089
229.664045691712,0.210760867994654,7.82315744872933e-10,-0.164773668365518,0.141465026064569,0,-0.380529923866324
226.019301616618,0.210597930114861,7.56278753270405e-10,-0.165018576614214,0.141198882100345,0,-0.380486146989432
222.024314992557,0.210435588457127,7.26825519023045e-10,-0.165389474842565,0.140932051216648,0,-0.380442378590812
217.710757495529,0.210274854657285,6.9639261690885e-10,-0.165888936522844,0.140665559781422,0,-0.38039878694242
213.125601311353,0.210115489489284,6.66045442947577e-10,-0.166523026731489,0.140399075612648,0,-0.380355317152128
208.287612297253,0.209961023797122,6.36683950265383e-10,-0.167278302961085,0.140139199249059,0,-0.380313041163412
203.864234872595,0.209810740737433,6.08352364869388e-10,-0.168152938053186,0.139885904901793,0,-0.380271945785856
199.504204150436,0.209666000617033,5.81395656097799e-10,-0.169129392446843,0.139642925223581,0,-0.380232625567988
195.692619239036,0.209524654375748,5.55469439285961e-10,-0.170209548089905,0.139408241605717,0,-0.380194742153761
192.708627409957,0.209431678979045,5.38679910920353e-10,-0.170985890314353,0.139256201271723,0,-0.380170248651388
201.242981454687,0.209337077855298,5.21767446302483e-10,-0.171826298948473,0.139104086225678,0,-0.380145781883071
196.573682850061,0.209195540974168,4.95923832762878e-10,-0.173168631825105,0.13888287503237,0,-0.380110270510755
180.668559872995,0.20905418816272,4.69378051778609e-10,-0.174593465917948,0.138671426145879,0,-0.380076402684998
178.243801685052,0.208908496268256,4.42922948500797e-10,-0.176129341126273,0.138464773539183,0,-0.380043375076457
174.353421170289,0.20875732221704,4.17709347043364e-10,-0.177772124424096,0.138263350201368,0,-0.380011251575109
170.489963013805,0.208598778370712,3.93760900986742e-10,-0.179522952384691,0.138066826968742,0,-0.379979974466729
167.605603309882,0.208481734287331,3.77613700839552e-10,-0.180820184425475,0.137931334704221,0,-0.379958447847548
177.673043258181,0.208357188031532,3.61670599584398e-10,-0.182195327635307,0.137795784170416,0,-0.379936942368489
172.064797599412,0.208166528270226,3.3890115296982e-10,-0.184272288017894,0.137604660981157,0,-0.37990667171057
153.529098354523,0.207961322126716,3.16116124919624e-10,-0.186451745449958,0.137419107214571,0,-0.379877340804708
150.817411359448,0.207737134202785,2.93804673993524e-10,-0.188756841401503,0.137236942617525,0,-0.379848600786566
146.762337322012,0.207490629952996,2.72491116333768e-10,-0.191195349398048,0.137057607612294,0,-0.379820360478913
142.376836835563,0.207217575764706,2.52067883048486e-10,-0.193778132450995,0.136880451947107,0,-0.379792515179647
137.725120747011,0.206914535613149,2.32486330134028e-10,-0.196504923020594,0.136705655192671,0,-0.379765091051257
133.064384724071,0.206577176323895,2.13658233559811e-10,-0.199380800081278,0.136533020980712,0,-0.379738055261696
128.334194238299,0.206203567811533,1.95738945130941e-10,-0.202388980694439,0.136363571033908,0,-0.379711565483651
123.864341775533,0.205784001040805,1.78451216687961e-10,-0.205571924090569,0.136195020077579,0,-0.379685262688259
118.587127687254,0.205314543345887,1.61824639821314e-10,-0.208920507143166,0.136028072796381,0,-0.379659255741586
113.55169372716,0.204790956479188,1.4586503861204e-10,-0.212427388412152,0.135863183810436,0,-0.379633613903619
108.619763043319,0.20420528252403,1.30488145095774e-10,-0.216107625884986,0.135699721922741,0,-0.37960823754742
103.398128112857,0.203549216292968,1.15638086495727e-10,-0.219972608097994,0.135537316221257,0,-0.379583068037567
98.0180582133692,0.202818404111679,1.01364599715768e-10,-0.224007589312181,0.135376666336144,0,-0.379558212630849
92.8348867685368,0.202000326175486,8.7586974514829e-11,-0.228240126813129,0.135216754909656,0,-0.379533512887838
87.2607370343479,0.201098036381465,7.45609353917186e-11,-0.232615743595431,0.135059612934816,0,-0.379509281100934
82.4074326828676,0.200084410617943,6.2038386722141e-11,-0.23722392874436,0.134902062712372,0,-0.379485026297002
76.1836575361432,0.198957022472992,5.01326228935377e-11,-0.242028527836354,0.134745480923217,0,-0.379460960146077
70.5646289579969,0.197711046890782,3.88919203266999e-11,-0.247008433453248,0.134590523581774,0,-0.379437182441934
65.1440399225682,0.196330607731558,2.82723274840868e-11,-0.252185429062705,0.134436460725992,0,-0.379413580178251
59.3301935660949,0.194801997577211,1.82703720833498e-11,-0.257566391543494,0.134283072602713,0,-0.379390119054153
53.3763495428318,0.193112262177632,8.89998023452597e-12,-0.263151496661603,0.134130327794223,0,-0.379366793726341
47.3821784764935,0.191256564107028,2.23417524618884e-13,-0.268913622878892,0.133978876169051,0,-0.379343702675269
41.6197579607778,0.189215971477292,-7.73926332648743e-12,-0.274869102657047,0.133828164848929,0,-0.379320760817802
35.5025461318795,0.186961407501947,-1.49684355987495e-11,-0.281054792399922,0.133677197604263,0,-0.379297816279546
28.903205563642,0.184502698564092,-2.13614722593205e-11,-0.287398364904629,0.133527612205781,0,-0.379275117521588
23.0569718523325,0.181811792205306,-2.6933188802013e-11,-0.293929894058397,0.13337850672052,0,-0.379252526967028
16.6524548214537,0.178867276319623,-3.1664808194559e-11,-0.300654830395499,0.133229594196821,0,-0.379230000854277
13.4019732859039,0.177474654700266,-3.34860950384462e-11,-0.303699467882235,0.133163564105047,0,-0.379220023678394
54.049526768337,0.177474654700214,-3.34862160316784e-11,-0.303699467882343,0.133163564105045,0,-0.379220023678394
76.3570688977796,0.174147731063881,-3.71009704891528e-11,-0.310658331167192,0.133015566299775,0,-0.379197686219776
-9.34465639170104,0.17053420263878,-4.0123268006416e-11,-0.317769019588016,0.132868100407907,0,-0.379175463497499
-7.3977402879902,0.168546490355827,-4.12704314149137e-11,-0.32150844258458,0.132791363661898,0,-0.379163913061286
27.4336584963914,0.166505078774876,-4.18917429742364e-11,-0.325238810962744,0.132714609483636,0,-0.379152369298606
21.2665787411473,0.164210437701509,-4.21602925903806e-11,-0.329302697192305,0.132631360485239,0,-0.379139859225204
10.6787123244649,0.159866352553184,-4.1968997853789e-11,-0.336642701111115,0.132483255276952,0,-0.379117630014883
-27.2263754761416,0.156952655639523,-4.13341447438299e-11,-0.341331435969706,0.132389838074056,0,-0.379103626724253
0.216459416396734,0.15393599134905,-4.00635729159719e-11,-0.346012609896779,0.132296395174502,0,-0.379089633312529
-4.53687999254776,0.151346056979758,-3.84632964696128e-11,-0.349902477746384,0.132218299924135,0,-0.379077948793142
-0.0425441851998514,0.148686019116075,-3.64257672130895e-11,-0.353779825652822,0.132140186757352,0,-0.379066271174015
-4.50001961123924,0.145798173640772,-3.3800132902445e-11,-0.357861972941193,0.13205759516838,0,-0.379053934462408
-10.7923782263064,0.142663210151713,-3.05011692811378e-11,-0.362152437119541,0.131970319746282,0,-0.379040909750376
-16.2905728550781,0.139799102552267,-2.70593058482935e-11,-0.365953028718688,0.131892295703418,0,-0.379029275790478
-11.13503402495,0.139799102552177,-2.70598534677374e-11,-0.365953028718802,0.131892295703415,0,-0.379029275790478
24.952000855654,0.137177538311842,-2.35473140373916e-11,-0.369338173602318,0.131822052596136,0,-0.379018810179812
-15.1961228361228,0.137177538311753,-2.35470241044597e-11,-0.369338173602432,0.131822052596134,0,-0.379018810179811
19.1910661140875,0.134517478612684,-1.96443519390145e-11,-0.372686210751204,0.131751795071446,0,-0.37900835014497
-22.3417954624945,0.131797844569865,-1.54013264721886e-11,-0.37601986799311,0.131681523137034,0,-0.378997895687096
-25.5446650281259,0.126204133782134,-5.86219179988948e-12,-0.382612505854444,0.131540936069783,0,-0.378977003506829
-66.309140187351,0.119150302527377,7.84520846951216e-12,-0.390470206476629,0.131368182345295,0,-0.378951373393243
-82.957406902407,0.111868153609344,2.33273751159244e-11,-0.398095938071799,0.131194236940783,0,-0.378925613480463
-84.6754029263524,0.104415042811988,3.97052044154426e-11,-0.405431932412349,0.131020006368258,0,-0.378899858543829
-87.7948553312702,0.0966282467988837,5.68463756654693e-11,-0.412630432112473,0.130841289044157,0,-0.378873489382897
-93.477299801278,0.088629768209938,7.41686383841369e-11,-0.419567362888761,0.130660480233346,0,-0.378846862061658
-98.0795224150094,0.0804296246309487,9.13569260746736e-11,-0.426233349892387,0.130477308663907,0,-0.378819938425084
-102.941724056647,0.072071449778364,1.08040067335705e-10,-0.432595098816303,0.130292221459032,0,-0.378792785930391
-107.617037102693,0.0635867455249607,1.23918375713651e-10,-0.438635050519262,0.130105357518803,0,-0.378765426454136
-112.254649596659,0.0549729931567883,1.38779542866166e-10,-0.444361739412999,0.129916088298098,0,-0.378737769692725
-117.010174358915,0.0464080880490257,1.52139399760297e-10,-0.449673631780063,0.129727739711401,0,-0.378710302199723
-120.426550805651,0.0377028168317542,1.64159506159771e-10,-0.454701829105678,0.12953556368092,0,-0.378682332731003
-125.743234672753,0.0290141004667537,1.7452325438629e-10,-0.459365395681918,0.129342422069876,0,-0.378654279824522
-129.63179447207,0.0204146655287527,1.83117619980619e-10,-0.46364674895523,0.129149374414112,0,-0.378626297666079
-133.10938880247,0.0118789706800489,1.89964974590726e-10,-0.467580118365242,0.128955313405365,0,-0.378598226066364
-136.911331942705,0.00349650494463608,1.95039945616184e-10,-0.471147085922106,0.128761768828776,0,-0.378570286441069
-140.029327925841,-0.0047165960151894,1.98413369856984e-10,-0.474366670251042,0.128568674572582,0,-0.378542468725033
-143.0557857968,-0.0126592573602079,2.00144942035054e-10,-0.477228285249402,0.128378068142528,0,-0.378515065064511
-145.39883531796,-0.0204853999908288,2.00371844727534e-10,-0.479811625662863,0.128185893101897,0,-0.378487491769116
-148.986521047215,-0.0280836716920287,1.99193987353845e-10,-0.482100263474122,0.127994495932013,0,-0.378460085768019
-151.570458881075,-0.0354222550076349,1.96746171908292e-10,-0.484109138612123,0.127804438866194,0,-0.37843292655782
-153.920237066914,-0.0425139898069721,1.93150316450842e-10,-0.485865038577685,0.127615197026918,0,-0.37840593811594
-156.340115244819,-0.0493535669829509,1.8852980052231e-10,-0.487388049255854,0.127426730320916,0,-0.378379113957392
-158.622293118015,-0.0558925281332545,1.83045498335892e-10,-0.488689155795743,0.127240291482106,0,-0.378352631105966
-160.106486289359,-0.0615683597768418,1.77418349812741e-10,-0.489696555835622,0.127072817484071,0,-0.378328886738685
-157.819232924732,-0.0676198169323269,1.70515089468729e-10,-0.490646433458877,0.126887676489792,0,-0.378302686615557
-164.938093952644,-0.0733884618101903,1.63009616393473e-10,-0.491433385830881,0.126703956167014,0,-0.378276738390568
-166.301423084983,-0.0788950218972122,1.54975959443902e-10,-0.492076522752455,0.126521034612636,0,-0.378250953232822
-167.925151278885,-0.084132639876051,1.46556813165049e-10,-0.492589435144456,0.126339210910738,0,-0.37822537244847
-169.411103572179,-0.089118076468352,1.37811672005376e-10,-0.492987626480493,0.126157965813883,0,-0.378199922226756
-170.921069926428,-0.0938657308974249,1.28796653580982e-10,-0.493284489358429,0.125976795338508,0,-0.378174531460995
-172.388639812887,-0.09834148640515,1.19652986461919e-10,-0.493489942499167,0.125797112928274,0,-0.378149397540383
-173.446323737201,-0.102546405099409,1.10451788936152e-10,-0.493616168503847,0.125619142951181,0,-0.378124550496072
-174.41567474084,-0.106536336564869,1.01137468848786e-10,-0.49367497923886,0.125440657500943,0,-0.378099678736311
-175.67766538891,-0.110315857255726,9.17451588559592e-11,-0.493674669230449,0.125261400422459,0,-0.378074747009782
-176.78369306016,-0.113846297069864,8.243080692227e-11,-0.493623707229063,0.125083322689169,0,-0.378050026435251
-177.454957404791,-0.11715582328789,7.31831279133921e-11,-0.493529871141051,0.12490521305714,0,-0.37802534834685
-178.209370684221,-0.120235030289592,6.40854276889263e-11,-0.49340077229191,0.124727756128571,0,-0.378000807288717
-178.735136991974,-0.123085148469672,5.51842395641556e-11,-0.493243441031209,0.124551173857052,0,-0.377976433289981
-179.136458215024,-0.125722690937508,4.64747384160533e-11,-0.49306327724317,0.124374699498925,0,-0.377952120066479
-179.524261117039,-0.128160641152141,3.79450669737436e-11,-0.49286474390179,0.124197557788792,0,-0.377927760962067
-179.850555827043,-0.130386088260116,2.96766685057057e-11,-0.492653873396692,0.124020827362471,0,-0.377903504337557
-179.92718222593,-0.132399326656609,2.17127315234794e-11,-0.492435523366876,0.123844826762276,0,-0.377879393405955
-179.877462293753,-0.134215483323478,1.40305856335651e-11,-0.492212296968257,0.123668483595107,0,-0.377855281042846
-179.800397329076,-0.135833431331621,6.66127086847739e-12,-0.491987952917326,0.123492030194106,0,-0.377831199128562
-179.570047212595,-0.137255713296254,-3.83253281250435e-13,-0.491765390600028,0.123315324479184,0,-0.377807128349563
-179.218086102539,-0.13847809759662,-7.05594947905233e-12,-0.491548272514029,0.123139151749932,0,-0.377783175507857
-178.702872073063,-0.139503734985046,-1.33491189573085e-11,-0.491338833245074,0.122963506767729,0,-0.377759339420382
-178.085267979982,-0.140339968215245,-1.92926676184943e-11,-0.491137710750458,0.122787309905433,0,-0.377735473522585
-177.383434369566,-0.140984646477529,-2.48656415320908e-11,-0.490946949840252,0.1226109249289,0,-0.377711627308996
-176.535417025733,-0.141438051770485,-3.00683799517853e-11,-0.490767616729619,0.122434142100488,0,-0.377687772587553
-175.560697482742,-0.141699066453609,-3.48929343363356e-11,-0.490600664804832,0.122256924081253,0,-0.377663904578032
-174.452683731893,-0.141766255632177,-3.93109249527311e-11,-0.490447575647499,0.122080260926382,0,-0.377640156514867
-173.223547205747,-0.141639306052647,-4.33507380745611e-11,-0.490307465518104,0.12190285311469,0,-0.377616353720041
-171.85678169387,-0.141317718970141,-4.69891065267351e-11,-0.490181155312548,0.121725864233388,0,-0.377592652375319
-170.382469348083,-0.140796248073405,-5.0255234116565e-11,-0.49006709942176,0.121547702153098,0,-0.377568839499445
-168.730286550961,-0.140075179654955,-5.31266493510336e-11,-0.489965330989553,0.121369582524172,0,-0.377545077946645
-166.98874681687,-0.13915446905112,-5.56032618958967e-11,-0.489874708933063,0.12119175870389,0,-0.377521401323567
-165.133935669082,-0.138025974436563,-5.77026114223058e-11,-0.489793077264958,0.121013172427654,0,-0.377497668843164
-163.091036642887,-0.136692938727729,-5.94179740949371e-11,-0.489718836712089,0.120834806848653,0,-0.37747401130353
-160.974137851931,-0.135138882385654,-6.07639142695912e-11,-0.489648819924204,0.120655030997627,0,-0.37745021277579
-158.600109778294,-0.133377749233384,-6.1731817176706e-11,-0.489580828724984,0.120475885539518,0,-0.37742654363845
-156.259882138407,-0.131395651232979,-6.2329366770965e-11,-0.489510890152309,0.120296187660764,0,-0.377402847522942
-153.681136176983,-0.129197220020041,-6.25567127368445e-11,-0.489435240997514,0.120116640410557,0,-0.377379217230097
-151.036331992035,-0.126762545186495,-6.24179162300021e-11,-0.489348676803699,0.11993595830228,0,-0.377355483892506
-148.104594055843,-0.12409615437764,-6.19137360981559e-11,-0.48924620108631,0.119754860821011,0,-0.377331742551694
-145.122915635664,-0.121201584201049,-6.10518314206949e-11,-0.489122216452337,0.119573784776998,0,-0.377308050561206
-142.059166229993,-0.118073452081803,-5.98306312657754e-11,-0.488970171876384,0.119392533735349,0,-0.377284382215861
-138.825217589494,-0.114700313093175,-5.82534049003957e-11,-0.488782437914239,0.119210633483926,0,-0.377260675846318
-136.014125079466,-0.112053652685745,-5.68619730628871e-11,-0.488616431827981,0.119076080174558,0,-0.377243170122693
-140.980058406662,-0.109276736017977,-5.52822185296741e-11,-0.488423578580149,0.118941482235643,0,-0.377225684172254
-137.293524984724,-0.105365477949311,-5.28492256627675e-11,-0.488117878871538,0.118761697111633,0,-0.377202367708089
-125.855829220329,-0.101136318087575,-4.9951866448179e-11,-0.487740682334853,0.118578253418443,0,-0.377178623700107
-121.934806304607,-0.0966466341715925,-4.66522876428634e-11,-0.487285751709709,0.118394021562289,0,-0.377154825329851
-118.018567353751,-0.0919016224095933,-4.30047037539107e-11,-0.486742487608741,0.118209295656873,0,-0.377131011023383
-113.886207978067,-0.086905453398605,-3.90184947115903e-11,-0.486099406977158,0.118024241816598,0,-0.377107202450689
-109.565247349738,-0.0816180892140174,-3.46591212767985e-11,-0.485337713014103,0.117837441328716,0,-0.377083217827844
-105.747178198667,-0.0776686841857834,-3.13173388137268e-11,-0.484713336072796,0.11770319728061,0,-0.377066011454308
-114.41782882331,-0.0735944446712098,-2.7803661237826e-11,-0.484018778107138,0.117568909613802,0,-0.377048824697161
-109.22600555447,-0.0678332837856845,-2.26415226932069e-11,-0.482947698156151,0.117385489512566,0,-0.377025390434009
-92.4747376366046,-0.0616981930383214,-1.68342213405401e-11,-0.481690527261719,0.117197487066534,0,-0.377001419416585
-87.2586431344452,-0.0553085132712263,-1.0578133250853e-11,-0.480251281775903,0.117008668544718,0,-0.376977393900728
-82.2595156238312,-0.0486541870763255,-3.97046714727091e-12,-0.478609047025187,0.116818618585577,0,-0.376953261775476
-76.7857431836946,-0.0417835532459331,2.92959258524474e-12,-0.476756784844958,0.116628518835291,0,-0.376929173522255
-71.3952002407113,-0.0346740213761953,1.01503445580218e-11,-0.474668848906777,0.116437495387568,0,-0.376905018722394
-65.5187892281586,-0.0273414777111617,1.76945588351557e-11,-0.472328539817089,0.116245721915479,0,-0.376880819932404
-59.4470387827748,-0.0196977223262004,2.56757087212716e-11,-0.46968154644454,0.116050686187554,0,-0.3768562616825
-52.4463375082728,-0.0119351864639635,3.39066746191396e-11,-0.466770518300697,0.115856972658182,0,-0.376831921939369
-46.7489584488463,-0.00398985043623869,4.24622441179203e-11,-0.463550910192775,0.115662535612287,0,-0.376807543349734
-40.117664989414,0.00412062916912556,5.13368686292759e-11,-0.460005157922892,0.115467387288825,0,-0.376783127953373
-33.3173594313054,0.0123887033613509,6.05420985373156e-11,-0.456110488533542,0.115271253921004,0,-0.376758642110461
-26.2668364059205,0.0207327293605752,7.00017747452981e-11,-0.451881196512893,0.115075555286322,0,-0.37673426321967
-19.4854648532619,0.0292500229636416,7.98375297853886e-11,-0.447239865477982,0.114877471374362,0,-0.376709640698636
-12.2988449450398,0.0366510251839729,8.85420955606528e-11,-0.442927745920973,0.114706232376271,0,-0.376688398423676
-17.8060681989483,0.0417578368478543,9.46374971039923e-11,-0.439792961317745,0.114588113250792,0,-0.376673769083372
-32.9090792997299,0.0468554163746558,1.00826750979008e-10,-0.43652804867554,0.114469961733157,0,-0.376659154817508
-23.773911362871,0.0554273745078342,1.11741082614851e-10,-0.43072075414456,0.114271002533374,0,-0.376634588471099
16.351509113358,0.0639987944945845,1.23433014968426e-10,-0.424492007130421,0.114071083967406,0,-0.376609958068718
21.8343583340107,0.0722990338202399,1.35112762449519e-10,-0.417996754581487,0.113870485861762,0,-0.37658529868007
27.1382148837163,0.080528833367315,1.46357445260384e-10,-0.411029427021569,0.113657619486974,0,-0.376559191036483
35.5456499343975,0.0883420626338952,1.56230595976524e-10,-0.403875861318424,0.113440137521575,0,-0.376532580878937
40.2257556368469,0.0953376168331533,1.63933846323372e-10,-0.396978911548529,0.113230224096927,0,-0.376506957631714
40.9762555052999,0.102298006334435,1.70059821525231e-10,-0.389608475026969,0.113004335435805,0,-0.376479451030952
50.668648728827,0.1084955523796,1.73867582122877e-10,-0.382574080198043,0.112786053882975,0,-0.376452936322786
50.7514461513312,0.114119350125984,1.75637970672351e-10,-0.375765937271255,0.112571182957288,0,-0.376426898754939
53.0726902291554,0.119272937377725,1.75546358239778e-10,-0.369134935808951,0.112357443782513,0,-0.376401060103622
56.2289812399609,0.124038907204583,1.73757171852723e-10,-0.362631565112213,0.112142519065202,0,-0.376375140167455
60.040175401306,0.128454480871435,1.70373624574221e-10,-0.356252226851146,0.111925522463286,0,-0.376349033378064
63.9179300545534,0.132551390333069,1.65474968716924e-10,-0.349994292449143,0.11170556439626,0,-0.376322634821968
67.8606701711613,0.136354026677744,1.59136427853785e-10,-0.343861057116506,0.111481909213507,0,-0.376295859063912
71.8013063820782,0.139888758865053,1.51423553166041e-10,-0.337847957993301,0.111253454382357,0,-0.376268577834303
75.8148490516173,0.143174010478877,1.42416356699688e-10,-0.331959410379644,0.111019312606876,0,-0.376240689882125
79.7929627025536,0.146228959418925,1.32202503933053e-10,-0.326195190454107,0.110778263913407,0,-0.37621205570322
83.7918103455749,0.149070647567056,1.20874026126738e-10,-0.320555510109628,0.110528873997846,0,-0.376182512158821
87.7869534514438,0.151714563026348,1.08539802444512e-10,-0.315040276867046,0.1102693675272,0,-0.376151858014369
91.708395536849,0.154136095831232,9.55429677591329e-11,-0.309735840239865,0.110002015215093,0,-0.376120370612258
94.4749606015929,0.156283113722187,8.25279130938386e-11,-0.304806227714012,0.109734291998454,0,-0.376088934482865
95.3028702222943,0.158180583789835,6.97507313908427e-11,-0.300249382679865,0.109466225377404,0,-0.376057553069095
96.0872962111478,0.159852807273722,5.73331599178595e-11,-0.296053564386207,0.109197334633268,0,-0.376026170550184
96.7743618250415,0.161318997563481,4.53144550997967e-11,-0.292210311462091,0.108927279145142,0,-0.375994748064444
97.2717704220283,0.162595207095051,3.37117518417062e-11,-0.288713540284593,0.108655814811902,0,-0.375963258415449
97.525830034447,0.163694645061947,2.254687303111e-11,-0.285560346469486,0.108382901614197,0,-0.375931698322115
97.4866018770125,0.164629286873062,1.1844839540426e-11,-0.282747233802557,0.10810842877774,0,-0.375900056420296
97.160057218247,0.165409469618841,1.6335937851247e-12,-0.280271255128275,0.107832275598929,0,-0.375868320370273
96.1660492502546,0.16593690843699,-6.30423876687135e-12,-0.278501894057969,0.10760598137522,0,-0.375842388534177
90.8092557361009,0.16643668572487,-1.51652140793733e-11,-0.27671079283485,0.10733924495553,0,-0.375811908116627
94.1604040483308,0.166805217381454,-2.35483839737352e-11,-0.275259208389708,0.107077808874666,0,-0.375782123354338
92.1865572752375,0.16705571384355,-3.15006476157603e-11,-0.274122011572281,0.106821104755797,0,-0.375752964219821
90.4157185871489,0.167199491427389,-3.8935732441889e-11,-0.273269797963518,0.106565612793772,0,-0.375724027767478
88.7332696407186,0.167240962692448,-4.58041229354542e-11,-0.27269861351202,0.106313116661384,0,-0.375695513789349
86.7920323023527,0.167185529957212,-5.20984512476826e-11,-0.272396920522871,0.106064056586328,0,-0.375667468714719
84.7205900726773,0.167035231856158,-5.79150544662694e-11,-0.272353532155749,0.105815250056011,0,-0.375639532263955
82.519910085436,0.16679067524716,-6.32530145109043e-11,-0.272566030363595,0.1055672698934,0,-0.375611768111384
80.0866650633256,0.166451000015413,-6.81196028933061e-11,-0.273032376351955,0.105319822130982,0,-0.375584142570214
77.4348838707291,0.166014475119012,-7.25057556135138e-11,-0.273751389117639,0.105072898463902,0,-0.375556654088093
74.565316084171,0.165475744473245,-7.64190004673798e-11,-0.274727512722083,0.104825370664457,0,-0.375529176985221
71.4074442193643,0.164828773860377,-7.98521843284339e-11,-0.275966086262884,0.104576901899644,0,-0.375501674488746
67.9627816224534,0.164064645650231,-8.27957609402872e-11,-0.277476702713563,0.104326809454938,0,-0.375474072136756
64.1979498850904,0.16317977385093,-8.52202692255058e-11,-0.279256396828982,0.104076506622558,0,-0.375446526670536
60.250764047148,0.162154441220117,-8.71343246097179e-11,-0.281332327415853,0.103823317212859,0,-0.375418744948031
55.7606601549124,0.160975499499117,-8.85167458746072e-11,-0.283715772143166,0.103567421556503,0,-0.375390749341644
51.0521647319426,0.15968856071148,-8.93256302112883e-11,-0.28629723124189,0.103319946446907,0,-0.375363754272703
47.2576326764936,0.158144672606389,-8.96201801717396e-11,-0.289352730981088,0.103056113283176,0,-0.375335060588509
39.8686261582548,0.15636361015592,-8.93180546659202e-11,-0.292811450187486,0.102785868611814,0,-0.37530576121464
33.3170513164033,0.154314501007264,-8.83773230670938e-11,-0.29669609885999,0.102509573602864,0,-0.375275901564136
26.3097617459666,0.152011092280737,-8.67967340652225e-11,-0.300939430583984,0.102233115457866,0,-0.375246120959537
19.9173759698767,0.149450024426456,-8.4608672869747e-11,-0.305506783433259,0.101958695907227,0,-0.375216655438496
13.634693139536,0.146612164447778,-8.18445273100727e-11,-0.310390143060922,0.101686394811761,0,-0.375187511262973
9.23078987652321,0.144902771077119,-8.00395159912373e-11,-0.313246207583329,0.10153531696889,0,-0.37517138179835
30.4296094171477,0.143106585342368,-7.79526326522535e-11,-0.316183822259275,0.101384194708502,0,-0.375155276318988
24.9625452469951,0.141044883210953,-7.53227820104286e-11,-0.319477916273569,0.101219709296407,0,-0.375137779320217
15.8508073062553,0.137410358905238,-7.03465076142361e-11,-0.325085570987316,0.100952959974478,0,-0.37510947629463
-10.7298659259025,0.136010677327551,-6.83440938516233e-11,-0.327180375900956,0.100857077497463,0,-0.375099324636983
30.7778362020716,0.136010677327515,-6.83431260793243e-11,-0.327180375901012,0.100857077497461,0,-0.375099324636982
45.2775098069549,0.131863813341118,-6.20505990818464e-11,-0.3331889797961,0.100591819520883,0,-0.375071300172865
-29.1246706160043,0.127374070040155,-5.44121979439387e-11,-0.339383680681232,0.100331413404253,0,-0.375043873943882
-29.1523147983648,0.123914543036793,-4.75733734927368e-11,-0.343970774629657,0.100139629914836,0,-0.375023729297251
-12.9317550112389,0.120478595363596,-3.97280460843222e-11,-0.348397916981139,0.0999477762056463,0,-0.375003623201005
-12.6920782568144,0.11952088883235,-3.73691713955959e-11,-0.349610316362242,0.0998939767850783,0,-0.374997993309709
22.1985116683035,0.119520888832305,-3.73691577176601e-11,-0.349610316362299,0.0998939767850758,0,-0.374997993309709
29.2938981969242,0.117561006219603,-3.24642295228503e-11,-0.352056250329567,0.0997858634908664,0,-0.374986690597918
-2.5786880161896,0.115523362290279,-2.7341617440621e-11,-0.354546526567231,0.0996777279940808,0,-0.37497540012671
-3.90805406501075,0.113321016382093,-2.16877685443586e-11,-0.357183388333415,0.0995637733974773,0,-0.374963517830925
-7.4494646973209,0.111095362576648,-1.57855571256519e-11,-0.359796032649805,0.0994497942096616,0,-0.374951649128576
-9.32028599756571,0.108695879243927,-9.19064128655282e-12,-0.362557451628939,0.099327628140685,0,-0.374938945852938
-11.6070504259304,0.107940166675244,-7.05885630605241e-12,-0.363415842853282,0.0992891879805221,0,-0.374934952539295
8.80759413644803,0.107184853659571,-4.90097233944743e-12,-0.364268522338092,0.0992507450331199,0,-0.374930960771434
5.83275915247699,0.106415484749722,-2.69074607339871e-12,-0.365131249663597,0.0992117639009807,0,-0.37492691499425
2.11087684847178,0.103724524049272,5.06214098464007e-12,-0.368100534764877,0.099078049281269,0,-0.374913051339944
-24.2910744329126,0.101058069591421,1.28275728821457e-11,-0.370972649727414,0.0989486355062845,0,-0.374899654721488
-23.5608320067945,0.0983774857257338,2.07712015974408e-11,-0.373796486543273,0.0988191902835032,0,-0.374886275614992
-26.0582600400835,0.0943888929026533,3.28576703967603e-11,-0.377891481248942,0.098624205281364,0,-0.374866161667821
-43.5489346156489,0.0904876403611456,4.48814252134442e-11,-0.381779253887677,0.0984301071107495,0,-0.37484618592322
-42.9160099908404,0.08664374677811,5.64872572214826e-11,-0.38549731402236,0.0982349917553613,0,-0.37482615242398
-43.8577089217786,0.0828544049307897,6.72723956645991e-11,-0.389052918890528,0.0980382640805982,0,-0.374806000964768
-45.1436752693072,0.0791428314016096,7.70828660035527e-11,-0.392432242097783,0.097840565139318,0,-0.374785798098303
-46.1698589819015,0.0757070471874367,8.54114085415831e-11,-0.395470998726121,0.0976523396996928,0,-0.374766608073126
-45.4270669656672,0.0721770144124989,9.31362453410319e-11,-0.398504975691464,0.0974527815916296,0,-0.374746310270362
-48.7769711267113,0.0687440869004868,9.97963731430219e-11,-0.401371745882908,0.0972515816852602,0,-0.374725895032849
-49.7813078909363,0.0654369129582198,1.05325845641471e-10,-0.404056085096754,0.0970498322964346,0,-0.374705473951294
-50.5778277266621,0.0622510233987452,1.09707728094716e-10,-0.406569530868963,0.0968467189235227,0,-0.374684965237795
-51.4147805399876,0.0592164500112478,1.12927829664345e-10,-0.40889727104828,0.096643609869397,0,-0.37466450750311
-51.9234685952415,0.0563311642646831,1.15037690525103e-10,-0.411049900785373,0.0964398729837684,0,-0.374644037251845
-52.4244567651524,0.0536078126131977,1.16084321164428e-10,-0.413026624533342,0.0962358818234963,0,-0.374623592290037
-52.7446233550641,0.0510541320117292,1.16134924611365e-10,-0.414830310367788,0.0960317371142774,0,-0.374603182809041
-52.9399900728203,0.0486631628840859,1.15256494420834e-10,-0.416473531218329,0.0958262996114047,0,-0.374582695397192
-53.1188960119101,0.0464562263461209,1.13527677134411e-10,-0.417948903257572,0.095620818964201,0,-0.37456225512087
-53.006020458352,0.044439948499011,1.11035489225634e-10,-0.419259151893065,0.095415507722147,0,-0.374541883019338
-52.7583499888327,0.0426098248519758,1.07851777282309e-10,-0.420413598663662,0.0952094023025206,0,-0.374521483658265
-52.4525122472936,0.0409777155478018,1.04074768495175e-10,-0.421410612292461,0.0950032917285307,0,-0.374501135374687
-51.9358970664969,0.0395417351943469,9.97764173027276e-11,-0.422256575675376,0.0947963758647216,0,-0.374480759422702
-51.3221846178959,0.038316028099882,9.50758509288535e-11,-0.422947925925994,0.0945902908676667,0,-0.374460516855865
-50.4749252515198,0.0372953539078159,9.00352612260924e-11,-0.423491861646689,0.094383875087173,0,-0.374440293327671
-49.5571408823689,0.0364812582755389,8.47247182898654e-11,-0.423890740538531,0.0941766975655846,0,-0.374420046968238
-48.4926827502275,0.0358778634647041,7.92189968860418e-11,-0.424144902909808,0.0939688258734169,0,-0.374399784870877
-47.2581736544176,0.0354898379773635,7.36225128511078e-11,-0.424254282147369,0.0937612608427658,0,-0.374379604679631
-45.8555985857164,0.0353168760483646,6.80007436622641e-11,-0.424220481477194,0.0935536902866863,0,-0.374359475872853
-44.3166452463286,0.0353596456410384,6.24089556445183e-11,-0.42404367693981,0.0933456921704614,0,-0.3743393576305
-42.6196784742635,0.0356208335682783,5.68879798503161e-11,-0.423721705074933,0.0931364575870968,0,-0.374319172281259
-40.742894229206,0.0360980954478354,5.15510402840379e-11,-0.423256956911083,0.092928001662648,0,-0.374299114344542
-38.7544636066747,0.0367901970584427,4.64353689423622e-11,-0.422648467700071,0.0927197516315807,0,-0.374279128281541
-36.6044105076243,0.0377030849660487,4.15513652523114e-11,-0.42188894024676,0.0925100530392023,0,-0.374259055722091
-34.2216422300367,0.0388275317241508,3.69889203046033e-11,-0.420983004376435,0.0923008949739438,0,-0.374239087348469
-31.7801735001798,0.0401615614263172,3.27779703949112e-11,-0.419928049774469,0.0920919632131061,0,-0.374219192817371
-29.1756077840912,0.04170232997776,2.89522245961792e-11,-0.418721429874153,0.0918831502478764,0,-0.374199361706605
-26.4096381049213,0.0434508616281794,2.55279537622567e-11,-0.41735669943562,0.0916738987872094,0,-0.374179541153853
-23.439721176543,0.0454025851271856,2.25325494123196e-11,-0.415830947005412,0.0914643819826585,0,-0.37415974776809
-20.3208167824557,0.0475558564177785,1.99889676937634e-11,-0.414138101184021,0.0912543791786712,0,-0.374139960929398
-17.0236140641093,0.0498915502013319,1.79276367221517e-11,-0.412285112545217,0.0910451867408615,0,-0.374120302606867
-13.7034567417466,0.0524281159421587,1.63445449876449e-11,-0.410248315031171,0.0908346713785234,0,-0.37410057246633
-10.5531429128151,0.0544411498048714,1.54820734201347e-11,-0.408610442843213,0.0906770828733147,0,-0.374085837227449
-15.5420104460412,0.0556697096704232,1.50896503517352e-11,-0.407599160196097,0.0905837521681775,0,-0.374077124274904
-22.4121241987623,0.0569255007317191,1.47746394154636e-11,-0.406556117347664,0.0904904069281906,0,-0.374068420295608
-19.0702239912218,0.0594630063913742,1.43853745997275e-11,-0.404421722833393,0.0903087362526857,0,-0.374051510009553
-2.63672971167863,0.062527151064403,1.43315586035196e-11,-0.401793553653216,0.0900998350830294,0,-0.374032113352768
4.44917706058059,0.0656609195374826,1.46376689742059e-11,-0.399027075405895,0.0898898949426307,0,-0.374012672228951
6.57007320343899,0.0681470097272554,1.49963727391449e-11,-0.396752093379828,0.0897184231315853,0,-0.373996832034919
1.09645296510898,0.0701741678879601,1.5290570464863e-11,-0.394833860414551,0.0895725474833723,0,-0.373983383685993
-1.54019551059484,0.0721199995137932,1.55688875930114e-11,-0.392939406265656,0.0894278429912528,0,-0.373970068108904
0.434708789666788,0.0743284585838374,1.59341127956248e-11,-0.390733317241836,0.0892604758074569,0,-0.373954697916624
4.74385768560709,0.0751203721215903,1.60813837436721e-11,-0.389927912597443,0.0891997246167804,0,-0.373949126984591
-11.2849505248407,0.0759038042226755,1.62292956281108e-11,-0.389122847054728,0.0891389673897599,0,-0.373943559845645
-9.27902452504782,0.0762522039649076,1.62978206493802e-11,-0.38876240508408,0.0891118187817108,0,-0.373941073643917
-13.4783813537863,0.0765262444423722,1.6355997569735e-11,-0.388478246220068,0.0890905437479015,0,-0.373939125935757
-13.1060180758037,0.0768013252115034,1.64185792366878e-11,-0.388192462935671,0.0890692679750149,0,-0.373937178692667
-11.2927952113467,0.0780140736108322,1.67499866313875e-11,-0.386926462701758,0.0889765880914389,0,-0.373928702475825
2.32008447583964,0.0800371978674244,1.74846169362644e-11,-0.384789359569926,0.0888250333505549,0,-0.373914863513265
13.3391706621018,0.082210014745601,1.84115389920053e-11,-0.382442408222184,0.088661346084409,0,-0.373899947014955
14.6720550393815,0.082863701109724,1.86879350379714e-11,-0.381721763124312,0.0886107134254257,0,-0.373895339333926
-4.82927875129475,0.0828637011097577,1.86879856597564e-11,-0.381721763124274,0.0886107134254231,0,-0.373895339333926
-9.34497300474993,0.0848316735580238,1.95671058674136e-11,-0.37951678875025,0.0884563739657901,0,-0.373881312680018
18.9982640676053,0.0868088091216337,2.06178095202761e-11,-0.377258510419786,0.088301995958404,0,-0.373867310481661
19.4929322197394,0.0889111216494122,2.17482903608074e-11,-0.374789912985744,0.0881324423292186,0,-0.37385196403895
23.5677891269562,0.091481263407557,2.276190773033e-11,-0.371635193958967,0.0879053006106424,0,-0.373831458021645
32.6608339867408,0.0937904185482652,2.31114361661376e-11,-0.368652360783338,0.0876774002271652,0,-0.373810944188483
31.4982534234435,0.0958447265251461,2.27300975810475e-11,-0.36586748635857,0.0874499741641972,0,-0.373790533570616
30.8453833717419,0.0976676051016996,2.1629457845389e-11,-0.363281781006428,0.0872224845067713,0,-0.373770177662414
30.4488821220851,0.0992817629970009,1.9876114121321e-11,-0.360885008557804,0.0869933958813409,0,-0.37374973967521
30.2076670171792,0.100685386920412,1.75627258588603e-11,-0.358698936624159,0.08676420766986,0,-0.373729353988039
29.6887795062193,0.101888168075792,1.47815688873424e-11,-0.356726560793867,0.0865348997687947,0,-0.373709018834031
29.0892001752238,0.102902896878053,1.1599432123639e-11,-0.354962422123377,0.0863043605462104,0,-0.37368863610779
28.4422683373071,0.103728069521301,8.11932024949002e-12,-0.353423182941208,0.0860744544185993,0,-0.373668370821707
27.5094495429101,0.10437941167755,4.36366893217775e-12,-0.352091120303376,0.0858419451629532,0,-0.373647938440933
26.6267937873077,0.104848292207184,4.78773816507953e-13,-0.350994936541721,0.0856116268894401,0,-0.373627760359718
25.2869818053451,0.105145922034563,-3.50411154866876e-12,-0.35012126223139,0.0853812883028736,0,-0.373607641909511
23.9568653845678,0.105275385408583,-7.53576086996728e-12,-0.349469052816625,0.0851504823796712,0,-0.373587544175162
22.4661261885363,0.105237993102908,-1.15454233213946e-11,-0.349040464418091,0.0849200783324325,0,-0.373567542805134
20.7822665388269,0.105035174744712,-1.54917357068115e-11,-0.348833655309473,0.0846897030609545,0,-0.373547605173405
18.9404069612306,0.104665692909334,-1.93382309694547e-11,-0.3488481801995,0.0844586781923163,0,-0.373527672753346
16.9264284781415,0.10413239872153,-2.30099111553362e-11,-0.349082085878693,0.0842289395872183,0,-0.37350791224964
14.7556330956769,0.10342697034624,-2.65100877147198e-11,-0.349537270083072,0.0839977662002914,0,-0.373488089611608
12.3678199386306,0.102551765116403,-2.97728165178952e-11,-0.350209741476449,0.083767158381965,0,-0.373468376646581
10.12150232104,0.101834303434808,-3.19020401417592e-11,-0.350809323354837,0.0836041580200718,0,-0.373454479768269
11.2116012391549,0.101049385671866,-3.383183701091e-11,-0.351494839955444,0.0834411176325851,0,-0.373440609961194
9.86074311670053,0.100161731195812,-3.56577259099933e-11,-0.352295284107575,0.0832711302562344,0,-0.373426181614877
8.77827168292347,0.0999200128422772,-3.61062970589557e-11,-0.352516742119598,0.0832271473741781,0,-0.373422453784726
15.9007821478875,0.0998348837070399,-3.62598851826122e-11,-0.352595029783798,0.083211847305236,0,-0.373421157525452
17.0010222813695,0.09974908573967,-3.64120968163459e-11,-0.352674079195422,0.0831965468857873,0,-0.373419861504502
16.5331211788126,0.0995607416961298,-3.67434076216976e-11,-0.352848110531066,0.0831634719074615,0,-0.373417060806626
14.6562240482433,0.0987804260948671,-3.80649013049011e-11,-0.353575479206083,0.08303318841847,0,-0.37340604093922
7.6988547052704,0.0980389934312954,-3.92386242848301e-11,-0.35427404630556,0.0829179989552442,0,-0.373396313955032
8.85226378901197,0.0980389934312774,-3.92379810025559e-11,-0.354274046305577,0.0829179989552415,0,-0.373396313955032
16.2169824217343,0.0968518549812499,-4.08841420838219e-11,-0.35540303821938,0.0827443791001012,0,-0.373381681576589
1.32995458319153,0.0955755624698969,-4.23932633861744e-11,-0.356626132764907,0.0825707144160676,0,-0.373367079872576
-0.0460913551011135,0.0937879937127189,-4.39264763253722e-11,-0.358349424334041,0.0823384971540786,0,-0.373347608870789
-6.59155585554397,0.0920908074977829,-4.44896542844769e-11,-0.359996823139223,0.0821173083688679,0,-0.373329119774119
-5.97887745103474,0.090453850789101,-4.40562824174997e-11,-0.361597989121994,0.0818962378325594,0,-0.373310696257732
-5.25830478656897,0.0899557989632759,-4.36990266677948e-11,-0.362088234719838,0.0818260618505613,0,-0.373304859584998
7.23142321100426,0.0894658341235606,-4.32598234741576e-11,-0.362571412320523,0.0817558786467847,0,-0.373299027916045
5.91892542670071,0.0892490914900944,-4.30454782107375e-11,-0.362785286856313,0.0817247318511358,0,-0.373296441658902
8.31575612020276,0.089030552680197,-4.28259751790716e-11,-0.363000915964408,0.0816935836351154,0,-0.373293856387263
7.55046774330295,0.0888281742431724,-4.26175421798909e-11,-0.363200581609868,0.0816649797082667,0,-0.373291483260971
6.67915883449854,0.0879587792704363,-4.16794451576022e-11,-0.364057994823163,0.0815447875646222,0,-0.373281521679686
-2.1038326354137,0.0866012887725933,-4.00619193615522e-11,-0.365394870875047,0.0813642752310374,0,-0.373266591573845
-7.9990130090075,0.0851979863321222,-3.80850473176995e-11,-0.36677446019372,0.0811801528339338,0,-0.373251400999976
-8.96938264142984,0.0835782614685784,-3.51680335660059e-11,-0.36836746086832,0.0809582360996801,0,-0.37323314341238
-11.8414149268787,0.0823496247143297,-3.23642210199173e-11,-0.369579654136529,0.0807773049022167,0,-0.373218299110246
-7.853641438414,0.0812488922450382,-2.93260085438886e-11,-0.370670583308421,0.0806010801609258,0,-0.373203876589075
-7.38894236605859,0.0802909795017689,-2.62412976186164e-11,-0.371624320499535,0.08043447566207,0,-0.373190273727132
-6.76113997374529,0.0793188663177214,-2.27269777227434e-11,-0.372595233992601,0.0802532363353667,0,-0.373175511615823
-7.31594784312884,0.0790145057877978,-2.15451825089077e-11,-0.372899789457088,0.0801936656838065,0,-0.373170667638186
-0.415636236196845,0.0787170052229228,-2.03546382642726e-11,-0.373197571898943,0.0801340899562752,0,-0.373165827257641
-1.96476039329085,0.0778154492000967,-1.65934680307935e-11,-0.374101163298733,0.079950680872327,0,-0.373150950887673
-9.7968057530223,0.0766336583946715,-1.13193501028759e-11,-0.375289117121953,0.0797051035945571,0,-0.373131091480911
-12.8926449973638,0.0758512109082778,-7.51073146626702e-12,-0.376077357698064,0.0795306676418729,0,-0.373117026455225
-8.62232896586388,0.0751646462546858,-3.80671274650027e-12,-0.376769448768995,0.0793561885996479,0,-0.373102992248608
-8.21827212696532,0.0746005600160002,-4.28215526814016e-13,-0.377338764694421,0.0791914726223109,0,-0.373089774783074
-7.46643898660484,0.0740605347353589,3.12524473936193e-12,-0.377884372120749,0.0790128388403518,0,-0.373075474997263
-7.73334083220868,0.0735845936400407,6.57697134383398e-12,-0.378364736290599,0.0788322417531666,0,-0.373061054512524
-7.2255130606827,0.0734496944142672,7.62043582563998e-12,-0.378500576263161,0.0787758432063264,0,-0.373056558657183
-4.09900049742132,0.0733498998590921,8.41433033713028e-12,-0.378600828532526,0.0787323275079792,0,-0.373053092209865
-4.31437082285472,0.0732530108577916,9.20301984677832e-12,-0.378698166083692,0.0786888091614147,0,-0.373049627677996
-4.88161276576379,0.0728257368742522,1.29356760878586e-11,-0.379130856566612,0.0784823269710336,0,-0.373033218427359
-8.40349137005231,0.072457520392391,1.66085927894987e-11,-0.379508871602972,0.0782768690389855,0,-0.373016938041634
-7.71109600065283,0.0721693334184713,1.99465910618157e-11,-0.379801344188888,0.0780763751647927,0,-0.373001096612927
-6.89402676121511,0.0719782762969561,2.25854419686341e-11,-0.379983815079231,0.0778956977690237,0,-0.372986859483985
-5.95224683764342,0.0718426413108057,2.49175908443489e-11,-0.380097785201978,0.0777117949437467,0,-0.372972405705892
-5.39746769766979,0.0717566686907236,2.69615669085143e-11,-0.380148255393905,0.0775235584414872,0,-0.372957650484343
-4.84265584082475,0.0717160534232506,2.87280035154745e-11,-0.380138002627115,0.0773296652427688,0,-0.372942493241378
-4.3500102450291,0.0717120461478555,2.92833291896972e-11,-0.380119708387925,0.0772594145779334,0,-0.372937011884386
-4.83762264915524,0.071712814164919,2.97960872539119e-11,-0.380094481822152,0.0771891571677017,0,-0.372931535509472
-4.79744694215215,0.0717192193346719,3.02949183432512e-11,-0.380061116081082,0.0771158565171616,0,-0.372925827792242
-4.61555146755502,0.0717696072645072,3.15234914597804e-11,-0.379932441947171,0.0769145750085766,0,-0.372910185378546
-3.04728936732046,0.0718652981575497,3.25219619492242e-11,-0.379749924968259,0.076713038660555,0,-0.372894568395912
-2.44550695491511,0.0719919512892386,3.32075474927031e-11,-0.379517819626344,0.0765097296740747,0,-0.372878859877664
-1.84662593738852,0.0721465620965759,3.35151618370214e-11,-0.379216655827986,0.0762853762611812,0,-0.372861578750927
-0.993998649840833,0.0723162138933404,3.33635444276421e-11,-0.378859165071827,0.0760501169886085,0,-0.372843517681135
-0.316600519484499,0.0724927303226318,3.27106907180055e-11,-0.378444416855442,0.0757998415101966,0,-0.372824371276243
0.405458360227236,0.0726690375686388,3.14636975522828e-11,-0.377959003013628,0.0755221599988047,0,-0.372803209592591
1.22006194876229,0.0728088650453895,2.98182649370052e-11,-0.377478040050364,0.075252798987472,0,-0.372782763648651
1.17037935335823,0.0729063609586302,2.78486165635496e-11,-0.377003566744006,0.0749831065007227,0,-0.372762373010446
1.15606766054576,0.0729562135090133,2.58399383271771e-11,-0.376580703649423,0.0747340577879602,0,-0.372743614618656
0.753674528925252,0.0729729615404538,2.36706404936748e-11,-0.376162830395495,0.0744777513004674,0,-0.372724381114417
0.744098011349299,0.07297083154018,2.26719317505644e-11,-0.375979510686456,0.0743618618258739,0,-0.372715708453945
-1.4433529051847,0.0729681922170448,2.2169350788327e-11,-0.37588827240315,0.0743035877486532,0,-0.37271135307562
-1.99121401214065,0.0729655039591054,2.16603907500999e-11,-0.375796598853599,0.074245309242705,0,-0.372707001111879
-1.73290567812895,0.072963961473226,2.11888163374841e-11,-0.375711615044455,0.0741922565999352,0,-0.372703042647178
-1.39649830272629,0.0729677957853905,1.88962722279799e-11,-0.375301568579286,0.0739482486271977,0,-0.372684876203237
2.00092243847727,0.0729859311922687,1.63751488187314e-11,-0.374856112265228,0.0736995203914735,0,-0.372666425822401
2.3481716934684,0.0729910587543601,1.3724174512458e-11,-0.374398761033624,0.0734400444469431,0,-0.372647250731931
2.52072495566022,0.0729580106985077,1.13862807270177e-11,-0.374011024219344,0.0731976295906948,0,-0.372629403310714
1.9286782913534,0.0728892662136969,9.28324072411754e-12,-0.373676831312029,0.0729632584051085,0,-0.372612209448703
1.45608604643707,0.0728545160239458,8.53157337027846e-12,-0.373560952816727,0.0728748481405009,0,-0.372605739181609
-0.328892126133373,0.0728164822991832,7.799267900858e-12,-0.373449059780855,0.0727864279145583,0,-0.372599276759793
-0.100946140080382,0.0727964360978472,7.42786585328717e-12,-0.373392931774158,0.0727414538738687,0,-0.37259599300426
-0.431897900005799,0.0727763613371238,7.05701351728611e-12,-0.373336648451459,0.0726964772611925,0,-0.372592711278413
-0.12823062258336,0.0726761332796216,5.15851871819493e-12,-0.373051612575105,0.0724715556736756,0,-0.372576333098534
2.11602037773084,0.0725244344066569,2.25917936976706e-12,-0.372622329805596,0.0721373976260863,0,-0.372552102895309
3.29504170434131,0.072398251205312,2.55932932929271e-13,-0.372331509435701,0.0718954836777742,0,-0.372534637641618
2.0478346704968,0.0722386446041107,-1.44612719020197e-12,-0.372092062098878,0.0716534963177239,0,-0.372517231065217
1.68563874645536,0.0720648830607613,-2.7355136336321e-12,-0.371918473663984,0.0714326660739154,0,-0.37250140214812
1.19768340735275,0.0719423894620719,-3.4716589715905e-12,-0.371822389009492,0.0712895847289916,0,-0.372491174605213
0.695278760231806,0.0719175190479035,-3.60821272716138e-12,-0.371804757435961,0.071261394699382,0,-0.372489162196776
0.274454409642726,0.0718925050974579,-3.74225534802221e-12,-0.371787378802182,0.0712332036835299,0,-0.372487150584276
0.395725656678127,0.071865711206279,-3.88577772662798e-12,-0.371768969287291,0.0712031259023262,0,-0.372485005293958
0.509131910247967,0.0717301467585504,-4.59460696947079e-12,-0.371678434735269,0.0710527201806551,0,-0.372474292433696
1.10525888393503,0.0714246307569961,-6.07889037954895e-12,-0.371493258473919,0.0707251625266267,0,-0.372451046926903
1.70509775133344,0.0711126502558862,-7.33975782946524e-12,-0.371342998231096,0.0704087212081627,0,-0.37242870116175
1.35721666430216,0.0708240012331458,-8.13693204698427e-12,-0.371253231201718,0.0701331849686505,0,-0.372409332572973
0.910548129881005,0.0705442995578333,-8.56414090435993e-12,-0.371209030398431,0.0698785805582737,0,-0.372391508636316
0.619094938558837,0.0704584551816274,-8.64174802264698e-12,-0.37120179857566,0.0698020742974371,0,-0.372386166449285
0.611245848308893,0.070426958309674,-8.66613346873602e-12,-0.371199633305238,0.069774115633013,0,-0.372384215768875
0.671480003385382,0.0704069355638658,-8.67962057085206e-12,-0.371198353451984,0.0697563725840147,0,-0.372382978273137
0.700495306792125,0.0703868709949677,-8.69357505763893e-12,-0.371197140324274,0.0697386291539763,0,-0.372381741092129
0.71515713336128,0.0703670944647918,-8.70735809081592e-12,-0.371196016067218,0.0697211792881655,0,-0.372380524713086
0.721655796010146,0.0702675483126427,-8.76786529399531e-12,-0.371191465837019,0.0696339244359435,0,-0.372374447384024
0.638549622215669,0.0699214917635807,-8.88883623384103e-12,-0.371189546746018,0.0693375388061941,0,-0.37235386561938
0.299950941210947,0.069566443663508,-8.8683171808724e-12,-0.37120813276496,0.0690419135850721,0,-0.372333431382592
0.108681174405995,0.0691988671974779,-8.66790401454559e-12,-0.371245598036886,0.0687373263115094,0,-0.372312476510419
-0.0560425279783908,0.0687954032129781,-8.23765383188678e-12,-0.371302615790359,0.0683969566602467,0,-0.372289178449706
-0.171598613004674,0.0686824248068416,-8.08236516464512e-12,-0.371320820040648,0.0683000844079813,0,-0.372282570467284
0.467152827415213,0.0686413922674112,-8.02465324337802e-12,-0.37132755968686,0.0682647124091391,0,-0.372280160146735
0.572275786661847,0.0686003683045751,-7.96436483608314e-12,-0.371334409281512,0.0682293389335508,0,-0.372277751074819
0.535821605342888,0.0685632645414578,-7.90901788963851e-12,-0.3713407904747,0.0681974243147107,0,-0.37227557872226
0.49634279680713,0.0683764143744821,-7.61047699708051e-12,-0.371375676101261,0.0680378332199043,0,-0.372264732206019
0.058108126178452,0.0680021054083006,-6.91774174028119e-12,-0.371458100462584,0.0677228930547112,0,-0.372243407978284
-0.527388016365526,0.0676220797657183,-6.12237778653453e-12,-0.371552302165847,0.0674048509275048,0,-0.372221982054461
-0.61700814528242,0.0672421237930415,-5.30784338587344e-12,-0.371644141328296,0.0670790256988349,0,-0.372200144564795
-0.579360567304997,0.066878247910766,-4.56121428960647e-12,-0.371720389883413,0.0667530776445237,0,-0.372178412910064
-0.388701347520491,0.0667500780736573,-4.31200107554695e-12,-0.371743793217833,0.0666347521765019,0,-0.372170552098288
0.160828659409651,0.0666232872057108,-4.07363782633523e-12,-0.371765365057587,0.0665164106375634,0,-0.372162705233772
0.0629452329543597,0.0662485471219024,-3.35064662391592e-12,-0.371831093738414,0.0661663636393361,0,-0.372139582530108
-0.487869872872817,0.0658340818043901,-2.50150962650949e-12,-0.371910181627532,0.0657806268733489,0,-0.37211425420899
-0.616895974601739,0.0654723008115185,-1.81065388503393e-12,-0.371972515008169,0.0654403397456756,0,-0.372092042279176
-0.447806480903032,0.0652464513022148,-1.45569707422338e-12,-0.372001477217311,0.0652235868049396,0,-0.372077958405115
-0.143191950361353,0.0650239069180999,-1.16574139386991e-12,-0.372022331519761,0.0650067812412821,0,-0.372063921263029
-0.124274256757481,0.0648297348090222,-9.37951827845616e-13,-0.372037021023523,0.0648161597296231,0,-0.372051620823156
-0.11717922544948,0.0643625443577752,-4.30033517881363e-13,-0.372067293094124,0.0643556184438537,0,-0.372022062713621
-0.386280766971186,0.0638608950855542,4.45364449853388e-14,-0.372091745222595,0.0638586002851483,0,-0.371990416652331
-0.342016846621679,0.0637069735312318,1.63918418664742e-13,-0.372096349267643,0.0637054140296933,0,-0.371980715922528
-0.0645391084346017,0.0635535778047999,2.58517771315656e-13,-0.372097957701273,0.0635522021903667,0,-0.371971038493067
-0.079345219837042,0.0633984310586799,3.40482093311007e-13,-0.372098065394413,0.0633969477225355,0,-0.371961257453997
-0.102813539203503,0.0627554944612314,6.56065810043502e-13,-0.372094849711486,0.0627522209393538,0,-0.371920913015187
-0.278342800029776,0.0624716473119589,7.74560713325368e-13,-0.372090767769872,0.0624668640063434,0,-0.371903197025052
-0.125609336994382,0.0621880809789672,8.48408977412499e-13,-0.372081477509392,0.0621814202419198,0,-0.371885561791773
-0.103902064990832,0.0617944640290043,8.77174256124279e-13,-0.372059945856999,0.0617847764028694,0,-0.37186119931647
-0.0706281443512189,0.0614286287341049,8.65644616688352e-13,-0.372035543262598,0.0614158396330239,0,-0.371838687674804
-0.0457146641509716,0.0609095358349877,8.0882639296724e-13,-0.371996448300013,0.0608926776635956,0,-0.371807011486943
-0.00938295051460802,0.0604598603912533,7.40268469872648e-13,-0.371960630551545,0.0604402851784018,0,-0.371779852430391
-0.014909407864942,0.0600087860177084,6.75680424145251e-13,-0.371925464134771,0.0599876823950889,0,-0.37175289594713
-0.026440744984396,0.0594584586891332,6.20000438177174e-13,-0.371885531604227,0.0594368598630485,0,-0.371720379564361
-0.0373252112303538,0.0588753126722108,5.85245114021523e-13,-0.371846377550096,0.058853424882038,0,-0.371686284595577
-0.0529701500124444,0.0583863814295279,5.70457905180959e-13,-0.371815317625002,0.058363609005202,0,-0.371657935460871
-0.0617411749265008,0.0577708053198049,5.50130047100097e-13,-0.371776622878439,0.0577455242088914,0,-0.371622519963695
-0.0437817675177922,0.0571016227595419,5.05258380251605e-13,-0.371732599834769,0.0570724479961493,0,-0.371584406404178
-0.0165726717225767,0.0564972044275404,4.3762595170888e-13,-0.371690853102345,0.0564651597798954,0,-0.371550422601122
-0.0107787693517418,0.0558297787292209,3.59081331099849e-13,-0.371645449172807,0.0557977124166471,0,-0.371513514034006
-0.0234381049918131,0.0552601263680385,3.15813460912504e-13,-0.371609548987579,0.0552306826099185,0,-0.371482521159654
-0.0611003622629039,0.0546981461250471,3.10448239032392e-13,-0.371577577124223,0.0546713926819471,0,-0.371452277276057
-0.0773801386361495,0.054128919234967,3.2783422468717e-13,-0.371547009791282,0.0541020818209669,0,-0.371421823439305
-0.0655124233126896,0.0535363596563478,3.33014462696191e-13,-0.371513898677085,0.0535052048708224,0,-0.371390254054639
-0.0297530582814392,0.0532348350642094,3.20310164839513e-13,-0.371495946428741,0.0532004204968413,0,-0.371374275280249
-0.0343230453866551,0.0529326556644266,2.95596177798131e-13,-0.371477381285628,0.0528955532781654,0,-0.371358387798939
-0.0318690054560595,0.0526813016776322,2.70871618940205e-13,-0.37146176302933,0.0526427427800721,0,-0.371345285628202
-0.0363137164632444,0.0520933636943998,2.07692168141039e-13,-0.371425170933012,0.0520532116599863,0,-0.371314987622232
-0.0094757875462543,0.0518000165592961,1.78079685648282e-13,-0.371407014517871,0.0517598074844099,0,-0.371300041514831
-0.0385747226816098,0.0515062566332202,1.53947120983269e-13,-0.371389356291128,0.0514663288043244,0,-0.371285179901785
-0.0403924710762327,0.0513062609794913,1.41421502308242e-13,-0.371377711472315,0.0512666474306402,0,-0.371275118581589
-0.0459286544653188,0.0511062682943789,1.2963039628527e-13,-0.371366138471096,0.0510669319091698,0,-0.371265096376974
-0.0412407865455977,0.0503674209905196,7.95932413968662e-14,-0.371323311000452,0.0503287774539876,0,-0.371228408090173
-0.0124961433249392,0.0501028977062764,6.04888377246859e-14,-0.371307978586758,0.0500643963439991,0,-0.3712154030532
-0.0351723510979165,0.0500076011711941,5.44908781713677e-14,-0.371302529068828,0.0499691426208432,0,-0.371210734962423
-0.0425625195123826,0.0499122967189335,4.76344863789849e-14,-0.371297152659077,0.0498738813410827,0,-0.371206075762077
-0.0405410574797968,0.0498291610150729,4.25115935696093e-14,-0.371292469808264,0.0497907890059342,0,-0.371202019301531
-0.0382328757138499,0.0494132867215694,1.53179675595733e-14,-0.371269042108699,0.0493752416022768,0,-0.371181838470053
-0.0196524154714721,0.0486322040415804,-3.81388281969886e-14,-0.371225470819644,0.0485953289467142,0,-0.371144437351575
-0.00663499663791726,0.048524308447098,-4.59148117324756e-14,-0.371219576205243,0.0484876496559883,0,-0.371139322166184
-0.0361217595615012,0.0484614845112794,-5.06868458966768e-14,-0.371216208460065,0.0484249523254233,0,-0.371136349230146
-0.03553596120099,0.0483986565047292,-5.29403828322824e-14,-0.37121287606589,0.0483622518302692,0,-0.37113338014087
-0.0338146776188969,0.0483414992404477,-5.58020778735425e-14,-0.371209849794777,0.0483052159804253,0,-0.371130682763571
-0.0321603519478294,0.0480555836540388,-7.11843413524256e-14,-0.371194824969632,0.0480199976145976,0,-0.371117243626374
-0.0257218291757013,0.0473709250001089,-1.06261793938521e-13,-0.371159844343191,0.0473376201555222,0,-0.371085426049597
-0.0242023118617141,0.0469970159351012,-1.19958604805543e-13,-0.371141680441386,0.0469651773208975,0,-0.371068259197043
-0.0326344908203407,0.0468796608807475,-1.22536948850273e-13,-0.371136215571984,0.0468482514550325,0,-0.371062898773939
-0.0316915579504674,0.0467623363119525,-1.25132896169182e-13,-0.371130863545935,0.0467313149673462,0,-0.371057551713541
-0.0309905586272817,0.0466522272788713,-1.25594646489785e-13,-0.371125894127034,0.0466215695393211,0,-0.371052546068447
-0.0311965747331772,0.0461012623608591,-1.26441390956402e-13,-0.371101696366152,0.0460727032070173,0,-0.371027694409106
-0.0451780625051138,0.0454377095867494,-1.21420080995513e-13,-0.371074045642308,0.0454121842022593,0,-0.370998191120132
-0.0571652154232258,0.0450460053437264,-1.14426151885864e-13,-0.371058321026756,0.0450220351951882,0,-0.370980971360243
-0.0449588386409012,0.0446551057611255,-1.07001501297808e-13,-0.371042641108818,0.0446317728304362,0,-0.370963900200038
-0.0390442600788236,0.0440417570226583,-9.41471092977424e-14,-0.371017883232233,0.0440182144265795,0,-0.370937371751632
-0.0359163432202005,0.0438411199324483,-9.01351135299401e-14,-0.371009798837029,0.0438174207849236,0,-0.370928772338645
-0.0290289581545247,0.0438054908937057,-9.0157114285943e-14,-0.371008365462473,0.0437817706390633,0,-0.370927249786054
-0.0284398935704694,0.0437698564122643,-8.88430007987642e-14,-0.371006934134516,0.0437461195747113,0,-0.370925728472743
-0.0282884943353146,0.0437340403766658,-8.77437489336129e-14,-0.371005500423564,0.0437102906042533,0,-0.370924200855775
-0.0281001554045417,0.043554892244096,-8.41309675617227e-14,-0.370998410152472,0.0435311318753599,0,-0.37091658154676
-0.0314550066203623,0.0429143736400106,-7.03470911808709e-14,-0.370974120149985,0.0428913485860774,0,-0.370889635970766
-0.0491582368508469,0.0422756163090725,-5.56295997198242e-14,-0.370951160964599,0.0422545205583792,0,-0.370863222979594
-0.0595819741644791,0.0420763502562499,-5.12053288150718e-14,-0.370944063260944,0.0420560397652295,0,-0.370855073959724
-0.0374340512656498,0.0418771154087521,-4.78524034173951e-14,-0.370936790442936,0.0418575316877925,0,-0.370846963310732
-0.0387618431598654,0.0411757512845406,-3.88347941979714e-14,-0.370911169488883,0.0411586715792054,0,-0.370818723296798
-0.059887995539156,0.0407635860736929,-3.32704073029784e-14,-0.370896393246613,0.0407480855585331,0,-0.370802359954615
-0.0479263988968049,0.0403517308431041,-2.78566019208825e-14,-0.370881377367334,0.0403373865975503,0,-0.370786160688849
-0.0434013411064024,0.0399105038168827,-2.56061003235903e-14,-0.370864823819074,0.0398967174000742,0,-0.370768966649363
-0.037089758106134,0.0391352732709198,-2.44991497426544e-14,-0.370835599265055,0.039121950445433,0,-0.370739206515465
-0.0364238021192873,0.0388943117180894,-2.48948448889212e-14,-0.37082656067993,0.0388811119696425,0,-0.370730077391619
-0.0329834402665996,0.0386532328451067,-2.53635467540728e-14,-0.37081760426391,0.0386402365100998,0,-0.370721004645383
-0.0347740871489359,0.0379365759184656,-2.47332849707033e-14,-0.370791782429232,0.0379248860409538,0,-0.37069440082183
-0.0445089932472416,0.037731594773258,-2.54357567366348e-14,-0.370784629123607,0.0377204689047631,0,-0.370686892050788
-0.0375067147770207,0.0376332638911837,-2.5263624492884e-14,-0.370781221744935,0.0376224178845546,0,-0.370683305119577
-0.0356609525348679,0.0375349302819302,-2.47530486792273e-14,-0.370777824104056,0.0375243609426545,0,-0.370679727524693
-0.035886088344787,0.0374456471243738,-2.4873552027838e-14,-0.370774754235105,0.0374353381879406,0,-0.370676487813061
-0.036706025936478,0.036998994909342,-2.38948709420871e-14,-0.370759627813927,0.0369901518057466,0,-0.370660404691667
-0.0495851808162604,0.0362877788080313,-2.13309887956461e-14,-0.370736260115825,0.0362817183651619,0,-0.370635216785047
-0.0610278234241382,0.0360515718572058,-2.02923533477633e-14,-0.370728608723947,0.0360464194522727,0,-0.370626960957577
-0.0425514637471083,0.0358156032691919,-1.84777746667004e-14,-0.370720859728186,0.035811087925224,0,-0.370618758849778
-0.0413006846668842,0.0355875780570119,-1.72770208074391e-14,-0.370713305994346,0.0355834807997554,0,-0.370610878138295
-0.040690474469259,0.0348155491729916,-1.27719670753351e-14,-0.370688016144942,0.0348127512511437,0,-0.370584572984966
-0.049519344680811,0.0345531444550332,-1.14537008482138e-14,-0.37067952253429,0.0345507645796556,0,-0.37057576510533
-0.0407816935825334,0.0342907794197468,-1.10188766598529e-14,-0.370671024368532,0.0342887392202284,0,-0.370567023765499
-0.0406263129917575,0.0340636507355774,-9.92415893476064e-15,-0.370663658987604,0.0340618344131095,0,-0.370559508861909
-0.0402371752833455,0.0332708515978616,-8.00494057887018e-15,-0.370638327968691,0.033269867718579,0,-0.370533677800334
-0.0452681420487042,0.0329956096193781,-7.36958700069224e-15,-0.370629672402289,0.0329949354197228,0,-0.370524855174359
-0.0410435915274524,0.0327203656388831,-6.84407455851991e-15,-0.370621058512013,0.0327199625032376,0,-0.370516105763845
-0.0410018105335972,0.0324774875708253,-6.03163747945165e-15,-0.370613486405775,0.0324772791484504,0,-0.370508445665515
-0.0407605608888616,0.0316930358931458,-4.94846724942049e-15,-0.370589412092007,0.0316934592960975,0,-0.370484101122978
-0.0436942325041946,0.0314152365842165,-3.5523148747037e-15,-0.37058102703009,0.0314158870099278,0,-0.370475624978513
-0.0411143932694651,0.0311374280530773,-3.44590496358561e-15,-0.370572698720037,0.0311382753691098,0,-0.370467223400169
-0.0411065217791275,0.0308060088905783,-2.3979922948909e-15,-0.370562837178346,0.0308070503869231,0,-0.370457298371371
-0.0412546619822806,0.0300225393984052,-1.83842859864314e-15,-0.370539941944991,0.0300240545939466,0,-0.370434264597886
-0.0429119725769776,0.029410407197501,-1.51927496844909e-15,-0.370522455521749,0.0294122999610609,0,-0.370416686926677
-0.0423265512833288,0.0287982076071696,-2.19531660494124e-15,-0.370505269438503,0.0288003666859256,0,-0.370399471148182
-0.04137168407415,0.0280315106806361,-2.71343300350111e-15,-0.370484152772877,0.0280337619322893,0,-0.37037842142433
-0.0395603603309623,0.0274113894575385,-2.34005475406968e-15,-0.370467458110986,0.0274136352993657,0,-0.370361814466391
-0.0393752580904267,0.0269593438925389,-1.29802566394284e-15,-0.370455556235028,0.0269616637657489,0,-0.370349947557691
-0.040755246364785,0.0265070556020734,4.32329749424536e-16,-0.370443905400327,0.0265096030545441,0,-0.370338277945711
-0.0421350872993838,0.0260596036381042,9.09904077254449e-16,-0.370432610140714,0.0260624849287804,0,-0.370326932203465
-0.0431204578355085,0.0252711891246665,9.88470089710818e-18,-0.370413161822978,0.0252746358204812,0,-0.370307414996781
-0.0440337285289495,0.0244975709696963,-7.93298102356445e-16,-0.370394570880118,0.0245013187469311,0,-0.370288846285903
-0.0417225470726589,0.0237644491852611,-2.54351542505963e-16,-0.370377366857849,0.0237680578963937,0,-0.370271777401191
-0.038426953100671,0.0230179386137573,3.06948898953329e-15,-0.370360335110585,0.0230211602645986,0,-0.370254929006887
-0.0371302665191433,0.0222966815346098,6.39915072939972e-15,-0.370344504337168,0.022299924982125,0,-0.370239174296889
-0.041112744173879,0.0215383160861937,7.39401224005281e-15,-0.370328625253422,0.0215425456443664,0,-0.370223174066496
-0.0487077945117798,0.0207942911967255,1.4908859234609e-15,-0.370313707175014,0.0208001069141211,0,-0.370208029972111
-0.0525087851100271,0.0201915502155703,-3.84031530102455e-15,-0.370301896759099,0.0201981570118932,0,-0.370196144066529
-0.046120802487672,0.0195900425026426,-5.18068823324352e-15,-0.370290185565769,0.019596089218235,0,-0.370184607220621
-0.0359568468441477,0.0189315135168731,3.52024403265095e-15,-0.370277516173053,0.0189357295827765,0,-0.37017235724883
-0.0272338172155204,0.0183957458177205,1.23230756678997e-14,-0.37026752769373,0.0183986628207481,0,-0.37016270579071
-0.0327591162212649,0.0178584788306479,1.87561525411794e-14,-0.370258016861082,0.017861510671878,0,-0.370153332033074
-0.0433063994959011,0.0175232181748742,1.79647292973053e-14,-0.370252358185362,0.0175271522578949,0,-0.37014763815368
-0.0490435630574129,0.0171877330403587,1.50593425213919e-14,-0.370246838373387,0.0171927623347471,0,-0.370142051872937
-0.0500521211987362,0.0169078650133044,1.13126260964302e-14,-0.370242294644968,0.0169136594125309,0,-0.370137471987762
-0.0479573372572694,0.0162095076352572,6.55858825627113e-15,-0.370231086054932,0.016216068932395,0,-0.370126354272997
-0.0465313649371011,0.0157261293424178,6.84529522006905e-15,-0.370223446537275,0.0157323556598187,0,-0.370118921219148
-0.0391264936978384,0.0152431755543146,1.10398689427324e-14,-0.370215971651663,0.0152485832492579,0,-0.3701117132585
-0.0364972787640452,0.0148440765262798,1.57257752265811e-14,-0.37020997527274,0.0148487643052865,0,-0.37010592668853
-0.0382747781945948,0.0144755390424184,1.82301417080194e-14,-0.370204615539843,0.014479871154098,0,-0.370100724546232
-0.0412892202776257,0.0142737433610119,1.81735068106324e-14,-0.370201751261708,0.0142780279753212,0,-0.370097933724895
-0.0437382348035324,0.0140718802519161,1.94635505063013e-14,-0.370198925492299,0.0140761754585111,0,-0.370095182080362
-0.0440780253927421,0.0138967771462113,1.9111748635943e-14,-0.37019650002634,0.0139010918418301,0,-0.370092827177484
-0.0440690775866603,0.0131295843772531,2.01261398599679e-14,-0.370186104094719,0.0131338503395617,0,-0.370082856261543
-0.0407342143879736,0.0126149103805779,1.79614958810058e-14,-0.370179350137632,0.012619020513319,0,-0.370076483793873
-0.0408586694008205,0.0122090540208751,1.77918249552572e-14,-0.370174230998228,0.0122130369189119,0,-0.370071638737548
-0.0420904669255122,0.0118030921765729,1.73281048974762e-14,-0.370169364393882,0.0118070210370998,0,-0.370066952112848
-0.0431510537301027,0.0110410859481915,1.77974905903741e-14,-0.370160769419055,0.0110450436349527,0,-0.370058585236587
-0.0427252218751626,0.0107791599485287,1.86982158528182e-14,-0.370157956388108,0.0107831500172348,0,-0.370055838618589
-0.0446504221228674,0.0105172215183445,1.8444992659731e-14,-0.370155208323688,0.0105212445433592,0,-0.370053157909664
-0.0444916357104962,0.0097570939840009,1.8938883574441e-14,-0.370147493513548,0.00976107868926407,0,-0.370045751198547
-0.0420506214283746,0.00949452295078375,1.78534597604411e-14,-0.370144907111659,0.00949843638157213,0,-0.37004332138049
-0.0435559088257626,0.00923194758377991,1.71292378666397e-14,-0.370142385272192,0.00923578357491925,0,-0.370040957834692
-0.0435534553812928,0.00894418488611093,1.65831064747982e-14,-0.370139703011923,0.00894794017558112,0,-0.370038443820086
-0.0432484394142915,0.00818290221635061,1.63482667079433e-14,-0.370132939404462,0.00818639960464351,0,-0.37003217685439
-0.0397829183213832,0.00791367463655145,1.6376692688561e-14,-0.370130669654532,0.00791707316293511,0,-0.370030093969843
-0.0434660221703814,0.00764440621531958,1.63744169649692e-14,-0.370128496493876,0.00764773752322789,0,-0.370028080757902
-0.043718353244168,0.00734561944873092,1.57666035211404e-14,-0.370126195397722,0.00734890890842102,0,-0.37002592870431
-0.0436788531273395,0.00658666335417019,1.55643738399038e-14,-0.370120696078145,0.00658979191083567,0,-0.370020847793486
-0.0408493468541857,0.00631747056671078,1.58556564439456e-14,-0.370118867340987,0.00632052428739235,0,-0.370019178598244
-0.0436872060798874,0.00604825398576751,1.70618322964783e-14,-0.370117127861608,0.00605124932673815,0,-0.370017579032025
-0.0438228463330098,0.00577734241578367,1.66263795494449e-14,-0.370115467121766,0.00578029717592671,0,-0.370016039824979
-0.0438230951491128,0.00502026850450351,1.60536242382394e-14,-0.370111158285059,0.00502305756897553,0,-0.370012112154059
-0.0409505980743682,0.00474651637068659,1.60989257868217e-14,-0.370109722965508,0.00474922960256441,0,-0.370010827464222
-0.0436364801611499,0.00447273879005498,1.44931731498611e-14,-0.370108377303769,0.00447539593628679,0,-0.370009614771383
-0.0437654869559012,0.00419206622506298,1.48032237851045e-14,-0.370107092325322,0.00419468911739998,0,-0.370008446394573
-0.0437588032443255,0.00343567854703968,1.59313895704939e-14,-0.370103978143355,0.00343817707624011,0,-0.370005674377893
-0.0412602321334759,0.00314575507639164,1.59896735718418e-14,-0.370102921754992,0.00314819623358725,0,-0.37000475753559
-0.0435833010530618,0.00285580571992762,1.72613171167291e-14,-0.370101965690736,0.00285821115454607,0,-0.370003921426228
-0.0436982901424732,0.00254273240280013,1.73016280315072e-14,-0.370101046972397,0.00254512591272049,0,-0.370003109360205
-0.0436892576941335,0.00178747107286874,1.70759095433784e-14,-0.370099204374221,0.00178982414581194,0,-0.370001537685531
-0.0417035551804605,0.0010315158190035,1.58114634729894e-14,-0.370097903308553,0.00103382948370462,0,-0.370000513027826
-0.0418618623223488,0.000382243395517916,1.41514713400478e-14,-0.370097324211242,0.00038463841858466,0,-0.370000071014464
-0.0436738907160017,-0.000371598221772719,1.46027792313997e-14,-0.370097389745116,-0.000368855332855578,0,-0.370000065306079
-0.0464066465045871,-0.00101257942163448,1.68687648187696e-14,-0.37009798166144,-0.00100943525251262,0,-0.370000489102567
-0.0470941400346827,-0.00176370896944564,2.02099504244684e-14,-0.37009903626139,-0.00176032612741839,0,-0.370001487417513
-0.044928536648493,-0.00238009223288566,2.12148884429626e-14,-0.370100062708455,-0.00237685689431238,0,-0.370002711796656
-0.0410567370592724,-0.00312772397356284,1.90276070115168e-14,-0.370101563439585,-0.00312489966503748,0,-0.370004687382096
-0.0378509280914751,-0.00388507044474972,1.21921628513848e-14,-0.370103680519986,-0.00388236958663157,0,-0.370007235377187
-0.0406531958817642,-0.00449965008763393,7.6137793983927e-15,-0.37010611594754,-0.0044964293236805,0,-0.370009705365749
-0.0476668169141888,-0.00525114337597897,1.2696566784752e-14,-0.370110075543795,-0.00524664952243664,0,-0.37001321457419
-0.0547052375336321,-0.00594644848153232,2.42043807770566e-14,-0.370114369346824,-0.00594098126711051,0,-0.370016944116565
-0.0522088189019502,-0.0066641491762527,3.50642264893866e-14,-0.370118832576798,-0.0066590138577412,0,-0.370021288160016
-0.0404455239144917,-0.00725416392825656,3.29875874746484e-14,-0.370122287530382,-0.00725043281116478,0,-0.370025238320562
-0.0309844038187181,-0.00765692513023573,2.4582730191046e-14,-0.370124631030315,-0.00765420464323985,0,-0.370028128280721
-0.0344625768993952,-0.00806029451400449,1.03451613969329e-14,-0.370127214300652,-0.00805795649151042,0,-0.370031174817063
-0.0392712068912527,-0.00852344510302141,5.56815703813001e-17,-0.370130628773276,-0.0085206680884316,0,-0.370034858982882
-0.0458323012842699,-0.00921994365132703,6.83994904428577e-15,-0.370136605089345,-0.00921561604094479,0,-0.370040779095715
-0.0543437714640635,-0.00997691232388552,3.39952644222893e-14,-0.370144037222779,-0.00997094140576432,0,-0.370047740435718
-0.055847203387691,-0.0106940104904984,5.82796237764826e-14,-0.370151629118734,-0.0106880049049355,0,-0.370054857132989
-0.0439731434523673,-0.0113422294931693,5.40639517659648e-14,-0.370158552204219,-0.0113380561382308,0,-0.370061736489775
-0.0293819796119721,-0.0119991508587369,1.14423841080415e-14,-0.370165419420234,-0.0119972490527514,0,-0.370069128135213
-0.0249860166665623,-0.0126342649364999,-3.42716377828175e-14,-0.370172173982302,-0.0126326016938533,0,-0.37007664861869
-0.0391800540931036,-0.0132724443673612,-4.31480805848134e-14,-0.370179611371563,-0.0132678725454519,0,-0.370084557074594
-0.0620695864319833,-0.0138862987069546,2.25034889072987e-16,-0.370187763060959,-0.0138773545222584,0,-0.37009251018268
-0.0737774319025366,-0.0145980163037674,8.1952800158622e-14,-0.370198398918332,-0.0145864127616526,0,-0.370102213513234
-0.0631995984044372,-0.0151829862156045,1.20782129509399e-13,-0.370207672211819,-0.0151735122534868,0,-0.370110614991541
-0.0300168849083318,-0.0157184965164417,8.94734960964345e-14,-0.370216007650463,-0.015713896610524,0,-0.37011864204186
-0.0106731987964064,-0.0162246406415132,1.01954101904174e-14,-0.370223478015378,-0.0162241098954733,0,-0.370126479745496
-0.0153879249983058,-0.0168435786951586,-7.16509082480827e-14,-0.370232367291252,-0.0168430247937887,0,-0.370136324862987
-0.0416271091264209,-0.0173863584444047,-7.73016296652491e-14,-0.370240425260374,-0.0173809986377638,0,-0.370145183225959
-0.0738778601997111,-0.0178906386606602,-1.65842458043218e-14,-0.370248606464551,-0.0178793022901923,0,-0.370153638041583
-0.0818767983966576,-0.0184190913561687,7.64113589005965e-14,-0.370258118090593,-0.018403928794037,0,-0.370162799068433
-0.0685085041763205,-0.0187467615886106,1.21690354803741e-13,-0.370264418184725,-0.0187316122391025,0,-0.370168656223611
-0.0439261131286291,-0.0190728751456541,1.38354650339371e-13,-0.370270809041105,-0.0190592633243234,0,-0.370174616740581
-0.0353421519162039,-0.019441420243712,1.27489348487459e-13,-0.370278027836847,-0.0194300207611489,0,-0.37018148681813
-0.0311280066470765,-0.0202937435913668,6.75311007868735e-14,-0.370294573048382,-0.0202848457703261,0,-0.370197834137487
-0.0299477506967787,-0.0209825937054532,2.83820477724552e-14,-0.370307820343022,-0.0209720144216115,0,-0.370211488916353
-0.0567996379469307,-0.0216129948434536,4.21003792546242e-14,-0.370319983709586,-0.0215977750227838,0,-0.370224322001585
-0.0744091591994884,-0.0222432885463798,1.06613455746856e-13,-0.37033269888734,-0.0222233993210897,0,-0.370237532329206
-0.0726998782588527,-0.0228682253095789,1.72917831790768e-13,-0.370346457086449,-0.0228482218713087,0,-0.370251105245188
-0.0436153495398715,-0.0233861689619523,1.80975895630555e-13,-0.370358781432842,-0.0233705530539665,0,-0.370262743002401
-0.0168552465019874,-0.0239085280085057,1.25497440371004e-13,-0.370371606736563,-0.023898922928291,0,-0.370274785312959
-0.00895641939669164,-0.0244591745063865,3.56835594257039e-14,-0.370384900134926,-0.0244530039123991,0,-0.370287705499282
-0.0269425133601669,-0.0250152414858547,-2.43321682724009e-14,-0.370397793968135,-0.025006963647227,0,-0.370300921766724
-0.0614572524026245,-0.025543017476795,-1.15193671409839e-14,-0.370409749261727,-0.0255286615324828,0,-0.370313641788389
-0.0846149167414066,-0.0262446013943377,9.3530250823836e-14,-0.370426215487788,-0.0262227813246441,0,-0.370330977328257
-0.08903865642582,-0.0268320771664428,1.94607643225825e-13,-0.37044122078533,-0.026809566123742,0,-0.370345998988658
-0.0444674291281418,-0.0273543396584259,2.14763554172518e-13,-0.370455775585719,-0.0273376016334836,0,-0.370359804167599
-0.00606781955530113,-0.0278315250994733,1.4599304224143e-13,-0.370469689358851,-0.0278227218435029,0,-0.370372727563681
0.00378126777993484,-0.0283283097145572,3.2757384915588e-14,-0.370483968173455,-0.0283246836496104,0,-0.370386341931918
-0.0163530421749436,-0.0288311347055229,-5.03617578761766e-14,-0.370497768476611,-0.0288265298078226,0,-0.370400199698957
-0.0551491860476157,-0.0293268817930758,-5.47571382465275e-14,-0.370510865907835,-0.0293162157889736,0,-0.370413959464246
-0.0833608246132939,-0.0296539558348704,-1.70908267448284e-14,-0.370519492713019,-0.0296383902212813,0,-0.37042314046943
-0.0735606540349003,-0.02997965518377,3.18148620442435e-14,-0.370528363210712,-0.0299605147379174,0,-0.370432421811338
-0.0651195885480636,-0.0303347930986406,7.45287063863549e-14,-0.370538445349279,-0.0303138050291902,0,-0.370442718180394
-0.0547185086079038,-0.0308629129571854,1.01293525050573e-13,-0.370554083895295,-0.0308419600754097,0,-0.370458339345249
-0.0437584978775473,-0.0311943556098537,9.51555387666632e-14,-0.370564218752241,-0.0311745596979719,0,-0.370468317197715
-0.0383004259827952,-0.0315255794506894,7.84284927927109e-14,-0.370574490020087,-0.0315071032806777,0,-0.370478402065227
-0.0381534289542052,-0.0318838318246863,5.6631332808776e-14,-0.370585675994181,-0.0318664123378332,0,-0.370489420859417
-0.0402040471485896,-0.0326058142978762,3.42994538906202e-14,-0.370608369234076,-0.0325887951647485,0,-0.37051195837186
-0.0449415465437424,-0.0333281562651327,4.42076162955302e-14,-0.370631291272232,-0.0333095333412752,0,-0.370534956828885
-0.057493372058882,-0.0339535054073778,7.95735708779985e-14,-0.370651360823597,-0.0339326229775397,0,-0.370555252201418
-0.0602480071680906,-0.0347272876554754,1.20584189809134e-13,-0.370676829450251,-0.0347051370846298,0,-0.370580946832751
-0.0517343360570668,-0.035351259331616,1.12885374008048e-13,-0.370698177901037,-0.0353308819336584,0,-0.370602192146249
-0.0324061676883582,-0.035936517331735,5.86771110528876e-14,-0.3707188876249,-0.0359195547909248,0,-0.370622532475554
-0.0239201902460379,-0.0365871244832889,-1.45947433522089e-14,-0.37074228063346,-0.0365728117817453,0,-0.370645506188238
-0.031484578430346,-0.037176174766349,-3.64408738178387e-14,-0.370763361785499,-0.0371606947881123,0,-0.370666542599129
-0.0570000846803259,-0.0377684555927554,1.70907539003072e-14,-0.370784334718464,-0.0377483677388943,0,-0.370687914399984
-0.0770220367291284,-0.0383213821209813,1.07369872438966e-13,-0.370804038130003,-0.0382965634278217,0,-0.370708159937256
-0.0745021620773577,-0.038954333609126,1.73991595593925e-13,-0.370827477064177,-0.0389282195755185,0,-0.370731858487791
-0.0502813633912709,-0.0394725031542887,1.49559002766579e-13,-0.370847662598618,-0.0394499098335566,0,-0.370751730947026
-0.0205957790842488,-0.0400023525135351,5.47283889451417e-14,-0.370869016087132,-0.0399855756266676,0,-0.370772418118516
-0.00898999962693987,-0.0406588219472918,-6.8049015664217e-14,-0.370895552791323,-0.0406463225867144,0,-0.370798330394269
-0.0228669407281336,-0.0412376055514161,-9.16683339905195e-14,-0.370918390783906,-0.0412227400437257,0,-0.370821291865153
-0.0663113453583507,-0.0417766320931101,-5.88137341119585e-15,-0.370939125409182,-0.0417547479771685,0,-0.370842779284093
-0.0931646449408714,-0.042355325575816,1.48563585187968e-13,-0.370961553707138,-0.04232577521082,0,-0.370866158114313
-0.0924880176814892,-0.042936397129996,2.47656584469151e-13,-0.370985278694129,-0.0429050072193906,0,-0.370890206932548
-0.0526955910823474,-0.0434135889933713,2.19948615676096e-13,-0.371006048871186,-0.0433868661929923,0,-0.370910469633814
-0.013234944132045,-0.0438848307755905,9.67587684896959e-14,-0.371027363056621,-0.0438657324973922,0,-0.370930837683965
0.00191930012050084,-0.0444660872592262,-6.51121935840423e-14,-0.371053555063719,-0.044453394559362,0,-0.370956148558721
-0.0102254889430606,-0.0450107420759888,-1.20994245857041e-13,-0.371077240611957,-0.0449970271799081,0,-0.370979872834851
-0.0588221417985231,-0.0455105052037785,-4.54374404835562e-14,-0.371098178098142,-0.0454899728827339,0,-0.371001642799595
-0.0927897189797894,-0.0460172535804426,1.08728296319833e-13,-0.371119327987384,-0.0459883087818892,0,-0.371023900211781
-0.0985658391304318,-0.0465046099245297,2.32245827619584e-13,-0.37114051581227,-0.0464712453202853,0,-0.371045709355105
-0.0704881146212572,-0.0469857041010891,2.53793775300066e-13,-0.371162748521712,-0.046954002304707,0,-0.371067746283957
-0.0325188841691655,-0.0474505664138063,1.69236579899715e-13,-0.371185289975439,-0.0474248874021715,0,-0.371089468758449
-0.00763827146906516,-0.0479773720143158,2.299967783444e-14,-0.371211181575817,-0.0479587099585604,0,-0.371114366614489
-0.00515597732104656,-0.0484931448839558,-7.53265007718046e-14,-0.371236028534346,-0.0484770711781716,0,-0.371138820283389
-0.0357045535055384,-0.0490147361447322,-6.00121262873213e-14,-0.371260270127919,-0.0489952159340983,0,-0.371163536783922
-0.0730233883651121,-0.049527944778987,5.4685529355191e-14,-0.371283644731334,-0.0495013254296809,0,-0.371187943057834
-0.0933053132960051,-0.0501880058149507,2.21515451858884e-13,-0.371314466425332,-0.0501543658917374,0,-0.371219820688237
-0.0880877926653708,-0.0507225199493508,2.70591695306131e-13,-0.371340936092964,-0.0506892552822343,0,-0.371246255222509
-0.0400412304069958,-0.0511940029508089,1.9180297028143e-13,-0.371365659847254,-0.0511666563376584,0,-0.371270095684708
-0.00770964494756764,-0.0516712883007585,3.602676282751e-14,-0.371391321289266,-0.0516517872420171,0,-0.371294561158415
0.000714423957893881,-0.0521853505694418,-9.82757434327205e-14,-0.371418470080009,-0.0521705092656529,0,-0.37132098751115
-0.0224016533010116,-0.0527058238164238,-1.14670158036138e-13,-0.371444850064872,-0.0526889965664825,0,-0.371347677869405
-0.0641922973057432,-0.0532032933165007,-9.13832694810567e-15,-0.371469266601454,-0.0531795973327082,0,-0.371373187084528
-0.0924044671624195,-0.0537897002263089,1.69119278681057e-13,-0.371498292807014,-0.0537576624723911,0,-0.371403561963298
-0.0970908889895977,-0.0543670217637513,2.70731156679109e-13,-0.371528414051288,-0.0543324505614663,0,-0.371434106124803
-0.0578689843782458,-0.0548417524603068,2.23561507604887e-13,-0.371554839045716,-0.0548115310959164,0,-0.371459824966149
-0.0164007843607195,-0.0552961361814216,7.9079175668939e-14,-0.371581112800199,-0.0552734989222731,0,-0.371484849805774
0.000646062008726196,-0.0558845061470543,-1.04035156588951e-13,-0.371614865633785,-0.0558689430607723,0,-0.371517430928581
-0.00677634186219574,-0.0564323824506317,-1.4948685210291e-13,-0.371645006661121,-0.0564161680934006,0,-0.371547697732997
-0.0568071558693239,-0.0569333692852594,-4.39323352204872e-14,-0.371671378686119,-0.0569101529187724,0,-0.371575286847959
-0.0940040996781744,-0.0574464283695146,1.46053015270782e-13,-0.371698172723425,-0.057414028699479,0,-0.371603689772646
-0.103267259720792,-0.0579265455477315,2.82986257480817e-13,-0.371724305962573,-0.0578891414025596,0,-0.37163071351368
-0.0743738332901066,-0.0584000525113195,2.91534724642352e-13,-0.371751784958963,-0.0583640332834834,0,-0.371657959908418
-0.0351404193317673,-0.0588509675190708,1.82002774184808e-13,-0.371779297864703,-0.0588210191565079,0,-0.37168440129922
-0.00864356192441814,-0.0593609339205732,1.1800390841792e-14,-0.371810803285116,-0.0593383412399971,0,-0.371714597294762
-0.00437656763377919,-0.059872892938505,-9.37076885065269e-14,-0.371841698541875,-0.0598534309111274,0,-0.371744941437242
-0.0333355616790349,-0.0603909024865685,-6.29556979942278e-14,-0.371871697434461,-0.0603682511911517,0,-0.371775547776799
-0.0720350038445411,-0.0608953587136055,7.79050998640042e-14,-0.371900165886127,-0.0608655097499892,0,-0.371805374405899
-0.0939824887504578,-0.0614375895857549,2.40282158070938e-13,-0.371931281047887,-0.0614009671722659,0,-0.371837783201928
-0.0875055973730057,-0.0619737950830391,2.9579888701372e-13,-0.371963751564676,-0.0619361250073877,0,-0.371870475782625
-0.0504264018262446,-0.0624411524784207,2.13204692044378e-13,-0.371993721057478,-0.0624082002499916,0,-0.371899565640232
-0.0165685878496951,-0.0629093789587794,5.27954950756412e-14,-0.372024604440733,-0.0628835673500422,0,-0.371929096435974
-0.00456721559746806,-0.0635728963562627,-1.12785526010243e-13,-0.372067672933183,-0.0635528308436349,0,-0.371971078150241
-0.017199882528049,-0.0641170495906379,-9.6430384314761e-14,-0.372101468579101,-0.0640944218987734,0,-0.372005399107398
-0.0697033793716262,-0.0646220465524527,6.19397630808512e-14,-0.372131667737973,-0.0645915581541687,0,-0.372037177402783
-0.0994973739498303,-0.065162067300707,2.751178121988e-13,-0.372164117295567,-0.0651227340608053,0,-0.372071422426522
-0.101020036466343,-0.0657076850429085,3.71980348372244e-13,-0.372198820203422,-0.0656655262402813,0,-0.372106727273174
-0.0612373950239271,-0.0661667789356717,2.94083628994219e-13,-0.372230091489608,-0.0661290551255516,0,-0.372137125816907
-0.018139732721457,-0.0666148199242197,1.09790812698965e-13,-0.372261853923534,-0.0665851697800814,0,-0.372167262614289
0.000992559238451124,-0.067175995789934,-9.66374131538384e-14,-0.372301336891632,-0.067154126970369,0,-0.372205167894553
-0.00517472964253825,-0.0677241888232505,-1.3651803108247e-13,-0.372338205421634,-0.0677024536359613,0,-0.372242027739469
-0.0541740002903041,-0.068212371342807,-2.24613325352679e-15,-0.372369444652528,-0.0681840333660125,0,-0.372274667559112
-0.0932913634519901,-0.068713650263275,2.159982412863e-13,-0.372401089483444,-0.0686761157517037,0,-0.372308277467085
-0.104855806343533,-0.0691921003315896,3.63562134211613e-13,-0.372432459368625,-0.069149133996378,0,-0.372340831755818
-0.0785515074727681,-0.0696637456649408,3.56128042439973e-13,-0.372465440973231,-0.0696218843349051,0,-0.372373609434848
-0.0386143453583927,-0.0701073206610457,2.15006412157954e-13,-0.372498130981263,-0.0700715668781088,0,-0.372405012460474
-0.0104753415337628,-0.0705989886621626,1.81054084768993e-14,-0.372534903204839,-0.0705709273029101,0,-0.372440141877786
-0.00439604908445045,-0.0711145989246286,-9.8484734265344e-14,-0.372572567483899,-0.0710904284585543,0,-0.372476975944071
-0.0306229508050665,-0.071636567237176,-4.86147364217935e-14,-0.372609037268707,-0.0716095958462168,0,-0.372514080079676
-0.0713611358193369,-0.0721364995342497,1.25256311475946e-13,-0.372642892974487,-0.0721022820837393,0,-0.372549563718845
-0.0959027411158805,-0.0727365030141772,3.28670794373628e-13,-0.372684120038506,-0.0726944973728376,0,-0.372592566866489
-0.0945632344231039,-0.0732696520778174,3.65051337306841e-13,-0.372722853003073,-0.0732267390315401,0,-0.37263154303809
-0.0503966263769765,-0.0737287501022406,2.34591195264894e-13,-0.372758308468448,-0.0736912238748787,0,-0.372665811569604
-0.013974557082673,-0.0741836976520885,2.25716385826835e-14,-0.372794517816228,-0.0741542464494795,0,-0.3727002084694
-0.00100172036059663,-0.0747001411750561,-1.47682031499443e-13,-0.372834977409336,-0.0746767213565015,0,-0.37273930573459
-0.0169942032323383,-0.075223188316127,-1.38483298442724e-13,-0.372874121209779,-0.0751988383909815,0,-0.372778677409661
-0.0602973627512645,-0.0757099139492851,2.80760013468198e-14,-0.372909034542416,-0.075678928332108,0,-0.372815146158667
-0.0927589296340964,-0.0762404558160946,2.55339724912514e-13,-0.372946947494802,-0.0762009037117422,0,-0.372855086639716
-0.100236007457958,-0.076713616177041,3.62895153580738e-13,-0.372982160151587,-0.0766701469642866,0,-0.372891250571268
-0.0692208486272412,-0.0771803245042106,3.0372749061616e-13,-0.373019044144865,-0.0771390922525825,0,-0.372927636445339
-0.0324615297835122,-0.0776265937529328,1.27282294370644e-13,-0.37305590298344,-0.0775917791695211,0,-0.372962993500835
-0.00958330254313394,-0.0781459828269455,-7.53116083096296e-14,-0.373099010166823,-0.0781183248143371,0,-0.373004407415095
-0.00888670194872657,-0.0787642688782456,-1.32892523775881e-13,-0.373148596374013,-0.0787384071274142,0,-0.373053576382718
-0.0442001442358154,-0.0792711816362526,1.34499396822768e-14,-0.373187339507198,-0.0792398798964287,0,-0.37309365600745
-0.0871044843209889,-0.0797735541725948,2.5284493331655e-13,-0.373224933907496,-0.0797336000101646,0,-0.373133392447812
-0.102660029819482,-0.0802614179073273,4.19994263422937e-13,-0.373262453389414,-0.0802154185831867,0,-0.373172436006813
-0.0833597541189467,-0.0807425675401975,4.04244939362837e-13,-0.373301777180635,-0.0806969052384031,0,-0.373211714708641
-0.0441982300051123,-0.081184494940822,2.35200683211235e-13,-0.373339913267181,-0.0811445152923975,0,-0.373248465254703
-0.0140781410180734,-0.0816586465452665,9.05038496520456e-15,-0.373381626123844,-0.0816263347959374,0,-0.373288278561269
-0.00553441968092487,-0.082170800559272,-1.23879073257604e-13,-0.373425768093408,-0.0821430927442779,0,-0.373331272210242
-0.0272068320328254,-0.0826892294799734,-5.98593776029172e-14,-0.373468500458163,-0.0826594575492184,0,-0.37337453708027
-0.0677553655047316,-0.0831803481651902,1.45508543526228e-13,-0.373507574212711,-0.0831436823762093,0,-0.373415385682491
-0.0945268891738271,-0.0837507746981278,3.74246509510088e-13,-0.373553275888035,-0.0837061285204929,0,-0.373463169869799
-0.0966211538654131,-0.0842954672994931,4.12957124717359e-13,-0.373599216837614,-0.084248963928936,0,-0.373509632187164
-0.0570560462092662,-0.0847508629903309,2.52427996578792e-13,-0.37364008438561,-0.08470915724595,0,-0.37354928645365
-0.0184522243998695,-0.0851962553769102,5.47011064761335e-15,-0.373681432119121,-0.0851624814184203,0,-0.373588587490662
-0.00258218673629915,-0.0857793766009877,-2.03250997885074e-13,-0.37373481076508,-0.0857527166782417,0,-0.373640113882828
-0.0117624853176175,-0.0863102337696184,-1.52863084646032e-13,-0.373781116307035,-0.0862825055396771,0,-0.373686707039128
-0.0626635738253162,-0.0867924334599686,8.3719732423828e-14,-0.373821204541466,-0.0867573950079695,0,-0.373728748955631
-0.0976509260857377,-0.0872959878700333,3.647415704534e-13,-0.373862736661068,-0.0872516747244123,0,-0.37377278624324
-0.105003569796825,-0.0877543938071963,4.80998828076602e-13,-0.373902202241103,-0.0877056277645804,0,-0.373813481718075
-0.0731753903148865,-0.088205925787897,3.87847567213786e-13,-0.373943640997298,-0.0881592512764972,0,-0.373854388297325
-0.0345244472686509,-0.0886383222692503,1.61165883994909e-13,-0.373985241593204,-0.0885982906184768,0,-0.37389420929164
-0.00981234812964212,-0.0891363191377253,-8.08451903008565e-14,-0.374033470121945,-0.089103972454066,0,-0.373940355258427
-0.0073813491897109,-0.0897363310000577,-1.40960147267211e-13,-0.374089587852298,-0.0897066579279752,0,-0.373995746463796
-0.0405097825340644,-0.0902339034319288,4.3862162808316e-14,-0.374133793761585,-0.090199251539796,0,-0.374041337817567
-0.0856348696378744,-0.0907231534372911,3.2882761926574e-13,-0.374176119245644,-0.0906798422305272,0,-0.374086094986386
-0.103823948603184,-0.0912079651094216,5.21385016710861e-13,-0.374219033055556,-0.0911580290950151,0,-0.374130900213668
-0.087858306972634,-0.0916859343610922,4.87660643170595e-13,-0.374263984150845,-0.0916358316150045,0,-0.374175940998711
-0.0482886925612075,-0.0921196255868099,2.74274675356016e-13,-0.374307170227743,-0.0920750852583539,0,-0.374217587972007
-0.016114821037808,-0.0925750143062929,5.69496901923166e-15,-0.374353560275618,-0.0925383544724743,0,-0.374261761689053
-0.00563519664322061,-0.0930828665829105,-1.51266046811695e-13,-0.374404318362763,-0.0930515713233047,0,-0.374310998103058
-0.0240197371751824,-0.0935971196077965,-6.42014779042893e-14,-0.374453394477091,-0.0935643333696678,0,-0.374360506705985
-0.0655663507033798,-0.0940766780585957,1.84472105808765e-13,-0.374497373175864,-0.0940371609130633,0,-0.37440644000999
-0.0945193208327464,-0.0946172498984118,4.48336391507123e-13,-0.374547003461995,-0.0945695345068968,0,-0.374458480926019
-0.0989025845508408,-0.0951680068922398,4.87420533347417e-13,-0.374600117627701,-0.0951176328933281,0,-0.374512417347883
-0.0628379469573895,-0.0956169996661734,2.86984245055777e-13,-0.374646274432815,-0.0955710576851814,0,-0.374557312827235
-0.0217078653397185,-0.0960518278942572,-9.30855885803873e-15,-0.37469268372587,-0.0960138711371356,0,-0.374601399067869
-0.00352028852270408,-0.096588854218527,-2.48058954448983e-13,-0.37474946820765,-0.0965585038664705,0,-0.374655950391487
-0.00995092041365867,-0.0971215771745917,-1.92286658736922e-13,-0.37480319829765,-0.0970912889469204,0,-0.374709666118099
-0.056825874304465,-0.0975958772038986,8.43640566674189e-14,-0.374848625927819,-0.0975589069678582,0,-0.374757098582141
-0.094793488572877,-0.0980841488802368,4.08130290047087e-13,-0.374894703211698,-0.0980379565340322,0,-0.374805969499146
-0.105564666164602,-0.0985419812181604,5.45777748142174e-13,-0.374939532299423,-0.0984905821818888,0,-0.374852404759982
-0.0785085101436187,-0.0989928373655282,4.34319475649921e-13,-0.374986565364027,-0.0989428259942302,0,-0.374899053821062
-0.0394941182535758,-0.0994177030132891,1.66188836178844e-13,-0.375033181156861,-0.0993740263649013,0,-0.374943768326192
-0.0125588054458911,-0.0998915246990226,-1.13475801807319e-13,-0.375085763135658,-0.0998556426459161,0,-0.374993983998202
-0.00750023319519195,-0.100379349955733,-2.01427517566416e-13,-0.375138443915939,-0.100347179596643,0,-0.375045532044181
-0.0345643334679309,-0.100873369656598,-3.6437574512986e-14,-0.375189326731858,-0.100838254564149,0,-0.375097333092209
-0.0737520615577869,-0.101352379113085,2.57377198454498e-13,-0.375237078393237,-0.101309949549788,0,-0.375147374343247
-0.0970811587255225,-0.101945103848527,5.05329469468463e-13,-0.375297042815808,-0.101894869114565,0,-0.375209815720952
-0.0953420161874979,-0.10245078401191,4.42482953150523e-13,-0.37535111971489,-0.102400050629506,0,-0.375264091980219
-0.0499599895394357,-0.102887553313345,1.64942914047003e-13,-0.375400699394298,-0.102842554735151,0,-0.37531189933187
-0.0150939468104814,-0.103322362166288,-1.60371751678072e-13,-0.375451416892807,-0.103285654087088,0,-0.375360019740078
-0.00338927400096223,-0.103814303054064,-3.3524146149371e-13,-0.37550764271717,-0.103783501958415,0,-0.375414383580069
-0.0209738164507326,-0.104312926069081,-2.07043158094712e-13,-0.375561855166144,-0.10428085306046,0,-0.375469008699135
-0.0641835102563726,-0.104779158667631,1.09166319810737e-13,-0.375610331811524,-0.104740113745134,0,-0.375519731151682
-0.0955382419939337,-0.105294051558385,4.30657904209681e-13,-0.375663691379779,-0.105246233058496,0,-0.375575942152436
-0.101864751672647,-0.105846414151071,4.79080592439164e-13,-0.375723791253008,-0.105794961090343,0,-0.375637257707372
-0.0681812675536143,-0.106286509461915,2.34719589332906e-13,-0.37577498275675,-0.106239089947404,0,-0.3756871697277
-0.0238191611975882,-0.106708931579951,-1.18492855576153e-13,-0.375826188212411,-0.106669522893304,0,-0.375735786173416
-0.00346112528380576,-0.107211216107831,-3.9153944777644e-13,-0.375886712034705,-0.107179749631911,0,-0.375793726626107
-0.00808214124369357,-0.10773923516996,-3.20611076949478e-13,-0.375947372055253,-0.107708564448976,0,-0.375854135593621
-0.0524648417044782,-0.108202535597764,1.53396244600788e-14,-0.375997726929183,-0.108165456278395,0,-0.375906622565033
-0.0930846540165176,-0.108675585493856,4.03629950479421e-13,-0.376048107559659,-0.108629072929873,0,-0.375960161620993
-0.1066998636939,-0.109129797775459,5.76074391380284e-13,-0.376098091315354,-0.109077262516899,0,-0.376012187614381
-0.0832410997006275,-0.109576875288237,4.46228120178317e-13,-0.376150526445857,-0.109525019520441,0,-0.37606442771505
-0.0436597804105612,-0.109992285200205,1.30675429248306e-13,-0.376201939032873,-0.109946451822553,0,-0.376113838535836
-0.0146210928100746,-0.110446106115379,-1.92904138376101e-13,-0.376258976741083,-0.110408133067505,0,-0.376168238527921
-0.00741014860086144,-0.110928843249509,-2.97561691369831e-13,-0.376318124686145,-0.11089518378083,0,-0.376225934939426
-0.0313431500050875,-0.111417917376979,-9.32289923421276e-14,-0.376375192806511,-0.111381711048694,0,-0.376283885174311
-0.0717081654761112,-0.111885034197231,2.60535688248883e-13,-0.376427723611708,-0.111841514168427,0,-0.376338943349852
-0.0972577383778364,-0.11244232238712,5.56191032785455e-13,-0.376490967119061,-0.112390570289718,0,-0.376405060693259
-0.0981482708317291,-0.112948120290849,4.92069666760259e-13,-0.376551522982438,-0.112894937729882,0,-0.376466154417845
-0.0558537875481396,-0.113377029408007,1.68798921001116e-13,-0.376606167778437,-0.113329078550759,0,-0.376519016936872
-0.0185535451719081,-0.113798735420928,-2.11343369517965e-13,-0.376661614350577,-0.113759020620538,0,-0.376571620003022
-0.00404469678957263,-0.114374709109279,-4.20428239487058e-13,-0.376735806093522,-0.114342069056914,0,-0.37664335715544
-0.0152754707887434,-0.114872200449193,-1.99049897413524e-13,-0.376796490602153,-0.114837706762059,0,-0.37670470430062
-0.06896902070516,-0.115329003859351,2.3638850186682e-13,-0.376849468127212,-0.115286468204209,0,-0.376760539612592
-0.102325929147691,-0.115811093018843,6.32255586544496e-13,-0.376905070591917,-0.115758864357736,0,-0.376819614569071
-0.107435294833697,-0.116329904618276,6.66718497036447e-13,-0.376968262929411,-0.116273540863155,0,-0.376884327088511
-0.0716468519023945,-0.116749703580012,3.47640683438675e-13,-0.377023248197544,-0.116697400571647,0,-0.37693789599055
-0.0248179484664457,-0.117154918748666,-9.2560036875241e-14,-0.377078766260915,-0.117111047518325,0,-0.376990414575931
-0.00257908921051159,-0.117634240247752,-4.23840149033433e-13,-0.377144134625082,-0.117599039100482,0,-0.37705267861589
-0.00556772864861697,-0.118151505125774,-3.35693647933968e-13,-0.377211255402704,-0.118117872430294,0,-0.377119242733842
-0.049527703846199,-0.118600859242211,6.90933998963073e-14,-0.377266166718927,-0.118561074121951,0,-0.377176402525996
-0.0928171217086475,-0.119055775155426,5.27817644173778e-13,-0.377320363586898,-0.119006421356668,0,-0.377234117381298
-0.108502011967296,-0.119503244715369,7.32292425181495e-13,-0.377375307882922,-0.119447271561314,0,-0.377291525153599
-0.0876675241591765,-0.119943329363032,5.68114370712248e-13,-0.377432991528076,-0.119887640985744,0,-0.377349145079694
-0.0469925487957227,-0.120347491814484,1.83852008701118e-13,-0.377489102259945,-0.120297829859381,0,-0.377403063865348
-0.0158853172716904,-0.120781569221189,-2.05177313062489e-13,-0.377550522459648,-0.120740110163191,0,-0.377461469701255
-0.00679236862934271,-0.121254089735976,-3.36655548922167e-13,-0.37761577590962,-0.121217702411204,0,-0.377524852809775
-0.0282850842826406,-0.121733103122031,-9.6545013568847e-14,-0.377678649303184,-0.121694717001195,0,-0.377588485986471
-0.0697262568409946,-0.122186295179163,3.2065731680825e-13,-0.377735726081601,-0.122140720863106,0,-0.377648278804938
-0.097460229277362,-0.122708486644388,6.67366070458743e-13,-0.377801735752626,-0.122654465144965,0,-0.377717509493444
-0.100343746632604,-0.123214514889751,6.00226903239371e-13,-0.377869112916159,-0.123158280221832,0,-0.377785774069347
-0.0613985058924541,-0.123634188118614,2.19583015325786e-13,-0.377928727284339,-0.12358281910592,0,-0.377843584086542
-0.0217124980554687,-0.124043020473743,-2.27962550189317e-13,-0.377988906166377,-0.123999941524269,0,-0.377900640739891
-0.0048830528491938,-0.124566234924011,-4.89115599814142e-13,-0.378064776386884,-0.124530785478632,0,-0.377973622000363
-0.0130317738537133,-0.125059928394434,-2.64154292943855e-13,-0.378132693013857,-0.125023871077886,0,-0.378041783867647
-0.0625252073132693,-0.12550558117646,2.2341574769452e-13,-0.3781907711342,-0.125462236481793,0,-0.37810268323219
-0.0987791984661071,-0.125968458854307,6.80837785228647e-13,-0.378250317052082,-0.125915546797622,0,-0.378165958634309
-0.107577833211318,-0.126394206836943,7.80716450183965e-13,-0.378307388234738,-0.126336385129646,0,-0.378224975279188
-0.0776267654993413,-0.126812680964873,5.10315909933793e-13,-0.378367292230156,-0.12675674323578,0,-0.378284188729661
-0.0388056513498776,-0.127210215046864,7.02457725608413e-14,-0.378427099231219,-0.127161038530395,0,-0.378341389409697
-0.0131526746081761,-0.127661645698347,-3.0444194045878e-13,-0.378495526142849,-0.127620501742141,0,-0.37840669390298
-0.0095205455811264,-0.128115570096887,-3.27929324328388e-13,-0.378562167536696,-0.12807782898839,0,-0.378472011333981
-0.0389730266212098,-0.128575690049557,7.46980780479676e-15,-0.378626372155889,-0.128534575853383,0,-0.378537562262685
-0.0775667056871884,-0.129025667882934,4.60630812893117e-13,-0.378687120031216,-0.128976941277601,0,-0.37860135176451
-0.0993941229446419,-0.129608651979585,7.35719949287927e-13,-0.378767321364841,-0.129552066783728,0,-0.37868473238165
-0.0960790334857407,-0.130074868101586,5.01458065509864e-13,-0.378835379411574,-0.130018550019017,0,-0.378752734950098
-0.0472670164656084,-0.130482831243073,8.47632665101921e-15,-0.378898632621608,-0.130432998709512,0,-0.378813433285438
-0.01372820530757,-0.130890418673098,-4.59306938281553e-13,-0.378963366210983,-0.130849354349717,0,-0.378874678324174
-0.00414659054290181,-0.131341918472019,-6.03724817675138e-13,-0.379033194029188,-0.131306534932052,0,-0.378942238516301
-0.0252639333475482,-0.131800216784962,-2.98184002800941e-13,-0.379100280639792,-0.131763109914393,0,-0.379010034192367
-0.0683077205594759,-0.132234864993643,2.12476580201504e-13,-0.379161043348226,-0.13219043598573,0,-0.379073782142076
-0.0980750442098339,-0.13272673038323,6.34063597144165e-13,-0.379229761127454,-0.132673362810239,0,-0.379146169673112
-0.102986591260212,-0.133229006886078,5.71091182055767e-13,-0.37930363135645,-0.133172488117849,0,-0.379221371697045
-0.066610941921605,-0.133638005998014,1.28803425165969e-13,-0.379367995329436,-0.1335859129444,0,-0.379283960106314
-0.0241343150757769,-0.134032639930191,-3.94580028355935e-13,-0.379432619929679,-0.133988819490128,0,-0.379345217559498
-0.00511255716510502,-0.134514105335699,-6.97655934568397e-13,-0.379510633682354,-0.13447824567361,0,-0.379419977827451
-0.0111923325356041,-0.135000588654062,-4.49068224953416e-13,-0.37958545850861,-0.134964997159913,0,-0.379494710241425
-0.0574384801819002,-0.135433225282345,1.17355288597532e-13,-0.379648278638871,-0.135390780714457,0,-0.379560394705572
-0.0962601732952807,-0.135877969893926,6.57013221721725e-13,-0.379711647325127,-0.135825870090405,0,-0.379627817382835
-0.108107888637324,-0.136298909591254,7.99281580960161e-13,-0.379773841930926,-0.136241080156425,0,-0.379692445882533
-0.0823631595879977,-0.136712446752976,5.00965238861599e-13,-0.379839106066435,-0.136655756344806,0,-0.379757271518647
-0.0430637768088944,-0.13710029113279,-2.85708262709744e-15,-0.379903676885649,-0.137050031084765,0,-0.379819168547854
-0.0151880611442984,-0.137528352609106,-4.32778677423728e-13,-0.379975825616673,-0.137486167850016,0,-0.379887934683998
-0.00943858724421436,-0.137973352655527,-4.68674785263424e-13,-0.38004864297108,-0.137935203568868,0,-0.379959062100061
-0.0355173455414885,-0.138424651994764,-7.81441018467048e-14,-0.380118748485392,-0.138383600449463,0,-0.380030421277595
-0.0750714549740431,-0.138860364777668,4.53523431196214e-13,-0.380183956028003,-0.138811771919938,0,-0.380098873581417
-0.0991249445076477,-0.1393959482182,7.92994068177469e-13,-0.380265104081348,-0.13933911197352,0,-0.380183600652323
-0.0986172621469361,-0.139860108094354,5.58563633378308e-13,-0.380339531150803,-0.139802453736963,0,-0.380258430077876
-0.0539246566140585,-0.140257492762162,1.02063128533367e-14,-0.380407392431924,-0.140205631873292,0,-0.380323837370805
-0.0180823469853086,-0.140650309058203,-5.24638708212392e-13,-0.380476464620567,-0.140607043112912,0,-0.380389231179131
-0.00550109090628286,-0.141097658995557,-7.10749491423895e-13,-0.380553435586977,-0.141060750552621,0,-0.380463474041437
-0.0218917135349642,-0.141551770547032,-3.62282852350727e-13,-0.380627428040532,-0.141513777413864,0,-0.380537955903555
-0.0652759405647253,-0.141975033636251,2.34217624849832e-13,-0.380693034673552,-0.141929925768185,0,-0.380606684465661
-0.0973806264908177,-0.142438055853399,7.29233505972416e-13,-0.380764328997323,-0.142383852177304,0,-0.380681992075763
-0.10445034396521,-0.142846279468995,7.42009453670286e-13,-0.380829897031525,-0.142788078705624,0,-0.380749354118119
-0.0726313524221677,-0.143247396329714,3.35489497438068e-13,-0.380898532796329,-0.143191751952664,0,-0.380816906998959
-0.0360130946661692,-0.143630534848514,-2.05565345777101e-13,-0.380967112024053,-0.143581837687633,0,-0.380882455893565
-0.0135357470062567,-0.144078946475298,-5.79175816397224e-13,-0.381047456688897,-0.144037924544236,0,-0.380959433175419
-0.0131229451618789,-0.14450852572204,-4.67200564383005e-13,-0.38112166400658,-0.14446976687177,0,-0.381032655574384
-0.0462758882823769,-0.144944036380532,3.60905083984429e-14,-0.381193161249653,-0.144900962969313,0,-0.381106097009948
-0.0827401185370153,-0.145377616531666,5.91040076035193e-13,-0.381262374581283,-0.145326563983708,0,-0.381178908937635
-0.100300967786377,-0.145816893467255,8.16418327542224e-13,-0.381333974117029,-0.1457596426734,0,-0.381253331495365
-0.0866695838521462,-0.146249284429117,5.38207881383016e-13,-0.381408581077851,-0.146192059694927,0,-0.381327975336009
-0.0503252855999231,-0.146636820229513,-2.04249378530025e-15,-0.381479210392747,-0.146585178001123,0,-0.381396127211859
-0.0206150659314536,-0.147043958397412,-4.90300484082353e-13,-0.381554889036673,-0.147000032501346,0,-0.381468350021773
-0.0117654236647615,-0.147489954026023,-5.77409073131383e-13,-0.381635873761269,-0.147450828699802,0,-0.381547183988268
-0.0314879844932147,-0.147942165340873,-1.52961766572787e-13,-0.381713947799876,-0.147900890916468,0,-0.381626259143537
-0.0713323952112183,-0.148367991661216,4.56153732124825e-13,-0.381784500380892,-0.148319490221797,0,-0.381700139337137
-0.0978151162630177,-0.148857673849173,8.72891212597626e-13,-0.381865988011005,-0.148800836957181,0,-0.381785492753316
-0.0998321444468708,-0.149325191169263,6.59313584823339e-13,-0.38194802388519,-0.149266443988829,0,-0.381868463009599
-0.0608367036589105,-0.149713828558152,5.41369488750717e-14,-0.382020805717727,-0.149660183632057,0,-0.381938941174079
-0.0225480929206379,-0.150093186412199,-5.6329835063572e-13,-0.382094333712993,-0.150047937141717,0,-0.382008630840243
-0.00692898253405259,-0.15059102270983,-8.00115881789016e-13,-0.38218901020943,-0.150553260227827,0,-0.38209987440431
-0.0164807628043519,-0.15104248816803,-3.28739803114332e-13,-0.382270131571035,-0.151003511671777,0,-0.382181579772469
-0.0672626297549501,-0.151454084236789,4.25683032948824e-13,-0.38234009904668,-0.151407344784323,0,-0.382255188779797
-0.101684441822775,-0.151884721703369,1.01997895903962e-12,-0.382412539550362,-0.151828218280677,0,-0.382332234509031
-0.10859743062297,-0.152274569902954,1.03056611337617e-12,-0.382481180526161,-0.15221350317502,0,-0.382403062615454
-0.0763922226643149,-0.152656898311024,5.36054650730806e-13,-0.382553259621059,-0.152598214434978,0,-0.3824740700965
-0.0378940588288763,-0.153022321627663,-1.18650764635455e-13,-0.382625639114446,-0.15297080211459,0,-0.3825431123951
-0.0135310941807134,-0.153444872020954,-5.80398967809099e-13,-0.382709651060331,-0.153401571234778,0,-0.382623271772952
-0.0114170760021525,-0.153857754767921,-4.78795069798601e-13,-0.382788790322821,-0.153817461572393,0,-0.382701005734915
-0.0433572319270919,-0.154276791668298,9.24522191154157e-14,-0.382864891906908,-0.154232668048693,0,-0.382778949984789
-0.0811257097226204,-0.154690534898883,7.34599457060572e-13,-0.382937613992117,-0.154638522060112,0,-0.382855466661386
-0.100813654006529,-0.155121305856595,1.01284568071031e-12,-0.383014661643263,-0.155062594631491,0,-0.382935766397632
-0.0903838910275012,-0.15554506253129,6.91216529690544e-13,-0.383094928631463,-0.155485943289258,0,-0.383016285854434
-0.0536055231521396,-0.15591947993036,5.2304037218637e-14,-0.383170107346309,-0.155865888511434,0,-0.383088855179222
-0.0218962594856553,-0.156306024624591,-5.31312769921241e-13,-0.383249585022332,-0.156260430136559,0,-0.383164519312003
-0.0112184425301232,-0.156736900856365,-6.60278223629779e-13,-0.383336267594585,-0.156696811126091,0,-0.383248573278927
-0.0285845391834479,-0.157174092929263,-1.82126329190748e-13,-0.383419758415636,-0.157132407162824,0,-0.383332861441193
-0.069193812089482,-0.157582602845251,5.24116111911892e-13,-0.383494308985963,-0.157533835850268,0,-0.383410880922811
-0.0977483872969062,-0.158038842792066,1.02020438750749e-12,-0.383577504501119,-0.157981540164114,0,-0.383498284129284
-0.101718612634057,-0.158503769069501,8.00379169616734e-13,-0.383666804939605,-0.158443783439263,0,-0.383588959423512
-0.0659261623214653,-0.158880207059836,1.05551828837125e-13,-0.38374420792387,-0.158825001066116,0,-0.383664073803434
-0.0250912954069467,-0.159244087633202,-6.18696429592775e-13,-0.38382198794446,-0.15919736070882,0,-0.383737735250242
-0.00732797202389043,-0.159697152490794,-9.36059438471999e-13,-0.383917494197483,-0.159658418749761,0,-0.383829345846458
-0.014380216851496,-0.160138159484302,-4.52515848356451e-13,-0.38400542140491,-0.160099288845057,0,-0.383917364005829
-0.0618526106621377,-0.160534287869068,3.88335930742604e-13,-0.384079864910895,-0.16048827561232,0,-0.38399536576256
-0.0988459308773493,-0.160943371750729,1.08350695229913e-12,-0.384155436920676,-0.160887664648528,0,-0.384075788745335
-0.108885176269145,-0.161325849577551,1.1490762029906e-12,-0.384229002435932,-0.161264826188206,0,-0.384152049379863
-0.0812352403158906,-0.161700700329592,6.15750569733663e-13,-0.384306228500858,-0.161641360168857,0,-0.384228488430825
-0.0423007490387811,-0.162053428453204,-1.25938951532483e-13,-0.384382897830349,-0.162000945793074,0,-0.384301773019297
-0.015799704668453,-0.162449130787033,-6.73631179686674e-13,-0.384469715538833,-0.16240497936616,0,-0.384384451486367
-0.0112795514371603,-0.162850444300461,-6.05994195930755e-13,-0.384554852855465,-0.162810086767354,0,-0.384467707753112
-0.0394455942615336,-0.163258001687147,2.18935320440283e-14,-0.384636683708425,-0.163214453181062,0,-0.384551171248164
-0.0781020996750145,-0.163654968362564,7.57251212187201e-13,-0.384713461158153,-0.163603739432808,0,-0.384631863305273
-0.100625694597577,-0.164158051758747,1.1049802732888e-12,-0.384812362579369,-0.164098696948537,0,-0.38473494529768
-0.0985726054771779,-0.164575895189516,6.225515632533e-13,-0.384899657174832,-0.164516414749645,0,-0.38482236705616
-0.0517364665797869,-0.1649362053468,-2.16186156485004e-13,-0.384979944746234,-0.164883143827906,0,-0.384899441072531
-0.0172778878139723,-0.1652944766707,-9.28494511923831e-13,-0.385061975506576,-0.16525040522018,0,-0.384976931625054
-0.00643927294317133,-0.165693504168148,-1.0540019007593e-12,-0.385150922348542,-0.165655570506163,0,-0.385062775331447
-0.0258116536807878,-0.166099329124582,-4.56660820852091e-13,-0.385236217124668,-0.166059961596463,0,-0.385148829053146
-0.068637390140211,-0.166482250166017,3.95485042565544e-13,-0.385312696619734,-0.166435563691324,0,-0.385229093143068
-0.0990522155727394,-0.166908999678032,1.00223678408642e-12,-0.38539759809741,-0.166853209369845,0,-0.385318724551286
-0.104764940294008,-0.167363600432383,7.69018001674618e-13,-0.385492976557328,-0.167304279373537,0,-0.385415984717052
-0.0704879970435711,-0.167724853413833,-3.55753592362831e-14,-0.385574469661059,-0.167670033685602,0,-0.385495198408454
-0.0265678332833269,-0.168071056789334,-8.77980976800064e-13,-0.385656039837337,-0.1680248551355,0,-0.385572345008254
-0.00672158789059776,-0.168489141746864,-1.25720218855893e-12,-0.385753525113793,-0.168451396341895,0,-0.385665479372628
-0.0119928191862523,-0.168914687125458,-7.19247089850928e-13,-0.385847299953501,-0.168877560806382,0,-0.38575896383819
-0.0577720282492177,-0.169293205712411,2.49513882446551e-13,-0.385925586947685,-0.169249241184797,0,-0.38584085151362
-0.0972238003148598,-0.169680437460834,1.06972515656014e-12,-0.38600386923036,-0.169626617692864,0,-0.385924334504893
-0.109843409453905,-0.170053043488066,1.19316373416289e-12,-0.386082017388546,-0.169993110484434,0,-0.38600573990236
-0.0857109610081616,-0.17041783792675,6.08449745322185e-13,-0.386164085019629,-0.170358925027292,0,-0.386087320830764
-0.0459923025472523,-0.170756204304501,-2.31587098825235e-13,-0.38624475737135,-0.170703895286965,0,-0.386164553433207
-0.0173573763669834,-0.171127447511289,-8.63517076373919e-13,-0.38633453446067,-0.171083594376436,0,-0.38624989994126
-0.0107765909688474,-0.171514415192931,-8.11732915180609e-13,-0.386425203855588,-0.171474998429798,0,-0.386338251122777
-0.0361094403029468,-0.171907744538042,-1.02606374752052e-13,-0.386512281419721,-0.171865610359827,0,-0.386426803998363
-0.0757328759814688,-0.172286447806442,7.46402980449754e-13,-0.386592679724551,-0.172236712880825,0,-0.386511288260123
-0.100349281350859,-0.172741862899147,1.19331388220245e-12,-0.38669033650439,-0.172683695459647,0,-0.386613508321481
-0.100618839545358,-0.173153303598426,7.17585349778462e-13,-0.38678390002269,-0.17309394387716,0,-0.386707774049378
-0.0580844692539983,-0.173500727371507,-2.00029980087486e-13,-0.386868441439525,-0.173447138108253,0,-0.386789274476741
-0.0212019508240234,-0.173841792753689,-1.01313976936047e-12,-0.386954197164595,-0.173797037023909,0,-0.386870330635507
-0.00733008949522373,-0.174327803513908,-1.10298202708077e-12,-0.387073035499457,-0.174290529010599,0,-0.386985189268822
-0.0195852807882737,-0.174724940326633,-2.17666106960829e-13,-0.387164008244905,-0.174685225914818,0,-0.38707751010959
-0.0756741393423962,-0.17509324550111,8.98445962572655e-13,-0.387243673853813,-0.175044757909259,0,-0.387161961235825
-0.107595791135903,-0.175483308587647,1.59501641383835e-12,-0.387327675491049,-0.175424615201577,0,-0.387251557076691
-0.110942322306272,-0.175893041601895,1.25674674852598e-12,-0.387421642299483,-0.175830463099614,0,-0.387347706521458
-0.0729371272332462,-0.176227862779771,2.65023745799888e-13,-0.387504895741272,-0.176169948875916,0,-0.387428472086239
-0.0268390171812959,-0.17655168372467,-7.52794246756851e-13,-0.387589381175907,-0.176502940815606,0,-0.387507993640141
-0.00523870558949961,-0.176943670476851,-1.22650618204264e-12,-0.387690673259613,-0.176904244107726,0,-0.387604226946541
-0.00902626431645173,-0.177348583911957,-6.2513261283266e-13,-0.38778928426512,-0.177310547018438,0,-0.387702105641499
-0.0551821657081953,-0.177706837328203,4.78680711768489e-13,-0.387870737999719,-0.177662244096324,0,-0.387787194875191
-0.0970004633144748,-0.178071029175367,1.41651772835788e-12,-0.387951251666747,-0.178016478456232,0,-0.387873242663039
-0.11154077023715,-0.178430523399169,1.56870287202903e-12,-0.388033557311374,-0.178369300201422,0,-0.387959293272476
-0.0898302346527375,-0.17878194558023,8.87897250544218e-13,-0.388120091372934,-0.178721399801715,0,-0.38804551408767
-0.0489243566179587,-0.179103901798835,-9.57103909808903e-14,-0.388204517102272,-0.179050014199392,0,-0.388126297953066
-0.0182790043400579,-0.179451264004555,-8.49053744733539e-13,-0.38829730791594,-0.179406230362754,0,-0.388214211750827
-0.00986504167159337,-0.179821292245637,-8.35260514654582e-13,-0.388393191294739,-0.179781490853563,0,-0.388307215786461
-0.0330186939850928,-0.180197852356439,-4.99425795322002e-14,-0.388485164308402,-0.180155914311326,0,-0.38840041393684
-0.0737354439113252,-0.180556943271267,9.10699959774177e-13,-0.388568867211708,-0.180507574424683,0,-0.38848831372808
-0.10037556704741,-0.180973816019013,1.44472578333242e-12,-0.388666480699295,-0.180915846665106,0,-0.388590813940554
-0.10251101479497,-0.181377083724351,9.44419565561112e-13,-0.388766519600669,-0.181317141041027,0,-0.388692036658688
-0.0633579131746373,-0.181709934799162,-8.64807796626258e-14,-0.388855189089347,-0.181655395444657,0,-0.388777725962573
-0.0241168605435375,-0.182033804946714,-1.02840323316209e-12,-0.388944790199918,-0.181988170717258,0,-0.388862357755778
-0.00788758856474674,-0.182459927631264,-1.24480600656599e-12,-0.38906023474032,-0.182422381296522,0,-0.388973282990211
-0.0169473793745652,-0.182843451683691,-3.75246453173936e-13,-0.389157826407184,-0.182804906854697,0,-0.389071473477303
-0.0683925630885601,-0.183194209798556,8.23350361750881e-13,-0.389241751213372,-0.183147838288014,0,-0.389159876672167
-0.103184474081341,-0.183559640996833,1.64575288473341e-12,-0.389328037517547,-0.183503300581805,0,-0.389251888047253
-0.11056251243132,-0.183895683802389,1.52556224551237e-12,-0.389411303766349,-0.183834511197535,0,-0.389337970345995
-0.0794383188201738,-0.184223799415221,6.54050290276367e-13,-0.389498846083669,-0.184165020744561,0,-0.389424207712882
-0.0403997267866527,-0.184535420090184,-3.69286635487323e-13,-0.38958663025859,-0.184484090447403,0,-0.389507781816559
-0.0152667892333856,-0.184893453702046,-9.93727324719346e-13,-0.389687999437343,-0.184850794785196,0,-0.389604225725512
-0.0124668393351526,-0.185242927813018,-7.14922603455302e-13,-0.389783110864014,-0.185203651883355,0,-0.389697427102549
-0.044002792804248,-0.185598617327607,2.26868424233448e-13,-0.389874354624802,-0.185555693150934,0,-0.389790806014267
-0.0817608625803547,-0.185949390166109,1.17765663337612e-12,-0.389961068089846,-0.185898554084261,0,-0.389882129802937
-0.101997946199011,-0.186322484767521,1.49691793462386e-12,-0.390054889833454,-0.186264652688622,0,-0.38998005997573
-0.0932071165414157,-0.186688171224842,8.69238497703244e-13,-0.390152660531863,-0.18662985565273,0,-0.390078182581541
-0.0560328200204689,-0.187007373790901,-1.66703581039126e-13,-0.390243629183601,-0.186954830979855,0,-0.390165862233736
-0.0234227352456788,-0.187334068903373,-1.01226164467254e-12,-0.390339250585133,-0.187289948706793,0,-0.390256641227342
-0.0121890738202789,-0.187695423549432,-1.08070798062808e-12,-0.39044254149753,-0.187657191999791,0,-0.390356548718011
-0.0294326775988278,-0.188063129303944,-2.45382052232482e-13,-0.39054179587889,-0.188023510044701,0,-0.390456651671626
-0.0698882533588588,-0.188407422343141,8.35946540369314e-13,-0.390630155638633,-0.188360715346421,0,-0.390549196755237
-0.0987401626824139,-0.188789111512179,1.49387218907448e-12,-0.390727828593578,-0.188733725464763,0,-0.390652015830055
-0.103348056534629,-0.189192545482296,1.01014056799874e-12,-0.390836913656136,-0.189134182252662,0,-0.390762927739594
-0.0691956440436158,-0.189512692624407,-1.278317725833e-13,-0.390930147725163,-0.189459213090896,0,-0.390853353927587
-0.0271148358120939,-0.189819995657322,-1.20377827635641e-12,-0.391023584058293,-0.189775335284778,0,-0.390941651929826
-0.0086418152741655,-0.190198665109362,-1.53482932674406e-12,-0.391137097651272,-0.190162431946396,0,-0.391050248141599
-0.0151923587764168,-0.190568176825104,-6.58632092637366e-13,-0.391241330897923,-0.190532081463612,0,-0.39115444048866
-0.0622963034961272,-0.190901150074578,6.52795300527871e-13,-0.391329328303215,-0.190857940866969,0,-0.391246690552909
-0.0995541342996429,-0.191244112181539,1.62270584091591e-12,-0.39141812802277,-0.191191058358937,0,-0.391341386443294
-0.110259934882475,-0.191570335207937,1.59254453192598e-12,-0.391506216263928,-0.191511635657936,0,-0.391432893545419
-0.0841856866143686,-0.19188856010361,6.76991463434114e-13,-0.391598761945554,-0.191831452597731,0,-0.391524553770639
-0.0448817273917129,-0.192185370453186,-4.58335257682379e-13,-0.391690340290061,-0.19213530509881,0,-0.391611983468897
-0.0176194788213819,-0.192516017332886,-1.19335384540939e-12,-0.391793523408382,-0.192474639037725,0,-0.391710022621418
-0.0124540555313039,-0.192850209051895,-9.54034281461756e-13,-0.391894102270243,-0.192812933141852,0,-0.391808184724442
-0.0402141460336399,-0.193190675377363,7.06142037061142e-14,-0.39199057070002,-0.193150358103679,0,-0.3919065189846
-0.0787125552010252,-0.193522161396492,1.15240170187809e-12,-0.392080641647978,-0.193474131188077,0,-0.392001276227817
-0.101566141040782,-0.19393211786538,1.55332141676411e-12,-0.392193703690757,-0.193875829829481,0,-0.39211939063034
-0.100212944858102,-0.19428807060591,7.24098042207051e-13,-0.392298368676653,-0.194231297503705,0,-0.39222442459957
-0.0556962290149882,-0.194590869731816,-5.59889216683755e-13,-0.392393903084252,-0.194540465853694,0,-0.392316173076814
-0.0203054756465698,-0.194890198352772,-1.55570121977067e-12,-0.392491335048192,-0.194848985364285,0,-0.392408098223361
-0.00845963476906048,-0.195222439164152,-1.60809545665267e-12,-0.392596582802721,-0.195187725136711,0,-0.39250945568996
-0.0266092153677682,-0.195561423565144,-6.07535042204261e-13,-0.392697369772277,-0.195525549553153,0,-0.392610988972913
-0.068883859331795,-0.195880871923168,6.65949311083888e-13,-0.392787149887395,-0.195837746514036,0,-0.392705222382731
-0.099587298754336,-0.196232916035802,1.46596745564586e-12,-0.392885440982845,-0.196180616089165,0,-0.39280916303493
-0.105963030017222,-0.196545149997531,1.1835601887608e-12,-0.392976879546873,-0.196488955044462,0,-0.39290304034799
-0.0745533614203172,-0.196849754466373,1.2978550223773e-13,-0.393072648455751,-0.196796514094184,0,-0.392997064906608
-0.0381135744088244,-0.197139490643035,-9.79676458482268e-13,-0.393168399791059,-0.197093725174418,0,-0.393088293761738
-0.0161063016290262,-0.197482331328572,-1.48872142524217e-12,-0.393281540721147,-0.197444705446264,0,-0.393196496286694
-0.0165992614291211,-0.19787161686988,-6.76818035631385e-13,-0.393403643295488,-0.197835660453375,0,-0.393317625980705
-0.0544065791657854,-0.198196724941798,7.13914066387805e-13,-0.393499152085827,-0.19815466861901,0,-0.393416939811729
-0.0949967013153164,-0.19852200570029,1.81434963894818e-12,-0.393592065390742,-0.198470563464079,0,-0.393515709116892
-0.108906038533518,-0.198839895446643,1.86477794482803e-12,-0.393685970008398,-0.198782190880276,0,-0.393613561620886
-0.0885768679402364,-0.199149734638225,8.74123733833426e-13,-0.393784488703762,-0.199092980719794,0,-0.393711567440588
-0.0491613458710568,-0.199431891541471,-4.05056534511061e-13,-0.393880126800981,-0.199381920726129,0,-0.393803058941349
-0.0198452345319574,-0.199736554143716,-1.26796498434576e-12,-0.393985236845121,-0.199695410453254,0,-0.393902736955151
-0.0124734499720663,-0.200054625196698,-1.07167392679343e-12,-0.394091390107064,-0.20001838228167,0,-0.394005883081165
-0.0367432189065531,-0.200379056405409,5.32003144672849e-14,-0.394193173544432,-0.20034042916811,0,-0.394109195654228
-0.0760829740896099,-0.200690657240657,1.27403183278722e-12,-0.394286450980013,-0.200644562187828,0,-0.394207188477676
-0.101033182672793,-0.201057322567847,1.79969672967342e-12,-0.394397088889667,-0.201002829196713,0,-0.394323160328818
-0.101859176856161,-0.201403688700268,9.55112128472121e-13,-0.394508309602749,-0.201347758304497,0,-0.394435368397755
-0.0617392222753357,-0.201690691325375,-4.56519847163683e-13,-0.394607580193146,-0.201640582073601,0,-0.39453105642855
-0.0239781135208051,-0.201971056752206,-1.60318298571642e-12,-0.394708245862752,-0.201930074609949,0,-0.394626047575116
-0.0091771202305764,-0.202360877313634,-1.57148521432537e-12,-0.394844363680095,-0.202327864044136,0,-0.394757215194525
-0.0202667456226743,-0.202686035335469,-1.71557494593317e-13,-0.394950215386368,-0.202651070735635,0,-0.394864341370756
-0.0749276851237005,-0.202987728954454,1.44768658009111e-12,-0.395042377353018,-0.202944233682408,0,-0.394961941411267
-0.107340482077101,-0.20330483341516,2.3399546560618e-12,-0.395138474168963,-0.203251140975794,0,-0.39506456119266
-0.111876790629417,-0.203652101924866,1.65411694233932e-12,-0.395250935946105,-0.203594167973154,0,-0.395179800537654
-0.0765741941068939,-0.203927995912405,8.47560419966839e-14,-0.395348577007698,-0.203874794584992,0,-0.395274506130846
-0.0290579111307681,-0.204192018720848,-1.39152551337636e-12,-0.395447238612651,-0.204148314336779,0,-0.395367188572124
-0.00668624733226789,-0.204507193950879,-1.92227198196267e-12,-0.395563984023887,-0.204473246933008,0,-0.395477777907157
-0.00992624339590628,-0.204834516724046,-8.66569072896549e-13,-0.395677602869739,-0.204802328333044,0,-0.395590321660623
-0.055396705881212,-0.20512547683877,8.01221409786102e-13,-0.395771199802188,-0.205086855202343,0,-0.395688072146598
-0.0974223736857728,-0.205421092454327,2.09007947191065e-12,-0.395863254144269,-0.205372439395514,0,-0.395786603771681
-0.112637599201807,-0.205718248463156,2.16052895556908e-12,-0.395959230846682,-0.205662588926792,0,-0.395887143008573
-0.0927074199043294,-0.206006964328364,1.01741627185314e-12,-0.396060209286833,-0.205951883970289,0,-0.395987823977706
-0.0513761040579597,-0.206268259306961,-4.59258968445358e-13,-0.396158273387871,-0.206220038981634,0,-0.396081541572604
-0.0198765079469116,-0.206547809927058,-1.46790712175453e-12,-0.396265513945661,-0.206508823253561,0,-0.396182896325948
-0.0108749228591083,-0.206843710148687,-1.2858068028255e-12,-0.396375324964335,-0.206810280276534,0,-0.396289175934371
-0.0338591587992977,-0.207146174598734,-3.23656927519141e-14,-0.396480446828015,-0.20711078770528,0,-0.396395610330088
-0.0743570030905959,-0.207435285886428,1.35130281965635e-12,-0.396575801086809,-0.207392467781881,0,-0.396495824378104
-0.101241931441834,-0.207767174335345,2.00260989315916e-12,-0.396685592191155,-0.207715639378957,0,-0.396611339082471
-0.104000897360892,-0.208100416464666,1.11839384186903e-12,-0.39680293228514,-0.208046607703915,0,-0.396730243768271
-0.0666592393522378,-0.208369977693443,-4.49307819514923e-13,-0.39690568114266,-0.208321630233957,0,-0.396829518144953
-0.0262657218794106,-0.208630194220014,-1.76001951510869e-12,-0.397009256342586,-0.208591036942686,0,-0.396927182035797
-0.00929827460660126,-0.208968821590639,-1.87902141911111e-12,-0.397141153732423,-0.208938144697202,0,-0.39705362755367
-0.0177867400023825,-0.209275045782333,-4.68679560675377e-13,-0.397252474825177,-0.209243625346185,0,-0.397165486717261
-0.0687337766151856,-0.209556240780335,1.27954468647084e-12,-0.397347923035554,-0.209517042985772,0,-0.397266068659058
-0.103728651649562,-0.209848263133204,2.34963493806611e-12,-0.397445436691383,-0.209798982185469,0,-0.397370248308346
-0.111811706188113,-0.210121436492826,2.02610352090966e-12,-0.39754147182303,-0.210067011090354,0,-0.397469727805471
-0.0823684720652431,-0.210386341637015,6.55793302534034e-13,-0.397642517929618,-0.210334221076703,0,-0.397569334117572
-0.0429606706075726,-0.210635327579027,-8.19403391495012e-13,-0.397743520738025,-0.210590823809802,0,-0.397665394949041
-0.017084341126268,-0.210919414152488,-1.58980403708496e-12,-0.397859597917144,-0.210883913272023,0,-0.397775609127723
-0.0136490910095173,-0.211195655309282,-1.03160294371244e-12,-0.397967703080839,-0.211163806964064,0,-0.397881357970824
-0.0448248709301983,-0.211478135222106,4.01337359178553e-13,-0.398071224893251,-0.211442780027108,0,-0.397987246844329
-0.0823726980348852,-0.211756780614309,1.71938428439436e-12,-0.398169155199045,-0.211713503319012,0,-0.398090474639793
-0.103312800496128,-0.212115835988711,1.93352955212611e-12,-0.398298219110789,-0.212064462633317,0,-0.398224993651751
-0.0999462854500882,-0.212410233609271,5.83471059919022e-13,-0.398412023003164,-0.212359277032195,0,-0.398338607775372
-0.052336531285239,-0.212662534932494,-1.14813033729106e-12,-0.398517148359145,-0.212618727448203,0,-0.398439063066403
-0.018491924808638,-0.21291391611385,-2.28557438026143e-12,-0.398624992172487,-0.212879745599417,0,-0.398540573409244
-0.00885996933298309,-0.213184860550949,-2.06177311700263e-12,-0.398737235433576,-0.213156797865585,0,-0.398648815962319
-0.0309980102901364,-0.213462603820858,-6.08383798677165e-13,-0.398844467856037,-0.213432894614446,0,-0.398757199053248
-0.0726513476294355,-0.213728875299656,9.98738921153056e-13,-0.398941479539423,-0.213691678379569,0,-0.398859256340604
-0.101337458228853,-0.214029309966299,1.81251935578015e-12,-0.399050743688914,-0.213982979962382,0,-0.39897468815793
-0.106052606702589,-0.214349268227519,8.83669103802308e-13,-0.399174698772219,-0.214299729757383,0,-0.399100873028958
-0.0714273278662066,-0.214600746917027,-8.6286739416771e-13,-0.399280738573489,-0.214556275098434,0,-0.399203590511312
-0.0280497318056651,-0.214840613956919,-2.33936839473459e-12,-0.399387012209378,-0.214805346549485,0,-0.399303762540006
-0.00906462815518952,-0.215138945156683,-2.53373708598765e-12,-0.399517003869939,-0.215112504519926,0,-0.399427908822066
-0.0157089828668732,-0.215424351760948,-1.01073266180661e-12,-0.399632998103788,-0.215397995300116,0,-0.399543911469924
-0.0641280925544815,-0.215684358299353,9.42919250893334e-13,-0.39973116387597,-0.215650661811037,0,-0.39964707554975
-0.101299669911899,-0.215952321248901,2.21227406772567e-12,-0.399830014319885,-0.215908479013197,0,-0.399752830668706
-0.112155064990761,-0.216210785833211,1.9709730816064e-12,-0.399929970713294,-0.216160974534514,0,-0.399856885597446
-0.0867409367569401,-0.216460852803103,5.07488636323569e-13,-0.400035130372989,-0.216412599428002,0,-0.399961061933089
-0.0467784119655464,-0.216691880195555,-1.11867761838803e-12,-0.400139084261995,-0.216650889661033,0,-0.400060163999728
-0.0188644453661089,-0.216948360580156,-2.00151413561992e-12,-0.400256068424934,-0.216916392401781,0,-0.400171100363137
-0.0134271995254183,-0.217204945721492,-1.43782024034564e-12,-0.400368421050714,-0.217177233984866,0,-0.400280625433429
-0.0415712078462486,-0.21746783745863,1.43411201786744e-13,-0.400475970988413,-0.217437115478742,0,-0.40039028188605
-0.0798186016146657,-0.217724961413485,1.64122076585582e-12,-0.400576315435752,-0.217686446469043,0,-0.400495993577753
-0.102715950949511,-0.218038603325983,2.03373799622145e-12,-0.400700610971607,-0.217991695422296,0,-0.400626097401431
-0.101815309917647,-0.218319356985842,6.87304569561416e-13,-0.400820052538187,-0.218271723008334,0,-0.40074612155193
-0.0587798721316414,-0.218554362974398,-1.17171283539891e-12,-0.400928353536952,-0.21851314114338,0,-0.400850118152815
-0.0225633734623157,-0.218785127831097,-2.46772478666785e-12,-0.401038669558309,-0.218753324797741,0,-0.400954067161473
-0.0101117222809992,-0.219038843620685,-2.31986496796997e-12,-0.401156479459774,-0.219013774778678,0,-0.401067339079608
-0.0279314262754151,-0.219299265434618,-7.48919774151e-13,-0.401269143739492,-0.219273206480809,0,-0.401180745516749
-0.06964188912487,-0.21954577002289,1.04736046703577e-12,-0.401369258788335,-0.219512500978949,0,-0.40128586608925
-0.100317731617371,-0.219815991709403,2.02463037071184e-12,-0.401478075665947,-0.21977349692209,0,-0.401401091997829
-0.107117883321018,-0.220059821927618,1.45169459016318e-12,-0.401581531600179,-0.220013208250033,0,-0.401507452903217
-0.0772343615775222,-0.22029571888045,-1.44701088262897e-13,-0.40168994452824,-0.220252025931641,0,-0.401613929539204
-0.0405141443291271,-0.220517801256205,-1.67408437239416e-12,-0.401798054493506,-0.220481752624765,0,-0.401716840817407
-0.0179441295370419,-0.220779232320354,-2.20207200991167e-12,-0.401925302192273,-0.220751611949866,0,-0.401838348640031
-0.0179718801571158,-0.22107381872325,-8.40663212835046e-13,-0.402060800323222,-0.221048085917429,0,-0.401972619854416
-0.0554158138887448,-0.22132205272104,1.16270621409381e-12,-0.402166891823965,-0.221290309987846,0,-0.402082935587068
-0.0956964154709999,-0.221570544138953,2.58982304548096e-12,-0.402269728384434,-0.221529392245291,0,-0.402192368777717
-0.109930034256596,-0.221817501861222,2.45491277667961e-12,-0.402375766709649,-0.221769865059011,0,-0.402302994522541
-0.0910280111216232,-0.222056086266569,8.82380395440335e-13,-0.40248706942089,-0.222009378785787,0,-0.402413740048456
-0.0513056459437324,-0.222270437819391,-9.41938544716689e-13,-0.4025947078741,-0.222230725383589,0,-0.402516589177108
-0.0214069532332006,-0.222500177830673,-2.00779149402378e-12,-0.40271256774913,-0.222469624688204,0,-0.402628143525753
-0.0137302457874989,-0.222737634171299,-1.50674310549025e-12,-0.402829915127884,-0.222712183872974,0,-0.402741997327373
-0.0382111849620123,-0.222981452428209,1.97907351136253e-13,-0.402942247120163,-0.22295373147539,0,-0.402855974937731
-0.0771337311060458,-0.223217019388517,1.86778211479413e-12,-0.403045162866006,-0.223181840328288,0,-0.402964166554251
-0.1020456153245,-0.223491714569722,2.41711214302363e-12,-0.403166132238936,-0.223448085905968,0,-0.403091137383278
-0.103266156111771,-0.223758591454171,1.02499637705601e-12,-0.403292157713692,-0.223713352432873,0,-0.403218391565648
-0.0645751907873627,-0.223975363570931,-1.02301637099599e-12,-0.40340364826325,-0.2239360527274,0,-0.403325811895411
-0.025989223914494,-0.224185245085854,-2.52361467684713e-12,-0.403516458426929,-0.224155329392257,0,-0.403432110238658
-0.0107337103919868,-0.224477237744756,-2.15665608913433e-12,-0.403668621576117,-0.224455615332358,0,-0.403578543178763
-0.0215915407940552,-0.224719822612832,9.90716357354656e-15,-0.403785332754221,-0.224696310498709,0,-0.40369664813032
-0.0763812288376108,-0.224946476616576,2.26914806529963e-12,-0.403886788117404,-0.22491437198559,0,-0.403804216831687
-0.108656186495641,-0.225184126464931,3.30686742351668e-12,-0.403992158629115,-0.225141702527449,0,-0.403916942013958
-0.113430309516925,-0.225449092929655,2.03159048381801e-12,-0.404118880567871,-0.225402252871509,0,-0.404046882933531
-0.0791223690502813,-0.225654856514907,-3.23852790671601e-13,-0.404227922277288,-0.225612926877264,0,-0.404152537915486
-0.0306006468750527,-0.225849679748877,-2.33134381968663e-12,-0.404337972045464,-0.225817603808948,0,-0.40425569567739
-0.00785844575949522,-0.226082309301222,-2.78253197653705e-12,-0.40446810390174,-0.226060388086959,0,-0.404378720289039
-0.0110623535918065,-0.226321576904221,-1.02145750493263e-12,-0.404592256909459,-0.226301515037947,0,-0.404501624381304
-0.0571483436110527,-0.226537226513369,1.38128477639988e-12,-0.404694818191008,-0.226510695737007,0,-0.40460883398337
-0.0988673079967488,-0.226756922552268,3.03500922822363e-12,-0.40479550339003,-0.226720250198303,0,-0.404716790918851
-0.114146979151917,-0.226980347689663,2.8757161645263e-12,-0.404902273701506,-0.226936465257894,0,-0.404828769867006
-0.0950630956004817,-0.227194992779387,1.0567437276862e-12,-0.40501470625831,-0.227151720122543,0,-0.404940855317603
-0.053284284133723,-0.227386599119169,-1.04074349659429e-12,-0.405123713826332,-0.227350441104918,0,-0.405044873249503
-0.0212822659157938,-0.227590324937517,-2.2840794096634e-12,-0.405242716408438,-0.227563756135045,0,-0.405157116812301
-0.012117612364635,-0.227803578887786,-1.76832212174098e-12,-0.405362603902773,-0.227782742695813,0,-0.40527298492162
-0.035621263358241,-0.228023405501232,1.22719972648431e-13,-0.405477183689718,-0.228000705016716,0,-0.405388964217565
-0.0756795099459854,-0.228235425756377,2.00316941385192e-12,-0.405581276054611,-0.228205302164659,0,-0.405498432954549
-0.102400018768813,-0.228476897726382,2.70137178525248e-12,-0.405700183330682,-0.228438044339864,0,-0.405623678494591
-0.105302922729279,-0.228725818438798,1.22138230405464e-12,-0.405831857167333,-0.228684558740228,0,-0.405757181240579
-0.0693143308627041,-0.22892243908387,-1.04837658202864e-12,-0.405945958202506,-0.228886777802359,0,-0.405867355019356
-0.0281416762593607,-0.229110456489058,-2.75997479193376e-12,-0.4060608472137,-0.22908426395282,0,-0.405975532461059
-0.0108458845426718,-0.229355784434149,-2.58251172293364e-12,-0.406207112408531,-0.229338375485958,0,-0.406115586904908
-0.0193095134556273,-0.229575945204045,-3.77387913051193e-13,-0.406328248004547,-0.229557810629641,0,-0.406237319449478
-0.0706626836835942,-0.22978033804272,2.06107361188441e-12,-0.406432181968363,-0.229754344761178,0,-0.40634697894032
-0.105364188407512,-0.229992564311375,3.33352713678459e-12,-0.40653811271796,-0.229956375543641,0,-0.406460336366517
-0.113456483087604,-0.230192498025539,2.61287325243722e-12,-0.406644050885656,-0.230151028229805,0,-0.406570167687447
-0.0846702985883483,-0.230383859141626,5.32828437259383e-13,-0.406755608399751,-0.23034477019787,0,-0.40668009172129
-0.044899319614523,-0.230561537211793,-1.49151257711943e-12,-0.406867062703867,-0.230530315160776,0,-0.406785940242777
-0.0186672469650147,-0.230763889655566,-2.32917102205364e-12,-0.40699518158569,-0.230741995381678,0,-0.406907395593493
-0.0151160131129132,-0.230958961475152,-1.29438319969843e-12,-0.407112608296797,-0.230940831482405,0,-0.407022168431229
-0.046792850982491,-0.231160289576026,7.98739940207763e-13,-0.407224884752302,-0.231138676457826,0,-0.407137039882581
-0.0840142366826782,-0.231360055798049,2.52451290323755e-12,-0.407331055555313,-0.231330487624157,0,-0.407249056359245
-0.104801099970551,-0.231613420917424,2.55695662577065e-12,-0.407469222640962,-0.231575736606809,0,-0.407393225237005
-0.101586231141116,-0.231825306240448,4.85148055986187e-13,-0.407594969365969,-0.231787942419515,0,-0.407518840209228
-0.0551964829666541,-0.232003623871047,-1.92447260503611e-12,-0.407710675626862,-0.231973513647579,0,-0.407629362001914
-0.020842617837267,-0.232180032605079,-3.31054101462211e-12,-0.407829345267497,-0.232159786201953,0,-0.407740942979762
-0.0108505739804028,-0.232368787054362,-2.72434060189447e-12,-0.407951363401678,-0.232354821007127,0,-0.407858472046551
-0.0329223469018793,-0.232564304330803,-5.61690701978027e-13,-0.408067811407625,-0.232548822859357,0,-0.407976099545369
-0.0740117111181949,-0.232753263485326,1.60250192840258e-12,-0.40817305298137,-0.232730354181676,0,-0.408086827314002
-0.102502842774699,-0.23296532083728,2.49342660277952e-12,-0.408290886209427,-0.232933306251984,0,-0.408211390344983
-0.107393682987719,-0.233196285815319,8.98154801725008e-13,-0.408429104441182,-0.233160984200014,0,-0.408352112487812
-0.073974022517833,-0.233372444275505,-1.63351500529791e-12,-0.408545757877215,-0.233342406789137,0,-0.408465002884469
-0.029749994988145,-0.233538405914948,-3.55793043115164e-12,-0.408662484798665,-0.233517892099319,0,-0.408574848929292
-0.0105471705270029,-0.233745297817373,-3.45235181135681e-12,-0.408805185830083,-0.233733920454011,0,-0.408710965848075
-0.0173623935911455,-0.233941723465648,-1.06545652610417e-12,-0.408929854234711,-0.233930434219147,0,-0.408835657532256
-0.0664195134351756,-0.234123406985272,1.65211936141214e-12,-0.409035615250678,-0.234104697289761,0,-0.408946936927951
-0.103218207390325,-0.234311125353537,3.17707025786757e-12,-0.409142035577026,-0.234282169891469,0,-0.409060959511801
-0.113984724761086,-0.234493092394819,2.53621311247785e-12,-0.409251193659631,-0.234458058677928,0,-0.409174666429363
-0.089046973715083,-0.234666362495753,3.0510130175532e-13,-0.409366123742623,-0.234632989362827,0,-0.409288458448647
-0.0486798145474504,-0.234823952469276,-1.92348688710987e-12,-0.409479649762475,-0.234798107238931,0,-0.409396522307822
-0.0204571744190772,-0.234998313014109,-2.89834913772446e-12,-0.40960743786575,-0.234981814104673,0,-0.409517512126003
-0.0150006129061968,-0.235171351014688,-1.8285773559898e-12,-0.409728179783057,-0.235159212948705,0,-0.409635120256581
-0.0437814715890773,-0.23535071387805,4.76120209473193e-13,-0.40984359232411,-0.235335589871502,0,-0.409752816885938
-0.081703533290849,-0.235527687484484,2.43404765229115e-12,-0.409951349987759,-0.235504748873857,0,-0.409866426952654
-0.104390223108735,-0.235741546434505,2.68883605322886e-12,-0.410084005446397,-0.23571020850754,0,-0.41000539617629
-0.103554792641415,-0.235935170689743,5.83506276224914e-13,-0.410214776720679,-0.235903066176835,0,-0.410136837663202
-0.0614035296446104,-0.236093663939962,-2.01228255474782e-12,-0.410332817482581,-0.236068121471743,0,-0.410250111376805
-0.0247132053088302,-0.236247788563336,-3.60344465257451e-12,-0.410453018214934,-0.236231913443166,0,-0.410363243014987
-0.0120602653475736,-0.236415751176845,-3.08404627498543e-12,-0.410579607018327,-0.236406761266191,0,-0.410484822063033
-0.0301458181649886,-0.236590399672355,-7.38261773614776e-13,-0.410700532097711,-0.236580522773988,0,-0.410606490785482
-0.0713743555243885,-0.236757644987998,1.67962593971053e-12,-0.410807990774759,-0.236740606579119,0,-0.410719341626352
-0.10177357666992,-0.236940826697978,2.7702856437155e-12,-0.41092455134122,-0.236914582867471,0,-0.410842827127559
-0.108689066114299,-0.237106979499775,1.71851573436553e-12,-0.411037108423127,-0.237076543794497,0,-0.41095858636473
-0.0797383765567014,-0.237264964667495,-6.08443681430325e-13,-0.411155083652664,-0.237237522755334,0,-0.411074424471046
-0.0428248367610438,-0.237411312009818,-2.62273713230374e-12,-0.411272530418129,-0.237391713366573,0,-0.411186120897772
-0.0199895811163894,-0.237583385261919,-3.04759153214423e-12,-0.411410781459914,-0.23757246919261,0,-0.411318004914157
-0.0199207819577257,-0.237775248351072,-8.98738772302185e-13,-0.411554754898028,-0.237766320304098,0,-0.411460598954841
-0.0575757914964834,-0.237940327639164,1.86806589088893e-12,-0.411668195162666,-0.237925448401448,0,-0.411578563960129
-0.097274330876635,-0.238106361808607,3.6117763396536e-12,-0.411778034027588,-0.238082091553812,0,-0.411695507151345
-0.111517360918611,-0.238272461216905,3.11880952808109e-12,-0.411892976024184,-0.238241622869599,0,-0.411815459367098
-0.0934419960909433,-0.238429957297737,7.45535690291457e-13,-0.412013643547285,-0.238400104964784,0,-0.41193549166791
-0.053584290449648,-0.238568633011758,-1.73879693213838e-12,-0.412130204426571,-0.238545979534416,0,-0.412046755688098
-0.0233993044914273,-0.23871599808523,-2.94662035710564e-12,-0.412257611515592,-0.238702769640357,0,-0.412167196089148
-0.0156777022741675,-0.238867347543756,-1.9460974631228e-12,-0.412382588599015,-0.238859327433116,0,-0.412288354965834
-0.0406099475012659,-0.239025044429268,5.2364548432202e-13,-0.412502089781985,-0.239014817573174,0,-0.412409593009978
-0.0790884552137848,-0.239179309292952,2.70255277984645e-12,-0.412611764008451,-0.239161650686238,0,-0.412524926356563
-0.103770062510038,-0.239358124245777,3.16070788142663e-12,-0.412740215134608,-0.239332038213674,0,-0.412659812345118
-0.105109584279199,-0.239533116643377,9.64210199831003e-13,-0.412877293926315,-0.2395053972282,0,-0.412798235944032
-0.0672504290787038,-0.239671088080357,-1.88750447425721e-12,-0.412997725538574,-0.239649454211055,0,-0.412914192674931
-0.028174356451458,-0.239802915464615,-3.73979666921884e-12,-0.413119601534283,-0.23979092908158,0,-0.413028910611894
-0.0130563393433059,-0.239948621688158,-3.30701586267251e-12,-0.413250494207342,-0.239944237091965,0,-0.413154182899781
-0.0275020164629295,-0.240100969763819,-7.55658325913745e-13,-0.413375623198847,-0.240096408903813,0,-0.413279534957005
-0.0689909909382379,-0.240245714098161,1.93984952352175e-12,-0.413484883458153,-0.240234317692881,0,-0.413394024511886
-0.101340175444461,-0.240401424267947,3.23300820157545e-12,-0.413600357103796,-0.240380780643535,0,-0.413516559063139
-0.110142619725718,-0.240546702072793,2.1757976515066e-12,-0.413715092752543,-0.240521251680649,0,-0.413635013491527
-0.084084167185224,-0.240683655721739,-3.82055836201279e-13,-0.413835409041258,-0.240660709320135,0,-0.413753536871156
-0.0463328806879725,-0.240808045476168,-2.66222351996316e-12,-0.413954295972154,-0.240792822013135,0,-0.413866685041927
-0.0215547435563318,-0.240949673819118,-3.28150355806405e-12,-0.414090971011083,-0.240943400920211,0,-0.413996700744754
-0.019231359588647,-0.24108436186412,-1.66122620256687e-12,-0.414213343290353,-0.241081276631219,0,-0.414116753476294
-0.0514293178195574,-0.241225047582143,1.0065583393542e-12,-0.414330463964422,-0.24121811384326,0,-0.414236874627643
-0.0871052561089389,-0.241366199605648,2.94598315097934e-12,-0.414442153964894,-0.241351264969917,0,-0.41435471146666
-0.106089667019755,-0.241549547107551,2.47047504287723e-12,-0.414592936370821,-0.241526805858066,0,-0.414511533381409
-0.101278848708905,-0.241693085765601,-4.19922695152324e-13,-0.414724176314215,-0.241671450037254,0,-0.414642043441756
-0.0529037746356379,-0.24181261281421,-3.35537281714487e-12,-0.414845862807675,-0.241798775053876,0,-0.41475791689995
-0.0203204460130638,-0.241931126819385,-4.6552387451706e-12,-0.414971282115094,-0.24192730079835,0,-0.414875846040282
-0.0126477118858548,-0.242055306732969,-3.40830757346509e-12,-0.415095598681861,-0.242057129591229,0,-0.414995976192715
-0.0383329491663573,-0.242186202358709,-5.05793611481398e-13,-0.415214104604015,-0.242185922774199,0,-0.41511617053791
-0.0784930529949708,-0.242316031324841,2.05678667070305e-12,-0.415323140863122,-0.242308069561151,0,-0.415231125739868
-0.104979318036506,-0.242464896551008,2.73616899197368e-12,-0.415448963576344,-0.242447904770348,0,-0.415363908444733
-0.108206364395436,-0.242616472161073,3.78400252900668e-13,-0.415589770704864,-0.242596884100837,0,-0.415506797969567
-0.0721377852152381,-0.242732157832297,-2.78006758974019e-12,-0.415711475747576,-0.242718225243873,0,-0.415624294224451
-0.0300748169569361,-0.242840444622901,-4.85979844504255e-12,-0.415833860142414,-0.242836136183808,0,-0.415739453324393
-0.012579227338429,-0.242984091366091,-3.98551021522846e-12,-0.415990930019917,-0.242988660405744,0,-0.415889896220821
-0.0215833429376406,-0.24311314686235,-5.49473115641673e-13,-0.416117714577023,-0.243116727631419,0,-0.416017539967605
-0.0740371321459945,-0.243235966350281,2.81687022645206e-12,-0.41622675335181,-0.243231396841185,0,-0.416132884754805
-0.108407238771117,-0.243364059887195,4.24331250727517e-12,-0.416338073828541,-0.243349033665715,0,-0.416252277494644
-0.116348050311962,-0.243483325067658,2.86777845130559e-12,-0.416450399011309,-0.24346285549668,0,-0.416368849336171
-0.0874742267200394,-0.243593777644796,-1.79706747179577e-13,-0.416568766689331,-0.24357570785681,0,-0.416485475457038
-0.047332604349317,-0.243693472280205,-2.83165565021808e-12,-0.416687085765097,-0.243683403184217,0,-0.416597769472086
-0.0209025981671542,-0.243806749777136,-3.55333314995428e-12,-0.416823455967,-0.243806163775181,0,-0.416726992070325
-0.0175045426205284,-0.243916369168793,-1.71650736668236e-12,-0.416946687798673,-0.243919497566042,0,-0.416847477294045
-0.0498394086235962,-0.244032252923791,1.30632117822102e-12,-0.417064390489549,-0.24403179764402,0,-0.416968018257188
-0.0868669762306843,-0.244148939039463,3.50584930551185e-12,-0.41717584732872,-0.244140425667386,0,-0.417085741710613
-0.107459833121942,-0.244294997768642,3.13285655579667e-12,-0.417320514647299,-0.244278303109436,0,-0.417236803994041
-0.104325821376558,-0.244414985709407,2.85174602562875e-15,-0.417453975184042,-0.244398594462074,0,-0.417370145027046
-0.0581908556371426,-0.24451215224132,-3.26199966686149e-12,-0.41757660113569,-0.244503126544093,0,-0.417487225090117
-0.0235143897654059,-0.244606613913457,-4.81837187104068e-12,-0.417702377808659,-0.244607617485438,0,-0.417605415062922
-0.0134598864859471,-0.244708140021451,-3.57447859450816e-12,-0.417830386972873,-0.244715481453126,0,-0.417728668014405
-0.0358976417003291,-0.244816423382425,-3.88588650570675e-13,-0.417952444891379,-0.244822267214936,0,-0.417851975032848
-0.0767428034389745,-0.244923417680654,2.46918258352111e-12,-0.418062801269381,-0.244921829243517,0,-0.417968128181511
-0.105045464176571,-0.245043269542284,3.32026305898632e-12,-0.41818628217631,-0.245032569602949,0,-0.418098710388135
-0.1100804074603,-0.245146890896109,1.50883264702647e-12,-0.418302827094213,-0.245132677142636,0,-0.418218051672982
-0.0783920963636891,-0.24524233296469,-1.55568251743063e-12,-0.418424927493192,-0.245231775581279,0,-0.418337441458814
-0.0420870022727717,-0.245329501719198,-3.83517344157264e-12,-0.418547242960929,-0.245327145177346,0,-0.418453550765101
-0.0210859055839009,-0.24543613088824,-3.71684073531214e-12,-0.418695769350687,-0.24544242709306,0,-0.418595541968087
-0.0233400606412967,-0.245548349157689,-5.82997936112165e-13,-0.41883791950713,-0.245555763609727,0,-0.418736948158544
-0.0646336858424182,-0.245650372793027,2.84177866504039e-12,-0.418953623519712,-0.245651376541212,0,-0.418857688331576
-0.101596216017984,-0.245754670657867,4.57720244733727e-12,-0.41906739874083,-0.245746240772541,0,-0.41897883742888
-0.113555095251788,-0.245855676189339,3.40822958833119e-12,-0.419185444099558,-0.245841272625105,0,-0.419101598482972
-0.0924972125114833,-0.24594803183132,2.04087970773552e-13,-0.419309384968172,-0.245935239816623,0,-0.419224406734606
-0.0530586833980411,-0.246027577294748,-2.73556302137529e-12,-0.419430194737923,-0.246022312485582,0,-0.419339509704867
-0.0247060448798126,-0.246113133957742,-3.73970956518888e-12,-0.419564413461484,-0.246117299688585,0,-0.41946655668196
-0.0188765207482838,-0.246199864230704,-1.97966038764765e-12,-0.419691528917723,-0.246208628995801,0,-0.41959022026836
-0.0465998365961362,-0.246292826739753,1.24185925310134e-12,-0.419813046056268,-0.246298879558604,0,-0.419713929464419
-0.0840392721098889,-0.246386231320473,3.70228207525901e-12,-0.419926162654882,-0.24638469914199,0,-0.419833003902147
-0.106720691389019,-0.246496742144151,3.63595960704057e-12,-0.420063586144976,-0.246487022285261,0,-0.419976880931125
-0.10613003512477,-0.246595212587144,4.40696211847895e-13,-0.420202276299042,-0.24658473331934,0,-0.420116284538464
-0.0653600850559015,-0.246671059343354,-3.09577841448259e-12,-0.420326556819309,-0.246667210998384,0,-0.420235547519044
-0.0284641044173581,-0.246742475308974,-4.96185636536498e-12,-0.420452942221065,-0.246748425817998,0,-0.420354464922817
-0.0156023825018008,-0.246821020343019,-3.82433375253201e-12,-0.420585250783306,-0.246834014578387,0,-0.420481437680305
-0.0334598684797038,-0.246906186696098,-3.99168595014137e-13,-0.420711611395854,-0.246918468997549,0,-0.420608454180945
-0.0743055137428571,-0.246990470485037,2.78039247105324e-12,-0.420823847529544,-0.246995732292002,0,-0.420726217922478
-0.104614552555959,-0.247082738711819,3.86399705090003e-12,-0.420945235665011,-0.247078916811482,0,-0.420854743811437
-0.111656299515556,-0.247164388869684,2.03273444624134e-12,-0.421063331448853,-0.24715640963675,0,-0.420976162207402
-0.0833226334373443,-0.247237766382125,-1.30915328497198e-12,-0.421187066600446,-0.24723286657988,0,-0.421097618424082
-0.0463759694384289,-0.247302378342974,-3.89367545579234e-12,-0.421310051592864,-0.247305458734193,0,-0.421214524450915
-0.0234225584126279,-0.247377825481904,-4.0302626731149e-12,-0.421454584112652,-0.247389760547783,0,-0.421352315496969
-0.0233238280199079,-0.247464776161445,-7.14958504535665e-13,-0.42160416025214,-0.247478828550297,0,-0.421500375622661
-0.0610041142559178,-0.247543197832675,3.05491098269663e-12,-0.421722099128678,-0.247551386683229,0,-0.42162296527465
-0.100518074734305,-0.247623373300041,5.08543567457208e-12,-0.421836243100456,-0.247622233698333,0,-0.421744455669848
-0.114805800724476,-0.24770184247282,3.93419607384361e-12,-0.421956272193323,-0.247694156239088,0,-0.421869683524956
-0.0970785391960403,-0.247771606486292,4.08702682562112e-13,-0.422082241723678,-0.247764979294934,0,-0.421994947469573
-0.0572028072160365,-0.247828861522714,-2.9033903221424e-12,-0.422203809642238,-0.247829557859305,0,-0.422110932217768
-0.0269199864296996,-0.247888009491666,-4.15512618704756e-12,-0.422336501526811,-0.247898279735341,0,-0.422236295260297
-0.0192225658093145,-0.247950416686209,-2.35309942495328e-12,-0.422466090451621,-0.24796599277954,0,-0.422361865013516
-0.0442908197759769,-0.248019157303815,1.18612885368477e-12,-0.422589935729531,-0.248032601558012,0,-0.422487468781603
-0.0826681532178917,-0.248088926455709,3.97090697946781e-12,-0.422703699936932,-0.248094986326958,0,-0.422607073722608
-0.107334497355909,-0.248168862087021,4.12579025988078e-12,-0.42283671938316,-0.248166544303926,0,-0.422746731894998
-0.108782219722947,-0.248242908409275,7.15663503692492e-13,-0.422979598676964,-0.248239000987464,0,-0.422890981277857
-0.0711880695262033,-0.248296123521549,-3.19537909982465e-12,-0.423104790579682,-0.248298395982488,0,-0.423011479596842
-0.0319245753898721,-0.248344004235791,-5.37981461365384e-12,-0.42323125204219,-0.248356034621454,0,-0.423130463489771
-0.0165283231076366,-0.248411768980193,-3.46799420318474e-12,-0.423398635920928,-0.248432367220671,0,-0.423291328475256
-0.0280779171230766,-0.248473679832432,1.12461829152563e-12,-0.423526804065778,-0.248492544386503,0,-0.423420955226102
-0.0821056667549943,-0.248536081960512,5.04277062762481e-12,-0.423638418000801,-0.248546441737432,0,-0.423539289600942
-0.114034529770971,-0.248601826939557,6.01574760485677e-12,-0.423754413392437,-0.248601906898517,0,-0.423663400544626
-0.119098297242579,-0.248670319391137,2.48863002724917e-12,-0.423897323750675,-0.248665973931544,0,-0.423809891411309
-0.0858929864917636,-0.248715538463044,-2.23555421684384e-12,-0.424018970034628,-0.248716362985188,0,-0.423927616849621
-0.0365627610554731,-0.248753432160176,-5.47215112407685e-12,-0.424141482762291,-0.248764492989281,0,-0.424042259085823
-0.0136893954400859,-0.248799032919772,-5.06417842898586e-12,-0.424286123872256,-0.24882061748864,0,-0.424178823314472
-0.0172789988109687,-0.248850849280276,-8.24173661838279e-13,-0.424421330097942,-0.248874344234475,0,-0.424312654306697
-0.0641510891153038,-0.248903389502748,3.69261787026149e-12,-0.424533417349722,-0.248920380143108,0,-0.424429908930184
-0.10537522409175,-0.248959003266604,6.00209258156933e-12,-0.424643532917387,-0.248965796206062,0,-0.424548077256403
-0.120539271018008,-0.249012732550468,4.61630104657401e-12,-0.424761427229313,-0.249012272039541,0,-0.424671738526925
-0.101799486364879,-0.249057397341773,5.56243677311457e-13,-0.424885580996507,-0.249057681510751,0,-0.424795422615025
-0.0598400891394664,-0.249091158909281,-3.21985681672692e-12,-0.425005943506223,-0.249098832614236,0,-0.424910123420262
-0.0276483932994794,-0.249124596241776,-4.69137266405451e-12,-0.425137296379192,-0.249142186381866,0,-0.425033849823441
-0.0186039716791837,-0.249161767816929,-2.7401842507054e-12,-0.425267747461923,-0.249185226615639,0,-0.425159831058411
-0.0427734275043878,-0.249205497284221,1.20507145813732e-12,-0.425392242256239,-0.249227160884159,0,-0.425285833775628
-0.082522418155709,-0.24925153853948,4.34443467009173e-12,-0.425505578980355,-0.249265809727088,0,-0.425405042826824
-0.108996245711612,-0.249303382391721,4.66323057070535e-12,-0.425635489987617,-0.249308944763365,0,-0.425541874439598
-0.112135994675448,-0.249350566902338,9.68176373454096e-13,-0.425780485668505,-0.249353807556161,0,-0.425688817951268
-0.0764740717215019,-0.249380534098013,-3.36249314412078e-12,-0.425905855227704,-0.249389596828903,0,-0.425809755373897
-0.034951007057043,-0.249404856248635,-5.87231257787782e-12,-0.426031867611557,-0.249423675135157,0,-0.4259282652042
-0.0176645126445299,-0.249438169501917,-4.23444997675898e-12,-0.426190881121716,-0.249465983155319,0,-0.426080400644841
-0.0268039507827462,-0.249474131197094,5.43010813429646e-13,-0.426321929537905,-0.249501294682109,0,-0.426212073438886
-0.0779666517647993,-0.249512795472564,4.8195043909937e-12,-0.426434566352785,-0.249532128606008,0,-0.426330928278538
-0.112356045465465,-0.249553862491871,6.17538441833428e-12,-0.426549581096241,-0.2495630174699,0,-0.426454002547668
-0.120499768217337,-0.249588165250968,3.79414398299324e-12,-0.42666517889636,-0.249592070540463,0,-0.42657380919628
-0.0920337871642443,-0.249613700258782,-5.23078678049575e-13,-0.426786860011029,-0.249620125086603,0,-0.426693629551799
-0.0522685367021158,-0.249631660291831,-3.91898183141624e-12,-0.426908299644427,-0.249646160681444,0,-0.426808862158406
-0.0260402904750535,-0.249650841608355,-4.44157549419481e-12,-0.427047890706527,-0.249674897805063,0,-0.426941102259405
-0.0227216693526462,-0.249672830218042,-1.60456594417249e-12,-0.427174755129556,-0.249700729913308,0,-0.4270650690482
-0.0547416056947504,-0.249701055936797,2.50657430239766e-12,-0.427295922431441,-0.249725493427206,0,-0.427189048397033
-0.0918334716495954,-0.249732134726013,5.13974203772755e-12,-0.427410566732478,-0.249748622622021,0,-0.427310013251325
-0.112472092306684,-0.249768445517864,3.98054643881304e-12,-0.42755977629061,-0.249776883373539,0,-0.427465657589275
-0.109377984300548,-0.249791284258922,-6.06027652443461e-13,-0.42769592139751,-0.249800181653956,0,-0.427601569565428
-0.062956533206199,-0.249803247530862,-4.90854153570063e-12,-0.427821115508681,-0.249819601084577,0,-0.427721049749755
-0.0285243895218556,-0.249811754710716,-6.53958356739593e-12,-0.427949414793289,-0.249838186147558,0,-0.427841590685735
-0.0186661942235284,-0.249823735258208,-4.33828707895505e-12,-0.428080515436304,-0.249856563347505,0,-0.427967811395262
-0.0411487597489555,-0.249842461651946,1.72166022323848e-13,-0.428205496332124,-0.249873833466316,0,-0.428094041109146
-0.0822037457490924,-0.249865128471701,3.80630814459738e-12,-0.428318589211795,-0.249889096866345,0,-0.428213018803184
-0.1106245605262,-0.24989021034962,4.37606348303968e-12,-0.428445374715831,-0.249905107291581,0,-0.42834700534302
-0.115664937090559,-0.249909759119095,4.21082805281384e-13,-0.428591723182968,-0.249921444501918,0,-0.428495991058169
-0.0825239599800058,-0.249916628802529,-4.34899324525135e-12,-0.428716934923405,-0.24993359601471,0,-0.428617183746924
-0.0387104227823167,-0.249917880479625,-7.17639126288899e-12,-0.428842166311251,-0.249944433817075,0,-0.428735038252574
-0.0194101837713473,-0.249920631632576,-5.71236629426762e-12,-0.428993620992631,-0.249956396919766,0,-0.428879437998152
-0.0263449976157528,-0.249930155821552,-5.81807242933672e-13,-0.429127978968467,-0.249966219528392,0,-0.429013687750362
-0.074378269702531,-0.249945103206847,4.18647172841673e-12,-0.429241579834002,-0.249973902509193,0,-0.429133069492349
-0.111217919660048,-0.249962083344007,5.96610660365208e-12,-0.429355860691785,-0.249980746991136,0,-0.429255375729506
-0.122284747131593,-0.249973869252167,3.64948248643069e-12,-0.429472717559606,-0.249986524286591,0,-0.429377031231675
-0.0977763887458699,-0.249976900341187,-9.74027187011673e-13,-0.429595615690929,-0.249991273721917,0,-0.429498689295281
-0.0577569566333332,-0.249972862049724,-4.71480423417434e-12,-0.429716820950151,-0.249994828083905,0,-0.429614060052836
-0.0296328808015725,-0.249966314857333,-5.4645734189703e-12,-0.429852902708411,-0.249997704662476,0,-0.429742890262296
-0.024304929460525,-0.249963542167545,-2.51474610123046e-12,-0.429982024079935,-0.249999400756787,0,-0.429868629592922
-0.0529451910082997,-0.249967370145442,2.22182836918605e-12,-0.430110756744436,-0.25,0,-0.43
